timestamp_utc,country,target,temperature_2m_p1,relative_humidity_2m_p1,shortwave_radiation_p1,wind_speed_100m_ms_p1,wind_dir_sin_p1,wind_dir_cos_p1,temperature_2m_p2,relative_humidity_2m_p2,shortwave_radiation_p2,wind_speed_100m_ms_p2,wind_dir_sin_p2,wind_dir_cos_p2,temperature_2m_p3,relative_humidity_2m_p3,shortwave_radiation_p3,wind_speed_100m_ms_p3,wind_dir_sin_p3,wind_dir_cos_p3,temperature_2m_p4,relative_humidity_2m_p4,shortwave_radiation_p4,wind_speed_100m_ms_p4,wind_dir_sin_p4,wind_dir_cos_p4,deg_proxy,source,updated_at_utc
2026-04-20 00:00:00+00:00,FR,load,9.1,75,0.0,7.16,0.4999999999999999,0.8660254037844387,8.2,75,0.0,4.59,0.1908089953765448,0.981627183447664,14.6,81,0.0,1.59,0.6819983600624986,-0.7313537016191705,4.1,96,0.0,6.3,0.4383711467890774,0.898794046299167,9.0,open-meteo,2026-08-10T08:05:42+00:00
2026-04-20 01:00:00+00:00,FR,load,8.2,80,0.0,7.67,0.4694715627858908,0.882947592858927,7.8,73,0.0,4.71,0.2079116908177593,0.9781476007338056,14.1,82,0.0,1.45,0.4694715627858907,-0.882947592858927,4.5,95,0.0,6.7,0.4539904997395468,0.8910065241883679,9.35,open-meteo,2026-08-10T08:05:42+00:00
2026-04-20 02:00:00+00:00,FR,load,7.5,84,0.0,7.32,0.4694715627858908,0.882947592858927,7.2,74,0.0,4.74,0.3090169943749474,0.9510565162951536,13.4,85,0.0,1.18,0.4067366430758004,-0.9135454576426008,2.8,97,0.0,6.6,0.6018150231520483,0.7986355100472928,10.275,open-meteo,2026-08-10T08:05:42+00:00
2026-04-20 03:00:00+00:00,FR,load,6.9,89,0.0,7.23,0.4539904997395468,0.8910065241883679,6.9,75,0.0,5.22,0.3907311284892737,0.9205048534524404,13.8,85,0.0,0.4,0.2419218955996677,0.9702957262759964,4.9,94,0.0,6.8,0.6293203910498374,0.7771459614569709,9.875,open-meteo,2026-08-10T08:05:42+00:00
2026-04-20 04:00:00+00:00,FR,load,6.6,90,0.0,7.23,0.4694715627858908,0.882947592858927,6.5,77,0.0,5.02,0.2923717047227367,0.9563047559630354,13.3,88,0.0,0.79,0.4999999999999999,0.8660254037844387,6.3,94,0.0,6.0,0.5446390350150271,0.838670567945424,9.825,open-meteo,2026-08-10T08:05:42+00:00
2026-04-20 05:00:00+00:00,FR,load,6.0,92,0.0,7.24,0.3907311284892737,0.9205048534524404,6.1,78,1.0,5.05,0.3090169943749474,0.9510565162951536,12.1,92,0.0,0.69,0.9902680687415704,0.1391731009600654,3.9,95,1.0,7.3,0.6018150231520483,0.7986355100472928,10.975,open-meteo,2026-08-10T08:05:42+00:00
2026-04-20 06:00:00+00:00,FR,load,6.5,88,50.0,7.1,0.4067366430758002,0.9135454576426008,7.1,74,69.0,5.48,0.1736481776669303,0.984807753012208,10.9,97,34.0,0.77,0.6427876096865395,-0.7660444431189779,5.1,93,47.0,8.0,0.6560590289905073,0.754709580222772,10.6,open-meteo,2026-08-10T08:05:42+00:00
2026-04-20 07:00:00+00:00,FR,load,7.3,82,206.0,5.52,0.3420201433256687,0.9396926207859084,8.4,73,236.0,5.59,0.0348994967025009,0.9993908270190958,12.9,94,158.0,1.28,0.0697564737441255,-0.9975640502598242,8.3,79,182.0,5.8,0.6946583704589973,0.7193398003386512,8.774999999999999,open-meteo,2026-08-10T08:05:42+00:00
2026-04-20 08:00:00+00:00,FR,load,8.8,73,391.0,5.97,0.3907311284892737,0.9205048534524404,9.7,73,408.0,5.23,-0.1045284632676534,0.9945218953682732,16.6,82,287.0,2.26,-0.5591929034707467,-0.8290375725550418,7.6,85,395.0,4.6,0.5591929034707469,0.8290375725550417,7.324999999999999,open-meteo,2026-08-10T08:05:42+00:00
2026-04-20 09:00:00+00:00,FR,load,11.4,61,534.0,6.58,0.5446390350150271,0.838670567945424,11.9,67,598.0,5.29,-0.0348994967025008,0.9993908270190958,17.3,77,388.0,1.96,-0.6018150231520484,-0.7986355100472928,9.7,70,359.0,4.5,0.5299192642332049,0.848048096156426,5.425000000000001,open-meteo,2026-08-10T08:05:42+00:00
2026-04-20 10:00:00+00:00,FR,load,12.8,54,669.0,6.06,0.6293203910498374,0.7771459614569709,13.9,61,718.0,5.2,-0.0348994967025008,0.9993908270190958,18.3,73,304.0,2.39,-0.945518575599317,0.3255681544571563,11.1,59,668.0,4.9,0.3090169943749474,0.9510565162951536,3.975,open-meteo,2026-08-10T08:05:42+00:00
2026-04-20 11:00:00+00:00,FR,load,13.9,50,745.0,6.14,0.6293203910498374,0.7771459614569709,15.5,50,809.0,5.49,-0.0348994967025008,0.9993908270190958,20.0,70,373.0,0.93,0.3090169943749475,-0.9510565162951536,11.0,62,774.0,4.8,0.2419218955996677,0.9702957262759964,2.9000000000000004,open-meteo,2026-08-10T08:05:42+00:00
2026-04-20 12:00:00+00:00,FR,load,14.4,45,757.0,5.59,0.6156614753256583,0.7880107536067219,16.4,42,863.0,5.88,0.0348994967025009,0.9993908270190958,21.0,69,554.0,1.25,0.6293203910498374,-0.7771459614569709,11.6,57,771.0,5.0,0.1218693434051474,0.992546151641322,2.1500000000000004,open-meteo,2026-08-10T08:05:42+00:00
2026-04-20 13:00:00+00:00,FR,load,15.0,44,759.0,5.57,0.5591929034707469,0.8290375725550417,17.1,40,800.0,5.69,0.1908089953765448,0.981627183447664,21.5,62,738.0,0.59,1.0,6.123233995736766e-17,12.4,53,732.0,5.0,0.2756373558169991,0.9612616959383188,1.5,open-meteo,2026-08-10T08:05:42+00:00
2026-04-20 14:00:00+00:00,FR,load,15.3,41,742.0,6.06,0.5591929034707469,0.8290375725550417,17.5,37,726.0,5.88,0.1908089953765448,0.981627183447664,22.4,57,775.0,1.28,0.848048096156426,0.5299192642332049,12.1,54,618.0,5.0,0.0697564737441253,0.9975640502598242,1.1750000000000007,open-meteo,2026-08-10T08:05:42+00:00
2026-04-20 15:00:00+00:00,FR,load,15.3,39,644.0,6.17,0.6819983600624985,0.7313537016191705,17.3,36,625.0,5.88,0.1908089953765448,0.981627183447664,23.1,55,674.0,1.04,0.6560590289905073,0.754709580222772,11.9,59,614.0,5.4,-0.0523359562429443,0.9986295347545738,1.099999999999998,open-meteo,2026-08-10T08:05:42+00:00
2026-04-20 16:00:00+00:00,FR,load,14.8,40,501.0,6.45,0.6691306063588582,0.7431448254773942,16.7,37,494.0,6.66,0.2923717047227367,0.9563047559630354,23.1,55,519.0,0.9,0.754709580222772,0.6560590289905073,11.7,60,397.0,5.8,0.1218693434051474,0.992546151641322,1.4250000000000007,open-meteo,2026-08-10T08:05:42+00:00
2026-04-20 17:00:00+00:00,FR,load,14.1,40,276.0,7.24,0.6427876096865393,0.766044443118978,15.9,38,307.0,6.82,0.2756373558169991,0.9612616959383188,22.7,56,332.0,0.4,0.2419218955996677,-0.9702957262759964,11.0,67,309.0,6.4,0.0697564737441253,0.9975640502598242,2.075,open-meteo,2026-08-10T08:05:42+00:00
2026-04-20 18:00:00+00:00,FR,load,13.1,45,122.0,7.64,0.5877852522924731,0.8090169943749475,14.2,45,120.0,7.65,0.224951054343865,0.9743700647852352,21.5,62,132.0,1.18,0.7431448254773942,-0.6691306063588582,10.0,69,153.0,7.3,0.0697564737441253,0.9975640502598242,3.3000000000000007,open-meteo,2026-08-10T08:05:42+00:00
2026-04-20 19:00:00+00:00,FR,load,12.0,44,19.0,7.84,0.6560590289905073,0.754709580222772,12.1,53,8.0,6.96,0.1736481776669303,0.984807753012208,19.9,65,16.0,0.71,0.5591929034707469,-0.8290375725550416,8.3,75,28.0,6.4,0.0348994967025009,0.9993908270190958,4.925000000000001,open-meteo,2026-08-10T08:05:42+00:00
2026-04-20 20:00:00+00:00,FR,load,11.2,46,0.0,7.9,0.6946583704589973,0.7193398003386512,10.2,64,0.0,6.32,0.1218693434051474,0.992546151641322,18.3,69,0.0,1.67,-0.7660444431189779,-0.6427876096865395,7.1,83,0.0,5.9,0.0697564737441253,0.9975640502598242,6.299999999999999,open-meteo,2026-08-10T08:05:42+00:00
2026-04-20 21:00:00+00:00,FR,load,10.5,54,0.0,8.34,0.6427876096865393,0.766044443118978,9.4,73,0.0,4.41,-0.0523359562429443,0.9986295347545738,17.2,73,0.0,0.79,0.1218693434051475,-0.992546151641322,5.6,88,0.0,6.9,0.1218693434051474,0.992546151641322,7.325000000000001,open-meteo,2026-08-10T08:05:42+00:00
2026-04-20 22:00:00+00:00,FR,load,9.4,58,0.0,8.27,0.6560590289905073,0.754709580222772,9.0,74,0.0,4.52,-0.0871557427476583,0.9961946980917455,16.1,78,0.0,1.01,0.4848096202463371,-0.8746197071393957,4.1,91,0.0,5.9,0.4383711467890774,0.898794046299167,8.35,open-meteo,2026-08-10T08:05:42+00:00
2026-04-20 23:00:00+00:00,FR,load,8.4,67,0.0,8.11,0.6018150231520483,0.7986355100472928,8.4,75,0.0,4.44,0.1045284632676534,0.9945218953682732,14.9,83,0.0,1.46,0.7431448254773942,-0.6691306063588582,3.6,93,0.0,7.6,0.4999999999999999,0.8660254037844387,9.175,open-meteo,2026-08-10T08:05:42+00:00
2026-04-21 00:00:00+00:00,FR,load,7.8,72,0.0,7.8,0.6293203910498374,0.7771459614569709,7.4,80,0.0,4.74,0.1218693434051474,0.992546151641322,13.7,84,0.0,2.61,0.8290375725550417,-0.5591929034707467,4.0,93,0.0,7.4,0.7771459614569709,0.6293203910498374,9.775,open-meteo,2026-08-10T08:05:42+00:00
2026-04-21 01:00:00+00:00,FR,load,7.0,79,0.0,7.51,0.6427876096865393,0.766044443118978,6.9,81,0.0,4.81,0.0697564737441253,0.9975640502598242,13.4,84,0.0,2.77,0.7071067811865476,-0.7071067811865475,4.0,92,0.0,8.0,0.8290375725550417,0.5591929034707468,10.175,open-meteo,2026-08-10T08:05:42+00:00
2026-04-21 02:00:00+00:00,FR,load,6.4,82,0.0,7.64,0.5877852522924731,0.8090169943749475,6.5,82,0.0,6.12,0.1218693434051474,0.992546151641322,12.9,85,0.0,3.12,0.6560590289905073,-0.754709580222772,3.5,94,0.0,7.4,0.8191520442889918,0.573576436351046,10.675,open-meteo,2026-08-10T08:05:42+00:00
2026-04-21 03:00:00+00:00,FR,load,6.0,82,0.0,7.23,0.6560590289905073,0.754709580222772,6.4,83,0.0,5.69,0.1908089953765448,0.981627183447664,12.2,92,0.0,4.3,0.6560590289905073,-0.754709580222772,2.8,96,0.0,6.8,0.788010753606722,0.6156614753256583,11.15,open-meteo,2026-08-10T08:05:42+00:00
2026-04-21 04:00:00+00:00,FR,load,5.6,84,0.0,7.14,0.6691306063588582,0.7431448254773942,5.9,85,0.0,5.71,0.1045284632676534,0.9945218953682732,12.4,89,0.0,6.82,0.529919264233205,-0.848048096156426,2.2,95,0.0,7.5,0.8910065241883679,0.4539904997395468,11.475,open-meteo,2026-08-10T08:05:42+00:00
2026-04-21 05:00:00+00:00,FR,load,5.1,85,0.0,7.55,0.6819983600624985,0.7313537016191705,5.4,88,1.0,5.15,0.1564344650402308,0.9876883405951378,12.6,87,0.0,7.53,0.5735764363510459,-0.8191520442889919,1.9,96,2.0,6.8,0.7193398003386511,0.6946583704589973,11.75,open-meteo,2026-08-10T08:05:42+00:00
2026-04-21 06:00:00+00:00,FR,load,5.8,83,62.0,7.58,0.6427876096865393,0.766044443118978,6.2,84,74.0,6.99,0.1045284632676534,0.9945218953682732,13.0,80,38.0,8.19,0.6691306063588585,-0.743144825477394,4.1,92,69.0,4.2,0.9702957262759964,0.2419218955996676,10.725,open-meteo,2026-08-10T08:05:42+00:00
2026-04-21 07:00:00+00:00,FR,load,7.3,74,224.0,5.62,0.6560590289905073,0.754709580222772,7.7,79,244.0,6.06,0.2419218955996677,0.9702957262759964,14.8,74,182.0,7.9,0.6819983600624986,-0.7313537016191705,6.9,88,115.0,4.1,0.4999999999999999,0.8660254037844387,8.825,open-meteo,2026-08-10T08:05:42+00:00
2026-04-21 08:00:00+00:00,FR,load,9.1,65,405.0,5.42,0.6560590289905073,0.754709580222772,9.5,73,433.0,5.4,0.0523359562429438,0.9986295347545738,16.8,69,321.0,6.65,0.6946583704589971,-0.7193398003386513,8.2,83,94.0,5.5,0.788010753606722,0.6156614753256583,7.099999999999998,open-meteo,2026-08-10T08:05:42+00:00
2026-04-21 09:00:00+00:00,FR,load,12.0,46,571.0,6.35,0.788010753606722,0.6156614753256583,11.9,63,607.0,5.59,-0.0348994967025008,0.9993908270190958,19.2,62,560.0,5.14,0.8571673007021123,-0.5150380749100543,9.1,78,111.0,5.0,0.8660254037844386,0.5000000000000001,4.950000000000001,open-meteo,2026-08-10T08:05:42+00:00
2026-04-21 10:00:00+00:00,FR,load,13.5,35,713.0,7.6,0.8660254037844386,0.5000000000000001,13.6,59,744.0,5.1,0.0174524064372835,0.9998476951563912,21.3,55,711.0,5.02,0.9563047559630355,-0.2923717047227366,10.8,68,595.0,7.6,0.8571673007021123,0.5150380749100542,3.2,open-meteo,2026-08-10T08:05:42+00:00
2026-04-21 11:00:00+00:00,FR,load,14.4,32,807.0,8.47,0.8660254037844386,0.5000000000000001,15.1,55,835.0,5.0,-0.0348994967025008,0.9993908270190958,23.1,50,815.0,4.91,0.9986295347545738,-0.0523359562429438,10.9,69,617.0,6.6,0.848048096156426,0.5299192642332049,2.125,open-meteo,2026-08-10T08:05:42+00:00
2026-04-21 12:00:00+00:00,FR,load,15.0,34,849.0,8.28,0.8987940462991669,0.4383711467890774,16.3,51,873.0,5.42,-0.1045284632676534,0.9945218953682732,24.4,47,866.0,5.1,0.9986295347545738,0.0523359562429439,13.0,60,755.0,7.0,0.9335804264972016,0.3583679495453004,0.8249999999999993,open-meteo,2026-08-10T08:05:42+00:00
2026-04-21 13:00:00+00:00,FR,load,15.6,34,838.0,8.85,0.8829475928589269,0.4694715627858908,17.2,52,851.0,6.38,-0.0523359562429443,0.9986295347545738,25.3,47,858.0,5.2,0.9993908270190958,0.034899496702501,14.0,53,795.0,7.0,0.8987940462991669,0.4383711467890774,0.0249999999999985,open-meteo,2026-08-10T08:05:42+00:00
2026-04-21 14:00:00+00:00,FR,load,15.9,34,726.0,7.9,0.8660254037844386,0.5000000000000001,17.6,43,776.0,7.28,0.0871557427476581,0.9961946980917455,25.9,45,794.0,5.1,0.9986295347545738,-0.0523359562429438,14.4,49,727.0,7.4,0.8910065241883679,0.4539904997395468,0.4499999999999993,open-meteo,2026-08-10T08:05:42+00:00
2026-04-21 15:00:00+00:00,FR,load,14.2,45,592.0,9.95,0.848048096156426,0.5299192642332049,17.4,39,655.0,7.23,0.1564344650402308,0.9876883405951378,26.0,42,681.0,5.79,0.8829475928589269,-0.4694715627858909,15.0,39,611.0,7.4,0.9205048534524404,0.3907311284892737,0.1499999999999985,open-meteo,2026-08-10T08:05:42+00:00
2026-04-21 16:00:00+00:00,FR,load,14.3,42,383.0,10.65,0.8910065241883679,0.4539904997395468,16.9,39,493.0,7.38,0.1908089953765448,0.981627183447664,25.1,42,524.0,6.74,0.838670567945424,-0.5446390350150272,14.6,43,500.0,7.4,0.8987940462991669,0.4383711467890774,0.2750000000000021,open-meteo,2026-08-10T08:05:42+00:00
2026-04-21 17:00:00+00:00,FR,load,13.9,43,317.0,11.48,0.9659258262890684,0.2588190451025207,16.1,42,307.0,7.57,0.1736481776669303,0.984807753012208,23.7,44,333.0,7.78,0.8571673007021123,-0.5150380749100543,14.3,43,335.0,7.5,0.8290375725550417,0.5591929034707468,1.0,open-meteo,2026-08-10T08:05:42+00:00
2026-04-21 18:00:00+00:00,FR,load,13.5,44,160.0,10.59,0.981627183447664,0.1908089953765449,14.8,46,122.0,7.58,0.1045284632676534,0.9945218953682732,22.1,46,151.0,8.41,0.8090169943749475,-0.587785252292473,13.4,41,165.0,7.8,0.8660254037844386,0.5000000000000001,2.049999999999999,open-meteo,2026-08-10T08:05:42+00:00
2026-04-21 19:00:00+00:00,FR,load,12.8,46,25.0,9.62,0.9659258262890684,0.2588190451025207,12.5,56,8.0,6.51,0.1218693434051474,0.992546151641322,19.5,54,18.0,9.75,0.777145961456971,-0.6293203910498373,11.3,48,31.0,6.7,0.7193398003386511,0.6946583704589973,3.9750000000000014,open-meteo,2026-08-10T08:05:42+00:00
2026-04-21 20:00:00+00:00,FR,load,12.0,49,0.0,8.95,0.9510565162951536,0.3090169943749474,10.8,62,0.0,6.03,0.1218693434051474,0.992546151641322,18.0,57,0.0,10.77,0.7547095802227721,-0.6560590289905072,9.4,56,0.0,6.5,0.6293203910498374,0.7771459614569709,5.450000000000001,open-meteo,2026-08-10T08:05:42+00:00
2026-04-21 21:00:00+00:00,FR,load,11.3,55,0.0,9.39,0.9205048534524404,0.3907311284892737,10.7,57,0.0,6.2,-0.0871557427476583,0.9961946980917455,16.9,58,0.0,12.21,0.7431448254773942,-0.6691306063588582,7.9,60,0.0,7.7,0.7986355100472928,0.6018150231520483,6.300000000000001,open-meteo,2026-08-10T08:05:42+00:00
2026-04-21 22:00:00+00:00,FR,load,10.8,59,0.0,9.61,0.9396926207859084,0.3420201433256688,9.8,61,0.0,6.41,-0.1045284632676534,0.9945218953682732,16.4,58,0.0,13.2,0.7547095802227721,-0.6560590289905072,7.5,59,0.0,8.6,0.8910065241883679,0.4539904997395468,6.875,open-meteo,2026-08-10T08:05:42+00:00
2026-04-21 23:00:00+00:00,FR,load,10.0,62,0.0,8.99,0.838670567945424,0.5446390350150271,9.0,65,0.0,6.17,0.0174524064372835,0.9998476951563912,16.1,58,0.0,13.23,0.7071067811865476,-0.7071067811865475,6.8,60,0.0,9.3,0.8746197071393957,0.4848096202463371,7.525,open-meteo,2026-08-10T08:05:42+00:00
2026-04-22 00:00:00+00:00,FR,load,9.6,61,0.0,9.91,0.8829475928589269,0.4694715627858908,7.7,70,0.0,5.45,0.1391731009600654,0.9902680687415704,16.2,55,0.0,13.24,0.777145961456971,-0.6293203910498373,6.9,52,0.0,9.1,0.8910065241883679,0.4539904997395468,7.9,open-meteo,2026-08-10T08:05:42+00:00
2026-04-22 01:00:00+00:00,FR,load,8.9,63,0.0,9.8,0.8571673007021123,0.5150380749100542,7.3,73,0.0,5.32,0.1045284632676534,0.9945218953682732,16.0,55,0.0,14.19,0.766044443118978,-0.6427876096865394,6.7,59,0.0,9.5,0.9135454576426008,0.4067366430758002,8.274999999999999,open-meteo,2026-08-10T08:05:42+00:00
2026-04-22 02:00:00+00:00,FR,load,8.4,63,0.0,10.18,0.9135454576426008,0.4067366430758002,7.0,71,0.0,6.14,0.3420201433256687,0.9396926207859084,15.7,55,0.0,14.07,0.7313537016191706,-0.6819983600624984,6.0,64,0.0,8.9,0.9271838545667874,0.3746065934159119,8.725,open-meteo,2026-08-10T08:05:42+00:00
2026-04-22 03:00:00+00:00,FR,load,8.3,65,0.0,10.23,0.9396926207859084,0.3420201433256688,6.7,71,0.0,5.96,0.4226182617406994,0.90630778703665,15.6,57,0.0,10.45,0.8660254037844387,-0.4999999999999998,5.4,62,0.0,8.8,0.9271838545667874,0.3746065934159119,9.0,open-meteo,2026-08-10T08:05:42+00:00
2026-04-22 04:00:00+00:00,FR,load,7.9,66,0.0,10.11,0.9612616959383188,0.2756373558169991,6.3,74,0.0,4.72,-0.0871557427476583,0.9961946980917455,15.0,55,0.0,8.92,0.9781476007338056,-0.2079116908177593,5.1,66,0.0,8.7,0.9510565162951536,0.3090169943749474,9.425,open-meteo,2026-08-10T08:05:42+00:00
2026-04-22 05:00:00+00:00,FR,load,7.3,66,0.0,9.8,0.9612616959383188,0.2756373558169991,6.0,76,1.0,5.0,0.0174524064372835,0.9998476951563912,14.6,54,0.0,9.51,0.90630778703665,-0.4226182617406993,4.5,70,3.0,8.6,0.9455185755993168,0.3255681544571567,9.9,open-meteo,2026-08-10T08:05:42+00:00
2026-04-22 06:00:00+00:00,FR,load,7.7,63,67.0,9.34,0.9659258262890684,0.2588190451025207,6.6,79,64.0,4.42,0.224951054343865,0.9743700647852352,14.8,55,41.0,11.16,0.8571673007021123,-0.5150380749100543,5.2,67,86.0,8.1,0.9563047559630354,0.2923717047227367,9.425,open-meteo,2026-08-10T08:05:42+00:00
2026-04-22 07:00:00+00:00,FR,load,8.6,60,230.0,8.9,0.9335804264972016,0.3583679495453004,7.6,77,153.0,4.02,-0.0523359562429443,0.9986295347545738,15.4,55,153.0,11.99,0.8090169943749475,-0.587785252292473,7.7,63,246.0,6.5,0.9659258262890684,0.2588190451025207,8.174999999999999,open-meteo,2026-08-10T08:05:42+00:00
2026-04-22 08:00:00+00:00,FR,load,10.2,55,410.0,9.08,0.9396926207859084,0.3420201433256688,9.5,73,332.0,4.19,0.1908089953765448,0.981627183447664,16.6,50,325.0,12.9,0.777145961456971,-0.6293203910498373,9.9,56,417.0,6.6,0.9945218953682732,0.1045284632676534,6.450000000000001,open-meteo,2026-08-10T08:05:42+00:00
2026-04-22 09:00:00+00:00,FR,load,12.9,48,578.0,8.8,0.9455185755993168,0.3255681544571567,11.7,64,403.0,3.92,0.0523359562429438,0.9986295347545738,18.2,44,556.0,12.59,0.766044443118978,-0.6427876096865394,12.0,52,577.0,6.6,0.984807753012208,0.1736481776669304,4.300000000000001,open-meteo,2026-08-10T08:05:42+00:00
2026-04-22 10:00:00+00:00,FR,load,15.3,35,716.0,10.18,0.9902680687415704,0.1391731009600654,13.3,60,512.0,2.64,0.374606593415912,0.9271838545667874,19.6,50,715.0,12.66,0.7986355100472927,-0.6018150231520484,13.5,42,703.0,7.9,0.9961946980917455,0.0871557427476581,2.575,open-meteo,2026-08-10T08:05:42+00:00
2026-04-22 11:00:00+00:00,FR,load,16.4,30,810.0,10.99,0.9902680687415704,0.1391731009600654,14.7,57,646.0,0.81,-0.9702957262759966,0.2419218955996674,20.9,56,816.0,12.26,0.838670567945424,-0.5446390350150272,14.5,35,793.0,8.6,0.992546151641322,0.1218693434051474,1.375,open-meteo,2026-08-10T08:05:42+00:00
2026-04-22 12:00:00+00:00,FR,load,17.3,28,851.0,9.43,0.9975640502598242,0.0697564737441252,13.8,66,663.0,3.05,-0.6691306063588582,-0.7431448254773942,21.2,56,849.0,12.25,0.7986355100472927,-0.6018150231520484,15.4,36,835.0,7.9,0.9945218953682732,0.1045284632676534,1.0749999999999993,open-meteo,2026-08-10T08:05:42+00:00
2026-04-22 13:00:00+00:00,FR,load,17.7,33,845.0,9.58,0.9702957262759964,0.2419218955996676,15.6,53,757.0,3.84,-0.1045284632676535,-0.9945218953682732,21.8,57,840.0,10.97,0.7986355100472927,-0.6018150231520484,16.2,32,822.0,8.2,0.9876883405951378,0.1564344650402309,0.1750000000000007,open-meteo,2026-08-10T08:05:42+00:00
2026-04-22 14:00:00+00:00,FR,load,18.5,29,781.0,9.71,0.9876883405951378,0.1564344650402309,15.9,55,764.0,5.1,-0.0523359562429435,-0.9986295347545738,21.5,58,756.0,11.24,0.7547095802227721,-0.6560590289905072,16.3,34,761.0,8.3,0.9945218953682732,0.1045284632676534,0.0500000000000007,open-meteo,2026-08-10T08:05:42+00:00
2026-04-22 15:00:00+00:00,FR,load,19.1,32,672.0,9.03,0.9743700647852352,0.2249510543438649,16.0,54,584.0,3.47,-0.275637355816999,-0.9612616959383188,21.4,57,634.0,11.14,0.777145961456971,-0.6293203910498373,16.5,32,649.0,8.6,0.9781476007338056,0.2079116908177594,0.25,open-meteo,2026-08-10T08:05:42+00:00
2026-04-22 16:00:00+00:00,FR,load,19.0,27,503.0,9.26,0.9945218953682732,0.1045284632676534,15.0,68,296.0,4.02,-0.0174524064372836,-0.9998476951563912,20.5,57,449.0,10.56,0.766044443118978,-0.6427876096865394,16.8,31,507.0,7.3,0.9563047559630354,0.2923717047227367,0.1750000000000007,open-meteo,2026-08-10T08:05:42+00:00
2026-04-22 17:00:00+00:00,FR,load,18.4,31,334.0,9.74,0.984807753012208,0.1736481776669304,14.5,72,181.0,4.09,-0.3583679495453004,-0.9335804264972016,19.2,62,266.0,10.54,0.7313537016191706,-0.6819983600624984,16.3,35,342.0,7.1,0.9135454576426008,0.4067366430758002,0.9000000000000021,open-meteo,2026-08-10T08:05:42+00:00
2026-04-22 18:00:00+00:00,FR,load,16.9,31,172.0,9.5,0.9902680687415704,0.1391731009600654,13.3,75,70.0,4.12,-0.3090169943749473,-0.9510565162951536,17.4,69,133.0,11.46,0.6560590289905073,-0.754709580222772,15.2,41,171.0,6.7,0.9335804264972016,0.3583679495453004,2.3000000000000007,open-meteo,2026-08-10T08:05:42+00:00
2026-04-22 19:00:00+00:00,FR,load,15.7,34,29.0,9.82,0.9781476007338056,0.2079116908177594,11.9,88,6.0,3.37,0.1391731009600653,-0.9902680687415704,16.1,75,11.0,9.53,0.6427876096865395,-0.7660444431189779,12.7,44,34.0,6.3,0.9205048534524404,0.3907311284892737,3.899999999999999,open-meteo,2026-08-10T08:05:42+00:00
2026-04-22 20:00:00+00:00,FR,load,14.8,37,0.0,9.11,0.9455185755993168,0.3255681544571567,10.7,94,0.0,3.4,0.2079116908177593,-0.9781476007338056,15.3,79,0.0,9.78,0.6156614753256584,-0.7880107536067219,10.6,56,0.0,6.0,0.754709580222772,0.6560590289905073,5.15,open-meteo,2026-08-10T08:05:42+00:00
2026-04-22 21:00:00+00:00,FR,load,13.2,46,0.0,9.18,0.9612616959383188,0.2756373558169991,9.8,95,0.0,3.21,0.2079116908177593,-0.9781476007338056,14.5,86,0.0,10.56,0.6427876096865395,-0.7660444431189779,10.4,48,0.0,8.7,0.8910065241883679,0.4539904997395468,6.025,open-meteo,2026-08-10T08:05:42+00:00
2026-04-22 22:00:00+00:00,FR,load,12.3,48,0.0,9.09,0.981627183447664,0.1908089953765449,9.5,96,0.0,3.24,0.0523359562429438,-0.9986295347545738,14.1,90,0.0,9.91,0.6819983600624986,-0.7313537016191705,8.6,59,0.0,9.0,0.9510565162951536,0.3090169943749474,6.875,open-meteo,2026-08-10T08:05:42+00:00
2026-04-22 23:00:00+00:00,FR,load,11.7,48,0.0,9.44,0.9743700647852352,0.2249510543438649,9.4,96,0.0,2.57,0.3090169943749475,-0.9510565162951536,13.9,91,0.0,9.85,0.7313537016191706,-0.6819983600624984,8.1,61,0.0,10.4,0.9563047559630354,0.2923717047227367,7.225,open-meteo,2026-08-10T08:05:42+00:00
2026-04-23 00:00:00+00:00,FR,load,11.1,45,0.0,9.05,0.9961946980917455,0.0871557427476581,9.4,97,0.0,2.95,0.3583679495453002,-0.9335804264972016,13.8,91,0.0,10.2,0.7431448254773942,-0.6691306063588582,7.1,64,0.0,9.7,0.9135454576426008,0.4067366430758002,7.65,open-meteo,2026-08-10T08:05:42+00:00
2026-04-23 01:00:00+00:00,FR,load,10.4,48,0.0,7.87,0.9961946980917455,0.0871557427476581,9.6,97,0.0,2.56,0.1218693434051475,-0.992546151641322,13.7,90,0.0,10.45,0.777145961456971,-0.6293203910498373,6.8,67,0.0,9.2,0.9876883405951378,0.1564344650402309,7.875,open-meteo,2026-08-10T08:05:42+00:00
2026-04-23 02:00:00+00:00,FR,load,9.9,50,0.0,8.17,0.984807753012208,0.1736481776669304,9.9,98,0.0,1.89,0.3583679495453002,-0.9335804264972016,13.5,90,0.0,10.76,0.8191520442889917,-0.5735764363510462,6.4,72,0.0,9.1,0.9612616959383188,0.2756373558169991,8.075000000000001,open-meteo,2026-08-10T08:05:42+00:00
2026-04-23 03:00:00+00:00,FR,load,9.5,49,0.0,8.07,0.9945218953682732,0.1045284632676534,11.2,98,0.0,3.25,0.0871557427476582,-0.9961946980917455,13.7,89,0.0,10.71,0.8660254037844387,-0.4999999999999998,6.0,79,0.0,8.9,0.9563047559630354,0.2923717047227367,7.9,open-meteo,2026-08-10T08:05:42+00:00
2026-04-23 04:00:00+00:00,FR,load,8.8,51,0.0,8.03,0.9743700647852352,0.2249510543438649,11.0,97,0.0,2.79,0.3090169943749475,-0.9510565162951536,13.5,85,0.0,11.57,0.8829475928589269,-0.4694715627858909,5.2,80,0.0,8.9,0.9702957262759964,0.2419218955996676,8.375,open-meteo,2026-08-10T08:05:42+00:00
2026-04-23 05:00:00+00:00,FR,load,8.3,53,1.0,7.72,0.9902680687415704,0.1391731009600654,9.7,97,1.0,1.87,0.1045284632676537,-0.9945218953682732,13.3,82,0.0,11.83,0.8910065241883679,-0.4539904997395467,4.7,79,3.0,8.9,0.9702957262759964,0.2419218955996676,9.0,open-meteo,2026-08-10T08:05:42+00:00
2026-04-23 06:00:00+00:00,FR,load,9.0,54,71.0,7.28,0.981627183447664,0.1908089953765449,10.5,97,77.0,1.37,1.2246467991473532e-16,-1.0,13.5,74,46.0,13.23,0.8910065241883679,-0.4539904997395467,6.3,74,91.0,7.3,0.9781476007338056,0.2079116908177594,8.175,open-meteo,2026-08-10T08:05:42+00:00
2026-04-23 07:00:00+00:00,FR,load,10.3,52,235.0,6.82,0.9781476007338056,0.2079116908177594,12.1,89,204.0,0.79,0.4999999999999999,-0.8660254037844387,14.7,71,204.0,14.2,0.8987940462991669,-0.4383711467890775,8.8,69,249.0,5.2,0.9563047559630354,0.2923717047227367,6.525000000000002,open-meteo,2026-08-10T08:05:42+00:00
2026-04-23 08:00:00+00:00,FR,load,12.1,49,417.0,6.11,0.9271838545667874,0.3746065934159119,13.3,81,305.0,2.48,-0.1564344650402307,-0.9876883405951378,15.9,70,393.0,15.77,0.8987940462991669,-0.4383711467890775,11.3,59,418.0,3.9,0.8910065241883679,0.4539904997395468,4.850000000000001,open-meteo,2026-08-10T08:05:42+00:00
2026-04-23 09:00:00+00:00,FR,load,15.1,42,585.0,6.63,0.9612616959383188,0.2756373558169991,14.9,73,336.0,2.67,-0.1391731009600655,-0.9902680687415704,17.0,70,558.0,17.35,0.8910065241883679,-0.4539904997395467,13.6,52,576.0,4.3,0.8090169943749475,0.5877852522924731,2.85,open-meteo,2026-08-10T08:05:42+00:00
2026-04-23 10:00:00+00:00,FR,load,17.5,36,723.0,7.25,0.9876883405951378,0.1564344650402309,16.0,68,576.0,3.21,-0.5150380749100542,-0.8571673007021123,17.9,66,692.0,18.16,0.8746197071393959,-0.484809620246337,15.4,49,705.0,5.8,0.8910065241883679,0.4539904997395468,1.3000000000000007,open-meteo,2026-08-10T08:05:42+00:00
2026-04-23 11:00:00+00:00,FR,load,19.3,32,815.0,7.73,0.9781476007338056,0.2079116908177594,17.1,61,753.0,2.55,-0.3907311284892735,-0.9205048534524404,18.8,61,813.0,18.65,0.8480480961564261,-0.5299192642332048,16.7,41,796.0,5.9,0.8290375725550417,0.5591929034707468,0.0249999999999985,open-meteo,2026-08-10T08:05:42+00:00
2026-04-23 12:00:00+00:00,FR,load,20.5,27,860.0,7.63,0.9612616959383188,0.2756373558169991,18.2,54,722.0,2.02,-0.3907311284892735,-0.9205048534524404,19.7,52,870.0,17.91,0.8660254037844387,-0.4999999999999998,17.6,37,834.0,5.6,0.8090169943749475,0.5877852522924731,1.0,open-meteo,2026-08-10T08:05:42+00:00
2026-04-23 13:00:00+00:00,FR,load,21.5,25,851.0,8.03,0.9612616959383188,0.2756373558169991,19.0,49,760.0,1.73,-0.6819983600624984,-0.7313537016191706,20.2,48,863.0,18.06,0.8571673007021123,-0.5150380749100543,18.5,35,824.0,6.4,0.8191520442889918,0.573576436351046,1.8000000000000007,open-meteo,2026-08-10T08:05:42+00:00
2026-04-23 14:00:00+00:00,FR,load,22.0,22,790.0,7.97,0.9612616959383188,0.2756373558169991,19.2,50,629.0,2.86,-0.5150380749100542,-0.8571673007021123,20.1,47,800.0,18.1,0.8571673007021123,-0.5150380749100543,19.0,35,759.0,6.5,0.6691306063588582,0.7431448254773942,2.075000000000003,open-meteo,2026-08-10T08:05:42+00:00
2026-04-23 15:00:00+00:00,FR,load,22.0,26,680.0,7.87,0.9563047559630354,0.2923717047227367,19.7,48,547.0,1.69,-0.984807753012208,-0.1736481776669303,19.6,48,687.0,16.62,0.8746197071393959,-0.484809620246337,18.7,35,655.0,6.4,0.6156614753256583,0.7880107536067219,2.0,open-meteo,2026-08-10T08:05:42+00:00
2026-04-23 16:00:00+00:00,FR,load,21.4,28,527.0,7.87,0.9455185755993168,0.3255681544571567,19.1,47,398.0,2.35,-0.9993908270190958,0.0348994967025012,18.7,42,529.0,15.91,0.8829475928589269,-0.4694715627858909,18.2,34,511.0,6.8,0.6156614753256583,0.7880107536067219,1.3500000000000014,open-meteo,2026-08-10T08:05:42+00:00
2026-04-23 17:00:00+00:00,FR,load,20.6,28,353.0,7.75,0.9510565162951536,0.3090169943749474,18.9,46,291.0,1.43,-0.9612616959383188,0.2756373558169994,17.6,38,348.0,15.21,0.8829475928589269,-0.4694715627858909,16.3,50,345.0,7.6,0.4383711467890774,0.898794046299167,0.3500000000000014,open-meteo,2026-08-10T08:05:42+00:00
2026-04-23 18:00:00+00:00,FR,load,19.7,30,174.0,8.3,0.9455185755993168,0.3255681544571567,17.9,53,120.0,2.55,-0.0697564737441256,0.9975640502598242,16.5,38,159.0,14.28,0.8910065241883679,-0.4539904997395467,14.8,59,176.0,6.6,0.4999999999999999,0.8660254037844387,0.7750000000000021,open-meteo,2026-08-10T08:05:42+00:00
2026-04-23 19:00:00+00:00,FR,load,18.1,33,30.0,8.26,0.9271838545667874,0.3746065934159119,14.9,58,10.0,4.09,0.7193398003386511,0.6946583704589973,15.1,42,21.0,13.74,0.9205048534524404,-0.3907311284892737,12.1,66,37.0,6.9,0.4226182617406994,0.90630778703665,2.95,open-meteo,2026-08-10T08:05:42+00:00
2026-04-23 20:00:00+00:00,FR,load,17.0,33,0.0,8.07,0.9135454576426008,0.4067366430758002,13.7,59,0.0,4.3,0.7313537016191705,0.6819983600624985,14.4,48,0.0,12.96,0.9205048534524404,-0.3907311284892737,10.5,77,0.0,7.8,0.4067366430758002,0.9135454576426008,4.1,open-meteo,2026-08-10T08:05:42+00:00
2026-04-23 21:00:00+00:00,FR,load,15.7,39,0.0,7.64,0.754709580222772,0.6560590289905073,12.8,66,0.0,5.97,0.6560590289905073,0.754709580222772,13.9,56,0.0,12.49,0.8987940462991669,-0.4383711467890775,9.2,83,0.0,7.9,0.5299192642332049,0.848048096156426,5.100000000000001,open-meteo,2026-08-10T08:05:42+00:00
2026-04-23 22:00:00+00:00,FR,load,14.7,44,0.0,8.7,0.8090169943749475,0.5877852522924731,12.5,67,0.0,5.27,0.7313537016191705,0.6819983600624985,13.6,60,0.0,11.74,0.8987940462991669,-0.4383711467890775,7.8,92,0.0,7.5,0.573576436351046,0.8191520442889918,5.850000000000001,open-meteo,2026-08-10T08:05:42+00:00
2026-04-23 23:00:00+00:00,FR,load,13.8,42,0.0,8.39,0.7986355100472928,0.6018150231520483,11.6,71,0.0,3.12,0.7193398003386511,0.6946583704589973,13.3,61,0.0,11.31,0.8829475928589269,-0.4694715627858909,7.0,92,0.0,8.4,0.6946583704589973,0.7193398003386512,6.574999999999999,open-meteo,2026-08-10T08:05:42+00:00
2026-04-24 00:00:00+00:00,FR,load,12.9,42,0.0,7.82,0.788010753606722,0.6156614753256583,9.7,82,0.0,2.02,0.3907311284892737,0.9205048534524404,12.7,58,0.0,11.49,0.8746197071393959,-0.484809620246337,6.3,95,0.0,7.5,0.6819983600624985,0.7313537016191705,7.600000000000001,open-meteo,2026-08-10T08:05:42+00:00
2026-04-24 01:00:00+00:00,FR,load,11.7,45,0.0,7.53,0.7771459614569709,0.6293203910498374,8.9,84,0.0,2.06,-2.4492935982947064e-16,1.0,12.4,58,0.0,11.56,0.8571673007021123,-0.5150380749100543,5.7,97,0.0,7.6,0.7431448254773942,0.6691306063588582,8.325,open-meteo,2026-08-10T08:05:42+00:00
2026-04-24 02:00:00+00:00,FR,load,10.8,49,0.0,7.39,0.7771459614569709,0.6293203910498374,9.3,80,0.0,1.77,0.1045284632676534,0.9945218953682732,12.2,56,0.0,12.09,0.838670567945424,-0.5446390350150272,4.4,97,0.0,7.3,0.8290375725550417,0.5591929034707468,8.825000000000001,open-meteo,2026-08-10T08:05:42+00:00
2026-04-24 03:00:00+00:00,FR,load,10.1,50,0.0,7.21,0.7986355100472928,0.6018150231520483,8.1,84,0.0,1.77,-0.0523359562429443,0.9986295347545738,12.7,53,0.0,12.23,0.8480480961564261,-0.5299192642332048,3.8,97,0.0,7.1,0.848048096156426,0.5299192642332049,9.325,open-meteo,2026-08-10T08:05:42+00:00
2026-04-24 04:00:00+00:00,FR,load,9.7,50,0.0,7.11,0.8660254037844386,0.5000000000000001,8.1,82,0.0,1.29,-0.1564344650402311,0.9876883405951375,12.4,56,0.0,11.9,0.8191520442889917,-0.5735764363510462,3.1,99,0.0,6.7,0.8987940462991669,0.4383711467890774,9.675,open-meteo,2026-08-10T08:05:42+00:00
2026-04-24 05:00:00+00:00,FR,load,9.4,50,1.0,6.97,0.9135454576426008,0.4067366430758002,8.0,81,2.0,1.18,0.4067366430758002,0.9135454576426008,12.1,57,0.0,11.29,0.777145961456971,-0.6293203910498373,2.3,99,4.0,7.9,0.9135454576426008,0.4067366430758002,10.05,open-meteo,2026-08-10T08:05:42+00:00
2026-04-24 06:00:00+00:00,FR,load,10.0,53,74.0,5.57,0.8829475928589269,0.4694715627858908,8.9,78,87.0,1.15,0.3420201433256687,0.9396926207859084,12.6,58,49.0,11.45,0.788010753606722,-0.6156614753256583,4.2,96,96.0,6.9,0.8660254037844386,0.5000000000000001,9.075,open-meteo,2026-08-10T08:05:42+00:00
2026-04-24 07:00:00+00:00,FR,load,10.9,53,238.0,4.62,0.8090169943749475,0.5877852522924731,11.4,75,260.0,1.15,0.3420201433256687,0.9396926207859084,13.6,60,209.0,10.96,0.788010753606722,-0.6156614753256583,6.1,97,254.0,4.1,0.6819983600624985,0.7313537016191705,7.5,open-meteo,2026-08-10T08:05:42+00:00
2026-04-24 08:00:00+00:00,FR,load,12.6,47,420.0,3.88,0.6819983600624985,0.7313537016191705,13.8,72,446.0,1.53,-0.4539904997395469,0.8910065241883678,15.4,56,397.0,11.37,0.788010753606722,-0.6156614753256583,8.8,80,245.0,3.9,0.6946583704589973,0.7193398003386512,5.350000000000001,open-meteo,2026-08-10T08:05:42+00:00
2026-04-24 09:00:00+00:00,FR,load,15.4,40,589.0,3.74,0.7313537016191705,0.6819983600624985,15.9,61,617.0,1.86,-0.0523359562429443,0.9986295347545738,17.5,53,575.0,11.64,0.777145961456971,-0.6293203910498373,10.6,63,582.0,2.8,0.7071067811865475,0.7071067811865476,3.1500000000000004,open-meteo,2026-08-10T08:05:42+00:00
2026-04-24 10:00:00+00:00,FR,load,17.4,36,729.0,3.74,0.6819983600624985,0.7313537016191705,17.7,55,755.0,1.4,-0.2079116908177598,0.9781476007338056,19.1,50,721.0,10.59,0.777145961456971,-0.6293203910498373,13.1,56,723.0,3.5,0.6560590289905073,0.754709580222772,1.1750000000000007,open-meteo,2026-08-10T08:05:42+00:00
2026-04-24 11:00:00+00:00,FR,load,19.2,34,822.0,4.5,0.6946583704589973,0.7193398003386512,19.3,52,848.0,0.69,-0.7071067811865477,0.7071067811865474,20.5,48,814.0,10.41,0.7547095802227721,-0.6560590289905072,15.2,46,802.0,3.8,0.4539904997395468,0.8910065241883679,0.5500000000000007,open-meteo,2026-08-10T08:05:42+00:00
2026-04-24 12:00:00+00:00,FR,load,20.7,27,865.0,4.9,0.7986355100472928,0.6018150231520483,21.1,46,886.0,1.12,-0.6156614753256582,-0.788010753606722,21.4,41,874.0,10.36,0.766044443118978,-0.6427876096865394,16.6,43,836.0,3.5,0.5446390350150271,0.838670567945424,1.9499999999999995,open-meteo,2026-08-10T08:05:42+00:00
2026-04-24 13:00:00+00:00,FR,load,21.7,23,858.0,5.25,0.838670567945424,0.5446390350150271,22.2,41,868.0,2.02,-0.4848096202463369,-0.8746197071393959,22.0,35,869.0,10.21,0.7986355100472927,-0.6018150231520484,18.0,39,810.0,4.8,0.4694715627858908,0.882947592858927,2.9750000000000014,open-meteo,2026-08-10T08:05:42+00:00
2026-04-24 14:00:00+00:00,FR,load,22.3,20,798.0,5.9,0.848048096156426,0.5299192642332049,22.6,35,795.0,2.99,-0.5299192642332048,-0.8480480961564261,22.2,32,808.0,9.52,0.7986355100472927,-0.6018150231520484,18.4,41,755.0,4.7,0.3420201433256687,0.9396926207859084,3.375,open-meteo,2026-08-10T08:05:42+00:00
2026-04-24 15:00:00+00:00,FR,load,22.5,17,690.0,6.37,0.8571673007021123,0.5150380749100542,23.0,27,675.0,2.31,-0.587785252292473,-0.8090169943749475,21.9,32,691.0,9.07,0.788010753606722,-0.6156614753256583,18.0,46,642.0,6.5,0.1736481776669303,0.984807753012208,3.3500000000000014,open-meteo,2026-08-10T08:05:42+00:00
2026-04-24 16:00:00+00:00,FR,load,22.1,16,543.0,6.63,0.9135454576426008,0.4067366430758002,22.7,24,512.0,2.39,-0.3255681544571567,-0.9455185755993168,21.2,34,535.0,8.4,0.7431448254773942,-0.6691306063588582,16.7,41,511.0,6.0,0.1564344650402308,0.9876883405951378,2.6750000000000007,open-meteo,2026-08-10T08:05:42+00:00
2026-04-24 17:00:00+00:00,FR,load,21.3,19,367.0,6.51,0.9335804264972016,0.3583679495453004,22.0,26,324.0,2.48,-0.1564344650402307,-0.9876883405951378,20.1,36,350.0,7.9,0.7313537016191706,-0.6819983600624984,15.4,47,348.0,6.5,0.2079116908177593,0.9781476007338056,1.6999999999999993,open-meteo,2026-08-10T08:05:42+00:00
2026-04-24 18:00:00+00:00,FR,load,20.0,26,183.0,7.17,0.9271838545667874,0.3746065934159119,20.5,33,136.0,2.06,0.0523359562429438,-0.9986295347545738,18.7,34,154.0,8.11,0.7313537016191706,-0.6819983600624984,12.8,55,179.0,7.1,0.4999999999999999,0.8660254037844387,0.0,open-meteo,2026-08-10T08:05:42+00:00
2026-04-24 19:00:00+00:00,FR,load,18.2,35,33.0,7.01,0.9396926207859084,0.3420201433256688,16.6,40,12.0,3.25,0.0871557427476582,-0.9961946980917455,16.5,38,19.0,9.01,0.7071067811865476,-0.7071067811865475,10.4,67,39.0,5.7,0.4067366430758002,0.9135454576426008,2.575000000000001,open-meteo,2026-08-10T08:05:42+00:00
2026-04-24 20:00:00+00:00,FR,load,16.8,36,0.0,7.23,0.838670567945424,0.5446390350150271,15.1,40,0.0,5.1,0.0174524064372834,-0.9998476951563912,15.2,44,0.0,8.71,0.6293203910498374,-0.7771459614569709,8.7,77,0.0,6.6,0.4226182617406994,0.90630778703665,4.050000000000001,open-meteo,2026-08-10T08:05:42+00:00
2026-04-24 21:00:00+00:00,FR,load,14.8,38,0.0,6.86,0.7193398003386511,0.6946583704589973,14.5,47,0.0,7.75,0.0348994967025011,-0.9993908270190958,14.0,51,0.0,8.02,0.6293203910498374,-0.7771459614569709,7.0,87,0.0,5.8,0.4694715627858908,0.882947592858927,5.425000000000001,open-meteo,2026-08-10T08:05:42+00:00
2026-04-24 22:00:00+00:00,FR,load,13.8,45,0.0,7.08,0.6691306063588582,0.7431448254773942,14.1,57,0.0,9.16,-0.1045284632676535,-0.9945218953682732,13.3,56,0.0,6.47,0.5735764363510459,-0.8191520442889919,5.7,92,0.0,6.0,0.5150380749100542,0.8571673007021123,6.274999999999999,open-meteo,2026-08-10T08:05:42+00:00
2026-04-24 23:00:00+00:00,FR,load,12.6,51,0.0,7.18,0.6293203910498374,0.7771459614569709,13.3,59,0.0,8.54,-0.0523359562429435,-0.9986295347545738,12.7,61,0.0,4.87,0.258819045102521,-0.9659258262890682,4.9,94,0.0,6.8,0.484809620246337,0.8746197071393957,7.125000000000002,open-meteo,2026-08-10T08:05:42+00:00
2026-04-25 00:00:00+00:00,FR,load,12.0,50,0.0,6.47,0.6293203910498374,0.7771459614569709,11.7,65,0.0,6.09,-0.0871557427476579,-0.9961946980917455,12.0,67,0.0,2.98,-0.3907311284892735,-0.9205048534524404,4.1,95,0.0,5.6,0.6018150231520483,0.7986355100472928,8.049999999999999,open-meteo,2026-08-10T08:05:42+00:00
2026-04-25 01:00:00+00:00,FR,load,11.2,52,0.0,6.28,0.5591929034707469,0.8290375725550417,11.2,67,0.0,6.18,0.0697564737441255,-0.9975640502598242,11.5,72,0.0,4.64,-0.992546151641322,-0.1218693434051471,3.5,97,0.0,6.2,0.5591929034707469,0.8290375725550417,8.65,open-meteo,2026-08-10T08:05:42+00:00
2026-04-25 02:00:00+00:00,FR,load,10.4,57,0.0,5.87,0.5446390350150271,0.838670567945424,10.8,69,0.0,4.92,0.1045284632676537,-0.9945218953682732,12.8,88,0.0,6.18,-0.9993908270190958,0.0348994967025012,3.1,98,0.0,6.3,0.6819983600624985,0.7313537016191705,8.725,open-meteo,2026-08-10T08:05:42+00:00
2026-04-25 03:00:00+00:00,FR,load,9.3,63,0.0,6.24,0.6946583704589973,0.7193398003386512,9.8,73,0.0,3.04,-0.0348994967025009,-0.9993908270190958,13.0,93,0.0,5.91,-0.9945218953682734,0.1045284632676529,3.4,99,0.0,7.3,0.788010753606722,0.6156614753256583,9.125,open-meteo,2026-08-10T08:05:42+00:00
2026-04-25 04:00:00+00:00,FR,load,8.7,68,0.0,5.33,0.7193398003386511,0.6946583704589973,9.6,73,0.0,2.45,-0.0348994967025009,-0.9993908270190958,13.4,94,0.0,5.8,-0.9781476007338056,0.2079116908177594,4.4,100,0.0,6.8,0.8571673007021123,0.5150380749100542,8.975000000000001,open-meteo,2026-08-10T08:05:42+00:00
2026-04-25 05:00:00+00:00,FR,load,8.0,73,1.0,4.37,0.6691306063588582,0.7431448254773942,9.6,72,2.0,1.38,-0.0697564737441252,-0.9975640502598242,13.5,94,0.0,5.13,-0.9743700647852352,0.2249510543438649,3.1,99,3.0,5.2,0.9510565162951536,0.3090169943749474,9.45,open-meteo,2026-08-10T08:05:42+00:00
2026-04-25 06:00:00+00:00,FR,load,8.7,73,77.0,4.16,0.7071067811865475,0.7071067811865476,11.6,64,82.0,0.5,-0.1908089953765447,-0.981627183447664,13.7,91,22.0,4.35,-0.9902680687415704,0.1391731009600654,4.0,99,97.0,4.2,0.9612616959383188,0.2756373558169991,8.5,open-meteo,2026-08-10T08:05:42+00:00
2026-04-25 07:00:00+00:00,FR,load,10.6,65,244.0,3.65,0.5150380749100542,0.8571673007021123,13.8,63,212.0,0.14,-0.7071067811865475,-0.7071067811865477,14.3,89,59.0,2.97,-0.9902680687415704,0.1391731009600654,4.9,99,190.0,1.4,-0.0523359562429443,0.9986295347545738,7.1,open-meteo,2026-08-10T08:05:42+00:00
2026-04-25 08:00:00+00:00,FR,load,12.6,57,425.0,3.26,0.5446390350150271,0.838670567945424,15.5,59,433.0,0.79,-0.5000000000000004,0.8660254037844384,15.0,85,121.0,3.24,-0.9063077870366498,0.4226182617406996,8.6,78,251.0,1.5,0.1564344650402308,0.9876883405951378,5.074999999999999,open-meteo,2026-08-10T08:05:42+00:00
2026-04-25 09:00:00+00:00,FR,load,15.4,47,592.0,3.06,0.6427876096865393,0.766044443118978,18.1,53,615.0,1.86,-0.0523359562429443,0.9986295347545738,16.1,80,192.0,3.43,-0.8571673007021123,0.5150380749100542,10.4,68,592.0,2.2,0.1908089953765448,0.981627183447664,3.0,open-meteo,2026-08-10T08:05:42+00:00
2026-04-25 10:00:00+00:00,FR,load,17.6,41,729.0,2.85,0.754709580222772,0.6560590289905073,19.9,44,754.0,2.55,-2.4492935982947064e-16,1.0,17.2,76,315.0,3.55,-0.7771459614569708,0.6293203910498375,11.1,67,722.0,2.8,0.6018150231520483,0.7986355100472928,1.5500000000000007,open-meteo,2026-08-10T08:05:42+00:00
2026-04-25 11:00:00+00:00,FR,load,19.5,35,820.0,3.19,0.7313537016191705,0.6819983600624985,21.4,46,844.0,3.43,-0.0523359562429443,0.9986295347545738,18.7,68,546.0,3.57,-0.7986355100472932,0.6018150231520479,14.7,46,805.0,3.1,0.5591929034707469,0.8290375725550417,0.5749999999999993,open-meteo,2026-08-10T08:05:42+00:00
2026-04-25 12:00:00+00:00,FR,load,20.8,31,767.0,1.98,0.838670567945424,0.5446390350150271,22.2,42,879.0,4.05,-0.1218693434051472,0.992546151641322,19.5,65,599.0,4.17,-0.6560590289905074,0.7547095802227719,16.1,40,835.0,3.4,0.5150380749100542,0.8571673007021123,1.6499999999999986,open-meteo,2026-08-10T08:05:42+00:00
2026-04-25 13:00:00+00:00,FR,load,22.1,26,850.0,0.75,0.3907311284892737,0.9205048534524404,22.9,37,856.0,4.74,-0.1218693434051472,0.992546151641322,20.2,62,460.0,4.27,-0.6018150231520483,0.7986355100472928,16.7,37,802.0,2.0,0.6560590289905073,0.754709580222772,2.4750000000000014,open-meteo,2026-08-10T08:05:42+00:00
2026-04-25 14:00:00+00:00,FR,load,22.0,25,649.0,1.71,-0.2249510543438653,0.9743700647852352,23.2,36,786.0,5.19,0.1908089953765448,0.981627183447664,20.9,59,455.0,4.1,-0.6427876096865396,0.7660444431189778,17.7,32,618.0,2.0,0.5446390350150271,0.838670567945424,2.95,open-meteo,2026-08-10T08:05:42+00:00
2026-04-25 15:00:00+00:00,FR,load,22.3,24,522.0,1.63,-0.544639035015027,0.838670567945424,23.2,32,666.0,6.0,0.0871557427476581,0.9961946980917455,20.7,61,368.0,4.96,-0.6156614753256582,0.7880107536067221,18.0,31,658.0,1.5,0.224951054343865,0.9743700647852352,3.0500000000000007,open-meteo,2026-08-10T08:05:42+00:00
2026-04-25 16:00:00+00:00,FR,load,22.3,20,479.0,2.85,-0.2756373558169989,0.9612616959383188,22.6,34,501.0,5.75,0.1564344650402308,0.9876883405951378,20.9,60,357.0,4.95,-0.5591929034707466,0.8290375725550418,18.4,32,487.0,4.1,-0.0523359562429443,0.9986295347545738,3.0500000000000043,open-meteo,2026-08-10T08:05:42+00:00
2026-04-25 17:00:00+00:00,FR,load,21.6,31,331.0,3.29,-0.4539904997395469,0.8910065241883678,21.8,34,318.0,6.35,0.1564344650402308,0.9876883405951378,20.3,63,189.0,4.92,-0.7313537016191703,0.6819983600624987,17.0,37,348.0,5.4,0.1736481776669303,0.984807753012208,2.1750000000000007,open-meteo,2026-08-10T08:05:42+00:00
2026-04-25 18:00:00+00:00,FR,load,19.9,37,154.0,4.35,-0.1391731009600658,0.9902680687415704,19.9,39,133.0,6.84,0.224951054343865,0.9743700647852352,18.8,71,116.0,5.8,-0.6018150231520483,0.7986355100472928,14.9,44,157.0,5.9,0.1218693434051474,0.992546151641322,0.375,open-meteo,2026-08-10T08:05:42+00:00
2026-04-25 19:00:00+00:00,FR,load,17.9,41,28.0,7.6,0.374606593415912,0.9271838545667874,17.0,44,12.0,7.15,0.484809620246337,0.8746197071393957,17.2,78,23.0,5.97,-0.6560590289905074,0.7547095802227719,12.3,48,42.0,6.2,0.224951054343865,0.9743700647852352,1.900000000000002,open-meteo,2026-08-10T08:05:42+00:00
2026-04-25 20:00:00+00:00,FR,load,16.5,43,0.0,7.12,0.5299192642332049,0.848048096156426,15.2,47,0.0,6.78,0.6018150231520483,0.7986355100472928,16.1,84,0.0,6.04,-0.7431448254773946,0.6691306063588578,10.0,51,0.0,5.5,0.4226182617406994,0.90630778703665,3.5500000000000007,open-meteo,2026-08-10T08:05:42+00:00
2026-04-25 21:00:00+00:00,FR,load,15.3,43,0.0,6.4,0.6427876096865393,0.766044443118978,13.6,52,0.0,6.27,0.2419218955996677,0.9702957262759964,14.9,92,0.0,4.95,-0.8290375725550416,0.559192903470747,8.0,70,0.0,5.2,0.573576436351046,0.8191520442889918,5.050000000000001,open-meteo,2026-08-10T08:05:42+00:00
2026-04-25 22:00:00+00:00,FR,load,13.9,46,0.0,6.2,0.573576436351046,0.8191520442889918,12.8,54,0.0,5.75,-0.1564344650402311,0.9876883405951375,14.4,94,0.0,4.1,-0.8386705679454243,0.5446390350150266,5.6,79,0.0,5.7,0.8191520442889918,0.573576436351046,6.324999999999999,open-meteo,2026-08-10T08:05:42+00:00
2026-04-25 23:00:00+00:00,FR,load,12.9,49,0.0,6.14,0.6293203910498374,0.7771459614569709,12.3,58,0.0,5.92,-0.1218693434051472,0.992546151641322,14.2,95,0.0,3.78,-0.9335804264972016,0.3583679495453004,4.3,78,0.0,3.8,0.7771459614569709,0.6293203910498374,7.074999999999999,open-meteo,2026-08-10T08:05:42+00:00
2026-04-26 00:00:00+00:00,FR,load,12.0,50,0.0,5.82,0.7193398003386511,0.6946583704589973,11.1,71,0.0,6.47,-2.4492935982947064e-16,1.0,13.7,95,0.0,3.9,-0.9063077870366498,0.4226182617406996,3.6,87,0.0,6.7,0.6293203910498374,0.7771459614569709,7.9,open-meteo,2026-08-10T08:05:42+00:00
2026-04-26 01:00:00+00:00,FR,load,11.0,52,0.0,5.48,0.6560590289905073,0.754709580222772,10.5,74,0.0,6.32,0.1218693434051474,0.992546151641322,13.5,96,0.0,4.12,-0.8829475928589271,0.4694715627858904,3.4,91,0.0,7.6,0.5877852522924731,0.8090169943749475,8.4,open-meteo,2026-08-10T08:05:42+00:00
2026-04-26 02:00:00+00:00,FR,load,10.4,52,0.0,5.98,0.6427876096865393,0.766044443118978,9.8,76,0.0,6.49,0.1908089953765448,0.981627183447664,13.3,96,0.0,3.9,-0.9063077870366498,0.4226182617406996,2.5,90,0.0,6.5,0.6156614753256583,0.7880107536067219,9.0,open-meteo,2026-08-10T08:05:42+00:00
2026-04-26 03:00:00+00:00,FR,load,9.4,57,0.0,5.42,0.754709580222772,0.6560590289905073,9.5,79,0.0,6.44,0.1564344650402308,0.9876883405951378,13.4,95,0.0,3.86,-0.8910065241883679,0.4539904997395466,2.6,94,0.0,7.5,0.8746197071393957,0.4848096202463371,9.275,open-meteo,2026-08-10T08:05:42+00:00
2026-04-26 04:00:00+00:00,FR,load,8.3,62,0.0,4.79,0.754709580222772,0.6560590289905073,9.1,80,0.0,6.28,0.0523359562429438,0.9986295347545738,13.1,96,0.0,3.21,-0.8571673007021123,0.5150380749100542,2.2,96,0.0,6.5,0.848048096156426,0.5299192642332049,9.825,open-meteo,2026-08-10T08:05:42+00:00
2026-04-26 05:00:00+00:00,FR,load,7.7,63,3.0,5.27,0.6819983600624985,0.7313537016191705,9.0,78,3.0,6.0,0.0871557427476581,0.9961946980917455,12.9,96,0.0,2.85,-0.7547095802227722,0.656059028990507,2.7,92,5.0,6.6,0.8571673007021123,0.5150380749100542,9.925,open-meteo,2026-08-10T08:05:42+00:00
2026-04-26 06:00:00+00:00,FR,load,9.5,60,82.0,5.7,0.754709580222772,0.6560590289905073,11.1,68,75.0,6.82,0.1218693434051474,0.992546151641322,12.8,96,40.0,2.22,-0.7071067811865477,0.7071067811865474,3.8,99,32.0,5.4,0.9945218953682732,0.1045284632676534,8.7,open-meteo,2026-08-10T08:05:42+00:00
2026-04-26 07:00:00+00:00,FR,load,11.2,55,248.0,4.85,0.7313537016191705,0.6819983600624985,12.7,64,263.0,6.84,0.224951054343865,0.9743700647852352,14.6,90,169.0,1.88,-0.7771459614569708,0.6293203910498375,7.6,89,257.0,4.7,0.9271838545667874,0.3746065934159119,6.475,open-meteo,2026-08-10T08:05:42+00:00
2026-04-26 08:00:00+00:00,FR,load,12.9,50,428.0,3.82,0.7431448254773942,0.6691306063588582,14.4,60,456.0,5.45,0.1391731009600654,0.9902680687415704,16.3,81,306.0,2.33,-0.3746065934159123,0.9271838545667872,10.3,70,425.0,2.7,0.9612616959383188,0.2756373558169991,4.524999999999999,open-meteo,2026-08-10T08:05:42+00:00
2026-04-26 09:00:00+00:00,FR,load,15.6,36,594.0,3.56,0.848048096156426,0.5299192642332049,16.8,47,623.0,6.59,0.0871557427476581,0.9961946980917455,17.3,78,358.0,2.48,-0.3090169943749477,0.9510565162951536,11.7,67,588.0,1.7,0.754709580222772,0.6560590289905073,2.6499999999999986,open-meteo,2026-08-10T08:05:42+00:00
2026-04-26 10:00:00+00:00,FR,load,17.1,32,652.0,3.4,0.7193398003386511,0.6946583704589973,18.4,43,769.0,7.25,-2.4492935982947064e-16,1.0,18.6,73,430.0,2.42,-0.2419218955996678,0.9702957262759964,13.5,63,687.0,2.6,0.7771459614569709,0.6293203910498374,1.1000000000000014,open-meteo,2026-08-10T08:05:42+00:00
2026-04-26 11:00:00+00:00,FR,load,18.8,27,827.0,3.7,0.7986355100472928,0.6018150231520483,19.7,36,861.0,7.55,0.0174524064372835,0.9998476951563912,19.9,67,504.0,2.85,0.0697564737441253,0.9975640502598242,14.9,57,771.0,3.0,0.6946583704589973,0.7193398003386512,0.3249999999999993,open-meteo,2026-08-10T08:05:42+00:00
2026-04-26 12:00:00+00:00,FR,load,20.2,22,872.0,3.47,0.766044443118978,0.6427876096865394,20.8,33,895.0,6.67,0.0523359562429438,0.9986295347545738,20.5,62,570.0,2.76,-0.1045284632676534,0.9945218953682732,15.9,53,812.0,3.5,0.6946583704589973,0.7193398003386512,1.3500000000000014,open-meteo,2026-08-10T08:05:42+00:00
2026-04-26 13:00:00+00:00,FR,load,21.0,22,863.0,3.0,0.788010753606722,0.6156614753256583,21.6,31,875.0,6.27,0.0174524064372835,0.9998476951563912,21.6,58,651.0,2.75,-0.0697564737441256,0.9975640502598242,17.4,50,777.0,3.4,0.4383711467890774,0.898794046299167,2.3999999999999986,open-meteo,2026-08-10T08:05:42+00:00
2026-04-26 14:00:00+00:00,FR,load,21.5,19,733.0,3.14,0.6293203910498374,0.7771459614569709,21.9,30,799.0,6.27,-0.0348994967025008,0.9993908270190958,22.2,56,646.0,2.75,-0.0348994967025008,0.9993908270190958,17.7,48,725.0,3.3,0.4383711467890774,0.898794046299167,2.825,open-meteo,2026-08-10T08:05:42+00:00
2026-04-26 15:00:00+00:00,FR,load,21.9,20,611.0,2.8,0.8090169943749475,0.5877852522924731,21.9,27,676.0,6.09,-0.0871557427476583,0.9961946980917455,22.8,55,620.0,3.06,-0.1218693434051472,0.992546151641322,17.9,45,625.0,3.2,0.4999999999999999,0.8660254037844387,3.125,open-meteo,2026-08-10T08:05:42+00:00
2026-04-26 16:00:00+00:00,FR,load,21.6,23,357.0,2.78,0.7771459614569709,0.6293203910498374,21.6,29,514.0,5.88,-0.0348994967025008,0.9993908270190958,22.7,55,536.0,2.9,-0.2079116908177598,0.9781476007338056,18.1,47,466.0,3.8,0.3090169943749474,0.9510565162951536,3.0,open-meteo,2026-08-10T08:05:42+00:00
2026-04-26 17:00:00+00:00,FR,load,21.2,25,258.0,3.61,0.754709580222772,0.6560590289905073,20.9,31,325.0,5.69,-0.0348994967025008,0.9993908270190958,22.2,55,356.0,2.54,-0.4694715627858908,0.882947592858927,16.8,51,319.0,5.3,0.3583679495453002,0.9335804264972016,2.2749999999999986,open-meteo,2026-08-10T08:05:42+00:00
2026-04-26 18:00:00+00:00,FR,load,19.4,27,126.0,4.48,0.9205048534524404,0.3907311284892737,18.9,33,138.0,5.44,0.2419218955996677,0.9702957262759964,21.3,60,169.0,3.29,-0.4539904997395469,0.8910065241883678,14.7,60,159.0,6.7,0.4694715627858908,0.882947592858927,0.5749999999999993,open-meteo,2026-08-10T08:05:42+00:00
2026-04-26 19:00:00+00:00,FR,load,17.8,36,23.0,5.39,0.9455185755993168,0.3255681544571567,15.3,42,14.0,4.77,0.3255681544571567,0.9455185755993168,19.0,67,26.0,4.0,-0.3746065934159123,0.9271838545667872,12.1,67,39.0,5.5,0.4226182617406994,0.90630778703665,1.9499999999999995,open-meteo,2026-08-10T08:05:42+00:00
2026-04-26 20:00:00+00:00,FR,load,16.7,39,0.0,5.61,0.9781476007338056,0.2079116908177594,13.6,47,0.0,4.13,0.2419218955996677,0.9702957262759964,17.8,71,0.0,4.17,-0.5000000000000004,0.8660254037844384,11.2,71,0.0,6.0,0.4383711467890774,0.898794046299167,3.1750000000000007,open-meteo,2026-08-10T08:05:42+00:00
2026-04-26 21:00:00+00:00,FR,load,15.6,46,0.0,5.29,0.7771459614569709,0.6293203910498374,12.9,55,0.0,4.17,0.1564344650402308,0.9876883405951378,16.7,76,0.0,4.3,-0.6560590289905074,0.7547095802227719,9.8,76,0.0,5.9,0.3583679495453002,0.9335804264972016,4.25,open-meteo,2026-08-10T08:05:42+00:00
2026-04-26 22:00:00+00:00,FR,load,14.8,54,0.0,5.71,0.573576436351046,0.8191520442889918,12.3,61,0.0,3.63,0.0348994967025009,0.9993908270190958,15.9,80,0.0,3.54,-0.6691306063588581,0.7431448254773944,8.9,80,0.0,5.5,0.6427876096865393,0.766044443118978,5.025,open-meteo,2026-08-10T08:05:42+00:00
2026-04-26 23:00:00+00:00,FR,load,13.6,59,0.0,6.49,0.5591929034707469,0.8290375725550417,12.3,61,0.0,3.64,-0.0871557427476583,0.9961946980917455,15.2,83,0.0,2.86,-0.7880107536067218,0.6156614753256585,8.3,83,0.0,5.7,0.7313537016191705,0.6819983600624985,5.650000000000002,open-meteo,2026-08-10T08:05:42+00:00
2026-04-27 00:00:00+00:00,FR,load,12.7,60,0.0,6.18,0.6560590289905073,0.754709580222772,11.9,63,0.0,3.37,-0.1391731009600658,0.9902680687415704,14.1,87,0.0,2.29,-0.9396926207859084,0.342020143325669,7.8,88,0.0,4.6,0.9135454576426008,0.4067366430758002,6.375,open-meteo,2026-08-10T08:05:42+00:00
2026-04-27 01:00:00+00:00,FR,load,11.7,64,0.0,5.33,0.5877852522924731,0.8090169943749475,11.5,64,0.0,4.04,0.1045284632676534,0.9945218953682732,13.7,88,0.0,1.98,-0.9396926207859084,0.342020143325669,6.8,90,0.0,5.0,0.984807753012208,0.1736481776669304,7.075000000000001,open-meteo,2026-08-10T08:05:42+00:00
2026-04-27 02:00:00+00:00,FR,load,11.2,64,0.0,6.01,0.4694715627858908,0.882947592858927,10.6,68,0.0,4.06,0.1391731009600654,0.9902680687415704,13.2,89,0.0,1.74,-0.9612616959383188,0.2756373558169994,5.6,93,0.0,5.3,0.9986295347545738,-0.0523359562429438,7.85,open-meteo,2026-08-10T08:05:42+00:00
2026-04-27 03:00:00+00:00,FR,load,10.6,65,0.0,5.74,0.4226182617406994,0.90630778703665,10.6,68,0.0,2.79,0.1736481776669303,0.984807753012208,12.8,91,0.0,1.87,-0.9945218953682734,0.1045284632676529,4.7,95,0.0,4.8,0.9902680687415704,-0.1391731009600653,8.325,open-meteo,2026-08-10T08:05:42+00:00
2026-04-27 04:00:00+00:00,FR,load,10.2,67,0.0,6.18,0.4539904997395468,0.8910065241883679,9.2,75,0.0,4.52,0.3090169943749474,0.9510565162951536,12.5,91,0.0,2.07,-0.9961946980917455,0.0871557427476578,5.7,93,0.0,5.4,0.9975640502598242,0.0697564737441252,8.6,open-meteo,2026-08-10T08:05:42+00:00
2026-04-27 05:00:00+00:00,FR,load,9.9,68,2.0,6.09,0.4383711467890774,0.898794046299167,8.7,77,4.0,4.75,0.1391731009600654,0.9902680687415704,12.3,92,0.0,2.5,-0.981627183447664,-0.1908089953765446,5.3,92,5.0,5.4,1.0,6.123233995736766e-17,8.95,open-meteo,2026-08-10T08:05:42+00:00
2026-04-27 06:00:00+00:00,FR,load,10.7,67,68.0,5.96,0.4226182617406994,0.90630778703665,10.7,76,99.0,4.48,0.1736481776669303,0.984807753012208,12.6,93,54.0,2.5,-0.8987940462991668,-0.4383711467890777,6.7,85,72.0,5.6,0.9986295347545738,0.0523359562429439,7.824999999999999,open-meteo,2026-08-10T08:05:42+00:00
2026-04-27 07:00:00+00:00,FR,load,12.0,63,215.0,4.88,0.374606593415912,0.9271838545667874,14.1,64,273.0,3.46,0.1391731009600654,0.9902680687415704,15.6,91,221.0,1.81,-0.9743700647852352,-0.2249510543438652,9.7,65,167.0,4.9,0.9702957262759964,0.2419218955996676,5.149999999999999,open-meteo,2026-08-10T08:05:42+00:00
2026-04-27 08:00:00+00:00,FR,load,13.4,56,343.0,3.78,0.2923717047227367,0.9563047559630354,15.8,60,459.0,2.61,0.224951054343865,0.9743700647852352,18.0,77,410.0,1.0,-0.981627183447664,-0.1908089953765446,12.1,53,346.0,3.0,0.8987940462991669,0.4383711467890774,3.174999999999999,open-meteo,2026-08-10T08:05:42+00:00
2026-04-27 09:00:00+00:00,FR,load,16.0,48,499.0,3.38,0.1736481776669303,0.984807753012208,17.9,52,628.0,3.73,0.0871557427476581,0.9961946980917455,19.8,74,589.0,1.36,-0.5000000000000004,0.8660254037844384,14.5,45,501.0,3.4,0.8290375725550417,0.5591929034707468,0.9499999999999992,open-meteo,2026-08-10T08:05:42+00:00
2026-04-27 10:00:00+00:00,FR,load,17.5,42,667.0,3.56,0.1391731009600654,0.9902680687415704,20.0,46,768.0,3.23,0.0348994967025009,0.9993908270190958,21.2,68,732.0,1.49,-0.3907311284892739,0.9205048534524404,15.6,38,677.0,4.6,0.8746197071393957,0.4848096202463371,0.5749999999999993,open-meteo,2026-08-10T08:05:42+00:00
2026-04-27 11:00:00+00:00,FR,load,18.8,39,717.0,3.33,0.2419218955996677,0.9702957262759964,21.5,40,856.0,3.23,-0.0348994967025008,0.9993908270190958,22.5,61,820.0,1.68,-0.1218693434051472,0.992546151641322,16.8,37,788.0,3.9,0.838670567945424,0.5446390350150271,1.8999999999999984,open-meteo,2026-08-10T08:05:42+00:00
2026-04-27 12:00:00+00:00,FR,load,19.9,36,763.0,2.88,0.3090169943749474,0.9510565162951536,22.5,35,895.0,2.59,0.1908089953765448,0.981627183447664,23.4,53,770.0,1.48,0.1391731009600654,0.9902680687415704,18.0,38,847.0,3.5,0.7771459614569709,0.6293203910498374,2.95,open-meteo,2026-08-10T08:05:42+00:00
2026-04-27 13:00:00+00:00,FR,load,21.0,35,718.0,2.39,0.3255681544571567,0.9455185755993168,23.1,33,872.0,2.85,0.2756373558169991,0.9612616959383188,24.3,49,773.0,2.16,-2.4492935982947064e-16,1.0,18.7,31,831.0,3.4,0.848048096156426,0.5299192642332049,3.775000000000002,open-meteo,2026-08-10T08:05:42+00:00
2026-04-27 14:00:00+00:00,FR,load,21.5,34,708.0,2.97,0.1391731009600654,0.9902680687415704,23.4,32,790.0,2.79,0.1736481776669303,0.984807753012208,24.7,47,725.0,2.47,-0.1218693434051472,0.992546151641322,19.2,32,772.0,3.6,0.4383711467890774,0.898794046299167,4.199999999999999,open-meteo,2026-08-10T08:05:42+00:00
2026-04-27 15:00:00+00:00,FR,load,21.4,33,647.0,2.56,0.1218693434051474,0.992546151641322,23.0,30,668.0,3.71,0.2079116908177593,0.9781476007338056,24.7,48,638.0,2.37,-0.1218693434051472,0.992546151641322,19.1,35,644.0,4.6,0.3420201433256687,0.9396926207859084,4.049999999999997,open-meteo,2026-08-10T08:05:42+00:00
2026-04-27 16:00:00+00:00,FR,load,21.2,35,468.0,3.34,0.0871557427476581,0.9961946980917455,22.5,30,508.0,4.47,0.484809620246337,0.8746197071393957,24.4,48,490.0,1.67,-0.4694715627858908,0.882947592858927,18.7,40,517.0,6.8,0.1736481776669303,0.984807753012208,3.6999999999999993,open-meteo,2026-08-10T08:05:42+00:00
2026-04-27 17:00:00+00:00,FR,load,20.4,36,268.0,4.03,-0.4383711467890778,0.8987940462991668,21.7,36,322.0,4.0,0.5877852522924731,0.8090169943749475,23.2,51,229.0,2.04,-0.5735764363510462,-0.8191520442889918,16.9,51,352.0,8.1,0.1045284632676534,0.9945218953682732,2.549999999999997,open-meteo,2026-08-10T08:05:42+00:00
2026-04-27 18:00:00+00:00,FR,load,19.3,40,149.0,5.59,0.0348994967025009,0.9993908270190958,20.5,40,137.0,3.2,0.6427876096865393,0.766044443118978,22.4,52,90.0,3.22,-0.9396926207859084,-0.3420201433256685,15.2,57,184.0,6.3,0.2756373558169991,0.9612616959383188,1.349999999999998,open-meteo,2026-08-10T08:05:42+00:00
2026-04-27 19:00:00+00:00,FR,load,17.6,49,32.0,6.09,0.0697564737441253,0.9975640502598242,17.7,48,14.0,1.69,0.8090169943749475,0.5877852522924731,20.9,56,17.0,5.22,-0.9205048534524404,-0.3907311284892738,13.1,55,45.0,6.5,0.2079116908177593,0.9781476007338056,0.6750000000000007,open-meteo,2026-08-10T08:05:42+00:00
2026-04-27 20:00:00+00:00,FR,load,16.3,46,0.0,8.13,0.1564344650402308,0.9876883405951378,16.1,51,0.0,0.55,0.7071067811865475,0.7071067811865476,19.2,70,0.0,7.23,-0.90630778703665,-0.4226182617406991,11.8,62,0.0,6.1,0.2419218955996677,0.9702957262759964,2.1499999999999986,open-meteo,2026-08-10T08:05:42+00:00
2026-04-27 21:00:00+00:00,FR,load,15.4,47,0.0,7.01,0.2079116908177593,0.9781476007338056,15.8,53,0.0,1.46,0.7431448254773942,0.6691306063588582,18.6,74,0.0,5.26,-0.874619707139396,-0.4848096202463368,11.6,65,0.0,7.5,0.484809620246337,0.8746197071393957,2.6499999999999986,open-meteo,2026-08-10T08:05:42+00:00
2026-04-27 22:00:00+00:00,FR,load,14.6,47,0.0,7.76,0.0697564737441253,0.9975640502598242,14.9,56,0.0,3.65,0.1045284632676537,-0.9945218953682732,17.8,79,0.0,4.24,-0.8290375725550418,-0.5591929034707466,10.7,63,0.0,8.3,0.8191520442889918,0.573576436351046,3.5,open-meteo,2026-08-10T08:05:42+00:00
2026-04-27 23:00:00+00:00,FR,load,13.2,54,0.0,7.81,0.3090169943749474,0.9510565162951536,14.0,88,0.0,9.04,-0.0697564737441252,-0.9975640502598242,17.0,84,0.0,3.07,-0.8910065241883678,-0.4539904997395469,11.4,67,0.0,7.8,0.754709580222772,0.6560590289905073,4.1,open-meteo,2026-08-10T08:05:42+00:00
2026-04-28 00:00:00+00:00,FR,load,13.0,58,0.0,8.3,0.2079116908177593,0.9781476007338056,14.2,84,0.0,8.63,-0.0348994967025009,-0.9993908270190958,15.9,88,0.0,2.15,-0.8660254037844384,-0.5000000000000004,11.7,64,0.0,6.0,0.8090169943749475,0.5877852522924731,4.300000000000001,open-meteo,2026-08-10T08:05:42+00:00
2026-04-28 01:00:00+00:00,FR,load,11.6,68,0.0,9.23,0.0697564737441253,0.9975640502598242,13.6,86,0.0,8.92,-0.0174524064372836,-0.9998476951563912,15.5,89,0.0,1.76,-1.0,-1.8369701987210287e-16,10.3,63,0.0,7.8,0.8090169943749475,0.5877852522924731,5.25,open-meteo,2026-08-10T08:05:42+00:00
2026-04-28 02:00:00+00:00,FR,load,10.7,71,0.0,8.48,0.2419218955996677,0.9702957262759964,13.3,85,0.0,8.14,-0.0348994967025009,-0.9993908270190958,15.2,91,0.0,2.06,-0.9986295347545738,-0.0523359562429443,9.6,66,0.0,6.8,0.6427876096865393,0.766044443118978,5.799999999999999,open-meteo,2026-08-10T08:05:42+00:00
2026-04-28 03:00:00+00:00,FR,load,10.2,71,0.0,8.67,0.1736481776669303,0.984807753012208,13.6,84,0.0,6.77,0.0523359562429438,-0.9986295347545738,14.5,95,0.0,1.25,-0.7771459614569706,-0.6293203910498378,9.3,64,0.0,6.4,0.5299192642332049,0.848048096156426,6.100000000000001,open-meteo,2026-08-10T08:05:42+00:00
2026-04-28 04:00:00+00:00,FR,load,9.9,71,0.0,9.2,0.2079116908177593,0.9781476007338056,13.3,82,0.0,7.35,0.0348994967025011,-0.9993908270190958,13.9,97,0.0,1.67,-0.9335804264972016,-0.3583679495453007,9.4,64,0.0,6.8,0.573576436351046,0.8191520442889918,6.375,open-meteo,2026-08-10T08:05:42+00:00
2026-04-28 05:00:00+00:00,FR,load,9.9,70,3.0,8.75,0.224951054343865,0.9743700647852352,12.8,83,4.0,5.7,0.0697564737441255,-0.9975640502598242,13.8,97,0.0,2.35,-0.9993908270190958,-0.0348994967025007,7.6,72,2.0,8.6,0.573576436351046,0.8191520442889918,6.975,open-meteo,2026-08-10T08:05:42+00:00
2026-04-28 06:00:00+00:00,FR,load,10.1,66,54.0,8.53,0.224951054343865,0.9743700647852352,13.5,78,63.0,7.94,0.0174524064372834,-0.9998476951563912,14.4,96,45.0,2.09,-0.981627183447664,-0.1908089953765446,9.0,70,101.0,7.8,0.5591929034707469,0.8290375725550417,6.25,open-meteo,2026-08-10T08:05:42+00:00
2026-04-28 07:00:00+00:00,FR,load,11.0,62,168.0,7.06,0.0348994967025009,0.9993908270190958,14.5,74,166.0,6.06,0.1564344650402309,-0.9876883405951375,16.0,91,169.0,1.27,-0.9205048534524404,-0.3907311284892738,10.5,65,152.0,5.2,0.5446390350150271,0.838670567945424,5.0,open-meteo,2026-08-10T08:05:42+00:00
2026-04-28 08:00:00+00:00,FR,load,12.0,59,291.0,7.04,0.1564344650402308,0.9876883405951378,16.0,67,369.0,6.39,0.0697564737441255,-0.9975640502598242,16.9,86,297.0,2.2,-0.9335804264972016,0.3583679495453004,11.2,62,378.0,7.3,0.5591929034707469,0.8290375725550417,3.9750000000000014,open-meteo,2026-08-10T08:05:42+00:00
2026-04-28 09:00:00+00:00,FR,load,14.0,53,462.0,6.48,0.3090169943749474,0.9510565162951536,17.4,65,491.0,7.21,-0.1218693434051473,-0.992546151641322,18.4,79,421.0,1.08,-0.0871557427476583,0.9961946980917455,11.9,62,575.0,7.0,0.5591929034707469,0.8290375725550417,2.575000000000001,open-meteo,2026-08-10T08:05:42+00:00
2026-04-28 10:00:00+00:00,FR,load,15.5,51,705.0,6.29,0.3090169943749474,0.9510565162951536,19.0,55,593.0,8.42,-0.1564344650402307,-0.9876883405951378,19.3,76,461.0,1.71,0.5150380749100542,0.8571673007021123,13.1,59,157.0,7.5,0.6427876096865393,0.766044443118978,1.275000000000002,open-meteo,2026-08-10T08:05:42+00:00
2026-04-28 11:00:00+00:00,FR,load,16.8,49,773.0,6.14,0.3420201433256687,0.9396926207859084,19.8,51,637.0,8.77,-0.1045284632676535,-0.9945218953682732,20.0,74,488.0,2.55,0.848048096156426,0.5299192642332049,13.2,56,606.0,8.6,0.6691306063588582,0.7431448254773942,0.5500000000000007,open-meteo,2026-08-10T08:05:42+00:00
2026-04-28 12:00:00+00:00,FR,load,18.3,45,693.0,5.79,0.5591929034707469,0.8290375725550417,19.7,53,607.0,7.76,-0.1736481776669304,-0.984807753012208,20.5,70,613.0,4.12,0.9510565162951536,0.3090169943749474,14.5,54,269.0,6.6,0.573576436351046,0.8191520442889918,0.25,open-meteo,2026-08-10T08:05:42+00:00
2026-04-28 13:00:00+00:00,FR,load,19.1,41,653.0,5.82,0.5877852522924731,0.8090169943749475,19.8,65,432.0,6.8,-0.754709580222772,-0.6560590289905073,21.4,64,555.0,3.72,0.9510565162951536,0.3090169943749474,16.0,49,577.0,7.0,0.573576436351046,0.8191520442889918,1.0750000000000028,open-meteo,2026-08-10T08:05:42+00:00
2026-04-28 14:00:00+00:00,FR,load,19.7,40,592.0,6.27,0.6293203910498374,0.7771459614569709,18.1,78,325.0,2.88,-0.984807753012208,0.1736481776669299,21.8,61,513.0,4.15,0.9455185755993168,0.3255681544571567,18.1,40,553.0,8.5,0.7071067811865475,0.7071067811865476,1.4249999999999972,open-meteo,2026-08-10T08:05:42+00:00
2026-04-28 15:00:00+00:00,FR,load,20.3,35,612.0,7.07,0.6946583704589973,0.7193398003386512,14.3,81,165.0,2.43,-0.6427876096865396,0.7660444431189778,20.2,72,413.0,4.21,0.9998476951563912,0.0174524064372836,19.3,33,594.0,8.9,0.788010753606722,0.6156614753256583,0.5249999999999986,open-meteo,2026-08-10T08:05:42+00:00
2026-04-28 16:00:00+00:00,FR,load,20.0,38,478.0,7.14,0.7313537016191705,0.6819983600624985,13.7,87,102.0,3.11,-0.4067366430758001,0.9135454576426008,18.6,83,254.0,3.83,0.9986295347545738,-0.0523359562429438,18.9,35,420.0,9.6,0.754709580222772,0.6560590289905073,0.1999999999999993,open-meteo,2026-08-10T08:05:42+00:00
2026-04-28 17:00:00+00:00,FR,load,19.9,43,347.0,6.75,0.4694715627858908,0.882947592858927,14.4,90,95.0,3.73,0.4999999999999999,0.8660254037844387,17.8,86,150.0,3.58,0.9876883405951378,-0.1564344650402308,18.5,34,360.0,8.7,0.6819983600624985,0.7313537016191705,0.3500000000000014,open-meteo,2026-08-10T08:05:42+00:00
2026-04-28 18:00:00+00:00,FR,load,19.2,44,178.0,7.13,0.6018150231520483,0.7986355100472928,13.7,90,26.0,3.78,0.9563047559630354,0.2923717047227367,17.1,85,56.0,5.95,0.838670567945424,-0.5446390350150272,17.7,36,184.0,10.0,0.7071067811865475,0.7071067811865476,1.0749999999999993,open-meteo,2026-08-10T08:05:42+00:00
2026-04-28 19:00:00+00:00,FR,load,17.7,49,40.0,6.95,0.374606593415912,0.9271838545667874,13.5,92,5.0,0.93,0.9510565162951536,-0.3090169943749473,16.0,86,12.0,6.84,0.90630778703665,-0.4226182617406993,16.5,38,48.0,8.9,0.7193398003386511,0.6946583704589973,2.075,open-meteo,2026-08-10T08:05:42+00:00
2026-04-28 20:00:00+00:00,FR,load,17.0,51,0.0,8.12,0.3907311284892737,0.9205048534524404,12.9,95,0.0,2.52,0.9743700647852352,0.2249510543438649,15.3,85,0.0,9.26,0.8660254037844387,-0.4999999999999998,15.5,37,0.0,8.9,0.6946583704589973,0.7193398003386512,2.825,open-meteo,2026-08-10T08:05:42+00:00
2026-04-28 21:00:00+00:00,FR,load,16.8,50,0.0,7.63,0.4067366430758002,0.9135454576426008,13.0,92,0.0,1.69,0.8090169943749475,-0.587785252292473,14.6,88,0.0,10.71,0.838670567945424,-0.5446390350150272,14.3,39,0.0,10.3,0.788010753606722,0.6156614753256583,3.325,open-meteo,2026-08-10T08:05:42+00:00
2026-04-28 22:00:00+00:00,FR,load,15.8,53,0.0,8.83,0.2923717047227367,0.9563047559630354,11.9,97,0.0,2.07,-0.5150380749100542,-0.8571673007021123,14.3,91,0.0,10.85,0.8571673007021123,-0.5150380749100543,14.2,42,0.0,10.5,0.838670567945424,0.5446390350150271,3.9499999999999993,open-meteo,2026-08-10T08:05:42+00:00
2026-04-28 23:00:00+00:00,FR,load,15.3,53,0.0,9.08,0.5446390350150271,0.838670567945424,11.3,99,0.0,1.73,-0.7313537016191703,-0.6819983600624986,14.1,90,0.0,12.47,0.838670567945424,-0.5446390350150272,13.4,39,0.0,10.7,0.8829475928589269,0.4694715627858908,4.475,open-meteo,2026-08-10T08:05:42+00:00
2026-04-29 00:00:00+00:00,FR,load,14.9,52,0.0,8.47,0.8660254037844386,0.5000000000000001,11.5,99,0.0,2.06,1.2246467991473532e-16,-1.0,14.0,89,0.0,12.31,0.8910065241883679,-0.4539904997395467,12.7,42,0.0,10.2,0.8829475928589269,0.4694715627858908,4.725000000000001,open-meteo,2026-08-10T08:05:42+00:00
2026-04-29 01:00:00+00:00,FR,load,14.2,53,0.0,8.72,0.90630778703665,0.4226182617406994,11.4,97,0.0,2.61,0.2249510543438652,-0.9743700647852352,13.9,88,0.0,12.5,0.9135454576426008,-0.4067366430758002,12.2,44,0.0,9.6,0.9135454576426008,0.4067366430758002,5.074999999999999,open-meteo,2026-08-10T08:05:42+00:00
2026-04-29 02:00:00+00:00,FR,load,13.8,54,0.0,8.06,0.9335804264972016,0.3583679495453004,11.1,97,0.0,2.58,0.1564344650402309,-0.9876883405951375,13.7,88,0.0,12.33,0.9135454576426008,-0.4067366430758002,11.3,42,0.0,10.1,0.9135454576426008,0.4067366430758002,5.525000000000002,open-meteo,2026-08-10T08:05:42+00:00
2026-04-29 03:00:00+00:00,FR,load,13.4,56,0.0,8.03,0.8660254037844386,0.5000000000000001,11.0,95,0.0,1.28,0.0697564737441255,-0.9975640502598242,13.8,87,0.0,13.15,0.9335804264972016,-0.3583679495453002,10.9,44,0.0,10.0,0.9135454576426008,0.4067366430758002,5.725,open-meteo,2026-08-10T08:05:42+00:00
2026-04-29 04:00:00+00:00,FR,load,13.2,55,0.0,8.67,0.848048096156426,0.5299192642332049,11.5,96,0.0,2.16,-0.0523359562429435,-0.9986295347545738,13.7,87,0.0,13.91,0.9135454576426008,-0.4067366430758002,10.1,46,0.0,10.4,0.9271838545667874,0.3746065934159119,5.875,open-meteo,2026-08-10T08:05:42+00:00
2026-04-29 05:00:00+00:00,FR,load,12.9,54,3.0,8.52,0.8660254037844386,0.5000000000000001,11.8,96,4.0,2.02,0.2419218955996677,-0.9702957262759964,13.7,87,0.0,14.24,0.8910065241883679,-0.4539904997395467,9.5,45,10.0,10.1,0.9205048534524404,0.3907311284892737,6.024999999999999,open-meteo,2026-08-10T08:05:42+00:00
2026-04-29 06:00:00+00:00,FR,load,12.9,56,58.0,8.59,0.8910065241883679,0.4539904997395468,12.3,96,56.0,0.78,1.2246467991473532e-16,-1.0,14.0,86,54.0,16.12,0.8480480961564261,-0.5299192642332048,10.0,47,116.0,9.8,0.9135454576426008,0.4067366430758002,5.699999999999999,open-meteo,2026-08-10T08:05:42+00:00
2026-04-29 07:00:00+00:00,FR,load,13.2,55,181.0,7.85,0.8746197071393957,0.4848096202463371,14.0,92,225.0,0.42,-0.7071067811865475,-0.7071067811865477,14.8,83,205.0,16.5,0.8290375725550417,-0.5591929034707467,10.7,46,277.0,9.7,0.9205048534524404,0.3907311284892737,4.824999999999999,open-meteo,2026-08-10T08:05:42+00:00
2026-04-29 08:00:00+00:00,FR,load,14.1,52,333.0,7.54,0.8987940462991669,0.4383711467890774,15.4,84,390.0,0.62,-0.3090169943749473,-0.9510565162951536,16.0,79,397.0,16.3,0.8290375725550417,-0.5591929034707467,12.2,42,448.0,9.2,0.9271838545667874,0.3746065934159119,3.575,open-meteo,2026-08-10T08:05:42+00:00
2026-04-29 09:00:00+00:00,FR,load,15.6,51,546.0,7.39,0.9271838545667874,0.3746065934159119,17.1,77,507.0,0.79,-0.5000000000000001,-0.8660254037844386,17.2,74,580.0,17.15,0.8191520442889917,-0.5735764363510462,13.9,39,606.0,10.1,0.9396926207859084,0.3420201433256688,2.049999999999999,open-meteo,2026-08-10T08:05:42+00:00
2026-04-29 10:00:00+00:00,FR,load,17.8,45,676.0,7.54,0.9612616959383188,0.2756373558169991,18.3,72,675.0,1.55,-0.5735764363510462,-0.8191520442889918,18.1,70,691.0,17.23,0.8290375725550417,-0.5591929034707467,16.1,36,736.0,8.5,0.9455185755993168,0.3255681544571567,0.4249999999999971,open-meteo,2026-08-10T08:05:42+00:00
2026-04-29 11:00:00+00:00,FR,load,20.0,40,798.0,7.31,0.9510565162951536,0.3090169943749474,19.4,67,732.0,2.45,-0.7986355100472928,-0.6018150231520483,19.3,64,795.0,16.96,0.8290375725550417,-0.5591929034707467,17.0,33,824.0,8.6,0.9271838545667874,0.3746065934159119,0.9250000000000008,open-meteo,2026-08-10T08:05:42+00:00
2026-04-29 12:00:00+00:00,FR,load,21.3,39,839.0,8.71,0.9455185755993168,0.3255681544571567,20.5,55,843.0,1.71,-0.913545457642601,-0.4067366430758001,20.1,60,823.0,15.93,0.8480480961564261,-0.5299192642332048,18.0,29,865.0,10.6,0.9612616959383188,0.2756373558169991,1.9750000000000008,open-meteo,2026-08-10T08:05:42+00:00
2026-04-29 13:00:00+00:00,FR,load,22.5,35,814.0,9.15,0.9612616959383188,0.2756373558169991,21.1,48,828.0,1.86,-0.9986295347545738,0.0523359562429439,20.3,59,781.0,15.88,0.8480480961564261,-0.5299192642332048,19.2,27,848.0,11.1,0.9510565162951536,0.3090169943749474,2.775000000000002,open-meteo,2026-08-10T08:05:42+00:00
2026-04-29 14:00:00+00:00,FR,load,23.2,34,749.0,10.66,0.981627183447664,0.1908089953765449,21.6,45,733.0,1.83,-0.9612616959383188,0.2756373558169994,20.1,59,645.0,16.06,0.838670567945424,-0.5446390350150272,19.6,24,788.0,10.5,0.9659258262890684,0.2588190451025207,3.125,open-meteo,2026-08-10T08:05:42+00:00
2026-04-29 15:00:00+00:00,FR,load,23.3,28,648.0,11.07,0.9998476951563912,0.0174524064372836,21.4,53,628.0,1.31,-0.2249510543438653,0.9743700647852352,19.4,62,543.0,14.75,0.8660254037844387,-0.4999999999999998,19.5,25,675.0,9.8,0.9876883405951378,0.1564344650402309,2.8999999999999986,open-meteo,2026-08-10T08:05:42+00:00
2026-04-29 16:00:00+00:00,FR,load,23.2,29,507.0,10.91,0.9961946980917455,0.0871557427476581,21.4,54,471.0,0.88,-0.8910065241883679,0.4539904997395466,19.4,60,441.0,14.25,0.8480480961564261,-0.5299192642332048,19.5,25,532.0,8.6,0.9659258262890684,0.2588190451025207,2.875,open-meteo,2026-08-10T08:05:42+00:00
2026-04-29 17:00:00+00:00,FR,load,22.5,30,334.0,11.27,0.9998476951563912,0.0174524064372836,20.9,55,300.0,0.89,-0.9945218953682734,0.1045284632676529,18.8,59,316.0,13.19,0.8571673007021123,-0.5150380749100543,19.1,30,366.0,8.7,0.984807753012208,0.1736481776669304,2.325000000000003,open-meteo,2026-08-10T08:05:42+00:00
2026-04-29 18:00:00+00:00,FR,load,21.2,33,168.0,10.97,0.9902680687415704,0.1391731009600654,19.1,75,126.0,3.15,0.8090169943749475,0.5877852522924731,18.1,57,156.0,10.25,0.8910065241883679,-0.4539904997395467,17.9,31,195.0,8.6,0.9510565162951536,0.3090169943749474,1.0749999999999993,open-meteo,2026-08-10T08:05:42+00:00
2026-04-29 19:00:00+00:00,FR,load,19.7,33,37.0,12.69,0.9876883405951378,0.1564344650402309,17.3,73,14.0,4.4,0.9563047559630354,0.2923717047227367,16.6,63,27.0,10.33,0.8571673007021123,-0.5150380749100543,16.6,31,52.0,7.9,0.9205048534524404,0.3907311284892737,0.4499999999999993,open-meteo,2026-08-10T08:05:42+00:00
2026-04-29 20:00:00+00:00,FR,load,18.5,35,0.0,12.59,0.981627183447664,0.1908089953765449,16.2,70,0.0,4.12,0.9998476951563912,0.0174524064372836,15.7,69,0.0,10.65,0.8290375725550417,-0.5591929034707467,15.3,37,0.0,7.9,0.8660254037844386,0.5000000000000001,1.5749999999999993,open-meteo,2026-08-10T08:05:42+00:00
2026-04-29 21:00:00+00:00,FR,load,17.3,32,0.0,12.09,0.981627183447664,0.1908089953765449,15.4,67,0.0,4.41,0.9998476951563912,-0.0174524064372834,15.3,70,0.0,11.41,0.8191520442889917,-0.5735764363510462,14.8,30,0.0,10.8,0.9396926207859084,0.3420201433256688,2.3000000000000007,open-meteo,2026-08-10T08:05:42+00:00
2026-04-29 22:00:00+00:00,FR,load,16.2,32,0.0,10.99,0.9902680687415704,0.1391731009600654,14.6,73,0.0,7.35,0.0348994967025011,-0.9993908270190958,15.1,75,0.0,11.93,0.8290375725550417,-0.5591929034707467,14.2,35,0.0,10.4,0.9702957262759964,0.2419218955996676,2.9750000000000014,open-meteo,2026-08-10T08:05:42+00:00
2026-04-29 23:00:00+00:00,FR,load,15.2,34,0.0,10.37,0.992546151641322,0.1218693434051474,14.1,63,0.0,7.69,-0.1218693434051473,-0.992546151641322,14.8,78,0.0,12.11,0.7986355100472927,-0.6018150231520484,12.9,36,0.0,9.7,0.981627183447664,0.1908089953765449,3.7500000000000018,open-meteo,2026-08-10T08:05:42+00:00
2026-04-30 00:00:00+00:00,FR,load,14.6,35,0.0,10.22,0.9975640502598242,0.0697564737441252,13.3,63,0.0,7.5,-0.1218693434051473,-0.992546151641322,14.7,78,0.0,13.16,0.8191520442889917,-0.5735764363510462,12.2,39,0.0,9.3,0.9961946980917455,0.0871557427476581,4.300000000000001,open-meteo,2026-08-08T10:03:04+00:00
2026-04-30 01:00:00+00:00,FR,load,13.8,37,0.0,10.1,0.9986295347545738,0.0523359562429439,13.8,62,0.0,6.29,-0.0697564737441252,-0.9975640502598242,14.3,83,0.0,13.33,0.8090169943749475,-0.587785252292473,11.6,39,0.0,9.8,0.9975640502598242,0.0697564737441252,4.624999999999998,open-meteo,2026-08-08T09:50:27+00:00
2026-04-30 02:00:00+00:00,FR,load,13.0,39,0.0,9.61,0.9993908270190958,-0.0348994967025009,13.9,61,0.0,4.44,0.2419218955996677,-0.9702957262759964,14.1,86,0.0,13.17,0.7986355100472927,-0.6018150231520484,10.9,36,0.0,10.0,0.9986295347545738,0.0523359562429439,5.025,open-meteo,2026-08-08T10:03:04+00:00
2026-04-30 03:00:00+00:00,FR,load,12.4,41,0.0,9.92,0.9975640502598242,0.0697564737441252,13.2,62,0.0,4.92,-0.1045284632676535,-0.9945218953682732,14.1,84,0.0,13.07,0.8290375725550417,-0.5591929034707467,10.2,39,0.0,9.8,0.9993908270190958,0.034899496702501,5.524999999999999,open-meteo,2026-08-08T10:03:04+00:00
2026-04-30 04:00:00+00:00,FR,load,11.7,42,0.0,10.22,0.9975640502598242,0.0697564737441252,12.4,66,0.0,3.14,1.2246467991473532e-16,-1.0,14.0,84,0.0,12.64,0.8480480961564261,-0.5299192642332048,9.5,38,0.0,9.9,0.9993908270190958,0.034899496702501,6.1,open-meteo,2026-08-08T10:03:04+00:00
2026-04-30 05:00:00+00:00,FR,load,11.0,44,5.0,9.7,0.9993908270190958,0.034899496702501,11.8,67,6.0,1.92,0.258819045102521,-0.9659258262890682,13.9,84,0.0,11.71,0.8290375725550417,-0.5591929034707467,8.8,40,12.0,9.9,0.992546151641322,0.1218693434051474,6.625,open-meteo,2026-08-08T09:50:27+00:00
2026-04-30 06:00:00+00:00,FR,load,11.2,45,95.0,9.11,0.9998476951563912,0.0174524064372836,13.1,71,76.0,0.28,-0.7071067811865475,-0.7071067811865477,14.1,81,50.0,10.68,0.8191520442889917,-0.5735764363510462,9.6,41,120.0,8.9,0.9975640502598242,-0.0697564737441253,6.0,open-meteo,2026-08-08T09:50:27+00:00
2026-04-30 07:00:00+00:00,FR,load,12.1,44,262.0,8.72,1.0,6.123233995736766e-17,15.4,64,184.0,0.62,-0.3090169943749477,0.9510565162951536,14.9,80,157.0,11.15,0.777145961456971,-0.6293203910498373,11.0,37,286.0,8.6,0.9961946980917455,-0.0871557427476582,4.65,open-meteo,2026-08-08T09:50:27+00:00
2026-04-30 08:00:00+00:00,FR,load,13.6,42,440.0,7.65,0.9993908270190958,-0.0348994967025009,17.4,62,399.0,0.98,-0.6018150231520483,0.7986355100472928,16.1,77,376.0,11.16,0.7313537016191706,-0.6819983600624984,12.7,37,461.0,8.9,0.9961946980917455,-0.0871557427476582,3.0500000000000007,open-meteo,2026-08-08T09:50:27+00:00
2026-04-30 09:00:00+00:00,FR,load,15.9,35,606.0,7.06,0.9986295347545738,0.0523359562429439,18.5,60,560.0,1.53,-0.8910065241883678,-0.4539904997395469,17.6,71,475.0,9.12,0.777145961456971,-0.6293203910498373,14.5,35,618.0,8.4,0.9902680687415704,-0.1391731009600653,1.375,open-meteo,2026-08-08T09:50:27+00:00
2026-04-30 10:00:00+00:00,FR,load,17.7,33,740.0,7.58,0.9945218953682732,0.1045284632676534,19.3,59,501.0,1.14,-0.5150380749100542,-0.8571673007021123,18.7,67,505.0,7.72,0.8090169943749475,-0.587785252292473,16.1,33,747.0,6.7,0.9998476951563912,0.0174524064372836,0.0499999999999971,open-meteo,2026-08-08T09:50:27+00:00
2026-04-30 11:00:00+00:00,FR,load,19.5,30,831.0,8.43,0.9986295347545738,0.0523359562429439,21.1,44,702.0,3.72,-0.3090169943749473,-0.9510565162951536,19.5,64,478.0,7.04,0.8480480961564261,-0.5299192642332048,17.0,31,832.0,6.8,1.0,6.123233995736766e-17,1.2749999999999986,open-meteo,2026-08-08T09:50:27+00:00
2026-04-30 12:00:00+00:00,FR,load,20.9,29,874.0,8.43,0.9998476951563912,0.0174524064372836,21.7,39,832.0,4.82,-0.4848096202463369,-0.8746197071393959,20.2,63,455.0,7.1,0.9135454576426008,-0.4067366430758002,18.5,28,868.0,7.3,0.9612616959383188,-0.275637355816999,2.325,open-meteo,2026-08-08T10:03:04+00:00
2026-04-30 13:00:00+00:00,FR,load,22.1,27,863.0,8.36,0.9961946980917455,-0.0871557427476582,22.0,35,716.0,5.65,-0.4694715627858908,-0.8829475928589269,21.2,58,592.0,7.99,0.9205048534524404,-0.3907311284892737,19.7,27,855.0,8.4,0.9659258262890684,-0.2588190451025208,3.25,open-meteo,2026-08-08T10:03:04+00:00
2026-04-30 14:00:00+00:00,FR,load,22.8,26,799.0,8.23,0.9876883405951378,-0.1564344650402308,21.6,45,607.0,5.38,-0.5446390350150271,-0.838670567945424,21.5,55,535.0,7.93,0.8987940462991669,-0.4383711467890775,20.5,26,793.0,8.0,0.9510565162951536,-0.3090169943749473,3.6000000000000014,open-meteo,2026-08-08T10:03:04+00:00
2026-04-30 15:00:00+00:00,FR,load,22.7,29,688.0,7.84,0.9876883405951378,-0.1564344650402308,20.4,47,462.0,9.23,-0.6018150231520484,-0.7986355100472928,19.4,64,413.0,9.37,0.9335804264972016,-0.3583679495453002,21.1,26,677.0,7.9,0.9659258262890684,-0.2588190451025208,2.8999999999999986,open-meteo,2026-08-08T09:50:27+00:00
2026-04-30 16:00:00+00:00,FR,load,22.9,29,538.0,7.9,0.9563047559630355,-0.2923717047227366,19.4,52,403.0,9.83,-0.3420201433256686,-0.9396926207859084,18.5,69,270.0,9.69,0.9135454576426008,-0.4067366430758002,20.8,23,533.0,8.1,0.9612616959383188,-0.275637355816999,2.3999999999999986,open-meteo,2026-08-08T10:03:04+00:00
2026-04-30 17:00:00+00:00,FR,load,22.4,30,367.0,7.71,0.9781476007338056,-0.2079116908177593,17.8,60,196.0,9.3,-0.1391731009600655,-0.9902680687415704,18.0,72,226.0,8.98,0.8910065241883679,-0.4539904997395467,19.9,26,372.0,9.1,0.992546151641322,-0.1218693434051473,1.5249999999999986,open-meteo,2026-08-08T10:03:04+00:00
2026-04-30 18:00:00+00:00,FR,load,21.0,32,190.0,7.97,0.9961946980917455,-0.0871557427476582,16.2,66,82.0,9.71,-0.0348994967025009,-0.9993908270190958,17.8,68,118.0,9.75,0.8660254037844387,-0.4999999999999998,18.9,27,202.0,10.9,0.992546151641322,-0.1218693434051473,0.4750000000000014,open-meteo,2026-08-08T10:03:04+00:00
2026-04-30 19:00:00+00:00,FR,load,19.3,35,43.0,7.76,0.984807753012208,0.1736481776669304,14.9,75,15.0,9.52,-0.0697564737441252,-0.9975640502598242,16.5,75,30.0,8.16,0.9135454576426008,-0.4067366430758002,17.4,24,55.0,10.8,0.9781476007338056,-0.2079116908177593,0.9750000000000014,open-meteo,2026-08-08T10:03:04+00:00
2026-04-30 20:00:00+00:00,FR,load,18.0,36,0.0,8.73,0.9986295347545738,0.0523359562429439,14.6,75,0.0,10.9,-0.0697564737441252,-0.9975640502598242,15.5,83,0.0,8.35,0.9271838545667874,-0.374606593415912,16.2,28,0.0,10.9,0.9563047559630355,-0.2923717047227366,1.9250000000000007,open-meteo,2026-08-08T10:03:04+00:00
2026-04-30 21:00:00+00:00,FR,load,16.5,38,0.0,8.55,0.9961946980917455,-0.0871557427476582,14.2,82,0.0,10.2,-0.0348994967025009,-0.9993908270190958,14.9,88,0.0,9.46,0.8987940462991669,-0.4383711467890775,14.7,34,0.0,9.6,0.9455185755993168,-0.3255681544571566,2.9250000000000007,open-meteo,2026-08-08T09:50:27+00:00
2026-04-30 22:00:00+00:00,FR,load,15.4,40,0.0,8.17,0.9945218953682732,-0.1045284632676535,13.7,86,0.0,9.26,-0.1045284632676535,-0.9945218953682732,14.8,89,0.0,10.38,0.8987940462991669,-0.4383711467890775,13.2,31,0.0,10.5,0.8480480961564261,-0.5299192642332048,3.724999999999998,open-meteo,2026-08-08T10:03:04+00:00
2026-04-30 23:00:00+00:00,FR,load,14.4,41,0.0,8.3,0.9781476007338056,-0.2079116908177593,13.6,87,0.0,7.94,1.2246467991473532e-16,-1.0,14.6,89,0.0,9.64,0.90630778703665,-0.4226182617406993,12.9,32,0.0,8.9,0.9135454576426008,-0.4067366430758002,4.125,open-meteo,2026-08-08T09:50:27+00:00
2026-05-01 00:00:00+00:00,FR,load,13.6,42,0.0,7.23,0.8910065241883679,-0.4539904997395467,13.7,84,0.0,6.76,-0.0348994967025009,-0.9993908270190958,14.7,87,0.0,9.13,0.9205048534524404,-0.3907311284892737,11.6,37,0.0,9.9,0.9205048534524404,-0.3907311284892737,4.6,open-meteo,2026-08-08T10:03:04+00:00
2026-05-01 01:00:00+00:00,FR,load,12.9,44,0.0,6.17,0.838670567945424,-0.5446390350150272,13.0,87,0.0,5.57,0.1736481776669302,-0.984807753012208,14.4,86,0.0,8.28,0.9335804264972016,-0.3583679495453002,10.3,36,0.0,9.8,0.9135454576426008,-0.4067366430758002,5.350000000000001,open-meteo,2026-08-08T10:03:04+00:00
2026-05-01 02:00:00+00:00,FR,load,12.2,49,0.0,5.13,0.7431448254773942,-0.6691306063588582,12.6,89,0.0,5.29,1.2246467991473532e-16,-1.0,14.0,83,0.0,8.56,0.9135454576426008,-0.4067366430758002,9.6,36,0.0,9.7,0.90630778703665,-0.4226182617406993,5.9,open-meteo,2026-08-08T10:03:04+00:00
2026-05-01 03:00:00+00:00,FR,load,11.6,49,0.0,5.22,0.9205048534524404,-0.3907311284892737,12.7,86,0.0,4.8,0.0174524064372834,-0.9998476951563912,14.1,81,0.0,9.53,0.9271838545667874,-0.374606593415912,8.6,40,0.0,9.1,0.7431448254773942,-0.6691306063588582,6.25,open-meteo,2026-08-08T09:50:27+00:00
2026-05-01 04:00:00+00:00,FR,load,11.0,52,0.0,4.74,0.8660254037844387,-0.4999999999999998,12.2,87,0.0,3.55,0.1045284632676537,-0.9945218953682732,13.8,84,0.0,10.08,0.8910065241883679,-0.4539904997395467,7.0,43,0.0,8.1,0.777145961456971,-0.6293203910498373,7.0,open-meteo,2026-08-08T09:50:27+00:00
2026-05-01 05:00:00+00:00,FR,load,10.6,56,5.0,3.8,0.8191520442889917,-0.5735764363510462,12.0,88,5.0,4.81,0.0697564737441255,-0.9975640502598242,13.7,88,1.0,10.43,0.8829475928589269,-0.4694715627858909,6.8,45,12.0,8.2,0.766044443118978,-0.6427876096865394,7.225000000000001,open-meteo,2026-08-08T10:03:04+00:00
2026-05-01 06:00:00+00:00,FR,load,11.6,53,72.0,3.29,0.4999999999999999,-0.8660254037844387,14.0,84,74.0,6.27,0.0348994967025011,-0.9993908270190958,14.7,86,62.0,11.78,0.8571673007021123,-0.5150380749100543,8.7,42,119.0,7.6,0.788010753606722,-0.6156614753256583,5.75,open-meteo,2026-08-08T09:50:27+00:00
2026-05-01 07:00:00+00:00,FR,load,12.6,54,178.0,1.93,0.4067366430758004,-0.9135454576426008,15.2,79,173.0,6.27,0.0348994967025011,-0.9993908270190958,15.8,81,212.0,12.43,0.8571673007021123,-0.5150380749100543,11.5,38,280.0,5.1,0.777145961456971,-0.6293203910498373,4.225000000000001,open-meteo,2026-08-08T09:50:27+00:00
2026-05-01 08:00:00+00:00,FR,load,14.7,52,399.0,1.06,0.3746065934159122,-0.9271838545667872,16.2,76,293.0,5.39,-0.0174524064372836,-0.9998476951563912,16.9,76,370.0,12.96,0.838670567945424,-0.5446390350150272,13.7,34,446.0,4.4,0.5877852522924732,-0.8090169943749473,2.625,open-meteo,2026-08-08T10:03:04+00:00
2026-05-01 09:00:00+00:00,FR,load,18.1,49,534.0,1.08,-0.0871557427476579,-0.9961946980917455,17.2,72,501.0,6.31,-0.1045284632676535,-0.9945218953682732,18.4,68,541.0,13.35,0.8191520442889917,-0.5735764363510462,15.7,35,599.0,5.4,0.4226182617406995,-0.90630778703665,0.6500000000000021,open-meteo,2026-08-08T09:50:27+00:00
2026-05-01 10:00:00+00:00,FR,load,20.4,52,680.0,1.2,-0.5735764363510462,-0.8191520442889918,18.6,65,704.0,7.23,-0.275637355816999,-0.9612616959383188,19.8,59,716.0,13.21,0.8191520442889917,-0.5735764363510462,18.7,33,719.0,5.0,0.4226182617406995,-0.90630778703665,1.375,open-meteo,2026-08-08T10:03:04+00:00
2026-05-01 11:00:00+00:00,FR,load,22.4,52,791.0,2.2,-0.5299192642332048,-0.8480480961564261,19.6,57,771.0,6.63,-0.275637355816999,-0.9612616959383188,20.6,53,833.0,13.56,0.8290375725550417,-0.5591929034707467,20.5,31,798.0,4.6,0.3907311284892737,-0.9205048534524404,2.7749999999999986,open-meteo,2026-08-08T09:50:27+00:00
2026-05-01 12:00:00+00:00,FR,load,23.0,52,739.0,2.02,0.2419218955996677,-0.9702957262759964,20.7,50,846.0,5.47,-0.2588190451025208,-0.9659258262890684,21.3,50,882.0,13.73,0.8480480961564261,-0.5299192642332048,21.8,31,835.0,4.5,0.4539904997395468,-0.8910065241883678,3.6999999999999993,open-meteo,2026-08-08T10:03:04+00:00
2026-05-01 13:00:00+00:00,FR,load,23.9,49,627.0,3.5,-0.3090169943749473,-0.9510565162951536,21.4,49,811.0,5.42,-0.2249510543438649,-0.9743700647852352,21.4,45,871.0,14.27,0.8480480961564261,-0.5299192642332048,22.8,30,817.0,4.7,0.4383711467890773,-0.898794046299167,4.3749999999999964,open-meteo,2026-08-08T10:03:04+00:00
2026-05-01 14:00:00+00:00,FR,load,23.9,50,586.0,2.88,-0.5735764363510462,-0.8191520442889918,21.7,47,710.0,5.47,-0.2588190451025208,-0.9659258262890684,20.6,39,712.0,14.57,0.8480480961564261,-0.5299192642332048,23.3,30,744.0,5.0,0.4226182617406995,-0.90630778703665,4.3749999999999964,open-meteo,2026-08-08T09:50:27+00:00
2026-05-01 15:00:00+00:00,FR,load,23.7,51,608.0,1.8,-0.374606593415912,-0.9271838545667874,21.5,49,568.0,6.23,-0.275637355816999,-0.9612616959383188,19.2,36,547.0,14.22,0.8660254037844387,-0.4999999999999998,23.9,29,637.0,4.2,0.2079116908177593,-0.9781476007338056,4.075000000000003,open-meteo,2026-08-08T10:03:04+00:00
2026-05-01 16:00:00+00:00,FR,load,22.6,58,231.0,5.22,-0.8290375725550418,-0.5591929034707466,21.1,51,480.0,6.84,-0.2249510543438649,-0.9743700647852352,18.3,34,350.0,14.07,0.8746197071393959,-0.484809620246337,23.4,31,511.0,4.3,0.1564344650402309,-0.9876883405951375,3.3500000000000014,open-meteo,2026-08-08T09:50:27+00:00
2026-05-01 17:00:00+00:00,FR,load,20.5,66,202.0,2.36,0.7071067811865476,-0.7071067811865475,20.3,51,303.0,8.19,-0.1218693434051473,-0.992546151641322,17.5,36,217.0,13.66,0.8571673007021123,-0.5150380749100543,23.0,37,351.0,4.1,0.258819045102521,-0.9659258262890682,2.325,open-meteo,2026-08-08T10:03:04+00:00
2026-05-01 18:00:00+00:00,FR,load,19.6,67,35.0,2.79,-0.1736481776669304,-0.984807753012208,19.0,49,125.0,7.95,-0.0697564737441252,-0.9975640502598242,16.9,37,105.0,12.91,0.8660254037844387,-0.4999999999999998,21.5,50,186.0,3.5,0.4999999999999999,-0.8660254037844387,1.25,open-meteo,2026-08-08T10:03:04+00:00
2026-05-01 19:00:00+00:00,FR,load,17.6,70,15.0,4.8,1.0,6.123233995736766e-17,17.4,54,16.0,8.9,-0.1391731009600655,-0.9902680687415704,15.7,44,24.0,13.15,0.838670567945424,-0.5446390350150272,19.0,44,53.0,3.6,0.5446390350150273,-0.8386705679454239,0.5749999999999993,open-meteo,2026-08-08T10:03:04+00:00
2026-05-01 20:00:00+00:00,FR,load,16.7,77,0.0,3.14,0.9993908270190958,-0.0348994967025009,16.4,58,0.0,11.82,-0.1045284632676535,-0.9945218953682732,14.9,54,0.0,13.68,0.8090169943749475,-0.587785252292473,16.4,50,0.0,3.9,0.5591929034707469,-0.8290375725550416,1.900000000000002,open-meteo,2026-08-08T10:03:04+00:00
2026-05-01 21:00:00+00:00,FR,load,16.6,83,0.0,3.21,0.2079116908177593,-0.9781476007338056,15.3,52,0.0,12.66,-0.0697564737441252,-0.9975640502598242,14.6,65,0.0,13.97,0.8090169943749475,-0.587785252292473,15.3,56,0.0,6.0,0.6156614753256584,-0.7880107536067219,2.5500000000000007,open-meteo,2026-08-08T10:03:04+00:00
2026-05-01 22:00:00+00:00,FR,load,16.2,85,0.0,4.02,1.2246467991473532e-16,-1.0,14.2,53,0.0,12.46,-0.0523359562429435,-0.9986295347545738,14.4,76,0.0,14.17,0.8090169943749475,-0.587785252292473,15.1,77,0.0,9.3,-0.5591929034707467,-0.8290375725550418,3.0250000000000004,open-meteo,2026-08-08T10:03:04+00:00
2026-05-01 23:00:00+00:00,FR,load,16.2,87,0.0,1.58,0.4999999999999999,-0.8660254037844387,13.5,57,0.0,12.08,-0.0697564737441252,-0.9975640502598242,14.3,83,0.0,14.77,0.7986355100472927,-0.6018150231520484,12.2,79,0.0,5.5,-0.984807753012208,0.1736481776669299,3.9499999999999993,open-meteo,2026-08-08T09:50:27+00:00
2026-05-02 00:00:00+00:00,FR,load,15.3,96,0.0,1.1,0.1736481776669302,-0.984807753012208,12.9,64,0.0,10.23,-0.0871557427476579,-0.9961946980917455,14.5,83,0.0,15.88,0.8191520442889917,-0.5735764363510462,14.5,78,0.0,4.8,-0.9510565162951536,-0.3090169943749475,3.6999999999999993,open-meteo,2026-08-08T09:50:27+00:00
2026-05-02 01:00:00+00:00,FR,load,14.6,99,0.0,1.71,-0.913545457642601,-0.4067366430758001,12.3,70,0.0,11.9,-0.1564344650402307,-0.9876883405951378,14.5,83,0.0,16.31,0.8191520442889917,-0.5735764363510462,14.0,79,0.0,3.6,-0.9702957262759964,-0.2419218955996677,4.15,open-meteo,2026-08-08T09:50:27+00:00
2026-05-02 02:00:00+00:00,FR,load,13.8,99,0.0,2.09,-0.981627183447664,-0.1908089953765446,12.0,71,0.0,12.69,-0.2249510543438649,-0.9743700647852352,14.4,85,0.0,16.64,0.8090169943749475,-0.587785252292473,12.9,95,0.0,1.6,0.3583679495453002,-0.9335804264972016,4.725,open-meteo,2026-08-08T09:50:27+00:00
2026-05-02 03:00:00+00:00,FR,load,12.7,98,0.0,1.39,-0.9902680687415704,0.1391731009600654,11.4,70,0.0,11.8,-0.1908089953765447,-0.981627183447664,14.4,84,0.0,16.77,0.8191520442889917,-0.5735764363510462,13.1,93,0.0,3.6,-0.9902680687415704,-0.1391731009600658,5.1,open-meteo,2026-08-08T09:50:27+00:00
2026-05-02 04:00:00+00:00,FR,load,12.0,100,0.0,1.38,0.0697564737441255,-0.9975640502598242,11.0,72,0.0,11.47,-0.1908089953765447,-0.981627183447664,14.4,83,0.0,16.91,0.8090169943749475,-0.587785252292473,13.7,99,0.0,1.2,-0.3090169943749473,-0.9510565162951536,5.225000000000001,open-meteo,2026-08-08T10:03:04+00:00
2026-05-02 05:00:00+00:00,FR,load,11.3,100,4.0,1.46,-0.3420201433256686,-0.9396926207859084,11.0,73,7.0,11.65,-0.1736481776669304,-0.984807753012208,14.3,82,1.0,17.19,0.788010753606722,-0.6156614753256583,13.4,97,1.0,2.3,-0.8571673007021121,-0.5150380749100544,5.5,open-meteo,2026-08-08T09:50:27+00:00
2026-05-02 06:00:00+00:00,FR,load,13.0,99,41.0,2.65,0.0697564737441255,-0.9975640502598242,11.7,71,109.0,12.17,-0.1391731009600655,-0.9902680687415704,14.3,75,68.0,17.64,0.788010753606722,-0.6156614753256583,14.3,94,12.0,1.5,0.2079116908177593,-0.9781476007338056,4.675000000000001,open-meteo,2026-08-08T10:03:04+00:00
2026-05-02 07:00:00+00:00,FR,load,15.0,91,174.0,2.59,0.1908089953765449,-0.981627183447664,13.3,67,280.0,11.89,-0.1564344650402307,-0.9876883405951378,15.1,70,234.0,17.62,0.7986355100472927,-0.6018150231520484,15.3,93,69.0,2.4,-0.9510565162951536,-0.3090169943749475,3.325,open-meteo,2026-08-08T10:03:04+00:00
2026-05-02 08:00:00+00:00,FR,load,16.6,82,254.0,1.18,0.4067366430758004,-0.9135454576426008,14.9,61,438.0,12.24,-0.2419218955996675,-0.9702957262759964,16.2,65,414.0,17.68,0.788010753606722,-0.6156614753256583,15.4,94,335.0,1.3,-0.9702957262759966,0.2419218955996674,2.225,open-meteo,2026-08-08T09:50:27+00:00
2026-05-02 09:00:00+00:00,FR,load,19.0,71,493.0,2.64,0.7431448254773942,-0.6691306063588582,16.9,52,609.0,14.13,-0.2923717047227367,-0.9563047559630354,17.4,62,569.0,18.05,0.7986355100472927,-0.6018150231520484,17.0,78,368.0,1.9,-0.4067366430758002,-0.9135454576426008,0.4250000000000007,open-meteo,2026-08-08T09:50:27+00:00
2026-05-02 10:00:00+00:00,FR,load,20.8,67,596.0,2.88,0.5735764363510459,-0.8191520442889919,17.9,48,691.0,13.69,-0.3090169943749473,-0.9510565162951536,18.6,57,675.0,18.01,0.8090169943749475,-0.587785252292473,18.0,69,518.0,1.6,-0.5000000000000001,-0.8660254037844386,0.8250000000000028,open-meteo,2026-08-08T09:50:27+00:00
2026-05-02 11:00:00+00:00,FR,load,22.3,64,664.0,4.12,0.4226182617406995,-0.90630778703665,19.2,38,772.0,13.74,-0.3583679495453004,-0.9335804264972016,19.5,53,798.0,17.81,0.8090169943749475,-0.587785252292473,18.8,74,695.0,0.9,0.3420201433256689,-0.9396926207859084,1.9499999999999995,open-meteo,2026-08-08T09:50:27+00:00
2026-05-02 12:00:00+00:00,FR,load,23.7,53,744.0,5.76,0.3090169943749475,-0.9510565162951536,20.5,33,855.0,12.36,-0.3090169943749473,-0.9510565162951536,19.6,55,716.0,17.45,0.8290375725550417,-0.5591929034707467,20.8,61,741.0,1.0,0.258819045102521,-0.9659258262890682,3.150000000000002,open-meteo,2026-08-08T09:50:27+00:00
2026-05-02 13:00:00+00:00,FR,load,24.7,37,687.0,6.44,-0.1564344650402307,-0.9876883405951378,20.7,34,858.0,13.48,-0.3255681544571567,-0.9455185755993168,20.0,56,807.0,16.96,0.8290375725550417,-0.5591929034707467,21.8,59,800.0,1.5,0.8090169943749475,-0.587785252292473,3.8000000000000007,open-meteo,2026-08-08T10:03:04+00:00
2026-05-02 14:00:00+00:00,FR,load,24.8,35,451.0,9.13,-0.5446390350150271,-0.838670567945424,20.9,35,750.0,13.14,-0.3420201433256686,-0.9396926207859084,19.9,57,706.0,16.17,0.8290375725550417,-0.5591929034707467,21.1,67,540.0,3.7,0.777145961456971,-0.6293203910498373,3.674999999999997,open-meteo,2026-08-08T10:03:04+00:00
2026-05-02 15:00:00+00:00,FR,load,24.2,36,572.0,8.38,-0.7071067811865475,-0.7071067811865477,20.5,37,582.0,13.05,-0.3420201433256686,-0.9396926207859084,18.9,58,579.0,15.66,0.8090169943749475,-0.587785252292473,22.5,55,244.0,3.7,0.7986355100472927,-0.6018150231520484,3.5249999999999986,open-meteo,2026-08-08T10:03:04+00:00
2026-05-02 16:00:00+00:00,FR,load,22.3,47,383.0,9.25,-0.882947592858927,-0.4694715627858907,19.0,45,334.0,12.96,-0.3907311284892735,-0.9205048534524404,18.6,59,515.0,15.36,0.8090169943749475,-0.587785252292473,16.8,82,306.0,7.2,-0.587785252292473,-0.8090169943749475,1.1750000000000007,open-meteo,2026-08-08T10:03:04+00:00
2026-05-02 17:00:00+00:00,FR,load,20.9,53,275.0,8.72,-0.9335804264972016,-0.3583679495453007,18.2,38,132.0,13.5,-0.2249510543438649,-0.9743700647852352,17.9,63,327.0,15.46,0.8290375725550417,-0.5591929034707467,20.8,66,190.0,3.0,1.0,6.123233995736766e-17,1.4499999999999993,open-meteo,2026-08-08T10:03:04+00:00
2026-05-02 18:00:00+00:00,FR,load,19.4,57,104.0,6.2,-0.8191520442889916,-0.5735764363510464,16.5,38,52.0,13.22,-0.1736481776669304,-0.984807753012208,17.0,68,123.0,15.79,0.8290375725550417,-0.5591929034707467,16.6,93,57.0,2.2,-0.529919264233205,0.8480480961564258,0.625,open-meteo,2026-08-08T10:03:04+00:00
2026-05-02 19:00:00+00:00,FR,load,18.2,62,24.0,5.23,-0.6156614753256582,-0.788010753606722,15.2,41,12.0,14.36,-0.2249510543438649,-0.9743700647852352,16.1,69,25.0,15.93,0.8090169943749475,-0.587785252292473,17.3,88,34.0,1.0,-0.7771459614569708,0.6293203910498375,1.3000000000000007,open-meteo,2026-08-08T10:03:04+00:00
2026-05-02 20:00:00+00:00,FR,load,16.8,75,0.0,6.43,-0.7880107536067221,-0.6156614753256581,14.4,44,0.0,14.87,-0.1564344650402307,-0.9876883405951378,15.7,70,0.0,15.36,0.7547095802227721,-0.6560590289905072,16.5,83,0.0,2.7,0.9335804264972016,-0.3583679495453002,2.1499999999999986,open-meteo,2026-08-08T10:03:04+00:00
2026-05-02 21:00:00+00:00,FR,load,16.5,76,0.0,5.36,-0.7660444431189779,-0.6427876096865395,13.8,47,0.0,13.34,-0.1391731009600655,-0.9902680687415704,15.3,73,0.0,12.42,0.8660254037844387,-0.4999999999999998,15.9,93,0.0,5.9,0.6560590289905073,-0.754709580222772,2.625,open-meteo,2026-08-08T09:50:27+00:00
2026-05-02 22:00:00+00:00,FR,load,16.2,78,0.0,4.87,-0.6427876096865393,-0.766044443118978,13.1,53,0.0,15.49,-0.2249510543438649,-0.9743700647852352,15.0,79,0.0,11.8,0.8480480961564261,-0.5299192642332048,16.0,94,0.0,5.9,-0.5299192642332048,-0.8480480961564261,2.9250000000000007,open-meteo,2026-08-08T09:50:27+00:00
2026-05-02 23:00:00+00:00,FR,load,16.0,79,0.0,5.23,-0.6156614753256582,-0.788010753606722,12.3,63,0.0,14.88,-0.2249510543438649,-0.9743700647852352,15.0,82,0.0,12.29,0.8090169943749475,-0.587785252292473,14.7,97,0.0,3.8,-0.5591929034707467,-0.8290375725550418,3.5,open-meteo,2026-08-08T09:50:27+00:00
2026-05-03 00:00:00+00:00,FR,load,15.6,80,0.0,5.59,-0.6156614753256582,-0.788010753606722,12.5,62,0.0,14.6,-0.2079116908177595,-0.9781476007338056,15.0,81,0.0,11.68,0.7986355100472927,-0.6018150231520484,15.9,95,0.0,3.5,-0.4067366430758002,-0.9135454576426008,3.25,open-meteo,2026-08-08T09:50:27+00:00
2026-05-03 01:00:00+00:00,FR,load,15.3,85,0.0,5.55,-0.5299192642332048,-0.8480480961564261,12.1,70,0.0,14.7,-0.2079116908177595,-0.9781476007338056,15.0,82,0.0,10.31,0.8090169943749475,-0.587785252292473,14.9,95,0.0,4.1,0.3583679495453002,-0.9335804264972016,3.6750000000000007,open-meteo,2026-08-08T09:50:27+00:00
2026-05-03 02:00:00+00:00,FR,load,15.0,90,0.0,5.53,-0.6018150231520484,-0.7986355100472928,11.7,76,0.0,14.17,-0.2249510543438649,-0.9743700647852352,14.9,83,0.0,10.27,0.788010753606722,-0.6156614753256583,14.9,89,0.0,6.4,-0.0697564737441252,-0.9975640502598242,3.875,open-meteo,2026-08-08T09:50:27+00:00
2026-05-03 03:00:00+00:00,FR,load,14.8,91,0.0,4.92,-0.6946583704589974,-0.7193398003386511,11.9,75,0.0,14.33,-0.2419218955996675,-0.9702957262759964,14.5,85,0.0,10.99,0.7986355100472927,-0.6018150231520484,15.5,94,0.0,5.3,-0.2923717047227367,-0.9563047559630354,3.8249999999999993,open-meteo,2026-08-08T10:03:04+00:00
2026-05-03 04:00:00+00:00,FR,load,14.6,95,0.0,6.02,-0.275637355816999,-0.9612616959383188,11.7,79,0.0,14.19,-0.2249510543438649,-0.9743700647852352,14.2,88,0.0,10.78,0.7986355100472927,-0.6018150231520484,14.8,94,0.0,6.9,-0.0871557427476579,-0.9961946980917455,4.175000000000001,open-meteo,2026-08-08T10:03:04+00:00
2026-05-03 05:00:00+00:00,FR,load,14.3,91,2.0,6.11,-0.2079116908177595,-0.9781476007338056,11.2,82,9.0,13.38,-0.2249510543438649,-0.9743700647852352,14.1,90,1.0,11.6,0.7986355100472927,-0.6018150231520484,14.2,92,2.0,6.2,-0.2588190451025208,-0.9659258262890684,4.550000000000001,open-meteo,2026-08-08T10:03:04+00:00
2026-05-03 06:00:00+00:00,FR,load,13.8,92,27.0,5.31,-0.5000000000000001,-0.8660254037844386,11.6,82,107.0,12.4,-0.2419218955996675,-0.9702957262759964,14.4,86,62.0,11.77,0.8290375725550417,-0.5591929034707467,14.8,97,4.0,5.4,-0.4067366430758002,-0.9135454576426008,4.350000000000001,open-meteo,2026-08-08T10:03:04+00:00
2026-05-03 07:00:00+00:00,FR,load,13.8,90,48.0,4.7,-0.3907311284892735,-0.9205048534524404,13.0,72,274.0,13.08,-0.2923717047227367,-0.9563047559630354,15.4,82,203.0,10.91,0.8571673007021123,-0.5150380749100543,14.6,96,16.0,5.5,-0.3255681544571567,-0.9455185755993168,3.799999999999999,open-meteo,2026-08-08T09:50:27+00:00
2026-05-03 08:00:00+00:00,FR,load,14.3,87,135.0,5.0,-0.3907311284892735,-0.9205048534524404,14.3,63,435.0,14.19,-0.3090169943749473,-0.9510565162951536,16.3,76,383.0,11.68,0.8660254037844387,-0.4999999999999998,14.5,95,87.0,4.5,-0.3583679495453004,-0.9335804264972016,3.1499999999999986,open-meteo,2026-08-08T09:50:27+00:00
2026-05-03 09:00:00+00:00,FR,load,15.1,86,239.0,4.71,-0.3583679495453004,-0.9335804264972016,14.5,63,438.0,13.77,-0.275637355816999,-0.9612616959383188,17.8,69,542.0,11.48,0.8910065241883679,-0.4539904997395467,15.1,92,66.0,6.4,-0.1736481776669304,-0.984807753012208,2.3749999999999982,open-meteo,2026-08-08T10:03:04+00:00
2026-05-03 10:00:00+00:00,FR,load,16.2,74,336.0,5.68,-0.3583679495453004,-0.9335804264972016,15.3,63,404.0,14.81,-0.3090169943749473,-0.9510565162951536,19.2,62,664.0,11.7,0.8910065241883679,-0.4539904997395467,15.7,90,186.0,5.6,-0.3255681544571567,-0.9455185755993168,1.3999999999999986,open-meteo,2026-08-08T09:50:27+00:00
2026-05-03 11:00:00+00:00,FR,load,16.5,75,251.0,5.04,-0.4067366430758002,-0.9135454576426008,16.1,58,489.0,14.64,-0.275637355816999,-0.9612616959383188,20.3,56,780.0,11.99,0.9205048534524404,-0.3907311284892737,16.4,89,263.0,5.0,-0.5000000000000001,-0.8660254037844386,0.6749999999999972,open-meteo,2026-08-08T10:03:04+00:00
2026-05-03 12:00:00+00:00,FR,load,17.3,72,299.0,4.62,-0.587785252292473,-0.8090169943749475,15.2,63,575.0,11.48,-0.2588190451025208,-0.9659258262890684,20.9,55,827.0,11.04,0.90630778703665,-0.4226182617406993,16.9,82,228.0,4.8,-0.6156614753256582,-0.788010753606722,0.4250000000000007,open-meteo,2026-08-08T10:03:04+00:00
2026-05-03 13:00:00+00:00,FR,load,17.4,74,274.0,5.42,-0.3420201433256686,-0.9396926207859084,15.3,56,319.0,11.41,-0.3583679495453004,-0.9335804264972016,21.2,54,852.0,11.62,0.9135454576426008,-0.4067366430758002,17.7,79,380.0,5.2,-0.3583679495453004,-0.9335804264972016,0.0999999999999978,open-meteo,2026-08-08T10:03:04+00:00
2026-05-03 14:00:00+00:00,FR,load,17.3,74,274.0,7.09,-0.656059028990507,-0.7547095802227721,16.8,48,550.0,12.3,-0.3420201433256686,-0.9396926207859084,20.7,55,775.0,12.8,0.9135454576426008,-0.4067366430758002,16.9,85,153.0,6.1,-0.9876883405951375,-0.156434465040231,0.0750000000000028,open-meteo,2026-08-08T09:50:27+00:00
2026-05-03 15:00:00+00:00,FR,load,18.6,66,457.0,6.45,-0.5000000000000001,-0.8660254037844386,16.6,45,514.0,10.36,-0.3907311284892735,-0.9205048534524404,18.6,64,648.0,15.82,0.8987940462991669,-0.4383711467890775,15.7,91,7.0,3.1,-0.9659258262890684,-0.2588190451025206,0.625,open-meteo,2026-08-08T10:03:04+00:00
2026-05-03 16:00:00+00:00,FR,load,19.2,60,454.0,5.4,-0.4848096202463369,-0.8746197071393959,16.8,46,393.0,10.37,-0.374606593415912,-0.9271838545667874,17.7,65,376.0,15.77,0.8910065241883679,-0.4539904997395467,14.8,96,406.0,4.4,-0.9563047559630352,-0.2923717047227371,0.875,open-meteo,2026-08-08T10:03:04+00:00
2026-05-03 17:00:00+00:00,FR,load,18.9,60,270.0,5.26,-0.4067366430758002,-0.9135454576426008,16.6,43,235.0,11.28,-0.3255681544571567,-0.9455185755993168,17.0,66,268.0,15.52,0.8746197071393959,-0.484809620246337,15.3,93,105.0,4.1,0.4383711467890773,-0.898794046299167,1.0500000000000007,open-meteo,2026-08-08T10:03:04+00:00
2026-05-03 18:00:00+00:00,FR,load,18.0,67,114.0,4.84,-0.3583679495453004,-0.9335804264972016,16.1,35,121.0,10.63,-0.2923717047227367,-0.9563047559630354,16.1,73,127.0,16.5,0.8480480961564261,-0.5299192642332048,16.1,89,17.0,3.2,0.3420201433256689,-0.9396926207859084,1.4249999999999972,open-meteo,2026-08-08T10:03:04+00:00
2026-05-03 19:00:00+00:00,FR,load,16.4,82,24.0,4.78,-0.2588190451025208,-0.9659258262890684,14.9,46,15.0,11.31,-0.1564344650402307,-0.9876883405951378,15.3,78,34.0,16.77,0.838670567945424,-0.5446390350150272,15.0,94,10.0,3.8,0.3090169943749475,-0.9510565162951536,2.6000000000000014,open-meteo,2026-08-08T09:50:27+00:00
2026-05-03 20:00:00+00:00,FR,load,15.3,82,0.0,4.27,-0.5299192642332048,-0.8480480961564261,14.2,55,0.0,11.83,-0.1045284632676535,-0.9945218953682732,14.9,83,0.0,16.73,0.7986355100472927,-0.6018150231520484,14.5,98,0.0,3.7,0.3583679495453002,-0.9335804264972016,3.2750000000000004,open-meteo,2026-08-08T09:50:27+00:00
2026-05-03 21:00:00+00:00,FR,load,14.3,91,0.0,4.39,-0.4848096202463369,-0.8746197071393959,13.8,63,0.0,11.21,-0.0871557427476579,-0.9961946980917455,14.5,86,0.0,16.54,0.7547095802227721,-0.6560590289905072,13.4,97,0.0,3.4,0.2419218955996677,-0.9702957262759964,4.0,open-meteo,2026-08-08T10:03:04+00:00
2026-05-03 22:00:00+00:00,FR,load,13.9,92,0.0,4.94,-0.6293203910498376,-0.7771459614569708,13.7,65,0.0,12.41,-0.2079116908177595,-0.9781476007338056,14.3,86,0.0,13.15,0.8829475928589269,-0.4694715627858909,13.2,98,0.0,4.0,-0.0348994967025009,-0.9993908270190958,4.224999999999998,open-meteo,2026-08-08T09:50:27+00:00
2026-05-03 23:00:00+00:00,FR,load,13.3,93,0.0,3.83,-0.7660444431189779,-0.6427876096865395,13.4,65,0.0,12.07,-0.2588190451025208,-0.9659258262890684,14.1,87,0.0,13.48,0.838670567945424,-0.5446390350150272,13.4,99,0.0,3.6,-0.2079116908177595,-0.9781476007338056,4.449999999999999,open-meteo,2026-08-08T10:03:04+00:00
2026-05-04 00:00:00+00:00,FR,load,13.1,94,0.0,3.33,-0.6819983600624984,-0.7313537016191706,13.2,64,0.0,9.95,-0.2923717047227367,-0.9563047559630354,14.2,88,0.0,12.4,0.8090169943749475,-0.587785252292473,11.2,99,0.0,3.2,-0.4226182617406993,-0.90630778703665,5.074999999999999,open-meteo,2026-08-08T09:50:27+00:00
2026-05-04 01:00:00+00:00,FR,load,13.0,95,0.0,3.49,-0.6156614753256582,-0.788010753606722,12.9,62,0.0,10.99,-0.1908089953765447,-0.981627183447664,14.1,89,0.0,12.0,0.788010753606722,-0.6156614753256583,12.1,98,0.0,3.6,-0.5000000000000001,-0.8660254037844386,4.975,open-meteo,2026-08-08T09:50:27+00:00
2026-05-04 02:00:00+00:00,FR,load,13.0,96,0.0,2.91,-0.8386705679454242,-0.544639035015027,12.5,59,0.0,11.31,-0.2419218955996675,-0.9702957262759964,14.0,91,0.0,11.17,0.7431448254773942,-0.6691306063588582,13.4,97,0.0,4.0,-0.874619707139396,-0.4848096202463368,4.775,open-meteo,2026-08-08T09:50:27+00:00
2026-05-04 03:00:00+00:00,FR,load,12.8,96,0.0,3.46,-0.90630778703665,-0.4226182617406991,12.3,63,0.0,11.27,-0.2588190451025208,-0.9659258262890684,14.4,92,0.0,9.28,0.7071067811865476,-0.7071067811865475,11.2,100,0.0,4.0,-0.984807753012208,-0.1736481776669303,5.324999999999999,open-meteo,2026-08-08T10:03:04+00:00
2026-05-04 04:00:00+00:00,FR,load,12.8,96,0.0,2.95,-0.9975640502598242,-0.0697564737441255,12.3,62,0.0,10.1,-0.2419218955996675,-0.9702957262759964,14.2,93,0.0,8.06,0.6560590289905073,-0.754709580222772,11.9,97,0.0,3.6,-0.6427876096865396,0.7660444431189778,5.200000000000001,open-meteo,2026-08-08T10:03:04+00:00
2026-05-04 05:00:00+00:00,FR,load,12.8,97,2.0,2.2,-0.9335804264972016,-0.3583679495453007,12.2,60,3.0,9.23,-0.3255681544571567,-0.9455185755993168,14.1,94,1.0,7.49,0.6018150231520482,-0.7986355100472929,11.6,98,7.0,2.7,-0.6691306063588581,0.7431448254773944,5.324999999999999,open-meteo,2026-08-08T10:03:04+00:00
2026-05-04 06:00:00+00:00,FR,load,13.7,94,26.0,2.1,-0.6018150231520483,0.7986355100472928,11.8,64,21.0,8.43,-0.3420201433256686,-0.9396926207859084,14.5,94,44.0,6.55,0.6293203910498374,-0.7771459614569709,12.0,98,76.0,1.2,0.0523359562429438,0.9986295347545738,5.0,open-meteo,2026-08-08T10:03:04+00:00
2026-05-04 07:00:00+00:00,FR,load,14.5,90,95.0,0.84,0.5877852522924731,0.8090169943749475,11.0,72,50.0,8.41,-0.2588190451025208,-0.9659258262890684,15.4,89,121.0,4.35,0.5877852522924732,-0.8090169943749473,13.1,87,160.0,0.9,-0.6560590289905074,0.7547095802227719,4.5,open-meteo,2026-08-08T09:50:27+00:00
2026-05-04 08:00:00+00:00,FR,load,14.9,90,117.0,1.08,1.0,6.123233995736766e-17,10.5,85,99.0,7.34,-0.1564344650402307,-0.9876883405951378,16.3,83,203.0,3.01,0.3255681544571566,-0.9455185755993168,14.1,86,226.0,0.8,-0.8191520442889916,-0.5735764363510464,4.049999999999999,open-meteo,2026-08-08T10:03:04+00:00
2026-05-04 09:00:00+00:00,FR,load,15.1,89,154.0,0.9,-0.754709580222772,-0.6560590289905073,10.4,92,141.0,5.74,0.1391731009600653,-0.9902680687415704,16.7,81,264.0,1.1,0.1736481776669302,-0.984807753012208,15.2,82,446.0,1.0,0.7986355100472928,0.6018150231520483,3.649999999999999,open-meteo,2026-08-08T10:03:04+00:00
2026-05-04 10:00:00+00:00,FR,load,15.3,87,166.0,1.97,-0.1045284632676534,0.9945218953682732,10.9,93,151.0,4.7,1.2246467991473532e-16,-1.0,17.7,74,388.0,3.06,0.766044443118978,-0.6427876096865394,15.9,79,563.0,0.8,0.8290375725550417,-0.5591929034707467,3.049999999999999,open-meteo,2026-08-08T10:03:04+00:00
2026-05-04 11:00:00+00:00,FR,load,14.6,90,102.0,2.3,0.6427876096865393,0.766044443118978,11.2,93,133.0,1.75,-0.4539904997395467,-0.8910065241883679,18.2,72,490.0,4.82,0.8910065241883679,-0.4539904997395467,17.1,69,530.0,0.8,0.766044443118978,-0.6427876096865394,2.725,open-meteo,2026-08-08T09:50:27+00:00
2026-05-04 12:00:00+00:00,FR,load,15.6,87,278.0,2.69,0.984807753012208,0.1736481776669304,11.8,92,122.0,5.21,-0.4383711467890774,-0.8987940462991669,18.9,70,608.0,4.13,0.9271838545667874,-0.374606593415912,18.1,68,589.0,1.3,0.8191520442889917,-0.5735764363510462,1.8999999999999984,open-meteo,2026-08-08T10:03:04+00:00
2026-05-04 13:00:00+00:00,FR,load,16.2,80,310.0,2.92,0.9702957262759964,0.2419218955996676,11.7,91,103.0,4.22,0.0523359562429438,-0.9986295347545738,19.1,69,663.0,5.19,0.8090169943749475,-0.587785252292473,18.1,67,561.0,1.2,0.9781476007338056,0.2079116908177594,1.7250000000000014,open-meteo,2026-08-08T10:03:04+00:00
2026-05-04 14:00:00+00:00,FR,load,16.5,76,280.0,2.65,0.9975640502598242,0.0697564737441252,12.1,88,178.0,3.01,0.3255681544571566,-0.9455185755993168,18.9,70,640.0,4.71,0.7313537016191706,-0.6819983600624984,18.3,68,406.0,1.5,0.9743700647852352,0.2249510543438649,1.5500000000000007,open-meteo,2026-08-08T10:03:04+00:00
2026-05-04 15:00:00+00:00,FR,load,15.8,87,183.0,1.81,0.9743700647852352,-0.224951054343865,11.5,95,103.0,1.69,-0.1736481776669304,-0.984807753012208,18.2,71,438.0,2.65,1.2246467991473532e-16,-1.0,18.5,67,633.0,2.9,0.5446390350150271,0.838670567945424,2.0,open-meteo,2026-08-08T09:50:27+00:00
2026-05-04 16:00:00+00:00,FR,load,15.7,90,113.0,0.49,0.7986355100472927,-0.6018150231520484,11.6,94,109.0,1.23,-0.4848096202463369,-0.8746197071393959,16.2,84,67.0,0.98,-0.7986355100472928,-0.6018150231520483,17.4,77,53.0,6.1,-0.0348994967025008,0.9993908270190958,2.7750000000000004,open-meteo,2026-08-08T09:50:27+00:00
2026-05-04 17:00:00+00:00,FR,load,15.6,91,89.0,1.71,-0.4067366430758001,0.9135454576426008,11.5,93,43.0,1.9,0.8191520442889917,-0.5735764363510462,15.2,90,20.0,4.37,-0.6946583704589976,0.7193398003386509,16.1,82,49.0,7.3,-0.0523359562429443,0.9986295347545738,3.4000000000000004,open-meteo,2026-08-08T10:03:04+00:00
2026-05-04 18:00:00+00:00,FR,load,15.4,93,69.0,2.55,-0.3907311284892739,0.9205048534524404,11.0,93,23.0,2.56,0.1218693434051475,-0.992546151641322,14.4,91,13.0,8.49,-0.992546151641322,0.1218693434051476,14.5,87,150.0,6.5,0.0348994967025009,0.9993908270190958,4.175000000000001,open-meteo,2026-08-08T09:50:27+00:00
2026-05-04 19:00:00+00:00,FR,load,14.8,93,13.0,2.64,-0.3746065934159123,0.9271838545667872,10.9,94,7.0,1.84,-0.4226182617406993,-0.90630778703665,13.8,91,7.0,8.43,-0.9986295347545738,0.0523359562429439,13.3,87,39.0,6.3,0.2419218955996677,0.9702957262759964,4.800000000000001,open-meteo,2026-08-08T10:03:04+00:00
2026-05-04 20:00:00+00:00,FR,load,14.6,94,0.0,3.92,0.0523359562429438,0.9986295347545738,11.0,92,0.0,2.34,0.5446390350150273,-0.8386705679454239,13.5,91,0.0,7.26,-0.9986295347545738,-0.0523359562429443,11.4,92,0.0,5.5,0.0697564737441253,0.9975640502598242,5.375,open-meteo,2026-08-08T09:50:27+00:00
2026-05-04 21:00:00+00:00,FR,load,14.4,97,0.0,4.31,0.0174524064372835,0.9998476951563912,10.9,94,0.0,1.32,-0.6691306063588582,-0.7431448254773942,13.0,91,0.0,8.34,-0.9986295347545738,-0.0523359562429443,11.1,95,0.0,7.2,0.1564344650402308,0.9876883405951378,5.65,open-meteo,2026-08-08T09:50:27+00:00
2026-05-04 22:00:00+00:00,FR,load,14.2,96,0.0,4.34,0.1045284632676534,0.9945218953682732,10.8,94,0.0,2.19,-0.4539904997395467,-0.8910065241883679,12.7,90,0.0,8.03,-1.0,-1.8369701987210287e-16,11.4,93,0.0,7.0,0.0871557427476581,0.9961946980917455,5.725,open-meteo,2026-08-08T09:50:27+00:00
2026-05-04 23:00:00+00:00,FR,load,14.0,95,0.0,5.86,0.3583679495453002,0.9335804264972016,10.8,93,0.0,1.88,0.777145961456971,-0.6293203910498373,12.4,91,0.0,7.66,-0.9975640502598242,-0.0697564737441255,11.3,93,0.0,6.7,0.0348994967025009,0.9993908270190958,5.875,open-meteo,2026-08-08T10:03:04+00:00
2026-05-05 00:00:00+00:00,FR,load,13.9,95,0.0,4.53,0.1045284632676534,0.9945218953682732,10.9,97,0.0,2.83,-0.2419218955996675,-0.9702957262759964,11.9,92,0.0,6.98,-0.981627183447664,-0.1908089953765446,10.5,94,0.0,6.9,0.0871557427476581,0.9961946980917455,6.199999999999999,open-meteo,2026-08-08T09:50:27+00:00
2026-05-05 01:00:00+00:00,FR,load,13.7,95,0.0,4.78,0.4694715627858908,0.882947592858927,10.8,98,0.0,1.0,0.981627183447664,-0.1908089953765448,11.7,92,0.0,6.19,-0.9961946980917455,-0.0871557427476582,10.7,97,0.0,6.3,0.0697564737441253,0.9975640502598242,6.274999999999999,open-meteo,2026-08-08T09:50:27+00:00
2026-05-05 02:00:00+00:00,FR,load,13.4,95,0.0,4.47,0.6156614753256583,0.7880107536067219,10.9,97,0.0,1.59,0.7313537016191705,0.6819983600624985,11.4,92,0.0,5.88,-0.9998476951563912,-0.0174524064372834,11.3,93,0.0,5.9,0.2923717047227367,0.9563047559630354,6.25,open-meteo,2026-08-08T09:50:27+00:00
2026-05-05 03:00:00+00:00,FR,load,13.4,96,0.0,6.66,0.5446390350150271,0.838670567945424,10.9,99,0.0,0.6,-0.1564344650402311,0.9876883405951375,11.0,92,0.0,5.9,-0.9961946980917455,0.0871557427476578,11.3,94,0.0,5.1,0.2419218955996677,0.9702957262759964,6.350000000000001,open-meteo,2026-08-08T09:50:27+00:00
2026-05-05 04:00:00+00:00,FR,load,13.5,95,0.0,6.66,0.6819983600624985,0.7313537016191705,10.9,98,0.0,0.71,-0.2756373558169989,0.9612616959383188,10.6,94,0.0,5.28,-0.9659258262890684,0.2588190451025203,11.0,91,0.0,4.5,0.374606593415912,0.9271838545667874,6.5,open-meteo,2026-08-08T09:50:27+00:00
2026-05-05 05:00:00+00:00,FR,load,13.3,93,2.0,5.83,0.7431448254773942,0.6691306063588582,11.0,97,1.0,0.55,-0.7071067811865475,-0.7071067811865477,10.3,95,1.0,4.42,-0.9743700647852352,0.2249510543438649,10.9,90,5.0,6.0,0.0871557427476581,0.9961946980917455,6.625,open-meteo,2026-08-08T09:50:27+00:00
2026-05-05 06:00:00+00:00,FR,load,12.9,92,19.0,7.42,0.6691306063588582,0.7431448254773942,10.9,97,14.0,2.55,0.0697564737441255,-0.9975640502598242,11.1,94,61.0,3.53,-0.9986295347545738,0.0523359562429439,11.0,93,34.0,5.6,0.1908089953765448,0.981627183447664,6.525,open-meteo,2026-08-08T10:03:04+00:00
2026-05-05 07:00:00+00:00,FR,load,13.0,91,75.0,7.45,0.573576436351046,0.8191520442889918,11.1,95,41.0,4.7,1.2246467991473532e-16,-1.0,11.9,89,153.0,3.66,-0.9612616959383188,0.2756373558169994,11.2,89,50.0,6.1,0.1564344650402308,0.9876883405951378,6.199999999999999,open-meteo,2026-08-08T10:03:04+00:00
2026-05-05 08:00:00+00:00,FR,load,13.0,91,89.0,6.42,0.5150380749100542,0.8571673007021123,11.6,95,101.0,5.13,0.2249510543438652,-0.9743700647852352,12.8,82,244.0,3.16,-0.8660254037844386,0.5000000000000001,11.5,88,100.0,5.9,0.4067366430758002,0.9135454576426008,5.774999999999999,open-meteo,2026-08-08T10:03:04+00:00
2026-05-05 09:00:00+00:00,FR,load,13.4,93,109.0,6.63,0.5591929034707469,0.8290375725550417,13.0,91,285.0,5.2,0.0523359562429438,-0.9986295347545738,13.8,76,298.0,2.55,-0.8480480961564262,0.5299192642332047,12.2,81,181.0,6.3,0.374606593415912,0.9271838545667874,4.899999999999999,open-meteo,2026-08-08T10:03:04+00:00
2026-05-05 10:00:00+00:00,FR,load,14.1,87,239.0,6.99,0.5150380749100542,0.8571673007021123,13.6,86,362.0,5.1,-0.0348994967025009,-0.9993908270190958,14.9,70,381.0,2.37,-0.8660254037844386,0.5000000000000001,12.2,84,297.0,6.0,0.3907311284892737,0.9205048534524404,4.300000000000001,open-meteo,2026-08-08T10:03:04+00:00
2026-05-05 11:00:00+00:00,FR,load,14.8,81,277.0,6.64,0.6018150231520483,0.7986355100472928,15.0,80,602.0,5.29,-0.0348994967025009,-0.9993908270190958,15.4,66,321.0,2.64,-0.8571673007021123,0.5150380749100542,13.6,78,206.0,6.2,0.5591929034707469,0.8290375725550417,3.299999999999999,open-meteo,2026-08-08T10:03:04+00:00
2026-05-05 12:00:00+00:00,FR,load,13.6,89,173.0,6.94,0.3255681544571567,0.9455185755993168,16.2,75,633.0,5.78,0.0348994967025011,-0.9993908270190958,16.1,63,280.0,3.16,-0.8660254037844386,0.5000000000000001,13.9,76,488.0,5.6,0.7431448254773942,0.6691306063588582,3.0500000000000007,open-meteo,2026-08-08T10:03:04+00:00
2026-05-05 13:00:00+00:00,FR,load,13.0,89,243.0,7.93,0.1564344650402308,0.9876883405951378,17.2,71,756.0,6.89,-0.1045284632676535,-0.9945218953682732,16.4,70,480.0,3.77,-0.8829475928589271,0.4694715627858904,13.9,75,280.0,5.6,0.4999999999999999,0.8660254037844387,2.8750000000000018,open-meteo,2026-08-08T10:03:04+00:00
2026-05-05 14:00:00+00:00,FR,load,12.8,90,140.0,7.18,0.0871557427476581,0.9961946980917455,17.4,69,620.0,8.19,-0.3583679495453004,-0.9335804264972016,16.2,68,526.0,4.06,-0.9396926207859084,0.342020143325669,15.9,67,697.0,5.2,0.6156614753256583,0.7880107536067219,2.4250000000000007,open-meteo,2026-08-08T10:03:04+00:00
2026-05-05 15:00:00+00:00,FR,load,12.1,92,119.0,7.13,0.224951054343865,0.9743700647852352,15.3,79,429.0,6.02,-0.374606593415912,-0.9271838545667874,15.3,71,439.0,5.58,-1.0,-1.8369701987210287e-16,15.6,66,533.0,5.7,0.6293203910498374,0.7771459614569709,3.424999999999999,open-meteo,2026-08-08T09:50:27+00:00
2026-05-05 16:00:00+00:00,FR,load,12.1,91,102.0,6.18,0.2588190451025207,0.9659258262890684,14.7,77,236.0,6.84,-0.4067366430758002,-0.9135454576426008,13.8,77,239.0,6.39,-0.9659258262890684,0.2588190451025203,14.6,70,170.0,7.8,0.2079116908177593,0.9781476007338056,4.200000000000001,open-meteo,2026-08-08T10:03:04+00:00
2026-05-05 17:00:00+00:00,FR,load,12.4,91,63.0,6.54,0.224951054343865,0.9743700647852352,14.2,74,234.0,4.41,-0.0523359562429435,-0.9986295347545738,13.3,79,93.0,6.1,-0.945518575599317,0.3255681544571563,13.6,69,271.0,8.0,0.2756373558169991,0.9612616959383188,4.624999999999998,open-meteo,2026-08-08T10:03:04+00:00
2026-05-05 18:00:00+00:00,FR,load,12.1,91,49.0,5.92,0.2079116908177593,0.9781476007338056,12.8,76,112.0,6.25,-0.1564344650402307,-0.9876883405951378,13.0,83,68.0,4.95,-0.9902680687415704,0.1391731009600654,12.9,69,79.0,8.7,0.1564344650402308,0.9876883405951378,5.300000000000001,open-meteo,2026-08-08T10:03:04+00:00
2026-05-05 19:00:00+00:00,FR,load,11.9,93,9.0,5.35,0.4067366430758002,0.9135454576426008,11.7,82,6.0,10.39,0.0348994967025011,-0.9993908270190958,12.3,88,17.0,4.7,-0.9998476951563912,-0.0174524064372834,11.5,74,21.0,8.0,0.224951054343865,0.9743700647852352,6.149999999999999,open-meteo,2026-08-08T10:03:04+00:00
2026-05-05 20:00:00+00:00,FR,load,11.8,94,0.0,5.91,0.1045284632676534,0.9945218953682732,11.4,87,0.0,5.73,-0.3420201433256686,-0.9396926207859084,11.8,90,0.0,4.77,-0.9876883405951375,-0.156434465040231,11.2,72,0.0,6.7,0.2079116908177593,0.9781476007338056,6.449999999999999,open-meteo,2026-08-08T10:03:04+00:00
2026-05-05 21:00:00+00:00,FR,load,11.6,95,0.0,5.19,0.1908089953765448,0.981627183447664,10.4,94,0.0,3.04,0.0697564737441255,-0.9975640502598242,11.2,92,0.0,5.1,-0.9998476951563912,-0.0174524064372834,10.8,73,0.0,7.6,0.2756373558169991,0.9612616959383188,7.0,open-meteo,2026-08-08T10:03:04+00:00
2026-05-05 22:00:00+00:00,FR,load,11.5,93,0.0,7.57,0.0697564737441253,0.9975640502598242,10.6,91,0.0,3.64,0.2419218955996677,-0.9702957262759964,11.0,93,0.0,5.8,-0.9961946980917455,0.0871557427476578,10.1,78,0.0,7.3,0.4067366430758002,0.9135454576426008,7.199999999999999,open-meteo,2026-08-08T10:03:04+00:00
2026-05-05 23:00:00+00:00,FR,load,11.2,91,0.0,7.88,0.1045284632676534,0.9945218953682732,10.4,93,0.0,3.04,1.2246467991473532e-16,-1.0,10.6,94,0.0,6.5,-0.9945218953682734,0.1045284632676529,10.2,73,0.0,7.1,0.374606593415912,0.9271838545667874,7.399999999999999,open-meteo,2026-08-08T10:03:04+00:00
2026-05-06 00:00:00+00:00,FR,load,11.0,93,0.0,5.91,-0.1045284632676534,0.9945218953682732,10.2,92,0.0,3.16,0.1218693434051475,-0.992546151641322,10.1,94,0.0,6.15,-0.9876883405951375,-0.156434465040231,10.2,72,0.0,6.9,0.2079116908177593,0.9781476007338056,7.625,open-meteo,2026-08-08T10:03:04+00:00
2026-05-06 01:00:00+00:00,FR,load,10.7,94,0.0,6.54,-0.2249510543438653,0.9743700647852352,10.0,95,0.0,2.61,-0.5591929034707467,-0.8290375725550418,9.8,94,0.0,6.14,-0.9902680687415704,-0.1391731009600658,9.6,75,0.0,7.8,0.3420201433256687,0.9396926207859084,7.975,open-meteo,2026-08-08T10:03:04+00:00
2026-05-06 02:00:00+00:00,FR,load,10.4,94,0.0,6.8,-0.2079116908177598,0.9781476007338056,9.8,97,0.0,0.14,-0.7071067811865475,-0.7071067811865477,9.5,94,0.0,6.21,-0.9945218953682734,-0.1045284632676533,9.6,73,0.0,8.1,0.2588190451025207,0.9659258262890684,8.174999999999999,open-meteo,2026-08-08T10:03:04+00:00
2026-05-06 03:00:00+00:00,FR,load,10.1,95,0.0,6.31,-0.1045284632676534,0.9945218953682732,9.6,94,0.0,2.1,0.4694715627858907,-0.882947592858927,9.5,95,0.0,6.02,-0.992546151641322,0.1218693434051476,9.4,76,0.0,7.1,0.2079116908177593,0.9781476007338056,8.35,open-meteo,2026-08-08T10:03:04+00:00
2026-05-06 04:00:00+00:00,FR,load,9.9,94,0.0,6.31,-0.1045284632676534,0.9945218953682732,9.5,94,0.0,1.67,-0.4694715627858908,-0.8829475928589269,9.4,94,0.0,5.59,-0.9998476951563912,0.0174524064372831,9.1,80,0.0,7.0,0.0348994967025009,0.9993908270190958,8.525,open-meteo,2026-08-08T09:50:27+00:00
2026-05-06 05:00:00+00:00,FR,load,9.8,93,2.0,6.57,-0.0348994967025008,0.9993908270190958,9.5,94,5.0,2.18,-0.587785252292473,-0.8090169943749475,9.5,94,1.0,5.88,-0.9998476951563912,0.0174524064372831,9.5,76,5.0,5.1,0.1218693434051474,0.992546151641322,8.425,open-meteo,2026-08-08T09:50:27+00:00
2026-05-06 06:00:00+00:00,FR,load,9.3,91,23.0,7.35,-2.4492935982947064e-16,1.0,9.7,92,56.0,2.59,-0.4226182617406993,-0.90630778703665,9.8,92,51.0,5.9,-0.9961946980917455,-0.0871557427476582,10.0,74,19.0,6.9,0.1045284632676534,0.9945218953682732,8.3,open-meteo,2026-08-08T09:50:27+00:00
2026-05-06 07:00:00+00:00,FR,load,9.4,89,96.0,7.49,-0.1045284632676534,0.9945218953682732,10.7,89,204.0,2.95,-0.3583679495453004,-0.9335804264972016,10.8,86,137.0,7.06,-0.9986295347545738,0.0523359562429439,10.4,76,80.0,7.0,0.0174524064372835,0.9998476951563912,7.674999999999999,open-meteo,2026-08-08T10:03:04+00:00
2026-05-06 08:00:00+00:00,FR,load,10.0,85,223.0,6.77,0.0523359562429438,0.9986295347545738,11.7,86,291.0,0.4,0.9702957262759964,0.2419218955996676,12.1,78,280.0,6.86,-0.9993908270190958,0.0348994967025012,11.5,68,166.0,6.7,-0.1218693434051472,0.992546151641322,6.675000000000001,open-meteo,2026-08-08T09:50:27+00:00
2026-05-06 09:00:00+00:00,FR,load,10.4,84,247.0,6.08,0.0523359562429438,0.9986295347545738,11.3,80,243.0,1.93,-0.5000000000000004,0.8660254037844384,13.3,71,367.0,7.35,-0.9993908270190958,0.0348994967025012,12.4,64,338.0,7.3,-0.0697564737441256,0.9975640502598242,6.15,open-meteo,2026-08-08T09:50:27+00:00
2026-05-06 10:00:00+00:00,FR,load,11.6,77,395.0,6.97,-0.0697564737441256,0.9975640502598242,11.2,80,185.0,2.48,-0.1564344650402311,0.9876883405951375,14.1,66,468.0,8.0,-0.992546151641322,0.1218693434051476,10.8,75,350.0,5.5,0.374606593415912,0.9271838545667874,6.074999999999999,open-meteo,2026-08-08T10:03:04+00:00
2026-05-06 11:00:00+00:00,FR,load,11.9,76,477.0,5.27,-0.1736481776669304,0.984807753012208,12.2,79,456.0,2.24,0.484809620246337,0.8746197071393957,15.3,60,499.0,7.6,-0.9659258262890684,0.2588190451025203,11.1,78,56.0,5.2,0.0348994967025009,0.9993908270190958,5.374999999999998,open-meteo,2026-08-08T10:03:04+00:00
2026-05-06 12:00:00+00:00,FR,load,13.7,67,553.0,6.59,-0.3907311284892739,0.9205048534524404,13.9,68,595.0,2.02,0.3907311284892737,0.9205048534524404,15.9,59,572.0,7.73,-0.9659258262890684,0.2588190451025203,11.5,70,44.0,5.9,-0.0697564737441256,0.9975640502598242,4.25,open-meteo,2026-08-08T09:50:27+00:00
2026-05-06 13:00:00+00:00,FR,load,14.4,61,666.0,6.37,-0.2419218955996678,0.9702957262759964,14.4,66,646.0,1.62,0.2419218955996677,0.9702957262759964,16.2,58,616.0,8.12,-0.9510565162951536,0.3090169943749472,11.5,76,60.0,5.2,-0.2079116908177598,0.9781476007338056,3.875,open-meteo,2026-08-08T09:50:27+00:00
2026-05-06 14:00:00+00:00,FR,load,14.4,55,604.0,5.97,-0.5000000000000004,0.8660254037844384,14.9,64,546.0,1.71,-0.2249510543438653,0.9743700647852352,15.6,61,542.0,8.39,-0.9702957262759966,0.2419218955996674,12.4,67,95.0,4.9,-0.2756373558169989,0.9612616959383188,3.6750000000000007,open-meteo,2026-08-08T09:50:27+00:00
2026-05-06 15:00:00+00:00,FR,load,13.8,63,385.0,5.73,-0.2923717047227371,0.9563047559630352,15.2,63,550.0,0.44,0.4539904997395468,-0.8910065241883678,15.2,65,360.0,7.51,-0.992546151641322,0.1218693434051476,13.3,67,98.0,6.6,-0.2249510543438653,0.9743700647852352,3.625,open-meteo,2026-08-08T09:50:27+00:00
2026-05-06 16:00:00+00:00,FR,load,13.7,64,345.0,5.3,-0.2756373558169989,0.9612616959383188,15.0,64,429.0,3.07,-0.374606593415912,-0.9271838545667874,14.9,69,360.0,8.31,-0.9902680687415704,0.1391731009600654,13.3,65,429.0,7.5,-0.2588190451025207,0.9659258262890684,3.774999999999999,open-meteo,2026-08-08T09:50:27+00:00
2026-05-06 17:00:00+00:00,FR,load,13.0,67,277.0,6.31,-0.4694715627858908,0.882947592858927,14.3,68,320.0,2.85,-0.754709580222772,-0.6560590289905073,14.4,74,236.0,7.82,-0.9659258262890684,0.2588190451025203,12.6,65,316.0,6.6,-0.2249510543438653,0.9743700647852352,4.424999999999999,open-meteo,2026-08-08T09:50:27+00:00
2026-05-06 18:00:00+00:00,FR,load,12.1,71,101.0,5.87,-0.2588190451025207,0.9659258262890684,13.0,75,141.0,1.62,-0.90630778703665,-0.4226182617406991,14.0,73,157.0,7.3,-0.9271838545667874,0.3746065934159119,12.7,61,109.0,5.7,-0.2419218955996678,0.9702957262759964,5.050000000000001,open-meteo,2026-08-08T09:50:27+00:00
2026-05-06 19:00:00+00:00,FR,load,11.4,73,40.0,5.86,-0.3090169943749477,0.9510565162951536,11.7,80,21.0,2.31,-0.2079116908177595,-0.9781476007338056,12.6,83,37.0,7.14,-0.9876883405951378,0.1564344650402306,11.0,70,67.0,5.7,-0.2249510543438653,0.9743700647852352,6.324999999999999,open-meteo,2026-08-08T09:50:27+00:00
2026-05-06 20:00:00+00:00,FR,load,11.0,77,0.0,5.61,-0.4226182617406992,0.90630778703665,11.0,80,0.0,1.08,1.2246467991473532e-16,-1.0,12.0,86,0.0,7.37,-0.9961946980917455,-0.0871557427476582,10.8,73,1.0,6.4,-0.4067366430758001,0.9135454576426008,6.800000000000001,open-meteo,2026-08-08T09:50:27+00:00
2026-05-06 21:00:00+00:00,FR,load,10.3,83,0.0,5.3,-0.3255681544571567,0.9455185755993168,10.4,86,0.0,2.21,-0.2249510543438653,0.9743700647852352,11.3,88,0.0,7.18,-0.9702957262759964,-0.2419218955996677,9.4,82,0.0,7.2,-0.529919264233205,0.8480480961564258,7.65,open-meteo,2026-08-08T09:50:27+00:00
2026-05-06 22:00:00+00:00,FR,load,10.0,83,0.0,5.35,-0.4383711467890778,0.8987940462991668,10.6,79,0.0,0.88,0.4539904997395468,0.8910065241883679,11.0,89,0.0,7.0,-0.9510565162951536,-0.3090169943749475,7.5,92,0.0,7.4,-0.3583679495453007,0.9335804264972016,8.225,open-meteo,2026-08-08T10:03:04+00:00
2026-05-06 23:00:00+00:00,FR,load,9.3,87,0.0,5.18,-0.4848096202463369,0.8746197071393959,9.8,85,0.0,0.97,0.7071067811865476,-0.7071067811865475,10.7,89,0.0,5.92,-0.9455185755993168,-0.3255681544571566,9.1,88,0.0,6.3,-0.3255681544571567,0.9455185755993168,8.275,open-meteo,2026-08-08T10:03:04+00:00
2026-05-07 00:00:00+00:00,FR,load,9.0,92,0.0,5.98,-0.529919264233205,0.8480480961564258,8.8,93,0.0,1.71,0.224951054343865,0.9743700647852352,10.2,87,0.0,4.35,-0.9205048534524404,-0.3907311284892738,9.3,85,0.0,2.2,0.4383711467890774,0.898794046299167,8.675,open-meteo,2026-08-08T10:03:04+00:00
2026-05-07 01:00:00+00:00,FR,load,9.2,92,0.0,5.93,-0.5150380749100545,0.8571673007021121,8.4,93,0.0,1.02,0.2923717047227367,0.9563047559630354,9.4,89,0.0,3.75,-0.9396926207859084,-0.3420201433256685,7.4,94,0.0,3.4,0.2079116908177593,0.9781476007338056,9.4,open-meteo,2026-08-08T09:50:27+00:00
2026-05-07 02:00:00+00:00,FR,load,9.1,92,0.0,5.27,-0.3090169943749477,0.9510565162951536,8.3,91,0.0,1.08,0.0871557427476581,0.9961946980917455,8.8,90,0.0,3.15,-0.9961946980917455,-0.0871557427476582,6.9,96,0.0,3.8,-0.0697564737441256,0.9975640502598242,9.725,open-meteo,2026-08-08T09:50:27+00:00
2026-05-07 03:00:00+00:00,FR,load,9.1,91,0.0,4.28,-0.2756373558169989,0.9612616959383188,7.8,93,0.0,2.09,0.1908089953765448,0.981627183447664,8.5,92,0.0,2.65,-0.9975640502598242,-0.0697564737441255,7.0,93,0.0,1.7,0.9563047559630354,0.2923717047227367,9.9,open-meteo,2026-08-08T09:50:27+00:00
2026-05-07 04:00:00+00:00,FR,load,9.0,93,0.0,4.06,-0.1391731009600658,0.9902680687415704,7.2,94,0.0,2.9,0.2079116908177593,0.9781476007338056,8.1,93,0.0,2.08,-0.9902680687415704,-0.1391731009600658,6.6,96,0.0,2.3,0.9659258262890684,0.2588190451025207,10.275,open-meteo,2026-08-08T09:50:27+00:00
2026-05-07 05:00:00+00:00,FR,load,9.0,92,5.0,4.62,-0.3583679495453007,0.9335804264972016,7.4,92,14.0,3.43,0.6018150231520483,0.7986355100472928,7.8,93,2.0,1.21,-0.9702957262759964,-0.2419218955996677,6.1,95,10.0,2.0,0.5446390350150271,0.838670567945424,10.425,open-meteo,2026-08-08T10:03:04+00:00
2026-05-07 06:00:00+00:00,FR,load,9.5,90,46.0,3.4,-0.2079116908177598,0.9781476007338056,8.8,94,129.0,3.07,0.2923717047227367,0.9563047559630354,8.2,96,88.0,0.57,-0.5150380749100542,-0.8571673007021123,9.2,76,117.0,0.9,0.5591929034707469,0.8290375725550417,9.075,open-meteo,2026-08-08T09:50:27+00:00
2026-05-07 07:00:00+00:00,FR,load,10.5,84,230.0,2.71,-0.2249510543438653,0.9743700647852352,10.6,88,304.0,3.15,0.0871557427476581,0.9961946980917455,11.2,89,262.0,0.93,0.3090169943749475,-0.9510565162951536,11.0,72,57.0,1.7,0.7313537016191705,0.6819983600624985,7.175000000000001,open-meteo,2026-08-08T09:50:27+00:00
2026-05-07 08:00:00+00:00,FR,load,11.5,79,358.0,2.55,-0.0697564737441256,0.9975640502598242,12.0,85,487.0,3.26,0.1218693434051474,0.992546151641322,13.0,77,439.0,0.66,0.8910065241883679,-0.4539904997395467,12.7,60,305.0,0.9,-0.4848096202463369,0.8746197071393959,5.699999999999999,open-meteo,2026-08-08T09:50:27+00:00
2026-05-07 09:00:00+00:00,FR,load,13.2,72,462.0,1.86,0.0523359562429438,0.9986295347545738,13.7,76,627.0,2.84,-2.4492935982947064e-16,1.0,14.3,69,532.0,1.12,0.788010753606722,0.6156614753256583,13.0,62,603.0,1.1,-0.5735764363510465,0.8191520442889916,4.449999999999999,open-meteo,2026-08-08T10:03:04+00:00
2026-05-07 10:00:00+00:00,FR,load,14.1,67,691.0,1.68,0.1218693434051474,0.992546151641322,14.8,69,631.0,3.14,0.0348994967025009,0.9993908270190958,15.7,62,653.0,1.73,0.7313537016191705,0.6819983600624985,13.3,59,674.0,1.5,0.0523359562429438,0.9986295347545738,3.525000000000002,open-meteo,2026-08-08T09:50:27+00:00
2026-05-07 11:00:00+00:00,FR,load,14.7,61,658.0,1.47,0.0697564737441253,0.9975640502598242,15.5,70,674.0,3.64,-0.0871557427476583,0.9961946980917455,16.9,58,850.0,1.93,0.8660254037844386,0.5000000000000001,14.7,48,754.0,0.3,0.6691306063588582,0.7431448254773942,2.5500000000000007,open-meteo,2026-08-08T09:50:27+00:00
2026-05-07 12:00:00+00:00,FR,load,15.3,51,499.0,0.62,-0.9510565162951536,0.3090169943749472,16.5,65,770.0,3.53,-0.0348994967025008,0.9993908270190958,18.1,53,910.0,1.94,0.754709580222772,0.6560590289905073,14.7,51,354.0,1.1,0.0523359562429438,0.9986295347545738,1.849999999999998,open-meteo,2026-08-08T09:50:27+00:00
2026-05-07 13:00:00+00:00,FR,load,15.4,50,492.0,1.12,-0.9659258262890684,0.2588190451025203,17.1,58,755.0,3.93,-0.0697564737441256,0.9975640502598242,18.8,52,899.0,2.45,0.7986355100472928,0.6018150231520483,15.1,48,598.0,0.8,0.9986295347545738,-0.0523359562429438,1.400000000000002,open-meteo,2026-08-08T09:50:27+00:00
2026-05-07 14:00:00+00:00,FR,load,15.8,51,469.0,1.47,-0.9975640502598242,-0.0697564737441255,17.9,54,722.0,2.75,0.0697564737441253,0.9975640502598242,19.1,51,824.0,2.77,0.9205048534524404,0.3907311284892737,15.3,48,762.0,0.3,-0.1218693434051472,0.992546151641322,0.974999999999998,open-meteo,2026-08-08T09:50:27+00:00
2026-05-07 15:00:00+00:00,FR,load,16.1,46,474.0,0.39,-2.4492935982947064e-16,1.0,17.6,55,527.0,3.46,0.1391731009600654,0.9902680687415704,19.2,52,718.0,2.47,0.992546151641322,0.1218693434051474,15.4,46,597.0,0.4,0.9396926207859084,0.3420201433256688,0.9249999999999972,open-meteo,2026-08-08T09:50:27+00:00
2026-05-07 16:00:00+00:00,FR,load,16.3,47,446.0,0.5,0.1908089953765448,0.981627183447664,17.1,59,485.0,4.17,0.1564344650402308,0.9876883405951378,19.0,52,566.0,2.26,0.9961946980917455,-0.0871557427476582,14.8,51,362.0,1.4,0.9945218953682732,-0.1045284632676535,1.1999999999999993,open-meteo,2026-08-08T09:50:27+00:00
2026-05-07 17:00:00+00:00,FR,load,16.0,51,373.0,1.2,0.8191520442889918,0.573576436351046,16.4,63,318.0,4.75,0.374606593415912,0.9271838545667874,18.6,52,389.0,2.07,0.9961946980917455,-0.0871557427476582,15.1,47,161.0,1.2,0.374606593415912,0.9271838545667874,1.4750000000000014,open-meteo,2026-08-08T09:50:27+00:00
2026-05-07 18:00:00+00:00,FR,load,14.8,59,206.0,2.36,0.9961946980917455,-0.0871557427476582,15.2,68,112.0,5.99,0.3583679495453002,0.9335804264972016,17.8,58,193.0,1.57,0.9975640502598242,0.0697564737441252,13.7,56,144.0,2.5,0.6946583704589973,0.7193398003386512,2.625,open-meteo,2026-08-08T09:50:27+00:00
2026-05-07 19:00:00+00:00,FR,load,13.4,67,60.0,3.11,0.9135454576426008,-0.4067366430758002,13.6,72,20.0,4.61,0.2079116908177593,0.9781476007338056,16.4,65,42.0,1.5,0.981627183447664,0.1908089953765449,13.0,55,16.0,6.3,0.6293203910498374,0.7771459614569709,3.9,open-meteo,2026-08-08T10:03:04+00:00
2026-05-07 20:00:00+00:00,FR,load,12.1,70,0.0,4.44,0.9702957262759964,-0.2419218955996677,12.1,80,0.0,4.8,0.2923717047227367,0.9563047559630354,15.1,68,0.0,2.16,1.0,6.123233995736766e-17,11.0,59,1.0,5.9,0.6156614753256583,0.7880107536067219,5.425000000000001,open-meteo,2026-08-08T09:50:27+00:00
2026-05-07 21:00:00+00:00,FR,load,10.9,77,0.0,5.01,0.9986295347545738,-0.0523359562429438,11.0,83,0.0,4.87,0.4999999999999999,0.8660254037844387,14.1,73,0.0,2.36,0.9961946980917455,0.0871557427476581,11.8,64,0.0,5.6,0.8090169943749475,0.5877852522924731,6.050000000000001,open-meteo,2026-08-08T10:03:04+00:00
2026-05-07 22:00:00+00:00,FR,load,10.5,83,0.0,3.41,0.9510565162951536,-0.3090169943749473,10.5,84,0.0,2.47,0.1218693434051474,0.992546151641322,12.7,78,0.0,4.5,0.981627183447664,-0.1908089953765448,9.1,72,0.0,5.7,0.9563047559630354,0.2923717047227367,7.299999999999999,open-meteo,2026-08-08T09:50:27+00:00
2026-05-07 23:00:00+00:00,FR,load,10.3,84,0.0,3.55,0.9945218953682732,-0.1045284632676535,10.1,84,0.0,3.31,-0.2079116908177598,0.9781476007338056,12.3,83,0.0,5.4,0.9271838545667874,-0.374606593415912,7.7,80,0.0,3.6,0.9961946980917455,0.0871557427476581,7.899999999999999,open-meteo,2026-08-08T10:03:04+00:00
2026-05-08 00:00:00+00:00,FR,load,9.7,87,0.0,3.16,0.992546151641322,-0.1218693434051473,9.7,85,0.0,2.58,-0.1564344650402311,0.9876883405951375,11.4,88,0.0,5.85,0.8571673007021123,-0.5150380749100543,9.1,66,0.0,6.8,0.9993908270190958,0.034899496702501,8.025,open-meteo,2026-08-08T09:50:27+00:00
2026-05-08 01:00:00+00:00,FR,load,9.2,89,0.0,2.52,0.9743700647852352,-0.224951054343865,9.8,83,0.0,2.07,-0.0871557427476583,0.9961946980917455,11.0,88,0.0,5.33,0.8480480961564261,-0.5299192642332048,9.2,65,0.0,5.6,0.9743700647852352,-0.224951054343865,8.2,open-meteo,2026-08-08T09:50:27+00:00
2026-05-08 02:00:00+00:00,FR,load,8.7,91,0.0,2.36,0.9563047559630355,-0.2923717047227366,9.4,85,0.0,2.11,0.224951054343865,0.9743700647852352,10.6,88,0.0,4.91,0.8746197071393959,-0.484809620246337,6.8,83,0.0,4.8,0.9781476007338056,-0.2079116908177593,9.125,open-meteo,2026-08-08T10:03:04+00:00
2026-05-08 03:00:00+00:00,FR,load,8.3,92,0.0,2.92,0.9702957262759964,-0.2419218955996677,8.4,89,0.0,1.02,-0.2923717047227371,0.9563047559630352,10.3,88,0.0,4.78,0.8829475928589269,-0.4694715627858909,6.9,77,0.0,5.2,0.8746197071393959,-0.484809620246337,9.525,open-meteo,2026-08-08T09:50:27+00:00
2026-05-08 04:00:00+00:00,FR,load,8.0,94,0.0,2.86,0.9271838545667874,-0.374606593415912,7.6,92,0.0,1.68,-0.1218693434051472,0.992546151641322,10.0,88,0.0,5.46,0.838670567945424,-0.5446390350150272,7.6,71,0.0,4.5,0.9743700647852352,-0.224951054343865,9.7,open-meteo,2026-08-08T10:03:04+00:00
2026-05-08 05:00:00+00:00,FR,load,8.0,94,13.0,2.42,0.9702957262759964,0.2419218955996676,7.9,91,14.0,1.57,-2.4492935982947064e-16,1.0,9.8,89,3.0,6.9,0.8191520442889917,-0.5735764363510462,6.4,85,23.0,4.4,0.9205048534524404,-0.3907311284892737,9.975,open-meteo,2026-08-08T10:03:04+00:00
2026-05-08 06:00:00+00:00,FR,load,9.5,92,121.0,2.15,0.8660254037844386,0.5000000000000001,9.0,94,120.0,2.45,0.2756373558169991,0.9612616959383188,11.1,89,87.0,8.76,0.8090169943749475,-0.587785252292473,8.5,77,138.0,4.3,0.9396926207859084,-0.3420201433256687,8.475,open-meteo,2026-08-08T10:03:04+00:00
2026-05-08 07:00:00+00:00,FR,load,11.9,83,287.0,2.01,0.6819983600624985,0.7313537016191705,11.4,88,296.0,1.68,-0.1218693434051472,0.992546151641322,13.4,86,257.0,8.67,0.8290375725550417,-0.5591929034707467,12.6,61,274.0,2.2,0.9563047559630355,-0.2923717047227366,5.674999999999999,open-meteo,2026-08-08T09:50:27+00:00
2026-05-08 08:00:00+00:00,FR,load,13.4,74,461.0,2.2,0.848048096156426,0.5299192642332049,13.0,81,471.0,2.07,-0.0871557427476583,0.9961946980917455,15.4,79,440.0,9.81,0.8480480961564261,-0.5299192642332048,14.1,56,171.0,1.5,0.9612616959383188,-0.275637355816999,4.025,open-meteo,2026-08-08T09:50:27+00:00
2026-05-08 09:00:00+00:00,FR,load,15.4,63,622.0,3.16,0.8660254037844386,0.5000000000000001,14.9,78,648.0,1.64,-0.2923717047227371,0.9563047559630352,17.0,70,607.0,10.74,0.8829475928589269,-0.4694715627858909,15.8,54,439.0,2.1,0.9993908270190958,-0.0348994967025009,2.2250000000000014,open-meteo,2026-08-08T10:03:04+00:00
2026-05-08 10:00:00+00:00,FR,load,16.6,57,749.0,3.61,0.9743700647852352,0.2249510543438649,16.7,73,779.0,1.45,-0.4694715627858908,0.882947592858927,18.6,63,755.0,10.52,0.8910065241883679,-0.4539904997395467,16.6,48,720.0,1.6,0.9510565162951536,0.3090169943749474,0.875,open-meteo,2026-08-08T09:50:27+00:00
2026-05-08 11:00:00+00:00,FR,load,17.6,52,831.0,3.11,0.9743700647852352,0.2249510543438649,18.1,68,855.0,0.69,-1.0,-1.8369701987210287e-16,20.0,55,847.0,10.43,0.8987940462991669,-0.4383711467890775,17.7,47,772.0,2.6,0.8987940462991669,-0.4383711467890775,0.3500000000000014,open-meteo,2026-08-08T10:03:04+00:00
2026-05-08 12:00:00+00:00,FR,load,18.5,46,867.0,2.73,0.9659258262890684,0.2588190451025207,19.4,61,890.0,0.71,-0.961261695938319,-0.2756373558169989,20.9,51,895.0,10.9,0.9271838545667874,-0.374606593415912,18.4,43,789.0,3.3,0.777145961456971,-0.6293203910498373,1.2999999999999972,open-meteo,2026-08-08T10:03:04+00:00
2026-05-08 13:00:00+00:00,FR,load,19.3,41,858.0,1.15,0.9396926207859084,0.3420201433256688,20.4,53,823.0,3.34,-0.5299192642332048,-0.8480480961564261,21.3,50,852.0,10.79,0.9335804264972016,-0.3583679495453002,18.3,41,763.0,2.4,0.8290375725550417,-0.5591929034707467,1.8249999999999995,open-meteo,2026-08-08T09:50:27+00:00
2026-05-08 14:00:00+00:00,FR,load,19.7,39,730.0,1.43,0.9612616959383188,-0.275637355816999,20.4,47,803.0,5.7,-0.4848096202463369,-0.8746197071393959,20.8,54,660.0,10.83,0.90630778703665,-0.4226182617406993,18.8,42,666.0,2.7,0.8290375725550417,-0.5591929034707467,1.9249999999999967,open-meteo,2026-08-08T09:50:27+00:00
2026-05-08 15:00:00+00:00,FR,load,19.3,40,513.0,2.59,0.4226182617406994,0.90630778703665,20.5,44,686.0,7.46,-0.3907311284892735,-0.9205048534524404,19.9,60,478.0,11.41,0.9205048534524404,-0.3907311284892737,18.4,44,129.0,2.7,0.838670567945424,-0.5446390350150272,1.5249999999999986,open-meteo,2026-08-08T10:03:04+00:00
2026-05-08 16:00:00+00:00,FR,load,19.3,36,554.0,1.8,-0.4848096202463369,0.8746197071393959,19.9,42,497.0,8.77,-0.2419218955996675,-0.9702957262759964,19.3,63,465.0,12.24,0.8746197071393959,-0.484809620246337,18.2,44,276.0,2.3,0.9563047559630355,-0.2923717047227366,1.1750000000000007,open-meteo,2026-08-08T10:03:04+00:00
2026-05-08 17:00:00+00:00,FR,load,19.0,37,392.0,1.58,-0.8660254037844386,0.5000000000000001,18.9,46,328.0,9.46,-0.1045284632676535,-0.9945218953682732,18.4,66,332.0,10.87,0.8290375725550417,-0.5591929034707467,17.2,49,77.0,3.7,0.2079116908177593,0.9781476007338056,0.375,open-meteo,2026-08-08T10:03:04+00:00
2026-05-08 18:00:00+00:00,FR,load,17.7,55,217.0,2.77,0.7431448254773942,0.6691306063588582,17.7,47,155.0,9.62,-0.1564344650402307,-0.9876883405951378,17.3,70,165.0,9.05,0.8290375725550417,-0.5591929034707467,17.5,53,47.0,3.2,0.9961946980917455,-0.0871557427476582,0.4499999999999993,open-meteo,2026-08-08T10:03:04+00:00
2026-05-08 19:00:00+00:00,FR,load,15.8,58,62.0,4.57,0.6819983600624985,0.7313537016191705,15.8,59,24.0,10.27,-0.1218693434051473,-0.992546151641322,15.8,78,44.0,8.7,0.8090169943749475,-0.587785252292473,15.6,59,69.0,3.7,0.9781476007338056,-0.2079116908177593,2.2499999999999982,open-meteo,2026-08-08T10:03:04+00:00
2026-05-08 20:00:00+00:00,FR,load,13.9,71,1.0,4.72,0.7431448254773942,0.6691306063588582,14.5,66,0.0,9.72,-0.0697564737441252,-0.9975640502598242,14.7,84,0.0,8.9,0.8090169943749475,-0.587785252292473,13.2,63,1.0,2.0,0.992546151641322,-0.1218693434051473,3.9250000000000007,open-meteo,2026-08-08T10:03:04+00:00
2026-05-08 21:00:00+00:00,FR,load,13.5,72,0.0,5.45,0.788010753606722,0.6156614753256583,14.1,67,0.0,9.04,-0.0697564737441252,-0.9975640502598242,14.1,82,0.0,10.86,0.7986355100472927,-0.6018150231520484,12.3,61,0.0,7.1,0.754709580222772,0.6560590289905073,4.5,open-meteo,2026-08-08T10:03:04+00:00
2026-05-08 22:00:00+00:00,FR,load,12.8,78,0.0,5.14,0.766044443118978,0.6427876096865394,13.2,70,0.0,8.35,-0.0697564737441252,-0.9975640502598242,13.6,83,0.0,11.27,0.7986355100472927,-0.6018150231520484,11.2,61,0.0,7.5,0.90630778703665,0.4226182617406994,5.300000000000001,open-meteo,2026-08-08T09:50:27+00:00
2026-05-08 23:00:00+00:00,FR,load,12.1,83,0.0,4.51,0.7431448254773942,0.6691306063588582,12.6,74,0.0,7.97,-0.1908089953765447,-0.981627183447664,13.4,87,0.0,10.99,0.7986355100472927,-0.6018150231520484,9.9,69,0.0,6.9,0.9781476007338056,0.2079116908177594,6.0,open-meteo,2026-08-08T10:03:04+00:00
2026-05-09 00:00:00+00:00,FR,load,11.3,88,0.0,3.7,0.7986355100472928,0.6018150231520483,12.3,81,0.0,9.86,-0.2249510543438649,-0.9743700647852352,13.2,88,0.0,11.09,0.8090169943749475,-0.587785252292473,9.5,77,0.0,7.7,0.9975640502598242,0.0697564737441252,6.425000000000001,open-meteo,2026-08-08T10:03:04+00:00
2026-05-09 01:00:00+00:00,FR,load,11.2,88,0.0,5.11,0.5299192642332049,0.848048096156426,12.4,82,0.0,8.55,-0.1736481776669304,-0.984807753012208,13.1,91,0.0,10.98,0.8191520442889917,-0.5735764363510462,9.1,70,0.0,8.7,0.984807753012208,-0.1736481776669303,6.549999999999999,open-meteo,2026-08-08T10:03:04+00:00
2026-05-09 02:00:00+00:00,FR,load,10.8,87,0.0,5.14,0.573576436351046,0.8191520442889918,12.2,84,0.0,7.61,-0.1218693434051473,-0.992546151641322,13.1,93,0.0,11.06,0.8191520442889917,-0.5735764363510462,8.4,74,0.0,9.2,0.9702957262759964,-0.2419218955996677,6.875,open-meteo,2026-08-08T09:50:27+00:00
2026-05-09 03:00:00+00:00,FR,load,10.4,88,0.0,5.16,0.5446390350150271,0.838670567945424,11.8,85,0.0,5.7,-0.0697564737441252,-0.9975640502598242,13.4,92,0.0,11.06,0.8191520442889917,-0.5735764363510462,8.2,79,0.0,9.2,0.992546151641322,-0.1218693434051473,7.050000000000001,open-meteo,2026-08-08T10:03:04+00:00
2026-05-09 04:00:00+00:00,FR,load,10.2,89,0.0,5.25,0.5446390350150271,0.838670567945424,11.8,83,0.0,5.2,0.0348994967025011,-0.9993908270190958,13.4,93,0.0,11.39,0.8191520442889917,-0.5735764363510462,7.9,78,0.0,7.7,0.9945218953682732,-0.1045284632676535,7.175000000000001,open-meteo,2026-08-08T10:03:04+00:00
2026-05-09 05:00:00+00:00,FR,load,10.5,87,10.0,4.19,0.5446390350150271,0.838670567945424,11.3,86,14.0,5.19,-0.0174524064372836,-0.9998476951563912,13.6,92,3.0,11.85,0.8290375725550417,-0.5591929034707467,8.7,76,24.0,7.3,0.984807753012208,-0.1736481776669303,6.975000000000001,open-meteo,2026-08-08T10:03:04+00:00
2026-05-09 06:00:00+00:00,FR,load,11.8,82,116.0,4.51,0.7431448254773942,0.6691306063588582,12.5,81,124.0,4.61,0.0697564737441255,-0.9975640502598242,14.2,90,68.0,12.28,0.8290375725550417,-0.5591929034707467,11.0,71,129.0,6.2,0.9986295347545738,-0.0523359562429438,5.625,open-meteo,2026-08-08T09:50:27+00:00
2026-05-09 07:00:00+00:00,FR,load,13.2,76,250.0,3.45,0.9659258262890684,0.2588190451025207,13.9,73,307.0,4.05,0.1218693434051475,-0.992546151641322,15.3,84,179.0,13.53,0.838670567945424,-0.5446390350150272,14.0,57,298.0,4.1,0.984807753012208,-0.1736481776669303,3.899999999999999,open-meteo,2026-08-08T10:03:04+00:00
2026-05-09 08:00:00+00:00,FR,load,14.8,71,336.0,3.32,0.9455185755993168,0.3255681544571567,15.1,67,489.0,4.22,0.0697564737441255,-0.9975640502598242,16.4,78,321.0,14.02,0.838670567945424,-0.5446390350150272,16.4,54,465.0,4.5,0.9975640502598242,-0.0697564737441253,2.325000000000001,open-meteo,2026-08-08T10:03:04+00:00
2026-05-09 09:00:00+00:00,FR,load,17.3,64,598.0,3.21,0.9781476007338056,0.2079116908177594,16.9,61,653.0,3.92,-0.0523359562429435,-0.9986295347545738,18.1,73,514.0,12.99,0.8480480961564261,-0.5299192642332048,18.1,49,611.0,3.4,0.9998476951563912,-0.0174524064372834,0.3999999999999986,open-meteo,2026-08-08T10:03:04+00:00
2026-05-09 10:00:00+00:00,FR,load,19.2,61,732.0,3.57,0.9612616959383188,0.2756373558169991,18.2,56,780.0,4.48,-0.1736481776669304,-0.984807753012208,19.5,68,735.0,13.46,0.8480480961564261,-0.5299192642332048,19.1,46,734.0,4.0,0.9743700647852352,0.2249510543438649,1.0,open-meteo,2026-08-08T10:03:04+00:00
2026-05-09 11:00:00+00:00,FR,load,20.8,58,822.0,3.85,0.9659258262890684,0.2588190451025207,19.5,52,863.0,5.54,-0.2249510543438649,-0.9743700647852352,20.3,65,850.0,13.12,0.8660254037844387,-0.4999999999999998,20.0,42,820.0,3.9,0.981627183447664,0.1908089953765449,2.1499999999999986,open-meteo,2026-08-08T10:03:04+00:00
2026-05-09 12:00:00+00:00,FR,load,22.5,47,841.0,4.85,0.9902680687415704,-0.1391731009600653,20.4,48,889.0,5.58,-0.3090169943749473,-0.9510565162951536,20.2,64,861.0,13.45,0.8987940462991669,-0.4383711467890775,20.7,41,850.0,3.5,0.9961946980917455,0.0871557427476581,2.95,open-meteo,2026-08-08T10:03:04+00:00
2026-05-09 13:00:00+00:00,FR,load,23.1,43,719.0,5.02,0.9781476007338056,-0.2079116908177593,21.2,43,875.0,6.08,-0.3583679495453004,-0.9335804264972016,20.4,62,758.0,14.28,0.8571673007021123,-0.5150380749100543,20.9,38,822.0,3.9,0.9455185755993168,0.3255681544571567,3.3999999999999986,open-meteo,2026-08-08T10:03:04+00:00
2026-05-09 14:00:00+00:00,FR,load,23.4,40,694.0,3.72,1.0,6.123233995736766e-17,21.5,43,802.0,7.15,-0.3907311284892735,-0.9205048534524404,19.6,65,622.0,14.42,0.8829475928589269,-0.4694715627858909,20.9,40,777.0,3.8,0.9396926207859084,0.3420201433256688,3.3500000000000014,open-meteo,2026-08-08T09:50:27+00:00
2026-05-09 15:00:00+00:00,FR,load,23.2,44,592.0,6.19,0.9961946980917455,-0.0871557427476582,21.3,43,683.0,6.48,-0.3090169943749473,-0.9510565162951536,18.2,66,478.0,13.54,0.8987940462991669,-0.4383711467890775,21.1,41,624.0,3.8,0.8746197071393957,0.4848096202463371,2.950000000000003,open-meteo,2026-08-08T10:03:04+00:00
2026-05-09 16:00:00+00:00,FR,load,22.9,44,440.0,3.85,0.992546151641322,-0.1218693434051473,21.2,44,518.0,5.55,-0.3583679495453004,-0.9335804264972016,17.6,67,314.0,12.71,0.8987940462991669,-0.4383711467890775,20.9,37,524.0,4.5,0.7986355100472928,0.6018150231520483,2.6499999999999986,open-meteo,2026-08-08T10:03:04+00:00
2026-05-09 17:00:00+00:00,FR,load,22.8,44,338.0,3.56,0.9902680687415704,-0.1391731009600653,20.3,47,291.0,5.09,1.2246467991473532e-16,-1.0,17.1,67,265.0,11.83,0.9271838545667874,-0.374606593415912,20.4,40,345.0,4.6,0.7771459614569709,0.6293203910498374,2.1499999999999986,open-meteo,2026-08-08T10:03:04+00:00
2026-05-09 18:00:00+00:00,FR,load,21.8,46,149.0,5.2,0.9986295347545738,-0.0523359562429438,18.6,53,100.0,6.44,-0.1564344650402307,-0.9876883405951378,16.3,67,165.0,11.1,0.8746197071393959,-0.484809620246337,18.9,48,190.0,7.8,0.4383711467890774,0.898794046299167,0.8999999999999986,open-meteo,2026-08-08T10:03:04+00:00
2026-05-09 19:00:00+00:00,FR,load,20.1,52,64.0,5.68,0.9998476951563912,0.0174524064372836,17.5,58,12.0,5.22,-0.0871557427476579,-0.9961946980917455,15.4,70,33.0,11.44,0.8290375725550417,-0.5591929034707467,16.1,53,74.0,8.8,0.4226182617406994,0.90630778703665,0.7250000000000014,open-meteo,2026-08-08T09:50:27+00:00
2026-05-09 20:00:00+00:00,FR,load,18.8,57,1.0,7.28,0.8746197071393957,0.4848096202463371,16.4,66,0.0,4.56,-0.4226182617406993,-0.90630778703665,15.0,71,0.0,12.5,0.788010753606722,-0.6156614753256583,15.0,54,2.0,8.3,0.5591929034707469,0.8290375725550417,1.6999999999999993,open-meteo,2026-08-08T09:50:27+00:00
2026-05-09 21:00:00+00:00,FR,load,18.1,58,0.0,8.22,0.7771459614569709,0.6293203910498374,15.6,69,0.0,4.16,-0.2588190451025208,-0.9659258262890684,14.8,74,0.0,12.48,0.7313537016191706,-0.6819983600624984,13.7,56,0.0,8.4,0.5591929034707469,0.8290375725550417,2.45,open-meteo,2026-08-08T09:50:27+00:00
2026-05-09 22:00:00+00:00,FR,load,17.1,60,0.0,7.9,0.7193398003386511,0.6946583704589973,14.8,70,0.0,3.95,-0.3907311284892735,-0.9205048534524404,14.4,75,0.0,12.61,0.6946583704589971,-0.7193398003386513,12.5,57,0.0,7.7,0.5150380749100542,0.8571673007021123,3.299999999999999,open-meteo,2026-08-08T09:50:27+00:00
2026-05-09 23:00:00+00:00,FR,load,16.3,64,0.0,8.39,0.7313537016191705,0.6819983600624985,14.6,68,0.0,3.78,-0.3583679495453004,-0.9335804264972016,14.1,79,0.0,13.72,0.7313537016191706,-0.6819983600624984,12.3,59,0.0,9.2,0.6156614753256583,0.7880107536067219,3.6750000000000007,open-meteo,2026-08-08T09:50:27+00:00
2026-05-10 00:00:00+00:00,FR,load,16.1,61,0.0,8.26,0.6691306063588582,0.7431448254773942,14.4,70,0.0,4.99,-0.3420201433256686,-0.9396926207859084,13.7,86,0.0,12.58,0.6427876096865395,-0.7660444431189779,11.5,66,0.0,7.4,0.6156614753256583,0.7880107536067219,4.074999999999999,open-meteo,2026-08-08T09:50:27+00:00
2026-05-10 01:00:00+00:00,FR,load,15.3,62,0.0,8.4,0.6691306063588582,0.7431448254773942,13.4,78,0.0,6.18,0.0523359562429438,-0.9986295347545738,13.0,89,0.0,11.23,0.6946583704589971,-0.7193398003386513,11.0,74,0.0,8.0,0.6293203910498374,0.7771459614569709,4.824999999999999,open-meteo,2026-08-08T09:50:27+00:00
2026-05-10 02:00:00+00:00,FR,load,14.7,63,0.0,8.95,0.6691306063588582,0.7431448254773942,12.4,87,0.0,4.05,-0.1218693434051473,-0.992546151641322,12.5,92,0.0,10.33,0.6819983600624986,-0.7313537016191705,11.4,68,0.0,8.1,0.6691306063588582,0.7431448254773942,5.25,open-meteo,2026-08-08T09:50:27+00:00
2026-05-10 03:00:00+00:00,FR,load,14.5,65,0.0,8.24,0.7071067811865475,0.7071067811865476,11.4,96,0.0,6.48,-0.0697564737441252,-0.9975640502598242,12.4,95,0.0,9.46,0.766044443118978,-0.6427876096865394,11.0,74,0.0,7.8,0.6427876096865393,0.766044443118978,5.675000000000001,open-meteo,2026-08-08T09:50:27+00:00
2026-05-10 04:00:00+00:00,FR,load,13.6,69,0.0,8.78,0.573576436351046,0.8191520442889918,11.4,96,0.0,1.02,-0.2923717047227367,-0.9563047559630354,12.4,95,0.0,9.3,0.7431448254773942,-0.6691306063588582,10.1,85,0.0,7.9,0.5446390350150271,0.838670567945424,6.125,open-meteo,2026-08-08T09:50:27+00:00
2026-05-10 05:00:00+00:00,FR,load,13.2,73,9.0,7.9,0.7313537016191705,0.6819983600624985,11.5,96,4.0,1.18,1.0,6.123233995736766e-17,12.4,94,3.0,9.02,0.6691306063588585,-0.743144825477394,10.8,75,27.0,8.9,0.5591929034707469,0.8290375725550417,6.024999999999999,open-meteo,2026-08-08T09:50:27+00:00
2026-05-10 06:00:00+00:00,FR,load,13.6,72,44.0,6.66,0.8090169943749475,0.5877852522924731,11.8,95,31.0,1.63,0.838670567945424,0.5446390350150271,13.2,91,86.0,9.5,0.6819983600624986,-0.7313537016191705,11.1,78,103.0,7.8,0.6293203910498374,0.7771459614569709,5.575000000000001,open-meteo,2026-08-08T10:03:04+00:00
2026-05-10 07:00:00+00:00,FR,load,13.0,83,40.0,6.66,0.5877852522924731,0.8090169943749475,12.1,95,53.0,0.9,0.224951054343865,0.9743700647852352,14.5,86,247.0,8.45,0.7071067811865476,-0.7071067811865475,12.6,69,222.0,8.5,0.6427876096865393,0.766044443118978,4.949999999999999,open-meteo,2026-08-08T09:50:27+00:00
2026-05-10 08:00:00+00:00,FR,load,13.7,81,105.0,4.18,0.7771459614569709,0.6293203910498374,12.4,92,82.0,1.25,0.6293203910498374,0.7771459614569709,16.1,80,441.0,7.76,0.6819983600624986,-0.7313537016191705,13.6,61,331.0,7.9,0.6819983600624985,0.7313537016191705,4.049999999999999,open-meteo,2026-08-08T09:50:27+00:00
2026-05-10 09:00:00+00:00,FR,load,15.6,75,249.0,5.22,0.8290375725550417,0.5591929034707468,12.9,90,100.0,1.12,0.6156614753256583,0.7880107536067219,17.7,72,620.0,7.55,0.6819983600624986,-0.7313537016191705,15.3,56,317.0,8.8,0.6691306063588582,0.7431448254773942,2.625,open-meteo,2026-08-08T09:50:27+00:00
2026-05-10 10:00:00+00:00,FR,load,16.4,74,385.0,4.23,0.9743700647852352,-0.224951054343865,13.6,85,198.0,0.39,1.0,6.123233995736766e-17,19.3,66,764.0,6.18,0.7431448254773942,-0.6691306063588582,16.4,53,662.0,8.2,0.6691306063588582,0.7431448254773942,1.5750000000000028,open-meteo,2026-08-08T10:03:04+00:00
2026-05-10 11:00:00+00:00,FR,load,17.2,76,284.0,1.8,0.7071067811865476,-0.7071067811865475,14.0,84,150.0,1.81,-0.2249510543438649,-0.9743700647852352,20.5,62,860.0,5.3,0.9455185755993168,-0.3255681544571566,16.1,50,765.0,8.3,0.5591929034707469,0.8290375725550417,1.0499999999999972,open-meteo,2026-08-08T09:50:27+00:00
2026-05-10 12:00:00+00:00,FR,load,16.4,80,280.0,2.14,0.9612616959383188,-0.275637355816999,14.1,87,185.0,3.67,-0.1564344650402307,-0.9876883405951378,21.1,58,845.0,3.93,0.9455185755993168,-0.3255681544571566,17.9,42,497.0,8.1,0.6946583704589973,0.7193398003386512,0.625,open-meteo,2026-08-08T09:50:27+00:00
2026-05-10 13:00:00+00:00,FR,load,16.1,87,131.0,1.14,0.8571673007021123,0.5150380749100542,15.1,80,392.0,10.27,-0.2588190451025208,-0.9659258262890684,21.0,58,705.0,3.53,0.9455185755993168,-0.3255681544571566,17.2,42,598.0,7.5,0.7431448254773942,0.6691306063588582,0.6499999999999986,open-meteo,2026-08-08T09:50:27+00:00
2026-05-10 14:00:00+00:00,FR,load,15.7,88,121.0,2.84,0.6946583704589973,0.7193398003386512,16.6,75,630.0,10.41,-0.1564344650402307,-0.9876883405951378,20.6,62,664.0,2.64,0.9659258262890684,-0.2588190451025208,17.1,48,179.0,8.4,0.2923717047227367,0.9563047559630354,0.5,open-meteo,2026-08-08T09:50:27+00:00
2026-05-10 15:00:00+00:00,FR,load,14.8,93,110.0,4.15,0.3255681544571567,0.9455185755993168,16.4,79,612.0,8.43,0.0174524064372834,-0.9998476951563912,20.8,60,581.0,3.12,0.7193398003386511,-0.6946583704589974,16.4,55,169.0,9.1,0.224951054343865,0.9743700647852352,0.8999999999999986,open-meteo,2026-08-08T10:03:04+00:00
2026-05-10 16:00:00+00:00,FR,load,14.6,94,55.0,3.08,0.1564344650402308,0.9876883405951378,16.6,77,477.0,10.28,-0.1908089953765447,-0.981627183447664,19.2,69,308.0,2.41,0.8910065241883679,0.4539904997395468,13.6,67,82.0,10.0,0.1391731009600654,0.9902680687415704,2.0,open-meteo,2026-08-08T10:03:04+00:00
2026-05-10 17:00:00+00:00,FR,load,14.1,93,76.0,5.58,0.3090169943749474,0.9510565162951536,16.0,81,318.0,10.48,1.2246467991473532e-16,-1.0,16.8,82,256.0,1.63,-0.544639035015027,0.838670567945424,12.1,85,46.0,9.4,0.0174524064372835,0.9998476951563912,3.2499999999999982,open-meteo,2026-08-08T10:03:04+00:00
2026-05-10 18:00:00+00:00,FR,load,13.3,93,33.0,6.46,0.1736481776669303,0.984807753012208,15.4,88,149.0,9.18,-0.1908089953765447,-0.981627183447664,15.9,82,134.0,4.09,-0.3583679495453004,-0.9335804264972016,11.2,85,17.0,9.4,0.224951054343865,0.9743700647852352,4.050000000000001,open-meteo,2026-08-08T10:03:04+00:00
2026-05-10 19:00:00+00:00,FR,load,13.0,94,4.0,5.79,0.4067366430758002,0.9135454576426008,14.4,94,27.0,8.88,-0.1908089953765447,-0.981627183447664,14.9,84,44.0,1.31,-0.4539904997395469,0.8910065241883678,11.0,80,8.0,10.0,0.2756373558169991,0.9612616959383188,4.675000000000001,open-meteo,2026-08-08T10:03:04+00:00
2026-05-10 20:00:00+00:00,FR,load,12.8,93,0.0,5.3,0.4226182617406994,0.90630778703665,14.0,96,0.0,8.67,-0.3090169943749473,-0.9510565162951536,14.2,90,0.0,2.37,-0.6156614753256582,-0.788010753606722,10.0,89,0.0,8.7,0.3907311284892737,0.9205048534524404,5.25,open-meteo,2026-08-08T10:03:04+00:00
2026-05-10 21:00:00+00:00,FR,load,12.0,94,0.0,7.54,0.4383711467890774,0.898794046299167,14.1,93,0.0,10.46,-0.2249510543438649,-0.9743700647852352,13.5,90,0.0,2.46,-0.874619707139396,-0.4848096202463368,9.7,88,0.0,9.1,0.3255681544571567,0.9455185755993168,5.675000000000001,open-meteo,2026-08-08T10:03:04+00:00
2026-05-10 22:00:00+00:00,FR,load,11.7,90,0.0,7.8,0.5446390350150271,0.838670567945424,13.8,93,0.0,11.22,-0.4539904997395467,-0.8910065241883679,13.0,91,0.0,2.67,-0.9902680687415704,0.1391731009600654,10.0,83,0.0,9.4,0.2419218955996677,0.9702957262759964,5.875,open-meteo,2026-08-08T10:03:04+00:00
2026-05-10 23:00:00+00:00,FR,load,11.6,92,0.0,5.65,0.4694715627858908,0.882947592858927,13.2,94,0.0,12.57,-0.5150380749100542,-0.8571673007021123,12.7,95,0.0,3.51,-0.8910065241883679,0.4539904997395466,9.0,91,0.0,9.2,0.2079116908177593,0.9781476007338056,6.375,open-meteo,2026-08-08T10:03:04+00:00
2026-05-11 00:00:00+00:00,FR,load,11.3,93,0.0,4.38,0.1736481776669303,0.984807753012208,12.9,97,0.0,7.06,-0.4848096202463369,-0.8746197071393959,13.0,96,0.0,3.24,-0.8746197071393956,0.4848096202463373,8.9,92,0.0,7.7,0.3090169943749474,0.9510565162951536,6.475,open-meteo,2026-08-08T10:03:04+00:00
2026-05-11 01:00:00+00:00,FR,load,11.0,94,0.0,5.1,-0.0174524064372835,0.9998476951563912,12.6,94,0.0,8.18,-0.3255681544571567,-0.9455185755993168,12.6,96,0.0,2.53,-0.8090169943749476,0.5877852522924729,8.6,94,0.0,7.9,0.4383711467890774,0.898794046299167,6.799999999999999,open-meteo,2026-08-08T10:03:04+00:00
2026-05-11 02:00:00+00:00,FR,load,10.8,92,0.0,4.13,-0.0697564737441256,0.9975640502598242,11.7,91,0.0,7.25,0.0348994967025011,-0.9993908270190958,12.1,95,0.0,2.14,-0.961261695938319,-0.2756373558169989,8.3,95,0.0,6.4,0.3090169943749474,0.9510565162951536,7.274999999999999,open-meteo,2026-08-08T10:03:04+00:00
2026-05-11 03:00:00+00:00,FR,load,10.6,89,0.0,7.16,0.0523359562429438,0.9986295347545738,11.2,86,0.0,4.43,-0.3090169943749473,-0.9510565162951536,11.4,94,0.0,2.36,-0.6691306063588582,-0.7431448254773942,7.9,94,0.0,6.7,0.3090169943749474,0.9510565162951536,7.725000000000001,open-meteo,2026-08-08T10:03:04+00:00
2026-05-11 04:00:00+00:00,FR,load,10.3,90,0.0,5.4,0.0523359562429438,0.9986295347545738,10.9,86,0.0,7.33,-0.1391731009600655,-0.9902680687415704,10.9,94,0.0,2.43,-0.6819983600624984,-0.7313537016191706,8.0,95,0.0,6.3,0.2419218955996677,0.9702957262759964,7.975,open-meteo,2026-08-08T10:03:04+00:00
2026-05-11 05:00:00+00:00,FR,load,9.9,91,4.0,6.01,0.1045284632676534,0.9945218953682732,11.3,95,8.0,7.34,-0.2249510543438649,-0.9743700647852352,10.5,95,5.0,2.02,-0.874619707139396,-0.4848096202463368,7.8,95,2.0,5.1,0.1218693434051474,0.992546151641322,8.125,open-meteo,2026-08-08T10:03:04+00:00
2026-05-11 06:00:00+00:00,FR,load,9.5,93,25.0,6.3,0.2079116908177593,0.9781476007338056,11.7,94,66.0,6.57,-0.1736481776669304,-0.984807753012208,11.4,94,96.0,2.59,-0.90630778703665,-0.4226182617406991,8.1,93,19.0,3.8,0.0871557427476581,0.9961946980917455,7.824999999999999,open-meteo,2026-08-08T10:03:04+00:00
2026-05-11 07:00:00+00:00,FR,load,9.4,91,46.0,7.59,0.1908089953765448,0.981627183447664,12.8,90,251.0,4.75,-0.1391731009600655,-0.9902680687415704,14.0,87,267.0,2.26,-0.9510565162951536,-0.3090169943749475,9.1,78,171.0,6.2,-0.0871557427476583,0.9961946980917455,6.674999999999999,open-meteo,2026-08-08T10:03:04+00:00
2026-05-11 08:00:00+00:00,FR,load,9.6,91,86.0,6.86,0.0348994967025009,0.9993908270190958,14.0,82,455.0,3.68,-0.4226182617406993,-0.90630778703665,15.2,79,429.0,4.03,-0.9510565162951536,0.3090169943749472,9.9,68,473.0,5.2,-0.1391731009600658,0.9902680687415704,5.825000000000001,open-meteo,2026-08-08T10:03:04+00:00
2026-05-11 09:00:00+00:00,FR,load,9.7,90,177.0,6.67,0.0348994967025009,0.9993908270190958,14.4,77,518.0,2.99,-0.5299192642332048,-0.8480480961564261,16.5,73,515.0,3.69,-0.9271838545667874,0.3746065934159119,10.7,63,618.0,5.1,-0.1908089953765446,0.981627183447664,5.175000000000001,open-meteo,2026-08-08T10:03:04+00:00
2026-05-11 10:00:00+00:00,FR,load,9.9,88,246.0,6.37,-0.2419218955996678,0.9702957262759964,15.2,75,467.0,2.48,-0.3090169943749473,-0.9510565162951536,17.7,67,719.0,4.37,-0.9612616959383188,0.2756373558169994,11.7,62,584.0,5.6,-0.5735764363510465,0.8191520442889916,4.375,open-meteo,2026-08-08T10:03:04+00:00
2026-05-11 11:00:00+00:00,FR,load,11.4,70,439.0,5.32,-0.2249510543438653,0.9743700647852352,16.0,71,640.0,3.34,-0.6427876096865393,-0.766044443118978,18.7,59,724.0,6.18,-0.9659258262890684,0.2588190451025203,12.0,60,634.0,6.8,-0.6018150231520483,0.7986355100472928,3.4750000000000014,open-meteo,2026-08-08T10:03:04+00:00
2026-05-11 12:00:00+00:00,FR,load,12.6,64,790.0,5.7,-0.4848096202463369,0.8746197071393959,16.9,67,782.0,4.65,-0.8191520442889916,-0.5735764363510464,19.6,53,809.0,6.45,-0.9563047559630354,0.2923717047227367,10.8,71,665.0,9.0,-0.6946583704589976,0.7193398003386509,3.0249999999999986,open-meteo,2026-08-08T10:03:04+00:00
2026-05-11 13:00:00+00:00,FR,load,13.1,59,741.0,6.09,-0.4694715627858908,0.882947592858927,17.8,57,820.0,2.98,-0.6946583704589974,-0.7193398003386511,20.1,49,710.0,7.37,-0.9702957262759966,0.2419218955996674,8.9,88,185.0,9.0,-0.1908089953765446,0.981627183447664,3.0250000000000004,open-meteo,2026-08-08T10:03:04+00:00
2026-05-11 14:00:00+00:00,FR,load,13.7,53,648.0,7.33,-0.5000000000000004,0.8660254037844384,18.0,59,519.0,5.34,-0.7313537016191703,-0.6819983600624986,20.1,50,736.0,8.13,-0.9876883405951378,0.1564344650402306,10.9,63,469.0,8.1,-0.2756373558169989,0.9612616959383188,2.325000000000001,open-meteo,2026-08-08T10:03:04+00:00
2026-05-11 15:00:00+00:00,FR,load,13.6,59,666.0,6.72,-0.6018150231520483,0.7986355100472928,17.2,63,591.0,4.83,-0.1045284632676535,-0.9945218953682732,19.3,59,589.0,7.86,-0.9975640502598242,-0.0697564737441255,10.0,68,636.0,8.8,-0.3746065934159123,0.9271838545667872,2.9750000000000014,open-meteo,2026-08-08T10:03:04+00:00
2026-05-11 16:00:00+00:00,FR,load,12.8,61,300.0,7.6,-0.5000000000000004,0.8660254037844384,17.1,64,500.0,5.12,-0.0871557427476579,-0.9961946980917455,18.6,64,523.0,7.29,-0.9945218953682734,-0.1045284632676533,9.5,59,454.0,7.8,-0.3746065934159123,0.9271838545667872,3.5,open-meteo,2026-08-08T10:03:04+00:00
2026-05-11 17:00:00+00:00,FR,load,12.2,63,199.0,8.12,-0.6691306063588581,0.7431448254773944,16.9,67,242.0,5.55,-0.3583679495453004,-0.9335804264972016,17.8,65,322.0,7.26,-0.9993908270190958,-0.0348994967025007,9.9,59,120.0,8.0,-0.3907311284892739,0.9205048534524404,3.8000000000000007,open-meteo,2026-08-08T10:03:04+00:00
2026-05-11 18:00:00+00:00,FR,load,12.2,63,162.0,7.02,-0.7660444431189781,0.6427876096865393,15.7,65,72.0,6.23,-0.7071067811865477,0.7071067811865474,17.3,70,145.0,6.19,-0.9961946980917455,-0.0871557427476582,9.3,61,136.0,8.8,-0.2079116908177598,0.9781476007338056,4.375,open-meteo,2026-08-08T10:03:04+00:00
2026-05-11 19:00:00+00:00,FR,load,10.9,69,70.0,6.12,-0.6427876096865396,0.7660444431189778,14.0,69,10.0,5.8,-0.0871557427476583,0.9961946980917455,16.2,75,45.0,6.38,-0.9510565162951536,-0.3090169943749475,7.7,67,75.0,7.0,-0.1564344650402311,0.9876883405951375,5.800000000000001,open-meteo,2026-08-08T10:03:04+00:00
2026-05-11 20:00:00+00:00,FR,load,10.0,82,1.0,8.48,-0.3746065934159123,0.9271838545667872,12.6,82,0.0,6.79,0.3090169943749474,0.9510565162951536,15.4,78,0.0,6.27,-0.9702957262759964,-0.2419218955996677,6.2,68,3.0,6.8,-0.1564344650402311,0.9876883405951375,6.949999999999999,open-meteo,2026-08-08T09:50:27+00:00
2026-05-11 21:00:00+00:00,FR,load,8.0,84,0.0,7.56,0.2923717047227367,0.9563047559630354,12.1,90,0.0,4.22,0.374606593415912,0.9271838545667874,15.0,77,0.0,6.17,-0.9510565162951536,0.3090169943749472,5.3,74,0.0,6.8,-0.3746065934159123,0.9271838545667872,7.9,open-meteo,2026-08-08T09:50:27+00:00
2026-05-11 22:00:00+00:00,FR,load,6.8,88,0.0,5.22,0.5591929034707469,0.8290375725550417,11.9,92,0.0,4.9,0.2079116908177593,0.9781476007338056,14.2,75,0.0,6.79,-0.9063077870366498,0.4226182617406996,3.7,83,0.0,6.4,-0.4848096202463369,0.8746197071393959,8.85,open-meteo,2026-08-08T09:50:27+00:00
2026-05-11 23:00:00+00:00,FR,load,6.9,88,0.0,2.64,0.5150380749100542,0.8571673007021123,11.1,94,0.0,5.19,0.1908089953765448,0.981627183447664,13.2,75,0.0,6.62,-0.8746197071393956,0.4848096202463373,2.8,81,0.0,7.3,-0.4694715627858908,0.882947592858927,9.5,open-meteo,2026-08-08T10:03:04+00:00
2026-05-12 00:00:00+00:00,FR,load,7.0,89,0.0,1.31,0.4539904997395468,0.8910065241883679,10.0,90,0.0,5.94,0.1564344650402308,0.9876883405951378,12.2,79,0.0,6.54,-0.9135454576426012,0.4067366430757997,2.7,82,0.0,8.2,-0.5735764363510465,0.8191520442889916,10.025,open-meteo,2026-08-08T09:50:27+00:00
2026-05-12 01:00:00+00:00,FR,load,6.2,92,0.0,2.83,0.2419218955996677,0.9702957262759964,8.6,86,0.0,8.11,0.2079116908177593,0.9781476007338056,11.7,83,0.0,6.76,-0.9563047559630354,0.2923717047227367,2.6,89,0.0,8.1,-0.8191520442889918,0.573576436351046,10.725,open-meteo,2026-08-08T09:50:27+00:00
2026-05-12 02:00:00+00:00,FR,load,5.2,95,0.0,2.27,-0.1218693434051472,0.992546151641322,8.0,86,0.0,6.6,0.1045284632676534,0.9945218953682732,11.4,85,0.0,6.84,-0.9743700647852352,0.2249510543438649,1.2,90,0.0,8.4,-0.8191520442889918,0.573576436351046,11.55,open-meteo,2026-08-08T09:50:27+00:00
2026-05-12 03:00:00+00:00,FR,load,4.2,98,0.0,1.27,-0.3907311284892739,0.9205048534524404,7.4,86,0.0,6.42,0.2079116908177593,0.9781476007338056,10.9,89,0.0,6.48,-0.984807753012208,0.1736481776669299,1.0,90,0.0,8.6,-0.8386705679454243,0.5446390350150266,12.125,open-meteo,2026-08-08T10:03:04+00:00
2026-05-12 04:00:00+00:00,FR,load,3.7,98,0.0,0.84,-0.5877852522924734,0.8090169943749473,7.3,88,0.0,6.11,0.1045284632676534,0.9945218953682732,10.6,92,0.0,6.36,-0.984807753012208,0.1736481776669299,1.0,90,0.0,9.2,-0.9063077870366498,0.4226182617406996,12.35,open-meteo,2026-08-08T09:50:27+00:00
2026-05-12 05:00:00+00:00,FR,load,3.5,98,18.0,1.47,-1.0,-1.8369701987210287e-16,7.3,87,10.0,5.71,0.2079116908177593,0.9781476007338056,10.4,94,5.0,5.96,-0.9876883405951378,0.1564344650402306,1.4,87,33.0,9.1,-0.898794046299167,0.4383711467890774,12.35,open-meteo,2026-08-08T10:03:04+00:00
2026-05-12 06:00:00+00:00,FR,load,5.9,95,134.0,1.67,-0.9986295347545738,-0.0523359562429443,8.0,87,114.0,5.93,0.374606593415912,0.9271838545667874,11.2,92,88.0,4.96,-0.9510565162951536,0.3090169943749472,4.1,80,156.0,7.6,-0.9510565162951536,0.3090169943749472,10.7,open-meteo,2026-08-08T10:03:04+00:00
2026-05-12 07:00:00+00:00,FR,load,7.9,87,309.0,2.27,-0.992546151641322,-0.1218693434051471,9.3,84,282.0,3.57,0.2756373558169991,0.9612616959383188,12.2,87,242.0,4.04,-0.9205048534524404,0.3907311284892735,8.1,70,216.0,3.4,-0.9986295347545738,-0.0523359562429443,8.625,open-meteo,2026-08-08T09:50:27+00:00
2026-05-12 08:00:00+00:00,FR,load,9.5,63,484.0,1.92,-0.9659258262890684,-0.2588190451025206,10.2,77,372.0,4.21,0.2079116908177593,0.9781476007338056,13.3,79,387.0,3.89,-0.8290375725550416,0.559192903470747,9.7,61,485.0,4.7,-0.992546151641322,0.1218693434051476,7.324999999999999,open-meteo,2026-08-08T10:03:04+00:00
2026-05-12 09:00:00+00:00,FR,load,10.9,56,642.0,1.47,-1.0,-1.8369701987210287e-16,11.2,72,343.0,5.3,0.2756373558169991,0.9612616959383188,14.6,72,407.0,3.95,-0.7193398003386512,0.6946583704589973,10.6,57,608.0,5.1,-0.984807753012208,0.1736481776669299,6.174999999999999,open-meteo,2026-08-08T09:50:27+00:00
2026-05-12 10:00:00+00:00,FR,load,11.8,55,756.0,1.53,-0.8910065241883678,-0.4539904997395469,12.1,66,621.0,5.78,0.4383711467890774,0.898794046299167,15.7,66,567.0,3.72,-0.8191520442889918,0.573576436351046,11.8,52,723.0,5.0,-0.9961946980917455,-0.0871557427476582,5.150000000000002,open-meteo,2026-08-08T10:03:04+00:00
2026-05-12 11:00:00+00:00,FR,load,12.5,54,788.0,2.3,-0.7660444431189779,-0.6427876096865395,13.1,60,826.0,5.42,0.224951054343865,0.9743700647852352,16.7,59,716.0,4.51,-0.8290375725550416,0.559192903470747,12.2,52,663.0,5.1,-0.8987940462991668,-0.4383711467890777,4.375,open-meteo,2026-08-08T09:50:27+00:00
2026-05-12 12:00:00+00:00,FR,load,13.1,53,804.0,2.59,-0.874619707139396,-0.4848096202463368,13.5,59,697.0,6.19,-0.0871557427476583,0.9961946980917455,17.9,54,650.0,5.47,-0.6946583704589976,0.7193398003386509,12.5,56,590.0,7.8,-0.8571673007021121,-0.5150380749100544,3.75,open-meteo,2026-08-08T10:03:04+00:00
2026-05-12 13:00:00+00:00,FR,load,13.8,50,723.0,3.9,-0.9510565162951536,-0.3090169943749475,12.4,61,512.0,7.97,0.0871557427476581,0.9961946980917455,18.7,50,825.0,5.85,-0.6427876096865396,0.7660444431189778,12.7,59,466.0,7.3,-0.8987940462991668,-0.4383711467890777,3.599999999999998,open-meteo,2026-08-08T09:50:27+00:00
2026-05-12 14:00:00+00:00,FR,load,14.1,47,724.0,5.5,-0.981627183447664,-0.1908089953765446,14.2,48,717.0,7.53,0.3583679495453002,0.9335804264972016,19.1,48,729.0,6.25,-0.5735764363510465,0.8191520442889916,11.8,65,531.0,6.4,-0.9455185755993168,-0.3255681544571566,3.2,open-meteo,2026-08-08T09:50:27+00:00
2026-05-12 15:00:00+00:00,FR,load,14.4,52,620.0,4.98,-0.8090169943749473,-0.5877852522924732,14.4,53,675.0,8.16,0.2756373558169991,0.9612616959383188,19.1,46,678.0,6.12,-0.5735764363510465,0.8191520442889916,13.4,54,116.0,8.0,-0.90630778703665,-0.4226182617406991,2.674999999999999,open-meteo,2026-08-08T10:03:04+00:00
2026-05-12 16:00:00+00:00,FR,load,14.2,49,382.0,5.24,-0.9563047559630352,-0.2923717047227371,14.0,55,541.0,9.33,0.2923717047227367,0.9563047559630354,18.7,45,581.0,6.66,-0.5877852522924734,0.8090169943749473,12.9,57,161.0,8.3,-0.9563047559630352,-0.2923717047227371,3.0500000000000007,open-meteo,2026-08-08T10:03:04+00:00
2026-05-12 17:00:00+00:00,FR,load,14.3,51,341.0,4.8,-0.9993908270190958,-0.0348994967025007,13.2,58,360.0,9.33,0.1564344650402308,0.9876883405951378,18.1,46,402.0,6.59,-0.6691306063588581,0.7431448254773944,12.2,64,130.0,6.3,-0.848048096156426,-0.529919264233205,3.5500000000000007,open-meteo,2026-08-08T09:50:27+00:00
2026-05-12 18:00:00+00:00,FR,load,13.9,57,205.0,3.35,-0.9659258262890684,-0.2588190451025206,12.4,55,167.0,9.55,0.1045284632676534,0.9945218953682732,17.1,46,216.0,5.82,-0.6946583704589976,0.7193398003386509,13.3,57,48.0,7.7,-0.8910065241883678,-0.4539904997395469,3.8249999999999993,open-meteo,2026-08-08T10:03:04+00:00
2026-05-12 19:00:00+00:00,FR,load,13.0,64,51.0,3.7,-0.6018150231520484,-0.7986355100472928,11.1,62,27.0,9.3,0.2079116908177593,0.9781476007338056,15.3,52,54.0,5.68,-0.7193398003386512,0.6946583704589973,12.3,58,24.0,6.9,-0.9659258262890684,-0.2588190451025206,5.074999999999999,open-meteo,2026-08-08T09:50:27+00:00
2026-05-12 20:00:00+00:00,FR,load,12.1,67,1.0,4.21,-0.90630778703665,-0.4226182617406991,10.3,62,0.0,8.29,0.1218693434051474,0.992546151641322,14.3,58,0.0,5.75,-0.7313537016191703,0.6819983600624987,11.5,69,0.0,6.5,-0.8987940462991668,-0.4383711467890777,5.949999999999999,open-meteo,2026-08-08T09:50:27+00:00
2026-05-12 21:00:00+00:00,FR,load,11.4,74,0.0,6.97,-0.898794046299167,0.4383711467890774,9.7,65,0.0,8.15,0.0697564737441253,0.9975640502598242,13.5,65,0.0,6.49,-0.6156614753256582,0.7880107536067221,10.3,77,0.0,8.0,-0.961261695938319,-0.2756373558169989,6.774999999999999,open-meteo,2026-08-08T09:50:27+00:00
2026-05-12 22:00:00+00:00,FR,load,11.2,70,0.0,7.98,-0.8746197071393956,0.4848096202463373,9.2,68,0.0,5.8,0.0871557427476581,0.9961946980917455,13.0,67,0.0,6.18,-0.6691306063588581,0.7431448254773944,9.6,86,0.0,8.5,-0.8910065241883678,-0.4539904997395469,7.25,open-meteo,2026-08-08T09:50:27+00:00
2026-05-12 23:00:00+00:00,FR,load,9.9,76,0.0,7.07,-0.8571673007021123,0.5150380749100542,8.4,72,0.0,5.92,0.1218693434051474,0.992546151641322,12.7,68,0.0,6.38,-0.9510565162951536,0.3090169943749472,10.1,92,0.0,6.9,-0.9612616959383188,0.2756373558169994,7.725,open-meteo,2026-08-08T09:50:27+00:00
2026-05-13 00:00:00+00:00,FR,load,9.2,83,0.0,6.88,-0.9563047559630354,0.2923717047227367,8.2,77,0.0,6.15,0.2419218955996677,0.9702957262759964,12.4,73,0.0,8.39,-0.9702957262759966,0.2419218955996674,8.7,92,0.0,6.7,-0.9743700647852352,-0.2249510543438652,8.375,open-meteo,2026-08-08T09:50:27+00:00
2026-05-13 01:00:00+00:00,FR,load,8.8,87,0.0,7.75,-0.9993908270190958,-0.0348994967025007,8.1,75,0.0,6.2,0.2756373558169991,0.9612616959383188,12.0,73,0.0,9.39,-0.9510565162951536,0.3090169943749472,9.2,97,0.0,6.2,-0.961261695938319,-0.2756373558169989,8.475000000000001,open-meteo,2026-08-08T09:50:27+00:00
2026-05-13 02:00:00+00:00,FR,load,8.5,92,0.0,8.23,-0.9998476951563912,-0.0174524064372834,8.0,77,0.0,6.06,0.1564344650402308,0.9876883405951378,11.6,71,0.0,9.84,-0.9743700647852352,0.2249510543438649,8.5,93,0.0,6.7,-0.9702957262759964,-0.2419218955996677,8.85,open-meteo,2026-08-08T09:50:27+00:00
2026-05-13 03:00:00+00:00,FR,load,9.3,91,0.0,7.85,-0.9986295347545738,-0.0523359562429443,8.2,79,0.0,5.85,0.1564344650402308,0.9876883405951378,10.8,74,0.0,9.13,-0.9975640502598244,0.0697564737441252,8.9,94,0.0,8.3,-0.9876883405951378,0.1564344650402306,8.7,open-meteo,2026-08-08T09:50:27+00:00
2026-05-13 04:00:00+00:00,FR,load,9.1,93,0.0,8.54,-0.9986295347545738,0.0523359562429439,8.3,79,0.0,5.15,0.1564344650402308,0.9876883405951378,10.2,80,0.0,8.82,-1.0,-1.8369701987210287e-16,8.1,95,0.0,7.4,-0.961261695938319,-0.2756373558169989,9.075,open-meteo,2026-08-08T09:50:27+00:00
2026-05-13 05:00:00+00:00,FR,load,9.6,90,9.0,7.46,-0.9986295347545738,0.0523359562429439,8.3,81,12.0,3.82,0.3907311284892737,0.9205048534524404,10.2,84,5.0,8.82,-0.9993908270190958,0.0348994967025012,8.3,94,4.0,6.5,-0.984807753012208,-0.1736481776669303,8.9,open-meteo,2026-08-08T09:50:27+00:00
2026-05-13 06:00:00+00:00,FR,load,10.2,87,74.0,6.69,-0.9961946980917455,-0.0871557427476582,9.0,76,76.0,3.88,0.3583679495453002,0.9335804264972016,10.8,87,72.0,8.43,-0.9986295347545738,0.0523359562429439,9.7,92,51.0,6.6,-0.656059028990507,-0.7547095802227721,8.075,open-meteo,2026-08-08T09:50:27+00:00
2026-05-13 07:00:00+00:00,FR,load,11.0,78,244.0,9.22,-0.9993908270190958,-0.0348994967025007,10.3,70,258.0,3.87,0.1564344650402308,0.9876883405951378,11.9,83,218.0,8.04,-0.9993908270190958,0.0348994967025012,10.8,87,159.0,7.1,-0.7313537016191703,-0.6819983600624986,7.0,open-meteo,2026-08-08T09:50:27+00:00
2026-05-13 08:00:00+00:00,FR,load,11.6,71,350.0,10.0,-0.9993908270190958,-0.0348994967025007,11.5,65,394.0,3.77,0.1564344650402308,0.9876883405951378,13.4,75,406.0,7.94,-0.9876883405951378,0.1564344650402306,11.4,85,133.0,7.6,-0.6691306063588582,-0.7431448254773942,6.025,open-meteo,2026-08-08T09:50:27+00:00
2026-05-13 09:00:00+00:00,FR,load,12.9,60,429.0,10.31,-0.9876883405951375,-0.156434465040231,12.1,65,451.0,3.96,-0.1564344650402311,0.9876883405951375,14.5,64,539.0,8.65,-0.9743700647852352,0.2249510543438649,10.9,83,252.0,9.4,-0.8910065241883678,-0.4539904997395469,5.4,open-meteo,2026-08-08T09:50:27+00:00
2026-05-13 10:00:00+00:00,FR,load,13.9,53,569.0,12.61,-0.9945218953682734,-0.1045284632676533,12.8,62,425.0,4.8,-0.0174524064372835,0.9998476951563912,15.1,61,534.0,8.2,-0.9659258262890684,0.2588190451025203,12.2,76,301.0,7.6,-0.913545457642601,-0.4067366430758001,4.5,open-meteo,2026-08-08T10:03:04+00:00
2026-05-13 11:00:00+00:00,FR,load,12.7,65,343.0,13.34,-0.9986295347545738,-0.0523359562429443,13.0,63,483.0,4.86,0.1564344650402308,0.9876883405951378,14.7,64,378.0,8.72,-0.9659258262890684,0.2588190451025203,11.9,77,358.0,8.3,-0.90630778703665,-0.4226182617406991,4.925000000000001,open-meteo,2026-08-08T09:50:27+00:00
2026-05-13 12:00:00+00:00,FR,load,12.2,71,285.0,10.08,-0.9743700647852352,-0.2249510543438652,13.8,58,725.0,5.86,-0.3090169943749477,0.9510565162951536,15.7,62,305.0,9.1,-0.9902680687415704,0.1391731009600654,12.9,65,170.0,10.0,-0.9335804264972016,-0.3583679495453007,4.35,open-meteo,2026-08-08T09:50:27+00:00
2026-05-13 13:00:00+00:00,FR,load,13.2,72,347.0,10.2,-0.9396926207859084,-0.3420201433256685,14.6,56,647.0,4.05,0.1218693434051474,0.992546151641322,16.5,59,602.0,9.56,-0.9945218953682734,0.1045284632676529,13.2,65,644.0,10.9,-0.9271838545667872,-0.3746065934159123,3.625,open-meteo,2026-08-08T09:50:27+00:00
2026-05-13 14:00:00+00:00,FR,load,12.4,74,276.0,9.84,-0.9271838545667872,-0.3746065934159123,15.6,53,669.0,2.84,-2.4492935982947064e-16,1.0,17.4,56,608.0,10.91,-0.9876883405951378,0.1564344650402306,13.3,63,152.0,10.6,-0.9455185755993168,-0.3255681544571566,3.325,open-meteo,2026-08-08T09:50:27+00:00
2026-05-13 15:00:00+00:00,FR,load,10.9,86,219.0,9.04,-0.9975640502598244,0.0697564737441252,15.8,52,632.0,2.42,0.2419218955996677,0.9702957262759964,16.9,62,580.0,10.63,-0.9781476007338056,0.2079116908177594,12.8,60,161.0,9.4,-0.9902680687415704,-0.1391731009600658,3.899999999999999,open-meteo,2026-08-08T09:50:27+00:00
2026-05-13 16:00:00+00:00,FR,load,11.6,79,323.0,12.04,-0.992546151641322,-0.1218693434051471,15.8,53,529.0,1.53,0.8910065241883679,0.4539904997395468,16.2,67,403.0,11.96,-0.9743700647852352,0.2249510543438649,11.0,83,488.0,8.0,-0.9781476007338056,-0.2079116908177598,4.350000000000001,open-meteo,2026-08-08T09:50:27+00:00
2026-05-13 17:00:00+00:00,FR,load,11.6,73,321.0,13.47,-0.9902680687415704,-0.1391731009600658,15.4,54,344.0,2.1,0.7986355100472927,-0.6018150231520484,15.7,67,296.0,11.24,-0.9743700647852352,0.2249510543438649,9.7,89,146.0,7.9,-0.9510565162951536,-0.3090169943749475,4.899999999999999,open-meteo,2026-08-08T09:50:27+00:00
2026-05-13 18:00:00+00:00,FR,load,9.3,78,87.0,9.02,-0.945518575599317,0.3255681544571563,14.9,48,170.0,5.7,0.4539904997395468,-0.8910065241883678,15.0,71,163.0,10.0,-0.9998476951563912,0.0174524064372831,9.2,90,159.0,5.1,-0.9702957262759966,0.2419218955996674,5.899999999999999,open-meteo,2026-08-08T09:50:27+00:00
2026-05-13 19:00:00+00:00,FR,load,8.8,85,49.0,9.14,-0.9975640502598244,0.0697564737441252,12.9,53,37.0,6.2,0.0871557427476582,-0.9961946980917455,14.2,70,51.0,10.06,-0.992546151641322,0.1218693434051476,7.6,89,53.0,7.3,-0.90630778703665,-0.4226182617406991,7.124999999999998,open-meteo,2026-08-08T09:50:27+00:00
2026-05-13 20:00:00+00:00,FR,load,8.5,89,1.0,8.33,-0.9998476951563912,-0.0174524064372834,11.5,61,0.0,4.59,-0.6427876096865393,-0.766044443118978,13.5,71,0.0,10.22,-0.9510565162951536,0.3090169943749472,7.7,91,3.0,8.2,-0.8910065241883678,-0.4539904997395469,7.699999999999999,open-meteo,2026-08-08T09:50:27+00:00
2026-05-13 21:00:00+00:00,FR,load,7.9,92,0.0,9.47,-0.981627183447664,-0.1908089953765446,12.0,56,0.0,5.09,-0.981627183447664,-0.1908089953765446,12.6,73,0.0,9.45,-0.945518575599317,0.3255681544571563,7.4,89,0.0,8.5,-0.9205048534524404,-0.3907311284892738,8.025,open-meteo,2026-08-08T09:50:27+00:00
2026-05-13 22:00:00+00:00,FR,load,7.8,92,0.0,9.1,-0.9702957262759964,-0.2419218955996677,11.3,59,0.0,7.86,-0.9975640502598242,-0.0697564737441255,11.8,82,0.0,8.46,-0.9961946980917455,0.0871557427476578,7.2,92,0.0,7.8,-0.9659258262890684,-0.2588190451025206,8.475,open-meteo,2026-08-08T09:50:27+00:00
2026-05-13 23:00:00+00:00,FR,load,7.7,90,0.0,9.96,-0.9659258262890684,-0.2588190451025206,10.6,59,0.0,8.23,-1.0,-1.8369701987210287e-16,11.2,87,0.0,8.43,-0.9998476951563912,0.0174524064372831,7.2,93,0.0,7.9,-0.9396926207859084,-0.3420201433256685,8.825,open-meteo,2026-08-08T09:50:27+00:00
2026-05-14 00:00:00+00:00,FR,load,7.3,90,0.0,9.36,-0.984807753012208,-0.1736481776669303,11.0,56,0.0,8.44,-0.9743700647852352,0.2249510543438649,10.8,89,0.0,8.14,-0.9986295347545738,0.0523359562429439,7.2,92,0.0,7.3,-0.9993908270190958,0.0348994967025012,8.924999999999999,open-meteo,2026-08-08T09:50:27+00:00
2026-05-14 01:00:00+00:00,FR,load,6.9,92,0.0,8.3,-0.9781476007338056,-0.2079116908177598,10.4,59,0.0,5.53,-0.992546151641322,-0.1218693434051471,10.5,91,0.0,8.63,-0.9986295347545738,-0.0523359562429443,6.9,91,0.0,7.6,-0.9975640502598242,-0.0697564737441255,9.325,open-meteo,2026-08-08T09:50:27+00:00
2026-05-14 02:00:00+00:00,FR,load,6.9,95,0.0,8.05,-0.9986295347545738,-0.0523359562429443,9.7,68,0.0,3.38,-0.9271838545667872,-0.3746065934159123,10.3,89,0.0,9.24,-0.9961946980917455,-0.0871557427476582,6.1,94,0.0,7.7,-0.9993908270190958,-0.0348994967025007,9.75,open-meteo,2026-08-08T09:50:27+00:00
2026-05-14 03:00:00+00:00,FR,load,6.9,95,0.0,8.75,-0.961261695938319,-0.2756373558169989,9.8,68,0.0,3.07,-0.8910065241883678,-0.4539904997395469,10.7,85,0.0,9.22,-0.9993908270190958,-0.0348994967025007,6.3,94,0.0,6.9,-0.9743700647852352,-0.2249510543438652,9.575,open-meteo,2026-08-08T09:50:27+00:00
2026-05-14 04:00:00+00:00,FR,load,6.9,95,0.0,7.53,-0.9510565162951536,-0.3090169943749475,9.6,70,0.0,4.44,-0.5150380749100542,-0.8571673007021123,10.8,82,0.0,9.93,-0.9961946980917455,-0.0871557427476582,6.4,95,0.0,7.6,-0.9975640502598244,0.0697564737441252,9.575,open-meteo,2026-08-08T09:50:27+00:00
2026-05-14 05:00:00+00:00,FR,load,7.0,95,7.0,7.94,-0.961261695938319,-0.2756373558169989,9.3,73,9.0,4.31,-0.2923717047227367,-0.9563047559630354,11.1,75,4.0,11.09,-0.9986295347545738,-0.0523359562429443,5.3,97,29.0,7.9,-0.9563047559630352,-0.2923717047227371,9.825,open-meteo,2026-08-08T09:50:27+00:00
2026-05-14 06:00:00+00:00,FR,load,7.1,94,31.0,6.17,-0.9998476951563912,0.0174524064372831,9.2,70,41.0,6.12,-0.1218693434051473,-0.992546151641322,11.2,75,47.0,11.29,-0.9986295347545738,-0.0523359562429443,6.7,93,94.0,5.6,-0.9563047559630352,-0.2923717047227371,9.45,open-meteo,2026-08-08T10:03:04+00:00
2026-05-14 07:00:00+00:00,FR,load,7.6,90,90.0,7.54,-1.0,-1.8369701987210287e-16,9.0,80,91.0,6.39,-0.3583679495453004,-0.9335804264972016,11.5,74,111.0,11.69,-0.9975640502598242,-0.0697564737441255,8.7,85,127.0,5.0,-0.9993908270190958,-0.0348994967025007,8.8,open-meteo,2026-08-08T10:03:04+00:00
2026-05-14 08:00:00+00:00,FR,load,8.2,88,243.0,6.56,-0.9998476951563912,0.0174524064372831,8.9,87,104.0,5.0,-0.0174524064372836,-0.9998476951563912,11.2,81,141.0,12.21,-0.9945218953682734,-0.1045284632676533,9.5,86,214.0,7.1,-0.8910065241883679,0.4539904997395466,8.55,open-meteo,2026-08-08T10:03:04+00:00
2026-05-14 09:00:00+00:00,FR,load,9.3,84,227.0,5.53,-0.992546151641322,-0.1218693434051471,10.7,78,303.0,5.17,-0.4226182617406993,-0.90630778703665,11.1,87,128.0,11.08,-0.9986295347545738,0.0523359562429439,9.7,71,594.0,5.3,-0.9396926207859084,0.342020143325669,7.800000000000001,open-meteo,2026-08-08T10:03:04+00:00
2026-05-14 10:00:00+00:00,FR,load,9.3,88,268.0,6.79,-0.9961946980917455,-0.0871557427476582,10.6,79,293.0,5.59,-0.6156614753256582,-0.788010753606722,11.3,85,228.0,10.52,-0.9961946980917455,0.0871557427476578,10.0,75,398.0,7.1,-0.8571673007021123,0.5150380749100542,7.699999999999999,open-meteo,2026-08-08T10:03:04+00:00
2026-05-14 11:00:00+00:00,FR,load,10.3,79,379.0,6.18,-0.9975640502598242,-0.0697564737441255,11.6,77,388.0,5.95,-0.5446390350150271,-0.838670567945424,12.2,79,384.0,10.78,-0.9993908270190958,0.0348994967025012,10.0,72,259.0,7.7,-0.7313537016191703,0.6819983600624987,6.975000000000001,open-meteo,2026-08-08T09:50:27+00:00
2026-05-14 12:00:00+00:00,FR,load,11.5,71,601.0,6.04,-0.9396926207859084,0.342020143325669,12.7,69,763.0,3.64,-0.587785252292473,-0.8090169943749475,11.9,82,350.0,10.78,-0.9993908270190958,-0.0348994967025007,8.6,74,367.0,8.0,-0.5877852522924734,0.8090169943749473,6.824999999999999,open-meteo,2026-08-08T09:50:27+00:00
2026-05-14 13:00:00+00:00,FR,load,8.8,83,228.0,6.69,-0.6293203910498378,0.7771459614569706,12.9,73,545.0,3.92,-0.5299192642332048,-0.8480480961564261,13.0,75,457.0,11.9,-0.9961946980917455,-0.0871557427476582,7.0,92,280.0,5.2,-0.9205048534524404,0.3907311284892735,7.574999999999999,open-meteo,2026-08-08T10:03:04+00:00
2026-05-14 14:00:00+00:00,FR,load,10.3,80,490.0,6.17,-0.6819983600624984,0.7313537016191707,13.5,65,441.0,4.0,-0.5150380749100542,-0.8571673007021123,13.3,72,422.0,13.13,-1.0,-1.8369701987210287e-16,6.3,92,258.0,5.6,0.2588190451025207,0.9659258262890684,7.15,open-meteo,2026-08-08T10:03:04+00:00
2026-05-14 15:00:00+00:00,FR,load,7.9,85,488.0,8.06,0.2756373558169991,0.9612616959383188,12.2,75,284.0,3.69,-0.9563047559630352,-0.2923717047227371,13.3,75,453.0,11.66,-0.9998476951563912,-0.0174524064372834,6.8,90,116.0,6.6,0.573576436351046,0.8191520442889918,7.949999999999999,open-meteo,2026-08-08T10:03:04+00:00
2026-05-14 16:00:00+00:00,FR,load,8.8,85,202.0,1.67,-0.7660444431189779,-0.6427876096865395,12.4,65,333.0,2.98,-0.9205048534524404,-0.3907311284892738,12.4,78,256.0,11.61,-0.9876883405951378,0.1564344650402306,9.1,75,72.0,6.8,0.3907311284892737,0.9205048534524404,7.324999999999999,open-meteo,2026-08-08T10:03:04+00:00
2026-05-14 17:00:00+00:00,FR,load,9.4,84,314.0,3.86,-0.913545457642601,-0.4067366430758001,11.8,75,345.0,3.02,-0.4226182617406993,-0.90630778703665,12.0,80,156.0,10.39,-0.9998476951563912,0.0174524064372831,8.9,87,201.0,2.3,0.484809620246337,0.8746197071393957,7.475,open-meteo,2026-08-08T10:03:04+00:00
2026-05-14 18:00:00+00:00,FR,load,9.4,89,181.0,3.55,-0.9945218953682734,-0.1045284632676533,9.7,88,132.0,4.62,0.5877852522924731,0.8090169943749475,11.1,85,90.0,11.39,-0.9902680687415704,-0.1391731009600658,9.1,87,201.0,3.2,-0.6691306063588581,0.7431448254773944,8.174999999999999,open-meteo,2026-08-08T10:03:04+00:00
2026-05-14 19:00:00+00:00,FR,load,8.9,88,43.0,4.96,-0.7880107536067218,0.6156614753256585,8.2,86,27.0,5.71,0.5150380749100542,0.8571673007021123,10.3,88,16.0,10.31,-0.9975640502598242,-0.0697564737441255,8.6,80,71.0,4.6,0.2756373558169991,0.9612616959383188,9.0,open-meteo,2026-08-08T10:03:04+00:00
2026-05-14 20:00:00+00:00,FR,load,8.4,86,2.0,6.39,0.0697564737441253,0.9975640502598242,7.9,83,0.0,5.11,0.848048096156426,0.5299192642332049,9.9,90,0.0,8.76,-0.9945218953682734,-0.1045284632676533,6.6,93,5.0,2.8,-0.2923717047227371,0.9563047559630352,9.8,open-meteo,2026-08-08T10:03:04+00:00
2026-05-14 21:00:00+00:00,FR,load,7.2,87,0.0,6.09,0.0871557427476581,0.9961946980917455,7.4,82,0.0,3.29,0.8910065241883679,0.4539904997395468,9.5,91,0.0,8.43,-0.9986295347545738,0.0523359562429439,5.2,91,0.0,5.5,0.2419218955996677,0.9702957262759964,10.675,open-meteo,2026-08-08T10:03:04+00:00
2026-05-14 22:00:00+00:00,FR,load,6.4,87,0.0,5.21,-0.0697564737441256,0.9975640502598242,7.3,84,0.0,2.47,0.992546151641322,0.1218693434051474,9.2,90,0.0,6.96,-0.9998476951563912,0.0174524064372831,4.4,89,0.0,5.6,0.2588190451025207,0.9659258262890684,11.175,open-meteo,2026-08-08T10:03:04+00:00
2026-05-14 23:00:00+00:00,FR,load,5.9,90,0.0,5.33,-0.1218693434051472,0.992546151641322,7.2,88,0.0,2.1,0.7986355100472928,0.6018150231520483,8.9,93,0.0,5.78,-0.9998476951563912,0.0174524064372831,4.0,91,0.0,5.2,0.224951054343865,0.9743700647852352,11.5,open-meteo,2026-08-08T10:03:04+00:00
2026-05-15 00:00:00+00:00,FR,load,5.4,94,0.0,7.64,-0.3907311284892739,0.9205048534524404,7.2,85,0.0,2.46,0.8746197071393957,0.4848096202463371,8.6,90,0.0,7.54,-0.9876883405951375,-0.156434465040231,3.1,92,0.0,4.2,-0.1218693434051472,0.992546151641322,11.925,open-meteo,2026-08-08T10:03:04+00:00
2026-05-15 01:00:00+00:00,FR,load,5.3,95,0.0,7.62,-0.4383711467890778,0.8987940462991668,6.9,86,0.0,1.33,0.8090169943749475,0.5877852522924731,8.5,91,0.0,7.41,-0.9902680687415704,-0.1391731009600658,2.2,93,0.0,3.4,-0.4539904997395469,0.8910065241883678,12.275,open-meteo,2026-08-08T10:03:04+00:00
2026-05-15 02:00:00+00:00,FR,load,5.2,95,0.0,7.58,-0.2419218955996678,0.9702957262759964,6.8,91,0.0,0.49,-2.4492935982947064e-16,1.0,8.2,89,0.0,7.86,-0.9975640502598242,-0.0697564737441255,2.0,95,0.0,2.3,-0.7193398003386512,0.6946583704589973,12.45,open-meteo,2026-08-08T10:03:04+00:00
2026-05-15 03:00:00+00:00,FR,load,4.7,94,0.0,6.44,-0.1564344650402311,0.9876883405951375,6.8,92,0.0,0.88,0.4539904997395468,0.8910065241883679,8.2,91,0.0,7.08,-0.9271838545667874,0.3746065934159119,1.0,96,0.0,4.7,-0.8571673007021123,0.5150380749100542,12.825,open-meteo,2026-08-08T10:03:04+00:00
2026-05-15 04:00:00+00:00,FR,load,4.5,94,0.0,6.06,-0.2419218955996678,0.9702957262759964,6.6,92,0.0,1.87,0.1045284632676534,0.9945218953682732,8.1,93,0.0,6.56,-0.9702957262759966,0.2419218955996674,1.9,95,0.0,4.6,-0.8386705679454243,0.5446390350150266,12.725,open-meteo,2026-08-08T10:03:04+00:00
2026-05-15 05:00:00+00:00,FR,load,4.6,94,23.0,6.15,-0.3746065934159123,0.9271838545667872,6.3,94,5.0,5.0,-0.1908089953765446,0.981627183447664,8.0,92,2.0,6.48,-0.9975640502598244,0.0697564737441252,3.4,93,34.0,6.2,-0.898794046299167,0.4383711467890774,12.425,open-meteo,2026-08-08T10:03:04+00:00
2026-05-15 06:00:00+00:00,FR,load,6.0,91,145.0,5.09,-0.3907311284892739,0.9205048534524404,6.0,91,31.0,6.11,-0.2756373558169989,0.9612616959383188,8.0,93,24.0,6.14,-0.9902680687415704,0.1391731009600654,4.3,93,63.0,7.3,-0.9396926207859084,0.342020143325669,11.925,open-meteo,2026-08-08T10:03:04+00:00
2026-05-15 07:00:00+00:00,FR,load,7.6,87,314.0,3.73,-0.3907311284892739,0.9205048534524404,6.1,91,106.0,5.89,-0.3090169943749477,0.9510565162951536,8.3,93,45.0,6.33,-0.8191520442889918,0.573576436351046,7.0,92,231.0,3.2,-0.9961946980917455,0.0871557427476578,10.75,open-meteo,2026-08-08T10:03:04+00:00
2026-05-15 08:00:00+00:00,FR,load,9.1,81,467.0,4.02,-0.2249510543438653,0.9743700647852352,6.6,89,228.0,5.18,-0.4848096202463369,0.8746197071393959,8.9,85,183.0,6.93,-0.7193398003386512,0.6946583704589973,8.9,85,281.0,3.2,-0.9945218953682734,0.1045284632676529,9.625,open-meteo,2026-08-08T10:03:04+00:00
2026-05-15 09:00:00+00:00,FR,load,10.7,73,495.0,4.21,-0.4226182617406992,0.90630778703665,6.6,88,233.0,6.01,-0.4067366430758001,0.9135454576426008,10.0,78,454.0,7.55,-0.7313537016191703,0.6819983600624987,9.5,80,383.0,7.5,0.0174524064372835,0.9998476951563912,8.8,open-meteo,2026-08-08T10:03:04+00:00
2026-05-15 10:00:00+00:00,FR,load,11.5,68,627.0,4.1,-0.7660444431189781,0.6427876096865393,7.0,87,243.0,7.38,-0.0871557427476583,0.9961946980917455,10.6,74,508.0,8.26,-0.7431448254773946,0.6691306063588578,10.3,74,279.0,7.0,-0.3907311284892739,0.9205048534524404,8.149999999999999,open-meteo,2026-08-08T10:03:04+00:00
2026-05-15 11:00:00+00:00,FR,load,12.6,60,766.0,3.57,-0.7986355100472932,0.6018150231520479,8.6,80,447.0,7.45,0.0348994967025009,0.9993908270190958,11.7,69,676.0,7.79,-0.7660444431189781,0.6427876096865393,10.3,72,443.0,6.8,-0.5000000000000004,0.8660254037844384,7.199999999999999,open-meteo,2026-08-08T10:03:04+00:00
2026-05-15 12:00:00+00:00,FR,load,10.8,72,617.0,9.08,-0.7313537016191703,0.6819983600624987,9.5,84,567.0,7.04,0.224951054343865,0.9743700647852352,12.3,68,728.0,8.45,-0.7880107536067218,0.6156614753256585,9.5,83,495.0,1.9,0.1564344650402308,0.9876883405951378,7.475,open-meteo,2026-08-08T10:03:04+00:00
2026-05-15 13:00:00+00:00,FR,load,10.2,81,387.0,7.28,-0.4067366430758001,0.9135454576426008,8.7,80,517.0,8.77,0.4226182617406994,0.90630778703665,12.9,63,749.0,7.85,-0.8386705679454243,0.5446390350150266,10.7,66,251.0,6.2,-0.5591929034707466,0.8290375725550418,7.375,open-meteo,2026-08-08T10:03:04+00:00
2026-05-15 14:00:00+00:00,FR,load,10.8,74,532.0,4.85,-0.9902680687415704,0.1391731009600654,10.1,70,746.0,7.4,0.1218693434051474,0.992546151641322,13.2,60,774.0,7.23,-0.7547095802227722,0.656059028990507,11.5,61,382.0,7.1,-0.6156614753256582,0.7880107536067221,6.600000000000001,open-meteo,2026-08-08T10:03:04+00:00
2026-05-15 15:00:00+00:00,FR,load,11.2,73,560.0,5.65,-0.7771459614569708,0.6293203910498375,9.3,78,384.0,10.4,-0.0523359562429443,0.9986295347545738,13.1,60,642.0,6.88,-0.8090169943749476,0.5877852522924729,11.2,61,479.0,6.1,-0.4383711467890778,0.8987940462991668,6.800000000000001,open-meteo,2026-08-08T10:03:04+00:00
2026-05-15 16:00:00+00:00,FR,load,9.5,77,188.0,4.12,0.0174524064372835,0.9998476951563912,9.7,71,460.0,7.99,0.1908089953765448,0.981627183447664,12.8,66,507.0,7.5,-0.8746197071393956,0.4848096202463373,11.1,56,376.0,5.2,-0.4383711467890778,0.8987940462991668,7.225,open-meteo,2026-08-08T10:03:04+00:00
2026-05-15 17:00:00+00:00,FR,load,9.1,77,147.0,0.98,0.6018150231520483,0.7986355100472928,9.0,77,294.0,8.13,0.5150380749100542,0.8571673007021123,12.0,73,347.0,6.37,-0.9702957262759966,0.2419218955996674,10.5,60,240.0,4.5,-0.2756373558169989,0.9612616959383188,7.85,open-meteo,2026-08-08T10:03:04+00:00
2026-05-15 18:00:00+00:00,FR,load,9.7,86,127.0,3.15,-0.9961946980917455,-0.0871557427476582,8.5,75,129.0,4.28,0.2756373558169991,0.9612616959383188,11.2,75,172.0,7.84,-0.9993908270190958,0.0348994967025012,10.1,72,113.0,4.6,0.2588190451025207,0.9659258262890684,8.125,open-meteo,2026-08-08T09:50:27+00:00
2026-05-15 19:00:00+00:00,FR,load,9.0,90,41.0,3.16,-0.8660254037844386,0.5000000000000001,6.2,83,31.0,9.22,0.374606593415912,0.9271838545667874,10.2,80,54.0,8.6,-0.9659258262890684,-0.2588190451025206,8.7,79,59.0,3.4,0.6427876096865393,0.766044443118978,9.475,open-meteo,2026-08-08T10:03:04+00:00
2026-05-15 20:00:00+00:00,FR,load,8.3,93,2.0,2.81,-0.8746197071393956,0.4848096202463373,6.0,87,0.0,6.47,0.0523359562429438,0.9986295347545738,9.6,87,0.0,9.23,-0.9876883405951375,-0.156434465040231,8.0,80,3.0,3.0,0.4383711467890774,0.898794046299167,10.025,open-meteo,2026-08-08T10:03:04+00:00
2026-05-15 21:00:00+00:00,FR,load,7.3,94,0.0,3.91,-0.9271838545667874,0.3746065934159119,5.5,90,0.0,6.5,-0.1045284632676534,0.9945218953682732,9.1,89,0.0,9.19,-0.992546151641322,-0.1218693434051471,6.6,85,0.0,2.6,0.3255681544571567,0.9455185755993168,10.875,open-meteo,2026-08-08T10:03:04+00:00
2026-05-15 22:00:00+00:00,FR,load,7.4,94,0.0,3.75,-0.8386705679454243,0.5446390350150266,5.2,90,0.0,6.96,-0.0174524064372835,0.9998476951563912,8.7,91,0.0,8.75,-0.9961946980917455,-0.0871557427476582,6.5,88,0.0,1.1,0.2756373558169991,0.9612616959383188,11.05,open-meteo,2026-08-08T09:50:27+00:00
2026-05-15 23:00:00+00:00,FR,load,7.1,95,0.0,3.4,-0.6946583704589976,0.7193398003386509,5.4,89,0.0,7.91,-0.3746065934159123,0.9271838545667872,8.3,92,0.0,8.4,-0.992546151641322,-0.1218693434051471,6.2,90,0.0,0.7,-0.4383711467890778,0.8987940462991668,11.25,open-meteo,2026-08-08T10:03:04+00:00
2026-05-16 00:00:00+00:00,FR,load,7.1,93,0.0,3.53,-0.6946583704589976,0.7193398003386509,4.8,90,0.0,6.25,-0.1564344650402311,0.9876883405951375,8.4,90,0.0,9.19,-0.992546151641322,-0.1218693434051471,6.1,89,0.0,4.6,-0.7313537016191703,-0.6819983600624986,11.4,open-meteo,2026-08-08T10:03:04+00:00
2026-05-16 01:00:00+00:00,FR,load,6.5,94,0.0,3.07,-0.8910065241883679,0.4539904997395466,4.6,90,0.0,6.47,-0.0174524064372835,0.9998476951563912,8.0,92,0.0,9.71,-0.9986295347545738,-0.0523359562429443,5.3,89,0.0,1.4,0.7313537016191706,-0.6819983600624984,11.9,open-meteo,2026-08-08T09:50:27+00:00
2026-05-16 02:00:00+00:00,FR,load,5.5,96,0.0,3.58,-0.9876883405951375,-0.156434465040231,4.4,91,0.0,6.1,0.1045284632676534,0.9945218953682732,7.7,92,0.0,9.81,-0.9986295347545738,-0.0523359562429443,5.2,93,0.0,3.3,-0.0871557427476579,-0.9961946980917455,12.3,open-meteo,2026-08-08T10:03:04+00:00
2026-05-16 03:00:00+00:00,FR,load,4.7,95,0.0,3.58,-0.9876883405951378,0.1564344650402306,4.8,91,0.0,4.7,0.0174524064372835,0.9998476951563912,7.5,94,0.0,9.01,-1.0,-1.8369701987210287e-16,3.2,93,0.0,5.1,-0.7071067811865475,-0.7071067811865477,12.95,open-meteo,2026-08-08T09:50:27+00:00
2026-05-16 04:00:00+00:00,FR,load,4.0,95,0.0,4.14,-0.992546151641322,-0.1218693434051471,5.5,89,0.0,5.19,-2.4492935982947064e-16,1.0,7.4,92,0.0,9.21,-0.9998476951563912,-0.0174524064372834,3.4,92,0.0,5.3,1.2246467991473532e-16,-1.0,12.925,open-meteo,2026-08-08T09:50:27+00:00
2026-05-16 05:00:00+00:00,FR,load,4.1,95,23.0,4.59,-0.961261695938319,-0.2756373558169989,5.6,90,14.0,5.82,-0.2249510543438653,0.9743700647852352,7.9,90,4.0,9.9,-0.9998476951563912,-0.0174524064372834,5.5,94,13.0,5.5,-0.3420201433256686,-0.9396926207859084,12.225,open-meteo,2026-08-08T09:50:27+00:00
2026-05-16 06:00:00+00:00,FR,load,6.5,91,147.0,5.89,-0.9510565162951536,-0.3090169943749475,6.2,92,105.0,5.98,-0.0348994967025008,0.9993908270190958,8.2,89,43.0,9.7,-0.9998476951563912,-0.0174524064372834,6.1,88,156.0,6.5,-0.6819983600624984,-0.7313537016191706,11.25,open-meteo,2026-08-08T10:03:04+00:00
2026-05-16 07:00:00+00:00,FR,load,7.7,91,226.0,4.83,-0.9510565162951536,-0.3090169943749475,7.1,88,265.0,6.77,-0.0348994967025008,0.9993908270190958,9.3,85,151.0,10.73,-0.9876883405951378,0.1564344650402306,8.0,84,70.0,3.9,-0.587785252292473,-0.8090169943749475,9.975,open-meteo,2026-08-08T10:03:04+00:00
2026-05-16 08:00:00+00:00,FR,load,10.0,83,380.0,5.69,-0.9986295347545738,0.0523359562429439,8.1,86,318.0,6.21,-0.1045284632676534,0.9945218953682732,10.2,84,278.0,8.88,-0.981627183447664,0.1908089953765451,10.2,74,162.0,3.9,-0.6018150231520484,-0.7986355100472928,8.375,open-meteo,2026-08-08T09:50:27+00:00
2026-05-16 09:00:00+00:00,FR,load,11.3,74,608.0,4.63,-0.9945218953682734,0.1045284632676529,9.4,76,428.0,6.89,0.1045284632676534,0.9945218953682732,11.1,77,398.0,9.18,-0.9612616959383188,0.2756373558169994,10.6,70,185.0,5.2,-0.6427876096865393,-0.766044443118978,7.399999999999999,open-meteo,2026-08-08T09:50:27+00:00
2026-05-16 10:00:00+00:00,FR,load,11.7,69,462.0,5.39,-0.9993908270190958,0.0348994967025012,10.2,67,647.0,6.09,0.1908089953765448,0.981627183447664,11.9,75,558.0,8.41,-0.9659258262890684,0.2588190451025203,10.2,84,271.0,2.3,-0.9510565162951536,-0.3090169943749475,7.0,open-meteo,2026-08-08T09:50:27+00:00
2026-05-16 11:00:00+00:00,FR,load,13.1,62,521.0,6.32,-0.992546151641322,-0.1218693434051471,11.0,63,732.0,5.71,0.2079116908177593,0.9781476007338056,12.1,74,503.0,8.19,-0.981627183447664,0.1908089953765451,8.7,83,577.0,4.9,-0.1218693434051473,-0.992546151641322,6.774999999999999,open-meteo,2026-08-08T10:03:04+00:00
2026-05-16 12:00:00+00:00,FR,load,13.1,58,501.0,6.56,-0.9998476951563912,0.0174524064372831,11.5,57,614.0,5.42,-0.1045284632676534,0.9945218953682732,13.2,70,691.0,7.61,-0.9781476007338056,0.2079116908177594,9.5,84,662.0,3.9,-0.6427876096865393,-0.766044443118978,6.175000000000001,open-meteo,2026-08-08T09:50:27+00:00
2026-05-16 13:00:00+00:00,FR,load,13.4,64,466.0,5.17,-0.945518575599317,0.3255681544571563,11.0,68,597.0,4.87,-0.6427876096865396,0.7660444431189778,13.5,68,628.0,8.13,-0.9876883405951378,0.1564344650402306,13.5,50,838.0,7.7,-0.9781476007338056,0.2079116908177594,5.15,open-meteo,2026-08-08T10:03:04+00:00
2026-05-16 14:00:00+00:00,FR,load,12.8,59,569.0,5.89,-0.9659258262890684,0.2588190451025203,12.6,57,692.0,4.8,-0.2923717047227371,0.9563047559630352,13.4,66,407.0,8.13,-0.9743700647852352,0.2249510543438649,13.2,52,433.0,3.5,-0.8987940462991668,-0.4383711467890777,5.0,open-meteo,2026-08-08T09:50:27+00:00
2026-05-16 15:00:00+00:00,FR,load,14.7,51,606.0,5.9,-0.9961946980917455,0.0871557427476578,12.9,48,628.0,5.65,-0.4383711467890778,0.8987940462991668,13.0,68,404.0,8.8,-0.9902680687415704,0.1391731009600654,12.3,56,432.0,4.1,-0.874619707139396,-0.4848096202463368,4.774999999999999,open-meteo,2026-08-08T10:03:04+00:00
2026-05-16 16:00:00+00:00,FR,load,14.2,51,433.0,6.0,-0.9961946980917455,0.0871557427476578,12.6,47,385.0,6.05,-0.4539904997395469,0.8910065241883678,12.3,74,176.0,7.27,-0.9975640502598244,0.0697564737441252,12.6,59,454.0,6.1,-0.984807753012208,0.1736481776669299,5.075000000000001,open-meteo,2026-08-08T10:03:04+00:00
2026-05-16 17:00:00+00:00,FR,load,13.8,50,293.0,6.02,-0.9271838545667874,0.3746065934159119,11.9,59,313.0,3.88,-0.2756373558169989,0.9612616959383188,12.4,77,113.0,6.66,-1.0,-1.8369701987210287e-16,12.8,59,380.0,6.1,-0.9986295347545738,-0.0523359562429443,5.274999999999999,open-meteo,2026-08-08T09:50:27+00:00
2026-05-16 18:00:00+00:00,FR,load,12.7,62,118.0,5.49,-0.9986295347545738,-0.0523359562429443,11.6,58,190.0,4.04,-0.1045284632676534,0.9945218953682732,12.6,79,125.0,6.02,-0.992546151641322,0.1218693434051476,12.4,69,36.0,4.8,-0.9902680687415704,-0.1391731009600658,5.675000000000001,open-meteo,2026-08-08T09:50:27+00:00
2026-05-16 19:00:00+00:00,FR,load,11.7,70,45.0,5.54,-0.9743700647852352,-0.2249510543438652,10.5,61,33.0,5.51,0.0871557427476581,0.9961946980917455,12.0,81,45.0,6.11,-0.9271838545667874,0.3746065934159119,11.3,70,37.0,5.8,-0.848048096156426,-0.529919264233205,6.625,open-meteo,2026-08-08T10:03:04+00:00
2026-05-16 20:00:00+00:00,FR,load,11.0,72,2.0,5.65,-0.8987940462991668,-0.4383711467890777,8.9,70,0.0,4.96,0.3090169943749474,0.9510565162951536,11.8,81,0.0,6.9,-0.9205048534524404,0.3907311284892735,10.1,76,4.0,6.4,-0.7880107536067221,-0.6156614753256581,7.550000000000001,open-meteo,2026-08-08T10:03:04+00:00
2026-05-16 21:00:00+00:00,FR,load,10.3,75,0.0,5.34,-0.6819983600624984,-0.7313537016191706,7.5,76,0.0,5.85,0.5150380749100542,0.8571673007021123,11.2,83,0.0,6.69,-0.9961946980917455,0.0871557427476578,9.9,78,0.0,6.5,-0.7431448254773944,-0.6691306063588581,8.275,open-meteo,2026-08-08T10:03:04+00:00
2026-05-16 22:00:00+00:00,FR,load,10.1,78,0.0,4.99,-0.6819983600624984,-0.7313537016191706,7.1,74,0.0,5.44,0.3907311284892737,0.9205048534524404,10.8,86,0.0,5.6,-0.9975640502598242,-0.0697564737441255,9.8,78,0.0,6.8,-0.4539904997395467,-0.8910065241883679,8.55,open-meteo,2026-08-08T10:03:04+00:00
2026-05-16 23:00:00+00:00,FR,load,10.0,81,0.0,5.68,-0.8090169943749473,-0.5877852522924732,6.5,76,0.0,3.88,0.2756373558169991,0.9612616959383188,10.7,88,0.0,4.66,-0.9902680687415704,-0.1391731009600658,9.3,77,0.0,8.3,-0.3420201433256686,-0.9396926207859084,8.875,open-meteo,2026-08-08T10:03:04+00:00
2026-05-17 00:00:00+00:00,FR,load,10.0,88,0.0,6.21,-0.7880107536067221,-0.6156614753256581,6.1,80,0.0,4.0,0.1908089953765448,0.981627183447664,10.2,89,0.0,4.13,-0.9961946980917455,-0.0871557427476582,9.7,91,0.0,7.4,-0.374606593415912,-0.9271838545667874,9.0,open-meteo,2026-08-08T10:03:04+00:00
2026-05-17 01:00:00+00:00,FR,load,9.8,92,0.0,5.82,-0.7071067811865475,-0.7071067811865477,5.7,81,0.0,3.44,0.0871557427476581,0.9961946980917455,9.3,91,0.0,3.73,-0.9986295347545738,-0.0523359562429443,9.8,89,0.0,7.6,-0.4539904997395467,-0.8910065241883679,9.35,open-meteo,2026-08-08T10:03:04+00:00
2026-05-17 02:00:00+00:00,FR,load,9.7,93,0.0,6.08,-0.6156614753256582,-0.788010753606722,5.5,80,0.0,3.72,0.3090169943749474,0.9510565162951536,8.8,91,0.0,3.14,-0.9975640502598242,-0.0697564737441255,9.5,91,0.0,8.1,-0.3420201433256686,-0.9396926207859084,9.625,open-meteo,2026-08-08T10:03:04+00:00
2026-05-17 03:00:00+00:00,FR,load,9.6,94,0.0,5.55,-0.5299192642332048,-0.8480480961564261,5.3,83,0.0,3.88,0.2756373558169991,0.9612616959383188,9.0,91,0.0,2.52,-0.9743700647852352,-0.2249510543438652,9.3,96,0.0,7.7,-0.2588190451025208,-0.9659258262890684,9.7,open-meteo,2026-08-08T10:03:04+00:00
2026-05-17 04:00:00+00:00,FR,load,9.5,95,0.0,5.87,-0.5446390350150271,-0.838670567945424,5.1,84,0.0,4.4,0.2923717047227367,0.9563047559630354,8.5,91,0.0,2.59,-0.981627183447664,-0.1908089953765446,9.5,95,0.0,7.4,-0.4067366430758002,-0.9135454576426008,9.85,open-meteo,2026-08-08T09:50:27+00:00
2026-05-17 05:00:00+00:00,FR,load,9.6,96,7.0,5.63,-0.6427876096865393,-0.766044443118978,5.3,87,26.0,4.26,0.3907311284892737,0.9205048534524404,8.3,91,8.0,2.56,-0.992546151641322,-0.1218693434051471,9.5,96,3.0,7.9,-0.2923717047227367,-0.9563047559630354,9.825,open-meteo,2026-08-08T09:50:27+00:00
2026-05-17 06:00:00+00:00,FR,load,10.0,96,38.0,5.06,-0.6946583704589974,-0.7193398003386511,7.6,83,148.0,4.19,0.5446390350150271,0.838670567945424,9.5,91,98.0,2.65,-0.9993908270190958,-0.0348994967025007,9.5,96,6.0,7.5,-0.2923717047227367,-0.9563047559630354,8.85,open-meteo,2026-08-08T09:50:27+00:00
2026-05-17 07:00:00+00:00,FR,load,10.4,95,63.0,5.22,-0.7660444431189779,-0.6427876096865395,10.1,74,315.0,2.86,0.5150380749100542,0.8571673007021123,11.6,82,225.0,2.11,-0.9743700647852352,-0.2249510543438652,10.8,93,30.0,6.5,-0.3255681544571567,-0.9455185755993168,7.274999999999999,open-meteo,2026-08-08T09:50:27+00:00
2026-05-17 08:00:00+00:00,FR,load,11.8,87,178.0,5.2,-0.7313537016191703,-0.6819983600624986,11.6,67,486.0,3.68,0.4226182617406994,0.90630778703665,13.0,78,396.0,1.9,-0.9781476007338056,-0.2079116908177598,10.3,95,116.0,7.0,-0.2923717047227367,-0.9563047559630354,6.324999999999999,open-meteo,2026-08-08T10:03:04+00:00
2026-05-17 09:00:00+00:00,FR,load,13.0,86,427.0,4.3,-0.656059028990507,-0.7547095802227721,12.9,57,679.0,4.16,0.2588190451025207,0.9659258262890684,14.3,71,528.0,2.41,-0.8910065241883679,0.4539904997395466,10.9,94,163.0,6.1,-0.2419218955996675,-0.9702957262759964,5.225,open-meteo,2026-08-08T10:03:04+00:00
2026-05-17 10:00:00+00:00,FR,load,14.0,82,460.0,4.04,-0.6293203910498376,-0.7771459614569708,14.3,53,794.0,3.43,0.0348994967025009,0.9993908270190958,15.3,66,563.0,2.39,-0.8191520442889918,0.573576436351046,12.9,87,450.0,6.0,-0.2419218955996675,-0.9702957262759964,3.875,open-meteo,2026-08-08T10:03:04+00:00
2026-05-17 11:00:00+00:00,FR,load,13.7,86,256.0,4.61,-0.7880107536067221,-0.6156614753256581,15.3,51,882.0,3.34,0.0871557427476581,0.9961946980917455,16.0,62,557.0,2.67,-0.8090169943749476,0.5877852522924729,14.3,80,674.0,5.5,-0.3255681544571567,-0.9455185755993168,3.1750000000000007,open-meteo,2026-08-08T10:03:04+00:00
2026-05-17 12:00:00+00:00,FR,load,14.9,79,417.0,4.88,-0.374606593415912,-0.9271838545667874,16.0,46,919.0,3.24,0.0523359562429438,0.9986295347545738,17.1,58,551.0,3.29,-0.8660254037844386,0.5000000000000001,13.4,81,47.0,5.4,-0.3420201433256686,-0.9396926207859084,2.6500000000000004,open-meteo,2026-08-08T10:03:04+00:00
2026-05-17 13:00:00+00:00,FR,load,13.2,89,235.0,5.77,-0.984807753012208,-0.1736481776669303,16.7,41,906.0,2.95,-0.2588190451025207,0.9659258262890684,17.7,56,624.0,3.21,-0.7880107536067218,0.6156614753256585,12.1,91,429.0,3.3,-0.656059028990507,-0.7547095802227721,3.075000000000001,open-meteo,2026-08-08T10:03:04+00:00
2026-05-17 14:00:00+00:00,FR,load,11.9,89,110.0,2.97,-0.9902680687415704,-0.1391731009600658,17.0,38,826.0,3.04,-2.4492935982947064e-16,1.0,18.6,53,670.0,3.29,-0.8660254037844386,0.5000000000000001,14.6,82,117.0,3.7,-0.275637355816999,-0.9612616959383188,2.475,open-meteo,2026-08-08T10:03:04+00:00
2026-05-17 15:00:00+00:00,FR,load,12.0,88,135.0,3.48,-0.848048096156426,-0.529919264233205,17.1,36,702.0,3.41,0.3090169943749474,0.9510565162951536,18.5,52,551.0,4.35,-0.8571673007021123,0.5150380749100542,12.5,89,50.0,6.8,-0.90630778703665,-0.4226182617406991,2.975,open-meteo,2026-08-08T10:03:04+00:00
2026-05-17 16:00:00+00:00,FR,load,12.3,90,177.0,3.51,-0.9205048534524404,-0.3907311284892738,16.9,37,489.0,3.14,0.6293203910498374,0.7771459614569709,18.1,55,452.0,5.26,-0.8746197071393956,0.4848096202463373,12.4,89,46.0,2.9,-0.1564344650402307,-0.9876883405951378,3.075000000000001,open-meteo,2026-08-08T09:50:27+00:00
2026-05-17 17:00:00+00:00,FR,load,12.9,89,132.0,3.72,-0.9510565162951536,0.3090169943749472,16.6,41,310.0,2.51,0.7771459614569709,0.6293203910498374,16.6,67,346.0,6.28,-0.9205048534524404,0.3907311284892735,12.7,90,57.0,3.6,-0.0348994967025009,-0.9993908270190958,3.3000000000000007,open-meteo,2026-08-08T10:03:04+00:00
2026-05-17 18:00:00+00:00,FR,load,12.3,91,58.0,3.02,-0.9063077870366498,0.4226182617406996,16.2,46,187.0,1.61,0.6156614753256583,0.7880107536067219,15.1,80,165.0,4.92,-0.6946583704589976,0.7193398003386509,12.4,91,90.0,3.6,-0.0697564737441252,-0.9975640502598242,4.0,open-meteo,2026-08-08T09:50:27+00:00
2026-05-17 19:00:00+00:00,FR,load,11.7,93,18.0,3.28,-0.9563047559630354,0.2923717047227367,14.6,54,43.0,1.14,0.8571673007021123,0.5150380749100542,14.4,82,29.0,5.8,-0.7986355100472932,0.6018150231520479,11.2,86,34.0,4.9,-0.275637355816999,-0.9612616959383188,5.025000000000002,open-meteo,2026-08-08T10:03:04+00:00
2026-05-17 20:00:00+00:00,FR,load,11.3,92,1.0,4.09,-0.9563047559630354,0.2923717047227367,13.3,49,0.0,0.69,0.9902680687415704,-0.1391731009600653,13.1,89,0.0,5.3,-0.8290375725550416,0.559192903470747,11.4,98,3.0,5.2,-0.6018150231520484,-0.7986355100472928,5.725,open-meteo,2026-08-08T10:03:04+00:00
2026-05-17 21:00:00+00:00,FR,load,10.8,93,0.0,4.51,-0.9993908270190958,-0.0348994967025007,11.9,56,0.0,0.79,-0.1218693434051473,-0.992546151641322,12.7,92,0.0,4.65,-0.9063077870366498,0.4226182617406996,9.9,97,0.0,5.1,-0.9335804264972016,-0.3583679495453007,6.674999999999999,open-meteo,2026-08-08T10:03:04+00:00
2026-05-17 22:00:00+00:00,FR,load,10.3,94,0.0,6.26,-0.9396926207859084,0.342020143325669,11.4,72,0.0,6.42,-0.5150380749100545,0.8571673007021121,12.3,94,0.0,4.04,-0.9702957262759966,0.2419218955996674,9.3,97,0.0,6.7,-0.9335804264972016,-0.3583679495453007,7.175000000000001,open-meteo,2026-08-08T09:50:27+00:00
2026-05-17 23:00:00+00:00,FR,load,9.7,90,0.0,6.48,-0.8910065241883679,0.4539904997395466,11.0,75,0.0,5.1,0.0523359562429438,0.9986295347545738,12.0,95,0.0,4.04,-0.9945218953682734,0.1045284632676529,9.6,90,0.0,7.2,-0.8386705679454242,-0.544639035015027,7.424999999999999,open-meteo,2026-08-08T09:50:27+00:00
2026-05-18 00:00:00+00:00,FR,load,8.9,92,0.0,5.66,-0.9205048534524404,0.3907311284892735,10.9,79,0.0,4.25,0.2588190451025207,0.9659258262890684,11.7,92,0.0,4.62,-0.9961946980917455,-0.0871557427476582,9.2,93,0.0,6.7,-0.7193398003386512,-0.6946583704589973,7.824999999999999,open-meteo,2026-08-08T09:50:27+00:00
2026-05-18 01:00:00+00:00,FR,load,8.5,95,0.0,4.6,-0.8910065241883679,0.4539904997395466,10.9,80,0.0,4.48,0.3907311284892737,0.9205048534524404,11.5,91,0.0,4.41,-1.0,-1.8369701987210287e-16,9.0,94,0.0,7.4,-0.8090169943749473,-0.5877852522924732,8.025,open-meteo,2026-08-08T10:03:04+00:00
2026-05-18 02:00:00+00:00,FR,load,7.5,96,0.0,4.6,-1.0,-1.8369701987210287e-16,10.7,82,0.0,3.83,0.5299192642332049,0.848048096156426,11.2,90,0.0,4.43,-0.9961946980917455,0.0871557427476578,8.5,94,0.0,7.0,-0.754709580222772,-0.6560590289905073,8.525,open-meteo,2026-08-08T09:50:27+00:00
2026-05-18 03:00:00+00:00,FR,load,7.4,97,0.0,5.7,-0.9961946980917455,-0.0871557427476582,10.7,85,0.0,3.86,0.4999999999999999,0.8660254037844387,10.9,91,0.0,4.59,-0.9396926207859084,0.342020143325669,7.5,96,0.0,7.6,-0.8571673007021121,-0.5150380749100544,8.875,open-meteo,2026-08-08T09:50:27+00:00
2026-05-18 04:00:00+00:00,FR,load,7.1,96,0.0,5.65,-0.9876883405951375,-0.156434465040231,10.7,86,0.0,3.14,0.6293203910498374,0.7771459614569709,10.5,92,0.0,4.06,-0.9396926207859084,0.342020143325669,7.0,97,0.0,8.1,-0.754709580222772,-0.6560590289905073,9.175,open-meteo,2026-08-08T10:03:04+00:00
2026-05-18 05:00:00+00:00,FR,load,7.3,96,23.0,5.1,-0.9993908270190958,-0.0348994967025007,10.7,87,9.0,3.41,0.7771459614569709,0.6293203910498374,10.3,92,6.0,3.2,-0.8910065241883679,0.4539904997395466,7.7,95,28.0,7.0,-0.5446390350150271,-0.838670567945424,9.0,open-meteo,2026-08-08T09:50:27+00:00
2026-05-18 06:00:00+00:00,FR,load,8.9,93,133.0,4.85,-0.9902680687415704,-0.1391731009600658,11.5,84,58.0,2.98,0.7193398003386511,0.6946583704589973,11.1,90,64.0,3.35,-0.7880107536067218,0.6156614753256585,9.8,92,52.0,4.9,-0.5735764363510462,-0.8191520442889918,7.675000000000001,open-meteo,2026-08-08T09:50:27+00:00
2026-05-18 07:00:00+00:00,FR,load,10.1,91,235.0,3.17,-0.9876883405951375,-0.156434465040231,12.4,78,227.0,2.3,0.6427876096865393,0.766044443118978,11.7,87,96.0,2.39,-0.8191520442889918,0.573576436351046,10.8,88,276.0,4.5,-0.6427876096865393,-0.766044443118978,6.75,open-meteo,2026-08-08T10:03:04+00:00
2026-05-18 08:00:00+00:00,FR,load,11.2,85,256.0,3.43,-1.0,-1.8369701987210287e-16,13.2,73,390.0,3.04,0.0697564737441253,0.9975640502598242,12.2,83,152.0,1.93,-0.8660254037844386,0.5000000000000001,11.0,89,211.0,4.9,-0.374606593415912,-0.9271838545667874,6.100000000000001,open-meteo,2026-08-08T09:50:27+00:00
2026-05-18 09:00:00+00:00,FR,load,12.7,76,400.0,3.43,-0.9993908270190958,-0.0348994967025007,13.9,64,517.0,3.44,-0.0871557427476583,0.9961946980917455,13.4,77,215.0,2.31,-0.5877852522924734,0.8090169943749473,12.3,75,281.0,4.0,-0.4383711467890774,-0.8987940462991669,4.925000000000001,open-meteo,2026-08-08T10:03:04+00:00
2026-05-18 10:00:00+00:00,FR,load,12.8,78,311.0,3.17,-0.9271838545667872,-0.3746065934159123,14.1,67,534.0,4.24,0.1218693434051474,0.992546151641322,14.4,71,429.0,2.36,-0.7431448254773946,0.6691306063588578,13.0,68,350.0,5.9,-0.5446390350150271,-0.838670567945424,4.425000000000001,open-meteo,2026-08-08T09:50:27+00:00
2026-05-18 11:00:00+00:00,FR,load,13.4,75,465.0,2.77,-0.848048096156426,-0.529919264233205,15.5,63,720.0,3.73,0.0523359562429438,0.9986295347545738,14.8,68,435.0,2.08,-0.7547095802227722,0.656059028990507,10.6,92,173.0,5.5,-0.6691306063588582,-0.7431448254773942,4.424999999999999,open-meteo,2026-08-08T10:03:04+00:00
2026-05-18 12:00:00+00:00,FR,load,13.4,77,334.0,3.77,-0.882947592858927,-0.4694715627858907,15.8,60,706.0,4.17,-0.1564344650402311,0.9876883405951375,16.0,63,518.0,2.78,-0.7771459614569708,0.6293203910498375,12.1,88,465.0,4.9,-0.4539904997395467,-0.8910065241883679,3.674999999999999,open-meteo,2026-08-08T09:50:27+00:00
2026-05-18 13:00:00+00:00,FR,load,15.0,68,688.0,4.26,-0.9205048534524404,-0.3907311284892738,16.3,53,683.0,3.83,-0.2249510543438653,0.9743700647852352,16.1,59,381.0,3.53,-0.6946583704589976,0.7193398003386509,11.6,88,331.0,6.1,-0.992546151641322,-0.1218693434051471,3.2499999999999982,open-meteo,2026-08-08T09:50:27+00:00
2026-05-18 14:00:00+00:00,FR,load,12.9,83,251.0,6.22,-0.8386705679454242,-0.544639035015027,16.9,47,695.0,4.0,-0.3746065934159123,0.9271838545667872,16.6,57,381.0,3.74,-0.7071067811865477,0.7071067811865474,11.0,86,412.0,5.0,-0.9998476951563912,0.0174524064372831,3.65,open-meteo,2026-08-08T10:03:04+00:00
2026-05-18 15:00:00+00:00,FR,load,13.7,78,413.0,3.8,-0.8191520442889916,-0.5735764363510464,17.1,46,653.0,3.44,-0.3420201433256686,0.9396926207859084,16.7,59,334.0,2.77,-0.7431448254773946,0.6691306063588578,14.4,64,470.0,5.1,-0.8987940462991668,-0.4383711467890777,2.5250000000000004,open-meteo,2026-08-08T09:50:27+00:00
2026-05-18 16:00:00+00:00,FR,load,13.6,72,235.0,3.32,-0.9455185755993168,-0.3255681544571566,16.9,47,501.0,2.64,-0.3746065934159123,0.9271838545667872,16.7,59,360.0,1.11,-0.7071067811865477,0.7071067811865474,14.4,65,438.0,3.8,-0.9743700647852352,-0.2249510543438652,2.6,open-meteo,2026-08-08T10:03:04+00:00
2026-05-18 17:00:00+00:00,FR,load,13.4,75,179.0,3.21,-0.9781476007338056,-0.2079116908177598,16.7,51,358.0,3.04,0.0348994967025009,0.9993908270190958,16.5,60,332.0,0.71,-0.9612616959383188,0.2756373558169994,14.1,68,168.0,3.3,-0.8987940462991668,-0.4383711467890777,2.825,open-meteo,2026-08-08T09:50:27+00:00
2026-05-18 18:00:00+00:00,FR,load,13.1,70,102.0,4.65,-0.754709580222772,-0.6560590289905073,16.2,44,153.0,4.54,-0.2419218955996678,0.9702957262759964,16.2,64,176.0,0.97,-0.7071067811865477,0.7071067811865474,13.9,67,134.0,3.1,-0.9998476951563912,0.0174524064372831,3.1500000000000004,open-meteo,2026-08-08T09:50:27+00:00
2026-05-18 19:00:00+00:00,FR,load,12.1,77,47.0,3.59,-0.8191520442889916,-0.5735764363510464,14.3,52,45.0,3.92,-0.0523359562429443,0.9986295347545738,15.5,69,38.0,0.55,-0.7071067811865475,-0.7071067811865477,12.8,79,91.0,4.4,-0.8910065241883679,0.4539904997395466,4.324999999999999,open-meteo,2026-08-08T10:03:04+00:00
2026-05-18 20:00:00+00:00,FR,load,10.9,83,3.0,3.61,-0.7313537016191703,-0.6819983600624986,12.6,58,0.0,3.55,0.1045284632676534,0.9945218953682732,14.7,72,0.0,1.06,-0.374606593415912,-0.9271838545667874,10.5,87,8.0,2.7,-0.8480480961564262,0.5299192642332047,5.824999999999999,open-meteo,2026-08-08T09:50:27+00:00
2026-05-18 21:00:00+00:00,FR,load,9.9,85,0.0,3.1,-0.5735764363510462,-0.8191520442889918,10.9,64,0.0,3.75,0.3420201433256687,0.9396926207859084,13.5,76,0.0,1.29,-0.1564344650402307,-0.9876883405951378,8.8,89,0.0,2.4,-0.9743700647852352,-0.2249510543438652,7.225000000000001,open-meteo,2026-08-08T10:03:04+00:00
2026-05-18 22:00:00+00:00,FR,load,9.5,87,0.0,3.81,-0.3090169943749473,-0.9510565162951536,9.9,73,0.0,5.09,0.3907311284892737,0.9205048534524404,12.6,82,0.0,1.28,0.0697564737441255,-0.9975640502598242,7.4,90,0.0,6.3,1.2246467991473532e-16,-1.0,8.15,open-meteo,2026-08-08T09:50:27+00:00
2026-05-18 23:00:00+00:00,FR,load,9.3,87,0.0,4.19,-0.275637355816999,-0.9612616959383188,9.5,76,0.0,5.52,0.4226182617406994,0.90630778703665,12.2,83,0.0,1.48,0.1391731009600653,-0.9902680687415704,7.7,93,0.0,7.2,-0.0348994967025009,-0.9993908270190958,8.325,open-meteo,2026-08-08T09:50:27+00:00
2026-05-19 00:00:00+00:00,FR,load,9.3,89,0.0,5.05,-0.3090169943749473,-0.9510565162951536,8.7,81,0.0,3.98,0.1736481776669303,0.984807753012208,12.1,87,0.0,1.98,0.3420201433256689,-0.9396926207859084,8.7,93,0.0,6.7,0.0174524064372834,-0.9998476951563912,8.3,open-meteo,2026-08-08T09:50:27+00:00
2026-05-19 01:00:00+00:00,FR,load,9.4,92,0.0,4.73,-0.2249510543438649,-0.9743700647852352,8.6,80,0.0,4.14,0.1218693434051474,0.992546151641322,11.9,88,0.0,2.39,0.3255681544571566,-0.9455185755993168,7.8,93,0.0,7.7,0.1564344650402309,-0.9876883405951375,8.575000000000001,open-meteo,2026-08-08T09:50:27+00:00
2026-05-19 02:00:00+00:00,FR,load,9.7,93,0.0,4.68,-0.275637355816999,-0.9612616959383188,8.5,79,0.0,4.78,0.4383711467890774,0.898794046299167,11.8,87,0.0,3.04,0.258819045102521,-0.9659258262890682,9.0,93,0.0,8.0,0.0697564737441255,-0.9975640502598242,8.25,open-meteo,2026-08-08T10:03:04+00:00
2026-05-19 03:00:00+00:00,FR,load,10.2,94,0.0,5.35,-0.4383711467890774,-0.8987940462991669,8.1,79,0.0,5.14,0.6427876096865393,0.766044443118978,12.0,87,0.0,3.14,0.0348994967025011,-0.9993908270190958,8.9,95,0.0,7.9,0.1908089953765449,-0.981627183447664,8.200000000000001,open-meteo,2026-08-08T10:03:04+00:00
2026-05-19 04:00:00+00:00,FR,load,10.3,94,0.0,5.7,-0.4848096202463369,-0.8746197071393959,7.8,81,0.0,3.24,0.4226182617406994,0.90630778703665,11.8,89,0.0,3.05,0.1045284632676537,-0.9945218953682732,8.6,95,0.0,7.6,0.1391731009600653,-0.9902680687415704,8.375,open-meteo,2026-08-08T10:03:04+00:00
2026-05-19 05:00:00+00:00,FR,load,10.3,95,8.0,6.2,-0.3090169943749473,-0.9510565162951536,8.3,80,23.0,2.42,0.2419218955996677,0.9702957262759964,11.7,90,5.0,2.79,0.1736481776669302,-0.984807753012208,9.8,94,5.0,6.7,0.1736481776669302,-0.984807753012208,7.975,open-meteo,2026-08-08T10:03:04+00:00
2026-05-19 06:00:00+00:00,FR,load,10.7,89,43.0,6.76,-0.3255681544571567,-0.9455185755993168,9.5,80,106.0,2.4,0.2079116908177593,0.9781476007338056,12.3,90,64.0,2.4,0.2079116908177593,-0.9781476007338056,10.0,96,38.0,7.1,0.2249510543438652,-0.9743700647852352,7.375,open-meteo,2026-08-08T10:03:04+00:00
2026-05-19 07:00:00+00:00,FR,load,10.9,88,113.0,6.75,-0.1564344650402307,-0.9876883405951378,11.6,73,223.0,1.93,0.4067366430758002,0.9135454576426008,13.9,84,153.0,2.84,1.2246467991473532e-16,-1.0,10.9,92,27.0,6.2,0.3583679495453002,-0.9335804264972016,6.175000000000001,open-meteo,2026-08-08T10:03:04+00:00
2026-05-19 08:00:00+00:00,FR,load,11.6,90,127.0,7.67,-0.0871557427476579,-0.9961946980917455,13.4,68,378.0,1.58,0.1218693434051474,0.992546151641322,16.1,78,398.0,2.5,-0.1908089953765447,-0.981627183447664,11.7,91,77.0,7.1,0.2923717047227366,-0.9563047559630355,4.800000000000001,open-meteo,2026-08-08T09:50:27+00:00
2026-05-19 09:00:00+00:00,FR,load,12.6,83,141.0,8.63,-0.1564344650402307,-0.9876883405951378,14.8,63,471.0,2.29,0.1736481776669303,0.984807753012208,18.5,67,594.0,1.39,-0.1391731009600655,-0.9902680687415704,11.7,93,31.0,8.9,0.1391731009600653,-0.9902680687415704,3.6000000000000014,open-meteo,2026-08-08T10:03:04+00:00
2026-05-19 10:00:00+00:00,FR,load,13.6,84,199.0,8.65,-0.275637355816999,-0.9612616959383188,15.9,59,569.0,1.83,0.2756373558169991,0.9612616959383188,20.0,55,763.0,0.79,-0.5000000000000001,-0.8660254037844386,12.3,91,64.0,9.2,0.1736481776669302,-0.984807753012208,2.5500000000000007,open-meteo,2026-08-08T09:50:27+00:00
2026-05-19 11:00:00+00:00,FR,load,14.0,82,258.0,9.39,-0.3420201433256686,-0.9396926207859084,17.0,52,594.0,1.61,-0.6156614753256582,0.7880107536067221,21.1,50,853.0,0.63,-0.6293203910498376,-0.7771459614569708,12.1,94,37.0,9.3,0.1391731009600653,-0.9902680687415704,1.9499999999999995,open-meteo,2026-08-08T10:03:04+00:00
2026-05-19 12:00:00+00:00,FR,load,13.9,84,114.0,8.92,-0.3255681544571567,-0.9455185755993168,17.8,47,619.0,0.71,-0.9612616959383188,0.2756373558169994,22.0,47,896.0,0.53,-0.9271838545667872,-0.3746065934159123,11.8,93,53.0,9.6,0.0174524064372834,-0.9998476951563912,1.625,open-meteo,2026-08-08T09:50:27+00:00
2026-05-19 13:00:00+00:00,FR,load,14.0,84,142.0,9.34,-0.2588190451025208,-0.9659258262890684,18.8,43,715.0,1.47,-0.6018150231520484,-0.7986355100472928,22.8,46,895.0,0.98,-0.7986355100472932,0.6018150231520479,12.4,93,64.0,9.9,-0.0174524064372836,-0.9998476951563912,1.0,open-meteo,2026-08-08T10:03:04+00:00
2026-05-19 14:00:00+00:00,FR,load,14.5,86,161.0,10.17,-0.4226182617406993,-0.90630778703665,19.5,42,764.0,2.45,1.2246467991473532e-16,-1.0,23.4,45,819.0,1.67,-0.4694715627858908,0.882947592858927,12.5,94,26.0,9.7,-0.0871557427476579,-0.9961946980917455,0.5249999999999986,open-meteo,2026-08-08T09:50:27+00:00
2026-05-19 15:00:00+00:00,FR,load,14.4,89,188.0,8.75,-0.275637355816999,-0.9612616959383188,19.6,41,668.0,1.77,-0.1045284632676535,-0.9945218953682732,24.2,42,726.0,2.86,-0.5150380749100545,0.8571673007021121,12.8,92,17.0,9.9,-0.2079116908177595,-0.9781476007338056,0.25,open-meteo,2026-08-08T09:50:27+00:00
2026-05-19 16:00:00+00:00,FR,load,15.2,83,282.0,10.12,-0.5299192642332048,-0.8480480961564261,19.5,42,503.0,1.69,0.1736481776669302,-0.984807753012208,23.9,42,576.0,4.06,-0.6018150231520483,0.7986355100472928,13.5,91,54.0,9.8,-0.0871557427476579,-0.9961946980917455,0.0249999999999985,open-meteo,2026-08-08T09:50:27+00:00
2026-05-19 17:00:00+00:00,FR,load,15.6,85,154.0,8.35,-0.374606593415912,-0.9271838545667874,19.0,44,337.0,1.9,0.2079116908177593,-0.9781476007338056,23.2,44,389.0,4.0,-0.5150380749100545,0.8571673007021121,13.6,92,185.0,9.1,-0.2588190451025208,-0.9659258262890684,0.1500000000000021,open-meteo,2026-08-08T10:03:04+00:00
2026-05-19 18:00:00+00:00,FR,load,15.6,84,114.0,9.52,-0.4848096202463369,-0.8746197071393959,18.3,48,182.0,3.02,0.2249510543438652,-0.9743700647852352,22.3,49,207.0,3.82,-0.3907311284892739,0.9205048534524404,13.9,91,40.0,8.7,-0.1564344650402307,-0.9876883405951378,0.4749999999999978,open-meteo,2026-08-08T10:03:04+00:00
2026-05-19 19:00:00+00:00,FR,load,15.2,86,45.0,9.6,-0.5299192642332048,-0.8480480961564261,16.9,53,32.0,2.67,0.1391731009600653,-0.9902680687415704,20.9,53,56.0,3.29,-0.3907311284892739,0.9205048534524404,13.7,92,16.0,5.7,-0.4067366430758002,-0.9135454576426008,1.3250000000000028,open-meteo,2026-08-08T10:03:04+00:00
2026-05-19 20:00:00+00:00,FR,load,14.7,88,3.0,9.82,-0.587785252292473,-0.8090169943749475,15.8,56,0.0,2.97,0.1391731009600653,-0.9902680687415704,19.9,59,1.0,2.36,0.0871557427476581,0.9961946980917455,13.6,95,1.0,6.8,-0.5150380749100542,-0.8571673007021123,2.0,open-meteo,2026-08-08T10:03:04+00:00
2026-05-19 21:00:00+00:00,FR,load,14.3,90,0.0,8.86,-0.5446390350150271,-0.838670567945424,15.4,64,0.0,4.34,-0.1045284632676535,-0.9945218953682732,18.8,62,0.0,2.85,0.4539904997395468,0.8910065241883679,13.1,96,0.0,7.4,-0.374606593415912,-0.9271838545667874,2.6,open-meteo,2026-08-08T10:03:04+00:00
2026-05-19 22:00:00+00:00,FR,load,14.1,92,0.0,8.66,-0.7071067811865475,-0.7071067811865477,15.3,66,0.0,5.69,0.0523359562429438,-0.9986295347545738,17.8,65,0.0,2.54,0.2756373558169991,0.9612616959383188,12.5,96,0.0,8.3,-0.1391731009600655,-0.9902680687415704,3.075,open-meteo,2026-08-08T10:03:04+00:00
2026-05-19 23:00:00+00:00,FR,load,13.6,92,0.0,8.68,-0.882947592858927,-0.4694715627858907,14.6,68,0.0,3.92,-0.0523359562429435,-0.9986295347545738,16.4,73,0.0,3.34,0.0871557427476581,0.9961946980917455,13.2,95,0.0,7.6,-0.275637355816999,-0.9612616959383188,3.5500000000000007,open-meteo,2026-08-08T10:03:04+00:00
2026-05-20 00:00:00+00:00,FR,load,13.2,86,0.0,9.62,-0.8386705679454242,-0.544639035015027,13.3,80,0.0,4.31,-0.0174524064372836,-0.9998476951563912,15.4,79,0.0,3.11,0.224951054343865,0.9743700647852352,13.1,96,0.0,9.3,-0.2923717047227367,-0.9563047559630354,4.25,open-meteo,2026-08-08T09:50:27+00:00
2026-05-20 01:00:00+00:00,FR,load,12.6,90,0.0,9.08,-0.8191520442889916,-0.5735764363510464,12.7,82,0.0,3.51,-0.4539904997395467,-0.8910065241883679,15.2,82,0.0,3.45,0.2588190451025207,0.9659258262890684,12.9,97,0.0,7.1,-0.5000000000000001,-0.8660254037844386,4.65,open-meteo,2026-08-08T09:50:27+00:00
2026-05-20 02:00:00+00:00,FR,load,12.0,93,0.0,8.98,-0.7771459614569706,-0.6293203910498378,12.3,84,0.0,2.81,-0.4226182617406993,-0.90630778703665,15.1,81,0.0,3.1,0.3090169943749474,0.9510565162951536,12.7,95,0.0,8.5,-0.5735764363510462,-0.8191520442889918,4.975000000000001,open-meteo,2026-08-08T09:50:27+00:00
2026-05-20 03:00:00+00:00,FR,load,12.3,93,0.0,8.59,-0.848048096156426,-0.529919264233205,12.2,86,0.0,1.53,-0.8910065241883678,-0.4539904997395469,14.6,85,0.0,3.63,-2.4492935982947064e-16,1.0,12.5,92,0.0,8.7,-0.6293203910498376,-0.7771459614569708,5.1,open-meteo,2026-08-08T09:50:27+00:00
2026-05-20 04:00:00+00:00,FR,load,12.4,92,0.0,8.1,-0.8191520442889916,-0.5735764363510464,12.3,85,0.0,0.55,-0.7071067811865477,0.7071067811865474,14.5,86,0.0,3.34,-0.0523359562429443,0.9986295347545738,12.1,94,0.0,9.0,-0.6819983600624984,-0.7313537016191706,5.174999999999999,open-meteo,2026-08-08T09:50:27+00:00
2026-05-20 05:00:00+00:00,FR,load,12.5,92,13.0,7.09,-0.656059028990507,-0.7547095802227721,11.7,90,28.0,2.06,-2.4492935982947064e-16,1.0,14.5,86,7.0,2.81,-0.2079116908177598,0.9781476007338056,12.6,94,29.0,9.1,-0.6427876096865393,-0.766044443118978,5.174999999999999,open-meteo,2026-08-08T10:03:04+00:00
2026-05-20 06:00:00+00:00,FR,load,13.0,91,89.0,7.84,-0.7431448254773944,-0.6691306063588581,13.4,90,149.0,3.22,0.3420201433256687,0.9396926207859084,15.2,86,100.0,3.02,-0.4226182617406992,0.90630778703665,12.9,93,151.0,9.6,-0.6293203910498376,-0.7771459614569708,4.375000000000002,open-meteo,2026-08-08T09:50:27+00:00
2026-05-20 07:00:00+00:00,FR,load,13.9,86,180.0,9.68,-0.9335804264972016,-0.3583679495453007,15.6,79,331.0,2.86,0.374606593415912,0.9271838545667874,16.9,79,266.0,2.01,-0.6819983600624984,0.7313537016191707,13.1,90,210.0,9.4,-0.5735764363510462,-0.8191520442889918,3.125,open-meteo,2026-08-08T09:50:27+00:00
2026-05-20 08:00:00+00:00,FR,load,14.9,81,214.0,10.51,-0.9396926207859084,-0.3420201433256685,16.7,70,511.0,4.13,0.374606593415912,0.9271838545667874,18.2,74,423.0,2.24,-0.3907311284892739,0.9205048534524404,12.5,95,374.0,6.2,-0.6156614753256582,-0.788010753606722,2.4250000000000007,open-meteo,2026-08-08T09:50:27+00:00
2026-05-20 09:00:00+00:00,FR,load,15.6,80,234.0,8.11,-0.8910065241883678,-0.4539904997395469,18.2,68,649.0,3.56,0.1391731009600654,0.9902680687415704,20.0,66,591.0,2.79,0.3090169943749474,0.9510565162951536,12.9,95,45.0,7.1,-0.7193398003386512,-0.6946583704589973,1.3249999999999993,open-meteo,2026-08-08T09:50:27+00:00
2026-05-20 10:00:00+00:00,FR,load,17.1,73,513.0,8.59,-0.981627183447664,-0.1908089953765446,19.4,58,775.0,3.43,0.0523359562429438,0.9986295347545738,21.3,58,777.0,2.72,0.4383711467890774,0.898794046299167,15.6,77,142.0,10.3,-0.8660254037844384,-0.5000000000000004,0.3499999999999978,open-meteo,2026-08-08T09:50:27+00:00
2026-05-20 11:00:00+00:00,FR,load,17.7,70,477.0,7.75,-0.961261695938319,-0.2756373558169989,19.9,54,849.0,4.13,0.2419218955996677,0.9702957262759964,22.3,55,871.0,2.48,0.3090169943749474,0.9510565162951536,15.7,77,764.0,10.2,-0.9396926207859084,-0.3420201433256685,0.8999999999999986,open-meteo,2026-08-08T09:50:27+00:00
2026-05-20 12:00:00+00:00,FR,load,18.8,64,581.0,7.55,-0.9205048534524404,-0.3907311284892738,20.7,48,901.0,4.38,0.1736481776669303,0.984807753012208,23.0,51,886.0,1.98,0.1564344650402308,0.9876883405951378,15.9,81,540.0,9.2,-0.9659258262890684,-0.2588190451025206,1.6000000000000014,open-meteo,2026-08-08T09:50:27+00:00
2026-05-20 13:00:00+00:00,FR,load,18.0,66,378.0,8.13,-0.9876883405951375,-0.156434465040231,21.1,44,897.0,5.28,0.1908089953765448,0.981627183447664,23.7,50,907.0,2.16,-0.0523359562429443,0.9986295347545738,16.8,71,836.0,7.9,-0.848048096156426,-0.529919264233205,1.8999999999999984,open-meteo,2026-08-08T09:50:27+00:00
2026-05-20 14:00:00+00:00,FR,load,18.3,68,271.0,7.37,-0.9702957262759964,-0.2419218955996677,21.4,47,822.0,6.25,0.2419218955996677,0.9702957262759964,24.4,48,824.0,2.35,-0.0348994967025008,0.9993908270190958,15.9,73,629.0,6.8,-0.9335804264972016,-0.3583679495453007,2.0,open-meteo,2026-08-08T09:50:27+00:00
2026-05-20 15:00:00+00:00,FR,load,18.8,67,402.0,8.21,-0.9396926207859084,-0.3420201433256685,21.4,49,701.0,6.01,0.2079116908177593,0.9781476007338056,24.4,48,696.0,3.05,0.1045284632676534,0.9945218953682732,17.4,69,303.0,8.3,-0.9205048534524404,-0.3907311284892738,2.5,open-meteo,2026-08-08T09:50:27+00:00
2026-05-20 16:00:00+00:00,FR,load,18.4,69,237.0,6.92,-0.8910065241883678,-0.4539904997395469,21.2,47,546.0,6.2,0.0871557427476581,0.9961946980917455,24.0,48,549.0,2.98,0.1564344650402308,0.9876883405951378,15.6,80,135.0,8.7,-0.882947592858927,-0.4694715627858907,1.7999999999999972,open-meteo,2026-08-08T09:50:27+00:00
2026-05-20 17:00:00+00:00,FR,load,18.3,68,196.0,6.19,-0.9205048534524404,-0.3907311284892738,20.5,47,370.0,6.11,0.2756373558169991,0.9612616959383188,23.4,50,402.0,2.85,0.2756373558169991,0.9612616959383188,14.9,84,41.0,9.8,-0.874619707139396,-0.4848096202463368,1.2749999999999986,open-meteo,2026-08-08T09:50:27+00:00
2026-05-20 18:00:00+00:00,FR,load,18.0,65,118.0,6.4,-0.90630778703665,-0.4226182617406991,19.8,52,191.0,6.93,0.4226182617406994,0.90630778703665,22.6,53,229.0,3.32,0.3255681544571567,0.9455185755993168,14.9,87,127.0,8.7,-0.8987940462991668,-0.4383711467890777,0.8249999999999993,open-meteo,2026-08-08T09:50:27+00:00
2026-05-20 19:00:00+00:00,FR,load,16.7,74,39.0,5.76,-0.8191520442889916,-0.5735764363510464,17.5,60,46.0,7.19,0.4383711467890774,0.898794046299167,21.2,59,68.0,3.51,0.3907311284892737,0.9205048534524404,14.5,85,97.0,8.1,-0.90630778703665,-0.4226182617406991,0.5249999999999986,open-meteo,2026-08-08T09:50:27+00:00
2026-05-20 20:00:00+00:00,FR,load,14.8,83,5.0,5.21,-0.9396926207859084,-0.3420201433256685,15.8,69,0.0,6.89,0.6427876096865393,0.766044443118978,19.5,66,1.0,3.55,0.4067366430758002,0.9135454576426008,13.3,90,10.0,7.7,-0.8571673007021121,-0.5150380749100544,2.1499999999999986,open-meteo,2026-08-08T09:50:27+00:00
2026-05-20 21:00:00+00:00,FR,load,13.3,90,0.0,5.33,-0.992546151641322,-0.1218693434051471,14.8,72,0.0,6.67,0.4999999999999999,0.8660254037844387,18.7,68,0.0,3.45,0.573576436351046,0.8191520442889918,12.3,92,0.0,7.4,-0.848048096156426,-0.529919264233205,3.2250000000000014,open-meteo,2026-08-08T09:50:27+00:00
2026-05-20 22:00:00+00:00,FR,load,12.7,91,0.0,5.01,-0.9986295347545738,0.0523359562429439,13.9,73,0.0,6.1,0.4999999999999999,0.8660254037844387,18.2,69,0.0,3.12,0.7193398003386511,0.6946583704589973,11.7,94,0.0,8.1,-0.848048096156426,-0.529919264233205,3.875,open-meteo,2026-08-08T09:50:27+00:00
2026-05-20 23:00:00+00:00,FR,load,11.9,92,0.0,4.41,-1.0,-1.8369701987210287e-16,12.8,78,0.0,5.32,0.1045284632676534,0.9945218953682732,17.7,70,0.0,3.05,0.7431448254773942,0.6691306063588582,11.1,95,0.0,7.0,-0.848048096156426,-0.529919264233205,4.624999999999998,open-meteo,2026-08-08T09:50:27+00:00
2026-05-21 00:00:00+00:00,FR,load,10.4,94,0.0,3.74,-0.9945218953682734,0.1045284632676529,12.3,87,0.0,5.59,-0.0174524064372835,0.9998476951563912,16.7,74,0.0,3.11,0.8829475928589269,0.4694715627858908,9.7,97,0.0,5.6,-0.8290375725550418,-0.5591929034707466,5.724999999999998,open-meteo,2026-08-08T09:50:27+00:00
2026-05-21 01:00:00+00:00,FR,load,9.8,95,0.0,1.62,-0.9702957262759966,0.2419218955996674,12.2,89,0.0,6.47,-0.0348994967025008,0.9993908270190958,16.4,75,0.0,2.31,0.9781476007338056,0.2079116908177594,9.9,95,0.0,7.6,-0.8571673007021121,-0.5150380749100544,5.925000000000001,open-meteo,2026-08-08T10:03:04+00:00
2026-05-21 02:00:00+00:00,FR,load,9.7,95,0.0,0.57,-0.8571673007021123,0.5150380749100542,11.8,91,0.0,6.42,0.1218693434051474,0.992546151641322,16.0,76,0.0,1.76,1.0,6.123233995736766e-17,9.5,95,0.0,9.0,-0.8386705679454242,-0.544639035015027,6.25,open-meteo,2026-08-08T10:03:04+00:00
2026-05-21 03:00:00+00:00,FR,load,8.9,100,0.0,0.22,0.4539904997395468,-0.8910065241883678,11.2,92,0.0,6.46,0.2419218955996677,0.9702957262759964,15.4,78,0.0,1.9,0.9781476007338056,0.2079116908177594,7.9,98,0.0,6.7,-0.8386705679454242,-0.544639035015027,7.15,open-meteo,2026-08-08T10:03:04+00:00
2026-05-21 04:00:00+00:00,FR,load,9.6,100,0.0,0.84,0.8090169943749475,-0.587785252292473,11.1,93,0.0,6.26,0.3420201433256687,0.9396926207859084,14.9,80,0.0,1.86,0.9510565162951536,0.3090169943749474,8.1,97,0.0,8.4,-0.90630778703665,-0.4226182617406991,7.074999999999999,open-meteo,2026-08-08T10:03:04+00:00
2026-05-21 05:00:00+00:00,FR,load,10.3,100,23.0,1.64,0.9563047559630355,-0.2923717047227366,11.3,93,28.0,5.46,0.3583679495453002,0.9335804264972016,14.6,82,11.0,1.68,0.992546151641322,0.1218693434051474,9.2,95,42.0,9.3,-0.9702957262759964,-0.2419218955996677,6.649999999999999,open-meteo,2026-08-08T10:03:04+00:00
2026-05-21 06:00:00+00:00,FR,load,12.0,95,129.0,2.5,0.8571673007021123,-0.5150380749100543,12.9,89,152.0,5.36,0.3090169943749474,0.9510565162951536,14.7,86,111.0,1.88,0.9876883405951378,-0.1564344650402308,11.0,92,158.0,6.0,-0.8571673007021121,-0.5150380749100544,5.350000000000001,open-meteo,2026-08-08T09:50:27+00:00
2026-05-21 07:00:00+00:00,FR,load,14.1,88,241.0,3.26,0.7547095802227721,-0.6560590289905072,14.2,86,324.0,4.9,-0.0174524064372835,0.9998476951563912,17.6,79,286.0,2.24,0.9205048534524404,-0.3907311284892737,13.7,85,321.0,5.1,-0.913545457642601,-0.4067366430758001,3.1000000000000014,open-meteo,2026-08-08T09:50:27+00:00
2026-05-21 08:00:00+00:00,FR,load,15.5,83,349.0,2.56,0.6819983600624986,-0.7313537016191705,16.1,82,501.0,5.0,0.0174524064372835,0.9998476951563912,19.5,73,470.0,1.84,0.90630778703665,-0.4226182617406993,15.9,77,452.0,2.6,-0.8191520442889916,-0.5735764363510464,1.25,open-meteo,2026-08-08T10:03:04+00:00
2026-05-21 09:00:00+00:00,FR,load,18.2,71,508.0,2.57,0.766044443118978,-0.6427876096865394,18.3,75,656.0,5.88,0.0348994967025009,0.9993908270190958,21.9,66,641.0,2.58,0.9876883405951378,-0.1564344650402308,17.4,73,599.0,2.7,-0.6819983600624984,-0.7313537016191706,0.9499999999999992,open-meteo,2026-08-08T09:50:27+00:00
2026-05-21 10:00:00+00:00,FR,load,19.9,65,745.0,2.54,0.4694715627858907,-0.882947592858927,19.7,68,760.0,5.02,0.1045284632676534,0.9945218953682732,23.8,58,783.0,3.14,0.9993908270190958,-0.0348994967025009,17.9,72,648.0,3.9,-0.4848096202463369,-0.8746197071393959,2.324999999999996,open-meteo,2026-08-08T10:03:04+00:00
2026-05-21 11:00:00+00:00,FR,load,21.0,56,695.0,1.98,0.1564344650402309,-0.9876883405951375,21.0,64,795.0,4.14,0.1218693434051474,0.992546151641322,25.4,53,882.0,3.23,0.9993908270190958,0.034899496702501,18.9,69,686.0,3.1,-0.3907311284892735,-0.9205048534524404,3.575000000000003,open-meteo,2026-08-08T09:50:27+00:00
2026-05-21 12:00:00+00:00,FR,load,22.0,53,796.0,0.9,0.6560590289905073,-0.754709580222772,22.4,58,852.0,3.88,0.1736481776669303,0.984807753012208,27.0,49,928.0,3.14,0.9975640502598242,0.0697564737441252,20.0,62,792.0,2.8,-0.6946583704589974,-0.7193398003386511,4.850000000000001,open-meteo,2026-08-08T09:50:27+00:00
2026-05-21 13:00:00+00:00,FR,load,22.8,51,867.0,0.71,0.9612616959383188,-0.275637355816999,23.4,55,862.0,3.5,0.1908089953765448,0.981627183447664,28.2,45,921.0,2.59,0.981627183447664,0.1908089953765449,20.6,60,815.0,2.5,-0.5150380749100542,-0.8571673007021123,5.75,open-meteo,2026-08-08T10:03:04+00:00
2026-05-21 14:00:00+00:00,FR,load,23.5,49,793.0,1.9,0.8191520442889917,-0.5735764363510462,24.1,50,814.0,3.46,0.1391731009600654,0.9902680687415704,28.9,43,859.0,2.19,0.8910065241883679,0.4539904997395468,21.1,59,769.0,2.4,-0.2079116908177595,-0.9781476007338056,6.399999999999999,open-meteo,2026-08-08T09:50:27+00:00
2026-05-21 15:00:00+00:00,FR,load,23.3,51,710.0,3.64,0.9135454576426008,-0.4067366430758002,24.1,47,705.0,3.87,0.1564344650402308,0.9876883405951378,28.6,41,747.0,2.86,0.8571673007021123,0.5150380749100542,21.7,56,680.0,1.7,-0.0697564737441252,-0.9975640502598242,6.425000000000001,open-meteo,2026-08-08T09:50:27+00:00
2026-05-21 16:00:00+00:00,FR,load,23.2,49,562.0,2.79,0.9510565162951536,-0.3090169943749473,23.9,46,551.0,4.06,0.2588190451025207,0.9659258262890684,28.3,39,595.0,3.7,0.848048096156426,0.5299192642332049,21.9,54,436.0,1.6,0.258819045102521,-0.9659258262890682,6.324999999999996,open-meteo,2026-08-08T09:50:27+00:00
2026-05-21 17:00:00+00:00,FR,load,22.8,49,414.0,4.25,0.8987940462991669,-0.4383711467890775,23.4,44,374.0,4.73,0.4539904997395468,0.8910065241883679,27.7,40,417.0,3.22,0.9396926207859084,0.3420201433256688,21.5,57,254.0,2.3,0.6018150231520482,-0.7986355100472929,5.850000000000001,open-meteo,2026-08-08T10:03:04+00:00
2026-05-21 18:00:00+00:00,FR,load,22.3,55,246.0,5.33,0.9396926207859084,-0.3420201433256687,22.3,47,196.0,5.33,0.5299192642332049,0.848048096156426,26.8,42,229.0,3.38,0.984807753012208,0.1736481776669304,20.7,65,212.0,4.0,0.6560590289905073,-0.754709580222772,5.025000000000002,open-meteo,2026-08-08T10:03:04+00:00
2026-05-21 19:00:00+00:00,FR,load,20.6,60,91.0,5.13,0.9135454576426008,-0.4067366430758002,19.2,64,49.0,4.44,0.6560590289905073,0.754709580222772,24.6,48,70.0,3.34,0.9961946980917455,-0.0871557427476582,19.2,68,90.0,4.8,0.4067366430758004,-0.9135454576426008,2.900000000000002,open-meteo,2026-08-08T10:03:04+00:00
2026-05-21 20:00:00+00:00,FR,load,18.9,64,6.0,5.13,0.9743700647852352,-0.224951054343865,17.1,73,0.0,3.47,0.374606593415912,0.9271838545667874,21.8,56,1.0,4.73,0.8290375725550417,-0.5591929034707467,16.9,77,10.0,4.1,0.777145961456971,-0.6293203910498373,0.6749999999999972,open-meteo,2026-08-08T10:03:04+00:00
2026-05-21 21:00:00+00:00,FR,load,17.6,74,0.0,4.86,0.9455185755993168,-0.3255681544571566,16.4,76,0.0,3.93,0.3255681544571567,0.9455185755993168,19.9,65,0.0,6.24,0.6691306063588585,-0.743144825477394,15.3,81,0.0,5.5,0.9135454576426008,-0.4067366430758002,0.6999999999999993,open-meteo,2026-08-08T10:03:04+00:00
2026-05-21 22:00:00+00:00,FR,load,16.8,77,0.0,4.28,0.9396926207859084,-0.3420201433256687,15.7,76,0.0,3.4,0.2079116908177593,0.9781476007338056,18.8,68,0.0,6.93,0.6819983600624986,-0.7313537016191705,14.5,83,0.0,6.5,0.9135454576426008,-0.4067366430758002,1.5500000000000007,open-meteo,2026-08-08T10:03:04+00:00
2026-05-21 23:00:00+00:00,FR,load,16.1,76,0.0,3.77,0.90630778703665,-0.4226182617406993,15.3,77,0.0,2.27,0.1218693434051474,0.992546151641322,18.1,68,0.0,7.16,0.6427876096865395,-0.7660444431189779,14.0,85,0.0,8.7,0.8191520442889917,-0.5735764363510462,2.125,open-meteo,2026-08-08T09:50:27+00:00
2026-05-22 00:00:00+00:00,FR,load,15.4,81,0.0,3.26,0.9335804264972016,-0.3583679495453002,14.6,82,0.0,2.26,0.0348994967025009,0.9993908270190958,17.4,71,0.0,6.79,0.6946583704589971,-0.7193398003386513,13.5,84,0.0,9.8,0.838670567945424,-0.5446390350150272,2.7750000000000004,open-meteo,2026-08-08T09:50:27+00:00
2026-05-22 01:00:00+00:00,FR,load,14.7,85,0.0,3.11,0.9743700647852352,-0.224951054343865,14.3,83,0.0,1.96,0.0523359562429438,0.9986295347545738,16.8,73,0.0,6.3,0.6946583704589971,-0.7193398003386513,13.2,88,0.0,9.8,0.7193398003386511,-0.6946583704589974,3.25,open-meteo,2026-08-08T10:03:04+00:00
2026-05-22 02:00:00+00:00,FR,load,14.2,87,0.0,3.52,0.9743700647852352,-0.224951054343865,14.4,82,0.0,1.27,-2.4492935982947064e-16,1.0,16.3,75,0.0,5.76,0.6691306063588585,-0.743144825477394,12.6,89,0.0,9.6,0.6560590289905073,-0.754709580222772,3.6249999999999982,open-meteo,2026-08-08T09:50:27+00:00
2026-05-22 03:00:00+00:00,FR,load,13.9,84,0.0,2.88,0.9510565162951536,-0.3090169943749473,13.9,87,0.0,1.19,-0.1564344650402311,0.9876883405951375,15.8,79,0.0,5.62,0.7547095802227721,-0.6560590289905072,12.0,90,0.0,7.9,0.6427876096865395,-0.7660444431189779,4.1,open-meteo,2026-08-08T10:03:04+00:00
2026-05-22 04:00:00+00:00,FR,load,13.7,83,0.0,2.36,0.9961946980917455,-0.0871557427476582,13.6,88,0.0,1.18,-2.4492935982947064e-16,1.0,15.4,81,0.0,5.19,0.8090169943749475,-0.587785252292473,11.8,90,0.0,9.4,0.6293203910498374,-0.7771459614569709,4.375,open-meteo,2026-08-08T10:03:04+00:00
2026-05-22 05:00:00+00:00,FR,load,13.4,87,28.0,3.14,0.9993908270190958,0.034899496702501,13.8,88,30.0,1.27,0.3907311284892737,0.9205048534524404,15.2,82,11.0,5.06,0.8090169943749475,-0.587785252292473,12.9,88,47.0,9.5,0.6427876096865395,-0.7660444431189779,4.174999999999999,open-meteo,2026-08-08T09:50:27+00:00
2026-05-22 06:00:00+00:00,FR,load,15.7,87,150.0,3.06,0.992546151641322,-0.1218693434051473,15.9,85,157.0,0.75,-0.3907311284892739,0.9205048534524404,16.6,83,115.0,4.62,0.8480480961564261,-0.5299192642332048,14.6,84,166.0,6.6,0.4539904997395468,-0.8910065241883678,2.299999999999999,open-meteo,2026-08-08T10:03:04+00:00
2026-05-22 07:00:00+00:00,FR,load,17.5,77,312.0,2.66,0.9945218953682732,-0.1045284632676535,17.6,83,327.0,0.84,0.3583679495453002,0.9335804264972016,19.5,73,286.0,4.32,0.838670567945424,-0.5446390350150272,17.0,76,331.0,3.4,0.4999999999999999,-0.8660254037844387,0.1000000000000014,open-meteo,2026-08-08T09:50:27+00:00
2026-05-22 08:00:00+00:00,FR,load,19.3,73,480.0,1.39,0.9902680687415704,-0.1391731009600653,19.6,78,508.0,1.55,-0.3090169943749477,0.9510565162951536,21.8,65,471.0,3.34,0.8480480961564261,-0.5299192642332048,19.6,70,494.0,2.6,0.3746065934159122,-0.9271838545667872,2.075000000000003,open-meteo,2026-08-08T10:03:04+00:00
2026-05-22 09:00:00+00:00,FR,load,22.3,61,634.0,1.01,0.8746197071393959,-0.484809620246337,21.8,59,670.0,2.23,0.2588190451025207,0.9659258262890684,24.4,56,644.0,4.06,0.9396926207859084,-0.3420201433256687,21.5,61,635.0,2.8,0.5735764363510459,-0.8191520442889919,4.5,open-meteo,2026-08-08T09:50:27+00:00
2026-05-22 10:00:00+00:00,FR,load,24.1,56,760.0,1.67,0.8829475928589269,-0.4694715627858909,23.6,51,806.0,1.69,0.1736481776669303,0.984807753012208,26.6,50,785.0,4.16,0.9659258262890684,-0.2588190451025208,22.7,57,759.0,2.5,0.4848096202463371,-0.8746197071393957,6.250000000000004,open-meteo,2026-08-08T10:03:04+00:00
2026-05-22 11:00:00+00:00,FR,load,25.6,51,844.0,2.26,0.8290375725550417,-0.5591929034707467,25.1,45,891.0,1.49,0.3907311284892737,0.9205048534524404,28.4,41,885.0,3.97,0.9612616959383188,-0.275637355816999,23.8,53,837.0,2.3,0.5877852522924732,-0.8090169943749473,7.724999999999998,open-meteo,2026-08-08T09:50:27+00:00
2026-05-22 12:00:00+00:00,FR,load,26.6,44,882.0,2.8,0.5877852522924732,-0.8090169943749473,26.5,39,924.0,1.59,0.7313537016191705,0.6819983600624985,29.5,35,934.0,3.5,0.981627183447664,-0.1908089953765448,24.6,50,871.0,2.5,0.6427876096865395,-0.7660444431189779,8.799999999999997,open-meteo,2026-08-08T10:03:04+00:00
2026-05-22 13:00:00+00:00,FR,load,27.3,42,873.0,2.47,0.5591929034707469,-0.8290375725550416,27.2,35,903.0,0.75,0.3907311284892737,0.9205048534524404,30.3,32,930.0,3.04,1.0,6.123233995736766e-17,25.4,46,861.0,2.5,0.5591929034707469,-0.8290375725550416,9.549999999999995,open-meteo,2026-08-08T10:03:04+00:00
2026-05-22 14:00:00+00:00,FR,load,27.7,41,810.0,2.06,0.4226182617406995,-0.90630778703665,27.5,36,828.0,0.98,-2.4492935982947064e-16,1.0,30.7,32,868.0,2.95,0.9945218953682732,0.1045284632676534,26.0,45,798.0,2.4,0.5735764363510459,-0.8191520442889919,9.975,open-meteo,2026-08-08T10:03:04+00:00
2026-05-22 15:00:00+00:00,FR,load,27.8,37,707.0,1.67,0.4694715627858907,-0.882947592858927,27.2,38,706.0,2.55,0.3907311284892737,0.9205048534524404,30.3,34,756.0,3.22,0.9396926207859084,0.3420201433256688,26.1,44,698.0,2.8,0.6018150231520482,-0.7986355100472929,9.85,open-meteo,2026-08-08T09:50:27+00:00
2026-05-22 16:00:00+00:00,FR,load,27.7,36,571.0,1.57,1.2246467991473532e-16,-1.0,27.0,44,553.0,2.72,0.4999999999999999,0.8660254037844387,30.0,32,605.0,3.46,0.8746197071393957,0.4848096202463371,26.3,44,566.0,2.1,-0.3583679495453004,-0.9335804264972016,9.75,open-meteo,2026-08-08T10:03:04+00:00
2026-05-22 17:00:00+00:00,FR,load,27.3,42,407.0,2.7,0.6946583704589971,-0.7193398003386513,26.4,31,377.0,3.42,0.4539904997395468,0.8910065241883679,29.3,33,426.0,3.69,0.766044443118978,0.6427876096865394,26.0,48,409.0,2.6,-0.2588190451025208,-0.9659258262890684,9.25,open-meteo,2026-08-08T10:03:04+00:00
2026-05-22 18:00:00+00:00,FR,load,26.0,48,239.0,3.27,0.777145961456971,-0.6293203910498373,24.9,38,197.0,4.38,0.4539904997395468,0.8910065241883679,28.1,38,236.0,3.07,0.9271838545667874,0.3746065934159119,25.1,61,248.0,2.5,-0.0871557427476579,-0.9961946980917455,8.024999999999999,open-meteo,2026-08-08T09:50:27+00:00
2026-05-22 19:00:00+00:00,FR,load,24.0,46,88.0,4.43,0.8191520442889917,-0.5735764363510462,21.7,52,50.0,3.26,0.3583679495453002,0.9335804264972016,24.6,48,73.0,5.36,0.8571673007021123,-0.5150380749100543,23.6,69,105.0,2.3,-0.0348994967025009,-0.9993908270190958,5.475000000000001,open-meteo,2026-08-08T10:03:04+00:00
2026-05-22 20:00:00+00:00,FR,load,22.1,49,7.0,4.51,0.8290375725550417,-0.5591929034707467,19.8,51,0.0,2.63,0.4539904997395468,0.8910065241883679,22.2,46,1.0,8.13,0.8090169943749475,-0.587785252292473,20.6,66,11.0,5.1,0.3583679495453002,-0.9335804264972016,3.1750000000000043,open-meteo,2026-08-08T10:03:04+00:00
2026-05-22 21:00:00+00:00,FR,load,21.0,60,0.0,3.86,0.8090169943749475,-0.587785252292473,18.3,61,0.0,2.88,0.3090169943749474,0.9510565162951536,20.9,47,0.0,9.94,0.7547095802227721,-0.6560590289905072,18.4,70,0.0,3.0,-0.0348994967025009,-0.9993908270190958,1.6499999999999986,open-meteo,2026-08-08T09:50:27+00:00
2026-05-22 22:00:00+00:00,FR,load,20.1,61,0.0,2.69,0.838670567945424,-0.5446390350150272,17.7,61,0.0,2.48,0.1564344650402308,0.9876883405951378,20.1,49,0.0,9.15,0.7193398003386511,-0.6946583704589974,17.3,79,0.0,4.2,0.0871557427476582,-0.9961946980917455,0.8000000000000007,open-meteo,2026-08-08T09:50:27+00:00
2026-05-22 23:00:00+00:00,FR,load,19.3,62,0.0,2.5,0.8571673007021123,-0.5150380749100543,17.4,60,0.0,2.4,-0.2079116908177598,0.9781476007338056,18.9,55,0.0,8.39,0.6946583704589971,-0.7193398003386513,15.9,87,0.0,5.3,0.0523359562429438,-0.9986295347545738,0.125,open-meteo,2026-08-08T09:50:27+00:00
2026-05-23 00:00:00+00:00,FR,load,17.5,73,0.0,2.7,0.6946583704589971,-0.7193398003386513,16.6,61,0.0,2.83,-0.2419218955996678,0.9702957262759964,17.9,63,0.0,8.39,0.6946583704589971,-0.7193398003386513,15.3,86,0.0,3.6,-0.0348994967025009,-0.9993908270190958,1.1750000000000007,open-meteo,2026-08-08T09:50:27+00:00
2026-05-23 01:00:00+00:00,FR,load,17.0,72,0.0,2.59,0.6018150231520482,-0.7986355100472929,16.4,61,0.0,0.71,-0.2756373558169989,0.9612616959383188,17.2,66,0.0,7.83,0.6819983600624986,-0.7313537016191705,15.1,91,0.0,5.9,-0.1045284632676535,-0.9945218953682732,1.5750000000000028,open-meteo,2026-08-08T09:50:27+00:00
2026-05-23 02:00:00+00:00,FR,load,16.8,71,0.0,2.22,0.6560590289905073,-0.754709580222772,16.7,62,0.0,0.28,-0.7071067811865477,0.7071067811865474,16.6,69,0.0,6.93,0.6819983600624986,-0.7313537016191705,14.9,90,0.0,5.8,-0.2079116908177595,-0.9781476007338056,1.75,open-meteo,2026-08-08T10:03:04+00:00
2026-05-23 03:00:00+00:00,FR,load,15.4,80,0.0,1.89,0.3583679495453002,-0.9335804264972016,15.0,73,0.0,0.81,0.2419218955996677,0.9702957262759964,15.9,74,0.0,5.72,0.788010753606722,-0.6156614753256583,14.4,90,0.0,6.0,-0.1045284632676535,-0.9945218953682732,2.825000000000001,open-meteo,2026-08-08T09:50:27+00:00
2026-05-23 04:00:00+00:00,FR,load,15.4,77,0.0,1.77,0.8290375725550417,-0.5591929034707467,14.7,75,0.0,1.0,-0.1908089953765446,0.981627183447664,15.4,74,0.0,5.23,0.788010753606722,-0.6156614753256583,15.1,90,0.0,8.0,-0.3090169943749473,-0.9510565162951536,2.85,open-meteo,2026-08-08T10:03:04+00:00
2026-05-23 05:00:00+00:00,FR,load,15.4,79,29.0,2.63,0.8910065241883679,-0.4539904997395467,14.7,78,31.0,1.57,-2.4492935982947064e-16,1.0,15.2,74,11.0,5.08,0.766044443118978,-0.6427876096865394,15.7,89,40.0,8.2,-0.2249510543438649,-0.9743700647852352,2.75,open-meteo,2026-08-08T10:03:04+00:00
2026-05-23 06:00:00+00:00,FR,load,17.2,80,141.0,3.46,0.90630778703665,-0.4226182617406993,16.5,83,158.0,2.2,0.3583679495453002,0.9335804264972016,16.4,74,118.0,5.91,0.766044443118978,-0.6427876096865394,18.0,81,145.0,8.3,-0.2588190451025208,-0.9659258262890684,0.9750000000000014,open-meteo,2026-08-08T10:03:04+00:00
2026-05-23 07:00:00+00:00,FR,load,19.8,74,305.0,2.24,0.8746197071393959,-0.484809620246337,19.3,77,328.0,2.5,0.4383711467890774,0.898794046299167,19.1,67,287.0,5.06,0.7313537016191706,-0.6819983600624984,21.4,70,285.0,4.7,-0.0348994967025009,-0.9993908270190958,1.8999999999999984,open-meteo,2026-08-08T10:03:04+00:00
2026-05-23 08:00:00+00:00,FR,load,21.9,68,478.0,1.4,0.9781476007338056,-0.2079116908177593,20.8,71,505.0,2.16,-0.0523359562429443,0.9986295347545738,21.2,60,467.0,3.74,0.7071067811865476,-0.7071067811865475,23.2,63,486.0,4.0,-0.3583679495453004,-0.9335804264972016,3.775000000000002,open-meteo,2026-08-08T10:03:04+00:00
2026-05-23 09:00:00+00:00,FR,load,24.4,52,633.0,1.18,1.0,6.123233995736766e-17,22.4,65,665.0,2.84,0.0348994967025009,0.9993908270190958,23.9,50,640.0,3.69,0.6427876096865395,-0.7660444431189779,25.1,56,631.0,3.5,-0.3255681544571567,-0.9455185755993168,5.949999999999996,open-meteo,2026-08-08T09:50:27+00:00
2026-05-23 10:00:00+00:00,FR,load,26.2,46,742.0,1.19,0.9876883405951378,-0.1564344650402308,23.9,62,796.0,3.23,-2.4492935982947064e-16,1.0,26.1,44,766.0,3.26,0.7193398003386511,-0.6946583704589974,26.4,53,741.0,4.1,-0.5446390350150271,-0.838670567945424,7.649999999999999,open-meteo,2026-08-08T10:03:04+00:00
2026-05-23 11:00:00+00:00,FR,load,27.6,38,842.0,1.52,0.9659258262890684,-0.2588190451025208,25.4,61,881.0,3.34,0.0871557427476581,0.9961946980917455,28.1,36,870.0,3.26,0.7547095802227721,-0.6560590289905072,27.6,48,833.0,3.6,-0.4848096202463369,-0.8746197071393959,9.174999999999995,open-meteo,2026-08-08T10:03:04+00:00
2026-05-23 12:00:00+00:00,FR,load,28.4,37,876.0,1.2,0.8191520442889917,-0.5735764363510462,26.5,57,906.0,3.44,0.0871557427476581,0.9961946980917455,29.8,25,929.0,4.02,0.8290375725550417,-0.5591929034707467,28.2,45,866.0,3.3,-0.6691306063588582,-0.7431448254773942,10.225,open-meteo,2026-08-08T10:03:04+00:00
2026-05-23 13:00:00+00:00,FR,load,29.1,37,877.0,0.49,0.6018150231520482,-0.7986355100472929,27.1,52,865.0,3.55,0.1045284632676534,0.9945218953682732,30.5,25,930.0,3.72,0.9510565162951536,-0.3090169943749473,28.8,42,855.0,3.4,-0.7880107536067221,-0.6156614753256581,10.875,open-meteo,2026-08-08T10:03:04+00:00
2026-05-23 14:00:00+00:00,FR,load,29.5,37,815.0,0.71,-0.8290375725550418,-0.5591929034707466,27.5,46,809.0,3.23,0.2419218955996677,0.9702957262759964,30.8,25,868.0,3.63,0.9993908270190958,0.034899496702501,29.1,46,795.0,2.6,-0.6156614753256582,-0.788010753606722,11.225,open-meteo,2026-08-08T10:03:04+00:00
2026-05-23 15:00:00+00:00,FR,load,29.6,36,710.0,1.25,-0.7771459614569708,0.6293203910498375,27.4,41,704.0,4.37,0.3420201433256687,0.9396926207859084,30.3,30,760.0,3.33,0.9135454576426008,0.4067366430758002,29.4,45,688.0,2.2,-0.7071067811865475,-0.7071067811865477,11.174999999999995,open-meteo,2026-08-08T09:50:27+00:00
2026-05-23 16:00:00+00:00,FR,load,29.3,38,576.0,2.45,-0.6018150231520483,0.7986355100472928,26.9,41,555.0,5.36,0.3090169943749474,0.9510565162951536,30.0,34,603.0,3.16,0.8660254037844386,0.5000000000000001,29.4,47,558.0,2.4,-0.5591929034707467,-0.8290375725550418,10.9,open-meteo,2026-08-08T09:50:27+00:00
2026-05-23 17:00:00+00:00,FR,load,29.1,38,415.0,3.04,0.2588190451025207,0.9659258262890684,26.4,45,379.0,5.33,0.2923717047227367,0.9563047559630354,29.3,37,422.0,3.1,0.8191520442889918,0.573576436351046,28.8,50,402.0,3.4,-0.9702957262759966,0.2419218955996674,10.4,open-meteo,2026-08-08T09:50:27+00:00
2026-05-23 18:00:00+00:00,FR,load,27.8,42,249.0,3.14,0.9702957262759964,0.2419218955996676,25.2,48,200.0,5.47,0.2588190451025207,0.9659258262890684,28.5,38,236.0,3.43,0.7986355100472928,0.6018150231520483,27.3,62,247.0,4.4,-0.5735764363510465,0.8191520442889916,9.2,open-meteo,2026-08-08T09:50:27+00:00
2026-05-23 19:00:00+00:00,FR,load,25.2,53,95.0,3.69,0.9271838545667874,0.3746065934159119,21.7,61,52.0,5.68,0.2588190451025207,0.9659258262890684,26.2,46,74.0,2.55,0.9993908270190958,-0.0348994967025009,23.0,72,105.0,5.1,-0.1218693434051472,0.992546151641322,6.024999999999999,open-meteo,2026-08-08T09:50:27+00:00
2026-05-23 20:00:00+00:00,FR,load,23.4,52,7.0,4.16,0.6819983600624985,0.7313537016191705,19.8,67,0.0,6.45,0.3420201433256687,0.9396926207859084,23.0,54,1.0,4.55,0.7986355100472927,-0.6018150231520484,21.5,74,12.0,5.0,0.1736481776669303,0.984807753012208,3.9250000000000007,open-meteo,2026-08-08T10:03:04+00:00
2026-05-23 21:00:00+00:00,FR,load,21.8,63,0.0,4.04,0.9205048534524404,0.3907311284892737,18.9,68,0.0,5.81,0.1045284632676534,0.9945218953682732,21.2,48,0.0,5.83,0.7547095802227721,-0.6560590289905072,19.5,87,0.0,4.1,0.1564344650402308,0.9876883405951378,2.3500000000000014,open-meteo,2026-08-08T10:03:04+00:00
2026-05-23 22:00:00+00:00,FR,load,20.8,70,0.0,3.29,0.9205048534524404,0.3907311284892737,18.0,69,0.0,5.2,0.0348994967025009,0.9993908270190958,20.0,49,0.0,5.33,0.7193398003386511,-0.6946583704589974,18.2,89,0.0,4.3,0.6293203910498374,0.7771459614569709,1.25,open-meteo,2026-08-08T10:03:04+00:00
2026-05-23 23:00:00+00:00,FR,load,20.0,72,0.0,2.89,0.8829475928589269,0.4694715627858908,17.5,71,0.0,4.41,-2.4492935982947064e-16,1.0,19.0,50,0.0,4.9,0.6018150231520482,-0.7986355100472929,17.2,90,0.0,4.0,0.5591929034707469,0.8290375725550417,0.4250000000000007,open-meteo,2026-08-08T10:03:04+00:00
2026-05-24 00:00:00+00:00,FR,load,19.2,74,0.0,3.07,0.8571673007021123,0.5150380749100542,16.8,79,0.0,4.57,0.1736481776669303,0.984807753012208,17.9,62,0.0,3.95,0.6691306063588585,-0.743144825477394,16.2,92,0.0,3.6,0.7771459614569709,0.6293203910498374,0.4750000000000014,open-meteo,2026-08-08T10:03:04+00:00
2026-05-24 01:00:00+00:00,FR,load,18.4,78,0.0,3.12,0.7193398003386511,0.6946583704589973,16.3,83,0.0,4.63,0.1045284632676534,0.9945218953682732,17.0,65,0.0,3.68,0.6691306063588585,-0.743144825477394,15.6,92,0.0,3.8,0.9876883405951378,0.1564344650402309,1.1750000000000007,open-meteo,2026-08-08T10:03:04+00:00
2026-05-24 02:00:00+00:00,FR,load,17.9,76,0.0,3.78,0.6018150231520483,0.7986355100472928,15.9,85,0.0,4.8,0.0348994967025009,0.9993908270190958,16.5,67,0.0,3.88,0.7071067811865476,-0.7071067811865475,15.0,92,0.0,4.0,0.9702957262759964,-0.2419218955996677,1.6750000000000007,open-meteo,2026-08-08T10:03:04+00:00
2026-05-24 03:00:00+00:00,FR,load,17.1,83,0.0,4.69,0.484809620246337,0.8746197071393957,15.6,86,0.0,5.81,0.1045284632676534,0.9945218953682732,16.0,76,0.0,4.16,0.7313537016191706,-0.6819983600624984,14.0,94,0.0,2.7,0.9455185755993168,-0.3255681544571566,2.325,open-meteo,2026-08-08T09:50:27+00:00
2026-05-24 04:00:00+00:00,FR,load,17.2,84,0.0,5.3,0.4694715627858908,0.882947592858927,15.2,87,0.0,4.71,0.2923717047227367,0.9563047559630354,15.7,76,0.0,4.18,0.777145961456971,-0.6293203910498373,13.6,94,0.0,4.7,0.9961946980917455,0.0871557427476581,2.575000000000001,open-meteo,2026-08-08T10:03:04+00:00
2026-05-24 05:00:00+00:00,FR,load,17.8,83,31.0,5.53,0.4999999999999999,0.8660254037844387,15.7,86,31.0,4.68,0.3420201433256687,0.9396926207859084,15.8,75,12.0,4.19,0.7986355100472927,-0.6018150231520484,14.6,94,51.0,4.9,0.9396926207859084,0.3420201433256688,2.0250000000000004,open-meteo,2026-08-08T10:03:04+00:00
2026-05-24 06:00:00+00:00,FR,load,20.4,77,151.0,5.66,0.6018150231520483,0.7986355100472928,18.2,82,154.0,4.19,0.3583679495453002,0.9335804264972016,17.2,73,119.0,4.3,0.8660254037844387,-0.4999999999999998,17.8,84,176.0,4.9,1.0,6.123233995736766e-17,0.3999999999999986,open-meteo,2026-08-08T10:03:04+00:00
2026-05-24 07:00:00+00:00,FR,load,22.0,71,310.0,4.65,0.6691306063588582,0.7431448254773942,20.4,71,319.0,2.36,0.2923717047227367,0.9563047559630354,20.5,63,291.0,4.13,0.8571673007021123,-0.5150380749100543,20.5,76,330.0,3.0,0.9998476951563912,-0.0174524064372834,2.8500000000000014,open-meteo,2026-08-08T10:03:04+00:00
2026-05-24 08:00:00+00:00,FR,load,23.6,66,477.0,3.43,0.6018150231520483,0.7986355100472928,21.7,67,488.0,2.79,0.1736481776669303,0.984807753012208,23.1,56,478.0,3.78,0.8571673007021123,-0.5150380749100543,22.5,71,487.0,2.9,0.9975640502598242,0.0697564737441252,4.725000000000001,open-meteo,2026-08-08T09:50:27+00:00
2026-05-24 09:00:00+00:00,FR,load,26.1,58,629.0,3.26,0.6946583704589973,0.7193398003386512,23.4,62,644.0,1.77,-0.1045284632676534,0.9945218953682732,26.2,47,650.0,4.06,0.9659258262890684,-0.2588190451025208,24.1,65,632.0,3.1,0.9702957262759964,-0.2419218955996677,6.950000000000003,open-meteo,2026-08-08T09:50:27+00:00
2026-05-24 10:00:00+00:00,FR,load,28.0,51,756.0,3.53,0.6946583704589973,0.7193398003386512,25.1,58,766.0,1.19,-0.1564344650402311,0.9876883405951375,28.8,38,796.0,5.76,0.9510565162951536,-0.3090169943749473,26.0,55,748.0,1.8,0.9993908270190958,-0.0348994967025009,8.975000000000001,open-meteo,2026-08-08T10:03:04+00:00
2026-05-24 11:00:00+00:00,FR,load,29.7,44,841.0,4.18,0.7771459614569709,0.6293203910498374,26.6,54,860.0,0.53,-0.9271838545667872,-0.3746065934159123,30.3,33,898.0,6.54,0.9455185755993168,-0.3255681544571566,26.9,52,826.0,2.0,0.9975640502598242,0.0697564737441252,10.375,open-meteo,2026-08-08T10:03:04+00:00
2026-05-24 12:00:00+00:00,FR,load,30.5,41,879.0,4.54,0.838670567945424,0.5446390350150271,27.7,51,896.0,1.11,-0.7071067811865475,-0.7071067811865477,31.2,30,944.0,6.72,0.9455185755993168,-0.3255681544571566,27.7,50,863.0,1.9,0.9455185755993168,0.3255681544571567,11.275000000000002,open-meteo,2026-08-08T09:50:27+00:00
2026-05-24 13:00:00+00:00,FR,load,31.2,35,871.0,4.82,0.8910065241883679,0.4539904997395468,28.6,48,875.0,1.27,-0.9205048534524404,-0.3907311284892738,31.8,28,933.0,6.69,0.9510565162951536,-0.3090169943749473,28.7,45,850.0,0.9,0.6691306063588582,0.7431448254773942,12.075,open-meteo,2026-08-08T10:03:04+00:00
2026-05-24 14:00:00+00:00,FR,load,31.6,32,816.0,5.43,0.8987940462991669,0.4383711467890774,29.2,44,805.0,0.79,-0.992546151641322,0.1218693434051476,31.9,28,869.0,6.82,0.9510565162951536,-0.3090169943749473,28.9,47,789.0,1.8,0.8746197071393957,0.4848096202463371,12.4,open-meteo,2026-08-08T10:03:04+00:00
2026-05-24 15:00:00+00:00,FR,load,31.3,34,716.0,5.26,0.8910065241883679,0.4539904997395468,29.1,44,690.0,0.88,-0.4539904997395469,0.8910065241883678,31.3,31,757.0,6.72,0.9205048534524404,-0.3907311284892737,29.4,43,688.0,2.2,0.9396926207859084,0.3420201433256688,12.275,open-meteo,2026-08-08T09:50:27+00:00
2026-05-24 16:00:00+00:00,FR,load,31.0,35,574.0,5.9,0.848048096156426,0.5299192642332049,28.9,42,540.0,2.08,0.1391731009600654,0.9902680687415704,30.6,33,605.0,7.27,0.8910065241883679,-0.4539904997395467,29.3,44,558.0,3.1,0.6427876096865393,0.766044443118978,11.95,open-meteo,2026-08-08T10:03:04+00:00
2026-05-24 17:00:00+00:00,FR,load,30.1,35,418.0,6.48,0.8910065241883679,0.4539904997395468,28.2,47,370.0,1.21,0.9702957262759964,0.2419218955996676,29.3,37,426.0,8.47,0.8660254037844387,-0.4999999999999998,28.6,48,405.0,3.7,0.8987940462991669,0.4383711467890774,11.049999999999995,open-meteo,2026-08-08T09:50:27+00:00
2026-05-24 18:00:00+00:00,FR,load,28.4,41,250.0,6.93,0.9205048534524404,0.3907311284892737,27.0,54,196.0,1.39,0.7071067811865475,0.7071067811865476,27.6,40,239.0,8.64,0.8746197071393959,-0.484809620246337,27.7,53,249.0,4.2,0.9396926207859084,0.3420201433256688,9.675,open-meteo,2026-08-08T10:03:04+00:00
2026-05-24 19:00:00+00:00,FR,load,26.4,53,97.0,6.62,0.8746197071393957,0.4848096202463371,24.6,65,52.0,1.49,0.3907311284892737,-0.9205048534524404,24.8,45,75.0,8.96,0.8660254037844387,-0.4999999999999998,25.0,64,104.0,4.8,0.8191520442889918,0.573576436351046,7.199999999999999,open-meteo,2026-08-08T09:50:27+00:00
2026-05-24 20:00:00+00:00,FR,load,24.8,58,8.0,6.4,0.8746197071393957,0.4848096202463371,22.1,60,0.0,5.28,-0.2588190451025208,-0.9659258262890684,22.7,46,2.0,9.49,0.8571673007021123,-0.5150380749100543,23.3,67,13.0,4.1,0.8660254037844386,0.5000000000000001,5.225000000000001,open-meteo,2026-08-08T10:03:04+00:00
2026-05-24 21:00:00+00:00,FR,load,23.4,70,0.0,6.33,0.8191520442889918,0.573576436351046,20.9,69,0.0,2.8,0.5877852522924732,-0.8090169943749473,21.6,44,0.0,10.82,0.8480480961564261,-0.5299192642332048,22.3,64,0.0,6.7,0.8660254037844386,0.5000000000000001,4.050000000000001,open-meteo,2026-08-08T09:50:27+00:00
2026-05-24 22:00:00+00:00,FR,load,22.5,74,0.0,5.98,0.8191520442889918,0.573576436351046,20.5,67,0.0,6.09,-0.0871557427476579,-0.9961946980917455,20.6,41,0.0,10.17,0.8090169943749475,-0.587785252292473,20.5,68,0.0,6.5,0.9396926207859084,0.3420201433256688,3.0249999999999986,open-meteo,2026-08-08T09:50:27+00:00
2026-05-24 23:00:00+00:00,FR,load,22.1,69,0.0,6.3,0.7193398003386511,0.6946583704589973,20.6,61,0.0,8.19,-0.1218693434051473,-0.992546151641322,19.5,42,0.0,9.01,0.7986355100472927,-0.6018150231520484,20.1,68,0.0,7.8,0.9945218953682732,-0.1045284632676535,2.575000000000003,open-meteo,2026-08-08T09:50:27+00:00
2026-05-25 00:00:00+00:00,FR,load,21.4,72,0.0,6.76,0.7771459614569709,0.6293203910498374,18.9,68,0.0,6.09,-0.0697564737441252,-0.9975640502598242,18.6,42,0.0,9.08,0.8191520442889917,-0.5735764363510462,19.4,75,0.0,7.1,0.9975640502598242,-0.0697564737441253,1.5749999999999993,open-meteo,2026-08-08T09:50:27+00:00
2026-05-25 01:00:00+00:00,FR,load,20.6,74,0.0,6.4,0.766044443118978,0.6427876096865394,18.3,68,0.0,5.9,-0.0871557427476579,-0.9961946980917455,17.8,46,0.0,8.7,0.8290375725550417,-0.5591929034707467,18.3,72,0.0,5.7,0.984807753012208,-0.1736481776669303,0.75,open-meteo,2026-08-08T09:50:27+00:00
2026-05-25 02:00:00+00:00,FR,load,19.6,79,0.0,5.51,0.7771459614569709,0.6293203910498374,18.3,65,0.0,6.07,1.2246467991473532e-16,-1.0,17.4,50,0.0,8.82,0.7986355100472927,-0.6018150231520484,17.5,76,0.0,6.0,0.9335804264972016,-0.3583679495453002,0.2000000000000028,open-meteo,2026-08-08T09:50:27+00:00
2026-05-25 03:00:00+00:00,FR,load,19.2,79,0.0,5.51,0.7771459614569709,0.6293203910498374,17.6,65,0.0,5.31,0.0871557427476582,-0.9961946980917455,17.1,59,0.0,8.81,0.8191520442889917,-0.5735764363510462,17.1,72,0.0,7.3,0.90630778703665,-0.4226182617406993,0.25,open-meteo,2026-08-08T10:03:04+00:00
2026-05-25 04:00:00+00:00,FR,load,19.2,78,0.0,6.0,0.788010753606722,0.6156614753256583,17.1,67,0.0,4.24,0.1218693434051475,-0.992546151641322,17.0,60,0.0,9.25,0.8090169943749475,-0.587785252292473,15.9,80,0.0,5.7,0.8910065241883679,-0.4539904997395467,0.6999999999999993,open-meteo,2026-08-08T09:50:27+00:00
2026-05-25 05:00:00+00:00,FR,load,19.4,78,32.0,6.12,0.848048096156426,0.5299192642332049,17.1,73,31.0,3.23,0.0348994967025011,-0.9993908270190958,17.2,62,12.0,9.7,0.788010753606722,-0.6156614753256583,16.4,83,53.0,3.8,0.766044443118978,-0.6427876096865394,0.4750000000000014,open-meteo,2026-08-08T10:03:04+00:00
2026-05-25 06:00:00+00:00,FR,load,21.3,74,151.0,5.82,0.9743700647852352,0.2249510543438649,19.1,78,156.0,2.31,0.2079116908177593,-0.9781476007338056,18.4,63,116.0,9.58,0.7986355100472927,-0.6018150231520484,19.6,67,179.0,4.2,0.788010753606722,-0.6156614753256583,1.6000000000000014,open-meteo,2026-08-08T10:03:04+00:00
2026-05-25 07:00:00+00:00,FR,load,22.7,70,308.0,5.0,0.9993908270190958,0.034899496702501,21.9,66,321.0,1.46,0.3420201433256689,-0.9396926207859084,20.4,61,289.0,8.56,0.838670567945424,-0.5446390350150272,21.8,59,335.0,2.3,0.777145961456971,-0.6293203910498373,3.6999999999999993,open-meteo,2026-08-08T09:50:27+00:00
2026-05-25 08:00:00+00:00,FR,load,24.0,66,470.0,4.21,0.9998476951563912,0.0174524064372836,23.2,66,491.0,0.59,-1.0,-1.8369701987210287e-16,22.9,54,475.0,7.09,0.838670567945424,-0.5446390350150272,23.9,51,492.0,2.8,0.7547095802227721,-0.6560590289905072,5.5,open-meteo,2026-08-08T10:03:04+00:00
2026-05-25 09:00:00+00:00,FR,load,26.9,56,622.0,3.67,0.9876883405951378,0.1564344650402309,24.5,63,653.0,0.79,-0.992546151641322,0.1218693434051476,26.5,40,647.0,8.16,0.8746197071393959,-0.484809620246337,26.0,48,638.0,2.9,0.9135454576426008,-0.4067366430758002,7.975000000000001,open-meteo,2026-08-08T09:50:27+00:00
2026-05-25 10:00:00+00:00,FR,load,28.8,52,752.0,3.73,0.9702957262759964,0.2419218955996676,26.0,60,773.0,0.71,-0.5591929034707467,-0.8290375725550418,28.7,34,790.0,8.25,0.8660254037844387,-0.4999999999999998,27.1,47,754.0,2.8,0.9986295347545738,-0.0523359562429438,9.65,open-meteo,2026-08-08T10:03:04+00:00
2026-05-25 11:00:00+00:00,FR,load,30.4,46,837.0,4.57,0.984807753012208,0.1736481776669304,27.7,54,860.0,1.5,-0.1908089953765447,-0.981627183447664,30.6,30,887.0,8.61,0.8290375725550417,-0.5591929034707467,27.7,45,837.0,2.9,0.9945218953682732,-0.1045284632676535,11.099999999999998,open-meteo,2026-08-08T09:50:27+00:00
2026-05-25 12:00:00+00:00,FR,load,31.6,37,877.0,5.49,0.9986295347545738,-0.0523359562429438,28.6,43,904.0,3.53,1.2246467991473532e-16,-1.0,31.5,31,933.0,9.77,0.8829475928589269,-0.4694715627858909,28.7,38,872.0,2.9,0.9998476951563912,-0.0174524064372834,12.1,open-meteo,2026-08-08T09:50:27+00:00
2026-05-25 13:00:00+00:00,FR,load,32.1,32,872.0,5.46,0.9876883405951378,-0.1564344650402308,29.2,42,888.0,3.74,-0.1045284632676535,-0.9945218953682732,32.2,29,921.0,10.61,0.9135454576426008,-0.4067366430758002,29.4,38,862.0,2.3,0.9135454576426008,0.4067366430758002,12.725,open-meteo,2026-08-08T10:03:04+00:00
2026-05-25 14:00:00+00:00,FR,load,32.2,32,816.0,5.39,0.9455185755993168,-0.3255681544571566,29.9,30,823.0,4.22,-0.0523359562429435,-0.9986295347545738,32.3,27,863.0,10.46,0.9271838545667874,-0.374606593415912,29.5,37,798.0,3.6,0.981627183447664,0.1908089953765449,12.975,open-meteo,2026-08-08T09:50:27+00:00
2026-05-25 15:00:00+00:00,FR,load,31.6,38,714.0,5.37,0.9659258262890684,-0.2588190451025208,29.4,32,710.0,3.65,0.1045284632676537,-0.9945218953682732,31.5,27,758.0,10.83,0.9335804264972016,-0.3583679495453002,29.5,34,701.0,3.8,1.0,6.123233995736766e-17,12.5,open-meteo,2026-08-08T09:50:27+00:00
2026-05-25 16:00:00+00:00,FR,load,31.3,40,565.0,5.88,0.981627183447664,0.1908089953765449,28.6,37,555.0,4.14,0.1218693434051475,-0.992546151641322,30.6,28,612.0,10.97,0.9205048534524404,-0.3907311284892737,29.5,34,569.0,4.7,0.9876883405951378,0.1564344650402309,12.0,open-meteo,2026-08-08T09:50:27+00:00
2026-05-25 17:00:00+00:00,FR,load,30.4,38,414.0,5.53,0.992546151641322,0.1218693434051474,27.5,48,378.0,3.43,1.2246467991473532e-16,-1.0,29.2,30,433.0,10.97,0.9205048534524404,-0.3907311284892737,29.0,41,419.0,3.5,0.9961946980917455,0.0871557427476581,11.025,open-meteo,2026-08-08T09:50:27+00:00
2026-05-25 18:00:00+00:00,FR,load,29.2,43,251.0,5.75,0.9876883405951378,0.1564344650402309,27.4,33,197.0,4.23,0.2249510543438652,-0.9743700647852352,27.3,34,243.0,10.85,0.9396926207859084,-0.3420201433256687,27.9,48,257.0,3.1,0.9612616959383188,0.2756373558169991,9.949999999999996,open-meteo,2026-08-08T09:50:27+00:00
2026-05-25 19:00:00+00:00,FR,load,27.2,51,99.0,6.3,0.9659258262890684,0.2588190451025207,24.5,37,54.0,3.88,0.2756373558169992,-0.9612616959383188,24.8,39,78.0,11.03,0.9396926207859084,-0.3420201433256687,25.2,53,111.0,5.6,0.7071067811865475,0.7071067811865476,7.425000000000001,open-meteo,2026-08-08T10:03:04+00:00
2026-05-25 20:00:00+00:00,FR,load,25.2,52,8.0,6.46,0.9271838545667874,0.3746065934159119,22.3,44,0.0,3.72,0.0348994967025011,-0.9993908270190958,22.8,41,2.0,11.55,0.9271838545667874,-0.374606593415912,23.2,55,14.0,5.5,0.7771459614569709,0.6293203910498374,5.375,open-meteo,2026-08-08T09:50:27+00:00
2026-05-25 21:00:00+00:00,FR,load,23.5,60,0.0,5.95,0.9396926207859084,0.3420201433256688,22.1,54,0.0,3.94,-0.1045284632676535,-0.9945218953682732,21.6,42,0.0,11.06,0.9205048534524404,-0.3907311284892737,21.7,61,0.0,5.3,0.8290375725550417,0.5591929034707468,4.225000000000001,open-meteo,2026-08-08T10:03:04+00:00
2026-05-25 22:00:00+00:00,FR,load,22.4,61,0.0,5.85,0.8571673007021123,0.5150380749100542,21.5,59,0.0,6.88,-0.0697564737441252,-0.9975640502598242,20.5,45,0.0,10.56,0.8987940462991669,-0.4383711467890775,19.8,70,0.0,6.6,0.9743700647852352,0.2249510543438649,3.0500000000000007,open-meteo,2026-08-08T09:50:27+00:00
2026-05-25 23:00:00+00:00,FR,load,21.4,64,0.0,5.57,0.8290375725550417,0.5591929034707468,21.1,60,0.0,8.36,-0.0871557427476579,-0.9961946980917455,19.8,48,0.0,9.19,0.8571673007021123,-0.5150380749100543,19.1,73,0.0,7.8,0.984807753012208,0.1736481776669304,2.3500000000000014,open-meteo,2026-08-08T09:50:27+00:00
2026-05-26 00:00:00+00:00,FR,load,20.8,67,0.0,5.48,0.9455185755993168,0.3255681544571567,20.2,60,0.0,6.9,-0.1908089953765447,-0.981627183447664,19.8,49,0.0,9.43,0.8746197071393959,-0.484809620246337,18.4,68,0.0,9.0,0.9961946980917455,0.0871557427476581,1.7999999999999972,open-meteo,2026-08-08T09:50:27+00:00
2026-05-26 01:00:00+00:00,FR,load,19.9,67,0.0,4.8,0.9396926207859084,0.3420201433256688,19.7,61,0.0,6.1,-0.1045284632676535,-0.9945218953682732,19.4,50,0.0,8.89,0.8480480961564261,-0.5299192642332048,17.6,72,0.0,7.5,0.9563047559630355,-0.2923717047227366,1.1499999999999986,open-meteo,2026-08-08T09:50:27+00:00
2026-05-26 02:00:00+00:00,FR,load,18.9,69,0.0,4.34,0.9510565162951536,0.3090169943749474,19.3,61,0.0,5.49,-0.0174524064372836,-0.9998476951563912,18.7,52,0.0,7.77,0.8290375725550417,-0.5591929034707467,16.7,77,0.0,8.1,0.9135454576426008,-0.4067366430758002,0.4000000000000021,open-meteo,2026-08-08T09:50:27+00:00
2026-05-26 03:00:00+00:00,FR,load,18.3,68,0.0,4.19,0.981627183447664,0.1908089953765449,18.2,63,0.0,4.31,-0.0174524064372836,-0.9998476951563912,17.9,57,0.0,7.78,0.8571673007021123,-0.5150380749100543,16.6,76,0.0,8.0,0.8290375725550417,-0.5591929034707467,0.25,open-meteo,2026-08-08T09:50:27+00:00
2026-05-26 04:00:00+00:00,FR,load,17.7,69,0.0,3.01,0.9455185755993168,0.3255681544571567,17.6,65,0.0,3.06,-0.1218693434051473,-0.992546151641322,17.4,59,0.0,7.2,0.8290375725550417,-0.5591929034707467,14.8,83,1.0,6.7,0.788010753606722,-0.6156614753256583,1.125,open-meteo,2026-08-08T09:50:27+00:00
2026-05-26 05:00:00+00:00,FR,load,17.0,78,34.0,3.02,0.90630778703665,0.4226182617406994,18.0,67,33.0,2.55,-0.0697564737441252,-0.9975640502598242,17.2,62,13.0,6.89,0.766044443118978,-0.6427876096865394,16.1,82,55.0,6.9,0.7986355100472927,-0.6018150231520484,0.9249999999999972,open-meteo,2026-08-08T10:03:04+00:00
2026-05-26 06:00:00+00:00,FR,load,19.7,76,158.0,2.37,0.9135454576426008,0.4067366430758002,19.6,76,158.0,2.26,-0.0348994967025009,-0.9993908270190958,18.4,63,120.0,6.74,0.7547095802227721,-0.6560590289905072,19.7,65,185.0,6.2,0.8910065241883679,-0.4539904997395467,1.349999999999998,open-meteo,2026-08-08T10:03:04+00:00
2026-05-26 07:00:00+00:00,FR,load,22.3,65,320.0,1.86,0.9510565162951536,0.3090169943749474,21.9,69,323.0,0.71,-0.275637355816999,-0.9612616959383188,20.9,59,290.0,6.41,0.777145961456971,-0.6293203910498373,22.5,57,346.0,2.9,0.9205048534524404,-0.3907311284892737,3.899999999999999,open-meteo,2026-08-08T10:03:04+00:00
2026-05-26 08:00:00+00:00,FR,load,23.9,54,488.0,1.8,0.9271838545667874,0.3746065934159119,23.4,67,496.0,0.5,-0.1908089953765447,-0.981627183447664,23.5,51,473.0,4.67,0.838670567945424,-0.5446390350150272,24.8,46,506.0,2.9,0.9612616959383188,-0.275637355816999,5.899999999999999,open-meteo,2026-08-08T10:03:04+00:00
2026-05-26 09:00:00+00:00,FR,load,26.5,46,643.0,1.93,0.9135454576426008,0.4067366430758002,25.2,54,654.0,1.36,-0.5000000000000001,-0.8660254037844386,27.5,34,645.0,6.31,0.8829475928589269,-0.4694715627858909,26.4,42,657.0,2.6,0.981627183447664,-0.1908089953765448,8.399999999999999,open-meteo,2026-08-08T09:50:27+00:00
2026-05-26 10:00:00+00:00,FR,load,28.5,42,770.0,1.77,0.9455185755993168,0.3255681544571567,26.9,47,781.0,1.18,-0.6691306063588582,-0.7431448254773942,30.0,25,792.0,7.32,0.90630778703665,-0.4226182617406993,27.2,42,772.0,2.8,0.9975640502598242,-0.0697564737441253,10.150000000000002,open-meteo,2026-08-08T10:03:04+00:00
2026-05-26 11:00:00+00:00,FR,load,30.1,38,857.0,1.27,0.9205048534524404,0.3907311284892737,28.3,43,864.0,1.53,-0.4539904997395467,-0.8910065241883679,31.6,23,891.0,7.27,0.8910065241883679,-0.4539904997395467,28.1,36,850.0,1.8,0.9659258262890684,-0.2588190451025208,11.525,open-meteo,2026-08-08T09:50:27+00:00
2026-05-26 12:00:00+00:00,FR,load,31.1,35,897.0,0.53,0.9271838545667874,0.3746065934159119,29.1,43,898.0,0.84,-0.8090169943749473,-0.5877852522924732,32.3,25,937.0,9.12,0.90630778703665,-0.4226182617406993,29.1,31,888.0,1.8,0.9975640502598242,-0.0697564737441253,12.4,open-meteo,2026-08-08T10:03:04+00:00
2026-05-26 13:00:00+00:00,FR,load,31.9,34,885.0,0.79,-0.1218693434051472,0.992546151641322,29.9,43,882.0,0.93,-0.3090169943749473,-0.9510565162951536,32.9,25,924.0,9.62,0.9271838545667874,-0.374606593415912,29.5,29,875.0,2.4,0.9993908270190958,0.034899496702501,13.049999999999995,open-meteo,2026-08-08T09:50:27+00:00
2026-05-26 14:00:00+00:00,FR,load,32.2,25,827.0,2.14,-0.2756373558169989,0.9612616959383188,30.6,39,814.0,1.64,-0.2923717047227367,-0.9563047559630354,33.0,23,862.0,9.33,0.9335804264972016,-0.3583679495453002,29.9,30,820.0,2.1,0.9781476007338056,0.2079116908177594,13.425000000000004,open-meteo,2026-08-08T10:03:04+00:00
2026-05-26 15:00:00+00:00,FR,load,32.1,29,726.0,1.21,-0.2419218955996678,0.9702957262759964,30.7,33,700.0,2.07,-0.0871557427476579,-0.9961946980917455,32.3,24,754.0,9.68,0.9335804264972016,-0.3583679495453002,30.3,28,713.0,1.9,0.9702957262759964,0.2419218955996676,13.349999999999998,open-meteo,2026-08-08T10:03:04+00:00
2026-05-26 16:00:00+00:00,FR,load,31.8,29,584.0,1.86,-2.4492935982947064e-16,1.0,30.4,32,552.0,1.74,-0.275637355816999,-0.9612616959383188,31.5,25,605.0,9.98,0.9396926207859084,-0.3420201433256687,30.1,29,580.0,1.9,0.9659258262890684,0.2588190451025207,12.950000000000005,open-meteo,2026-08-08T09:50:27+00:00
2026-05-26 17:00:00+00:00,FR,load,31.1,29,425.0,3.79,-0.1736481776669304,0.984807753012208,29.6,35,379.0,1.98,-0.1564344650402307,-0.9876883405951378,30.1,25,430.0,10.35,0.9396926207859084,-0.3420201433256687,29.4,33,424.0,2.5,0.9205048534524404,0.3907311284892737,12.050000000000004,open-meteo,2026-08-08T09:50:27+00:00
2026-05-26 18:00:00+00:00,FR,load,29.3,29,259.0,4.5,-0.1908089953765446,0.981627183447664,27.6,42,202.0,2.55,0.0348994967025011,-0.9993908270190958,28.2,26,244.0,9.95,0.8987940462991669,-0.4383711467890775,28.5,42,263.0,3.5,0.2079116908177593,0.9781476007338056,10.400000000000002,open-meteo,2026-08-08T09:50:27+00:00
2026-05-26 19:00:00+00:00,FR,load,27.0,45,104.0,4.61,0.4067366430758002,0.9135454576426008,25.1,43,55.0,3.59,-0.1908089953765447,-0.981627183447664,25.5,30,80.0,9.42,0.8910065241883679,-0.4539904997395467,25.6,58,115.0,5.4,0.484809620246337,0.8746197071393957,7.799999999999997,open-meteo,2026-08-08T09:50:27+00:00
2026-05-26 20:00:00+00:00,FR,load,24.7,39,9.0,4.87,0.4999999999999999,0.8660254037844387,23.0,49,0.0,5.98,0.0174524064372834,-0.9998476951563912,23.0,34,2.0,9.08,0.8746197071393959,-0.484809620246337,23.2,56,15.0,3.6,0.754709580222772,0.6560590289905073,5.475000000000001,open-meteo,2026-08-08T09:50:27+00:00
2026-05-26 21:00:00+00:00,FR,load,22.2,52,0.0,4.65,0.4694715627858908,0.882947592858927,22.7,55,0.0,6.82,0.1218693434051475,-0.992546151641322,21.7,37,0.0,9.05,0.8290375725550417,-0.5591929034707467,21.2,53,0.0,4.7,0.7986355100472928,0.6018150231520483,3.9499999999999993,open-meteo,2026-08-08T10:03:04+00:00
2026-05-26 22:00:00+00:00,FR,load,21.3,66,0.0,4.65,0.4694715627858908,0.882947592858927,21.6,52,0.0,7.64,0.0174524064372834,-0.9998476951563912,20.1,42,0.0,7.83,0.8480480961564261,-0.5299192642332048,19.9,66,0.0,6.2,0.754709580222772,0.6560590289905073,2.7250000000000014,open-meteo,2026-08-08T10:03:04+00:00
2026-05-26 23:00:00+00:00,FR,load,20.2,69,0.0,4.11,0.2079116908177593,0.9781476007338056,21.2,51,0.0,7.35,1.2246467991473532e-16,-1.0,19.0,47,0.0,6.66,0.8090169943749475,-0.587785252292473,18.3,71,0.0,5.3,0.8829475928589269,0.4694715627858908,1.6750000000000007,open-meteo,2026-08-08T09:50:27+00:00
2026-05-27 00:00:00+00:00,FR,load,19.0,73,0.0,3.69,0.1908089953765448,0.981627183447664,19.8,61,0.0,5.39,0.0348994967025011,-0.9993908270190958,18.2,49,0.0,6.47,0.777145961456971,-0.6293203910498373,17.5,67,0.0,6.0,0.8191520442889918,0.573576436351046,0.625,open-meteo,2026-08-08T10:03:04+00:00
2026-05-27 01:00:00+00:00,FR,load,18.8,71,0.0,3.35,0.2588190451025207,0.9659258262890684,19.2,63,0.0,4.22,0.0523359562429438,-0.9986295347545738,17.6,52,0.0,5.7,0.7547095802227721,-0.6560590289905072,16.9,69,0.0,6.7,0.8987940462991669,0.4383711467890774,0.125,open-meteo,2026-08-08T09:50:27+00:00
2026-05-27 02:00:00+00:00,FR,load,18.8,71,0.0,3.95,0.4999999999999999,0.8660254037844387,18.6,64,0.0,2.66,0.1045284632676537,-0.9945218953682732,17.1,54,0.0,5.68,0.7193398003386511,-0.6946583704589974,15.7,70,0.0,6.1,0.9781476007338056,0.2079116908177594,0.4499999999999993,open-meteo,2026-08-08T10:03:04+00:00
2026-05-27 03:00:00+00:00,FR,load,16.6,79,0.0,3.82,0.3907311284892737,0.9205048534524404,18.6,65,0.0,0.84,-0.587785252292473,-0.8090169943749475,16.4,58,0.0,5.6,0.8090169943749475,-0.587785252292473,14.5,78,0.0,3.6,0.5877852522924731,0.8090169943749475,1.4750000000000014,open-meteo,2026-08-08T09:50:27+00:00
2026-05-27 04:00:00+00:00,FR,load,17.1,76,0.0,3.34,0.5299192642332049,0.848048096156426,18.1,66,0.0,0.35,0.5591929034707469,0.8290375725550417,16.0,60,0.0,5.36,0.766044443118978,-0.6427876096865394,13.9,85,1.0,5.0,0.8829475928589269,0.4694715627858908,1.724999999999998,open-meteo,2026-08-08T10:03:04+00:00
2026-05-27 05:00:00+00:00,FR,load,17.5,76,36.0,2.91,0.5446390350150271,0.838670567945424,18.5,67,34.0,0.59,-2.4492935982947064e-16,1.0,15.9,62,14.0,5.06,0.7313537016191706,-0.6819983600624984,15.2,85,57.0,6.8,0.6819983600624985,0.7313537016191705,1.2250000000000014,open-meteo,2026-08-08T10:03:04+00:00
2026-05-27 06:00:00+00:00,FR,load,20.3,81,162.0,3.83,0.6427876096865393,0.766044443118978,19.8,75,160.0,1.38,0.0697564737441253,0.9975640502598242,17.0,67,124.0,4.85,0.7071067811865476,-0.7071067811865475,18.2,77,186.0,5.8,0.9271838545667874,0.3746065934159119,0.8249999999999993,open-meteo,2026-08-08T09:50:27+00:00
2026-05-27 07:00:00+00:00,FR,load,22.9,69,324.0,4.16,0.5591929034707469,0.8290375725550417,22.2,66,325.0,2.52,0.224951054343865,0.9743700647852352,20.6,57,296.0,4.02,0.7313537016191706,-0.6819983600624984,20.6,69,339.0,4.5,0.9510565162951536,0.3090169943749474,3.574999999999996,open-meteo,2026-08-08T09:50:27+00:00
2026-05-27 08:00:00+00:00,FR,load,24.4,62,494.0,3.29,0.4999999999999999,0.8660254037844387,23.8,61,500.0,2.55,0.0697564737441253,0.9975640502598242,23.2,51,481.0,2.84,0.7193398003386511,-0.6946583704589974,22.6,62,497.0,4.7,0.9335804264972016,0.3583679495453004,5.5,open-meteo,2026-08-08T10:03:04+00:00
2026-05-27 09:00:00+00:00,FR,load,26.8,51,647.0,2.96,0.5591929034707469,0.8290375725550417,25.3,61,657.0,3.14,0.0348994967025009,0.9993908270190958,26.3,42,653.0,2.2,0.9335804264972016,-0.3583679495453002,24.5,56,644.0,4.3,0.9563047559630354,0.2923717047227367,7.725000000000001,open-meteo,2026-08-08T10:03:04+00:00
2026-05-27 10:00:00+00:00,FR,load,28.6,42,774.0,3.02,0.8090169943749475,0.5877852522924731,27.0,59,786.0,3.63,-2.4492935982947064e-16,1.0,28.6,35,795.0,2.0,0.981627183447664,-0.1908089953765448,26.0,52,753.0,4.0,0.9659258262890684,0.2588190451025207,9.55,open-meteo,2026-08-08T10:03:04+00:00
2026-05-27 11:00:00+00:00,FR,load,30.0,35,859.0,2.98,0.9205048534524404,0.3907311284892737,28.7,53,872.0,4.12,-0.0523359562429443,0.9986295347545738,30.5,29,895.0,1.89,0.9335804264972016,0.3583679495453004,26.6,49,833.0,3.9,0.9563047559630354,0.2923717047227367,10.950000000000005,open-meteo,2026-08-08T10:03:04+00:00
2026-05-27 12:00:00+00:00,FR,load,30.5,34,899.0,2.98,0.9205048534524404,0.3907311284892737,29.8,45,909.0,5.2,-0.0523359562429443,0.9986295347545738,31.9,26,941.0,2.36,0.7431448254773942,0.6691306063588582,27.7,47,873.0,4.7,0.9659258262890684,0.2588190451025207,11.974999999999998,open-meteo,2026-08-08T10:03:04+00:00
2026-05-27 13:00:00+00:00,FR,load,31.2,34,886.0,2.22,0.7071067811865475,0.7071067811865476,30.2,41,892.0,5.61,-0.0871557427476583,0.9961946980917455,32.9,24,931.0,2.37,0.6156614753256583,0.7880107536067219,28.6,45,838.0,4.5,0.9335804264972016,0.3583679495453004,12.725,open-meteo,2026-08-08T09:50:27+00:00
2026-05-27 14:00:00+00:00,FR,load,31.8,35,823.0,1.81,0.9743700647852352,0.2249510543438649,30.5,38,822.0,6.28,0.0523359562429438,0.9986295347545738,33.5,23,871.0,2.3,0.6427876096865393,0.766044443118978,28.5,42,795.0,4.9,0.9455185755993168,0.3255681544571567,13.075,open-meteo,2026-08-08T10:03:04+00:00
2026-05-27 15:00:00+00:00,FR,load,31.0,35,706.0,3.33,0.9702957262759964,0.2419218955996676,29.5,39,685.0,6.58,0.0523359562429438,0.9986295347545738,33.3,24,760.0,2.94,0.6018150231520483,0.7986355100472928,28.5,45,699.0,4.6,0.8910065241883679,0.4539904997395468,12.575,open-meteo,2026-08-08T10:03:04+00:00
2026-05-27 16:00:00+00:00,FR,load,30.6,31,589.0,3.64,0.9702957262759964,0.2419218955996676,28.9,35,546.0,7.99,0.1908089953765448,0.981627183447664,33.0,23,613.0,3.68,0.484809620246337,0.8746197071393957,28.3,47,563.0,4.8,0.8746197071393957,0.4848096202463371,12.2,open-meteo,2026-08-08T10:03:04+00:00
2026-05-27 17:00:00+00:00,FR,load,29.6,32,430.0,4.66,0.9659258262890684,0.2588190451025207,27.4,39,357.0,6.94,0.224951054343865,0.9743700647852352,32.4,24,436.0,3.15,0.4383711467890774,0.898794046299167,27.5,48,412.0,5.1,0.9702957262759964,0.2419218955996676,11.225,open-meteo,2026-08-08T09:50:27+00:00
2026-05-27 18:00:00+00:00,FR,load,28.1,45,260.0,5.89,0.9986295347545738,0.0523359562429439,24.9,46,199.0,7.68,0.3907311284892737,0.9205048534524404,30.8,29,250.0,3.44,0.3420201433256687,0.9396926207859084,26.6,51,256.0,6.0,0.9455185755993168,0.3255681544571567,9.6,open-meteo,2026-08-08T09:50:27+00:00
2026-05-27 19:00:00+00:00,FR,load,25.7,48,98.0,5.94,0.9876883405951378,0.1564344650402309,22.5,43,50.0,7.48,0.5299192642332049,0.848048096156426,29.1,34,84.0,1.86,-0.0523359562429443,0.9986295347545738,24.1,52,113.0,6.5,0.7431448254773942,0.6691306063588582,7.350000000000001,open-meteo,2026-08-08T10:03:04+00:00
2026-05-27 20:00:00+00:00,FR,load,23.8,52,10.0,4.8,0.9781476007338056,0.2079116908177594,20.7,46,1.0,7.33,0.3907311284892737,0.9205048534524404,26.5,34,2.0,2.1,-0.4694715627858908,0.882947592858927,22.7,54,16.0,6.9,0.6946583704589973,0.7193398003386512,5.425000000000001,open-meteo,2026-08-08T10:03:04+00:00
2026-05-27 21:00:00+00:00,FR,load,23.2,57,0.0,4.65,0.8191520442889918,0.573576436351046,20.1,49,0.0,6.39,0.2588190451025207,0.9659258262890684,24.9,36,0.0,1.94,-0.7071067811865477,0.7071067811865474,22.4,48,0.0,7.7,0.9659258262890684,0.2588190451025207,4.649999999999999,open-meteo,2026-08-08T09:50:27+00:00
2026-05-27 22:00:00+00:00,FR,load,22.0,65,0.0,5.23,0.8660254037844386,0.5000000000000001,18.9,56,0.0,5.71,0.1045284632676534,0.9945218953682732,23.0,40,0.0,2.59,-0.9063077870366498,0.4226182617406996,21.1,50,0.0,8.1,0.9659258262890684,0.2588190451025207,3.25,open-meteo,2026-08-08T09:50:27+00:00
2026-05-27 23:00:00+00:00,FR,load,21.7,69,0.0,5.08,0.8829475928589269,0.4694715627858908,18.2,61,0.0,5.52,0.1045284632676534,0.9945218953682732,22.1,43,0.0,2.95,-0.9659258262890684,0.2588190451025203,20.0,57,0.0,8.4,0.9902680687415704,0.1391731009600654,2.5,open-meteo,2026-08-08T09:50:27+00:00
2026-05-28 00:00:00+00:00,FR,load,21.7,72,0.0,4.44,0.9945218953682732,0.1045284632676534,16.9,68,0.0,6.18,0.0697564737441253,0.9975640502598242,21.6,53,0.0,3.02,-0.9063077870366498,0.4226182617406996,19.3,54,0.0,8.4,0.9876883405951378,0.1564344650402309,1.875,open-meteo,2026-08-08T09:50:27+00:00
2026-05-28 01:00:00+00:00,FR,load,21.0,73,0.0,3.44,0.9961946980917455,0.0871557427476581,16.6,70,0.0,6.09,0.0871557427476581,0.9961946980917455,20.9,57,0.0,3.16,-0.992546151641322,0.1218693434051476,18.3,54,0.0,6.6,0.9998476951563912,0.0174524064372836,1.1999999999999993,open-meteo,2026-08-08T10:03:04+00:00
2026-05-28 02:00:00+00:00,FR,load,20.3,74,0.0,3.54,0.9961946980917455,0.0871557427476581,16.3,72,0.0,5.4,0.0697564737441253,0.9975640502598242,20.3,58,0.0,3.26,-0.992546151641322,-0.1218693434051471,17.4,59,0.0,7.8,0.992546151641322,0.1218693434051474,0.5750000000000028,open-meteo,2026-08-08T10:03:04+00:00
2026-05-28 03:00:00+00:00,FR,load,19.2,79,0.0,4.22,0.9986295347545738,0.0523359562429439,15.7,74,0.0,5.93,0.374606593415912,0.9271838545667874,19.7,59,0.0,3.35,-0.992546151641322,-0.1218693434051471,16.6,55,0.0,8.3,0.9986295347545738,0.0523359562429439,0.2000000000000028,open-meteo,2026-08-08T10:03:04+00:00
2026-05-28 04:00:00+00:00,FR,load,19.0,82,0.0,4.51,1.0,6.123233995736766e-17,15.7,70,0.0,6.58,0.4226182617406994,0.90630778703665,19.3,60,0.0,3.23,-0.9993908270190958,-0.0348994967025007,16.2,54,1.0,7.0,0.9975640502598242,-0.0697564737441253,0.4499999999999993,open-meteo,2026-08-08T09:50:27+00:00
2026-05-28 05:00:00+00:00,FR,load,19.0,84,35.0,4.66,0.9902680687415704,-0.1391731009600653,16.0,74,37.0,6.85,0.3255681544571567,0.9455185755993168,19.2,60,14.0,3.24,-0.9986295347545738,-0.0523359562429443,16.1,59,57.0,8.1,1.0,6.123233995736766e-17,0.4249999999999971,open-meteo,2026-08-08T10:03:04+00:00
2026-05-28 06:00:00+00:00,FR,load,20.3,83,158.0,5.21,0.9396926207859084,-0.3420201433256687,18.5,77,168.0,7.46,0.2419218955996677,0.9702957262759964,20.4,68,124.0,3.14,-0.9975640502598242,-0.0697564737441255,17.5,51,186.0,6.0,0.9902680687415704,-0.1391731009600653,1.1749999999999972,open-meteo,2026-08-08T10:03:04+00:00
2026-05-28 07:00:00+00:00,FR,load,21.5,79,316.0,4.38,0.8910065241883679,-0.4539904997395467,20.0,74,338.0,6.78,0.1908089953765448,0.981627183447664,23.9,57,293.0,3.14,-0.9993908270190958,0.0348994967025012,19.2,51,340.0,6.3,0.9876883405951378,-0.1564344650402308,3.150000000000002,open-meteo,2026-08-08T10:03:04+00:00
2026-05-28 08:00:00+00:00,FR,load,23.2,74,481.0,2.41,0.8910065241883679,-0.4539904997395467,21.4,71,512.0,5.91,0.1045284632676534,0.9945218953682732,25.9,54,475.0,2.23,-0.9659258262890684,0.2588190451025203,21.3,52,493.0,5.3,0.9563047559630355,-0.2923717047227366,4.949999999999999,open-meteo,2026-08-08T10:03:04+00:00
2026-05-28 09:00:00+00:00,FR,load,25.7,66,634.0,1.88,0.8829475928589269,-0.4694715627858909,23.1,60,668.0,6.59,0.0871557427476581,0.9961946980917455,28.3,48,644.0,2.64,-0.7431448254773946,0.6691306063588578,23.1,49,641.0,5.3,0.9335804264972016,-0.3583679495453002,7.049999999999997,open-meteo,2026-08-08T10:03:04+00:00
2026-05-28 10:00:00+00:00,FR,load,27.8,58,761.0,1.58,0.9271838545667874,-0.374606593415912,24.6,56,795.0,6.54,0.1564344650402308,0.9876883405951378,30.5,42,789.0,3.33,-0.6819983600624984,0.7313537016191707,25.0,46,651.0,6.4,0.9135454576426008,-0.4067366430758002,8.975000000000001,open-meteo,2026-08-08T10:03:04+00:00
2026-05-28 11:00:00+00:00,FR,load,29.4,52,839.0,0.98,0.6018150231520482,-0.7986355100472929,26.2,54,880.0,6.49,0.0871557427476581,0.9961946980917455,32.3,31,891.0,4.19,-0.1908089953765446,0.981627183447664,26.3,46,838.0,5.7,0.8910065241883679,-0.4539904997395467,10.549999999999995,open-meteo,2026-08-08T10:03:04+00:00
2026-05-28 12:00:00+00:00,FR,load,30.2,41,880.0,3.55,0.6293203910498374,-0.7771459614569709,27.3,51,914.0,7.96,0.0697564737441253,0.9975640502598242,33.2,26,939.0,4.71,0.0348994967025009,0.9993908270190958,27.3,44,864.0,5.5,0.8191520442889917,-0.5735764363510462,11.5,open-meteo,2026-08-08T09:50:27+00:00
2026-05-28 13:00:00+00:00,FR,load,30.8,39,847.0,1.89,0.3583679495453002,-0.9335804264972016,28.4,47,897.0,8.34,0.0523359562429438,0.9986295347545738,33.9,21,934.0,4.61,0.0174524064372835,0.9998476951563912,28.2,44,855.0,4.8,0.788010753606722,-0.6156614753256583,12.325,open-meteo,2026-08-08T09:50:27+00:00
2026-05-28 14:00:00+00:00,FR,load,31.1,37,807.0,0.93,-0.3090169943749473,-0.9510565162951536,29.0,42,826.0,8.35,0.0697564737441253,0.9975640502598242,34.0,22,875.0,5.09,-2.4492935982947064e-16,1.0,28.9,44,736.0,4.4,0.7431448254773942,-0.6691306063588582,12.75,open-meteo,2026-08-08T09:50:27+00:00
2026-05-28 15:00:00+00:00,FR,load,31.0,41,717.0,0.84,-0.3583679495453004,-0.9335804264972016,28.6,39,710.0,9.6,-0.0174524064372835,0.9998476951563912,33.9,24,760.0,5.35,-0.1391731009600658,0.9902680687415704,29.2,44,607.0,4.5,0.8090169943749475,-0.587785252292473,12.675,open-meteo,2026-08-08T09:50:27+00:00
2026-05-28 16:00:00+00:00,FR,load,30.7,38,569.0,1.67,0.0523359562429438,-0.9986295347545738,28.1,41,557.0,10.16,-0.1218693434051472,0.992546151641322,33.4,22,610.0,6.37,0.0174524064372835,0.9998476951563912,28.5,46,567.0,4.3,0.5446390350150273,-0.8386705679454239,12.174999999999995,open-meteo,2026-08-08T10:03:04+00:00
2026-05-28 17:00:00+00:00,FR,load,29.9,46,400.0,2.26,0.0348994967025011,-0.9993908270190958,27.0,44,382.0,9.84,-0.0871557427476583,0.9961946980917455,32.7,20,438.0,6.38,0.0697564737441253,0.9975640502598242,28.9,46,412.0,5.1,0.7431448254773942,-0.6691306063588582,11.625,open-meteo,2026-08-08T10:03:04+00:00
2026-05-28 18:00:00+00:00,FR,load,28.4,52,243.0,3.42,0.4539904997395468,-0.8910065241883678,26.5,41,206.0,10.78,-0.0348994967025008,0.9993908270190958,31.1,24,252.0,5.7,-0.0871557427476583,0.9961946980917455,27.6,53,210.0,6.0,0.8987940462991669,-0.4383711467890775,10.4,open-meteo,2026-08-08T09:50:27+00:00
2026-05-28 19:00:00+00:00,FR,load,26.6,60,104.0,3.5,0.3090169943749475,-0.9510565162951536,24.2,46,59.0,10.48,0.0174524064372835,0.9998476951563912,28.3,30,84.0,5.68,-2.4492935982947064e-16,1.0,26.0,57,112.0,4.7,0.6819983600624986,-0.7313537016191705,8.274999999999999,open-meteo,2026-08-08T10:03:04+00:00
2026-05-28 20:00:00+00:00,FR,load,25.4,61,11.0,3.81,0.4383711467890773,-0.898794046299167,21.6,56,1.0,6.67,0.1736481776669303,0.984807753012208,26.1,36,4.0,4.8,0.0348994967025009,0.9993908270190958,24.5,57,15.0,4.6,0.6946583704589971,-0.7193398003386513,6.399999999999999,open-meteo,2026-08-08T09:50:27+00:00
2026-05-28 21:00:00+00:00,FR,load,23.8,65,0.0,4.34,0.4694715627858907,-0.882947592858927,20.5,61,0.0,7.22,0.1391731009600654,0.9902680687415704,25.3,40,0.0,4.0,0.2923717047227367,0.9563047559630354,24.1,55,0.0,5.6,0.6156614753256584,-0.7880107536067219,5.424999999999997,open-meteo,2026-08-08T09:50:27+00:00
2026-05-28 22:00:00+00:00,FR,load,22.8,67,0.0,4.39,0.4067366430758004,-0.9135454576426008,19.2,67,0.0,6.21,0.2079116908177593,0.9781476007338056,24.0,44,0.0,3.51,0.4539904997395468,0.8910065241883679,23.2,62,0.0,7.8,0.5591929034707469,-0.8290375725550416,4.300000000000001,open-meteo,2026-08-08T09:50:27+00:00
2026-05-28 23:00:00+00:00,FR,load,22.2,67,0.0,4.16,0.4539904997395468,-0.8910065241883678,18.2,69,0.0,5.63,0.1218693434051474,0.992546151641322,23.3,44,0.0,3.35,0.6156614753256583,0.7880107536067219,21.9,52,0.0,3.9,-0.2079116908177595,-0.9781476007338056,3.3999999999999986,open-meteo,2026-08-08T09:50:27+00:00
2026-05-29 00:00:00+00:00,FR,load,21.8,69,0.0,4.4,0.2923717047227366,-0.9563047559630355,17.1,72,0.0,5.99,0.1908089953765448,0.981627183447664,23.3,46,0.0,3.21,0.6156614753256583,0.7880107536067219,22.2,66,0.0,8.2,-0.0174524064372836,-0.9998476951563912,3.1000000000000014,open-meteo,2026-08-08T09:50:27+00:00
2026-05-29 01:00:00+00:00,FR,load,21.2,70,0.0,4.03,0.4383711467890773,-0.898794046299167,16.6,76,0.0,5.4,0.0523359562429438,0.9986295347545738,22.9,47,0.0,2.64,0.6691306063588582,0.7431448254773942,22.0,72,0.0,5.0,0.2419218955996677,-0.9702957262759964,2.674999999999997,open-meteo,2026-08-08T09:50:27+00:00
2026-05-29 02:00:00+00:00,FR,load,20.2,73,0.0,4.04,0.2419218955996677,-0.9702957262759964,15.9,79,0.0,5.77,0.1736481776669303,0.984807753012208,21.7,49,0.0,1.89,0.3583679495453002,0.9335804264972016,20.7,71,0.0,5.7,0.9975640502598242,-0.0697564737441253,1.625,open-meteo,2026-08-08T10:03:04+00:00
2026-05-29 03:00:00+00:00,FR,load,19.5,72,0.0,3.04,0.0697564737441255,-0.9975640502598242,15.2,81,0.0,5.83,0.1391731009600654,0.9902680687415704,19.9,57,0.0,1.83,0.2756373558169991,0.9612616959383188,21.8,63,0.0,7.7,0.258819045102521,-0.9659258262890682,1.1000000000000014,open-meteo,2026-08-08T10:03:04+00:00
2026-05-29 04:00:00+00:00,FR,load,18.9,73,0.0,2.55,1.2246467991473532e-16,-1.0,14.7,83,0.0,5.59,0.0348994967025009,0.9993908270190958,18.8,62,0.0,1.81,0.224951054343865,0.9743700647852352,22.1,65,1.0,8.2,-0.0697564737441252,-0.9975640502598242,0.625,open-meteo,2026-08-08T10:03:04+00:00
2026-05-29 05:00:00+00:00,FR,load,18.9,75,36.0,2.47,0.1218693434051475,-0.992546151641322,15.5,82,36.0,7.16,0.0348994967025009,0.9993908270190958,18.0,67,15.0,1.62,0.2419218955996677,0.9702957262759964,21.0,69,34.0,8.1,-0.1218693434051473,-0.992546151641322,0.3500000000000014,open-meteo,2026-08-08T10:03:04+00:00
2026-05-29 06:00:00+00:00,FR,load,21.1,75,157.0,3.63,0.0348994967025011,-0.9993908270190958,17.7,77,165.0,6.08,0.0348994967025009,0.9993908270190958,18.5,74,127.0,1.4,0.2079116908177593,0.9781476007338056,22.7,64,112.0,6.4,-0.4383711467890774,-0.8987940462991669,2.0,open-meteo,2026-08-08T09:50:27+00:00
2026-05-29 07:00:00+00:00,FR,load,22.9,70,315.0,3.83,-0.0697564737441252,-0.9975640502598242,18.9,74,334.0,4.71,0.0348994967025009,0.9993908270190958,22.4,65,301.0,1.08,0.0871557427476581,0.9961946980917455,24.6,62,208.0,3.5,-0.4539904997395467,-0.8910065241883679,4.199999999999996,open-meteo,2026-08-08T10:03:04+00:00
2026-05-29 08:00:00+00:00,FR,load,24.7,62,474.0,3.06,0.1218693434051475,-0.992546151641322,20.7,69,510.0,4.66,-0.1391731009600658,0.9902680687415704,24.8,52,485.0,1.04,-0.7547095802227722,0.656059028990507,25.6,61,318.0,3.9,-0.1736481776669304,-0.984807753012208,5.950000000000003,open-meteo,2026-08-08T09:50:27+00:00
2026-05-29 09:00:00+00:00,FR,load,26.7,48,625.0,3.83,0.0523359562429438,-0.9986295347545738,23.1,59,672.0,4.22,0.0523359562429438,0.9986295347545738,26.9,45,657.0,1.83,-0.2756373558169989,0.9612616959383188,25.8,57,612.0,5.2,0.2419218955996677,-0.9702957262759964,7.6249999999999964,open-meteo,2026-08-08T09:50:27+00:00
2026-05-29 10:00:00+00:00,FR,load,28.4,45,749.0,3.16,-0.1218693434051473,-0.992546151641322,24.8,57,800.0,3.63,0.3255681544571567,0.9455185755993168,28.7,39,801.0,2.07,-0.5150380749100545,0.8571673007021121,28.9,51,387.0,4.1,-0.6018150231520484,-0.7986355100472928,9.700000000000005,open-meteo,2026-08-08T09:50:27+00:00
2026-05-29 11:00:00+00:00,FR,load,29.9,38,828.0,3.14,0.0348994967025011,-0.9993908270190958,26.4,55,881.0,3.11,0.224951054343865,0.9743700647852352,30.4,33,899.0,2.37,-0.6156614753256582,0.7880107536067221,30.0,45,620.0,5.4,-0.7193398003386512,-0.6946583704589973,11.174999999999995,open-meteo,2026-08-08T09:50:27+00:00
2026-05-29 12:00:00+00:00,FR,load,30.2,42,855.0,2.55,0.0697564737441255,-0.9975640502598242,27.6,49,911.0,2.27,0.1218693434051474,0.992546151641322,31.4,29,946.0,2.28,-0.4226182617406992,0.90630778703665,28.9,48,688.0,4.9,-0.7880107536067221,-0.6156614753256581,11.525,open-meteo,2026-08-08T09:50:27+00:00
2026-05-29 13:00:00+00:00,FR,load,30.9,40,825.0,2.16,0.0871557427476582,-0.9961946980917455,28.4,46,892.0,2.17,0.3090169943749474,0.9510565162951536,32.2,27,936.0,2.86,-0.3746065934159123,0.9271838545667872,29.0,49,439.0,5.1,-0.7071067811865475,-0.7071067811865477,12.125,open-meteo,2026-08-08T09:50:27+00:00
2026-05-29 14:00:00+00:00,FR,load,30.9,39,753.0,1.76,1.2246467991473532e-16,-1.0,28.9,45,822.0,2.4,0.2079116908177593,0.9781476007338056,32.6,25,873.0,2.85,-0.2756373558169989,0.9612616959383188,29.5,44,251.0,7.2,-0.9986295347545738,0.0523359562429439,12.475,open-meteo,2026-08-08T09:50:27+00:00
2026-05-29 15:00:00+00:00,FR,load,30.9,39,534.0,1.39,-0.1391731009600655,-0.9902680687415704,29.0,43,708.0,2.98,0.1564344650402308,0.9876883405951378,32.4,25,764.0,2.16,0.0871557427476581,0.9961946980917455,27.2,50,208.0,8.5,-0.992546151641322,0.1218693434051476,11.875,open-meteo,2026-08-08T09:50:27+00:00
2026-05-29 16:00:00+00:00,FR,load,30.6,39,488.0,0.88,-0.8910065241883678,-0.4539904997395469,28.7,40,559.0,4.08,0.1736481776669303,0.984807753012208,32.2,25,614.0,2.42,0.3583679495453002,0.9335804264972016,26.2,53,111.0,2.9,-0.9993908270190958,-0.0348994967025007,11.425,open-meteo,2026-08-08T09:50:27+00:00
2026-05-29 17:00:00+00:00,FR,load,29.6,45,306.0,1.36,-0.8660254037844386,0.5000000000000001,28.2,38,389.0,3.99,0.4694715627858908,0.882947592858927,31.6,25,439.0,2.04,0.573576436351046,0.8191520442889918,24.7,64,65.0,1.8,-0.6156614753256582,0.7880107536067221,10.525000000000002,open-meteo,2026-08-08T09:50:27+00:00
2026-05-29 18:00:00+00:00,FR,load,29.2,59,177.0,0.44,0.4539904997395468,-0.8910065241883678,25.9,50,213.0,3.19,0.1908089953765448,0.981627183447664,30.3,30,252.0,2.04,0.573576436351046,0.8191520442889918,24.3,65,90.0,2.8,-0.0697564737441256,0.9975640502598242,9.424999999999995,open-meteo,2026-08-08T09:50:27+00:00
2026-05-29 19:00:00+00:00,FR,load,28.0,59,76.0,1.52,0.7071067811865476,-0.7071067811865475,22.8,54,62.0,2.24,0.3907311284892737,0.9205048534524404,28.0,37,86.0,1.47,0.9975640502598242,-0.0697564737441253,23.4,61,53.0,7.4,-0.1218693434051472,0.992546151641322,7.549999999999997,open-meteo,2026-08-08T09:50:27+00:00
2026-05-29 20:00:00+00:00,FR,load,26.1,54,9.0,2.5,0.5150380749100544,-0.8571673007021122,20.8,55,1.0,1.59,0.7313537016191706,-0.6819983600624984,24.0,45,4.0,6.8,0.6560590289905073,-0.754709580222772,21.2,61,7.0,4.5,-0.4067366430758001,0.9135454576426008,5.025000000000002,open-meteo,2026-08-08T10:03:04+00:00
2026-05-29 21:00:00+00:00,FR,load,24.5,63,0.0,2.12,0.5591929034707469,-0.8290375725550416,20.9,63,0.0,1.2,-0.5735764363510462,-0.8191520442889918,23.3,49,0.0,7.9,0.6018150231520482,-0.7986355100472929,20.7,64,0.0,5.0,0.0697564737441253,0.9975640502598242,4.350000000000001,open-meteo,2026-08-08T09:50:27+00:00
2026-05-29 22:00:00+00:00,FR,load,23.6,65,0.0,1.9,0.5735764363510459,-0.8191520442889919,19.0,72,0.0,2.73,0.258819045102521,-0.9659258262890682,21.9,55,0.0,6.07,0.5150380749100544,-0.8571673007021122,20.0,68,0.0,3.6,0.9876883405951378,-0.1564344650402308,3.125,open-meteo,2026-08-08T09:50:27+00:00
2026-05-29 23:00:00+00:00,FR,load,23.1,65,0.0,2.37,0.4999999999999999,-0.8660254037844387,19.1,74,0.0,2.16,-0.0523359562429435,-0.9986295347545738,20.4,62,0.0,2.53,-0.8090169943749473,-0.5877852522924732,19.5,67,0.0,3.9,0.7771459614569709,0.6293203910498374,2.5249999999999986,open-meteo,2026-08-08T10:03:04+00:00
2026-05-30 00:00:00+00:00,FR,load,21.9,73,0.0,3.97,0.5446390350150273,-0.8386705679454239,18.6,75,0.0,3.53,0.0348994967025011,-0.9993908270190958,19.2,68,0.0,3.43,-0.9993908270190958,-0.0348994967025007,18.7,70,0.0,1.8,-0.6691306063588581,0.7431448254773944,1.6000000000000014,open-meteo,2026-08-08T10:03:04+00:00
2026-05-30 01:00:00+00:00,FR,load,21.6,74,0.0,3.14,0.2419218955996677,-0.9702957262759964,18.0,76,0.0,3.16,-0.1218693434051473,-0.992546151641322,18.7,90,0.0,6.03,-0.992546151641322,0.1218693434051476,19.7,70,0.0,5.0,0.8571673007021123,0.5150380749100542,1.5,open-meteo,2026-08-08T09:50:27+00:00
2026-05-30 02:00:00+00:00,FR,load,21.0,73,0.0,1.97,-0.1045284632676535,-0.9945218953682732,17.7,78,0.0,3.34,-0.0871557427476579,-0.9961946980917455,18.1,94,0.0,6.49,-0.9961946980917455,0.0871557427476578,18.1,76,0.0,5.4,0.7986355100472928,0.6018150231520483,0.7250000000000014,open-meteo,2026-08-08T09:50:27+00:00
2026-05-30 03:00:00+00:00,FR,load,20.3,74,0.0,0.71,-0.5591929034707467,-0.8290375725550418,17.3,77,0.0,3.46,-0.1391731009600655,-0.9902680687415704,17.4,93,0.0,5.67,-0.984807753012208,0.1736481776669299,17.0,83,0.0,4.1,0.9396926207859084,0.3420201433256688,0.0,open-meteo,2026-08-08T10:03:04+00:00
2026-05-30 04:00:00+00:00,FR,load,18.7,84,0.0,2.02,-0.2419218955996678,0.9702957262759964,16.9,80,0.0,3.58,-0.1564344650402307,-0.9876883405951378,16.9,94,0.0,5.38,-0.984807753012208,0.1736481776669299,17.0,84,1.0,5.7,0.8829475928589269,0.4694715627858908,0.625,open-meteo,2026-08-08T09:50:27+00:00
2026-05-30 05:00:00+00:00,FR,load,19.6,84,37.0,2.08,0.9455185755993168,0.3255681544571567,17.2,83,38.0,3.53,0.0523359562429438,-0.9986295347545738,16.9,93,11.0,5.3,-0.9781476007338056,0.2079116908177594,18.1,81,59.0,6.5,0.9961946980917455,-0.0871557427476582,0.0500000000000007,open-meteo,2026-08-08T09:50:27+00:00
2026-05-30 06:00:00+00:00,FR,load,21.7,86,150.0,0.88,0.8910065241883679,-0.4539904997395467,19.2,82,167.0,3.14,0.0348994967025011,-0.9993908270190958,17.6,89,79.0,4.9,-0.9612616959383188,0.2756373558169994,17.3,82,184.0,9.6,0.984807753012208,0.1736481776669304,0.9499999999999992,open-meteo,2026-08-08T09:50:27+00:00
2026-05-30 07:00:00+00:00,FR,load,23.6,79,308.0,0.31,0.3090169943749474,0.9510565162951536,21.2,70,330.0,1.46,-0.3420201433256686,-0.9396926207859084,18.8,82,177.0,4.15,-0.945518575599317,0.3255681544571563,20.2,72,183.0,5.6,0.7986355100472928,0.6018150231520483,2.95,open-meteo,2026-08-08T09:50:27+00:00
2026-05-30 08:00:00+00:00,FR,load,25.3,72,479.0,0.79,0.4999999999999999,0.8660254037844387,22.6,63,466.0,2.25,1.2246467991473532e-16,-1.0,20.5,75,308.0,3.07,-0.9271838545667874,0.3746065934159119,20.7,65,466.0,7.7,0.981627183447664,-0.1908089953765448,4.275000000000002,open-meteo,2026-08-08T09:50:27+00:00
2026-05-30 09:00:00+00:00,FR,load,27.3,61,633.0,0.97,0.7071067811865476,-0.7071067811865475,24.1,55,579.0,3.43,-0.0348994967025009,-0.9993908270190958,22.1,69,424.0,2.19,-0.8910065241883679,0.4539904997395466,23.4,63,279.0,5.4,0.9659258262890684,-0.2588190451025208,6.225000000000001,open-meteo,2026-08-08T09:50:27+00:00
2026-05-30 10:00:00+00:00,FR,load,28.8,53,757.0,1.1,0.1736481776669302,-0.984807753012208,25.7,51,765.0,3.53,0.0348994967025011,-0.9993908270190958,23.2,67,701.0,2.16,-0.7771459614569708,0.6293203910498375,24.6,63,744.0,2.9,0.9612616959383188,-0.275637355816999,7.575000000000003,open-meteo,2026-08-08T09:50:27+00:00
2026-05-30 11:00:00+00:00,FR,load,30.1,50,812.0,1.33,-0.2923717047227367,-0.9563047559630354,27.0,48,864.0,3.72,-0.0348994967025009,-0.9993908270190958,24.6,64,836.0,2.59,-0.6018150231520483,0.7986355100472928,25.5,54,825.0,4.4,0.788010753606722,-0.6156614753256583,8.8,open-meteo,2026-08-08T10:03:04+00:00
2026-05-30 12:00:00+00:00,FR,load,31.0,45,812.0,1.57,1.2246467991473532e-16,-1.0,27.7,42,841.0,3.23,1.2246467991473532e-16,-1.0,25.6,61,902.0,3.75,-0.3420201433256686,0.9396926207859084,27.5,50,865.0,3.8,0.8090169943749475,-0.587785252292473,9.950000000000005,open-meteo,2026-08-08T09:50:27+00:00
2026-05-30 13:00:00+00:00,FR,load,31.6,35,838.0,2.07,0.0871557427476582,-0.9961946980917455,28.9,40,806.0,2.65,-0.0348994967025009,-0.9993908270190958,26.7,57,883.0,3.19,-0.3090169943749477,0.9510565162951536,28.2,54,848.0,1.7,0.9993908270190958,-0.0348994967025009,10.85,open-meteo,2026-08-08T10:03:04+00:00
2026-05-30 14:00:00+00:00,FR,load,31.8,39,736.0,1.55,0.3090169943749475,-0.9510565162951536,29.2,38,725.0,1.47,-0.0697564737441252,-0.9975640502598242,27.6,56,734.0,3.41,-0.3090169943749477,0.9510565162951536,29.3,51,777.0,1.4,-0.1391731009600655,-0.9902680687415704,11.474999999999998,open-meteo,2026-08-08T10:03:04+00:00
2026-05-30 15:00:00+00:00,FR,load,32.2,33,631.0,3.1,-0.3090169943749473,-0.9510565162951536,29.3,34,686.0,0.14,0.7071067811865475,0.7071067811865476,27.2,60,732.0,3.78,-0.6018150231520483,0.7986355100472928,29.7,49,503.0,1.7,-0.1391731009600658,0.9902680687415704,11.6,open-meteo,2026-08-08T09:50:27+00:00
2026-05-30 16:00:00+00:00,FR,load,32.0,33,501.0,4.19,-0.5446390350150271,-0.838670567945424,29.3,35,561.0,1.28,0.9975640502598242,-0.0697564737441253,27.1,59,583.0,5.08,-0.6427876096865396,0.7660444431189778,29.4,52,529.0,2.0,0.8910065241883679,0.4539904997395468,11.450000000000005,open-meteo,2026-08-08T09:50:27+00:00
2026-05-30 17:00:00+00:00,FR,load,31.0,32,378.0,5.02,-0.6293203910498376,-0.7771459614569708,28.8,33,369.0,1.4,0.90630778703665,-0.4226182617406993,26.5,59,411.0,6.04,-0.7431448254773946,0.6691306063588578,29.5,52,290.0,3.3,0.6560590289905073,0.754709580222772,10.95,open-meteo,2026-08-08T09:50:27+00:00
2026-05-30 18:00:00+00:00,FR,load,29.2,39,236.0,4.57,-0.7071067811865475,-0.7071067811865477,26.8,46,213.0,1.25,0.6293203910498374,-0.7771459614569709,24.9,66,225.0,6.17,-0.8090169943749476,0.5877852522924729,27.9,60,165.0,3.0,0.7193398003386511,0.6946583704589973,9.200000000000005,open-meteo,2026-08-08T09:50:27+00:00
2026-05-30 19:00:00+00:00,FR,load,26.9,55,108.0,3.95,-0.7431448254773944,-0.6691306063588581,23.9,49,62.0,2.75,-0.0697564737441252,-0.9975640502598242,23.7,71,77.0,5.48,-0.7313537016191703,0.6819983600624987,24.1,63,112.0,4.3,0.992546151641322,-0.1218693434051473,6.649999999999999,open-meteo,2026-08-08T10:03:04+00:00
2026-05-30 20:00:00+00:00,FR,load,24.5,72,11.0,8.26,-0.0871557427476583,0.9961946980917455,22.2,54,1.0,4.19,-0.1908089953765447,-0.981627183447664,22.2,77,3.0,7.0,-0.7986355100472932,0.6018150231520479,24.1,78,14.0,1.0,0.6018150231520483,0.7986355100472928,5.25,open-meteo,2026-08-08T09:50:27+00:00
2026-05-30 21:00:00+00:00,FR,load,24.0,79,0.0,5.53,-0.5000000000000004,0.8660254037844384,21.2,63,0.0,3.5,-0.1908089953765447,-0.981627183447664,20.1,81,0.0,8.15,-0.8910065241883679,0.4539904997395466,22.6,66,0.0,4.0,0.4694715627858908,0.882947592858927,3.9750000000000014,open-meteo,2026-08-08T10:03:04+00:00
2026-05-30 22:00:00+00:00,FR,load,22.7,65,0.0,10.1,-0.8660254037844386,0.5000000000000001,20.3,65,0.0,5.4,0.0697564737441255,-0.9975640502598242,19.2,83,0.0,7.76,-0.898794046299167,0.4383711467890774,20.6,84,0.0,4.1,-0.0697564737441252,-0.9975640502598242,2.700000000000003,open-meteo,2026-08-08T09:50:27+00:00
2026-05-30 23:00:00+00:00,FR,load,20.7,72,0.0,9.43,-0.7313537016191703,0.6819983600624987,20.3,67,0.0,6.67,-0.0523359562429435,-0.9986295347545738,18.4,85,0.0,7.39,-0.9271838545667874,0.3746065934159119,21.4,69,0.0,6.6,-0.3090169943749473,-0.9510565162951536,2.2,open-meteo,2026-08-08T10:03:04+00:00
2026-05-31 00:00:00+00:00,FR,load,19.6,83,0.0,7.27,-0.7193398003386512,0.6946583704589973,19.5,66,0.0,5.4,-0.0523359562429435,-0.9986295347545738,17.6,87,0.0,6.42,-0.9612616959383188,0.2756373558169994,19.3,71,0.0,5.6,-0.9986295347545738,0.0523359562429439,1.0,open-meteo,2026-08-08T09:50:27+00:00
2026-05-31 01:00:00+00:00,FR,load,18.6,79,0.0,7.04,-0.529919264233205,0.8480480961564258,18.9,70,0.0,4.82,-0.0871557427476579,-0.9961946980917455,17.1,85,0.0,6.41,-0.945518575599317,0.3255681544571563,18.2,70,0.0,7.1,-0.984807753012208,-0.1736481776669303,0.1999999999999993,open-meteo,2026-08-08T09:50:27+00:00
2026-05-31 02:00:00+00:00,FR,load,17.8,77,0.0,5.86,-0.7880107536067218,0.6156614753256585,18.3,74,0.0,3.74,0.1045284632676537,-0.9945218953682732,17.0,85,0.0,6.64,-0.9271838545667874,0.3746065934159119,17.8,79,0.0,6.1,-0.9781476007338056,-0.2079116908177598,0.2749999999999986,open-meteo,2026-08-08T10:03:04+00:00
2026-05-31 03:00:00+00:00,FR,load,17.0,69,0.0,5.75,-0.6946583704589976,0.7193398003386509,17.4,78,0.0,1.67,1.2246467991473532e-16,-1.0,16.9,85,0.0,6.59,-0.8660254037844386,0.5000000000000001,17.8,58,0.0,6.2,-0.9335804264972016,-0.3583679495453007,0.7250000000000014,open-meteo,2026-08-08T10:03:04+00:00
2026-05-31 04:00:00+00:00,FR,load,15.8,72,0.0,6.52,-0.8386705679454243,0.5446390350150266,17.3,79,0.0,1.01,0.484809620246337,0.8746197071393957,16.9,86,0.0,6.49,-0.9063077870366498,0.4226182617406996,16.2,73,1.0,6.4,-0.9743700647852352,-0.2249510543438652,1.4499999999999993,open-meteo,2026-08-08T10:03:04+00:00
2026-05-31 05:00:00+00:00,FR,load,15.4,70,30.0,6.27,-0.8910065241883679,0.4539904997395466,16.9,84,37.0,5.49,0.2756373558169991,0.9612616959383188,17.0,87,7.0,5.13,-0.9743700647852352,0.2249510543438649,16.4,77,50.0,6.7,-0.9702957262759964,-0.2419218955996677,1.5750000000000028,open-meteo,2026-08-08T10:03:04+00:00
2026-05-31 06:00:00+00:00,FR,load,16.3,68,97.0,5.66,-0.9702957262759966,0.2419218955996674,20.1,73,163.0,7.56,0.0697564737441253,0.9975640502598242,17.1,86,49.0,5.16,-0.9702957262759966,0.2419218955996674,17.3,77,120.0,6.6,-0.961261695938319,-0.2756373558169989,0.2999999999999971,open-meteo,2026-08-08T10:03:04+00:00
2026-05-31 07:00:00+00:00,FR,load,17.0,70,243.0,5.96,-0.9702957262759966,0.2419218955996674,21.4,79,329.0,7.22,0.1391731009600654,0.9902680687415704,17.6,81,182.0,4.69,-0.981627183447664,0.1908089953765451,17.9,71,236.0,6.7,-0.9396926207859084,-0.3420201433256685,0.4750000000000014,open-meteo,2026-08-08T09:50:27+00:00
2026-05-31 08:00:00+00:00,FR,load,17.9,70,356.0,5.83,-0.9563047559630354,0.2923717047227367,22.7,72,499.0,7.94,-0.0174524064372835,0.9998476951563912,18.3,78,310.0,4.75,-0.9902680687415704,0.1391731009600654,19.2,61,203.0,6.4,-0.9902680687415704,-0.1391731009600658,1.5249999999999986,open-meteo,2026-08-08T10:03:04+00:00
2026-05-31 09:00:00+00:00,FR,load,19.9,59,512.0,5.71,-0.9271838545667874,0.3746065934159119,24.4,64,600.0,6.58,-0.0523359562429443,0.9986295347545738,19.5,74,361.0,4.63,-0.9743700647852352,0.2249510543438649,19.5,61,372.0,6.3,-0.992546151641322,-0.1218693434051471,2.825,open-meteo,2026-08-08T10:03:04+00:00
2026-05-31 10:00:00+00:00,FR,load,20.4,52,487.0,6.14,-0.9396926207859084,0.342020143325669,25.6,59,768.0,5.8,0.0871557427476581,0.9961946980917455,21.1,67,604.0,4.63,-0.9743700647852352,0.2249510543438649,19.5,61,208.0,6.7,-0.9998476951563912,-0.0174524064372834,3.649999999999999,open-meteo,2026-08-08T10:03:04+00:00
2026-05-31 11:00:00+00:00,FR,load,20.8,57,433.0,6.45,-0.9396926207859084,0.342020143325669,26.0,54,714.0,5.91,0.1045284632676534,0.9945218953682732,22.4,60,642.0,4.97,-0.9271838545667874,0.3746065934159119,20.1,57,276.0,6.3,-0.984807753012208,-0.1736481776669303,4.324999999999996,open-meteo,2026-08-08T09:50:27+00:00
2026-05-31 12:00:00+00:00,FR,load,21.1,50,366.0,4.67,-0.984807753012208,0.1736481776669299,26.6,52,767.0,6.48,-0.0523359562429443,0.9986295347545738,21.5,66,631.0,6.43,-0.7880107536067218,0.6156614753256585,18.8,64,135.0,7.9,-0.9702957262759964,-0.2419218955996677,4.0,open-meteo,2026-08-08T09:50:27+00:00
2026-05-31 13:00:00+00:00,FR,load,21.5,45,383.0,6.15,-0.9702957262759966,0.2419218955996674,27.1,49,783.0,6.58,-0.0523359562429443,0.9986295347545738,22.2,63,499.0,6.9,-0.7771459614569708,0.6293203910498375,19.1,62,120.0,7.1,-0.992546151641322,-0.1218693434051471,4.475000000000001,open-meteo,2026-08-08T09:50:27+00:00
2026-05-31 14:00:00+00:00,FR,load,21.3,43,383.0,5.27,-0.984807753012208,0.1736481776669299,26.8,52,663.0,7.56,0.0697564737441253,0.9975640502598242,22.5,63,558.0,6.8,-0.6560590289905074,0.7547095802227719,19.0,72,146.0,7.0,-0.9945218953682734,-0.1045284632676533,4.399999999999999,open-meteo,2026-08-08T10:03:04+00:00
2026-05-31 15:00:00+00:00,FR,load,20.8,58,303.0,6.46,-0.9702957262759966,0.2419218955996674,25.7,59,531.0,6.88,-0.0871557427476583,0.9961946980917455,21.4,68,429.0,6.64,-0.7986355100472932,0.6018150231520479,17.7,86,121.0,4.9,-0.9659258262890684,-0.2588190451025206,3.400000000000002,open-meteo,2026-08-08T10:03:04+00:00
2026-05-31 16:00:00+00:00,FR,load,21.5,56,419.0,6.23,-0.9902680687415704,0.1391731009600654,25.0,58,380.0,8.24,-0.0523359562429443,0.9986295347545738,21.5,67,297.0,6.74,-0.7547095802227722,0.656059028990507,19.1,75,152.0,6.1,-0.961261695938319,-0.2756373558169989,3.774999999999999,open-meteo,2026-08-08T10:03:04+00:00
2026-05-31 17:00:00+00:00,FR,load,21.7,55,285.0,7.93,-0.898794046299167,0.4383711467890774,24.2,57,303.0,9.68,-0.1908089953765446,0.981627183447664,21.1,69,224.0,6.4,-0.8910065241883679,0.4539904997395466,19.6,70,109.0,8.1,-0.9455185755993168,-0.3255681544571566,3.649999999999999,open-meteo,2026-08-08T09:50:27+00:00
2026-05-31 18:00:00+00:00,FR,load,20.9,58,175.0,4.96,-0.9510565162951536,0.3090169943749472,22.7,62,202.0,8.85,-0.0871557427476583,0.9961946980917455,20.7,72,151.0,5.92,-0.8910065241883679,0.4539904997395466,19.4,66,220.0,7.5,-0.9271838545667872,-0.3746065934159123,2.924999999999997,open-meteo,2026-08-08T09:50:27+00:00
2026-05-31 19:00:00+00:00,FR,load,20.3,59,96.0,6.86,-0.9271838545667874,0.3746065934159119,21.3,65,43.0,8.46,-0.0871557427476583,0.9961946980917455,19.7,76,56.0,5.68,-0.9335804264972016,0.3583679495453004,18.2,70,75.0,6.9,-0.9510565162951536,-0.3090169943749475,1.875,open-meteo,2026-08-08T09:50:27+00:00
2026-05-31 20:00:00+00:00,FR,load,18.7,69,9.0,6.25,-0.5735764363510465,0.8191520442889916,20.1,70,1.0,8.92,-0.0523359562429443,0.9986295347545738,18.5,79,3.0,5.82,-0.9743700647852352,0.2249510543438649,17.1,74,10.0,6.7,-0.9563047559630352,-0.2923717047227371,0.6000000000000014,open-meteo,2026-08-08T10:03:04+00:00
2026-05-31 21:00:00+00:00,FR,load,18.0,72,0.0,4.84,-0.5877852522924734,0.8090169943749473,19.8,69,0.0,7.28,-0.0871557427476583,0.9961946980917455,17.6,81,0.0,6.47,-0.9986295347545738,0.0523359562429439,15.5,79,0.0,6.1,-0.9510565162951536,-0.3090169943749475,0.2749999999999986,open-meteo,2026-08-08T10:03:04+00:00
2026-05-31 22:00:00+00:00,FR,load,17.3,76,0.0,5.21,-0.6560590289905074,0.7547095802227719,18.4,76,0.0,6.86,0.0174524064372835,0.9998476951563912,17.3,85,0.0,6.58,-0.9975640502598244,0.0697564737441252,15.6,79,0.0,5.8,-0.9743700647852352,-0.2249510543438652,0.8500000000000014,open-meteo,2026-08-08T09:50:27+00:00
2026-05-31 23:00:00+00:00,FR,load,16.0,79,0.0,5.29,-0.6293203910498378,0.7771459614569706,17.3,82,0.0,6.68,0.0697564737441253,0.9975640502598242,17.0,87,0.0,6.78,-0.981627183447664,0.1908089953765451,14.7,86,0.0,6.0,-0.9205048534524404,-0.3907311284892738,1.75,open-meteo,2026-08-08T09:50:27+00:00
2026-06-01 00:00:00+00:00,FR,load,14.8,81,0.0,5.56,-0.7547095802227722,0.656059028990507,16.9,86,0.0,6.32,-0.1218693434051472,0.992546151641322,16.8,85,0.0,6.86,-0.984807753012208,0.1736481776669299,12.7,96,0.0,6.1,-0.9335804264972016,-0.3583679495453007,2.7,open-meteo,2026-08-08T10:03:04+00:00
2026-06-01 01:00:00+00:00,FR,load,14.0,85,0.0,5.55,-0.7431448254773946,0.6691306063588578,16.3,86,0.0,6.99,-0.1045284632676534,0.9945218953682732,16.7,84,0.0,6.19,-0.981627183447664,0.1908089953765451,13.4,92,0.0,5.3,-0.913545457642601,-0.4067366430758001,2.9000000000000004,open-meteo,2026-08-08T09:50:27+00:00
2026-06-01 02:00:00+00:00,FR,load,13.2,86,0.0,4.38,-0.7660444431189781,0.6427876096865393,15.7,82,0.0,6.47,0.0348994967025009,0.9993908270190958,16.4,85,0.0,5.59,-0.9659258262890684,0.2588190451025203,14.4,90,0.0,5.4,-0.9455185755993168,-0.3255681544571566,3.075000000000001,open-meteo,2026-08-08T10:03:04+00:00
2026-06-01 03:00:00+00:00,FR,load,12.4,89,0.0,3.92,-0.8480480961564262,0.5299192642332047,15.2,85,0.0,6.88,0.1908089953765448,0.981627183447664,16.4,84,0.0,5.0,-0.8829475928589271,0.4694715627858904,12.2,98,0.0,7.1,-0.9702957262759964,-0.2419218955996677,3.9499999999999993,open-meteo,2026-08-08T10:03:04+00:00
2026-06-01 04:00:00+00:00,FR,load,11.9,91,0.0,3.53,-0.8290375725550416,0.559192903470747,15.0,82,0.0,7.49,0.1908089953765448,0.981627183447664,16.1,85,0.0,4.57,-0.8191520442889918,0.573576436351046,14.1,93,1.0,5.1,-0.981627183447664,-0.1908089953765446,3.725,open-meteo,2026-08-08T09:50:27+00:00
2026-06-01 05:00:00+00:00,FR,load,12.4,90,40.0,3.51,-0.8090169943749476,0.5877852522924729,15.2,79,38.0,7.93,0.3090169943749474,0.9510565162951536,15.9,87,13.0,4.18,-0.7771459614569708,0.6293203910498375,13.5,95,53.0,5.1,-0.9961946980917455,-0.0871557427476582,3.75,open-meteo,2026-08-08T09:50:27+00:00
2026-06-01 06:00:00+00:00,FR,load,14.4,84,131.0,2.54,-0.8829475928589271,0.4694715627858904,16.0,75,162.0,6.92,0.2756373558169991,0.9612616959383188,16.3,87,116.0,2.91,-0.9396926207859084,0.342020143325669,15.6,82,183.0,4.3,-0.9986295347545738,0.0523359562429439,2.424999999999999,open-meteo,2026-08-08T09:50:27+00:00
2026-06-01 07:00:00+00:00,FR,load,16.1,76,327.0,0.75,-0.9205048534524404,0.3907311284892735,17.5,68,311.0,6.07,0.1736481776669303,0.984807753012208,17.5,83,291.0,2.38,-0.9876883405951378,0.1564344650402306,17.2,69,303.0,4.2,-0.992546151641322,0.1218693434051476,0.9250000000000008,open-meteo,2026-08-08T09:50:27+00:00
2026-06-01 08:00:00+00:00,FR,load,17.5,72,464.0,0.63,-0.7771459614569706,-0.6293203910498378,19.0,63,486.0,7.1,0.1045284632676534,0.9945218953682732,18.9,79,474.0,2.29,-0.9396926207859084,0.342020143325669,18.5,63,452.0,4.2,-0.9986295347545738,-0.0523359562429443,0.4750000000000014,open-meteo,2026-08-08T09:50:27+00:00
2026-06-01 09:00:00+00:00,FR,load,19.7,58,557.0,1.37,1.2246467991473532e-16,-1.0,20.6,55,622.0,7.77,0.0871557427476581,0.9961946980917455,20.8,72,637.0,2.45,-0.7986355100472932,0.6018150231520479,19.8,59,600.0,3.4,-0.9781476007338056,-0.2079116908177598,2.224999999999998,open-meteo,2026-08-08T09:50:27+00:00
2026-06-01 10:00:00+00:00,FR,load,21.2,55,680.0,2.63,-0.4539904997395467,-0.8910065241883679,21.7,50,728.0,8.94,-0.0697564737441256,0.9975640502598242,22.2,63,736.0,2.53,-0.5877852522924734,0.8090169943749473,20.9,56,681.0,3.8,-0.874619707139396,-0.4848096202463368,3.5,open-meteo,2026-08-08T10:03:04+00:00
2026-06-01 11:00:00+00:00,FR,load,22.4,51,775.0,2.98,-0.7193398003386512,-0.6946583704589973,22.8,45,819.0,8.53,-0.0348994967025008,0.9993908270190958,23.4,56,739.0,2.59,-0.4226182617406992,0.90630778703665,21.5,53,765.0,3.7,-0.9205048534524404,-0.3907311284892738,4.524999999999999,open-meteo,2026-08-08T09:50:27+00:00
2026-06-01 12:00:00+00:00,FR,load,23.1,50,807.0,4.12,-0.90630778703665,-0.4226182617406991,23.4,44,892.0,8.06,-0.0697564737441256,0.9975640502598242,25.1,51,856.0,3.13,-0.3420201433256686,0.9396926207859084,22.2,49,731.0,4.2,-0.9335804264972016,-0.3583679495453007,5.449999999999999,open-meteo,2026-08-08T09:50:27+00:00
2026-06-01 13:00:00+00:00,FR,load,23.9,46,699.0,3.16,-0.961261695938319,-0.2756373558169989,23.9,41,897.0,7.74,-2.4492935982947064e-16,1.0,25.7,50,903.0,3.07,-0.3746065934159123,0.9271838545667872,23.4,47,799.0,4.2,-0.7431448254773944,-0.6691306063588581,6.225000000000001,open-meteo,2026-08-08T09:50:27+00:00
2026-06-01 14:00:00+00:00,FR,load,24.5,41,700.0,1.9,-0.2079116908177595,-0.9781476007338056,24.5,36,835.0,6.97,-0.0697564737441256,0.9975640502598242,26.1,49,806.0,2.46,-0.3907311284892739,0.9205048534524404,23.4,44,740.0,4.0,-0.7431448254773944,-0.6691306063588581,6.625,open-meteo,2026-08-08T10:03:04+00:00
2026-06-01 15:00:00+00:00,FR,load,24.6,44,609.0,3.4,-0.6946583704589974,-0.7193398003386511,24.4,32,717.0,7.36,-0.0523359562429443,0.9986295347545738,25.9,49,736.0,2.32,-0.4694715627858908,0.882947592858927,23.6,46,700.0,4.5,-0.7071067811865475,-0.7071067811865477,6.625,open-meteo,2026-08-08T10:03:04+00:00
2026-06-01 16:00:00+00:00,FR,load,24.8,41,581.0,3.28,-0.2923717047227367,-0.9563047559630354,24.1,35,575.0,6.59,0.0871557427476581,0.9961946980917455,25.9,50,551.0,1.98,-0.544639035015027,0.838670567945424,24.0,43,542.0,5.0,-0.7771459614569706,-0.6293203910498378,6.700000000000003,open-meteo,2026-08-08T09:50:27+00:00
2026-06-01 17:00:00+00:00,FR,load,24.3,43,417.0,3.98,-0.7880107536067221,-0.6156614753256581,23.5,37,398.0,6.29,0.3090169943749474,0.9510565162951536,25.5,50,402.0,2.23,-0.6156614753256582,0.7880107536067221,23.6,42,398.0,5.7,-0.7660444431189779,-0.6427876096865395,6.225000000000001,open-meteo,2026-08-08T09:50:27+00:00
2026-06-01 18:00:00+00:00,FR,load,23.5,48,246.0,4.27,-0.7986355100472928,-0.6018150231520483,22.4,41,219.0,6.02,0.374606593415912,0.9271838545667874,25.1,52,230.0,3.45,-0.5735764363510465,0.8191520442889916,22.6,50,234.0,4.2,-0.9563047559630352,-0.2923717047227371,5.399999999999999,open-meteo,2026-08-08T10:03:04+00:00
2026-06-01 19:00:00+00:00,FR,load,22.1,58,100.0,3.12,-0.754709580222772,-0.6560590289905073,20.5,46,66.0,6.31,0.6819983600624985,0.7313537016191705,23.2,60,84.0,4.62,-0.5877852522924734,0.8090169943749473,20.6,65,66.0,3.1,-0.9781476007338056,0.2079116908177594,3.6000000000000014,open-meteo,2026-08-08T10:03:04+00:00
2026-06-01 20:00:00+00:00,FR,load,21.0,64,12.0,2.11,-0.374606593415912,-0.9271838545667874,18.9,46,1.0,6.45,0.8660254037844386,0.5000000000000001,21.4,67,4.0,4.58,-0.6691306063588581,0.7431448254773944,19.0,68,20.0,0.8,-0.6946583704589974,-0.7193398003386511,2.075,open-meteo,2026-08-08T09:50:27+00:00
2026-06-01 21:00:00+00:00,FR,load,19.6,72,0.0,3.14,-0.2419218955996675,-0.9702957262759964,17.8,49,0.0,5.23,0.788010753606722,0.6156614753256583,20.5,69,0.0,5.56,-0.7547095802227722,0.656059028990507,17.9,77,0.0,0.9,0.9961946980917455,0.0871557427476581,0.9500000000000028,open-meteo,2026-08-08T09:50:27+00:00
2026-06-01 22:00:00+00:00,FR,load,19.0,73,0.0,3.42,-0.4539904997395467,-0.8910065241883679,17.0,51,0.0,2.01,0.7313537016191705,0.6819983600624985,19.7,72,0.0,4.32,-0.8386705679454243,0.5446390350150266,18.4,68,0.0,2.7,0.9205048534524404,0.3907311284892737,0.5249999999999986,open-meteo,2026-08-08T09:50:27+00:00
2026-06-01 23:00:00+00:00,FR,load,18.0,79,0.0,4.29,-0.8910065241883678,-0.4539904997395469,16.3,57,0.0,1.29,-0.1564344650402311,0.9876883405951375,19.0,75,0.0,3.46,-0.9063077870366498,0.4226182617406996,16.8,75,0.0,1.3,0.484809620246337,0.8746197071393957,0.4750000000000014,open-meteo,2026-08-08T09:50:27+00:00
2026-06-02 00:00:00+00:00,FR,load,18.0,81,0.0,3.32,-0.8290375725550418,-0.5591929034707466,15.9,60,0.0,1.12,-0.2588190451025207,0.9659258262890684,18.3,77,0.0,2.6,-0.9396926207859084,0.342020143325669,16.8,81,0.0,3.5,0.529919264233205,-0.848048096156426,0.75,open-meteo,2026-08-08T09:50:27+00:00
2026-06-02 01:00:00+00:00,FR,load,17.4,84,0.0,6.03,-0.848048096156426,-0.529919264233205,16.0,61,0.0,1.27,-0.9205048534524404,0.3907311284892735,18.0,78,0.0,2.05,-0.9563047559630354,0.2923717047227367,17.3,87,0.0,4.9,0.2249510543438652,-0.9743700647852352,0.8249999999999993,open-meteo,2026-08-08T09:50:27+00:00
2026-06-02 02:00:00+00:00,FR,load,17.5,78,0.0,8.01,-0.9659258262890684,-0.2588190451025206,16.7,56,0.0,1.14,-0.8571673007021121,-0.5150380749100544,17.3,81,0.0,1.67,-0.9986295347545738,-0.0523359562429443,17.5,67,0.0,6.4,0.1218693434051475,-0.992546151641322,0.75,open-meteo,2026-08-08T09:50:27+00:00
2026-06-02 03:00:00+00:00,FR,load,16.9,79,0.0,6.79,-0.9396926207859084,-0.3420201433256685,15.3,56,0.0,1.36,0.3583679495453002,-0.9335804264972016,16.6,84,0.0,2.11,-0.9271838545667874,0.3746065934159119,16.4,92,0.0,4.3,0.3583679495453002,-0.9335804264972016,1.6999999999999993,open-meteo,2026-08-08T09:50:27+00:00
2026-06-02 04:00:00+00:00,FR,load,16.4,79,0.0,8.11,-0.6946583704589974,-0.7193398003386511,14.3,62,0.0,2.08,-0.3255681544571567,-0.9455185755993168,16.5,86,0.0,3.32,-0.8290375725550416,0.559192903470747,16.8,84,0.0,5.3,-0.0523359562429435,-0.9986295347545738,2.0,open-meteo,2026-08-08T10:03:04+00:00
2026-06-02 05:00:00+00:00,FR,load,15.8,84,19.0,7.12,-0.7880107536067221,-0.6156614753256581,14.4,69,39.0,2.65,0.0697564737441255,-0.9975640502598242,17.2,85,12.0,4.65,-0.9510565162951536,0.3090169943749472,17.0,77,12.0,5.1,0.0348994967025011,-0.9993908270190958,1.8999999999999984,open-meteo,2026-08-08T10:03:04+00:00
2026-06-02 06:00:00+00:00,FR,load,16.4,86,50.0,5.37,-0.6156614753256582,-0.788010753606722,16.6,75,171.0,3.19,0.1908089953765449,-0.981627183447664,17.8,83,72.0,6.58,-0.9986295347545738,0.0523359562429439,16.9,94,14.0,5.0,-0.0523359562429435,-0.9986295347545738,1.0750000000000028,open-meteo,2026-08-08T09:50:27+00:00
2026-06-02 07:00:00+00:00,FR,load,17.0,84,154.0,6.89,-0.1045284632676535,-0.9945218953682732,18.6,67,263.0,3.64,-0.0871557427476579,-0.9961946980917455,18.1,85,190.0,6.5,-0.9945218953682734,0.1045284632676529,17.9,85,62.0,4.9,-0.5000000000000001,-0.8660254037844386,0.1000000000000014,open-meteo,2026-08-08T10:03:04+00:00
2026-06-02 08:00:00+00:00,FR,load,16.6,84,138.0,9.3,-0.6691306063588582,-0.7431448254773942,19.9,62,384.0,3.34,-0.0871557427476579,-0.9961946980917455,18.2,85,201.0,6.91,-0.9335804264972016,0.3583679495453004,17.4,85,100.0,7.2,-0.3420201433256686,-0.9396926207859084,0.0249999999999985,open-meteo,2026-08-08T09:50:27+00:00
2026-06-02 09:00:00+00:00,FR,load,16.3,89,90.0,5.36,-0.6427876096865393,-0.766044443118978,21.7,56,449.0,5.28,-0.5150380749100542,-0.8571673007021123,19.2,80,211.0,8.12,-0.9205048534524404,0.3907311284892735,16.4,93,132.0,8.5,-0.7660444431189779,-0.6427876096865395,0.3999999999999986,open-meteo,2026-08-08T09:50:27+00:00
2026-06-02 10:00:00+00:00,FR,load,17.2,81,334.0,9.15,-0.6819983600624984,-0.7313537016191706,22.9,56,615.0,4.9,-0.6018150231520484,-0.7986355100472928,20.1,74,409.0,8.36,-0.984807753012208,0.1736481776669299,16.5,92,239.0,5.6,-0.5591929034707467,-0.8290375725550418,1.1749999999999972,open-meteo,2026-08-08T10:03:04+00:00
2026-06-02 11:00:00+00:00,FR,load,17.1,79,301.0,8.72,-0.8191520442889916,-0.5735764363510464,18.3,86,150.0,7.25,0.0348994967025011,-0.9993908270190958,20.7,63,585.0,7.84,-1.0,-1.8369701987210287e-16,17.5,81,299.0,6.2,-0.4694715627858908,-0.8829475928589269,0.4000000000000021,open-meteo,2026-08-08T09:50:27+00:00
2026-06-02 12:00:00+00:00,FR,load,18.5,75,515.0,11.2,-0.9961946980917455,0.0871557427476578,19.6,84,409.0,7.35,0.3583679495453002,-0.9335804264972016,20.1,67,494.0,10.26,-0.992546151641322,0.1218693434051476,15.9,90,146.0,8.1,-0.7193398003386512,-0.6946583704589973,0.5250000000000021,open-meteo,2026-08-08T10:03:04+00:00
2026-06-02 13:00:00+00:00,FR,load,19.7,57,660.0,12.8,-0.9876883405951378,0.1564344650402306,20.7,66,753.0,7.45,0.0174524064372834,-0.9998476951563912,19.2,71,189.0,10.07,-0.981627183447664,0.1908089953765451,16.0,87,217.0,7.7,-0.8571673007021121,-0.5150380749100544,0.8999999999999986,open-meteo,2026-08-08T10:03:04+00:00
2026-06-02 14:00:00+00:00,FR,load,18.3,69,549.0,8.51,-0.9902680687415704,0.1391731009600654,19.7,78,367.0,7.41,-0.3420201433256686,-0.9396926207859084,20.1,64,235.0,11.71,-0.9702957262759966,0.2419218955996674,17.7,75,202.0,8.1,-0.8910065241883678,-0.4539904997395469,0.9499999999999992,open-meteo,2026-08-08T09:50:27+00:00
2026-06-02 15:00:00+00:00,FR,load,19.3,63,610.0,10.01,-0.9781476007338056,-0.2079116908177598,18.5,80,181.0,5.54,-0.7193398003386512,-0.6946583704589973,19.3,70,225.0,10.57,-0.9563047559630354,0.2923717047227367,17.8,71,528.0,9.5,-0.913545457642601,-0.4067366430758001,0.7249999999999979,open-meteo,2026-08-08T09:50:27+00:00
2026-06-02 16:00:00+00:00,FR,load,17.3,85,175.0,5.52,-0.8910065241883678,-0.4539904997395469,18.7,77,319.0,4.5,-0.6946583704589974,-0.7193398003386511,19.9,66,281.0,10.86,-0.9659258262890684,0.2588190451025203,18.2,66,503.0,11.1,-0.9510565162951536,-0.3090169943749475,0.5249999999999986,open-meteo,2026-08-08T10:03:04+00:00
2026-06-02 17:00:00+00:00,FR,load,17.9,80,239.0,5.86,-0.984807753012208,-0.1736481776669303,18.9,77,234.0,4.84,-0.5299192642332048,-0.8480480961564261,20.4,59,300.0,11.47,-0.9563047559630354,0.2923717047227367,17.7,68,365.0,10.1,-0.9205048534524404,-0.3907311284892738,0.7249999999999979,open-meteo,2026-08-08T10:03:04+00:00
2026-06-02 18:00:00+00:00,FR,load,17.4,82,123.0,6.87,-0.9986295347545738,0.0523359562429439,18.5,85,140.0,3.45,-0.2588190451025208,-0.9659258262890684,19.5,58,216.0,11.31,-0.9510565162951536,0.3090169943749472,16.3,76,267.0,10.3,-0.913545457642601,-0.4067366430758001,0.0749999999999992,open-meteo,2026-08-08T10:03:04+00:00
2026-06-02 19:00:00+00:00,FR,load,16.5,77,76.0,7.69,-0.981627183447664,0.1908089953765451,17.9,87,49.0,4.5,-0.7193398003386512,-0.6946583704589973,18.2,63,89.0,10.55,-0.9659258262890684,0.2588190451025203,15.9,71,85.0,10.5,-0.9510565162951536,-0.3090169943749475,0.875,open-meteo,2026-08-08T09:50:27+00:00
2026-06-02 20:00:00+00:00,FR,load,15.1,78,13.0,7.65,-0.9986295347545738,-0.0523359562429443,16.7,75,0.0,6.61,-0.529919264233205,0.8480480961564258,16.9,69,5.0,10.57,-0.981627183447664,0.1908089953765451,15.5,77,17.0,9.1,-0.8910065241883678,-0.4539904997395469,1.9500000000000028,open-meteo,2026-08-08T10:03:04+00:00
2026-06-02 21:00:00+00:00,FR,load,14.8,87,0.0,7.88,-0.9945218953682734,-0.1045284632676533,15.2,80,0.0,7.26,-0.1736481776669304,0.984807753012208,16.4,71,0.0,10.99,-0.9902680687415704,0.1391731009600654,13.7,86,0.0,8.9,-0.6819983600624984,-0.7313537016191706,2.9750000000000014,open-meteo,2026-08-08T09:50:27+00:00
2026-06-02 22:00:00+00:00,FR,load,14.2,82,0.0,8.9,-0.9902680687415704,-0.1391731009600658,14.8,78,0.0,8.65,-0.1736481776669304,0.984807753012208,15.7,74,0.0,10.11,-0.9781476007338056,0.2079116908177594,14.6,81,0.0,7.7,-0.913545457642601,-0.4067366430758001,3.174999999999999,open-meteo,2026-08-08T09:50:27+00:00
2026-06-02 23:00:00+00:00,FR,load,13.2,87,0.0,8.15,-0.9743700647852352,-0.2249510543438652,14.4,79,0.0,6.86,-0.0348994967025008,0.9993908270190958,15.0,78,0.0,9.38,-0.992546151641322,0.1218693434051476,14.3,94,0.0,7.3,-0.8090169943749473,-0.5877852522924732,3.774999999999999,open-meteo,2026-08-08T10:03:04+00:00
2026-06-03 00:00:00+00:00,FR,load,12.6,90,0.0,8.64,-0.9986295347545738,-0.0523359562429443,13.1,82,0.0,6.76,-0.0174524064372835,0.9998476951563912,14.6,79,0.0,8.84,-0.984807753012208,0.1736481776669299,13.5,97,0.0,7.4,-0.6156614753256582,-0.788010753606722,4.550000000000001,open-meteo,2026-08-08T09:50:27+00:00
2026-06-03 01:00:00+00:00,FR,load,12.7,90,0.0,6.94,-0.9743700647852352,-0.2249510543438652,12.3,83,0.0,6.83,0.1391731009600654,0.9902680687415704,14.2,82,0.0,8.91,-0.9902680687415704,0.1391731009600654,13.8,96,0.0,8.5,-0.9455185755993168,-0.3255681544571566,4.75,open-meteo,2026-08-08T09:50:27+00:00
2026-06-03 02:00:00+00:00,FR,load,12.4,91,0.0,6.8,-0.9659258262890684,-0.2588190451025206,11.8,84,0.0,7.16,0.0348994967025009,0.9993908270190958,13.7,85,0.0,9.03,-0.9743700647852352,0.2249510543438649,14.1,94,0.0,8.6,-0.90630778703665,-0.4226182617406991,4.999999999999998,open-meteo,2026-08-08T09:50:27+00:00
2026-06-03 03:00:00+00:00,FR,load,12.0,92,0.0,7.19,-0.9563047559630352,-0.2923717047227371,12.1,84,0.0,5.92,0.2079116908177593,0.9781476007338056,13.3,87,0.0,8.09,-0.981627183447664,0.1908089953765451,13.8,96,0.0,8.4,-0.8290375725550418,-0.5591929034707466,5.199999999999999,open-meteo,2026-08-08T09:50:27+00:00
2026-06-03 04:00:00+00:00,FR,load,12.6,92,0.0,7.93,-0.8987940462991668,-0.4383711467890777,11.8,85,0.0,6.46,0.2419218955996677,0.9702957262759964,12.9,88,0.0,7.46,-0.9975640502598244,0.0697564737441252,13.2,96,1.0,8.2,-0.874619707139396,-0.4848096202463368,5.375,open-meteo,2026-08-08T09:50:27+00:00
2026-06-03 05:00:00+00:00,FR,load,12.9,92,21.0,7.67,-0.90630778703665,-0.4226182617406991,12.0,87,39.0,6.33,0.374606593415912,0.9271838545667874,13.0,86,16.0,7.15,-0.9998476951563912,0.0174524064372831,13.7,94,10.0,8.1,-0.8090169943749473,-0.5877852522924732,5.100000000000001,open-meteo,2026-08-08T09:50:27+00:00
2026-06-03 06:00:00+00:00,FR,load,13.7,90,69.0,7.26,-0.848048096156426,-0.529919264233205,13.6,84,174.0,6.57,0.1736481776669303,0.984807753012208,14.1,85,133.0,5.79,-0.9986295347545738,0.0523359562429439,13.6,93,24.0,8.9,-0.848048096156426,-0.529919264233205,4.25,open-meteo,2026-08-08T09:50:27+00:00
2026-06-03 07:00:00+00:00,FR,load,14.4,83,203.0,7.31,-0.848048096156426,-0.529919264233205,14.7,76,346.0,6.96,0.1736481776669303,0.984807753012208,15.7,79,308.0,5.82,-0.992546151641322,0.1218693434051476,13.7,92,79.0,7.6,-0.7880107536067221,-0.6156614753256581,3.375,open-meteo,2026-08-08T10:03:04+00:00
2026-06-03 08:00:00+00:00,FR,load,15.1,80,265.0,7.46,-0.8660254037844384,-0.5000000000000004,15.7,67,501.0,6.91,-0.1218693434051472,0.992546151641322,17.1,70,472.0,6.61,-0.9781476007338056,0.2079116908177594,15.5,80,287.0,7.6,-0.7880107536067221,-0.6156614753256581,2.1500000000000004,open-meteo,2026-08-08T09:50:27+00:00
2026-06-03 09:00:00+00:00,FR,load,16.2,75,371.0,8.21,-0.8386705679454242,-0.544639035015027,16.8,62,574.0,6.66,0.0174524064372835,0.9998476951563912,18.2,64,553.0,6.48,-0.9396926207859084,0.342020143325669,15.8,78,419.0,8.1,-0.754709580222772,-0.6560590289905073,1.25,open-meteo,2026-08-08T09:50:27+00:00
2026-06-03 10:00:00+00:00,FR,load,17.1,72,433.0,8.95,-0.7986355100472928,-0.6018150231520483,17.7,57,639.0,6.08,-0.0523359562429443,0.9986295347545738,19.2,59,650.0,6.53,-0.898794046299167,0.4383711467890774,16.0,75,382.0,7.3,-0.4539904997395467,-0.8910065241883679,0.5,open-meteo,2026-08-08T10:03:04+00:00
2026-06-03 11:00:00+00:00,FR,load,17.8,67,568.0,9.44,-0.7986355100472928,-0.6018150231520483,18.8,54,727.0,5.69,-0.0348994967025008,0.9993908270190958,20.3,54,740.0,6.39,-0.8480480961564262,0.5299192642332047,15.4,81,118.0,7.9,-0.4067366430758002,-0.9135454576426008,0.0750000000000028,open-meteo,2026-08-08T09:50:27+00:00
2026-06-03 12:00:00+00:00,FR,load,18.9,62,699.0,9.01,-0.7071067811865475,-0.7071067811865477,19.3,52,699.0,5.39,0.0348994967025009,0.9993908270190958,21.5,51,869.0,6.37,-0.7986355100472932,0.6018150231520479,16.2,77,153.0,10.0,-0.3907311284892735,-0.9205048534524404,0.9750000000000014,open-meteo,2026-08-08T09:50:27+00:00
2026-06-03 13:00:00+00:00,FR,load,17.8,68,191.0,10.52,-0.5591929034707467,-0.8290375725550418,20.1,48,704.0,5.29,-0.0348994967025008,0.9993908270190958,22.6,47,885.0,5.97,-0.7547095802227722,0.656059028990507,17.0,73,397.0,8.8,-0.3583679495453004,-0.9335804264972016,1.375,open-meteo,2026-08-08T09:50:27+00:00
2026-06-03 14:00:00+00:00,FR,load,18.3,70,288.0,10.15,-0.6018150231520484,-0.7986355100472928,20.3,49,732.0,5.02,0.2923717047227367,0.9563047559630354,23.2,44,879.0,5.6,-0.8386705679454243,0.5446390350150266,15.4,87,25.0,8.5,-0.4383711467890774,-0.8987940462991669,1.3000000000000007,open-meteo,2026-08-08T09:50:27+00:00
2026-06-03 15:00:00+00:00,FR,load,18.5,72,159.0,10.74,-0.4226182617406993,-0.90630778703665,20.5,44,638.0,4.49,0.5877852522924731,0.8090169943749475,23.0,45,764.0,4.78,-0.898794046299167,0.4383711467890774,14.8,88,7.0,11.3,-0.1218693434051473,-0.992546151641322,1.1999999999999993,open-meteo,2026-08-08T09:50:27+00:00
2026-06-03 16:00:00+00:00,FR,load,18.5,66,134.0,13.53,-0.5591929034707467,-0.8290375725550418,20.5,45,565.0,3.59,0.573576436351046,0.8191520442889918,23.2,46,607.0,4.51,-0.8910065241883679,0.4539904997395466,14.5,93,17.0,11.1,1.2246467991473532e-16,-1.0,1.1750000000000007,open-meteo,2026-08-08T09:50:27+00:00
2026-06-03 17:00:00+00:00,FR,load,18.5,69,205.0,12.24,-0.4848096202463369,-0.8746197071393959,20.1,47,382.0,4.04,0.7771459614569709,0.6293203910498374,23.1,46,418.0,5.37,-0.9335804264972016,0.3583679495453004,14.9,93,6.0,11.5,-0.0697564737441252,-0.9975640502598242,1.150000000000002,open-meteo,2026-08-08T09:50:27+00:00
2026-06-03 18:00:00+00:00,FR,load,18.1,75,100.0,13.01,-0.5150380749100542,-0.8571673007021123,19.4,49,211.0,4.1,0.6427876096865393,0.766044443118978,22.3,49,235.0,7.23,-0.8829475928589271,0.4694715627858904,15.1,94,5.0,11.8,-0.0697564737441252,-0.9975640502598242,0.7249999999999979,open-meteo,2026-08-08T09:50:27+00:00
2026-06-03 19:00:00+00:00,FR,load,17.8,80,46.0,11.41,-0.5446390350150271,-0.838670567945424,18.0,52,58.0,5.42,0.9945218953682732,0.1045284632676534,20.9,53,80.0,6.66,-0.8829475928589271,0.4694715627858904,15.8,94,6.0,12.4,-0.3420201433256686,-0.9396926207859084,0.125,open-meteo,2026-08-08T09:50:27+00:00
2026-06-03 20:00:00+00:00,FR,load,17.3,84,5.0,10.82,-0.5735764363510462,-0.8191520442889918,16.3,58,2.0,3.69,0.981627183447664,0.1908089953765449,19.4,60,5.0,5.08,-0.945518575599317,0.3255681544571563,15.5,95,1.0,11.3,-0.981627183447664,-0.1908089953765446,0.875,open-meteo,2026-08-08T10:03:04+00:00
2026-06-03 21:00:00+00:00,FR,load,17.2,87,0.0,12.55,-0.7313537016191703,-0.6819983600624986,15.3,64,0.0,1.36,0.8660254037844386,0.5000000000000001,17.9,66,0.0,3.61,-0.9743700647852352,0.2249510543438649,14.6,93,0.0,7.5,-0.6018150231520484,-0.7986355100472928,1.75,open-meteo,2026-08-08T09:50:27+00:00
2026-06-03 22:00:00+00:00,FR,load,16.5,77,0.0,13.3,-0.7986355100472928,-0.6018150231520483,14.7,64,0.0,1.18,1.0,6.123233995736766e-17,17.3,69,0.0,2.67,-0.9902680687415704,0.1391731009600654,13.8,93,0.0,8.3,-0.6156614753256582,-0.788010753606722,2.4250000000000007,open-meteo,2026-08-08T09:50:27+00:00
2026-06-03 23:00:00+00:00,FR,load,15.7,77,0.0,11.23,-0.848048096156426,-0.529919264233205,14.4,64,0.0,0.44,-0.4539904997395467,-0.8910065241883679,16.8,72,0.0,2.26,-0.9993908270190958,-0.0348994967025007,13.6,93,0.0,8.5,-0.374606593415912,-0.9271838545667874,2.8749999999999982,open-meteo,2026-08-08T09:50:27+00:00
2026-06-04 00:00:00+00:00,FR,load,15.4,82,0.0,10.35,-0.7986355100472928,-0.6018150231520483,14.3,63,0.0,1.46,-0.7431448254773944,-0.6691306063588581,16.6,75,0.0,1.89,-0.9335804264972016,0.3583679495453004,14.0,94,0.0,9.3,-0.5591929034707467,-0.8290375725550418,2.924999999999999,open-meteo,2026-08-08T09:50:27+00:00
2026-06-04 01:00:00+00:00,FR,load,14.7,79,0.0,9.38,-0.7660444431189779,-0.6427876096865395,14.6,63,0.0,1.94,-0.754709580222772,-0.6560590289905073,16.6,74,0.0,1.9,-0.8191520442889918,0.573576436351046,14.3,96,0.0,7.9,-0.5446390350150271,-0.838670567945424,2.95,open-meteo,2026-08-08T09:50:27+00:00
2026-06-04 02:00:00+00:00,FR,load,14.4,81,0.0,9.44,-0.6018150231520484,-0.7986355100472928,14.5,65,0.0,2.32,-0.882947592858927,-0.4694715627858907,16.4,74,0.0,1.46,-0.9396926207859084,0.342020143325669,14.1,92,0.0,8.0,-0.6691306063588582,-0.7431448254773942,3.1500000000000004,open-meteo,2026-08-08T09:50:27+00:00
2026-06-04 03:00:00+00:00,FR,load,14.5,88,0.0,8.37,-0.5446390350150271,-0.838670567945424,14.5,66,0.0,2.37,-0.913545457642601,-0.4067366430758001,15.8,77,0.0,1.4,-0.9781476007338056,0.2079116908177594,13.8,94,0.0,9.6,-0.5000000000000001,-0.8660254037844386,3.3500000000000014,open-meteo,2026-08-08T09:50:27+00:00
2026-06-04 04:00:00+00:00,FR,load,14.6,88,0.0,9.78,-0.5446390350150271,-0.838670567945424,14.8,63,0.0,1.15,-0.3420201433256686,-0.9396926207859084,15.6,79,0.0,1.89,-0.9335804264972016,0.3583679495453004,14.0,93,1.0,10.3,-0.3255681544571567,-0.9455185755993168,3.25,open-meteo,2026-08-08T09:50:27+00:00
2026-06-04 05:00:00+00:00,FR,load,14.7,87,9.0,10.61,-0.4848096202463369,-0.8746197071393959,13.8,73,31.0,2.37,-0.4067366430758002,-0.9135454576426008,15.5,82,15.0,2.09,-0.981627183447664,0.1908089953765451,13.8,93,5.0,10.8,-0.2419218955996675,-0.9702957262759964,3.5500000000000007,open-meteo,2026-08-08T10:03:04+00:00
2026-06-04 06:00:00+00:00,FR,load,14.8,88,29.0,11.4,-0.6018150231520484,-0.7986355100472928,15.6,72,138.0,3.33,1.2246467991473532e-16,-1.0,16.6,84,109.0,2.33,-0.9659258262890684,-0.2588190451025206,14.0,92,31.0,9.9,-0.3907311284892735,-0.9205048534524404,2.75,open-meteo,2026-08-08T09:50:27+00:00
2026-06-04 07:00:00+00:00,FR,load,15.1,85,115.0,11.92,-0.6946583704589974,-0.7193398003386511,17.2,64,254.0,4.28,0.2756373558169992,-0.9612616959383188,18.5,75,256.0,2.37,-0.913545457642601,-0.4067366430758001,14.8,90,89.0,10.2,-0.4067366430758002,-0.9135454576426008,1.6000000000000014,open-meteo,2026-08-08T09:50:27+00:00
2026-06-04 08:00:00+00:00,FR,load,15.2,83,158.0,11.71,-0.7771459614569706,-0.6293203910498378,18.4,59,382.0,6.08,0.0174524064372834,-0.9998476951563912,19.1,72,340.0,3.27,-0.9876883405951378,0.1564344650402306,15.0,87,129.0,10.0,-0.5735764363510462,-0.8191520442889918,1.0750000000000028,open-meteo,2026-08-08T09:50:27+00:00
2026-06-04 09:00:00+00:00,FR,load,15.9,81,305.0,10.62,-0.7880107536067221,-0.6156614753256581,17.9,67,502.0,3.13,-0.5299192642332048,-0.8480480961564261,18.9,73,349.0,6.22,-0.8829475928589271,0.4694715627858904,16.0,82,153.0,9.4,-0.5299192642332048,-0.8480480961564261,0.8250000000000028,open-meteo,2026-08-08T09:50:27+00:00
2026-06-04 10:00:00+00:00,FR,load,16.8,76,373.0,10.62,-0.8660254037844384,-0.5000000000000004,16.1,87,118.0,1.39,-0.7071067811865477,0.7071067811865474,18.4,76,243.0,8.08,-0.8571673007021123,0.5150380749100542,17.0,71,361.0,11.3,-0.7986355100472928,-0.6018150231520483,0.9249999999999972,open-meteo,2026-08-08T09:50:27+00:00
2026-06-04 11:00:00+00:00,FR,load,17.4,69,372.0,11.51,-0.8571673007021121,-0.5150380749100544,15.9,91,128.0,2.9,-0.2079116908177598,0.9781476007338056,16.9,76,86.0,8.41,-0.8090169943749476,0.5877852522924729,16.4,77,396.0,10.3,-0.5735764363510462,-0.8191520442889918,1.3500000000000014,open-meteo,2026-08-08T10:03:04+00:00
2026-06-04 12:00:00+00:00,FR,load,18.7,59,623.0,13.07,-0.913545457642601,-0.4067366430758001,13.9,83,91.0,7.19,0.4067366430758002,0.9135454576426008,15.7,88,89.0,7.29,-0.7547095802227722,0.656059028990507,14.8,90,317.0,10.8,-0.882947592858927,-0.4694715627858907,2.2250000000000014,open-meteo,2026-08-08T09:50:27+00:00
2026-06-04 13:00:00+00:00,FR,load,19.0,59,644.0,12.78,-0.8090169943749473,-0.5877852522924732,13.5,84,123.0,6.1,0.7071067811865475,0.7071067811865476,15.6,89,88.0,5.34,-0.7313537016191703,0.6819983600624987,15.6,85,245.0,10.2,-0.6946583704589974,-0.7193398003386511,2.075,open-meteo,2026-08-08T09:50:27+00:00
2026-06-04 14:00:00+00:00,FR,load,19.1,56,661.0,13.18,-0.8386705679454242,-0.544639035015027,13.6,87,102.0,4.44,0.9271838545667874,0.3746065934159119,15.4,91,71.0,3.99,-0.9063077870366498,0.4226182617406996,15.9,74,243.0,8.6,-0.8290375725550418,-0.5591929034707466,2.0,open-meteo,2026-08-08T09:50:27+00:00
2026-06-04 15:00:00+00:00,FR,load,15.5,71,497.0,9.68,-0.8090169943749473,-0.5877852522924732,13.4,90,111.0,3.83,0.9975640502598242,0.0697564737441252,15.2,92,69.0,5.73,-0.9563047559630354,0.2923717047227367,16.3,71,371.0,11.3,-0.874619707139396,-0.4848096202463368,2.900000000000002,open-meteo,2026-08-08T10:03:04+00:00
2026-06-04 16:00:00+00:00,FR,load,17.2,78,371.0,5.89,-0.9659258262890684,-0.2588190451025206,13.8,90,91.0,2.42,0.9335804264972016,-0.3583679495453002,15.1,93,75.0,4.61,-0.9975640502598244,0.0697564737441252,16.2,71,500.0,11.7,-0.9205048534524404,-0.3907311284892738,2.4250000000000007,open-meteo,2026-08-08T10:03:04+00:00
2026-06-04 17:00:00+00:00,FR,load,15.8,82,247.0,9.07,-0.90630778703665,-0.4226182617406991,13.8,91,64.0,2.98,0.9205048534524404,-0.3907311284892737,15.0,91,85.0,6.02,-0.961261695938319,-0.2756373558169989,16.1,71,253.0,11.2,-0.9271838545667872,-0.3746065934159123,2.825,open-meteo,2026-08-08T10:03:04+00:00
2026-06-04 18:00:00+00:00,FR,load,16.0,73,199.0,9.87,-0.992546151641322,-0.1218693434051471,13.4,93,30.0,5.17,0.9455185755993168,-0.3255681544571566,14.5,91,46.0,5.59,-0.9271838545667872,-0.3746065934159123,15.0,75,109.0,11.5,-0.874619707139396,-0.4848096202463368,3.2750000000000004,open-meteo,2026-08-08T10:03:04+00:00
2026-06-04 19:00:00+00:00,FR,load,14.8,79,82.0,9.68,-0.9335804264972016,-0.3583679495453007,12.7,89,14.0,8.8,0.9455185755993168,-0.3255681544571566,14.5,91,39.0,6.77,-0.984807753012208,-0.1736481776669303,14.4,79,20.0,11.2,-0.8571673007021121,-0.5150380749100544,3.9,open-meteo,2026-08-08T09:50:27+00:00
2026-06-04 20:00:00+00:00,FR,load,13.9,82,10.0,10.08,-0.961261695938319,-0.2756373558169989,12.4,78,1.0,5.21,0.9612616959383188,-0.275637355816999,14.5,90,1.0,7.25,-1.0,-1.8369701987210287e-16,14.2,79,7.0,9.3,-0.882947592858927,-0.4694715627858907,4.25,open-meteo,2026-08-08T10:03:04+00:00
2026-06-04 21:00:00+00:00,FR,load,13.1,84,0.0,9.58,-0.961261695938319,-0.2756373558169989,11.4,91,0.0,0.2,-2.4492935982947064e-16,1.0,14.5,88,0.0,7.69,-0.981627183447664,0.1908089953765451,13.9,81,0.0,8.8,-0.882947592858927,-0.4694715627858907,4.775,open-meteo,2026-08-08T09:50:27+00:00
2026-06-04 22:00:00+00:00,FR,load,12.5,87,0.0,9.34,-0.9659258262890684,-0.2588190451025206,11.2,91,0.0,1.12,-0.9659258262890684,0.2588190451025203,14.3,89,0.0,7.64,-0.9876883405951378,0.1564344650402306,13.8,82,0.0,8.8,-0.8910065241883678,-0.4539904997395469,5.050000000000001,open-meteo,2026-08-08T09:50:27+00:00
2026-06-04 23:00:00+00:00,FR,load,12.2,86,0.0,9.34,-0.9659258262890684,-0.2588190451025206,11.0,92,0.0,1.52,-0.7071067811865477,0.7071067811865474,13.9,90,0.0,7.65,-0.984807753012208,0.1736481776669299,14.0,82,0.0,8.8,-0.882947592858927,-0.4694715627858907,5.225,open-meteo,2026-08-08T09:50:27+00:00
2026-06-05 00:00:00+00:00,FR,load,11.6,91,0.0,9.11,-0.9455185755993168,-0.3255681544571566,10.5,96,0.0,2.7,-0.3255681544571567,0.9455185755993168,13.7,91,0.0,6.57,-0.9563047559630354,0.2923717047227367,13.6,86,0.0,8.6,-0.7431448254773944,-0.6691306063588581,5.65,open-meteo,2026-08-08T09:50:27+00:00
2026-06-05 01:00:00+00:00,FR,load,10.9,93,0.0,9.21,-0.9563047559630352,-0.2923717047227371,10.9,89,0.0,4.27,0.1564344650402308,0.9876883405951378,13.6,89,0.0,6.76,-0.9563047559630354,0.2923717047227367,13.5,90,0.0,8.7,-0.7431448254773944,-0.6691306063588581,5.775,open-meteo,2026-08-08T09:50:27+00:00
2026-06-05 02:00:00+00:00,FR,load,10.5,94,0.0,8.64,-0.9510565162951536,-0.3090169943749475,10.6,90,0.0,4.96,-0.1564344650402311,0.9876883405951375,13.1,92,0.0,6.48,-0.9396926207859084,0.342020143325669,13.6,89,0.0,7.6,-0.8191520442889916,-0.5735764363510464,6.049999999999999,open-meteo,2026-08-08T09:50:27+00:00
2026-06-05 03:00:00+00:00,FR,load,10.5,93,0.0,8.0,-0.9563047559630352,-0.2923717047227371,10.6,91,0.0,6.78,-0.0697564737441256,0.9975640502598242,12.8,92,0.0,5.52,-0.9063077870366498,0.4226182617406996,12.7,97,0.0,7.8,-0.7880107536067221,-0.6156614753256581,6.349999999999998,open-meteo,2026-08-08T10:03:04+00:00
2026-06-05 04:00:00+00:00,FR,load,10.3,95,0.0,7.63,-0.9396926207859084,-0.3420201433256685,10.5,87,0.0,7.79,-0.1045284632676534,0.9945218953682732,12.4,92,0.0,4.56,-0.9063077870366498,0.4226182617406996,12.7,96,2.0,8.4,-0.7771459614569706,-0.6293203910498378,6.524999999999999,open-meteo,2026-08-08T10:03:04+00:00
2026-06-05 05:00:00+00:00,FR,load,10.6,94,37.0,7.54,-0.961261695938319,-0.2756373558169989,10.4,87,42.0,7.35,-2.4492935982947064e-16,1.0,12.3,92,16.0,4.65,-0.9063077870366498,0.4226182617406996,13.5,89,16.0,7.0,-0.882947592858927,-0.4694715627858907,6.300000000000001,open-meteo,2026-08-08T10:03:04+00:00
2026-06-05 06:00:00+00:00,FR,load,11.8,88,123.0,6.71,-0.9781476007338056,-0.2079116908177598,11.4,89,177.0,5.22,0.0871557427476581,0.9961946980917455,12.7,91,129.0,3.51,-0.8910065241883679,0.4539904997395466,13.7,93,65.0,7.7,-0.7771459614569706,-0.6293203910498378,5.599999999999998,open-meteo,2026-08-08T10:03:04+00:00
2026-06-05 07:00:00+00:00,FR,load,12.7,85,218.0,6.23,-0.9743700647852352,-0.2249510543438652,12.4,85,338.0,7.35,-0.0348994967025008,0.9993908270190958,13.9,85,302.0,3.26,-0.7547095802227722,0.656059028990507,13.9,89,116.0,7.0,-0.9271838545667872,-0.3746065934159123,4.775,open-meteo,2026-08-08T09:50:27+00:00
2026-06-05 08:00:00+00:00,FR,load,13.9,77,374.0,5.1,-0.9986295347545738,-0.0523359562429443,13.2,78,439.0,8.72,0.0174524064372835,0.9998476951563912,15.1,72,484.0,4.1,-0.6427876096865396,0.7660444431189778,14.2,85,150.0,6.3,-0.90630778703665,-0.4226182617406991,3.899999999999999,open-meteo,2026-08-08T10:03:04+00:00
2026-06-05 09:00:00+00:00,FR,load,15.3,69,529.0,5.71,-0.9271838545667872,-0.3746065934159123,14.1,73,646.0,8.33,-0.0174524064372835,0.9998476951563912,15.9,68,573.0,4.23,-0.6946583704589976,0.7193398003386509,14.3,88,344.0,4.9,-0.8571673007021121,-0.5150380749100544,3.1000000000000014,open-meteo,2026-08-08T10:03:04+00:00
2026-06-05 10:00:00+00:00,FR,load,16.1,64,598.0,5.74,-0.8910065241883678,-0.4539904997395469,14.9,70,618.0,7.69,0.1218693434051474,0.992546151641322,16.3,64,471.0,4.44,-0.6819983600624984,0.7313537016191707,16.2,76,568.0,6.2,-0.913545457642601,-0.4067366430758001,2.125,open-meteo,2026-08-08T09:50:27+00:00
2026-06-05 11:00:00+00:00,FR,load,16.8,59,623.0,5.43,-0.7771459614569706,-0.6293203910498378,15.6,62,667.0,7.35,0.0348994967025009,0.9993908270190958,17.2,60,592.0,3.96,-0.7660444431189781,0.6427876096865393,17.3,65,497.0,6.4,-0.7880107536067221,-0.6156614753256581,1.275000000000002,open-meteo,2026-08-08T10:03:04+00:00
2026-06-05 12:00:00+00:00,FR,load,16.7,58,673.0,5.91,-0.7660444431189779,-0.6427876096865395,16.6,57,705.0,7.46,0.2419218955996677,0.9702957262759964,18.4,53,755.0,4.08,-0.8191520442889918,0.573576436351046,17.7,67,292.0,6.8,-0.874619707139396,-0.4848096202463368,0.6500000000000021,open-meteo,2026-08-08T09:50:27+00:00
2026-06-05 13:00:00+00:00,FR,load,16.6,58,406.0,5.61,-0.7193398003386512,-0.6946583704589973,17.4,52,854.0,6.28,0.1908089953765448,0.981627183447664,18.9,51,682.0,4.08,-0.8191520442889918,0.573576436351046,18.1,62,750.0,6.5,-0.8660254037844384,-0.5000000000000004,0.25,open-meteo,2026-08-08T09:50:27+00:00
2026-06-05 14:00:00+00:00,FR,load,17.5,51,487.0,5.56,-0.754709580222772,-0.6560590289905073,17.4,52,620.0,7.69,0.2923717047227367,0.9563047559630354,19.5,49,618.0,4.08,-0.8191520442889918,0.573576436351046,18.1,56,750.0,6.3,-0.8290375725550418,-0.5591929034707466,0.125,open-meteo,2026-08-08T09:50:27+00:00
2026-06-05 15:00:00+00:00,FR,load,16.9,53,393.0,3.55,-0.882947592858927,-0.4694715627858907,17.7,49,562.0,6.57,0.0523359562429438,0.9986295347545738,19.5,52,549.0,3.26,-0.8386705679454243,0.5446390350150266,17.9,61,354.0,6.6,-0.9205048534524404,-0.3907311284892738,0.0,open-meteo,2026-08-08T09:50:27+00:00
2026-06-05 16:00:00+00:00,FR,load,18.0,47,455.0,5.06,-0.6946583704589974,-0.7193398003386511,17.6,47,528.0,5.72,0.1218693434051474,0.992546151641322,19.3,53,467.0,2.12,-0.8290375725550416,0.559192903470747,16.8,62,354.0,6.4,-0.848048096156426,-0.529919264233205,0.0749999999999992,open-meteo,2026-08-08T10:03:04+00:00
2026-06-05 17:00:00+00:00,FR,load,17.1,49,256.0,4.38,-0.7660444431189779,-0.6427876096865395,17.2,51,405.0,7.0,0.1045284632676534,0.9945218953682732,19.1,52,305.0,1.94,-0.7071067811865477,0.7071067811865474,17.3,53,286.0,5.5,-0.9702957262759964,-0.2419218955996677,0.3249999999999993,open-meteo,2026-08-08T10:03:04+00:00
2026-06-05 18:00:00+00:00,FR,load,16.9,54,136.0,6.17,-0.6946583704589974,-0.7193398003386511,16.7,52,225.0,5.33,0.2923717047227367,0.9563047559630354,18.8,57,176.0,1.47,-0.6018150231520483,0.7986355100472928,15.8,63,250.0,4.3,-0.8987940462991668,-0.4383711467890777,0.9500000000000028,open-meteo,2026-08-08T09:50:27+00:00
2026-06-05 19:00:00+00:00,FR,load,15.6,63,79.0,4.13,-0.5150380749100542,-0.8571673007021123,15.1,55,74.0,5.58,0.5150380749100542,0.8571673007021123,17.8,65,75.0,1.01,0.8746197071393957,0.4848096202463371,15.4,74,37.0,3.3,-0.374606593415912,-0.9271838545667874,2.0250000000000004,open-meteo,2026-08-08T09:50:27+00:00
2026-06-05 20:00:00+00:00,FR,load,14.7,64,12.0,3.64,-0.2419218955996675,-0.9702957262759964,13.1,66,2.0,5.29,0.6293203910498374,0.7771459614569709,16.2,72,5.0,1.97,0.9945218953682732,-0.1045284632676535,15.1,55,16.0,2.7,-0.4067366430758002,-0.9135454576426008,3.225,open-meteo,2026-08-08T10:03:04+00:00
2026-06-05 21:00:00+00:00,FR,load,13.3,66,0.0,3.85,-0.1218693434051473,-0.992546151641322,12.6,66,0.0,5.25,0.6018150231520483,0.7986355100472928,15.3,75,0.0,2.07,0.9961946980917455,0.0871557427476581,13.6,68,0.0,4.7,0.3255681544571566,-0.9455185755993168,4.299999999999999,open-meteo,2026-08-08T10:03:04+00:00
2026-06-05 22:00:00+00:00,FR,load,12.6,68,0.0,4.09,0.1908089953765449,-0.981627183447664,11.8,68,0.0,4.47,0.6156614753256583,0.7880107536067219,14.8,75,0.0,2.61,0.9743700647852352,-0.224951054343865,13.1,92,0.0,5.7,0.5735764363510459,-0.8191520442889919,4.924999999999999,open-meteo,2026-08-08T10:03:04+00:00
2026-06-05 23:00:00+00:00,FR,load,12.3,71,0.0,5.02,0.3583679495453002,-0.9335804264972016,11.5,71,0.0,3.16,0.2756373558169991,0.9612616959383188,14.6,75,0.0,2.19,0.8910065241883679,-0.4539904997395467,11.4,80,0.0,7.1,0.4694715627858907,-0.882947592858927,5.550000000000001,open-meteo,2026-08-08T09:50:27+00:00
2026-06-06 00:00:00+00:00,FR,load,12.0,79,0.0,5.09,0.2756373558169992,-0.9612616959383188,11.6,75,0.0,2.95,0.1045284632676534,0.9945218953682732,14.0,80,0.0,2.91,0.7431448254773942,-0.6691306063588582,11.2,92,0.0,7.5,0.3746065934159122,-0.9271838545667872,5.800000000000001,open-meteo,2026-08-08T09:50:27+00:00
2026-06-06 01:00:00+00:00,FR,load,12.3,75,0.0,6.17,0.3090169943749475,-0.9510565162951536,11.9,72,0.0,2.26,-0.0871557427476583,0.9961946980917455,13.5,83,0.0,3.47,0.6819983600624986,-0.7313537016191705,11.5,90,0.0,8.7,0.766044443118978,-0.6427876096865394,5.699999999999999,open-meteo,2026-08-08T10:03:04+00:00
2026-06-06 02:00:00+00:00,FR,load,12.4,73,0.0,7.32,0.2756373558169992,-0.9612616959383188,11.6,74,0.0,2.65,-0.0697564737441256,0.9975640502598242,13.1,85,0.0,3.83,0.529919264233205,-0.848048096156426,11.5,87,0.0,9.1,0.5150380749100544,-0.8571673007021122,5.85,open-meteo,2026-08-08T10:03:04+00:00
2026-06-06 03:00:00+00:00,FR,load,12.6,74,0.0,7.15,0.2249510543438652,-0.9743700647852352,11.4,76,0.0,1.95,0.3090169943749474,0.9510565162951536,12.9,89,0.0,3.83,0.529919264233205,-0.848048096156426,12.3,87,0.0,8.2,0.3746065934159122,-0.9271838545667872,5.699999999999999,open-meteo,2026-08-08T09:50:27+00:00
2026-06-06 04:00:00+00:00,FR,load,12.3,75,0.0,6.9,0.1908089953765449,-0.981627183447664,11.5,73,0.0,0.22,0.8910065241883679,0.4539904997395468,12.6,88,0.0,3.69,0.6427876096865395,-0.7660444431189779,11.6,87,1.0,8.7,0.3420201433256689,-0.9396926207859084,6.0,open-meteo,2026-08-08T09:50:27+00:00
2026-06-06 05:00:00+00:00,FR,load,12.3,77,12.0,6.9,0.1908089953765449,-0.981627183447664,11.4,78,17.0,0.66,-0.4539904997395467,-0.8910065241883679,12.7,88,16.0,3.53,0.6946583704589971,-0.7193398003386513,12.8,75,9.0,8.7,0.3255681544571566,-0.9455185755993168,5.699999999999999,open-meteo,2026-08-08T09:50:27+00:00
2026-06-06 06:00:00+00:00,FR,load,12.9,76,45.0,6.66,0.0174524064372834,-0.9998476951563912,13.2,77,127.0,1.55,-0.5735764363510462,-0.8191520442889918,14.1,86,114.0,4.17,0.6560590289905073,-0.754709580222772,13.9,75,44.0,7.3,0.1564344650402309,-0.9876883405951375,4.475,open-meteo,2026-08-08T10:03:04+00:00
2026-06-06 07:00:00+00:00,FR,load,13.6,75,109.0,6.98,-0.0871557427476579,-0.9961946980917455,15.0,69,338.0,1.47,-0.0697564737441252,-0.9975640502598242,16.4,77,258.0,3.26,0.6560590289905073,-0.754709580222772,13.7,78,60.0,8.3,0.2756373558169992,-0.9612616959383188,3.325,open-meteo,2026-08-08T10:03:04+00:00
2026-06-06 08:00:00+00:00,FR,load,14.1,78,175.0,7.05,-0.1736481776669304,-0.984807753012208,16.4,64,519.0,2.61,0.2249510543438652,-0.9743700647852352,18.5,71,434.0,1.61,0.6156614753256584,-0.7880107536067219,13.6,80,60.0,5.9,-0.1736481776669304,-0.984807753012208,2.35,open-meteo,2026-08-08T10:03:04+00:00
2026-06-06 09:00:00+00:00,FR,load,15.6,75,225.0,8.82,-0.2588190451025208,-0.9659258262890684,18.0,56,683.0,3.64,-0.0871557427476579,-0.9961946980917455,20.9,66,622.0,1.74,0.2756373558169992,-0.9612616959383188,13.6,84,45.0,7.6,0.1391731009600653,-0.9902680687415704,0.9750000000000014,open-meteo,2026-08-08T10:03:04+00:00
2026-06-06 10:00:00+00:00,FR,load,15.0,72,129.0,8.44,-0.1564344650402307,-0.9876883405951378,19.5,50,810.0,3.56,-0.1391731009600655,-0.9902680687415704,22.9,61,746.0,1.98,-0.8386705679454242,-0.544639035015027,14.0,84,26.0,7.5,0.2756373558169992,-0.9612616959383188,0.1499999999999985,open-meteo,2026-08-08T09:50:27+00:00
2026-06-06 11:00:00+00:00,FR,load,15.5,78,110.0,7.82,-0.374606593415912,-0.9271838545667874,20.7,45,893.0,4.21,-0.0174524064372836,-0.9998476951563912,23.7,51,788.0,7.47,-0.981627183447664,0.1908089953765451,14.0,90,44.0,9.2,0.0174524064372834,-0.9998476951563912,0.4750000000000014,open-meteo,2026-08-08T09:50:27+00:00
2026-06-06 12:00:00+00:00,FR,load,16.0,86,112.0,7.59,-0.587785252292473,-0.8090169943749475,22.0,40,926.0,3.63,-0.0523359562429435,-0.9986295347545738,24.1,50,843.0,7.85,-0.9135454576426012,0.4067366430757997,13.5,91,32.0,8.6,0.0348994967025011,-0.9993908270190958,0.8999999999999986,open-meteo,2026-08-08T09:50:27+00:00
2026-06-06 13:00:00+00:00,FR,load,18.1,66,573.0,11.63,-0.8660254037844384,-0.5000000000000004,23.0,39,906.0,3.98,0.1736481776669302,-0.984807753012208,24.4,48,852.0,7.73,-0.8660254037844386,0.5000000000000001,14.2,91,48.0,10.7,0.0174524064372834,-0.9998476951563912,1.9250000000000007,open-meteo,2026-08-08T09:50:27+00:00
2026-06-06 14:00:00+00:00,FR,load,19.2,57,646.0,11.21,-0.9271838545667872,-0.3746065934159123,23.8,40,829.0,3.33,-0.0348994967025009,-0.9993908270190958,22.9,53,555.0,8.94,-0.8910065241883679,0.4539904997395466,15.4,87,192.0,8.4,-0.0871557427476579,-0.9961946980917455,2.325000000000003,open-meteo,2026-08-08T10:03:04+00:00
2026-06-06 15:00:00+00:00,FR,load,19.5,51,640.0,12.16,-0.9205048534524404,-0.3907311284892738,24.4,36,689.0,3.02,0.2249510543438652,-0.9743700647852352,22.7,54,370.0,8.35,-0.8090169943749476,0.5877852522924729,15.9,87,84.0,5.5,-0.656059028990507,-0.7547095802227721,2.625,open-meteo,2026-08-08T09:50:27+00:00
2026-06-06 16:00:00+00:00,FR,load,19.7,49,503.0,10.66,-0.848048096156426,-0.529919264233205,24.4,35,542.0,2.88,-0.1736481776669304,-0.984807753012208,21.9,56,333.0,7.77,-0.7431448254773946,0.6691306063588578,15.5,88,107.0,4.5,-0.8090169943749473,-0.5877852522924732,2.375,open-meteo,2026-08-08T10:03:04+00:00
2026-06-06 17:00:00+00:00,FR,load,19.1,50,363.0,11.62,-0.9510565162951536,-0.3090169943749475,24.0,40,388.0,4.24,-0.1218693434051473,-0.992546151641322,21.2,57,153.0,7.23,-0.8090169943749476,0.5877852522924729,15.4,76,31.0,7.6,-0.8090169943749473,-0.5877852522924732,1.9250000000000007,open-meteo,2026-08-08T09:50:27+00:00
2026-06-06 18:00:00+00:00,FR,load,17.9,58,250.0,8.27,-0.754709580222772,-0.6560590289905073,22.5,52,179.0,1.8,-0.4848096202463369,-0.8746197071393959,20.5,59,77.0,6.97,-0.898794046299167,0.4383711467890774,15.1,79,37.0,11.8,-0.8571673007021121,-0.5150380749100544,1.0,open-meteo,2026-08-08T10:03:04+00:00
2026-06-06 19:00:00+00:00,FR,load,17.1,57,57.0,9.27,-0.8571673007021121,-0.5150380749100544,20.5,57,67.0,1.21,-0.2419218955996675,-0.9702957262759964,19.3,62,34.0,6.85,-0.9876883405951378,0.1564344650402306,13.7,86,37.0,11.2,-0.754709580222772,-0.6560590289905073,0.3499999999999978,open-meteo,2026-08-08T10:03:04+00:00
2026-06-06 20:00:00+00:00,FR,load,15.5,63,15.0,8.34,-0.8660254037844384,-0.5000000000000004,19.8,57,2.0,4.02,-0.0523359562429443,0.9986295347545738,18.4,66,3.0,7.35,-0.9993908270190958,-0.0348994967025007,13.9,78,14.0,12.8,-0.7986355100472928,-0.6018150231520483,1.1000000000000014,open-meteo,2026-08-08T10:03:04+00:00
2026-06-06 21:00:00+00:00,FR,load,14.6,64,0.0,9.76,-0.8571673007021121,-0.5150380749100544,18.4,62,0.0,4.76,-0.529919264233205,0.8480480961564258,18.0,69,0.0,6.58,-0.9986295347545738,0.0523359562429439,13.3,85,0.0,9.8,-0.656059028990507,-0.7547095802227721,1.9250000000000007,open-meteo,2026-08-08T09:50:27+00:00
2026-06-06 22:00:00+00:00,FR,load,13.6,69,0.0,8.93,-0.9335804264972016,-0.3583679495453007,17.6,66,0.0,2.83,-0.2419218955996678,0.9702957262759964,17.4,73,0.0,5.59,-0.981627183447664,0.1908089953765451,13.4,80,0.0,11.1,-0.754709580222772,-0.6560590289905073,2.5,open-meteo,2026-08-08T09:50:27+00:00
2026-06-06 23:00:00+00:00,FR,load,12.5,73,0.0,8.67,-0.9510565162951536,-0.3090169943749475,16.3,72,0.0,6.49,0.2588190451025207,0.9659258262890684,16.7,76,0.0,4.99,-0.9396926207859084,0.342020143325669,12.8,81,0.0,9.6,-0.6427876096865393,-0.766044443118978,3.4250000000000007,open-meteo,2026-08-08T09:50:27+00:00
2026-06-07 00:00:00+00:00,FR,load,12.0,79,0.0,7.8,-0.992546151641322,-0.1218693434051471,16.5,68,0.0,7.11,0.3907311284892737,0.9205048534524404,15.8,80,0.0,4.65,-0.8660254037844386,0.5000000000000001,13.2,84,0.0,10.7,-0.8571673007021121,-0.5150380749100544,3.625,open-meteo,2026-08-08T09:50:27+00:00
2026-06-07 01:00:00+00:00,FR,load,11.4,82,0.0,6.3,-0.9961946980917455,0.0871557427476578,15.7,65,0.0,7.59,0.3420201433256687,0.9396926207859084,14.7,84,0.0,3.72,-0.8191520442889918,0.573576436351046,13.2,82,0.0,11.0,-0.874619707139396,-0.4848096202463368,4.25,open-meteo,2026-08-08T10:03:04+00:00
2026-06-07 02:00:00+00:00,FR,load,10.6,88,0.0,4.03,-0.9975640502598242,-0.0697564737441255,15.1,68,0.0,6.35,0.2923717047227367,0.9563047559630354,14.0,87,0.0,3.05,-0.7071067811865477,0.7071067811865474,13.3,76,0.0,10.3,-0.90630778703665,-0.4226182617406991,4.75,open-meteo,2026-08-08T09:50:27+00:00
2026-06-07 03:00:00+00:00,FR,load,9.7,89,0.0,4.73,-0.9743700647852352,-0.2249510543438652,14.4,69,0.0,5.75,0.3907311284892737,0.9205048534524404,13.5,88,0.0,3.66,-0.3420201433256686,0.9396926207859084,11.6,85,0.0,8.9,-0.874619707139396,-0.4848096202463368,5.699999999999999,open-meteo,2026-08-08T10:03:04+00:00
2026-06-07 04:00:00+00:00,FR,load,9.5,90,0.0,4.95,-0.8910065241883678,-0.4539904997395469,14.2,69,0.0,5.59,0.374606593415912,0.9271838545667874,13.0,88,0.0,3.59,-0.1908089953765446,0.981627183447664,12.4,85,3.0,8.2,-0.7880107536067221,-0.6156614753256581,5.725,open-meteo,2026-08-08T10:03:04+00:00
2026-06-07 05:00:00+00:00,FR,load,9.6,88,44.0,5.35,-0.8191520442889916,-0.5735764363510464,13.8,73,33.0,5.84,0.3907311284892737,0.9205048534524404,13.1,87,17.0,3.16,-0.1218693434051472,0.992546151641322,12.1,80,27.0,6.7,-0.8290375725550418,-0.5591929034707466,5.85,open-meteo,2026-08-08T10:03:04+00:00
2026-06-07 06:00:00+00:00,FR,load,11.4,84,166.0,4.29,-0.8910065241883678,-0.4539904997395469,14.3,70,143.0,6.25,0.2419218955996677,0.9702957262759964,14.3,83,126.0,2.75,-0.0348994967025008,0.9993908270190958,13.0,80,61.0,7.7,-0.848048096156426,-0.529919264233205,4.75,open-meteo,2026-08-08T10:03:04+00:00
2026-06-07 07:00:00+00:00,FR,load,13.1,78,324.0,2.71,-0.754709580222772,-0.6560590289905073,15.1,66,304.0,5.83,0.3420201433256687,0.9396926207859084,15.7,74,292.0,2.09,0.1908089953765448,0.981627183447664,13.8,79,351.0,7.0,-0.8660254037844384,-0.5000000000000004,3.575,open-meteo,2026-08-08T10:03:04+00:00
2026-06-07 08:00:00+00:00,FR,load,14.8,71,490.0,3.16,-0.8660254037844384,-0.5000000000000004,16.1,63,425.0,5.28,0.1908089953765448,0.981627183447664,17.2,70,467.0,2.61,0.5591929034707469,0.8290375725550417,14.0,76,389.0,6.0,-0.8987940462991668,-0.4383711467890777,2.475,open-meteo,2026-08-08T10:03:04+00:00
2026-06-07 09:00:00+00:00,FR,load,16.2,65,610.0,2.53,-0.8090169943749473,-0.5877852522924732,17.7,59,607.0,5.15,0.1564344650402308,0.9876883405951378,19.1,63,622.0,3.61,0.7313537016191705,0.6819983600624985,14.6,76,425.0,5.0,-0.848048096156426,-0.529919264233205,1.1000000000000014,open-meteo,2026-08-08T10:03:04+00:00
2026-06-07 10:00:00+00:00,FR,load,17.2,61,654.0,2.24,-0.874619707139396,-0.4848096202463368,19.0,54,766.0,4.35,0.1391731009600654,0.9902680687415704,20.7,58,776.0,3.9,0.7771459614569709,0.6293203910498374,15.8,75,74.0,6.6,-0.6819983600624984,-0.7313537016191706,0.1750000000000007,open-meteo,2026-08-08T10:03:04+00:00
2026-06-07 11:00:00+00:00,FR,load,18.0,58,628.0,1.81,-0.754709580222772,-0.6560590289905073,19.9,53,821.0,4.22,0.0697564737441253,0.9975640502598242,22.0,56,871.0,3.89,0.754709580222772,0.6560590289905073,16.0,69,196.0,5.7,-0.9271838545667872,-0.3746065934159123,0.9750000000000014,open-meteo,2026-08-08T10:03:04+00:00
2026-06-07 12:00:00+00:00,FR,load,19.2,55,686.0,2.61,-0.5591929034707467,-0.8290375725550418,20.5,53,808.0,3.83,0.224951054343865,0.9743700647852352,23.3,54,920.0,4.22,0.8571673007021123,0.5150380749100542,16.9,68,264.0,5.8,-0.8571673007021121,-0.5150380749100544,1.9750000000000016,open-meteo,2026-08-08T10:03:04+00:00
2026-06-07 13:00:00+00:00,FR,load,20.1,53,742.0,2.39,-0.5735764363510462,-0.8191520442889918,21.3,52,799.0,3.52,0.224951054343865,0.9743700647852352,24.7,52,909.0,4.13,0.8571673007021123,0.5150380749100542,16.2,73,305.0,5.4,-0.5446390350150271,-0.838670567945424,2.575000000000003,open-meteo,2026-08-08T09:50:27+00:00
2026-06-07 14:00:00+00:00,FR,load,21.0,52,784.0,2.56,-0.6819983600624984,-0.7313537016191706,22.1,50,780.0,2.91,0.3420201433256687,0.9396926207859084,25.8,50,858.0,3.46,0.90630778703665,0.4226182617406994,17.1,66,266.0,4.7,-0.8090169943749473,-0.5877852522924732,3.5,open-meteo,2026-08-08T09:50:27+00:00
2026-06-07 15:00:00+00:00,FR,load,21.6,50,712.0,1.49,-0.3907311284892735,-0.9205048534524404,22.3,48,715.0,3.43,0.5150380749100542,0.8571673007021123,26.1,53,752.0,2.88,0.9510565162951536,0.3090169943749474,18.1,65,240.0,5.6,-0.6819983600624984,-0.7313537016191706,4.024999999999999,open-meteo,2026-08-08T09:50:27+00:00
2026-06-07 16:00:00+00:00,FR,load,21.8,51,562.0,2.18,-0.587785252292473,-0.8090169943749475,22.4,46,567.0,2.81,0.4226182617406994,0.90630778703665,26.3,53,604.0,2.67,0.8829475928589269,0.4694715627858908,18.4,67,507.0,4.4,-0.7986355100472928,-0.6018150231520483,4.225000000000001,open-meteo,2026-08-08T09:50:27+00:00
2026-06-07 17:00:00+00:00,FR,load,21.6,51,397.0,1.39,-0.1391731009600655,-0.9902680687415704,22.0,48,396.0,3.46,0.7071067811865475,0.7071067811865476,26.0,54,433.0,2.96,0.8290375725550417,0.5591929034707468,18.2,62,252.0,3.0,-0.882947592858927,-0.4694715627858907,3.9499999999999993,open-meteo,2026-08-08T09:50:27+00:00
2026-06-07 18:00:00+00:00,FR,load,20.8,53,229.0,1.69,0.1736481776669302,-0.984807753012208,21.1,54,221.0,3.03,0.8746197071393957,0.4848096202463371,26.1,57,253.0,3.1,0.8191520442889918,0.573576436351046,18.1,68,73.0,2.5,-0.9945218953682734,0.1045284632676529,3.5249999999999986,open-meteo,2026-08-08T09:50:27+00:00
2026-06-07 19:00:00+00:00,FR,load,19.7,63,94.0,1.67,1.2246467991473532e-16,-1.0,19.0,64,72.0,3.34,0.848048096156426,0.5299192642332049,24.8,62,93.0,2.98,0.9876883405951378,0.1564344650402309,17.3,80,92.0,2.4,-0.6946583704589974,-0.7193398003386511,2.2,open-meteo,2026-08-08T09:50:27+00:00
2026-06-07 20:00:00+00:00,FR,load,18.3,67,16.0,1.81,-0.2249510543438649,-0.9743700647852352,17.1,67,2.0,2.59,0.8746197071393957,0.4848096202463371,22.4,67,6.0,5.06,0.8480480961564261,-0.5299192642332048,15.8,76,20.0,2.1,0.1908089953765449,-0.981627183447664,0.4000000000000021,open-meteo,2026-08-08T10:03:04+00:00
2026-06-07 21:00:00+00:00,FR,load,16.8,69,0.0,2.05,-0.2923717047227367,-0.9563047559630354,15.6,72,0.0,2.57,0.766044443118978,0.6427876096865394,21.3,57,0.0,9.01,0.8571673007021123,-0.5150380749100543,15.2,79,0.0,1.1,0.1045284632676534,0.9945218953682732,0.7749999999999986,open-meteo,2026-08-08T10:03:04+00:00
2026-06-07 22:00:00+00:00,FR,load,16.2,73,0.0,2.52,0.2249510543438652,-0.9743700647852352,15.4,68,0.0,1.08,-2.4492935982947064e-16,1.0,20.2,67,0.0,10.14,0.8191520442889917,-0.5735764363510462,14.2,86,0.0,1.7,0.766044443118978,-0.6427876096865394,1.5,open-meteo,2026-08-08T09:50:27+00:00
2026-06-07 23:00:00+00:00,FR,load,15.3,75,0.0,3.72,0.3090169943749475,-0.9510565162951536,15.9,66,0.0,1.18,-0.9135454576426012,0.4067366430757997,19.6,72,0.0,10.69,0.7547095802227721,-0.6560590289905072,13.7,84,0.0,6.8,0.6819983600624986,-0.7313537016191705,1.875,open-meteo,2026-08-08T09:50:27+00:00
2026-06-08 00:00:00+00:00,FR,load,14.8,72,0.0,4.31,0.3583679495453002,-0.9335804264972016,15.2,73,0.0,0.84,-0.8090169943749476,0.5877852522924729,19.4,71,0.0,11.16,0.7193398003386511,-0.6946583704589974,13.6,83,0.0,7.2,0.5150380749100544,-0.8571673007021122,2.25,open-meteo,2026-08-08T09:50:27+00:00
2026-06-08 01:00:00+00:00,FR,load,14.4,73,0.0,4.31,0.3583679495453002,-0.9335804264972016,15.2,70,0.0,1.24,-0.3090169943749473,-0.9510565162951536,18.8,72,0.0,8.34,0.6427876096865395,-0.7660444431189779,13.9,83,0.0,8.5,0.5446390350150273,-0.8386705679454239,2.424999999999999,open-meteo,2026-08-08T09:50:27+00:00
2026-06-08 02:00:00+00:00,FR,load,13.9,75,0.0,4.25,0.4383711467890773,-0.898794046299167,13.5,74,0.0,2.31,0.2079116908177593,-0.9781476007338056,18.4,74,0.0,5.95,0.5446390350150273,-0.8386705679454239,13.8,81,0.0,9.3,0.6156614753256584,-0.7880107536067219,3.1000000000000014,open-meteo,2026-08-08T09:50:27+00:00
2026-06-08 03:00:00+00:00,FR,load,13.8,79,0.0,4.28,0.3420201433256689,-0.9396926207859084,13.6,82,0.0,3.38,0.1736481776669302,-0.984807753012208,18.2,75,0.0,5.92,0.3255681544571566,-0.9455185755993168,13.6,78,0.0,9.0,0.4226182617406995,-0.90630778703665,3.200000000000001,open-meteo,2026-08-08T10:03:04+00:00
2026-06-08 04:00:00+00:00,FR,load,13.7,80,0.0,4.5,0.1908089953765449,-0.981627183447664,13.6,85,0.0,3.16,0.1218693434051475,-0.992546151641322,18.0,79,0.0,4.59,-0.275637355816999,-0.9612616959383188,14.0,81,2.0,10.0,0.4067366430758004,-0.9135454576426008,3.1750000000000007,open-meteo,2026-08-08T10:03:04+00:00
2026-06-08 05:00:00+00:00,FR,load,14.0,80,24.0,4.22,0.0523359562429438,-0.9986295347545738,14.7,85,38.0,4.57,0.1736481776669302,-0.984807753012208,18.0,85,10.0,6.13,-0.9743700647852352,-0.2249510543438652,13.8,74,10.0,7.3,0.3420201433256689,-0.9396926207859084,2.875,open-meteo,2026-08-08T10:03:04+00:00
2026-06-08 06:00:00+00:00,FR,load,14.9,81,85.0,4.31,1.2246467991473532e-16,-1.0,17.2,79,167.0,6.08,0.0174524064372834,-0.9998476951563912,17.6,91,68.0,5.63,-0.9743700647852352,-0.2249510543438652,14.2,74,48.0,6.7,0.0871557427476582,-0.9961946980917455,2.0249999999999986,open-meteo,2026-08-08T09:50:27+00:00
2026-06-08 07:00:00+00:00,FR,load,15.8,77,118.0,3.65,-0.1045284632676535,-0.9945218953682732,18.5,68,298.0,6.47,0.0174524064372834,-0.9998476951563912,18.1,87,195.0,5.53,-0.992546151641322,-0.1218693434051471,14.9,76,49.0,5.9,-0.0697564737441252,-0.9975640502598242,1.1750000000000007,open-meteo,2026-08-08T09:50:27+00:00
2026-06-08 08:00:00+00:00,FR,load,16.9,73,171.0,3.43,-0.0523359562429435,-0.9986295347545738,20.0,63,438.0,7.46,0.0697564737441255,-0.9975640502598242,18.9,83,314.0,5.7,-0.9975640502598244,0.0697564737441252,15.7,67,83.0,4.9,-0.0523359562429435,-0.9986295347545738,0.125,open-meteo,2026-08-08T10:03:04+00:00
2026-06-08 09:00:00+00:00,FR,load,17.7,75,207.0,4.5,-0.3420201433256686,-0.9396926207859084,22.3,52,632.0,7.09,0.1045284632676537,-0.9945218953682732,19.7,80,373.0,5.32,-0.9743700647852352,0.2249510543438649,16.6,65,109.0,4.2,0.1218693434051475,-0.992546151641322,1.0750000000000028,open-meteo,2026-08-08T10:03:04+00:00
2026-06-08 10:00:00+00:00,FR,load,18.3,74,248.0,6.32,-0.656059028990507,-0.7547095802227721,23.6,52,749.0,7.55,-0.0348994967025009,-0.9993908270190958,20.3,76,503.0,5.3,-0.9612616959383188,0.2756373558169994,19.1,62,492.0,3.0,-0.374606593415912,-0.9271838545667874,2.325000000000003,open-meteo,2026-08-08T09:50:27+00:00
2026-06-08 11:00:00+00:00,FR,load,19.5,70,332.0,7.62,-0.882947592858927,-0.4694715627858907,25.7,44,712.0,9.47,-0.1218693434051473,-0.992546151641322,21.3,71,560.0,5.52,-0.9063077870366498,0.4226182617406996,19.9,55,416.0,4.0,-0.275637355816999,-0.9612616959383188,3.6000000000000014,open-meteo,2026-08-08T10:03:04+00:00
2026-06-08 12:00:00+00:00,FR,load,21.3,59,505.0,7.46,-0.8660254037844384,-0.5000000000000004,26.9,37,863.0,9.59,-0.1908089953765447,-0.981627183447664,22.8,65,820.0,4.27,-0.8480480961564262,0.5299192642332047,21.4,52,68.0,5.5,-0.374606593415912,-0.9271838545667874,5.100000000000001,open-meteo,2026-08-08T10:03:04+00:00
2026-06-08 13:00:00+00:00,FR,load,20.8,54,507.0,8.37,-0.961261695938319,-0.2756373558169989,25.1,37,404.0,10.03,-0.4383711467890774,-0.8987940462991669,23.7,60,704.0,4.78,-0.8829475928589271,0.4694715627858904,20.6,59,143.0,5.5,-0.8910065241883678,-0.4539904997395469,4.550000000000004,open-meteo,2026-08-08T10:03:04+00:00
2026-06-08 14:00:00+00:00,FR,load,20.7,50,382.0,9.89,-0.961261695938319,-0.2756373558169989,24.4,46,293.0,8.68,-0.3420201433256686,-0.9396926207859084,24.0,60,512.0,4.97,-0.9271838545667874,0.3746065934159119,18.4,69,154.0,3.7,-0.6293203910498376,-0.7771459614569708,3.875,open-meteo,2026-08-08T09:50:27+00:00
2026-06-08 15:00:00+00:00,FR,load,20.5,48,298.0,9.77,-0.9335804264972016,-0.3583679495453007,23.5,68,350.0,4.21,-0.2079116908177595,-0.9781476007338056,23.6,62,291.0,5.93,-0.9271838545667874,0.3746065934159119,18.1,71,141.0,8.9,-0.9743700647852352,0.2249510543438649,3.424999999999997,open-meteo,2026-08-08T09:50:27+00:00
2026-06-08 16:00:00+00:00,FR,load,19.8,51,296.0,9.86,-0.9743700647852352,-0.2249510543438652,24.1,66,470.0,2.59,-0.4848096202463369,-0.8746197071393959,23.0,66,230.0,6.58,-0.9659258262890684,0.2588190451025203,17.7,63,204.0,8.2,-0.984807753012208,-0.1736481776669303,3.150000000000002,open-meteo,2026-08-08T09:50:27+00:00
2026-06-08 17:00:00+00:00,FR,load,16.6,74,47.0,7.36,-0.7431448254773946,0.6691306063588578,22.6,80,115.0,0.62,0.9510565162951536,0.3090169943749474,22.4,66,173.0,7.22,-0.9335804264972016,0.3583679495453004,14.7,78,46.0,6.3,-0.9876883405951375,-0.156434465040231,1.0749999999999993,open-meteo,2026-08-08T10:03:04+00:00
2026-06-08 18:00:00+00:00,FR,load,14.1,81,36.0,5.68,-0.6946583704589976,0.7193398003386509,20.9,69,50.0,7.35,-0.3583679495453004,-0.9335804264972016,21.3,70,101.0,7.84,-0.898794046299167,0.4383711467890774,14.4,80,77.0,5.5,-0.8660254037844384,-0.5000000000000004,0.3249999999999993,open-meteo,2026-08-08T10:03:04+00:00
2026-06-08 19:00:00+00:00,FR,load,13.5,88,13.0,7.93,-0.898794046299167,0.4383711467890774,18.6,76,29.0,6.24,-0.374606593415912,-0.9271838545667874,20.4,72,37.0,8.51,-0.8746197071393956,0.4848096202463373,13.1,96,14.0,5.5,-0.7771459614569706,-0.6293203910498378,1.6000000000000014,open-meteo,2026-08-08T09:50:27+00:00
2026-06-08 20:00:00+00:00,FR,load,13.2,89,3.0,4.54,-0.9702957262759966,0.2419218955996674,18.1,74,2.0,11.0,-0.1564344650402307,-0.9876883405951378,19.4,72,2.0,7.91,-0.9271838545667874,0.3746065934159119,13.5,82,20.0,7.2,-0.7880107536067221,-0.6156614753256581,1.9499999999999995,open-meteo,2026-08-08T09:50:27+00:00
2026-06-08 21:00:00+00:00,FR,load,12.3,94,0.0,4.99,-0.961261695938319,-0.2756373558169989,17.2,76,0.0,7.57,-0.3583679495453004,-0.9335804264972016,18.6,74,0.0,7.18,-0.9961946980917455,0.0871557427476578,12.7,94,0.0,9.2,-0.7771459614569706,-0.6293203910498378,2.8000000000000007,open-meteo,2026-08-08T09:50:27+00:00
2026-06-08 22:00:00+00:00,FR,load,12.2,95,0.0,4.4,-0.9781476007338056,-0.2079116908177598,16.9,74,0.0,8.06,-0.3583679495453004,-0.9335804264972016,18.2,75,0.0,7.64,-0.9876883405951378,0.1564344650402306,11.5,93,0.0,8.6,-0.8191520442889916,-0.5735764363510464,3.3000000000000007,open-meteo,2026-08-08T09:50:27+00:00
2026-06-08 23:00:00+00:00,FR,load,12.1,95,0.0,5.48,-0.984807753012208,0.1736481776669299,16.2,81,0.0,4.63,-0.1045284632676534,0.9945218953682732,17.8,71,0.0,7.98,-0.9063077870366498,0.4226182617406996,11.6,89,0.0,7.1,-0.9205048534524404,-0.3907311284892738,3.575000000000001,open-meteo,2026-08-08T10:03:04+00:00
2026-06-09 00:00:00+00:00,FR,load,12.2,91,0.0,5.95,-0.9563047559630354,0.2923717047227367,16.1,95,0.0,5.65,0.4694715627858908,0.882947592858927,17.0,72,0.0,6.81,-0.9205048534524404,0.3907311284892735,10.6,94,0.0,8.7,-0.8660254037844384,-0.5000000000000004,4.025,open-meteo,2026-08-08T09:50:27+00:00
2026-06-09 01:00:00+00:00,FR,load,11.4,89,0.0,7.56,-0.9743700647852352,0.2249510543438649,16.8,91,0.0,5.35,0.4383711467890774,0.898794046299167,16.2,74,0.0,6.17,-0.9510565162951536,0.3090169943749472,10.8,96,0.0,8.2,-0.8910065241883678,-0.4539904997395469,4.199999999999999,open-meteo,2026-08-08T10:03:04+00:00
2026-06-09 02:00:00+00:00,FR,load,10.4,90,0.0,7.61,-0.9781476007338056,0.2079116908177594,16.7,88,0.0,5.14,0.766044443118978,0.6427876096865394,15.4,77,0.0,5.38,-0.984807753012208,0.1736481776669299,11.5,90,0.0,7.2,-0.9510565162951536,-0.3090169943749475,4.5,open-meteo,2026-08-08T09:50:27+00:00
2026-06-09 03:00:00+00:00,FR,load,9.7,93,0.0,8.05,-0.984807753012208,0.1736481776669299,16.6,84,0.0,4.59,0.5591929034707469,0.8290375725550417,15.1,81,0.0,5.21,-0.9612616959383188,0.2756373558169994,10.0,93,0.0,8.5,-0.8571673007021121,-0.5150380749100544,5.15,open-meteo,2026-08-08T09:50:27+00:00
2026-06-09 04:00:00+00:00,FR,load,9.1,93,0.0,7.8,-0.992546151641322,0.1218693434051476,16.2,84,0.0,4.51,0.4539904997395468,0.8910065241883679,14.8,84,0.0,5.14,-0.9902680687415704,0.1391731009600654,9.2,93,3.0,7.7,-0.9271838545667872,-0.3746065934159123,5.675000000000001,open-meteo,2026-08-08T09:50:27+00:00
2026-06-09 05:00:00+00:00,FR,load,9.1,93,48.0,7.19,-0.9945218953682734,0.1045284632676529,15.9,89,31.0,3.9,0.4226182617406994,0.90630778703665,14.6,86,8.0,5.1,-0.9993908270190958,-0.0348994967025007,10.5,85,70.0,7.8,-0.9510565162951536,-0.3090169943749475,5.475,open-meteo,2026-08-08T09:50:27+00:00
2026-06-09 06:00:00+00:00,FR,load,10.5,89,181.0,6.2,-0.9961946980917455,-0.0871557427476582,16.6,86,82.0,3.58,-0.1564344650402311,0.9876883405951375,14.7,87,50.0,4.88,-0.984807753012208,-0.1736481776669303,10.8,81,201.0,6.2,-0.9510565162951536,-0.3090169943749475,4.850000000000001,open-meteo,2026-08-08T10:03:04+00:00
2026-06-09 07:00:00+00:00,FR,load,12.1,83,343.0,5.99,-0.981627183447664,-0.1908089953765446,17.0,84,171.0,3.8,-0.2079116908177598,0.9781476007338056,15.0,86,31.0,4.25,-0.9902680687415704,0.1391731009600654,13.1,80,361.0,5.9,-0.874619707139396,-0.4848096202463368,3.6999999999999993,open-meteo,2026-08-08T10:03:04+00:00
2026-06-09 08:00:00+00:00,FR,load,13.4,70,463.0,7.36,-0.9986295347545738,-0.0523359562429443,17.5,84,261.0,5.3,0.2079116908177593,0.9781476007338056,15.0,87,30.0,4.52,-0.9135454576426012,0.4067366430757997,14.5,61,516.0,6.5,-0.9335804264972016,-0.3583679495453007,2.9000000000000004,open-meteo,2026-08-08T10:03:04+00:00
2026-06-09 09:00:00+00:00,FR,load,14.6,68,486.0,6.45,-0.9563047559630352,-0.2923717047227371,16.4,74,346.0,9.49,0.1391731009600654,0.9902680687415704,15.2,88,65.0,4.47,-0.6156614753256582,0.7880107536067221,15.1,63,510.0,6.4,-0.8191520442889916,-0.5735764363510464,2.674999999999999,open-meteo,2026-08-08T09:50:27+00:00
2026-06-09 10:00:00+00:00,FR,load,15.5,63,606.0,6.73,-0.9335804264972016,-0.3583679495453007,17.4,72,688.0,8.06,0.224951054343865,0.9743700647852352,15.8,82,141.0,4.3,-0.5000000000000004,0.8660254037844384,15.0,68,571.0,7.9,-0.8660254037844384,-0.5000000000000004,2.075,open-meteo,2026-08-08T10:03:04+00:00
2026-06-09 11:00:00+00:00,FR,load,16.3,56,604.0,7.93,-0.9510565162951536,-0.3090169943749475,18.6,65,830.0,7.64,0.1564344650402308,0.9876883405951378,16.8,74,338.0,4.44,-0.6819983600624984,0.7313537016191707,15.5,61,649.0,7.9,-0.8571673007021121,-0.5150380749100544,1.1999999999999993,open-meteo,2026-08-08T10:03:04+00:00
2026-06-09 12:00:00+00:00,FR,load,17.4,51,697.0,7.41,-0.8987940462991668,-0.4383711467890777,19.3,60,875.0,6.32,0.224951054343865,0.9743700647852352,16.5,72,318.0,4.65,-0.8660254037844386,0.5000000000000001,16.0,55,438.0,9.0,-0.848048096156426,-0.529919264233205,0.6999999999999993,open-meteo,2026-08-08T10:03:04+00:00
2026-06-09 13:00:00+00:00,FR,load,18.4,43,773.0,8.04,-0.9271838545667872,-0.3746065934159123,19.8,56,862.0,6.27,0.1736481776669303,0.984807753012208,16.7,72,253.0,5.3,-0.9063077870366498,0.4226182617406996,16.6,60,686.0,9.1,-0.754709580222772,-0.6560590289905073,0.125,open-meteo,2026-08-08T10:03:04+00:00
2026-06-09 14:00:00+00:00,FR,load,18.7,40,705.0,8.9,-0.981627183447664,-0.1908089953765446,19.8,54,774.0,6.54,0.3255681544571567,0.9455185755993168,16.9,71,228.0,5.58,-0.9510565162951536,0.3090169943749472,15.1,73,369.0,11.8,-0.8987940462991668,-0.4383711467890777,0.375,open-meteo,2026-08-08T09:50:27+00:00
2026-06-09 15:00:00+00:00,FR,load,18.3,45,482.0,8.68,-0.981627183447664,-0.1908089953765446,19.6,53,720.0,7.07,0.2923717047227367,0.9563047559630354,17.2,68,201.0,6.26,-0.9563047559630354,0.2923717047227367,14.2,82,541.0,7.9,-0.7313537016191703,-0.6819983600624986,0.6749999999999972,open-meteo,2026-08-08T09:50:27+00:00
2026-06-09 16:00:00+00:00,FR,load,17.7,49,365.0,8.15,-0.9975640502598242,-0.0697564737441255,18.8,57,532.0,7.44,0.2756373558169991,0.9612616959383188,16.9,68,125.0,6.56,-0.9876883405951378,0.1564344650402306,15.5,75,370.0,7.1,-0.874619707139396,-0.4848096202463368,0.7749999999999986,open-meteo,2026-08-08T09:50:27+00:00
2026-06-09 17:00:00+00:00,FR,load,15.8,68,226.0,5.21,-0.898794046299167,0.4383711467890774,17.8,54,343.0,8.25,0.4067366430758002,0.9135454576426008,16.3,76,108.0,7.25,-0.9993908270190958,-0.0348994967025007,16.2,57,281.0,9.0,-0.9396926207859084,-0.3420201433256685,1.474999999999998,open-meteo,2026-08-08T09:50:27+00:00
2026-06-09 18:00:00+00:00,FR,load,14.4,82,172.0,2.67,-0.9563047559630352,-0.2923717047227371,16.7,54,183.0,8.07,0.4067366430758002,0.9135454576426008,15.8,78,35.0,7.61,-0.9781476007338056,-0.2079116908177598,14.8,68,288.0,8.7,-0.882947592858927,-0.4694715627858907,2.575,open-meteo,2026-08-08T10:03:04+00:00
2026-06-09 19:00:00+00:00,FR,load,13.9,87,66.0,4.31,-0.9998476951563912,0.0174524064372831,15.3,63,62.0,8.41,0.4694715627858908,0.882947592858927,15.5,77,14.0,7.79,-0.9659258262890684,-0.2588190451025206,14.4,66,138.0,8.3,-0.913545457642601,-0.4067366430758001,3.225,open-meteo,2026-08-08T10:03:04+00:00
2026-06-09 20:00:00+00:00,FR,load,13.0,91,15.0,4.23,-0.9961946980917455,0.0871557427476578,14.2,59,3.0,7.7,0.374606593415912,0.9271838545667874,15.2,76,2.0,8.08,-0.9702957262759964,-0.2419218955996677,13.6,64,29.0,8.4,-0.913545457642601,-0.4067366430758001,4.0,open-meteo,2026-08-08T09:50:27+00:00
2026-06-09 21:00:00+00:00,FR,load,12.5,93,0.0,4.05,-0.992546151641322,-0.1218693434051471,13.1,72,0.0,7.68,0.2419218955996677,0.9702957262759964,15.2,75,0.0,7.78,-0.981627183447664,-0.1908089953765446,11.1,82,0.0,8.2,-0.7071067811865475,-0.7071067811865477,5.025,open-meteo,2026-08-08T09:50:27+00:00
2026-06-09 22:00:00+00:00,FR,load,12.6,91,0.0,4.9,-0.9781476007338056,0.2079116908177594,12.6,72,0.0,7.38,0.2923717047227367,0.9563047559630354,15.1,74,0.0,7.17,-0.9975640502598242,-0.0697564737441255,10.7,88,0.0,8.1,-0.7071067811865475,-0.7071067811865477,5.25,open-meteo,2026-08-08T09:50:27+00:00
2026-06-09 23:00:00+00:00,FR,load,12.5,90,0.0,4.62,-0.8480480961564262,0.5299192642332047,12.0,73,0.0,6.54,0.224951054343865,0.9743700647852352,14.9,73,0.0,7.55,-0.9993908270190958,0.0348994967025012,10.6,85,0.0,7.2,-0.7193398003386512,-0.6946583704589973,5.5,open-meteo,2026-08-08T09:50:27+00:00
2026-06-10 00:00:00+00:00,FR,load,12.3,94,0.0,4.57,-0.9205048534524404,0.3907311284892735,11.9,73,0.0,6.77,0.0523359562429438,0.9986295347545738,14.8,74,0.0,7.43,-0.9902680687415704,0.1391731009600654,9.4,92,0.0,7.9,-0.7313537016191703,-0.6819983600624986,5.9,open-meteo,2026-08-08T09:50:27+00:00
2026-06-10 01:00:00+00:00,FR,load,12.4,91,0.0,5.28,-0.9271838545667874,0.3746065934159119,11.1,78,0.0,6.37,-2.4492935982947064e-16,1.0,14.5,76,0.0,6.88,-0.9563047559630354,0.2923717047227367,9.0,93,0.0,8.5,-0.656059028990507,-0.7547095802227721,6.25,open-meteo,2026-08-08T10:03:04+00:00
2026-06-10 02:00:00+00:00,FR,load,12.0,92,0.0,6.06,-0.8290375725550416,0.559192903470747,10.5,83,0.0,5.79,0.0697564737441253,0.9975640502598242,14.0,78,0.0,5.9,-0.8090169943749476,0.5877852522924729,8.9,93,0.0,8.0,-0.7431448254773944,-0.6691306063588581,6.65,open-meteo,2026-08-08T10:03:04+00:00
2026-06-10 03:00:00+00:00,FR,load,12.0,90,0.0,5.46,-0.8386705679454243,0.5446390350150266,9.5,88,0.0,5.61,0.2079116908177593,0.9781476007338056,13.9,72,0.0,6.09,-0.6018150231520483,0.7986355100472928,8.4,94,0.0,7.7,-0.6819983600624984,-0.7313537016191706,7.050000000000001,open-meteo,2026-08-08T10:03:04+00:00
2026-06-10 04:00:00+00:00,FR,load,11.5,90,0.0,6.31,-0.898794046299167,0.4383711467890774,9.1,88,0.0,5.61,0.2079116908177593,0.9781476007338056,13.5,73,0.0,5.92,-0.7771459614569708,0.6293203910498375,8.1,95,3.0,7.9,-0.754709580222772,-0.6560590289905073,7.449999999999999,open-meteo,2026-08-08T09:50:27+00:00
2026-06-10 05:00:00+00:00,FR,load,11.1,90,10.0,5.98,-0.8191520442889918,0.573576436351046,9.7,87,44.0,5.92,0.2079116908177593,0.9781476007338056,13.1,76,7.0,6.22,-0.8386705679454243,0.5446390350150266,9.3,93,43.0,5.3,-0.7986355100472928,-0.6018150231520483,7.199999999999999,open-meteo,2026-08-08T10:03:04+00:00
2026-06-10 06:00:00+00:00,FR,load,11.7,88,65.0,5.68,-0.9335804264972016,0.3583679495453004,11.9,77,177.0,6.44,0.1564344650402308,0.9876883405951378,13.1,80,43.0,5.88,-0.8660254037844386,0.5000000000000001,10.3,95,66.0,5.9,-0.7313537016191703,-0.6819983600624986,6.25,open-meteo,2026-08-08T09:50:27+00:00
2026-06-10 07:00:00+00:00,FR,load,12.8,80,305.0,5.83,-0.9563047559630354,0.2923717047227367,13.3,68,352.0,5.4,0.0697564737441253,0.9975640502598242,13.7,79,153.0,5.55,-0.8480480961564262,0.5299192642332047,13.4,76,180.0,5.1,-0.9781476007338056,-0.2079116908177598,4.700000000000001,open-meteo,2026-08-08T09:50:27+00:00
2026-06-10 08:00:00+00:00,FR,load,13.6,72,481.0,6.27,-0.9702957262759966,0.2419218955996674,14.9,60,533.0,6.3,0.0871557427476581,0.9961946980917455,14.3,78,205.0,4.95,-0.8290375725550416,0.559192903470747,14.1,69,452.0,4.5,-0.874619707139396,-0.4848096202463368,3.775,open-meteo,2026-08-08T09:50:27+00:00
2026-06-10 09:00:00+00:00,FR,load,14.7,63,477.0,6.17,-0.9998476951563912,0.0174524064372831,16.4,51,643.0,6.76,0.0348994967025009,0.9993908270190958,15.9,70,550.0,5.0,-0.8191520442889918,0.573576436351046,14.3,76,148.0,5.1,-0.7771459614569706,-0.6293203910498378,2.6750000000000007,open-meteo,2026-08-08T10:03:04+00:00
2026-06-10 10:00:00+00:00,FR,load,14.1,72,292.0,7.41,-0.9902680687415704,-0.1391731009600658,17.2,48,716.0,7.54,-2.4492935982947064e-16,1.0,17.4,62,712.0,5.55,-0.8480480961564262,0.5299192642332047,15.4,55,288.0,5.3,-0.6427876096865393,-0.766044443118978,1.9750000000000016,open-meteo,2026-08-08T10:03:04+00:00
2026-06-10 11:00:00+00:00,FR,load,16.3,62,631.0,6.37,-0.9998476951563912,0.0174524064372831,17.0,50,730.0,10.1,-0.0523359562429443,0.9986295347545738,18.2,57,677.0,6.36,-0.8746197071393956,0.4848096202463373,16.9,48,438.0,5.0,-0.9396926207859084,-0.3420201433256685,0.8999999999999986,open-meteo,2026-08-08T10:03:04+00:00
2026-06-10 12:00:00+00:00,FR,load,14.7,72,317.0,7.19,-0.9563047559630354,0.2923717047227367,18.0,45,684.0,7.55,-0.0523359562429443,0.9986295347545738,19.1,54,718.0,6.01,-0.8290375725550416,0.559192903470747,15.9,60,564.0,6.1,-0.90630778703665,-0.4226182617406991,1.0749999999999993,open-meteo,2026-08-08T10:03:04+00:00
2026-06-10 13:00:00+00:00,FR,load,15.0,65,379.0,7.4,-0.981627183447664,0.1908089953765451,18.4,44,772.0,9.11,-0.0174524064372835,0.9998476951563912,19.8,51,806.0,6.72,-0.7986355100472932,0.6018150231520479,17.6,45,435.0,7.3,-0.9335804264972016,-0.3583679495453007,0.2999999999999971,open-meteo,2026-08-08T10:03:04+00:00
2026-06-10 14:00:00+00:00,FR,load,16.3,57,529.0,8.59,-0.981627183447664,-0.1908089953765446,18.3,47,663.0,9.66,0.1045284632676534,0.9945218953682732,20.1,50,841.0,6.88,-0.7547095802227722,0.656059028990507,17.2,47,646.0,7.4,-0.961261695938319,-0.2756373558169989,0.0249999999999985,open-meteo,2026-08-08T10:03:04+00:00
2026-06-10 15:00:00+00:00,FR,load,16.8,57,487.0,5.11,-0.9396926207859084,-0.3420201433256685,18.0,50,586.0,8.82,0.2588190451025207,0.9659258262890684,20.0,49,703.0,6.4,-0.7660444431189781,0.6427876096865393,16.0,55,470.0,8.7,-0.9702957262759964,-0.2419218955996677,0.3000000000000007,open-meteo,2026-08-08T10:03:04+00:00
2026-06-10 16:00:00+00:00,FR,load,16.4,59,297.0,4.4,-0.9781476007338056,0.2079116908177594,18.1,47,552.0,9.37,0.2756373558169991,0.9612616959383188,19.7,51,414.0,6.37,-0.7986355100472932,0.6018150231520479,16.2,48,430.0,8.1,-0.984807753012208,-0.1736481776669303,0.3999999999999986,open-meteo,2026-08-08T10:03:04+00:00
2026-06-10 17:00:00+00:00,FR,load,16.5,58,291.0,5.41,-0.9961946980917455,0.0871557427476578,17.7,48,391.0,8.68,0.3420201433256687,0.9396926207859084,19.6,50,408.0,6.71,-0.8290375725550416,0.559192903470747,15.8,54,301.0,7.4,-0.9781476007338056,-0.2079116908177598,0.5999999999999979,open-meteo,2026-08-08T10:03:04+00:00
2026-06-10 18:00:00+00:00,FR,load,16.1,61,233.0,9.71,-0.8571673007021123,0.5150380749100542,17.0,49,228.0,7.89,0.4694715627858908,0.882947592858927,18.9,53,225.0,5.9,-0.8480480961564262,0.5299192642332047,14.9,57,223.0,7.3,-0.9335804264972016,-0.3583679495453007,1.2749999999999986,open-meteo,2026-08-08T09:50:27+00:00
2026-06-10 19:00:00+00:00,FR,load,14.3,69,124.0,5.34,-0.6819983600624984,0.7313537016191707,15.4,56,62.0,9.24,0.5591929034707469,0.8290375725550417,17.7,59,97.0,6.39,-0.8480480961564262,0.5299192642332047,14.4,64,128.0,7.2,-0.9659258262890684,-0.2588190451025206,2.549999999999999,open-meteo,2026-08-08T10:03:04+00:00
2026-06-10 20:00:00+00:00,FR,load,12.9,76,20.0,3.99,-0.8829475928589271,0.4694715627858904,13.9,58,3.0,9.48,0.5446390350150271,0.838670567945424,16.2,65,7.0,6.26,-0.9563047559630354,0.2923717047227367,13.1,71,20.0,6.4,-0.9702957262759964,-0.2419218955996677,3.975,open-meteo,2026-08-08T10:03:04+00:00
2026-06-10 21:00:00+00:00,FR,load,10.4,92,0.0,4.52,-0.9135454576426012,0.4067366430757997,13.8,59,0.0,10.85,0.6427876096865393,0.766044443118978,15.0,71,0.0,5.56,-0.898794046299167,0.4383711467890774,10.8,85,0.0,6.4,-0.8660254037844384,-0.5000000000000004,5.5,open-meteo,2026-08-08T10:03:04+00:00
2026-06-10 22:00:00+00:00,FR,load,9.8,94,0.0,4.27,-0.9876883405951378,0.1564344650402306,13.3,62,0.0,7.94,0.573576436351046,0.8191520442889918,14.1,76,0.0,5.04,-0.7986355100472932,0.6018150231520479,10.9,90,0.0,7.0,-0.8191520442889916,-0.5735764363510464,5.975,open-meteo,2026-08-08T09:50:27+00:00
2026-06-10 23:00:00+00:00,FR,load,9.8,93,0.0,8.36,-0.9702957262759966,0.2419218955996674,12.4,66,0.0,4.95,0.5591929034707469,0.8290375725550417,13.8,77,0.0,5.38,-0.8386705679454243,0.5446390350150266,10.4,94,0.0,7.5,-0.7880107536067221,-0.6156614753256581,6.4,open-meteo,2026-08-08T10:03:04+00:00
2026-06-11 00:00:00+00:00,FR,load,9.9,91,0.0,7.63,-0.9396926207859084,0.342020143325669,11.7,69,0.0,5.85,0.5150380749100542,0.8571673007021123,13.8,76,0.0,6.34,-0.8480480961564262,0.5299192642332047,9.7,93,0.0,5.7,-0.9396926207859084,-0.3420201433256685,6.724999999999998,open-meteo,2026-08-08T09:50:27+00:00
2026-06-11 01:00:00+00:00,FR,load,9.1,92,0.0,7.79,-0.9659258262890684,0.2588190451025203,10.7,74,0.0,5.18,0.2588190451025207,0.9659258262890684,13.3,78,0.0,6.79,-0.7313537016191703,0.6819983600624987,8.3,95,0.0,5.6,-0.9563047559630352,-0.2923717047227371,7.650000000000002,open-meteo,2026-08-08T09:50:27+00:00
2026-06-11 02:00:00+00:00,FR,load,8.8,93,0.0,7.67,-0.984807753012208,0.1736481776669299,10.0,78,0.0,5.74,0.4539904997395468,0.8910065241883679,13.0,79,0.0,6.24,-0.7193398003386512,0.6946583704589973,7.4,98,0.0,5.9,-0.9993908270190958,0.0348994967025012,8.2,open-meteo,2026-08-08T09:50:27+00:00
2026-06-11 03:00:00+00:00,FR,load,8.4,94,0.0,7.46,-0.9975640502598244,0.0697564737441252,9.6,82,0.0,5.45,0.1391731009600654,0.9902680687415704,12.7,81,0.0,5.38,-0.8386705679454243,0.5446390350150266,7.6,98,0.0,7.4,-0.9876883405951375,-0.156434465040231,8.425,open-meteo,2026-08-08T09:50:27+00:00
2026-06-11 04:00:00+00:00,FR,load,8.2,94,0.0,7.09,-0.981627183447664,0.1908089953765451,9.4,84,0.0,6.25,0.1564344650402308,0.9876883405951378,12.4,82,0.0,5.4,-0.8746197071393956,0.4848096202463373,7.0,97,3.0,6.9,-0.9702957262759964,-0.2419218955996677,8.75,open-meteo,2026-08-08T09:50:27+00:00
2026-06-11 05:00:00+00:00,FR,load,8.6,94,47.0,6.28,-0.9986295347545738,0.0523359562429439,10.0,86,44.0,6.29,0.3090169943749474,0.9510565162951536,12.1,85,18.0,5.33,-0.9396926207859084,0.342020143325669,8.0,96,49.0,6.3,-0.9659258262890684,0.2588190451025203,8.325,open-meteo,2026-08-08T09:50:27+00:00
2026-06-11 06:00:00+00:00,FR,load,10.3,93,172.0,5.89,-0.9986295347545738,0.0523359562429439,12.0,84,178.0,6.51,0.3583679495453002,0.9335804264972016,12.5,84,119.0,4.78,-0.981627183447664,0.1908089953765451,10.5,91,169.0,4.9,-0.9961946980917455,0.0871557427476578,6.675000000000001,open-meteo,2026-08-08T09:50:27+00:00
2026-06-11 07:00:00+00:00,FR,load,12.0,87,328.0,4.32,-0.9975640502598244,0.0697564737441252,13.8,81,346.0,5.3,0.2079116908177593,0.9781476007338056,13.5,79,272.0,4.19,-0.981627183447664,0.1908089953765451,12.4,92,251.0,3.6,-0.9702957262759964,-0.2419218955996677,5.075000000000001,open-meteo,2026-08-08T10:03:04+00:00
2026-06-11 08:00:00+00:00,FR,load,13.3,81,467.0,4.51,-0.9993908270190958,0.0348994967025012,15.4,72,521.0,5.98,0.0348994967025009,0.9993908270190958,14.8,74,444.0,4.04,-0.9702957262759966,0.2419218955996674,14.7,73,365.0,3.6,-0.874619707139396,-0.4848096202463368,3.45,open-meteo,2026-08-08T09:50:27+00:00
2026-06-11 09:00:00+00:00,FR,load,15.6,68,533.0,5.69,-0.9993908270190958,0.0348994967025012,16.9,55,646.0,8.47,0.1045284632676534,0.9945218953682732,16.6,61,600.0,4.92,-0.8191520442889918,0.573576436351046,14.9,70,380.0,4.0,-0.8290375725550418,-0.5591929034707466,2.0,open-meteo,2026-08-08T09:50:27+00:00
2026-06-11 10:00:00+00:00,FR,load,16.5,62,609.0,6.08,-0.9998476951563912,0.0174524064372831,17.6,46,669.0,8.77,0.1045284632676534,0.9945218953682732,17.8,52,731.0,5.36,-0.8571673007021123,0.5150380749100542,15.4,69,273.0,5.0,-0.9335804264972016,-0.3583679495453007,1.1749999999999972,open-meteo,2026-08-08T09:50:27+00:00
2026-06-11 11:00:00+00:00,FR,load,17.1,57,497.0,6.08,-0.9998476951563912,0.0174524064372831,18.7,43,874.0,9.28,0.1218693434051474,0.992546151641322,19.0,47,868.0,5.82,-0.8090169943749476,0.5877852522924729,16.0,61,161.0,6.6,-0.874619707139396,-0.4848096202463368,0.3000000000000007,open-meteo,2026-08-08T09:50:27+00:00
2026-06-11 12:00:00+00:00,FR,load,17.1,54,567.0,7.21,-0.992546151641322,-0.1218693434051471,19.1,40,767.0,8.81,0.1391731009600654,0.9902680687415704,20.0,45,950.0,6.17,-0.7193398003386512,0.6946583704589973,13.3,87,195.0,7.7,-0.874619707139396,-0.4848096202463368,0.625,open-meteo,2026-08-08T09:50:27+00:00
2026-06-11 13:00:00+00:00,FR,load,17.3,53,369.0,6.37,-0.9998476951563912,0.0174524064372831,20.1,36,903.0,7.95,-0.0697564737441256,0.9975640502598242,20.9,41,942.0,6.24,-0.6691306063588581,0.7431448254773944,13.5,88,115.0,6.8,-0.8290375725550418,-0.5591929034707466,0.0499999999999971,open-meteo,2026-08-08T09:50:27+00:00
2026-06-11 14:00:00+00:00,FR,load,16.7,57,186.0,5.69,-0.9993908270190958,0.0348994967025012,20.4,36,843.0,7.37,0.0871557427476581,0.9961946980917455,21.5,37,885.0,5.83,-0.6691306063588581,0.7431448254773944,12.7,94,41.0,5.1,-0.5150380749100542,-0.8571673007021123,0.1750000000000007,open-meteo,2026-08-08T09:50:27+00:00
2026-06-11 15:00:00+00:00,FR,load,17.1,57,190.0,7.11,-0.9659258262890684,-0.2588190451025206,19.7,36,715.0,7.69,-0.1218693434051472,0.992546151641322,21.5,39,775.0,6.06,-0.6293203910498378,0.7771459614569706,12.5,95,14.0,7.6,-0.6018150231520484,-0.7986355100472928,0.3000000000000007,open-meteo,2026-08-08T10:03:04+00:00
2026-06-11 16:00:00+00:00,FR,load,17.2,56,189.0,7.43,-0.9902680687415704,-0.1391731009600658,19.4,39,585.0,9.04,0.0697564737441253,0.9975640502598242,21.5,40,628.0,5.69,-0.6691306063588581,0.7431448254773944,12.5,94,8.0,8.9,-0.3583679495453004,-0.9335804264972016,0.3500000000000014,open-meteo,2026-08-08T09:50:27+00:00
2026-06-11 17:00:00+00:00,FR,load,16.9,55,143.0,6.33,-0.9271838545667872,-0.3746065934159123,18.9,42,408.0,8.32,0.2079116908177593,0.9781476007338056,21.2,44,454.0,5.54,-0.7193398003386512,0.6946583704589973,12.0,93,9.0,8.5,-0.3583679495453004,-0.9335804264972016,0.75,open-meteo,2026-08-08T10:03:04+00:00
2026-06-11 18:00:00+00:00,FR,load,17.0,58,87.0,7.32,-0.882947592858927,-0.4694715627858907,18.2,40,228.0,8.15,0.3090169943749474,0.9510565162951536,20.6,44,271.0,5.61,-0.6946583704589976,0.7193398003386509,11.5,90,7.0,9.3,-0.4383711467890774,-0.8987940462991669,1.1749999999999972,open-meteo,2026-08-08T09:50:27+00:00
2026-06-11 19:00:00+00:00,FR,load,16.7,62,23.0,8.34,-0.8660254037844384,-0.5000000000000004,16.7,49,77.0,8.41,0.5877852522924731,0.8090169943749475,18.9,52,104.0,5.63,-0.5735764363510465,0.8191520442889916,11.9,94,9.0,10.5,-0.5446390350150271,-0.838670567945424,1.9499999999999995,open-meteo,2026-08-08T09:50:27+00:00
2026-06-11 20:00:00+00:00,FR,load,16.7,58,6.0,8.15,-0.8987940462991668,-0.4383711467890777,15.6,50,3.0,8.67,0.6691306063588582,0.7431448254773942,17.0,59,8.0,4.76,-0.529919264233205,0.8480480961564258,12.2,95,1.0,10.2,-0.5150380749100542,-0.8571673007021123,2.625,open-meteo,2026-08-08T10:03:04+00:00
2026-06-11 21:00:00+00:00,FR,load,16.6,62,0.0,8.65,-0.961261695938319,-0.2756373558169989,15.2,50,0.0,9.31,0.6560590289905073,0.754709580222772,16.2,64,0.0,4.78,-0.4383711467890778,0.8987940462991668,12.9,96,0.0,8.6,-0.7313537016191703,-0.6819983600624986,2.7750000000000004,open-meteo,2026-08-08T10:03:04+00:00
2026-06-11 22:00:00+00:00,FR,load,16.3,66,0.0,8.72,-0.9335804264972016,-0.3583679495453007,15.0,49,0.0,9.9,0.6293203910498374,0.7771459614569709,15.6,67,0.0,4.51,-0.4539904997395469,0.8910065241883678,13.5,97,0.0,8.9,-0.7771459614569706,-0.6293203910498378,2.9000000000000004,open-meteo,2026-08-08T10:03:04+00:00
2026-06-11 23:00:00+00:00,FR,load,16.1,69,0.0,8.92,-0.9563047559630352,-0.2923717047227371,14.7,49,0.0,9.32,0.6427876096865393,0.766044443118978,15.1,69,0.0,3.61,-0.544639035015027,0.838670567945424,14.5,97,0.0,9.4,-0.9335804264972016,-0.3583679495453007,2.9000000000000004,open-meteo,2026-08-08T10:03:04+00:00
2026-06-12 00:00:00+00:00,FR,load,16.2,73,0.0,9.67,-0.9510565162951536,-0.3090169943749475,14.9,50,0.0,9.23,0.7986355100472928,0.6018150231520483,14.4,75,0.0,3.53,-0.7193398003386512,0.6946583704589973,14.4,97,0.0,9.4,-0.9335804264972016,-0.3583679495453007,3.0250000000000004,open-meteo,2026-08-08T10:03:04+00:00
2026-06-12 01:00:00+00:00,FR,load,16.4,76,0.0,10.39,-0.9902680687415704,-0.1391731009600658,14.2,53,0.0,7.18,0.848048096156426,0.5299192642332049,13.9,77,0.0,3.74,-0.7071067811865477,0.7071067811865474,14.5,97,0.0,9.9,-0.9335804264972016,-0.3583679495453007,3.25,open-meteo,2026-08-08T10:03:04+00:00
2026-06-12 02:00:00+00:00,FR,load,16.3,78,0.0,10.12,-0.9876883405951375,-0.156434465040231,11.9,67,0.0,4.3,0.6560590289905073,0.754709580222772,13.3,81,0.0,3.82,-0.6691306063588581,0.7431448254773944,14.5,98,0.0,10.8,-0.9205048534524404,-0.3907311284892738,4.0,open-meteo,2026-08-08T10:03:04+00:00
2026-06-12 03:00:00+00:00,FR,load,16.0,80,0.0,9.83,-0.9876883405951375,-0.156434465040231,11.2,73,0.0,4.73,0.5591929034707469,0.8290375725550417,12.7,86,0.0,3.92,-0.6018150231520483,0.7986355100472928,14.3,98,0.0,10.2,-0.9396926207859084,-0.3420201433256685,4.449999999999999,open-meteo,2026-08-08T10:03:04+00:00
2026-06-12 04:00:00+00:00,FR,load,15.7,82,0.0,9.18,-0.981627183447664,-0.1908089953765446,11.0,74,0.0,4.28,0.2756373558169991,0.9612616959383188,12.3,88,0.0,3.64,-0.5877852522924734,0.8090169943749473,14.4,97,0.0,10.5,-0.9563047559630352,-0.2923717047227371,4.65,open-meteo,2026-08-08T10:03:04+00:00
2026-06-12 05:00:00+00:00,FR,load,15.5,84,13.0,8.22,-0.9659258262890684,-0.2588190451025206,11.6,74,42.0,5.43,0.1218693434051474,0.992546151641322,12.2,89,19.0,3.4,-0.7193398003386512,0.6946583704589973,14.5,97,1.0,10.6,-0.9455185755993168,-0.3255681544571566,4.550000000000001,open-meteo,2026-08-08T09:50:27+00:00
2026-06-12 06:00:00+00:00,FR,load,16.3,83,52.0,8.96,-0.9945218953682734,-0.1045284632676533,14.4,67,172.0,5.16,0.2419218955996677,0.9702957262759964,13.8,87,132.0,3.16,-0.8660254037844386,0.5000000000000001,14.3,98,2.0,9.5,-0.9702957262759964,-0.2419218955996677,3.3000000000000007,open-meteo,2026-08-08T09:50:27+00:00
2026-06-12 07:00:00+00:00,FR,load,16.8,82,121.0,8.36,-0.9961946980917455,-0.0871557427476582,16.2,59,341.0,5.51,0.0871557427476581,0.9961946980917455,16.0,77,301.0,2.73,-0.9335804264972016,0.3583679495453004,14.7,97,5.0,8.4,-0.981627183447664,-0.1908089953765446,2.075,open-meteo,2026-08-08T10:03:04+00:00
2026-06-12 08:00:00+00:00,FR,load,17.4,79,166.0,8.73,-0.9986295347545738,-0.0523359562429443,17.8,61,515.0,6.66,-0.0174524064372835,0.9998476951563912,17.7,70,483.0,2.68,-0.9135454576426012,0.4067366430757997,14.8,96,8.0,8.5,-0.9781476007338056,-0.2079116908177598,1.0749999999999993,open-meteo,2026-08-08T10:03:04+00:00
2026-06-12 09:00:00+00:00,FR,load,18.5,73,269.0,8.96,-0.9945218953682734,-0.1045284632676533,19.4,56,673.0,6.56,-2.4492935982947064e-16,1.0,19.9,63,652.0,2.8,-0.8090169943749476,0.5877852522924729,15.0,96,29.0,8.5,-0.984807753012208,-0.1736481776669303,0.1999999999999993,open-meteo,2026-08-08T09:50:27+00:00
2026-06-12 10:00:00+00:00,FR,load,19.3,69,450.0,10.52,-0.9961946980917455,0.0871557427476578,20.8,52,800.0,6.77,0.0348994967025009,0.9993908270190958,21.7,58,791.0,3.35,-0.7880107536067218,0.6156614753256585,15.8,94,77.0,9.3,-0.9510565162951536,-0.3090169943749475,1.3999999999999986,open-meteo,2026-08-08T09:50:27+00:00
2026-06-12 11:00:00+00:00,FR,load,20.8,64,478.0,9.36,-0.9945218953682734,0.1045284632676529,21.9,49,884.0,6.59,0.0871557427476581,0.9961946980917455,23.1,54,887.0,3.29,-0.7986355100472932,0.6018150231520479,15.7,94,189.0,9.1,-0.9563047559630352,-0.2923717047227371,2.375000000000004,open-meteo,2026-08-08T09:50:27+00:00
2026-06-12 12:00:00+00:00,FR,load,21.9,60,574.0,7.75,-0.9993908270190958,0.0348994967025012,22.8,45,920.0,6.81,0.1218693434051474,0.992546151641322,24.6,49,935.0,4.23,-0.6691306063588581,0.7431448254773944,16.7,90,162.0,9.8,-0.9455185755993168,-0.3255681544571566,3.500000000000004,open-meteo,2026-08-08T10:03:04+00:00
2026-06-12 13:00:00+00:00,FR,load,22.8,57,623.0,8.45,-0.9961946980917455,0.0871557427476578,23.6,44,906.0,7.55,0.0523359562429438,0.9986295347545738,25.6,47,930.0,4.59,-0.5591929034707466,0.8290375725550418,16.5,89,246.0,8.6,-0.9205048534524404,-0.3907311284892738,4.125,open-meteo,2026-08-08T09:50:27+00:00
2026-06-12 14:00:00+00:00,FR,load,24.1,51,732.0,8.24,-0.9986295347545738,0.0523359562429439,24.1,42,838.0,8.19,0.1218693434051474,0.992546151641322,26.3,43,873.0,4.69,-0.4848096202463369,0.8746197071393959,16.8,89,172.0,9.8,-0.90630778703665,-0.4226182617406991,4.824999999999999,open-meteo,2026-08-08T10:03:04+00:00
2026-06-12 15:00:00+00:00,FR,load,23.9,53,660.0,7.95,-0.9975640502598244,0.0697564737441252,24.0,42,721.0,7.29,0.1045284632676534,0.9945218953682732,26.3,41,766.0,4.61,-0.4848096202463369,0.8746197071393959,16.8,89,215.0,9.7,-0.8987940462991668,-0.4383711467890777,4.75,open-meteo,2026-08-08T10:03:04+00:00
2026-06-12 16:00:00+00:00,FR,load,23.7,53,583.0,7.75,-0.9993908270190958,-0.0348994967025007,24.0,43,571.0,8.2,0.1391731009600654,0.9902680687415704,26.4,41,620.0,4.3,-0.5000000000000004,0.8660254037844384,16.4,90,167.0,9.7,-0.9271838545667872,-0.3746065934159123,4.625,open-meteo,2026-08-08T09:50:27+00:00
2026-06-12 17:00:00+00:00,FR,load,24.1,54,438.0,6.97,-0.9975640502598244,0.0697564737441252,23.1,45,402.0,9.13,0.2079116908177593,0.9781476007338056,26.1,42,447.0,4.08,-0.4539904997395469,0.8910065241883678,16.0,92,66.0,9.6,-0.9396926207859084,-0.3420201433256685,4.325000000000003,open-meteo,2026-08-08T09:50:27+00:00
2026-06-12 18:00:00+00:00,FR,load,24.2,53,253.0,7.45,-0.9993908270190958,-0.0348994967025007,22.3,47,228.0,7.94,0.224951054343865,0.9743700647852352,25.3,46,266.0,4.22,-0.5150380749100545,0.8571673007021121,15.7,93,34.0,9.3,-0.90630778703665,-0.4226182617406991,3.875,open-meteo,2026-08-08T10:03:04+00:00
2026-06-12 19:00:00+00:00,FR,load,23.0,57,122.0,7.64,-1.0,-1.8369701987210287e-16,20.5,53,77.0,9.2,0.4226182617406994,0.90630778703665,23.4,52,102.0,3.92,-0.529919264233205,0.8480480961564258,15.8,92,27.0,8.3,-0.882947592858927,-0.4694715627858907,2.6750000000000007,open-meteo,2026-08-08T09:50:27+00:00
2026-06-12 20:00:00+00:00,FR,load,21.2,62,21.0,8.24,-0.9396926207859084,0.342020143325669,19.3,57,3.0,8.61,0.3255681544571567,0.9455185755993168,21.6,55,8.0,3.37,-0.4383711467890778,0.8987940462991668,15.7,92,7.0,8.1,-0.882947592858927,-0.4694715627858907,1.4499999999999993,open-meteo,2026-08-08T09:50:27+00:00
2026-06-12 21:00:00+00:00,FR,load,19.5,73,0.0,7.37,-0.9702957262759966,0.2419218955996674,18.3,63,0.0,8.44,0.2588190451025207,0.9659258262890684,21.1,55,0.0,3.15,-0.5877852522924734,0.8090169943749473,15.2,93,0.0,8.4,-0.9205048534524404,-0.3907311284892738,0.5249999999999986,open-meteo,2026-08-08T09:50:27+00:00
2026-06-12 22:00:00+00:00,FR,load,18.9,74,0.0,9.48,-0.9702957262759966,0.2419218955996674,17.3,68,0.0,7.2,0.2588190451025207,0.9659258262890684,20.4,56,0.0,2.91,-0.7071067811865477,0.7071067811865474,15.0,93,0.0,8.9,-0.9563047559630352,-0.2923717047227371,0.1000000000000014,open-meteo,2026-08-08T09:50:27+00:00
2026-06-12 23:00:00+00:00,FR,load,17.9,80,0.0,7.84,-0.9510565162951536,0.3090169943749472,16.5,72,0.0,6.13,0.224951054343865,0.9743700647852352,19.7,58,0.0,2.85,-0.6560590289905074,0.7547095802227719,15.0,93,0.0,9.1,-0.9659258262890684,-0.2588190451025206,0.7250000000000014,open-meteo,2026-08-08T10:03:04+00:00
2026-06-13 00:00:00+00:00,FR,load,17.2,82,0.0,8.71,-0.945518575599317,0.3255681544571563,15.7,78,0.0,7.01,0.2588190451025207,0.9659258262890684,18.6,62,0.0,2.5,-0.6691306063588581,0.7431448254773944,14.6,95,0.0,9.2,-0.9743700647852352,-0.2249510543438652,1.4750000000000014,open-meteo,2026-08-08T10:03:04+00:00
2026-06-13 01:00:00+00:00,FR,load,16.3,89,0.0,8.72,-0.9335804264972016,0.3583679495453004,15.5,79,0.0,7.75,0.224951054343865,0.9743700647852352,17.9,65,0.0,2.5,-0.6691306063588581,0.7431448254773944,14.4,95,0.0,8.3,-0.984807753012208,-0.1736481776669303,1.974999999999998,open-meteo,2026-08-08T09:50:27+00:00
2026-06-13 02:00:00+00:00,FR,load,15.9,89,0.0,9.16,-0.898794046299167,0.4383711467890774,15.9,79,0.0,9.17,0.2419218955996677,0.9702957262759964,17.1,69,0.0,2.29,-0.7313537016191703,0.6819983600624987,14.3,97,0.0,7.8,-0.9902680687415704,-0.1391731009600658,2.2,open-meteo,2026-08-08T10:03:04+00:00
2026-06-13 03:00:00+00:00,FR,load,15.7,90,0.0,8.25,-0.8660254037844386,0.5000000000000001,15.7,85,0.0,9.36,0.224951054343865,0.9743700647852352,16.4,73,0.0,2.3,-0.6427876096865396,0.7660444431189778,14.1,94,0.0,7.7,-0.9902680687415704,-0.1391731009600658,2.5250000000000004,open-meteo,2026-08-08T10:03:04+00:00
2026-06-13 04:00:00+00:00,FR,load,15.2,91,0.0,6.93,-0.8746197071393956,0.4848096202463373,15.4,87,0.0,8.9,0.2923717047227367,0.9563047559630354,15.8,76,0.0,2.01,-0.7313537016191703,0.6819983600624987,14.2,92,1.0,7.7,-0.9876883405951375,-0.156434465040231,2.849999999999998,open-meteo,2026-08-08T09:50:27+00:00
2026-06-13 05:00:00+00:00,FR,load,15.1,88,31.0,6.63,-0.8290375725550416,0.559192903470747,15.5,87,43.0,8.68,0.2756373558169991,0.9612616959383188,15.3,80,19.0,1.71,-0.9135454576426012,0.4067366430757997,14.0,91,14.0,7.8,-0.984807753012208,-0.1736481776669303,3.0249999999999986,open-meteo,2026-08-08T09:50:27+00:00
2026-06-13 06:00:00+00:00,FR,load,15.6,84,122.0,5.21,-0.898794046299167,0.4383711467890774,16.4,85,169.0,8.77,0.2419218955996677,0.9702957262759964,16.2,83,133.0,1.46,-0.9396926207859084,0.342020143325669,13.9,89,35.0,7.8,-0.9902680687415704,-0.1391731009600658,2.475,open-meteo,2026-08-08T10:03:04+00:00
2026-06-13 07:00:00+00:00,FR,load,16.3,79,265.0,4.5,-0.9612616959383188,0.2756373558169994,17.9,82,337.0,5.61,0.0871557427476581,0.9961946980917455,19.7,73,301.0,1.27,-0.9205048534524404,0.3907311284892735,14.5,86,70.0,7.6,-0.9945218953682734,-0.1045284632676533,0.8999999999999986,open-meteo,2026-08-08T09:50:27+00:00
2026-06-13 08:00:00+00:00,FR,load,17.4,76,426.0,3.83,-0.9975640502598244,0.0697564737441252,19.6,75,513.0,5.79,-0.0523359562429443,0.9986295347545738,21.9,67,485.0,0.75,-0.9205048534524404,0.3907311284892735,15.4,81,171.0,7.2,-0.9876883405951375,-0.156434465040231,0.5749999999999993,open-meteo,2026-08-08T09:50:27+00:00
2026-06-13 09:00:00+00:00,FR,load,20.6,61,610.0,3.82,-1.0,-1.8369701987210287e-16,21.6,65,674.0,6.17,-2.4492935982947064e-16,1.0,24.0,63,656.0,1.01,-0.4848096202463369,0.8746197071393959,15.8,79,471.0,6.9,-0.9986295347545738,-0.0523359562429443,2.5,open-meteo,2026-08-08T09:50:27+00:00
2026-06-13 10:00:00+00:00,FR,load,22.3,55,767.0,4.46,-0.9876883405951378,0.1564344650402306,23.4,57,804.0,6.57,0.0348994967025009,0.9993908270190958,26.0,57,800.0,1.1,-0.1736481776669304,0.984807753012208,16.7,74,405.0,6.7,-0.9993908270190958,0.0348994967025012,4.100000000000001,open-meteo,2026-08-08T10:03:04+00:00
2026-06-13 11:00:00+00:00,FR,load,23.9,49,860.0,4.67,-0.984807753012208,0.1736481776669299,25.1,49,890.0,6.57,0.0523359562429438,0.9986295347545738,27.7,45,902.0,1.58,0.1218693434051474,0.992546151641322,17.1,71,356.0,7.5,-0.9902680687415704,0.1391731009600654,5.450000000000003,open-meteo,2026-08-08T10:03:04+00:00
2026-06-13 12:00:00+00:00,FR,load,25.4,42,900.0,5.46,-0.9876883405951378,0.1564344650402306,26.0,47,930.0,6.97,0.0697564737441253,0.9975640502598242,29.1,41,953.0,2.29,0.3420201433256687,0.9396926207859084,17.3,70,482.0,6.5,-0.9876883405951378,0.1564344650402306,6.449999999999999,open-meteo,2026-08-08T09:50:27+00:00
2026-06-13 13:00:00+00:00,FR,load,26.3,41,891.0,5.86,-0.9510565162951536,0.3090169943749472,27.1,39,914.0,6.97,0.0697564737441253,0.9975640502598242,30.2,35,947.0,3.42,0.4067366430758002,0.9135454576426008,18.7,66,733.0,5.9,-0.9702957262759966,0.2419218955996674,7.575000000000003,open-meteo,2026-08-08T10:03:04+00:00
2026-06-13 14:00:00+00:00,FR,load,26.8,41,838.0,6.14,-0.9396926207859084,0.342020143325669,27.7,38,848.0,6.97,0.0523359562429438,0.9986295347545738,31.0,28,892.0,3.77,0.4694715627858908,0.882947592858927,19.3,63,721.0,5.0,-0.9335804264972016,0.3583679495453004,8.2,open-meteo,2026-08-08T10:03:04+00:00
2026-06-13 15:00:00+00:00,FR,load,27.0,39,740.0,6.4,-0.9063077870366498,0.4226182617406996,27.6,37,736.0,7.36,0.0523359562429438,0.9986295347545738,31.3,29,790.0,4.3,0.4067366430758002,0.9135454576426008,18.9,63,325.0,4.5,-0.9205048534524404,0.3907311284892735,8.200000000000003,open-meteo,2026-08-08T10:03:04+00:00
2026-06-13 16:00:00+00:00,FR,load,26.7,42,605.0,6.4,-0.8910065241883679,0.4539904997395466,27.3,34,587.0,6.96,0.0348994967025009,0.9993908270190958,31.3,27,636.0,3.99,0.4694715627858908,0.882947592858927,18.2,68,232.0,4.0,-0.4694715627858908,0.882947592858927,7.875,open-meteo,2026-08-08T09:50:27+00:00
2026-06-13 17:00:00+00:00,FR,load,26.2,44,443.0,6.84,-0.8910065241883679,0.4539904997395466,26.5,37,415.0,7.5,0.1218693434051474,0.992546151641322,30.8,31,457.0,3.55,0.4067366430758002,0.9135454576426008,18.1,71,163.0,4.3,-0.3420201433256686,0.9396926207859084,7.399999999999999,open-meteo,2026-08-08T09:50:27+00:00
2026-06-13 18:00:00+00:00,FR,load,25.1,42,277.0,7.91,-0.8290375725550416,0.559192903470747,25.4,34,237.0,7.35,0.2756373558169991,0.9612616959383188,29.5,40,270.0,2.19,0.1736481776669303,0.984807753012208,17.7,66,234.0,3.0,-0.4694715627858908,0.882947592858927,6.425000000000001,open-meteo,2026-08-08T09:50:27+00:00
2026-06-13 19:00:00+00:00,FR,load,23.3,47,125.0,7.0,-0.7986355100472932,0.6018150231520479,22.6,42,82.0,7.23,0.5446390350150271,0.838670567945424,27.9,42,98.0,1.79,-0.1564344650402311,0.9876883405951375,16.6,73,127.0,3.0,-0.2419218955996678,0.9702957262759964,4.600000000000001,open-meteo,2026-08-08T09:50:27+00:00
2026-06-13 20:00:00+00:00,FR,load,21.2,56,21.0,6.86,-0.6819983600624984,0.7313537016191707,20.5,48,4.0,7.04,0.573576436351046,0.8191520442889918,25.0,44,8.0,2.02,-0.6293203910498378,0.7771459614569706,15.7,78,31.0,5.0,-0.9961946980917455,-0.0871557427476582,2.6000000000000014,open-meteo,2026-08-08T09:50:27+00:00
2026-06-13 21:00:00+00:00,FR,load,19.8,59,0.0,7.69,-0.7313537016191703,0.6819983600624987,19.4,58,0.0,6.32,0.4999999999999999,0.8660254037844387,23.8,45,0.0,1.88,-0.6293203910498378,0.7771459614569706,13.6,86,0.0,6.5,-0.8987940462991668,-0.4383711467890777,1.1499999999999986,open-meteo,2026-08-08T09:50:27+00:00
2026-06-13 22:00:00+00:00,FR,load,18.2,58,0.0,8.24,-0.7071067811865477,0.7071067811865474,17.8,64,0.0,4.95,0.1391731009600654,0.9902680687415704,22.5,49,0.0,1.58,-0.9271838545667874,0.3746065934159119,12.7,90,0.0,7.4,-0.9205048534524404,-0.3907311284892738,0.1999999999999993,open-meteo,2026-08-08T09:50:27+00:00
2026-06-13 23:00:00+00:00,FR,load,16.9,66,0.0,7.7,-0.6018150231520483,0.7986355100472928,17.4,65,0.0,5.13,0.1218693434051474,0.992546151641322,21.0,54,0.0,2.06,-0.9986295347545738,0.0523359562429439,12.3,92,0.0,7.0,-0.9743700647852352,-0.2249510543438652,1.1000000000000014,open-meteo,2026-08-08T10:03:04+00:00
2026-06-14 00:00:00+00:00,FR,load,15.7,65,0.0,7.13,-0.6018150231520483,0.7986355100472928,16.7,74,0.0,5.19,0.1908089953765448,0.981627183447664,20.1,60,0.0,2.11,-0.9743700647852352,0.2249510543438649,11.4,95,0.0,6.8,-0.992546151641322,0.1218693434051476,2.0250000000000004,open-meteo,2026-08-08T10:03:04+00:00
2026-06-14 01:00:00+00:00,FR,load,14.6,68,0.0,6.49,-0.6156614753256582,0.7880107536067221,16.3,74,0.0,5.67,0.1736481776669303,0.984807753012208,19.8,61,0.0,2.05,-0.9563047559630354,0.2923717047227367,11.5,95,0.0,8.3,-0.5591929034707466,0.8290375725550418,2.45,open-meteo,2026-08-08T10:03:04+00:00
2026-06-14 02:00:00+00:00,FR,load,13.9,72,0.0,5.76,-0.5735764363510465,0.8191520442889916,15.8,75,0.0,5.94,0.1564344650402308,0.9876883405951378,19.2,64,0.0,1.19,-0.9876883405951378,0.1564344650402306,11.6,94,0.0,9.8,-0.6819983600624984,0.7313537016191707,2.8749999999999982,open-meteo,2026-08-08T09:50:27+00:00
2026-06-14 03:00:00+00:00,FR,load,12.9,77,0.0,5.53,-0.6018150231520483,0.7986355100472928,14.9,79,0.0,6.15,0.1564344650402308,0.9876883405951378,18.1,73,0.0,0.29,1.0,6.123233995736766e-17,10.9,90,0.0,8.3,-0.7313537016191703,0.6819983600624987,3.799999999999999,open-meteo,2026-08-08T09:50:27+00:00
2026-06-14 04:00:00+00:00,FR,load,12.6,78,0.0,5.92,-0.4848096202463369,0.8746197071393959,14.4,80,0.0,6.17,0.1736481776669303,0.984807753012208,15.9,83,0.0,2.22,0.7547095802227721,-0.6560590289905072,10.8,88,3.0,7.7,-0.7880107536067218,0.6156614753256585,4.574999999999999,open-meteo,2026-08-08T09:50:27+00:00
2026-06-14 05:00:00+00:00,FR,load,12.9,79,45.0,5.75,-0.3907311284892739,0.9205048534524404,14.8,81,43.0,5.83,0.1391731009600654,0.9902680687415704,16.4,74,18.0,3.2,0.6427876096865395,-0.7660444431189779,11.2,88,70.0,6.9,-0.7313537016191703,0.6819983600624987,4.175000000000001,open-meteo,2026-08-08T09:50:27+00:00
2026-06-14 06:00:00+00:00,FR,load,14.4,77,168.0,3.83,-0.0523359562429443,0.9986295347545738,17.1,75,152.0,7.86,0.0697564737441253,0.9975640502598242,17.9,75,131.0,2.63,0.7071067811865476,-0.7071067811865475,12.8,79,196.0,5.3,-0.7660444431189781,0.6427876096865393,2.45,open-meteo,2026-08-08T09:50:27+00:00
2026-06-14 07:00:00+00:00,FR,load,15.6,71,327.0,3.14,0.2419218955996677,0.9702957262759964,18.6,70,310.0,6.47,0.0523359562429438,0.9986295347545738,21.5,64,301.0,2.29,0.8571673007021123,-0.5150380749100543,14.5,70,353.0,6.4,-0.7660444431189781,0.6427876096865393,0.4499999999999993,open-meteo,2026-08-08T10:03:04+00:00
2026-06-14 08:00:00+00:00,FR,load,17.0,65,491.0,2.7,0.3255681544571567,0.9455185755993168,20.4,66,480.0,6.08,-0.0523359562429443,0.9986295347545738,23.8,57,482.0,1.59,0.981627183447664,-0.1908089953765448,15.1,67,512.0,5.6,-0.6560590289905074,0.7547095802227719,1.0749999999999993,open-meteo,2026-08-08T10:03:04+00:00
2026-06-14 09:00:00+00:00,FR,load,18.9,55,644.0,2.02,0.2419218955996677,0.9702957262759964,22.8,58,664.0,6.7,-0.1045284632676534,0.9945218953682732,26.0,52,652.0,2.6,0.9396926207859084,0.3420201433256688,15.9,64,627.0,5.0,-0.6946583704589976,0.7193398003386509,2.900000000000002,open-meteo,2026-08-08T10:03:04+00:00
2026-06-14 10:00:00+00:00,FR,load,20.4,51,771.0,2.06,-2.4492935982947064e-16,1.0,24.6,52,795.0,7.64,-2.4492935982947064e-16,1.0,27.9,46,791.0,3.21,0.8571673007021123,0.5150380749100542,16.8,59,694.0,5.4,-0.5877852522924734,0.8090169943749473,4.425000000000001,open-meteo,2026-08-08T10:03:04+00:00
2026-06-14 11:00:00+00:00,FR,load,22.0,43,858.0,2.29,-0.3420201433256686,0.9396926207859084,25.9,45,891.0,8.43,0.0174524064372835,0.9998476951563912,29.4,40,891.0,3.53,0.8290375725550417,0.5591929034707468,17.3,55,725.0,5.3,-0.6018150231520483,0.7986355100472928,5.649999999999999,open-meteo,2026-08-08T09:50:27+00:00
2026-06-14 12:00:00+00:00,FR,load,23.3,39,901.0,2.39,-0.5735764363510465,0.8191520442889916,26.6,40,926.0,8.62,-2.4492935982947064e-16,1.0,30.7,35,941.0,3.88,0.7071067811865475,0.7071067811865476,17.6,55,605.0,5.3,-0.5735764363510465,0.8191520442889916,6.550000000000004,open-meteo,2026-08-08T09:50:27+00:00
2026-06-14 13:00:00+00:00,FR,load,24.3,38,889.0,2.59,-0.6018150231520483,0.7986355100472928,27.2,33,889.0,9.21,-0.0174524064372835,0.9998476951563912,31.4,32,935.0,4.04,0.6293203910498374,0.7771459614569709,18.4,53,471.0,4.1,-0.544639035015027,0.838670567945424,7.325000000000003,open-meteo,2026-08-08T09:50:27+00:00
2026-06-14 14:00:00+00:00,FR,load,25.3,34,839.0,3.49,-0.7880107536067218,0.6156614753256585,27.6,31,790.0,8.92,0.0174524064372835,0.9998476951563912,31.8,28,879.0,4.57,0.573576436351046,0.8191520442889918,18.0,53,500.0,4.2,-0.4848096202463369,0.8746197071393959,7.675000000000001,open-meteo,2026-08-08T09:50:27+00:00
2026-06-14 15:00:00+00:00,FR,load,25.4,33,712.0,4.02,-0.7313537016191703,0.6819983600624987,27.2,32,725.0,9.32,0.0523359562429438,0.9986295347545738,31.8,22,778.0,4.95,0.5591929034707469,0.8290375725550417,17.5,54,465.0,4.6,-2.4492935982947064e-16,1.0,7.474999999999998,open-meteo,2026-08-08T09:50:27+00:00
2026-06-14 16:00:00+00:00,FR,load,25.4,39,605.0,3.95,-0.7193398003386512,0.6946583704589973,26.6,32,588.0,9.71,0.0348994967025009,0.9993908270190958,31.5,22,639.0,4.0,0.5877852522924731,0.8090169943749475,17.4,55,368.0,4.8,-0.4226182617406992,0.90630778703665,7.225000000000001,open-meteo,2026-08-08T09:50:27+00:00
2026-06-14 17:00:00+00:00,FR,load,24.8,34,439.0,5.3,-0.5591929034707466,0.8290375725550418,25.6,38,415.0,9.52,0.0697564737441253,0.9975640502598242,30.9,26,466.0,3.29,0.4999999999999999,0.8660254037844387,17.0,53,321.0,4.3,-0.0697564737441256,0.9975640502598242,6.575000000000003,open-meteo,2026-08-08T09:50:27+00:00
2026-06-14 18:00:00+00:00,FR,load,24.1,35,275.0,4.7,-0.3907311284892739,0.9205048534524404,24.4,36,237.0,8.94,0.1564344650402308,0.9876883405951378,29.5,35,279.0,2.46,0.484809620246337,0.8746197071393957,16.7,51,144.0,4.2,0.0697564737441253,0.9975640502598242,5.675000000000001,open-meteo,2026-08-08T10:03:04+00:00
2026-06-14 19:00:00+00:00,FR,load,22.7,43,132.0,4.5,-0.3420201433256686,0.9396926207859084,21.7,43,83.0,8.3,0.3255681544571567,0.9455185755993168,27.7,37,107.0,2.6,0.3420201433256687,0.9396926207859084,15.9,60,108.0,4.5,0.1218693434051474,0.992546151641322,4.0,open-meteo,2026-08-08T10:03:04+00:00
2026-06-14 20:00:00+00:00,FR,load,20.7,50,21.0,4.8,-0.2923717047227371,0.9563047559630352,19.0,57,5.0,7.57,0.3583679495453002,0.9335804264972016,25.7,36,9.0,2.82,0.3420201433256687,0.9396926207859084,14.3,64,12.0,4.1,0.2419218955996677,0.9702957262759964,1.9250000000000007,open-meteo,2026-08-08T10:03:04+00:00
2026-06-14 21:00:00+00:00,FR,load,18.9,60,0.0,5.35,0.573576436351046,0.8191520442889918,18.2,63,0.0,7.06,0.3255681544571567,0.9455185755993168,24.4,30,0.0,3.22,0.3420201433256687,0.9396926207859084,12.3,76,0.0,4.5,0.6946583704589973,0.7193398003386512,0.4499999999999993,open-meteo,2026-08-08T10:03:04+00:00
2026-06-14 22:00:00+00:00,FR,load,18.1,62,0.0,5.39,0.6018150231520483,0.7986355100472928,16.8,66,0.0,5.64,0.1391731009600654,0.9902680687415704,21.9,35,0.0,4.08,0.4539904997395468,0.8910065241883679,12.6,76,0.0,3.0,0.9455185755993168,0.3255681544571567,0.6499999999999986,open-meteo,2026-08-08T10:03:04+00:00
2026-06-14 23:00:00+00:00,FR,load,17.6,64,0.0,4.78,0.6819983600624985,0.7313537016191705,16.1,67,0.0,6.27,0.0174524064372835,0.9998476951563912,21.7,35,0.0,3.99,0.4694715627858908,0.882947592858927,9.8,86,0.0,3.3,0.6293203910498374,0.7771459614569709,1.6999999999999993,open-meteo,2026-08-08T10:03:04+00:00
2026-06-15 00:00:00+00:00,FR,load,16.2,68,0.0,4.65,0.7431448254773942,0.6691306063588582,15.2,74,0.0,6.85,0.1564344650402308,0.9876883405951378,21.9,38,0.0,3.26,0.6560590289905073,0.754709580222772,8.9,90,0.0,1.4,0.6156614753256583,0.7880107536067219,2.450000000000001,open-meteo,2026-08-08T10:03:04+00:00
2026-06-15 01:00:00+00:00,FR,load,15.2,71,0.0,4.19,0.9335804264972016,0.3583679495453004,14.6,75,0.0,6.58,0.2588190451025207,0.9659258262890684,21.2,38,0.0,1.53,0.766044443118978,0.6427876096865394,8.5,91,0.0,2.6,0.2079116908177593,-0.9781476007338056,3.125,open-meteo,2026-08-08T10:03:04+00:00
2026-06-15 02:00:00+00:00,FR,load,14.6,73,0.0,4.3,0.8660254037844386,0.5000000000000001,14.1,76,0.0,6.79,0.3090169943749474,0.9510565162951536,18.7,44,0.0,1.06,0.5591929034707469,0.8290375725550417,8.0,91,0.0,0.4,-0.8290375725550416,0.559192903470747,4.15,open-meteo,2026-08-08T10:03:04+00:00
2026-06-15 03:00:00+00:00,FR,load,13.7,76,0.0,3.97,0.9396926207859084,0.3420201433256688,13.9,71,0.0,7.35,0.2756373558169991,0.9612616959383188,17.4,50,0.0,1.12,0.2588190451025207,0.9659258262890684,7.4,92,0.0,2.5,0.1908089953765448,0.981627183447664,4.9,open-meteo,2026-08-08T10:03:04+00:00
2026-06-15 04:00:00+00:00,FR,load,13.7,77,0.0,4.33,0.9743700647852352,0.2249510543438649,13.5,72,0.0,7.16,0.2923717047227367,0.9563047559630354,16.5,54,0.0,0.79,-0.1218693434051472,0.992546151641322,8.2,91,2.0,0.7,0.0348994967025009,0.9993908270190958,5.024999999999999,open-meteo,2026-08-08T09:50:27+00:00
2026-06-15 05:00:00+00:00,FR,load,14.1,76,35.0,4.03,0.9975640502598242,-0.0697564737441253,13.7,73,43.0,6.2,0.2756373558169991,0.9612616959383188,15.7,62,19.0,0.79,-0.8660254037844386,0.5000000000000001,8.7,89,69.0,2.5,0.224951054343865,0.9743700647852352,4.949999999999999,open-meteo,2026-08-08T09:50:27+00:00
2026-06-15 06:00:00+00:00,FR,load,14.7,73,133.0,4.24,0.8290375725550417,-0.5591929034707467,15.5,68,174.0,8.86,0.1045284632676534,0.9945218953682732,16.5,74,133.0,1.31,-0.8910065241883679,0.4539904997395466,11.3,83,175.0,1.1,0.5877852522924731,0.8090169943749475,3.5,open-meteo,2026-08-08T09:50:27+00:00
2026-06-15 07:00:00+00:00,FR,load,15.9,68,312.0,3.37,0.9902680687415704,-0.1391731009600653,17.1,65,344.0,7.1,0.1045284632676534,0.9945218953682732,20.2,62,303.0,1.86,-0.9510565162951536,0.3090169943749472,14.1,69,296.0,0.7,0.9902680687415704,0.1391731009600654,1.1750000000000007,open-meteo,2026-08-08T09:50:27+00:00
2026-06-15 08:00:00+00:00,FR,load,17.3,62,404.0,3.01,0.9455185755993168,-0.3255681544571566,19.0,61,520.0,6.87,0.0523359562429438,0.9986295347545738,22.4,56,486.0,2.11,-0.9743700647852352,0.2249510543438649,15.3,68,220.0,0.5,-0.6018150231520484,-0.7986355100472928,0.5,open-meteo,2026-08-08T09:50:27+00:00
2026-06-15 09:00:00+00:00,FR,load,19.9,56,486.0,3.85,0.9659258262890684,-0.2588190451025208,22.1,48,680.0,7.55,0.0174524064372835,0.9998476951563912,25.0,46,657.0,2.31,-0.8090169943749476,0.5877852522924729,16.8,61,319.0,1.0,0.2923717047227366,-0.9563047559630355,2.95,open-meteo,2026-08-08T09:50:27+00:00
2026-06-15 10:00:00+00:00,FR,load,20.6,55,501.0,3.73,0.8660254037844387,-0.4999999999999998,24.4,40,812.0,8.08,0.1045284632676534,0.9945218953682732,27.1,39,797.0,2.96,-0.8290375725550416,0.559192903470747,16.7,59,471.0,2.1,0.3090169943749475,-0.9510565162951536,4.199999999999999,open-meteo,2026-08-08T09:50:27+00:00
2026-06-15 11:00:00+00:00,FR,load,22.7,50,675.0,3.38,0.8660254037844387,-0.4999999999999998,26.4,31,900.0,9.37,0.1218693434051474,0.992546151641322,28.9,35,896.0,3.26,-0.7193398003386512,0.6946583704589973,17.4,58,471.0,1.4,0.5446390350150273,-0.8386705679454239,5.850000000000001,open-meteo,2026-08-08T09:50:27+00:00
2026-06-15 12:00:00+00:00,FR,load,24.6,46,820.0,3.51,0.8660254037844387,-0.4999999999999998,27.0,28,938.0,9.06,0.1045284632676534,0.9945218953682732,30.2,31,945.0,2.61,-0.5591929034707466,0.8290375725550418,16.7,64,134.0,0.9,-0.5000000000000001,-0.8660254037844386,6.625,open-meteo,2026-08-08T09:50:27+00:00
2026-06-15 13:00:00+00:00,FR,load,25.9,42,713.0,3.61,0.6819983600624986,-0.7313537016191705,27.9,26,918.0,9.07,0.1045284632676534,0.9945218953682732,31.2,27,941.0,2.26,-0.3090169943749477,0.9510565162951536,17.0,60,203.0,4.1,0.7071067811865476,-0.7071067811865475,7.5,open-meteo,2026-08-08T09:50:27+00:00
2026-06-15 14:00:00+00:00,FR,load,26.8,40,790.0,3.53,0.5591929034707469,-0.8290375725550416,28.4,24,850.0,9.13,0.1564344650402308,0.9876883405951378,31.8,25,883.0,2.65,-2.4492935982947064e-16,1.0,18.0,59,369.0,5.1,0.6018150231520482,-0.7986355100472929,8.25,open-meteo,2026-08-08T09:50:27+00:00
2026-06-15 15:00:00+00:00,FR,load,27.1,39,426.0,3.29,0.3907311284892737,-0.9205048534524404,27.8,23,737.0,9.18,0.1218693434051474,0.992546151641322,31.7,23,778.0,3.43,0.0348994967025009,0.9993908270190958,19.3,56,266.0,5.8,0.5446390350150273,-0.8386705679454239,8.475000000000001,open-meteo,2026-08-08T10:03:04+00:00
2026-06-15 16:00:00+00:00,FR,load,27.9,36,558.0,3.34,0.0871557427476582,-0.9961946980917455,27.4,25,591.0,9.09,0.1218693434051474,0.992546151641322,31.5,21,637.0,3.21,0.2079116908177593,0.9781476007338056,19.6,55,379.0,5.2,0.3090169943749475,-0.9510565162951536,8.600000000000001,open-meteo,2026-08-08T10:03:04+00:00
2026-06-15 17:00:00+00:00,FR,load,27.7,35,356.0,3.57,-0.3583679495453004,-0.9335804264972016,26.7,27,419.0,9.93,0.0871557427476581,0.9961946980917455,31.0,22,465.0,2.87,0.1391731009600654,0.9902680687415704,19.3,62,259.0,4.1,0.7986355100472927,-0.6018150231520484,8.175,open-meteo,2026-08-08T09:50:27+00:00
2026-06-15 18:00:00+00:00,FR,load,26.0,41,107.0,6.1,-0.7071067811865475,-0.7071067811865477,25.6,29,240.0,10.13,0.0871557427476581,0.9961946980917455,29.5,30,281.0,2.53,-0.5877852522924734,0.8090169943749473,20.1,57,172.0,5.3,0.766044443118978,-0.6427876096865394,7.299999999999997,open-meteo,2026-08-08T10:03:04+00:00
2026-06-15 19:00:00+00:00,FR,load,23.9,52,49.0,4.82,-0.9961946980917455,-0.0871557427476582,23.2,38,84.0,10.68,0.1908089953765448,0.981627183447664,27.0,33,111.0,2.99,-0.8480480961564262,0.5299192642332047,18.4,64,107.0,6.2,0.766044443118978,-0.6427876096865394,5.125,open-meteo,2026-08-08T09:50:27+00:00
2026-06-15 20:00:00+00:00,FR,load,22.6,63,6.0,0.62,-0.3090169943749473,-0.9510565162951536,21.2,38,5.0,9.15,0.2756373558169991,0.9612616959383188,24.1,35,9.0,3.47,-0.9612616959383188,0.2756373558169994,17.0,75,25.0,6.0,0.9135454576426008,-0.4067366430758002,3.2250000000000014,open-meteo,2026-08-08T09:50:27+00:00
2026-06-15 21:00:00+00:00,FR,load,22.3,60,0.0,4.54,0.9702957262759964,-0.2419218955996677,19.8,40,0.0,6.44,0.4694715627858908,0.882947592858927,22.1,40,0.0,5.29,-0.9998476951563912,-0.0174524064372834,16.9,67,0.0,7.7,0.838670567945424,-0.5446390350150272,2.2749999999999986,open-meteo,2026-08-08T09:50:27+00:00
2026-06-15 22:00:00+00:00,FR,load,21.8,61,0.0,4.64,0.7193398003386511,-0.6946583704589974,18.0,48,0.0,4.78,0.6819983600624985,0.7313537016191705,21.0,64,0.0,9.91,-0.9876883405951378,0.1564344650402306,16.1,74,0.0,7.6,0.6560590289905073,-0.754709580222772,1.2250000000000014,open-meteo,2026-08-08T10:03:04+00:00
2026-06-15 23:00:00+00:00,FR,load,21.4,61,0.0,4.71,0.2923717047227366,-0.9563047559630355,16.8,57,0.0,3.81,0.4383711467890774,0.898794046299167,20.1,82,0.0,9.05,-0.9961946980917455,0.0871557427476578,16.1,77,0.0,6.9,0.4694715627858907,-0.882947592858927,0.6000000000000014,open-meteo,2026-08-08T09:50:27+00:00
2026-06-16 00:00:00+00:00,FR,load,21.0,66,0.0,5.33,0.1218693434051475,-0.992546151641322,15.7,64,0.0,4.34,0.4226182617406994,0.90630778703665,18.7,84,0.0,8.26,-0.9961946980917455,0.0871557427476578,16.5,68,0.0,7.4,-0.2419218955996675,-0.9702957262759964,0.0249999999999985,open-meteo,2026-08-08T09:50:27+00:00
2026-06-16 01:00:00+00:00,FR,load,21.2,60,0.0,4.93,-0.3583679495453004,-0.9335804264972016,15.4,62,0.0,4.76,0.5299192642332049,0.848048096156426,17.5,89,0.0,8.54,-0.9986295347545738,-0.0523359562429443,16.0,74,0.0,8.2,-0.8090169943749473,-0.5877852522924732,0.4750000000000014,open-meteo,2026-08-08T09:50:27+00:00
2026-06-16 02:00:00+00:00,FR,load,20.5,65,0.0,2.46,0.0871557427476582,-0.9961946980917455,15.3,61,0.0,5.08,0.4694715627858908,0.882947592858927,16.6,93,0.0,7.46,-0.9986295347545738,-0.0523359562429443,16.4,75,0.0,7.4,-0.656059028990507,-0.7547095802227721,0.8000000000000007,open-meteo,2026-08-08T09:50:27+00:00
2026-06-16 03:00:00+00:00,FR,load,19.7,71,0.0,6.09,0.4694715627858907,-0.882947592858927,15.5,61,0.0,5.31,0.4999999999999999,0.8660254037844387,16.4,95,0.0,5.69,-0.981627183447664,0.1908089953765451,16.1,81,0.0,8.2,-0.6691306063588582,-0.7431448254773942,1.0749999999999993,open-meteo,2026-08-08T10:03:04+00:00
2026-06-16 04:00:00+00:00,FR,load,19.3,70,0.0,6.84,0.2249510543438652,-0.9743700647852352,15.4,61,0.0,4.59,0.5591929034707469,0.8290375725550417,16.4,94,0.0,5.61,-0.9612616959383188,0.2756373558169994,15.6,83,1.0,5.0,-0.9335804264972016,-0.3583679495453007,1.3249999999999993,open-meteo,2026-08-08T10:03:04+00:00
2026-06-16 05:00:00+00:00,FR,load,19.3,76,26.0,2.19,-0.8910065241883679,0.4539904997395466,16.2,65,44.0,4.93,0.6560590289905073,0.754709580222772,16.7,92,14.0,5.18,-0.9659258262890684,0.2588190451025203,15.3,85,13.0,5.4,-0.9975640502598244,0.0697564737441252,1.125,open-meteo,2026-08-08T09:50:27+00:00
2026-06-16 06:00:00+00:00,FR,load,20.4,76,89.0,1.55,-0.9510565162951536,-0.3090169943749475,18.5,65,173.0,4.9,0.6018150231520483,0.7986355100472928,17.4,86,83.0,5.73,-0.9396926207859084,0.342020143325669,15.4,81,123.0,6.6,-0.8987940462991668,-0.4383711467890777,0.0749999999999992,open-meteo,2026-08-08T09:50:27+00:00
2026-06-16 07:00:00+00:00,FR,load,21.2,67,175.0,2.45,-0.275637355816999,-0.9612616959383188,21.1,53,338.0,2.68,0.4067366430758002,0.9135454576426008,18.7,80,179.0,4.22,-0.9271838545667874,0.3746065934159119,16.1,84,114.0,4.0,-0.9945218953682734,-0.1045284632676533,1.2749999999999986,open-meteo,2026-08-08T10:03:04+00:00
2026-06-16 08:00:00+00:00,FR,load,22.0,69,237.0,3.41,-0.9510565162951536,0.3090169943749472,22.5,50,511.0,2.74,-2.4492935982947064e-16,1.0,20.2,73,360.0,3.51,-0.9205048534524404,0.3907311284892735,17.9,79,361.0,3.4,-0.984807753012208,-0.1736481776669303,2.6499999999999986,open-meteo,2026-08-08T09:50:27+00:00
2026-06-16 09:00:00+00:00,FR,load,22.9,72,526.0,3.38,-0.8660254037844386,0.5000000000000001,25.2,42,667.0,3.94,0.2419218955996677,0.9702957262759964,21.5,72,560.0,2.43,-0.6819983600624984,0.7313537016191707,19.7,72,438.0,2.2,-0.9902680687415704,-0.1391731009600658,4.324999999999999,open-meteo,2026-08-08T09:50:27+00:00
2026-06-16 10:00:00+00:00,FR,load,23.1,71,584.0,4.47,-0.898794046299167,0.4383711467890774,27.2,37,790.0,3.11,0.224951054343865,0.9743700647852352,23.2,67,754.0,2.54,-0.4694715627858908,0.882947592858927,20.0,72,333.0,2.5,-0.8746197071393956,0.4848096202463373,5.375,open-meteo,2026-08-08T10:03:04+00:00
2026-06-16 11:00:00+00:00,FR,load,24.2,62,691.0,4.83,-0.9510565162951536,0.3090169943749472,28.9,34,868.0,2.75,0.0348994967025009,0.9993908270190958,24.9,62,863.0,2.36,-0.2923717047227371,0.9563047559630352,20.7,69,722.0,4.4,-0.7660444431189781,0.6427876096865393,6.675000000000001,open-meteo,2026-08-08T10:03:04+00:00
2026-06-16 12:00:00+00:00,FR,load,26.0,54,875.0,5.3,-0.9612616959383188,0.2756373558169994,30.0,27,914.0,2.79,0.1736481776669303,0.984807753012208,25.7,60,917.0,2.81,-0.2079116908177598,0.9781476007338056,22.7,60,688.0,2.9,-0.8191520442889918,0.573576436351046,8.100000000000001,open-meteo,2026-08-08T10:03:04+00:00
2026-06-16 13:00:00+00:00,FR,load,26.5,52,808.0,5.48,-0.9135454576426012,0.4067366430757997,30.7,25,876.0,2.46,0.0871557427476581,0.9961946980917455,27.3,55,888.0,2.79,-0.1736481776669304,0.984807753012208,21.1,64,333.0,4.0,-0.7986355100472932,0.6018150231520479,8.399999999999999,open-meteo,2026-08-08T09:50:27+00:00
2026-06-16 14:00:00+00:00,FR,load,27.0,44,710.0,5.61,-0.8910065241883679,0.4539904997395466,31.0,23,736.0,2.29,0.1736481776669303,0.984807753012208,28.5,51,846.0,2.59,-0.1908089953765446,0.981627183447664,22.8,62,519.0,2.9,-0.8829475928589271,0.4694715627858904,9.325,open-meteo,2026-08-08T10:03:04+00:00
2026-06-16 15:00:00+00:00,FR,load,27.2,43,681.0,5.04,-0.8746197071393956,0.4848096202463373,30.6,24,705.0,3.07,0.374606593415912,0.9271838545667874,28.4,52,759.0,3.29,-0.1736481776669304,0.984807753012208,22.7,63,586.0,4.2,-0.8386705679454243,0.5446390350150266,9.224999999999998,open-meteo,2026-08-08T10:03:04+00:00
2026-06-16 16:00:00+00:00,FR,load,27.1,39,604.0,4.81,-0.8386705679454243,0.5446390350150266,30.3,22,567.0,3.89,0.5591929034707469,0.8290375725550417,28.8,49,615.0,2.45,-0.2756373558169989,0.9612616959383188,21.8,65,217.0,4.3,-0.1736481776669304,0.984807753012208,9.0,open-meteo,2026-08-08T09:50:27+00:00
2026-06-16 17:00:00+00:00,FR,load,26.6,40,445.0,4.93,-0.7547095802227722,0.656059028990507,29.7,26,408.0,3.99,0.90630778703665,0.4226182617406994,28.7,49,446.0,2.0,-0.1908089953765446,0.981627183447664,22.3,64,362.0,3.6,-0.3090169943749477,0.9510565162951536,8.825,open-meteo,2026-08-08T10:03:04+00:00
2026-06-16 18:00:00+00:00,FR,load,26.2,45,243.0,4.88,-0.6156614753256582,0.7880107536067221,28.6,30,234.0,2.95,0.9975640502598242,0.0697564737441252,27.7,51,267.0,3.05,0.1045284632676534,0.9945218953682732,20.8,70,282.0,5.3,-0.984807753012208,-0.1736481776669303,7.824999999999999,open-meteo,2026-08-08T10:03:04+00:00
2026-06-16 19:00:00+00:00,FR,load,24.8,51,116.0,5.7,-0.4067366430758001,0.9135454576426008,25.5,38,82.0,3.29,0.8660254037844387,-0.4999999999999998,25.9,58,104.0,2.91,0.3420201433256687,0.9396926207859084,20.0,76,126.0,2.4,-0.961261695938319,-0.2756373558169989,6.049999999999997,open-meteo,2026-08-08T10:03:04+00:00
2026-06-16 20:00:00+00:00,FR,load,22.7,55,23.0,6.88,-0.2923717047227371,0.9563047559630352,22.7,41,5.0,3.26,0.7193398003386511,-0.6946583704589974,24.3,64,9.0,2.15,0.4999999999999999,0.8660254037844387,19.1,75,12.0,5.0,-0.9781476007338056,-0.2079116908177598,4.200000000000003,open-meteo,2026-08-08T09:50:27+00:00
2026-06-16 21:00:00+00:00,FR,load,21.0,64,0.0,6.58,-0.2588190451025207,0.9659258262890684,22.3,45,0.0,4.42,0.2249510543438652,-0.9743700647852352,23.2,66,0.0,1.85,0.5299192642332049,0.848048096156426,17.3,81,0.0,4.8,-0.9396926207859084,-0.3420201433256685,2.95,open-meteo,2026-08-08T10:03:04+00:00
2026-06-16 22:00:00+00:00,FR,load,19.9,72,0.0,5.39,-0.3255681544571567,0.9455185755993168,21.3,66,0.0,10.29,1.2246467991473532e-16,-1.0,21.8,70,0.0,1.18,0.6691306063588582,0.7431448254773942,16.7,77,0.0,4.8,-0.913545457642601,-0.4067366430758001,1.9250000000000007,open-meteo,2026-08-08T09:50:27+00:00
2026-06-16 23:00:00+00:00,FR,load,19.0,76,0.0,5.4,-0.2756373558169989,0.9612616959383188,20.9,65,0.0,9.9,-0.0348994967025009,-0.9993908270190958,21.1,72,0.0,0.66,0.8910065241883679,0.4539904997395468,16.6,77,0.0,4.1,-0.9271838545667872,-0.3746065934159123,1.3999999999999986,open-meteo,2026-08-08T09:50:27+00:00
2026-06-17 00:00:00+00:00,FR,load,18.0,80,0.0,4.03,-0.0697564737441256,0.9975640502598242,20.4,66,0.0,9.41,-0.0174524064372836,-0.9998476951563912,20.6,74,0.0,0.75,0.9205048534524404,0.3907311284892737,15.1,87,0.0,4.8,-0.8386705679454242,-0.544639035015027,0.5249999999999986,open-meteo,2026-08-08T09:50:27+00:00
2026-06-17 01:00:00+00:00,FR,load,17.4,84,0.0,2.02,0.3907311284892737,0.9205048534524404,19.3,67,0.0,6.66,-0.0174524064372836,-0.9998476951563912,19.9,76,0.0,0.6,0.9876883405951378,0.1564344650402309,14.7,92,0.0,5.2,-0.7660444431189779,-0.6427876096865395,0.1750000000000007,open-meteo,2026-08-08T10:03:04+00:00
2026-06-17 02:00:00+00:00,FR,load,17.5,83,0.0,1.2,0.8191520442889918,0.573576436351046,18.6,68,0.0,5.12,-0.0871557427476579,-0.9961946980917455,18.7,80,0.0,0.6,0.9876883405951378,-0.1564344650402308,14.6,96,0.0,5.0,-0.6946583704589974,-0.7193398003386511,0.6500000000000021,open-meteo,2026-08-08T09:50:27+00:00
2026-06-17 03:00:00+00:00,FR,load,16.9,82,0.0,1.59,0.6819983600624986,-0.7313537016191705,17.3,70,0.0,2.9,-0.2079116908177595,-0.9781476007338056,17.2,87,0.0,0.66,0.8910065241883679,0.4539904997395468,14.8,93,0.0,5.4,-0.5150380749100542,-0.8571673007021123,1.4499999999999993,open-meteo,2026-08-08T09:50:27+00:00
2026-06-17 04:00:00+00:00,FR,load,16.6,83,0.0,1.06,0.5591929034707469,-0.8290375725550416,16.7,72,0.0,1.38,0.0697564737441255,-0.9975640502598242,16.7,89,0.0,0.84,0.8090169943749475,0.5877852522924731,14.0,97,2.0,6.5,-0.5299192642332048,-0.8480480961564261,2.0,open-meteo,2026-08-08T09:50:27+00:00
2026-06-17 05:00:00+00:00,FR,load,17.0,83,38.0,1.23,0.4848096202463371,-0.8746197071393957,17.5,68,41.0,0.9,0.6560590289905073,-0.754709580222772,16.8,89,18.0,0.92,0.848048096156426,0.5299192642332049,15.8,91,45.0,5.6,-0.6427876096865393,-0.766044443118978,1.2250000000000014,open-meteo,2026-08-08T10:03:04+00:00
2026-06-17 06:00:00+00:00,FR,load,18.9,76,145.0,1.12,0.788010753606722,-0.6156614753256583,19.9,67,166.0,0.49,0.6018150231520483,0.7986355100472928,18.3,90,127.0,1.18,1.0,6.123233995736766e-17,16.4,87,48.0,5.3,-0.874619707139396,-0.4848096202463368,0.375,open-meteo,2026-08-08T09:50:27+00:00
2026-06-17 07:00:00+00:00,FR,load,20.9,67,310.0,1.04,0.7547095802227721,-0.6560590289905072,22.4,56,330.0,0.93,0.3090169943749474,0.9510565162951536,22.2,78,291.0,1.31,0.9743700647852352,-0.224951054343865,17.7,83,264.0,5.5,-0.8191520442889916,-0.5735764363510464,2.8000000000000007,open-meteo,2026-08-08T09:50:27+00:00
2026-06-17 08:00:00+00:00,FR,load,22.6,59,466.0,1.41,0.5591929034707469,-0.8290375725550416,24.4,55,502.0,2.71,0.224951054343865,0.9743700647852352,24.3,69,468.0,0.98,0.9945218953682732,-0.1045284632676535,19.9,78,293.0,5.1,-0.9396926207859084,-0.3420201433256685,4.799999999999997,open-meteo,2026-08-08T10:03:04+00:00
2026-06-17 09:00:00+00:00,FR,load,24.9,49,626.0,1.69,0.5877852522924732,-0.8090169943749473,26.1,51,657.0,2.59,0.1908089953765448,0.981627183447664,26.5,62,636.0,1.83,0.9612616959383188,0.2756373558169991,21.4,73,530.0,4.7,-0.874619707139396,-0.4848096202463368,6.725000000000001,open-meteo,2026-08-08T10:03:04+00:00
2026-06-17 10:00:00+00:00,FR,load,26.5,45,729.0,1.58,0.4999999999999999,-0.8660254037844387,28.2,44,786.0,1.29,0.1564344650402308,0.9876883405951378,28.6,55,775.0,2.29,0.984807753012208,0.1736481776669304,22.5,67,745.0,4.8,-0.8660254037844384,-0.5000000000000004,8.450000000000003,open-meteo,2026-08-08T10:03:04+00:00
2026-06-17 11:00:00+00:00,FR,load,28.0,41,826.0,1.8,0.4848096202463371,-0.8746197071393957,30.0,38,873.0,1.1,-0.1736481776669304,0.984807753012208,30.6,44,873.0,2.47,0.992546151641322,0.1218693434051474,24.2,62,815.0,5.3,-0.8987940462991668,-0.4383711467890777,10.2,open-meteo,2026-08-08T10:03:04+00:00
2026-06-17 12:00:00+00:00,FR,load,29.3,40,881.0,2.45,1.2246467991473532e-16,-1.0,31.1,35,911.0,1.47,-0.0697564737441256,0.9975640502598242,32.3,35,923.0,2.67,0.9902680687415704,0.1391731009600654,24.7,61,496.0,5.0,-0.7880107536067221,-0.6156614753256581,11.35,open-meteo,2026-08-08T10:03:04+00:00
2026-06-17 13:00:00+00:00,FR,load,30.1,39,838.0,2.77,-0.1391731009600655,-0.9902680687415704,32.1,29,897.0,1.52,0.2588190451025207,0.9659258262890684,33.5,30,919.0,2.64,0.9659258262890684,0.2588190451025207,25.9,57,824.0,4.5,-0.7771459614569706,-0.6293203910498378,12.4,open-meteo,2026-08-08T10:03:04+00:00
2026-06-17 14:00:00+00:00,FR,load,30.6,36,766.0,2.59,-0.6018150231520484,-0.7986355100472928,32.7,28,834.0,2.79,0.1736481776669303,0.984807753012208,34.2,28,865.0,2.55,0.9205048534524404,0.3907311284892737,26.0,55,744.0,3.1,-0.6691306063588582,-0.7431448254773942,12.875,open-meteo,2026-08-08T10:03:04+00:00
2026-06-17 15:00:00+00:00,FR,load,31.0,37,716.0,2.21,-0.2249510543438649,-0.9743700647852352,32.2,27,722.0,2.79,0.3090169943749474,0.9510565162951536,33.9,28,761.0,2.72,0.8660254037844386,0.5000000000000001,24.9,61,662.0,5.3,-0.7313537016191703,-0.6819983600624986,12.5,open-meteo,2026-08-08T10:03:04+00:00
2026-06-17 16:00:00+00:00,FR,load,31.3,29,569.0,4.87,-0.90630778703665,-0.4226182617406991,32.0,26,575.0,3.23,0.2419218955996677,0.9702957262759964,33.8,27,619.0,2.5,0.8571673007021123,0.5150380749100542,27.5,54,412.0,4.3,-0.9205048534524404,-0.3907311284892738,13.15,open-meteo,2026-08-08T10:03:04+00:00
2026-06-17 17:00:00+00:00,FR,load,30.6,38,453.0,3.23,-0.5735764363510462,-0.8191520442889918,31.3,25,407.0,3.21,0.5150380749100542,0.8571673007021123,33.4,27,450.0,1.63,0.838670567945424,0.5446390350150271,27.5,50,410.0,4.2,-0.8191520442889916,-0.5735764363510464,12.700000000000005,open-meteo,2026-08-08T10:03:04+00:00
2026-06-17 18:00:00+00:00,FR,load,30.2,38,283.0,3.81,-0.7193398003386512,-0.6946583704589973,30.3,29,233.0,1.88,0.4694715627858908,0.882947592858927,32.4,34,272.0,3.26,0.9335804264972016,-0.3583679495453002,25.7,63,276.0,2.9,-0.7547095802227722,0.656059028990507,11.650000000000002,open-meteo,2026-08-08T10:03:04+00:00
2026-06-17 19:00:00+00:00,FR,load,28.2,42,134.0,2.99,-0.848048096156426,-0.529919264233205,27.8,40,83.0,2.16,0.6293203910498374,0.7771459614569709,29.3,39,106.0,5.78,0.777145961456971,-0.6293203910498373,23.9,69,58.0,4.2,-0.7986355100472932,0.6018150231520479,9.299999999999995,open-meteo,2026-08-08T10:03:04+00:00
2026-06-17 20:00:00+00:00,FR,load,25.8,53,24.0,2.43,-0.6427876096865393,-0.766044443118978,24.5,48,5.0,2.81,0.8746197071393957,0.4848096202463371,26.3,45,9.0,7.08,0.7431448254773942,-0.6691306063588582,22.0,73,32.0,4.5,-0.9135454576426012,0.4067366430757997,6.649999999999999,open-meteo,2026-08-08T09:50:27+00:00
2026-06-17 21:00:00+00:00,FR,load,23.3,58,0.0,2.65,-0.9975640502598244,0.0697564737441252,23.0,50,0.0,1.81,0.9743700647852352,0.2249510543438649,24.8,49,0.0,8.19,0.6691306063588585,-0.743144825477394,21.7,70,0.0,3.8,-0.981627183447664,0.1908089953765451,5.199999999999999,open-meteo,2026-08-08T09:50:27+00:00
2026-06-17 22:00:00+00:00,FR,load,22.5,68,0.0,7.77,-0.2419218955996678,0.9702957262759964,21.9,48,0.0,3.17,0.1564344650402309,-0.9876883405951375,23.8,55,0.0,8.23,0.6156614753256584,-0.7880107536067219,18.3,83,0.0,6.0,-0.9975640502598244,0.0697564737441252,3.625,open-meteo,2026-08-08T09:50:27+00:00
2026-06-17 23:00:00+00:00,FR,load,21.3,79,0.0,7.17,0.0697564737441253,0.9975640502598242,21.5,62,0.0,6.27,-0.0174524064372836,-0.9998476951563912,23.1,59,0.0,8.16,0.6293203910498374,-0.7771459614569709,17.0,86,0.0,4.7,-0.9781476007338056,-0.2079116908177598,2.7250000000000014,open-meteo,2026-08-08T09:50:27+00:00
2026-06-18 00:00:00+00:00,FR,load,20.5,80,0.0,5.89,0.2588190451025207,0.9659258262890684,20.4,68,0.0,4.72,0.0871557427476582,-0.9961946980917455,22.6,61,0.0,8.67,0.6819983600624986,-0.7313537016191705,17.5,82,0.0,3.7,-0.9902680687415704,-0.1391731009600658,2.25,open-meteo,2026-08-08T10:03:04+00:00
2026-06-18 01:00:00+00:00,FR,load,19.7,82,0.0,4.65,0.4226182617406994,0.90630778703665,20.0,67,0.0,5.42,0.1045284632676537,-0.9945218953682732,22.1,62,0.0,8.59,0.6819983600624986,-0.7313537016191705,15.5,93,0.0,5.1,-0.9986295347545738,0.0523359562429439,1.3250000000000028,open-meteo,2026-08-08T10:03:04+00:00
2026-06-18 02:00:00+00:00,FR,load,19.0,81,0.0,5.08,0.4226182617406994,0.90630778703665,19.7,65,0.0,6.4,0.0871557427476582,-0.9961946980917455,21.7,61,0.0,8.87,0.6819983600624986,-0.7313537016191705,14.7,94,0.0,4.3,-0.9876883405951375,-0.156434465040231,0.7750000000000021,open-meteo,2026-08-08T10:03:04+00:00
2026-06-18 03:00:00+00:00,FR,load,18.6,75,0.0,5.14,0.573576436351046,0.8191520442889918,18.9,67,0.0,4.45,0.1391731009600653,-0.9902680687415704,20.8,67,0.0,7.36,0.6560590289905073,-0.754709580222772,14.3,93,0.0,3.4,-0.9961946980917455,0.0871557427476578,0.1499999999999985,open-meteo,2026-08-08T10:03:04+00:00
2026-06-18 04:00:00+00:00,FR,load,18.0,77,0.0,3.7,0.6018150231520483,0.7986355100472928,18.3,68,0.0,3.64,0.0871557427476582,-0.9961946980917455,20.2,69,0.0,6.47,0.6293203910498374,-0.7771459614569709,13.7,94,3.0,4.5,-0.9271838545667872,-0.3746065934159123,0.4499999999999993,open-meteo,2026-08-08T10:03:04+00:00
2026-06-18 05:00:00+00:00,FR,load,18.3,79,44.0,3.2,0.6427876096865393,0.766044443118978,18.9,67,41.0,2.69,0.1736481776669302,-0.984807753012208,20.0,72,18.0,6.23,0.6018150231520482,-0.7986355100472929,15.1,92,61.0,3.8,-0.8910065241883678,-0.4539904997395469,0.0749999999999992,open-meteo,2026-08-08T10:03:04+00:00
2026-06-18 06:00:00+00:00,FR,load,20.6,70,164.0,2.32,0.8829475928589269,0.4694715627858908,20.6,68,167.0,2.75,-0.0697564737441252,-0.9975640502598242,21.3,71,127.0,6.2,0.6293203910498374,-0.7771459614569709,16.6,85,172.0,3.1,-0.8660254037844384,-0.5000000000000004,1.7749999999999986,open-meteo,2026-08-08T10:03:04+00:00
2026-06-18 07:00:00+00:00,FR,load,22.8,64,318.0,1.36,0.8660254037844386,0.5000000000000001,22.9,57,329.0,2.88,0.1736481776669302,-0.984807753012208,22.9,65,293.0,6.17,0.7313537016191706,-0.6819983600624984,19.1,73,332.0,1.4,-0.6156614753256582,-0.788010753606722,3.924999999999997,open-meteo,2026-08-08T09:50:27+00:00
2026-06-18 08:00:00+00:00,FR,load,25.1,56,479.0,1.43,0.9612616959383188,0.2756373558169991,24.5,51,500.0,3.44,0.0871557427476582,-0.9961946980917455,24.7,59,472.0,6.14,0.777145961456971,-0.6293203910498373,21.3,63,490.0,0.6,0.3746065934159122,-0.9271838545667872,5.899999999999999,open-meteo,2026-08-08T10:03:04+00:00
2026-06-18 09:00:00+00:00,FR,load,27.7,48,631.0,2.1,0.8829475928589269,-0.4694715627858909,26.9,42,658.0,3.63,1.2246467991473532e-16,-1.0,27.4,51,641.0,6.35,0.8910065241883679,-0.4539904997395467,22.7,59,637.0,0.6,0.754709580222772,0.6560590289905073,8.175,open-meteo,2026-08-08T09:50:27+00:00
2026-06-18 10:00:00+00:00,FR,load,30.1,41,756.0,2.22,0.7547095802227721,-0.6560590289905072,28.9,38,788.0,3.24,-0.0523359562429435,-0.9986295347545738,30.2,37,781.0,8.15,0.9396926207859084,-0.3420201433256687,25.0,51,743.0,0.7,0.8987940462991669,-0.4383711467890775,10.55,open-meteo,2026-08-08T09:50:27+00:00
2026-06-18 11:00:00+00:00,FR,load,32.2,36,845.0,2.96,0.5591929034707469,-0.8290375725550416,30.8,34,875.0,2.79,-0.1736481776669304,-0.984807753012208,32.1,27,887.0,9.33,0.9455185755993168,-0.3255681544571566,26.8,49,825.0,1.4,0.8480480961564261,-0.5299192642332048,12.474999999999998,open-meteo,2026-08-08T09:50:27+00:00
2026-06-18 12:00:00+00:00,FR,load,33.7,34,886.0,3.66,0.2756373558169992,-0.9612616959383188,32.0,34,913.0,1.88,-0.1564344650402307,-0.9876883405951378,33.1,26,939.0,9.44,0.9205048534524404,-0.3907311284892737,27.8,48,827.0,2.4,0.90630778703665,-0.4226182617406993,13.650000000000002,open-meteo,2026-08-08T09:50:27+00:00
2026-06-18 13:00:00+00:00,FR,load,34.8,30,878.0,4.62,0.2923717047227366,-0.9563047559630355,33.0,29,895.0,2.75,-0.0348994967025009,-0.9993908270190958,33.3,28,933.0,9.46,0.8987940462991669,-0.4383711467890775,29.0,43,843.0,1.2,0.4848096202463371,-0.8746197071393957,14.525,open-meteo,2026-08-08T09:50:27+00:00
2026-06-18 14:00:00+00:00,FR,load,35.3,28,737.0,3.65,-0.1045284632676535,-0.9945218953682732,33.6,25,834.0,4.8,-0.0348994967025009,-0.9993908270190958,33.4,30,872.0,9.78,0.838670567945424,-0.5446390350150272,29.9,40,582.0,2.3,0.4694715627858907,-0.882947592858927,15.050000000000004,open-meteo,2026-08-08T09:50:27+00:00
2026-06-18 15:00:00+00:00,FR,load,34.8,28,509.0,5.5,0.1908089953765449,-0.981627183447664,33.1,24,724.0,5.54,-0.2249510543438649,-0.9743700647852352,32.4,29,763.0,10.63,0.8191520442889917,-0.5735764363510462,30.0,41,694.0,1.7,-0.0871557427476579,-0.9961946980917455,14.575000000000005,open-meteo,2026-08-08T09:50:27+00:00
2026-06-18 16:00:00+00:00,FR,load,34.5,30,374.0,4.02,-0.5591929034707467,-0.8290375725550418,32.7,25,578.0,7.79,-0.1045284632676535,-0.9945218953682732,31.5,30,608.0,10.84,0.7986355100472927,-0.6018150231520484,28.7,54,265.0,2.2,0.9993908270190958,0.034899496702501,13.85,open-meteo,2026-08-08T10:03:04+00:00
2026-06-18 17:00:00+00:00,FR,load,29.1,38,181.0,11.33,-0.9659258262890684,-0.2588190451025206,31.5,29,408.0,10.17,-0.1908089953765447,-0.981627183447664,29.9,33,445.0,10.84,0.7547095802227721,-0.6560590289905072,29.2,47,254.0,4.4,0.9945218953682732,-0.1045284632676535,11.925,open-meteo,2026-08-08T10:03:04+00:00
2026-06-18 18:00:00+00:00,FR,load,25.9,65,92.0,7.85,-0.0697564737441252,-0.9975640502598242,29.6,25,234.0,10.64,-0.1045284632676535,-0.9945218953682732,28.4,30,266.0,11.89,0.7986355100472927,-0.6018150231520484,24.8,79,155.0,4.2,-0.544639035015027,0.838670567945424,9.175,open-meteo,2026-08-08T09:50:27+00:00
2026-06-18 19:00:00+00:00,FR,load,24.9,64,51.0,6.27,0.984807753012208,-0.1736481776669303,27.0,28,84.0,10.78,0.0348994967025011,-0.9993908270190958,26.5,33,104.0,12.68,0.777145961456971,-0.6293203910498373,23.4,89,17.0,3.4,0.4539904997395468,0.8910065241883679,7.450000000000003,open-meteo,2026-08-08T09:50:27+00:00
2026-06-18 20:00:00+00:00,FR,load,23.9,64,8.0,7.41,0.6946583704589971,-0.7193398003386513,25.1,32,5.0,12.76,-0.0523359562429435,-0.9986295347545738,24.7,39,10.0,13.2,0.7547095802227721,-0.6560590289905072,20.0,99,2.0,9.4,0.8746197071393957,0.4848096202463371,5.425000000000001,open-meteo,2026-08-08T10:03:04+00:00
2026-06-18 21:00:00+00:00,FR,load,23.3,74,0.0,3.74,0.7313537016191706,-0.6819983600624984,24.0,39,0.0,10.81,-0.3090169943749473,-0.9510565162951536,23.6,40,0.0,13.36,0.766044443118978,-0.6427876096865394,20.3,96,0.0,5.0,0.9781476007338056,-0.2079116908177593,4.800000000000001,open-meteo,2026-08-08T09:50:27+00:00
2026-06-18 22:00:00+00:00,FR,load,22.6,76,0.0,3.24,0.4848096202463371,-0.8746197071393957,22.7,43,0.0,9.9,-0.0348994967025009,-0.9993908270190958,22.6,48,0.0,13.49,0.766044443118978,-0.6427876096865394,19.9,97,0.0,5.8,0.5150380749100544,-0.8571673007021122,3.950000000000003,open-meteo,2026-08-08T09:50:27+00:00
2026-06-18 23:00:00+00:00,FR,load,21.9,79,0.0,4.09,0.6691306063588585,-0.743144825477394,22.1,43,0.0,12.95,-0.0523359562429435,-0.9986295347545738,21.8,54,0.0,13.6,0.7547095802227721,-0.6560590289905072,20.2,91,0.0,9.1,0.9135454576426008,-0.4067366430758002,3.5,open-meteo,2026-08-08T09:50:27+00:00
2026-06-19 00:00:00+00:00,FR,load,22.2,77,0.0,7.28,0.5446390350150273,-0.8386705679454239,21.8,46,0.0,9.65,-0.1045284632676535,-0.9945218953682732,21.5,55,0.0,13.28,0.766044443118978,-0.6427876096865394,19.6,95,0.0,5.8,0.5877852522924732,-0.8090169943749473,3.2749999999999986,open-meteo,2026-08-08T10:03:04+00:00
2026-06-19 01:00:00+00:00,FR,load,21.6,76,0.0,7.15,0.2249510543438652,-0.9743700647852352,21.2,48,0.0,9.99,-0.1908089953765447,-0.981627183447664,20.9,60,0.0,12.99,0.7547095802227721,-0.6560590289905072,19.0,95,0.0,6.8,0.7431448254773942,-0.6691306063588582,2.674999999999997,open-meteo,2026-08-08T10:03:04+00:00
2026-06-19 02:00:00+00:00,FR,load,21.1,80,0.0,6.19,0.0871557427476582,-0.9961946980917455,20.7,49,0.0,9.62,-0.1564344650402307,-0.9876883405951378,20.5,62,0.0,12.89,0.7193398003386511,-0.6946583704589974,19.0,95,0.0,5.6,0.6427876096865395,-0.7660444431189779,2.325,open-meteo,2026-08-08T09:50:27+00:00
2026-06-19 03:00:00+00:00,FR,load,20.9,80,0.0,6.07,0.1736481776669302,-0.984807753012208,19.9,50,0.0,8.65,-0.0871557427476579,-0.9961946980917455,20.8,57,0.0,12.21,0.7431448254773942,-0.6691306063588582,19.0,93,0.0,8.4,0.0523359562429438,-0.9986295347545738,2.1499999999999986,open-meteo,2026-08-08T10:03:04+00:00
2026-06-19 04:00:00+00:00,FR,load,20.3,83,0.0,5.7,0.0697564737441255,-0.9975640502598242,19.5,52,0.0,6.96,-0.0348994967025009,-0.9993908270190958,20.5,60,0.0,12.06,0.7193398003386511,-0.6946583704589974,18.7,94,2.0,7.2,0.2419218955996677,-0.9702957262759964,1.75,open-meteo,2026-08-08T10:03:04+00:00
2026-06-19 05:00:00+00:00,FR,load,20.3,84,43.0,5.48,0.1736481776669302,-0.984807753012208,20.1,53,32.0,6.77,0.0348994967025011,-0.9993908270190958,20.5,61,15.0,12.06,0.6946583704589971,-0.7193398003386513,19.6,93,66.0,7.3,0.0697564737441255,-0.9975640502598242,2.125,open-meteo,2026-08-08T09:50:27+00:00
2026-06-19 06:00:00+00:00,FR,load,21.6,79,157.0,5.96,0.1564344650402309,-0.9876883405951375,20.7,54,167.0,8.4,-0.1218693434051473,-0.992546151641322,20.6,62,118.0,11.64,0.6946583704589971,-0.7193398003386513,21.4,88,189.0,5.7,-0.0871557427476579,-0.9961946980917455,3.075,open-meteo,2026-08-08T09:50:27+00:00
2026-06-19 07:00:00+00:00,FR,load,23.4,71,311.0,4.45,0.1391731009600653,-0.9902680687415704,22.3,52,336.0,8.49,-0.1218693434051473,-0.992546151641322,21.8,59,285.0,11.02,0.7071067811865476,-0.7071067811865475,23.1,83,341.0,5.9,0.0523359562429438,-0.9986295347545738,4.649999999999999,open-meteo,2026-08-08T09:50:27+00:00
2026-06-19 08:00:00+00:00,FR,load,25.5,64,475.0,3.29,0.1736481776669302,-0.984807753012208,24.4,45,508.0,8.09,-0.1908089953765447,-0.981627183447664,23.6,53,465.0,12.22,0.7547095802227721,-0.6560590289905072,24.6,77,495.0,6.3,-0.0348994967025009,-0.9993908270190958,6.524999999999999,open-meteo,2026-08-08T10:03:04+00:00
2026-06-19 09:00:00+00:00,FR,load,28.5,53,627.0,3.56,0.1391731009600653,-0.9902680687415704,27.1,35,660.0,8.51,-0.2588190451025208,-0.9659258262890684,25.9,46,633.0,11.26,0.766044443118978,-0.6427876096865394,26.1,72,637.0,7.2,-0.0174524064372836,-0.9998476951563912,8.899999999999999,open-meteo,2026-08-08T09:50:27+00:00
2026-06-19 10:00:00+00:00,FR,load,30.7,47,739.0,2.98,-0.1564344650402307,-0.9876883405951378,29.2,28,812.0,9.14,-0.2923717047227367,-0.9563047559630354,27.7,43,774.0,10.35,0.7547095802227721,-0.6560590289905072,28.5,62,689.0,5.2,-0.3420201433256686,-0.9396926207859084,11.025,open-meteo,2026-08-08T09:50:27+00:00
2026-06-19 11:00:00+00:00,FR,load,32.3,42,803.0,3.82,0.0174524064372834,-0.9998476951563912,30.8,22,906.0,11.77,-0.3907311284892735,-0.9205048534524404,29.5,39,872.0,9.33,0.777145961456971,-0.6293203910498373,29.2,64,579.0,6.2,-0.0348994967025009,-0.9993908270190958,12.45,open-meteo,2026-08-08T10:03:04+00:00
2026-06-19 12:00:00+00:00,FR,load,33.4,37,841.0,5.04,0.1391731009600653,-0.9902680687415704,31.1,23,941.0,11.44,-0.4226182617406993,-0.90630778703665,31.0,36,923.0,9.29,0.8191520442889917,-0.5735764363510462,27.8,66,775.0,10.5,-0.3255681544571567,-0.9455185755993168,12.825,open-meteo,2026-08-08T10:03:04+00:00
2026-06-19 13:00:00+00:00,FR,load,34.8,31,820.0,5.49,-0.0348994967025009,-0.9993908270190958,31.9,18,914.0,13.23,-0.374606593415912,-0.9271838545667874,32.0,34,919.0,8.84,0.8571673007021123,-0.5150380749100543,28.4,60,254.0,7.5,0.6156614753256584,-0.7880107536067219,13.775,open-meteo,2026-08-08T09:50:27+00:00
2026-06-19 14:00:00+00:00,FR,load,35.4,30,750.0,5.59,-0.0523359562429435,-0.9986295347545738,31.8,19,820.0,14.47,-0.3420201433256686,-0.9396926207859084,32.5,33,862.0,8.97,0.8480480961564261,-0.5299192642332048,28.6,62,623.0,3.7,0.6156614753256584,-0.7880107536067219,14.075000000000005,open-meteo,2026-08-08T10:03:04+00:00
2026-06-19 15:00:00+00:00,FR,load,34.8,33,672.0,5.33,-0.1218693434051473,-0.992546151641322,31.0,22,718.0,12.93,-0.4848096202463369,-0.8746197071393959,31.7,36,759.0,10.52,0.8290375725550417,-0.5591929034707467,27.6,55,360.0,5.2,-0.1218693434051473,-0.992546151641322,13.275,open-meteo,2026-08-08T10:03:04+00:00
2026-06-19 16:00:00+00:00,FR,load,34.8,19,610.0,7.41,0.1391731009600653,-0.9902680687415704,30.7,20,581.0,13.1,-0.374606593415912,-0.9271838545667874,31.0,39,613.0,10.63,0.838670567945424,-0.5446390350150272,32.2,52,100.0,3.7,-0.961261695938319,-0.2756373558169989,14.174999999999995,open-meteo,2026-08-08T09:50:27+00:00
2026-06-19 17:00:00+00:00,FR,load,33.9,19,467.0,4.73,-0.1045284632676535,-0.9945218953682732,29.7,20,416.0,12.83,-0.2419218955996675,-0.9702957262759964,29.7,43,438.0,10.6,0.8290375725550417,-0.5591929034707467,24.1,66,330.0,9.3,0.1045284632676537,-0.9945218953682732,11.35,open-meteo,2026-08-08T09:50:27+00:00
2026-06-19 18:00:00+00:00,FR,load,31.4,34,297.0,1.47,-0.9975640502598244,0.0697564737441252,28.0,24,241.0,11.36,-0.2249510543438649,-0.9743700647852352,28.1,42,253.0,11.09,0.8290375725550417,-0.5591929034707467,26.5,52,33.0,10.7,-0.7431448254773944,-0.6691306063588581,10.5,open-meteo,2026-08-08T10:03:04+00:00
2026-06-19 19:00:00+00:00,FR,load,25.9,64,117.0,7.7,-0.3746065934159123,0.9271838545667872,26.1,34,86.0,12.24,-0.1736481776669304,-0.984807753012208,26.2,41,104.0,11.05,0.7986355100472927,-0.6018150231520484,19.2,87,7.0,10.6,0.3255681544571567,0.9455185755993168,6.350000000000001,open-meteo,2026-08-08T09:50:27+00:00
2026-06-19 20:00:00+00:00,FR,load,24.2,74,17.0,3.24,0.8746197071393957,0.4848096202463371,24.4,42,5.0,10.45,-0.1045284632676535,-0.9945218953682732,24.5,42,10.0,11.89,0.766044443118978,-0.6427876096865394,20.2,96,3.0,3.9,0.9945218953682732,-0.1045284632676535,5.324999999999999,open-meteo,2026-08-08T09:50:27+00:00
2026-06-19 21:00:00+00:00,FR,load,24.0,74,0.0,3.61,0.6560590289905073,0.754709580222772,23.7,42,0.0,10.7,-0.0697564737441252,-0.9975640502598242,23.5,42,0.0,12.27,0.7313537016191706,-0.6819983600624984,19.4,87,0.0,4.7,-0.587785252292473,-0.8090169943749475,4.649999999999999,open-meteo,2026-08-08T09:50:27+00:00
2026-06-19 22:00:00+00:00,FR,load,23.6,72,0.0,5.61,0.2079116908177593,0.9781476007338056,22.4,45,0.0,11.12,-0.1045284632676535,-0.9945218953682732,22.8,48,0.0,12.37,0.7547095802227721,-0.6560590289905072,18.7,94,0.0,4.5,-0.275637355816999,-0.9612616959383188,3.875,open-meteo,2026-08-08T10:03:04+00:00
2026-06-19 23:00:00+00:00,FR,load,22.6,78,0.0,3.24,-0.0523359562429443,0.9986295347545738,22.0,44,0.0,11.24,-0.1218693434051473,-0.992546151641322,22.2,53,0.0,12.07,0.7431448254773942,-0.6691306063588582,20.4,92,0.0,6.5,1.2246467991473532e-16,-1.0,3.799999999999997,open-meteo,2026-08-08T10:03:04+00:00
2026-06-20 00:00:00+00:00,FR,load,21.1,87,0.0,3.99,-0.4694715627858908,0.882947592858927,21.4,47,0.0,9.98,-0.1218693434051473,-0.992546151641322,21.6,51,0.0,11.47,0.766044443118978,-0.6427876096865394,18.5,95,0.0,5.2,-0.9986295347545738,0.0523359562429439,2.6499999999999986,open-meteo,2026-08-08T09:50:27+00:00
2026-06-20 01:00:00+00:00,FR,load,20.3,91,0.0,3.08,-0.1564344650402311,0.9876883405951375,20.6,50,0.0,9.1,-0.1391731009600655,-0.9902680687415704,21.2,54,0.0,11.46,0.7547095802227721,-0.6560590289905072,17.5,96,0.0,3.5,-0.9335804264972016,-0.3583679495453007,1.900000000000002,open-meteo,2026-08-08T09:50:27+00:00
2026-06-20 02:00:00+00:00,FR,load,20.0,91,0.0,3.14,0.0348994967025009,0.9993908270190958,20.1,52,0.0,7.88,-0.1045284632676535,-0.9945218953682732,20.9,57,0.0,10.39,0.6946583704589971,-0.7193398003386513,19.6,97,0.0,7.1,-0.7771459614569706,-0.6293203910498378,2.1499999999999986,open-meteo,2026-08-08T09:50:27+00:00
2026-06-20 03:00:00+00:00,FR,load,19.0,89,0.0,2.07,0.0871557427476581,0.9961946980917455,19.4,55,0.0,6.67,-0.0523359562429435,-0.9986295347545738,20.4,59,0.0,9.52,0.766044443118978,-0.6427876096865394,16.8,93,0.0,4.5,-0.992546151641322,0.1218693434051476,0.8999999999999986,open-meteo,2026-08-08T09:50:27+00:00
2026-06-20 04:00:00+00:00,FR,load,18.3,91,0.0,1.4,-0.2079116908177598,0.9781476007338056,19.0,55,0.0,6.77,-0.0348994967025009,-0.9993908270190958,20.1,63,0.0,9.73,0.766044443118978,-0.6427876096865394,16.8,92,3.0,5.0,-0.9998476951563912,0.0174524064372831,0.5500000000000007,open-meteo,2026-08-08T10:03:04+00:00
2026-06-20 05:00:00+00:00,FR,load,18.8,91,44.0,1.97,-0.1045284632676534,0.9945218953682732,19.3,57,41.0,6.08,0.0174524064372834,-0.9998476951563912,20.0,66,17.0,9.85,0.7313537016191706,-0.6819983600624984,19.1,96,66.0,3.9,-0.6946583704589976,0.7193398003386509,1.3000000000000007,open-meteo,2026-08-08T10:03:04+00:00
2026-06-20 06:00:00+00:00,FR,load,21.1,79,163.0,2.08,0.6560590289905073,0.754709580222772,20.9,54,167.0,6.86,1.2246467991473532e-16,-1.0,20.9,65,123.0,9.2,0.777145961456971,-0.6293203910498373,18.6,88,189.0,4.5,-0.9563047559630354,0.2923717047227367,2.375,open-meteo,2026-08-08T10:03:04+00:00
2026-06-20 07:00:00+00:00,FR,load,22.6,71,318.0,0.93,0.9510565162951536,0.3090169943749474,22.9,48,332.0,6.18,0.0348994967025011,-0.9993908270190958,22.5,61,286.0,8.34,0.8290375725550417,-0.5591929034707467,19.2,86,343.0,4.3,-0.8746197071393956,0.4848096202463373,3.8000000000000007,open-meteo,2026-08-08T09:50:27+00:00
2026-06-20 08:00:00+00:00,FR,load,24.4,65,480.0,1.18,0.7431448254773942,0.6691306063588582,24.7,43,505.0,4.92,0.1045284632676537,-0.9945218953682732,24.6,54,464.0,8.73,0.8746197071393959,-0.484809620246337,21.6,78,479.0,3.6,-0.9396926207859084,0.342020143325669,5.824999999999996,open-meteo,2026-08-08T10:03:04+00:00
2026-06-20 09:00:00+00:00,FR,load,26.6,53,629.0,2.14,0.9612616959383188,-0.275637355816999,27.5,34,663.0,6.71,-0.1218693434051473,-0.992546151641322,27.2,47,630.0,7.89,0.8829475928589269,-0.4694715627858909,23.0,68,635.0,2.1,-0.8191520442889918,0.573576436351046,8.075,open-meteo,2026-08-08T09:50:27+00:00
2026-06-20 10:00:00+00:00,FR,load,28.5,47,755.0,1.87,0.7313537016191706,-0.6819983600624984,29.7,28,794.0,7.15,-0.1564344650402307,-0.9876883405951378,29.4,41,771.0,7.97,0.8987940462991669,-0.4383711467890775,23.8,70,737.0,2.4,-0.9335804264972016,0.3583679495453004,9.849999999999998,open-meteo,2026-08-08T09:50:27+00:00
2026-06-20 11:00:00+00:00,FR,load,30.4,44,794.0,1.92,0.258819045102521,-0.9659258262890682,31.5,23,882.0,8.17,-0.2419218955996675,-0.9702957262759964,31.2,36,869.0,7.67,0.8829475928589269,-0.4694715627858909,25.2,66,823.0,2.1,-0.9510565162951536,0.3090169943749472,11.575,open-meteo,2026-08-08T10:03:04+00:00
2026-06-20 12:00:00+00:00,FR,load,32.4,45,842.0,3.04,-0.3583679495453004,-0.9335804264972016,32.3,21,921.0,7.73,-0.2588190451025208,-0.9659258262890684,32.7,34,919.0,7.54,0.8829475928589269,-0.4694715627858909,26.2,59,835.0,1.2,-0.7880107536067221,-0.6156614753256581,12.9,open-meteo,2026-08-08T09:50:27+00:00
2026-06-20 13:00:00+00:00,FR,load,33.2,43,804.0,4.71,-0.7313537016191703,-0.6819983600624986,33.2,19,907.0,7.75,-0.2249510543438649,-0.9743700647852352,33.8,32,914.0,7.28,0.8746197071393959,-0.484809620246337,26.7,60,843.0,0.9,-0.9945218953682734,0.1045284632676529,13.725,open-meteo,2026-08-08T10:03:04+00:00
2026-06-20 14:00:00+00:00,FR,load,32.2,48,676.0,1.67,-0.4694715627858908,0.882947592858927,33.8,19,842.0,7.54,-0.275637355816999,-0.9612616959383188,34.4,30,857.0,7.19,0.8746197071393959,-0.484809620246337,27.4,60,770.0,2.5,-0.7880107536067218,0.6156614753256585,13.950000000000005,open-meteo,2026-08-08T10:03:04+00:00
2026-06-20 15:00:00+00:00,FR,load,34.7,33,631.0,6.41,-0.3255681544571567,-0.9455185755993168,33.4,21,730.0,7.1,-0.3090169943749473,-0.9510565162951536,33.8,31,750.0,6.94,0.8571673007021123,-0.5150380749100543,28.3,57,698.0,1.3,-0.4383711467890778,0.8987940462991668,14.549999999999995,open-meteo,2026-08-08T10:03:04+00:00
2026-06-20 16:00:00+00:00,FR,load,34.1,29,530.0,7.27,0.0697564737441255,-0.9975640502598242,33.1,21,575.0,7.1,-0.4383711467890774,-0.8987940462991669,33.3,31,612.0,7.39,0.8480480961564261,-0.5299192642332048,26.5,70,527.0,4.9,0.1045284632676534,0.9945218953682732,13.75,open-meteo,2026-08-08T09:50:27+00:00
2026-06-20 17:00:00+00:00,FR,load,33.7,29,439.0,5.56,-0.1564344650402307,-0.9876883405951378,31.8,27,315.0,6.88,-0.3420201433256686,-0.9396926207859084,32.2,33,446.0,7.67,0.8191520442889917,-0.5735764363510462,25.5,70,422.0,5.4,-0.1045284632676534,0.9945218953682732,12.8,open-meteo,2026-08-08T10:03:04+00:00
2026-06-20 18:00:00+00:00,FR,load,32.3,35,279.0,5.36,-0.8571673007021121,-0.5150380749100544,29.3,39,153.0,7.36,-0.4539904997395467,-0.8910065241883679,30.3,35,243.0,8.39,0.7193398003386511,-0.6946583704589974,26.4,66,247.0,5.7,0.3255681544571567,0.9455185755993168,11.574999999999996,open-meteo,2026-08-08T10:03:04+00:00
2026-06-20 19:00:00+00:00,FR,load,30.4,46,126.0,4.37,-0.9396926207859084,-0.3420201433256685,28.0,35,65.0,10.23,-0.0871557427476579,-0.9961946980917455,28.3,40,89.0,9.1,0.7547095802227721,-0.6560590289905072,23.6,79,129.0,5.7,0.224951054343865,0.9743700647852352,9.575000000000005,open-meteo,2026-08-08T10:03:04+00:00
2026-06-20 20:00:00+00:00,FR,load,27.9,54,25.0,3.64,-0.913545457642601,-0.4067366430758001,27.1,37,4.0,10.09,1.2246467991473532e-16,-1.0,26.2,43,10.0,10.78,0.766044443118978,-0.6427876096865394,22.7,73,33.0,5.7,0.5591929034707469,0.8290375725550417,7.975000000000001,open-meteo,2026-08-08T09:50:27+00:00
2026-06-20 21:00:00+00:00,FR,load,26.7,66,0.0,5.93,-0.5150380749100545,0.8571673007021121,24.8,40,0.0,10.9,-0.0697564737441252,-0.9975640502598242,24.7,46,0.0,11.83,0.766044443118978,-0.6427876096865394,21.7,90,0.0,4.5,0.9702957262759964,0.2419218955996676,6.475000000000001,open-meteo,2026-08-08T10:03:04+00:00
2026-06-20 22:00:00+00:00,FR,load,25.7,69,0.0,5.61,0.4226182617406994,0.90630778703665,24.1,40,0.0,10.55,-0.1045284632676535,-0.9945218953682732,23.7,50,0.0,11.72,0.788010753606722,-0.6156614753256583,20.7,90,0.0,6.3,0.5877852522924731,0.8090169943749475,5.550000000000001,open-meteo,2026-08-08T10:03:04+00:00
2026-06-20 23:00:00+00:00,FR,load,24.3,75,0.0,3.91,0.374606593415912,0.9271838545667874,23.6,40,0.0,10.93,-0.1045284632676535,-0.9945218953682732,23.0,52,0.0,11.66,0.7431448254773942,-0.6691306063588582,21.4,77,0.0,5.9,0.9271838545667874,-0.374606593415912,5.075000000000003,open-meteo,2026-08-08T09:50:27+00:00
2026-06-21 00:00:00+00:00,FR,load,23.0,79,0.0,3.34,-0.529919264233205,0.8480480961564258,22.9,49,0.0,9.53,-0.0697564737441252,-0.9975640502598242,22.6,53,0.0,11.35,0.777145961456971,-0.6293203910498373,19.5,94,0.0,3.1,0.9271838545667874,0.3746065934159119,4.0,open-meteo,2026-08-08T09:50:27+00:00
2026-06-21 01:00:00+00:00,FR,load,22.1,84,0.0,2.45,-0.6018150231520483,0.7986355100472928,22.0,52,0.0,9.52,-0.0697564737441252,-0.9975640502598242,22.3,54,0.0,11.29,0.777145961456971,-0.6293203910498373,19.9,96,0.0,6.4,0.6293203910498374,0.7771459614569709,3.575000000000003,open-meteo,2026-08-08T10:03:04+00:00
2026-06-21 02:00:00+00:00,FR,load,21.7,86,0.0,3.15,-0.4383711467890778,0.8987940462991668,21.2,54,0.0,8.24,-0.0523359562429435,-0.9986295347545738,22.1,54,0.0,11.32,0.7547095802227721,-0.6560590289905072,19.5,92,0.0,2.1,0.9135454576426008,0.4067366430758002,3.125,open-meteo,2026-08-08T09:50:27+00:00
2026-06-21 03:00:00+00:00,FR,load,21.0,83,0.0,3.45,-0.1218693434051472,0.992546151641322,20.2,56,0.0,7.66,-0.0697564737441252,-0.9975640502598242,22.0,53,0.0,11.15,0.777145961456971,-0.6293203910498373,18.4,97,0.0,4.7,0.9455185755993168,-0.3255681544571566,2.3999999999999986,open-meteo,2026-08-08T10:03:04+00:00
2026-06-21 04:00:00+00:00,FR,load,20.1,88,0.0,5.51,0.0871557427476581,0.9961946980917455,19.9,57,0.0,6.27,0.0348994967025011,-0.9993908270190958,21.9,53,0.0,10.62,0.788010753606722,-0.6156614753256583,18.1,99,3.0,2.7,0.9563047559630355,-0.2923717047227366,2.0,open-meteo,2026-08-08T10:03:04+00:00
2026-06-21 05:00:00+00:00,FR,load,20.4,89,42.0,3.77,0.4694715627858908,0.882947592858927,20.0,60,41.0,6.08,0.0348994967025011,-0.9993908270190958,21.7,56,17.0,10.44,0.766044443118978,-0.6427876096865394,18.9,92,65.0,2.3,0.9876883405951378,-0.1564344650402308,2.25,open-meteo,2026-08-08T09:50:27+00:00
2026-06-21 06:00:00+00:00,FR,load,21.8,83,145.0,3.11,0.4067366430758002,0.9135454576426008,21.5,62,166.0,6.37,1.2246467991473532e-16,-1.0,22.3,57,116.0,9.74,0.8090169943749475,-0.587785252292473,20.5,94,188.0,1.5,0.6946583704589973,0.7193398003386512,3.5249999999999986,open-meteo,2026-08-08T10:03:04+00:00
2026-06-21 07:00:00+00:00,FR,load,23.5,73,311.0,1.67,0.766044443118978,0.6427876096865394,23.7,53,328.0,6.49,0.0871557427476582,-0.9961946980917455,23.9,54,280.0,8.74,0.7986355100472927,-0.6018150231520484,22.2,85,333.0,1.4,0.9702957262759964,0.2419218955996676,5.324999999999999,open-meteo,2026-08-08T09:50:27+00:00
2026-06-21 08:00:00+00:00,FR,load,25.5,67,472.0,1.67,0.3583679495453002,0.9335804264972016,25.4,48,501.0,5.28,0.1908089953765449,-0.981627183447664,26.0,49,461.0,8.09,0.788010753606722,-0.6156614753256583,24.5,66,492.0,1.5,0.5877852522924731,0.8090169943749475,7.350000000000001,open-meteo,2026-08-08T09:50:27+00:00
2026-06-21 09:00:00+00:00,FR,load,27.4,62,619.0,1.71,0.4067366430758002,0.9135454576426008,28.2,40,658.0,5.7,0.0697564737441255,-0.9975640502598242,28.8,41,627.0,7.99,0.838670567945424,-0.5446390350150272,24.4,78,630.0,3.7,0.224951054343865,0.9743700647852352,9.199999999999996,open-meteo,2026-08-08T10:03:04+00:00
2026-06-21 10:00:00+00:00,FR,load,29.7,55,654.0,1.87,0.6819983600624985,0.7313537016191705,30.1,36,765.0,5.69,0.0523359562429438,-0.9986295347545738,31.0,36,744.0,7.46,0.8660254037844387,-0.4999999999999998,26.0,72,750.0,2.6,-0.1045284632676534,0.9945218953682732,11.2,open-meteo,2026-08-08T10:03:04+00:00
2026-06-21 11:00:00+00:00,FR,load,31.8,46,830.0,1.28,0.848048096156426,0.5299192642332049,32.2,28,873.0,5.31,-0.0871557427476579,-0.9961946980917455,33.2,31,849.0,7.19,0.8746197071393959,-0.484809620246337,27.8,56,836.0,2.1,-0.2923717047227371,0.9563047559630352,13.25,open-meteo,2026-08-08T10:03:04+00:00
2026-06-21 12:00:00+00:00,FR,load,33.2,40,883.0,0.59,-2.4492935982947064e-16,1.0,32.9,23,901.0,5.03,-0.1218693434051473,-0.992546151641322,34.6,29,901.0,6.4,0.90630778703665,-0.4226182617406993,27.4,65,868.0,2.3,0.0871557427476581,0.9961946980917455,14.025,open-meteo,2026-08-08T09:50:27+00:00
2026-06-21 13:00:00+00:00,FR,load,34.3,40,874.0,1.36,0.4999999999999999,0.8660254037844387,34.0,19,902.0,4.92,-0.1045284632676535,-0.9945218953682732,36.0,27,906.0,6.32,0.9135454576426008,-0.4067366430758002,27.5,73,838.0,4.1,0.1045284632676534,0.9945218953682732,14.950000000000005,open-meteo,2026-08-08T10:03:04+00:00
2026-06-21 14:00:00+00:00,FR,load,34.9,38,814.0,1.97,0.8910065241883679,0.4539904997395468,34.5,18,832.0,4.95,-0.1391731009600655,-0.9902680687415704,36.6,25,858.0,6.84,0.8746197071393959,-0.484809620246337,28.3,61,789.0,4.9,0.0871557427476581,0.9961946980917455,15.575000000000005,open-meteo,2026-08-08T10:03:04+00:00
2026-06-21 15:00:00+00:00,FR,load,35.2,35,717.0,0.98,1.0,6.123233995736766e-17,33.9,20,627.0,4.56,-0.1564344650402307,-0.9876883405951378,35.5,28,763.0,8.37,0.838670567945424,-0.5446390350150272,27.9,64,704.0,5.2,0.2756373558169991,0.9612616959383188,15.125,open-meteo,2026-08-08T09:50:27+00:00
2026-06-21 16:00:00+00:00,FR,load,35.2,33,564.0,2.64,0.6691306063588582,0.7431448254773942,33.8,21,575.0,4.71,-0.0697564737441252,-0.9975640502598242,34.9,27,616.0,8.89,0.7547095802227721,-0.6560590289905072,27.3,73,585.0,4.3,0.2419218955996677,0.9702957262759964,14.800000000000004,open-meteo,2026-08-08T09:50:27+00:00
2026-06-21 17:00:00+00:00,FR,load,35.0,32,446.0,1.75,0.4539904997395468,0.8910065241883679,32.6,32,410.0,4.98,-0.1736481776669304,-0.984807753012208,33.8,28,446.0,8.77,0.766044443118978,-0.6427876096865394,27.1,62,437.0,4.7,0.1564344650402308,0.9876883405951378,14.125,open-meteo,2026-08-08T09:50:27+00:00
2026-06-21 18:00:00+00:00,FR,load,34.5,34,286.0,1.28,0.0697564737441253,0.9975640502598242,30.3,44,234.0,6.73,-0.2249510543438649,-0.9743700647852352,31.9,32,268.0,9.27,0.777145961456971,-0.6293203910498373,25.7,73,285.0,6.2,0.374606593415912,0.9271838545667874,12.599999999999998,open-meteo,2026-08-08T10:03:04+00:00
2026-06-21 19:00:00+00:00,FR,load,32.4,43,134.0,2.85,0.754709580222772,0.6560590289905073,27.6,46,83.0,7.79,-0.1045284632676535,-0.9945218953682732,29.3,38,105.0,11.02,0.7193398003386511,-0.6946583704589974,24.5,83,141.0,5.5,0.1564344650402308,0.9876883405951378,10.45,open-meteo,2026-08-08T10:03:04+00:00
2026-06-21 20:00:00+00:00,FR,load,29.8,50,25.0,6.01,0.5591929034707469,0.8290375725550417,26.3,46,5.0,10.31,0.0697564737441255,-0.9975640502598242,27.1,44,10.0,12.9,0.7313537016191706,-0.6819983600624984,23.6,70,33.0,5.6,0.2419218955996677,0.9702957262759964,8.700000000000003,open-meteo,2026-08-08T10:03:04+00:00
2026-06-21 21:00:00+00:00,FR,load,29.0,58,0.0,8.37,0.788010753606722,0.6156614753256583,25.4,41,0.0,11.17,-0.0348994967025009,-0.9993908270190958,25.5,51,0.0,13.84,0.766044443118978,-0.6427876096865394,21.3,81,0.0,6.1,0.2079116908177593,0.9781476007338056,7.300000000000001,open-meteo,2026-08-08T10:03:04+00:00
2026-06-21 22:00:00+00:00,FR,load,28.0,62,0.0,7.94,0.838670567945424,0.5446390350150271,24.8,43,0.0,10.63,-0.0871557427476579,-0.9961946980917455,24.7,52,0.0,13.7,0.766044443118978,-0.6427876096865394,20.1,87,0.0,6.4,0.1391731009600654,0.9902680687415704,6.399999999999999,open-meteo,2026-08-08T10:03:04+00:00
2026-06-21 23:00:00+00:00,FR,load,27.3,66,0.0,7.39,0.848048096156426,0.5299192642332049,23.6,49,0.0,8.3,-0.1218693434051473,-0.992546151641322,24.1,52,0.0,12.92,0.7547095802227721,-0.6560590289905072,19.7,82,0.0,5.2,0.4383711467890774,0.898794046299167,5.675000000000001,open-meteo,2026-08-08T09:50:27+00:00
2026-06-22 00:00:00+00:00,FR,load,26.5,70,0.0,6.53,0.8829475928589269,0.4694715627858908,22.6,52,0.0,10.44,-0.1736481776669304,-0.984807753012208,23.6,51,0.0,12.23,0.788010753606722,-0.6156614753256583,18.5,91,0.0,7.4,0.5446390350150271,0.838670567945424,4.800000000000001,open-meteo,2026-08-08T09:50:27+00:00
2026-06-22 01:00:00+00:00,FR,load,25.6,74,0.0,5.7,0.8746197071393957,0.4848096202463371,22.2,52,0.0,7.94,-0.0174524064372836,-0.9998476951563912,23.3,51,0.0,12.32,0.766044443118978,-0.6427876096865394,18.2,91,0.0,7.0,0.6819983600624985,0.7313537016191705,4.324999999999999,open-meteo,2026-08-08T10:03:04+00:00
2026-06-22 02:00:00+00:00,FR,load,25.0,77,0.0,4.57,0.8191520442889918,0.573576436351046,21.9,51,0.0,7.15,0.0348994967025011,-0.9993908270190958,23.0,51,0.0,12.27,0.7313537016191706,-0.6819983600624984,17.8,92,0.0,6.8,0.7431448254773942,0.6691306063588582,3.9250000000000007,open-meteo,2026-08-08T10:03:04+00:00
2026-06-22 03:00:00+00:00,FR,load,24.3,81,0.0,4.51,0.8910065241883679,0.4539904997395468,20.2,57,0.0,4.54,0.1218693434051475,-0.992546151641322,22.6,52,0.0,12.21,0.7431448254773942,-0.6691306063588582,17.8,95,0.0,7.6,0.8191520442889918,0.573576436351046,3.224999999999998,open-meteo,2026-08-08T10:03:04+00:00
2026-06-22 04:00:00+00:00,FR,load,24.0,83,0.0,4.75,0.9271838545667874,0.3746065934159119,19.3,61,0.0,2.26,0.3090169943749475,-0.9510565162951536,22.4,51,0.0,11.38,0.7431448254773942,-0.6691306063588582,18.4,95,3.0,7.2,0.8090169943749475,0.5877852522924731,3.0249999999999986,open-meteo,2026-08-08T09:50:27+00:00
2026-06-22 05:00:00+00:00,FR,load,24.4,82,37.0,4.57,0.9205048534524404,0.3907311284892737,20.0,65,41.0,0.62,-0.3090169943749473,-0.9510565162951536,22.3,52,17.0,11.3,0.7313537016191706,-0.6819983600624984,19.2,92,64.0,5.8,0.9135454576426008,0.4067366430758002,3.4750000000000014,open-meteo,2026-08-08T10:03:04+00:00
2026-06-22 06:00:00+00:00,FR,load,25.6,77,151.0,4.04,0.9702957262759964,0.2419218955996676,22.0,62,164.0,1.12,0.2588190451025207,0.9659258262890684,22.8,55,122.0,11.39,0.7547095802227721,-0.6560590289905072,20.9,87,188.0,4.5,0.8987940462991669,0.4383711467890774,4.825000000000003,open-meteo,2026-08-08T10:03:04+00:00
2026-06-22 07:00:00+00:00,FR,load,26.9,71,312.0,3.32,0.8290375725550417,0.5591929034707468,23.9,62,325.0,1.24,-0.3090169943749477,0.9510565162951536,24.6,51,284.0,9.87,0.766044443118978,-0.6427876096865394,22.2,84,332.0,2.9,0.7986355100472928,0.6018150231520483,6.400000000000002,open-meteo,2026-08-08T10:03:04+00:00
2026-06-22 08:00:00+00:00,FR,load,28.6,64,475.0,3.41,0.7771459614569709,0.6293203910498374,26.1,61,495.0,1.53,-0.4539904997395469,0.8910065241883678,27.0,44,463.0,8.14,0.766044443118978,-0.6427876096865394,24.4,74,471.0,3.0,0.7771459614569709,0.6293203910498374,8.524999999999999,open-meteo,2026-08-08T09:50:27+00:00
2026-06-22 09:00:00+00:00,FR,load,31.1,52,623.0,3.68,0.90630778703665,0.4226182617406994,28.6,51,652.0,2.65,0.0697564737441253,0.9975640502598242,30.1,36,633.0,8.21,0.838670567945424,-0.5446390350150272,25.7,73,629.0,4.0,0.7193398003386511,0.6946583704589973,10.875000000000004,open-meteo,2026-08-08T10:03:04+00:00
2026-06-22 10:00:00+00:00,FR,load,33.0,44,749.0,4.16,0.9659258262890684,0.2588190451025207,30.9,45,781.0,2.83,0.2419218955996677,0.9702957262759964,32.6,30,774.0,7.18,0.8480480961564261,-0.5299192642332048,25.9,73,739.0,5.4,0.5446390350150271,0.838670567945424,12.6,open-meteo,2026-08-08T10:03:04+00:00
2026-06-22 11:00:00+00:00,FR,load,34.6,36,838.0,4.13,0.9961946980917455,0.0871557427476581,33.1,39,869.0,2.65,0.0697564737441253,0.9975640502598242,35.0,25,876.0,7.16,0.8660254037844387,-0.4999999999999998,28.1,58,828.0,4.7,0.5591929034707469,0.8290375725550417,14.700000000000005,open-meteo,2026-08-08T09:50:27+00:00
2026-06-22 12:00:00+00:00,FR,load,35.2,37,879.0,4.17,0.9876883405951378,0.1564344650402309,34.6,32,909.0,3.97,0.3420201433256687,0.9396926207859084,36.9,22,929.0,7.06,0.9135454576426008,-0.4067366430758002,28.3,59,865.0,4.9,0.5446390350150271,0.838670567945424,15.750000000000009,open-meteo,2026-08-08T10:03:04+00:00
2026-06-22 13:00:00+00:00,FR,load,36.1,32,871.0,3.97,0.9612616959383188,0.2756373558169991,35.4,29,899.0,4.0,0.5877852522924731,0.8090169943749475,38.3,19,929.0,7.06,0.90630778703665,-0.4226182617406993,27.7,59,855.0,5.8,0.5299192642332049,0.848048096156426,16.375,open-meteo,2026-08-08T10:03:04+00:00
2026-06-22 14:00:00+00:00,FR,load,36.5,31,822.0,4.92,0.6946583704589973,0.7193398003386512,36.1,25,838.0,4.04,0.2419218955996677,0.9702957262759964,39.1,17,877.0,6.66,0.8987940462991669,-0.4383711467890775,29.5,50,741.0,5.6,0.4067366430758002,0.9135454576426008,17.299999999999997,open-meteo,2026-08-08T10:03:04+00:00
2026-06-22 15:00:00+00:00,FR,load,36.3,31,729.0,2.85,0.9612616959383188,0.2756373558169991,35.5,22,734.0,4.59,0.1908089953765448,0.981627183447664,38.1,18,774.0,8.18,0.8290375725550417,-0.5591929034707467,29.5,52,699.0,5.1,0.7313537016191705,0.6819983600624985,16.85,open-meteo,2026-08-08T09:50:27+00:00
2026-06-22 16:00:00+00:00,FR,load,36.5,31,597.0,1.94,0.754709580222772,0.6560590289905073,35.3,21,591.0,4.21,0.5877852522924731,0.8090169943749475,37.2,18,628.0,9.31,0.7547095802227721,-0.6560590289905072,28.2,56,584.0,4.5,0.4539904997395468,0.8910065241883679,16.299999999999997,open-meteo,2026-08-08T09:50:27+00:00
2026-06-22 17:00:00+00:00,FR,load,35.8,32,445.0,3.06,0.992546151641322,-0.1218693434051473,34.5,21,413.0,4.39,0.6293203910498374,0.7771459614569709,35.6,19,458.0,9.71,0.7313537016191706,-0.6819983600624984,29.3,50,437.0,4.2,0.7313537016191705,0.6819983600624985,15.800000000000004,open-meteo,2026-08-08T10:03:04+00:00
2026-06-22 18:00:00+00:00,FR,load,34.0,40,275.0,6.06,0.9702957262759964,0.2419218955996676,31.9,34,211.0,2.7,0.3255681544571567,0.9455185755993168,33.8,22,276.0,9.84,0.7193398003386511,-0.6946583704589974,28.0,59,284.0,5.7,0.7193398003386511,0.6946583704589973,13.925,open-meteo,2026-08-08T10:03:04+00:00
2026-06-22 19:00:00+00:00,FR,load,32.0,45,135.0,5.68,0.9335804264972016,0.3583679495453004,30.5,36,89.0,1.47,-0.0697564737441256,0.9975640502598242,31.3,24,110.0,11.09,0.7313537016191706,-0.6819983600624984,26.1,69,143.0,4.9,0.374606593415912,0.9271838545667874,11.975,open-meteo,2026-08-08T10:03:04+00:00
2026-06-22 20:00:00+00:00,FR,load,30.4,49,25.0,7.26,0.848048096156426,0.5299192642332049,28.3,31,6.0,1.29,-0.1564344650402311,0.9876883405951375,29.2,27,10.0,10.95,0.7313537016191706,-0.6819983600624984,24.9,69,34.0,5.8,0.2756373558169991,0.9612616959383188,10.200000000000005,open-meteo,2026-08-08T09:50:27+00:00
2026-06-22 21:00:00+00:00,FR,load,29.0,53,0.0,7.23,0.8090169943749475,0.5877852522924731,25.8,50,0.0,3.55,0.4067366430758002,0.9135454576426008,27.5,33,0.0,9.61,0.777145961456971,-0.6293203910498373,23.3,73,0.0,5.6,0.3583679495453002,0.9335804264972016,8.399999999999999,open-meteo,2026-08-08T10:03:04+00:00
2026-06-22 22:00:00+00:00,FR,load,27.6,62,0.0,6.8,0.8090169943749475,0.5877852522924731,24.5,50,0.0,8.77,-0.1045284632676535,-0.9945218953682732,26.6,35,0.0,9.02,0.7431448254773942,-0.6691306063588582,21.5,76,0.0,7.1,0.7313537016191705,0.6819983600624985,7.050000000000001,open-meteo,2026-08-08T10:03:04+00:00
2026-06-22 23:00:00+00:00,FR,load,26.5,66,0.0,6.66,0.8829475928589269,0.4694715627858908,24.0,48,0.0,8.28,-0.1045284632676535,-0.9945218953682732,25.7,37,0.0,9.16,0.6691306063588585,-0.743144825477394,21.4,75,0.0,6.7,0.766044443118978,0.6427876096865394,6.399999999999999,open-meteo,2026-08-08T09:50:27+00:00
2026-06-23 00:00:00+00:00,FR,load,25.7,71,0.0,6.14,0.8746197071393957,0.4848096202463371,22.6,54,0.0,6.79,-0.0871557427476579,-0.9961946980917455,24.6,40,0.0,9.1,0.6560590289905073,-0.754709580222772,21.0,82,0.0,7.3,0.9612616959383188,0.2756373558169991,5.475000000000001,open-meteo,2026-08-08T10:03:04+00:00
2026-06-23 01:00:00+00:00,FR,load,25.1,72,0.0,6.26,0.9396926207859084,0.3420201433256688,21.8,57,0.0,4.95,-0.1391731009600655,-0.9902680687415704,24.1,42,0.0,8.67,0.6819983600624986,-0.7313537016191705,20.5,83,0.0,7.0,0.9743700647852352,0.2249510543438649,4.875,open-meteo,2026-08-08T10:03:04+00:00
2026-06-23 02:00:00+00:00,FR,load,24.2,77,0.0,4.67,0.984807753012208,0.1736481776669304,21.1,60,0.0,2.74,1.2246467991473532e-16,-1.0,23.4,45,0.0,7.77,0.6691306063588585,-0.743144825477394,20.8,78,0.0,5.7,0.9702957262759964,0.2419218955996676,4.3749999999999964,open-meteo,2026-08-08T09:50:27+00:00
2026-06-23 03:00:00+00:00,FR,load,23.9,79,0.0,4.62,0.9961946980917455,0.0871557427476581,20.9,61,0.0,1.52,-0.2588190451025208,-0.9659258262890684,22.8,48,0.0,7.98,0.7431448254773942,-0.6691306063588582,19.9,86,0.0,6.0,0.9993908270190958,-0.0348994967025009,3.875,open-meteo,2026-08-08T09:50:27+00:00
2026-06-23 04:00:00+00:00,FR,load,23.3,81,0.0,3.92,0.9986295347545738,0.0523359562429439,21.2,62,0.0,0.79,-0.5000000000000004,0.8660254037844384,22.4,49,0.0,7.99,0.7547095802227721,-0.6560590289905072,21.1,79,3.0,5.5,0.9961946980917455,-0.0871557427476582,4.0,open-meteo,2026-08-08T09:50:27+00:00
2026-06-23 05:00:00+00:00,FR,load,23.5,82,38.0,3.82,1.0,6.123233995736766e-17,21.0,66,41.0,1.18,-2.4492935982947064e-16,1.0,22.3,52,18.0,7.56,0.7431448254773942,-0.6691306063588582,21.3,81,55.0,5.0,0.9975640502598242,0.0697564737441252,4.024999999999999,open-meteo,2026-08-08T09:50:27+00:00
2026-06-23 06:00:00+00:00,FR,load,24.8,75,150.0,4.52,0.9135454576426008,-0.4067366430758002,22.6,72,167.0,1.67,-0.0523359562429443,0.9986295347545738,23.4,57,125.0,6.72,0.7986355100472927,-0.6018150231520484,20.8,80,78.0,2.9,0.9659258262890684,0.2588190451025207,4.900000000000002,open-meteo,2026-08-08T09:50:27+00:00
2026-06-23 07:00:00+00:00,FR,load,26.0,68,281.0,3.66,0.9612616959383188,-0.275637355816999,25.2,64,331.0,2.37,0.4999999999999999,0.8660254037844387,26.2,50,289.0,5.55,0.8090169943749475,-0.587785252292473,21.5,83,39.0,3.6,0.6018150231520482,-0.7986355100472929,6.725000000000001,open-meteo,2026-08-08T09:50:27+00:00
2026-06-23 08:00:00+00:00,FR,load,27.6,63,411.0,1.52,0.7071067811865475,0.7071067811865476,27.5,54,504.0,2.11,0.224951054343865,0.9743700647852352,28.6,44,468.0,3.97,0.838670567945424,-0.5446390350150272,22.6,76,70.0,1.5,-0.6946583704589974,-0.7193398003386511,8.575000000000003,open-meteo,2026-08-08T09:50:27+00:00
2026-06-23 09:00:00+00:00,FR,load,29.6,50,576.0,10.79,0.3583679495453002,0.9335804264972016,29.8,46,664.0,3.61,0.224951054343865,0.9743700647852352,31.7,33,637.0,3.75,0.9396926207859084,-0.3420201433256687,23.1,72,315.0,5.3,0.9998476951563912,-0.0174524064372834,10.550000000000004,open-meteo,2026-08-08T10:03:04+00:00
2026-06-23 10:00:00+00:00,FR,load,29.7,49,655.0,7.62,0.8987940462991669,0.4383711467890774,31.9,44,792.0,2.68,0.4067366430758002,0.9135454576426008,34.4,28,781.0,3.35,0.992546151641322,-0.1218693434051473,25.3,64,511.0,3.7,0.9945218953682732,0.1045284632676534,12.325,open-meteo,2026-08-08T09:50:27+00:00
2026-06-23 11:00:00+00:00,FR,load,31.9,41,752.0,6.07,0.9510565162951536,0.3090169943749474,33.5,38,877.0,2.66,0.1045284632676534,0.9945218953682732,37.0,23,882.0,3.14,1.0,6.123233995736766e-17,27.7,47,803.0,3.1,0.9510565162951536,-0.3090169943749473,14.525,open-meteo,2026-08-08T09:50:27+00:00
2026-06-23 12:00:00+00:00,FR,load,34.4,31,830.0,4.17,0.9876883405951378,-0.1564344650402308,34.7,33,914.0,3.44,0.0871557427476581,0.9961946980917455,38.8,20,933.0,2.95,0.9975640502598242,0.0697564737441252,28.3,51,862.0,3.7,0.9396926207859084,-0.3420201433256687,16.049999999999997,open-meteo,2026-08-08T09:50:27+00:00
2026-06-23 13:00:00+00:00,FR,load,35.5,29,874.0,4.41,0.9998476951563912,0.0174524064372836,35.3,29,900.0,4.74,0.1218693434051474,0.992546151641322,39.6,19,931.0,2.7,0.9455185755993168,0.3255681544571567,28.8,48,853.0,5.1,0.9396926207859084,-0.3420201433256687,16.800000000000004,open-meteo,2026-08-08T09:50:27+00:00
2026-06-23 14:00:00+00:00,FR,load,34.9,33,821.0,3.04,0.9975640502598242,0.0697564737441252,35.3,28,833.0,4.19,0.2756373558169991,0.9612616959383188,39.9,17,860.0,2.02,0.9205048534524404,0.3907311284892737,30.0,41,804.0,3.7,0.8660254037844387,-0.4999999999999998,17.025,open-meteo,2026-08-08T09:50:27+00:00
2026-06-23 15:00:00+00:00,FR,load,36.0,32,726.0,3.04,0.9335804264972016,-0.3583679495453002,35.0,31,589.0,4.31,0.3583679495453002,0.9335804264972016,39.4,18,643.0,2.98,0.9205048534524404,-0.3907311284892737,30.0,49,668.0,4.2,0.9205048534524404,-0.3907311284892737,17.1,open-meteo,2026-08-08T09:50:27+00:00
2026-06-23 16:00:00+00:00,FR,load,36.0,31,596.0,3.54,0.9702957262759964,-0.2419218955996677,34.5,25,551.0,5.93,0.5150380749100542,0.8571673007021123,38.9,18,623.0,2.98,0.8910065241883679,-0.4539904997395467,29.4,55,584.0,4.5,0.9205048534524404,-0.3907311284892737,16.700000000000003,open-meteo,2026-08-08T09:50:27+00:00
2026-06-23 17:00:00+00:00,FR,load,35.8,32,446.0,3.64,0.8090169943749475,-0.587785252292473,31.9,32,352.0,9.27,0.9396926207859084,0.3420201433256688,38.2,18,454.0,4.43,0.8191520442889917,-0.5735764363510462,30.0,46,382.0,3.0,0.4694715627858907,-0.882947592858927,15.974999999999994,open-meteo,2026-08-08T09:50:27+00:00
2026-06-23 18:00:00+00:00,FR,load,34.0,37,286.0,4.84,0.9335804264972016,-0.3583679495453002,31.1,32,185.0,4.09,0.3583679495453002,0.9335804264972016,36.9,21,276.0,5.21,0.7547095802227721,-0.6560590289905072,29.1,56,284.0,2.8,0.4999999999999999,-0.8660254037844387,14.775,open-meteo,2026-08-08T09:50:27+00:00
2026-06-23 19:00:00+00:00,FR,load,32.0,43,134.0,5.42,0.9563047559630355,-0.2923717047227366,28.6,42,77.0,2.66,0.1045284632676534,0.9945218953682732,33.8,26,111.0,7.15,0.7547095802227721,-0.6560590289905072,27.3,65,137.0,4.7,0.9271838545667874,-0.374606593415912,12.425,open-meteo,2026-08-08T09:50:27+00:00
2026-06-23 20:00:00+00:00,FR,load,30.6,46,24.0,6.86,0.9271838545667874,-0.374606593415912,26.4,43,6.0,2.12,0.5591929034707469,0.8290375725550417,31.0,30,10.0,8.66,0.6946583704589971,-0.7193398003386513,25.9,66,34.0,5.4,0.9335804264972016,-0.3583679495453002,10.475,open-meteo,2026-08-08T09:50:27+00:00
2026-06-23 21:00:00+00:00,FR,load,28.6,50,0.0,7.68,0.9205048534524404,-0.3907311284892737,25.9,49,0.0,3.19,0.1908089953765448,0.981627183447664,28.8,35,0.0,7.18,0.6293203910498374,-0.7771459614569709,24.5,71,0.0,5.5,0.8910065241883679,-0.4539904997395467,8.95,open-meteo,2026-08-08T09:50:27+00:00
2026-06-23 22:00:00+00:00,FR,load,27.6,53,0.0,7.35,0.7986355100472927,-0.6018150231520484,25.3,52,0.0,2.72,0.4999999999999999,0.8660254037844387,27.0,40,0.0,7.16,0.6427876096865395,-0.7660444431189779,24.2,65,0.0,8.4,0.8571673007021123,-0.5150380749100543,8.025000000000002,open-meteo,2026-08-08T09:50:27+00:00
2026-06-23 23:00:00+00:00,FR,load,26.9,54,0.0,6.8,0.7547095802227721,-0.6560590289905072,25.2,52,0.0,0.9,-0.9743700647852352,-0.2249510543438652,26.1,43,0.0,7.64,0.6560590289905073,-0.754709580222772,23.5,75,0.0,8.5,0.7986355100472927,-0.6018150231520484,7.424999999999997,open-meteo,2026-08-08T09:50:27+00:00
2026-06-24 00:00:00+00:00,FR,load,25.9,58,0.0,6.65,0.7071067811865476,-0.7071067811865475,24.0,53,0.0,0.88,-0.4539904997395469,0.8910065241883678,25.5,46,0.0,8.65,0.6293203910498374,-0.7771459614569709,22.8,76,0.0,9.3,0.7193398003386511,-0.6946583704589974,6.550000000000001,open-meteo,2026-08-08T09:50:27+00:00
2026-06-24 01:00:00+00:00,FR,load,25.0,61,0.0,5.51,0.6293203910498374,-0.7771459614569709,23.8,53,0.0,1.32,-0.7431448254773944,-0.6691306063588581,24.9,47,0.0,8.22,0.6293203910498374,-0.7771459614569709,22.5,69,0.0,9.1,0.7313537016191706,-0.6819983600624984,6.049999999999997,open-meteo,2026-08-08T09:50:27+00:00
2026-06-24 02:00:00+00:00,FR,load,24.7,60,0.0,6.93,0.6946583704589971,-0.7193398003386513,23.0,58,0.0,1.27,-1.0,-1.8369701987210287e-16,24.4,49,0.0,7.41,0.6018150231520482,-0.7986355100472929,22.2,73,0.0,8.3,0.5591929034707469,-0.8290375725550416,5.574999999999999,open-meteo,2026-08-08T10:03:04+00:00
2026-06-24 03:00:00+00:00,FR,load,24.1,64,0.0,6.31,0.6691306063588585,-0.743144825477394,23.5,55,0.0,1.59,-0.1908089953765446,0.981627183447664,23.5,53,0.0,5.9,0.6691306063588585,-0.743144825477394,21.3,78,0.0,7.5,0.6293203910498374,-0.7771459614569709,5.099999999999998,open-meteo,2026-08-08T10:03:04+00:00
2026-06-24 04:00:00+00:00,FR,load,23.5,68,0.0,5.4,0.4848096202463371,-0.8746197071393957,21.0,67,0.0,2.77,0.1391731009600654,0.9902680687415704,22.9,55,0.0,4.65,0.6691306063588585,-0.743144825477394,20.5,77,3.0,7.7,0.4067366430758004,-0.9135454576426008,3.9750000000000014,open-meteo,2026-08-08T09:50:27+00:00
2026-06-24 05:00:00+00:00,FR,load,23.7,72,42.0,3.66,0.2756373558169992,-0.9612616959383188,21.5,74,41.0,3.21,0.2079116908177593,0.9781476007338056,22.5,59,17.0,4.17,0.7547095802227721,-0.6560590289905072,21.6,79,64.0,7.8,0.0523359562429438,-0.9986295347545738,4.325000000000003,open-meteo,2026-08-08T09:50:27+00:00
2026-06-24 06:00:00+00:00,FR,load,26.0,62,163.0,2.88,0.1736481776669302,-0.984807753012208,23.7,65,165.0,2.81,0.2079116908177593,0.9781476007338056,23.7,63,126.0,4.61,0.788010753606722,-0.6156614753256583,23.7,72,186.0,5.1,0.0697564737441255,-0.9975640502598242,6.275000000000002,open-meteo,2026-08-08T09:50:27+00:00
2026-06-24 07:00:00+00:00,FR,load,27.4,56,283.0,2.94,1.2246467991473532e-16,-1.0,26.4,53,330.0,2.26,0.0871557427476581,0.9961946980917455,26.8,53,290.0,4.47,0.788010753606722,-0.6156614753256583,25.1,68,332.0,3.5,-0.1391731009600655,-0.9902680687415704,8.424999999999997,open-meteo,2026-08-08T09:50:27+00:00
2026-06-24 08:00:00+00:00,FR,load,29.5,49,478.0,1.92,0.258819045102521,-0.9659258262890682,28.3,48,502.0,2.66,-0.1045284632676534,0.9945218953682732,29.4,46,468.0,3.08,0.7986355100472927,-0.6018150231520484,28.1,56,489.0,4.0,-0.1736481776669304,-0.984807753012208,10.824999999999996,open-meteo,2026-08-08T09:50:27+00:00
2026-06-24 09:00:00+00:00,FR,load,32.5,39,632.0,1.77,0.5591929034707469,-0.8290375725550416,30.5,44,659.0,2.36,-0.0871557427476583,0.9961946980917455,32.5,38,637.0,2.57,0.9510565162951536,-0.3090169943749473,29.9,53,627.0,3.2,-0.2419218955996675,-0.9702957262759964,13.35,open-meteo,2026-08-08T10:03:04+00:00
2026-06-24 10:00:00+00:00,FR,load,34.0,36,757.0,2.04,0.5735764363510459,-0.8191520442889919,32.3,40,787.0,2.02,-0.2419218955996678,0.9702957262759964,35.3,30,776.0,2.5,0.981627183447664,-0.1908089953765448,30.9,49,743.0,2.4,-0.1218693434051473,-0.992546151641322,15.125,open-meteo,2026-08-08T10:03:04+00:00
2026-06-24 11:00:00+00:00,FR,load,35.7,29,845.0,2.56,0.6819983600624986,-0.7313537016191705,33.8,35,873.0,3.11,-0.2249510543438653,0.9743700647852352,37.1,25,875.0,2.09,0.981627183447664,0.1908089953765449,33.1,39,827.0,2.0,-0.6427876096865393,-0.766044443118978,16.924999999999997,open-meteo,2026-08-08T10:03:04+00:00
2026-06-24 12:00:00+00:00,FR,load,37.2,29,889.0,2.77,0.7071067811865476,-0.7071067811865475,34.4,31,909.0,3.98,-0.1736481776669304,0.984807753012208,38.4,22,926.0,2.31,0.8090169943749475,0.5877852522924731,33.8,38,871.0,0.7,-0.5446390350150271,-0.838670567945424,17.950000000000003,open-meteo,2026-08-08T10:03:04+00:00
2026-06-24 13:00:00+00:00,FR,load,38.4,25,882.0,2.28,0.4226182617406995,-0.90630778703665,34.9,29,894.0,4.8,-2.4492935982947064e-16,1.0,39.1,21,920.0,2.3,0.766044443118978,0.6427876096865394,34.3,38,861.0,2.3,-0.9781476007338056,0.2079116908177594,18.675,open-meteo,2026-08-08T10:03:04+00:00
2026-06-24 14:00:00+00:00,FR,load,39.2,23,829.0,2.51,0.3583679495453002,-0.9335804264972016,34.9,27,787.0,4.57,0.3907311284892737,0.9205048534524404,39.5,20,864.0,2.15,0.8660254037844386,0.5000000000000001,35.4,34,809.0,3.5,-0.9335804264972016,-0.3583679495453007,19.25,open-meteo,2026-08-08T10:03:04+00:00
2026-06-24 15:00:00+00:00,FR,load,39.1,24,736.0,2.2,0.3583679495453002,-0.9335804264972016,35.1,27,674.0,1.81,0.9743700647852352,0.2249510543438649,39.2,22,759.0,2.83,0.8290375725550417,0.5591929034707468,35.5,36,714.0,2.2,-0.5591929034707466,0.8290375725550418,19.225,open-meteo,2026-08-08T10:03:04+00:00
2026-06-24 16:00:00+00:00,FR,load,38.8,24,569.0,1.18,0.4067366430758004,-0.9135454576426008,34.4,24,416.0,2.72,0.8987940462991669,-0.4383711467890775,39.0,22,617.0,3.33,0.9135454576426008,0.4067366430758002,31.4,59,588.0,6.2,-0.2756373558169989,0.9612616959383188,17.9,open-meteo,2026-08-08T10:03:04+00:00
2026-06-24 17:00:00+00:00,FR,load,38.2,24,420.0,2.99,0.7547095802227721,-0.6560590289905072,31.4,39,319.0,8.84,0.777145961456971,-0.6293203910498373,38.4,21,425.0,4.48,0.984807753012208,-0.1736481776669303,31.8,60,438.0,4.0,-0.3420201433256686,0.9396926207859084,16.950000000000003,open-meteo,2026-08-08T10:03:04+00:00
2026-06-24 18:00:00+00:00,FR,load,37.1,28,285.0,2.53,0.8090169943749475,-0.587785252292473,29.6,41,184.0,4.12,-0.0174524064372836,-0.9998476951563912,36.2,23,267.0,8.32,0.7431448254773942,-0.6691306063588582,31.0,56,284.0,5.9,-0.3420201433256686,0.9396926207859084,15.475,open-meteo,2026-08-08T10:03:04+00:00
2026-06-24 19:00:00+00:00,FR,load,35.0,31,138.0,4.65,0.8829475928589269,-0.4694715627858909,26.7,50,42.0,2.53,0.5877852522924731,0.8090169943749475,33.4,27,110.0,10.56,0.766044443118978,-0.6427876096865394,27.5,61,142.0,6.7,-0.0697564737441256,0.9975640502598242,12.65,open-meteo,2026-08-08T10:03:04+00:00
2026-06-24 20:00:00+00:00,FR,load,33.8,39,26.0,2.61,0.8290375725550417,-0.5591929034707467,25.2,54,3.0,4.13,-0.5150380749100542,-0.8571673007021123,30.7,33,10.0,11.6,0.7547095802227721,-0.6560590289905072,26.7,62,34.0,7.5,0.0871557427476581,0.9961946980917455,11.1,open-meteo,2026-08-08T10:03:04+00:00
2026-06-24 21:00:00+00:00,FR,load,30.8,46,0.0,5.52,0.8910065241883679,-0.4539904997395467,24.3,58,0.0,5.23,0.2249510543438652,-0.9743700647852352,29.0,38,0.0,10.74,0.8480480961564261,-0.5299192642332048,25.6,61,0.0,7.0,0.2079116908177593,0.9781476007338056,9.424999999999995,open-meteo,2026-08-08T10:03:04+00:00
2026-06-24 22:00:00+00:00,FR,load,29.8,48,0.0,4.54,0.9702957262759964,-0.2419218955996677,23.4,64,0.0,4.59,0.1908089953765449,-0.981627183447664,27.8,42,0.0,12.33,0.777145961456971,-0.6293203910498373,24.3,56,0.0,7.8,0.573576436351046,0.8191520442889918,8.325,open-meteo,2026-08-08T10:03:04+00:00
2026-06-24 23:00:00+00:00,FR,load,28.9,51,0.0,4.98,0.984807753012208,-0.1736481776669303,23.0,64,0.0,5.21,0.2079116908177593,-0.9781476007338056,26.7,46,0.0,12.88,0.777145961456971,-0.6293203910498373,23.8,56,0.0,7.0,0.573576436351046,0.8191520442889918,7.599999999999998,open-meteo,2026-08-08T10:03:04+00:00
2026-06-25 00:00:00+00:00,FR,load,28.0,55,0.0,4.35,0.9902680687415704,-0.1391731009600653,21.7,69,0.0,4.22,0.0697564737441255,-0.9975640502598242,25.5,50,0.0,13.71,0.777145961456971,-0.6293203910498373,22.8,65,0.0,6.9,0.5877852522924731,0.8090169943749475,6.5,open-meteo,2026-08-08T10:03:04+00:00
2026-06-25 01:00:00+00:00,FR,load,27.2,57,0.0,4.08,0.8910065241883679,0.4539904997395468,21.6,67,0.0,5.98,0.0523359562429438,-0.9986295347545738,24.7,54,0.0,13.47,0.788010753606722,-0.6156614753256583,21.6,70,0.0,6.0,0.7431448254773942,0.6691306063588582,5.774999999999999,open-meteo,2026-08-08T10:03:04+00:00
2026-06-25 02:00:00+00:00,FR,load,26.4,61,0.0,4.22,0.8571673007021123,0.5150380749100542,21.6,68,0.0,5.49,0.0523359562429438,-0.9986295347545738,24.1,56,0.0,12.8,0.7986355100472927,-0.6018150231520484,21.4,69,0.0,6.6,0.6560590289905073,0.754709580222772,5.375,open-meteo,2026-08-08T10:03:04+00:00
2026-06-25 03:00:00+00:00,FR,load,26.0,64,0.0,4.77,0.9455185755993168,0.3255681544571567,20.8,68,0.0,5.19,0.1908089953765449,-0.981627183447664,23.8,57,0.0,11.63,0.8290375725550417,-0.5591929034707467,20.8,79,0.0,7.9,0.8090169943749475,0.5877852522924731,4.849999999999998,open-meteo,2026-08-08T10:03:04+00:00
2026-06-25 04:00:00+00:00,FR,load,25.4,65,0.0,4.73,0.9945218953682732,0.1045284632676534,20.5,69,0.0,5.2,0.0523359562429438,-0.9986295347545738,23.4,60,0.0,11.78,0.8090169943749475,-0.587785252292473,20.5,82,2.0,7.2,0.90630778703665,0.4226182617406994,4.449999999999999,open-meteo,2026-08-08T10:03:04+00:00
2026-06-25 05:00:00+00:00,FR,load,25.4,66,44.0,4.44,0.9945218953682732,-0.1045284632676535,21.0,70,40.0,4.73,0.1045284632676537,-0.9945218953682732,23.1,64,16.0,11.84,0.7986355100472927,-0.6018150231520484,21.7,77,63.0,6.7,0.766044443118978,0.6427876096865394,4.800000000000001,open-meteo,2026-08-08T10:03:04+00:00
2026-06-25 06:00:00+00:00,FR,load,26.7,63,168.0,4.8,0.9563047559630355,-0.2923717047227366,22.8,67,165.0,3.81,0.3090169943749475,-0.9510565162951536,23.5,65,121.0,12.49,0.788010753606722,-0.6156614753256583,24.0,79,183.0,5.2,0.8290375725550417,0.5591929034707468,6.25,open-meteo,2026-08-08T10:03:04+00:00
2026-06-25 07:00:00+00:00,FR,load,28.3,52,317.0,4.62,0.9961946980917455,-0.0871557427476582,24.9,55,326.0,4.05,0.1218693434051475,-0.992546151641322,25.0,63,283.0,13.41,0.8090169943749475,-0.587785252292473,25.6,73,335.0,3.8,0.6946583704589973,0.7193398003386512,7.950000000000003,open-meteo,2026-08-08T10:03:04+00:00
2026-06-25 08:00:00+00:00,FR,load,30.1,44,471.0,4.27,0.9876883405951378,0.1564344650402309,26.4,50,501.0,5.49,-0.0348994967025009,-0.9993908270190958,26.8,59,460.0,12.46,0.7986355100472927,-0.6018150231520484,28.2,60,488.0,3.8,0.9205048534524404,0.3907311284892737,9.875,open-meteo,2026-08-08T10:03:04+00:00
2026-06-25 09:00:00+00:00,FR,load,33.3,36,635.0,4.27,0.9876883405951378,0.1564344650402309,28.6,41,658.0,5.59,-0.0523359562429435,-0.9986295347545738,28.9,51,627.0,11.86,0.8090169943749475,-0.587785252292473,30.5,56,631.0,4.3,0.9612616959383188,0.2756373558169991,12.325,open-meteo,2026-08-08T10:03:04+00:00
2026-06-25 10:00:00+00:00,FR,load,35.1,32,757.0,4.44,0.9945218953682732,-0.1045284632676535,31.0,37,786.0,6.43,-0.1391731009600655,-0.9902680687415704,30.8,47,765.0,11.33,0.7986355100472927,-0.6018150231520484,30.9,57,745.0,4.7,0.9205048534524404,0.3907311284892737,13.949999999999996,open-meteo,2026-08-08T10:03:04+00:00
2026-06-25 11:00:00+00:00,FR,load,37.1,24,811.0,5.64,0.9563047559630355,-0.2923717047227366,32.6,35,873.0,7.5,-0.2923717047227367,-0.9563047559630354,32.7,39,864.0,11.19,0.7986355100472927,-0.6018150231520484,32.9,48,826.0,5.0,0.838670567945424,0.5446390350150271,15.825000000000005,open-meteo,2026-08-08T10:03:04+00:00
2026-06-25 12:00:00+00:00,FR,load,37.9,24,897.0,6.3,0.9659258262890684,-0.2588190451025208,33.5,34,911.0,8.77,-0.3420201433256686,-0.9396926207859084,34.2,33,915.0,11.64,0.8090169943749475,-0.587785252292473,33.7,44,867.0,5.4,0.9702957262759964,0.2419218955996676,16.825000000000003,open-meteo,2026-08-08T09:50:27+00:00
2026-06-25 13:00:00+00:00,FR,load,38.5,24,887.0,6.27,0.9702957262759964,-0.2419218955996677,34.4,27,899.0,9.78,-0.4067366430758002,-0.9135454576426008,34.9,32,913.0,12.58,0.7986355100472927,-0.6018150231520484,33.3,48,768.0,6.1,0.9743700647852352,0.2249510543438649,17.275000000000006,open-meteo,2026-08-08T09:50:27+00:00
2026-06-25 14:00:00+00:00,FR,load,38.5,23,810.0,6.18,0.9986295347545738,0.0523359562429439,34.7,26,834.0,10.01,-0.5150380749100542,-0.8571673007021123,35.0,32,858.0,12.62,0.8090169943749475,-0.587785252292473,34.6,43,779.0,5.3,0.9986295347545738,0.0523359562429439,17.700000000000003,open-meteo,2026-08-08T09:50:27+00:00
2026-06-25 15:00:00+00:00,FR,load,38.8,18,724.0,8.98,0.9510565162951536,-0.3090169943749473,34.7,24,721.0,8.42,-0.4226182617406993,-0.90630778703665,33.9,35,754.0,12.83,0.8290375725550417,-0.5591929034707467,34.0,43,605.0,6.1,0.9781476007338056,0.2079116908177594,17.35,open-meteo,2026-08-08T10:03:04+00:00
2026-06-25 16:00:00+00:00,FR,load,38.4,23,588.0,7.68,0.8660254037844387,-0.4999999999999998,34.5,26,578.0,8.2,-0.4226182617406993,-0.90630778703665,33.4,38,607.0,12.07,0.8290375725550417,-0.5591929034707467,33.3,50,514.0,6.3,0.9876883405951378,0.1564344650402309,16.900000000000006,open-meteo,2026-08-08T09:50:27+00:00
2026-06-25 17:00:00+00:00,FR,load,37.5,24,428.0,8.5,0.8910065241883679,-0.4539904997395467,33.6,27,396.0,8.41,-0.2588190451025208,-0.9659258262890684,32.4,40,432.0,12.15,0.788010753606722,-0.6156614753256583,33.7,45,388.0,7.0,0.9659258262890684,0.2588190451025207,16.299999999999997,open-meteo,2026-08-08T09:50:27+00:00
2026-06-25 18:00:00+00:00,FR,load,36.4,24,290.0,8.34,0.8290375725550417,-0.5591929034707467,31.7,33,171.0,9.39,-0.1391731009600655,-0.9902680687415704,31.0,41,263.0,11.86,0.8090169943749475,-0.587785252292473,32.4,50,276.0,7.1,0.9743700647852352,0.2249510543438649,14.875,open-meteo,2026-08-08T10:03:04+00:00
2026-06-25 19:00:00+00:00,FR,load,34.3,27,140.0,8.55,0.984807753012208,-0.1736481776669303,29.7,33,42.0,11.08,0.0523359562429438,-0.9986295347545738,29.3,45,105.0,11.54,0.766044443118978,-0.6427876096865394,30.5,60,116.0,7.0,0.9659258262890684,0.2588190451025207,12.95,open-meteo,2026-08-08T09:50:27+00:00
2026-06-25 20:00:00+00:00,FR,load,32.0,36,26.0,7.13,0.9510565162951536,-0.3090169943749473,27.5,51,3.0,7.75,0.529919264233205,-0.848048096156426,27.4,51,10.0,12.05,0.7071067811865476,-0.7071067811865475,30.3,51,34.0,6.9,0.9335804264972016,0.3583679495453004,11.3,open-meteo,2026-08-08T09:50:27+00:00
2026-06-25 21:00:00+00:00,FR,load,30.6,43,0.0,7.28,0.9961946980917455,-0.0871557427476582,27.4,37,0.0,10.45,-0.1045284632676535,-0.9945218953682732,26.4,55,0.0,12.13,0.7313537016191706,-0.6819983600624984,29.3,54,0.0,7.8,0.992546151641322,0.1218693434051474,10.425,open-meteo,2026-08-08T09:50:27+00:00
2026-06-25 22:00:00+00:00,FR,load,29.1,48,0.0,6.31,0.9945218953682732,-0.1045284632676535,26.3,42,0.0,12.39,-0.3090169943749473,-0.9510565162951536,25.3,62,0.0,11.44,0.7313537016191706,-0.6819983600624984,28.2,59,0.0,7.8,0.992546151641322,0.1218693434051474,9.225,open-meteo,2026-08-08T10:03:04+00:00
2026-06-25 23:00:00+00:00,FR,load,28.0,50,0.0,5.42,0.9396926207859084,-0.3420201433256687,25.0,46,0.0,9.21,-0.0348994967025009,-0.9993908270190958,24.6,68,0.0,11.29,0.6946583704589971,-0.7193398003386513,27.7,57,0.0,8.8,0.9945218953682732,0.1045284632676534,8.325,open-meteo,2026-08-08T10:03:04+00:00
2026-06-26 00:00:00+00:00,FR,load,27.6,49,0.0,4.78,0.4694715627858907,-0.882947592858927,24.4,52,0.0,10.3,0.0523359562429438,-0.9986295347545738,23.8,72,0.0,6.84,0.2249510543438652,-0.9743700647852352,26.9,58,0.0,8.5,0.9876883405951378,-0.1564344650402308,7.674999999999997,open-meteo,2026-08-08T09:50:27+00:00
2026-06-26 01:00:00+00:00,FR,load,26.5,51,0.0,3.35,0.6156614753256584,-0.7880107536067219,23.9,53,0.0,10.88,-0.0174524064372836,-0.9998476951563912,23.0,82,0.0,6.29,-0.3090169943749473,-0.9510565162951536,26.4,62,0.0,10.4,0.9702957262759964,-0.2419218955996677,6.950000000000003,open-meteo,2026-08-08T09:50:27+00:00
2026-06-26 02:00:00+00:00,FR,load,25.8,55,0.0,6.17,-0.544639035015027,0.838670567945424,23.6,54,0.0,9.51,-0.0348994967025009,-0.9993908270190958,22.3,88,0.0,5.59,-0.9986295347545738,-0.0523359562429443,25.9,61,0.0,8.5,0.984807753012208,-0.1736481776669303,6.399999999999999,open-meteo,2026-08-08T09:50:27+00:00
2026-06-26 03:00:00+00:00,FR,load,24.6,61,0.0,2.83,0.2419218955996677,0.9702957262759964,23.4,56,0.0,8.75,-0.0697564737441252,-0.9975640502598242,21.9,85,0.0,5.53,-0.992546151641322,0.1218693434051476,25.1,63,0.0,8.0,0.9271838545667874,-0.374606593415912,5.75,open-meteo,2026-08-08T10:03:04+00:00
2026-06-26 04:00:00+00:00,FR,load,24.4,62,0.0,3.53,0.9455185755993168,0.3255681544571567,22.5,61,0.0,6.17,0.0174524064372834,-0.9998476951563912,21.5,86,0.0,4.72,-0.9961946980917455,-0.0871557427476582,24.1,71,2.0,4.1,0.6293203910498374,-0.7771459614569709,5.125,open-meteo,2026-08-08T10:03:04+00:00
2026-06-26 05:00:00+00:00,FR,load,25.0,63,24.0,4.68,0.9396926207859084,-0.3420201433256687,22.9,62,37.0,6.07,1.2246467991473532e-16,-1.0,21.4,87,11.0,4.09,-0.981627183447664,-0.1908089953765446,24.3,71,62.0,7.0,0.777145961456971,-0.6293203910498373,5.399999999999999,open-meteo,2026-08-08T10:03:04+00:00
2026-06-26 06:00:00+00:00,FR,load,25.2,67,142.0,7.24,-0.7660444431189779,-0.6427876096865395,24.4,57,165.0,6.86,0.0348994967025011,-0.9993908270190958,21.7,85,83.0,3.23,-0.9993908270190958,-0.0348994967025007,25.4,66,176.0,3.3,0.3746065934159122,-0.9271838545667872,6.174999999999997,open-meteo,2026-08-08T10:03:04+00:00
2026-06-26 07:00:00+00:00,FR,load,27.9,53,273.0,8.83,-0.9876883405951378,0.1564344650402306,25.9,53,328.0,5.65,0.1564344650402309,-0.9876883405951375,22.9,81,167.0,1.36,-0.9335804264972016,-0.3583679495453007,27.6,60,324.0,2.9,0.4383711467890773,-0.898794046299167,8.074999999999996,open-meteo,2026-08-08T10:03:04+00:00
2026-06-26 08:00:00+00:00,FR,load,29.9,50,479.0,8.22,-0.7771459614569708,0.6293203910498375,27.7,49,501.0,4.61,-0.0174524064372836,-0.9998476951563912,23.8,76,239.0,1.38,-0.0697564737441252,-0.9975640502598242,30.5,46,458.0,5.7,0.0174524064372834,-0.9998476951563912,9.974999999999998,open-meteo,2026-08-08T09:50:27+00:00
2026-06-26 09:00:00+00:00,FR,load,32.2,39,631.0,6.86,-0.7193398003386512,0.6946583704589973,30.1,39,660.0,4.41,0.0174524064372834,-0.9998476951563912,26.4,66,430.0,1.67,0.6427876096865395,-0.7660444431189779,31.1,46,620.0,4.8,-0.6427876096865393,-0.766044443118978,11.950000000000005,open-meteo,2026-08-08T09:50:27+00:00
2026-06-26 10:00:00+00:00,FR,load,34.1,31,750.0,6.49,-0.5591929034707466,0.8290375725550418,32.2,31,791.0,5.06,-0.1564344650402307,-0.9876883405951378,27.8,62,731.0,1.67,0.766044443118978,-0.6427876096865394,31.2,54,689.0,4.8,-0.9961946980917455,0.0871557427476578,13.325000000000005,open-meteo,2026-08-08T09:50:27+00:00
2026-06-26 11:00:00+00:00,FR,load,35.2,30,752.0,5.02,-0.6293203910498378,0.7771459614569706,34.1,23,879.0,5.98,-0.1736481776669304,-0.984807753012208,29.6,57,853.0,1.77,0.8290375725550417,-0.5591929034707467,32.9,47,816.0,4.5,-0.8290375725550416,0.559192903470747,14.950000000000005,open-meteo,2026-08-08T10:03:04+00:00
2026-06-26 12:00:00+00:00,FR,load,31.3,45,806.0,7.06,-0.9993908270190958,0.0348994967025012,34.6,21,920.0,5.87,-0.2588190451025208,-0.9659258262890684,31.4,51,907.0,2.2,0.8480480961564261,-0.5299192642332048,33.7,45,847.0,4.1,-0.984807753012208,0.1736481776669299,14.75,open-meteo,2026-08-08T10:03:04+00:00
2026-06-26 13:00:00+00:00,FR,load,27.0,63,433.0,5.31,-0.9975640502598244,0.0697564737441252,35.6,17,906.0,6.32,-0.3255681544571567,-0.9455185755993168,33.2,44,906.0,2.29,0.8571673007021123,-0.5150380749100543,33.4,46,850.0,4.3,-0.9902680687415704,0.1391731009600654,14.300000000000004,open-meteo,2026-08-08T10:03:04+00:00
2026-06-26 14:00:00+00:00,FR,load,32.1,46,555.0,2.26,-0.3090169943749477,0.9510565162951536,36.1,16,846.0,6.3,-0.3583679495453004,-0.9335804264972016,34.8,39,852.0,2.59,0.8746197071393959,-0.484809620246337,33.3,44,571.0,6.0,-0.9945218953682734,0.1045284632676529,16.075000000000003,open-meteo,2026-08-08T10:03:04+00:00
2026-06-26 15:00:00+00:00,FR,load,34.3,30,495.0,3.53,-0.0523359562429443,0.9986295347545738,35.7,18,730.0,6.48,-0.3090169943749473,-0.9510565162951536,35.3,38,756.0,3.68,0.8746197071393959,-0.484809620246337,31.1,47,455.0,6.2,-0.9986295347545738,-0.0523359562429443,16.1,open-meteo,2026-08-08T09:50:27+00:00
2026-06-26 16:00:00+00:00,FR,load,35.1,30,561.0,3.88,-0.1736481776669304,0.984807753012208,35.4,19,578.0,6.88,-0.2923717047227367,-0.9563047559630354,35.2,33,616.0,5.44,0.8660254037844387,-0.4999999999999998,30.1,50,537.0,4.4,-0.9876883405951375,-0.156434465040231,15.950000000000005,open-meteo,2026-08-08T09:50:27+00:00
2026-06-26 17:00:00+00:00,FR,load,35.2,28,457.0,4.13,-0.0697564737441256,0.9975640502598242,34.5,20,410.0,7.69,-0.2923717047227367,-0.9563047559630354,33.8,37,450.0,6.43,0.788010753606722,-0.6156614753256583,29.5,50,421.0,4.0,-0.9961946980917455,-0.0871557427476582,15.25,open-meteo,2026-08-08T09:50:27+00:00
2026-06-26 18:00:00+00:00,FR,load,34.1,38,293.0,4.93,-0.1218693434051472,0.992546151641322,33.1,22,240.0,7.9,-0.1218693434051473,-0.992546151641322,32.4,39,271.0,7.1,0.8191520442889917,-0.5735764363510462,27.9,53,286.0,4.6,-0.9876883405951375,-0.156434465040231,13.875,open-meteo,2026-08-08T09:50:27+00:00
2026-06-26 19:00:00+00:00,FR,load,31.9,46,137.0,8.27,0.0871557427476581,0.9961946980917455,30.7,27,84.0,8.58,-0.1218693434051473,-0.992546151641322,30.3,40,108.0,7.38,0.766044443118978,-0.6427876096865394,26.5,67,121.0,5.2,-0.9396926207859084,-0.3420201433256685,11.849999999999998,open-meteo,2026-08-08T09:50:27+00:00
2026-06-26 20:00:00+00:00,FR,load,29.3,50,25.0,9.17,0.1736481776669303,0.984807753012208,28.5,34,5.0,9.15,-0.1045284632676535,-0.9945218953682732,27.8,46,10.0,8.8,0.7071067811865476,-0.7071067811865475,24.5,60,24.0,4.7,-0.9702957262759964,-0.2419218955996677,9.525,open-meteo,2026-08-08T10:03:04+00:00
2026-06-26 21:00:00+00:00,FR,load,26.7,49,0.0,9.07,0.1045284632676534,0.9945218953682732,27.4,42,0.0,12.18,-0.0697564737441252,-0.9975640502598242,26.1,52,0.0,9.65,0.7547095802227721,-0.6560590289905072,22.8,69,0.0,4.2,-0.9998476951563912,-0.0174524064372834,7.7499999999999964,open-meteo,2026-08-08T09:50:27+00:00
2026-06-26 22:00:00+00:00,FR,load,25.1,55,0.0,8.84,0.2588190451025207,0.9659258262890684,26.1,48,0.0,12.47,-0.1391731009600655,-0.9902680687415704,25.0,59,0.0,9.72,0.7547095802227721,-0.6560590289905072,21.5,73,0.0,4.3,-0.9961946980917455,-0.0871557427476582,6.425000000000001,open-meteo,2026-08-08T09:50:27+00:00
2026-06-26 23:00:00+00:00,FR,load,24.0,56,0.0,7.05,0.1736481776669303,0.984807753012208,25.0,51,0.0,12.77,-0.1391731009600655,-0.9902680687415704,24.1,66,0.0,9.0,0.788010753606722,-0.6156614753256583,21.0,70,0.0,1.6,0.3907311284892737,-0.9205048534524404,5.524999999999999,open-meteo,2026-08-08T10:03:04+00:00
2026-06-27 00:00:00+00:00,FR,load,23.1,62,0.0,7.51,0.2079116908177593,0.9781476007338056,24.2,55,0.0,12.1,-0.1564344650402307,-0.9876883405951378,23.7,70,0.0,8.77,0.766044443118978,-0.6427876096865394,19.8,79,0.0,5.6,-0.9998476951563912,-0.0174524064372834,4.699999999999999,open-meteo,2026-08-08T10:03:04+00:00
2026-06-27 01:00:00+00:00,FR,load,22.6,64,0.0,5.83,0.2923717047227367,0.9563047559630354,23.5,56,0.0,11.97,-0.1391731009600655,-0.9902680687415704,23.2,74,0.0,8.97,0.766044443118978,-0.6427876096865394,18.1,81,0.0,8.9,-0.8829475928589271,0.4694715627858904,3.8500000000000014,open-meteo,2026-08-08T09:50:27+00:00
2026-06-27 02:00:00+00:00,FR,load,22.2,66,0.0,7.23,-0.4694715627858908,0.882947592858927,23.1,56,0.0,11.31,-0.0871557427476579,-0.9961946980917455,22.9,76,0.0,9.02,0.7431448254773942,-0.6691306063588582,19.0,75,0.0,4.4,-0.9612616959383188,0.2756373558169994,3.799999999999997,open-meteo,2026-08-08T09:50:27+00:00
2026-06-27 03:00:00+00:00,FR,load,21.8,65,0.0,7.55,-0.0348994967025008,0.9993908270190958,23.0,49,0.0,9.6,1.2246467991473532e-16,-1.0,22.9,74,0.0,9.98,0.7071067811865476,-0.7071067811865475,18.3,80,0.0,5.5,-0.8090169943749476,0.5877852522924729,3.4999999999999964,open-meteo,2026-08-08T09:50:27+00:00
2026-06-27 04:00:00+00:00,FR,load,21.2,62,0.0,10.41,0.0697564737441253,0.9975640502598242,22.6,49,0.0,9.04,-0.0697564737441252,-0.9975640502598242,22.7,76,0.0,10.46,0.7071067811865476,-0.7071067811865475,19.4,76,2.0,3.0,0.0697564737441253,0.9975640502598242,3.4750000000000014,open-meteo,2026-08-08T09:50:27+00:00
2026-06-27 05:00:00+00:00,FR,load,21.3,62,33.0,9.41,0.0174524064372835,0.9998476951563912,22.5,51,39.0,8.15,0.0523359562429438,-0.9986295347545738,22.6,79,16.0,10.54,0.6691306063588585,-0.743144825477394,20.2,71,62.0,6.4,0.7071067811865475,0.7071067811865476,3.650000000000002,open-meteo,2026-08-08T09:50:27+00:00
2026-06-27 06:00:00+00:00,FR,load,22.5,62,140.0,7.11,0.1218693434051474,0.992546151641322,23.3,58,162.0,8.43,-0.0523359562429435,-0.9986295347545738,23.2,78,122.0,10.2,0.6560590289905073,-0.754709580222772,21.4,74,183.0,7.0,-0.2588190451025207,0.9659258262890684,4.600000000000001,open-meteo,2026-08-08T10:03:04+00:00
2026-06-27 07:00:00+00:00,FR,load,23.5,56,287.0,6.44,0.1564344650402308,0.9876883405951378,24.8,57,327.0,7.64,1.2246467991473532e-16,-1.0,24.7,75,286.0,9.15,0.6819983600624986,-0.7313537016191705,22.0,71,213.0,3.7,-0.1908089953765446,0.981627183447664,5.75,open-meteo,2026-08-08T10:03:04+00:00
2026-06-27 08:00:00+00:00,FR,load,24.7,55,363.0,4.87,0.4226182617406994,0.90630778703665,27.1,50,500.0,7.66,-0.0697564737441252,-0.9975640502598242,26.5,68,463.0,8.87,0.7071067811865476,-0.7071067811865475,23.6,67,297.0,6.7,-0.2923717047227367,-0.9563047559630354,7.475000000000001,open-meteo,2026-08-08T10:03:04+00:00
2026-06-27 09:00:00+00:00,FR,load,27.4,42,339.0,5.11,0.3420201433256687,0.9396926207859084,29.9,36,661.0,9.13,-0.1564344650402307,-0.9876883405951378,28.8,59,629.0,8.11,0.7313537016191706,-0.6819983600624984,21.4,92,165.0,10.8,0.6293203910498374,0.7771459614569709,8.875,open-meteo,2026-08-08T10:03:04+00:00
2026-06-27 10:00:00+00:00,FR,load,29.4,39,723.0,3.99,0.4226182617406994,0.90630778703665,32.0,28,797.0,10.07,-0.1908089953765447,-0.981627183447664,30.9,50,770.0,6.51,0.7193398003386511,-0.6946583704589974,25.7,61,28.0,7.5,0.5591929034707469,0.8290375725550417,11.5,open-meteo,2026-08-08T10:03:04+00:00
2026-06-27 11:00:00+00:00,FR,load,31.1,38,791.0,2.48,0.3090169943749474,0.9510565162951536,33.4,26,887.0,10.51,-0.2079116908177595,-0.9781476007338056,32.8,42,871.0,4.99,0.7071067811865476,-0.7071067811865475,26.2,71,763.0,3.2,0.8829475928589269,0.4694715627858908,12.875,open-meteo,2026-08-08T09:50:27+00:00
2026-06-27 12:00:00+00:00,FR,load,33.5,36,862.0,1.81,0.224951054343865,0.9743700647852352,34.4,25,926.0,10.91,-0.3090169943749473,-0.9510565162951536,34.6,36,922.0,5.02,0.777145961456971,-0.6293203910498373,24.7,81,647.0,3.4,0.3907311284892737,0.9205048534524404,13.8,open-meteo,2026-08-08T10:03:04+00:00
2026-06-27 13:00:00+00:00,FR,load,34.9,34,871.0,0.97,0.7071067811865475,0.7071067811865476,35.1,23,912.0,11.04,-0.3583679495453004,-0.9335804264972016,36.1,31,923.0,4.24,0.8290375725550417,-0.5591929034707467,27.8,64,259.0,7.9,0.7771459614569709,0.6293203910498374,15.475,open-meteo,2026-08-08T10:03:04+00:00
2026-06-27 14:00:00+00:00,FR,load,35.9,32,823.0,0.39,-1.0,-1.8369701987210287e-16,35.6,21,840.0,11.21,-0.374606593415912,-0.9271838545667874,37.2,26,870.0,4.03,0.8987940462991669,-0.4383711467890775,29.8,61,797.0,6.3,0.9702957262759964,0.2419218955996676,16.625,open-meteo,2026-08-08T10:03:04+00:00
2026-06-27 15:00:00+00:00,FR,load,36.0,35,719.0,2.29,-0.984807753012208,-0.1736481776669303,35.1,18,730.0,11.68,-0.3907311284892735,-0.9205048534524404,36.5,30,767.0,4.32,0.777145961456971,-0.6293203910498373,29.5,59,708.0,4.6,0.766044443118978,0.6427876096865394,16.275,open-meteo,2026-08-08T10:03:04+00:00
2026-06-27 16:00:00+00:00,FR,load,35.6,35,538.0,2.5,-0.7431448254773946,0.6691306063588578,34.9,16,588.0,12.1,-0.3583679495453004,-0.9335804264972016,36.2,30,620.0,4.67,0.777145961456971,-0.6293203910498373,30.8,54,581.0,5.1,0.1908089953765448,0.981627183447664,16.375,open-meteo,2026-08-08T10:03:04+00:00
2026-06-27 17:00:00+00:00,FR,load,35.3,35,431.0,1.57,-0.9975640502598242,-0.0697564737441255,33.8,21,422.0,13.17,-0.3255681544571567,-0.9455185755993168,35.1,33,451.0,5.68,0.6946583704589971,-0.7193398003386513,30.4,59,431.0,6.9,0.1391731009600654,0.9902680687415704,15.65,open-meteo,2026-08-08T10:03:04+00:00
2026-06-27 18:00:00+00:00,FR,load,34.1,39,202.0,2.39,-0.3255681544571567,0.9455185755993168,31.9,25,246.0,11.59,-0.3255681544571567,-0.9455185755993168,33.0,37,273.0,7.21,0.7193398003386511,-0.6946583704589974,27.7,73,284.0,6.7,0.1564344650402308,0.9876883405951378,13.675,open-meteo,2026-08-08T09:50:27+00:00
2026-06-27 19:00:00+00:00,FR,load,32.5,52,81.0,0.69,-2.4492935982947064e-16,1.0,29.8,34,89.0,12.17,-0.2249510543438649,-0.9743700647852352,30.4,42,109.0,8.07,0.5877852522924732,-0.8090169943749473,27.9,68,141.0,5.6,0.7313537016191705,0.6819983600624985,12.15,open-meteo,2026-08-08T10:03:04+00:00
2026-06-27 20:00:00+00:00,FR,load,28.3,61,12.0,8.07,-0.9945218953682734,0.1045284632676529,27.9,41,6.0,13.45,-0.1391731009600655,-0.9902680687415704,27.7,49,10.0,9.44,0.6018150231520482,-0.7986355100472929,24.3,73,34.0,4.8,0.0871557427476581,0.9961946980917455,9.05,open-meteo,2026-08-08T09:50:27+00:00
2026-06-27 21:00:00+00:00,FR,load,22.7,92,0.0,8.1,-0.9659258262890684,0.2588190451025203,27.0,41,0.0,13.01,-0.1736481776669304,-0.984807753012208,26.1,52,0.0,10.0,0.6560590289905073,-0.754709580222772,22.9,85,0.0,3.2,0.3907311284892737,0.9205048534524404,6.675000000000004,open-meteo,2026-08-08T09:50:27+00:00
2026-06-27 22:00:00+00:00,FR,load,23.6,78,0.0,2.86,-0.9271838545667874,0.3746065934159119,25.8,42,0.0,13.53,-0.1736481776669304,-0.984807753012208,25.1,59,0.0,10.37,0.6293203910498374,-0.7771459614569709,24.7,73,0.0,0.6,-0.7193398003386512,-0.6946583704589973,6.800000000000001,open-meteo,2026-08-08T10:03:04+00:00
2026-06-27 23:00:00+00:00,FR,load,23.0,81,0.0,4.12,-0.0523359562429443,0.9986295347545738,25.0,46,0.0,14.14,-0.2079116908177595,-0.9781476007338056,24.1,65,0.0,8.51,0.4848096202463371,-0.8746197071393957,19.2,92,0.0,7.4,-0.9876883405951375,-0.156434465040231,4.824999999999999,open-meteo,2026-08-08T10:03:04+00:00
2026-06-28 00:00:00+00:00,FR,load,21.8,85,0.0,2.85,-0.9975640502598244,0.0697564737441252,24.0,53,0.0,13.43,-0.2079116908177595,-0.9781476007338056,23.6,69,0.0,6.67,0.0348994967025011,-0.9993908270190958,22.2,90,0.0,6.8,0.1908089953765448,0.981627183447664,4.900000000000002,open-meteo,2026-08-08T10:03:04+00:00
2026-06-28 01:00:00+00:00,FR,load,21.4,91,0.0,8.23,-2.4492935982947064e-16,1.0,23.2,60,0.0,12.47,-0.1908089953765447,-0.981627183447664,23.0,77,0.0,7.19,-0.9945218953682734,-0.1045284632676533,21.3,79,0.0,4.2,0.6018150231520483,0.7986355100472928,4.224999999999998,open-meteo,2026-08-08T10:03:04+00:00
2026-06-28 02:00:00+00:00,FR,load,21.0,89,0.0,4.19,0.5446390350150271,0.838670567945424,23.2,62,0.0,11.1,-0.1564344650402307,-0.9876883405951378,22.4,88,0.0,9.12,-0.9993908270190958,-0.0348994967025007,18.8,97,0.0,2.2,0.9902680687415704,-0.1391731009600653,3.349999999999998,open-meteo,2026-08-08T10:03:04+00:00
2026-06-28 03:00:00+00:00,FR,load,20.4,91,0.0,1.57,0.9975640502598242,0.0697564737441252,22.1,65,0.0,9.07,-0.1908089953765447,-0.981627183447664,22.4,88,0.0,7.87,-0.9961946980917455,-0.0871557427476582,18.7,97,0.0,2.9,0.3746065934159122,-0.9271838545667872,2.900000000000002,open-meteo,2026-08-08T10:03:04+00:00
2026-06-28 04:00:00+00:00,FR,load,19.3,95,0.0,2.21,0.2249510543438652,-0.9743700647852352,21.3,65,0.0,6.77,-0.0348994967025009,-0.9993908270190958,22.1,85,0.0,7.23,-0.9876883405951378,0.1564344650402306,19.2,95,2.0,6.5,-0.8090169943749473,-0.5877852522924732,2.4750000000000014,open-meteo,2026-08-08T10:03:04+00:00
2026-06-28 05:00:00+00:00,FR,load,20.1,94,40.0,3.55,-0.1045284632676535,-0.9945218953682732,21.5,61,39.0,6.27,0.0348994967025011,-0.9993908270190958,21.7,85,12.0,6.2,-0.9961946980917455,0.0871557427476578,19.6,94,61.0,7.2,-0.6819983600624984,-0.7313537016191706,2.7250000000000014,open-meteo,2026-08-08T10:03:04+00:00
2026-06-28 06:00:00+00:00,FR,load,22.3,84,133.0,6.54,-0.6427876096865393,-0.766044443118978,23.4,61,164.0,6.89,-0.1045284632676535,-0.9945218953682732,21.8,83,88.0,4.52,-0.9975640502598244,0.0697564737441252,21.3,89,183.0,4.2,-0.6427876096865393,-0.766044443118978,4.199999999999999,open-meteo,2026-08-08T10:03:04+00:00
2026-06-28 07:00:00+00:00,FR,load,23.1,81,194.0,5.98,-0.7660444431189779,-0.6427876096865395,25.2,54,330.0,7.27,-0.0871557427476579,-0.9961946980917455,22.7,77,233.0,3.46,-0.9902680687415704,0.1391731009600654,23.8,75,330.0,6.1,-0.9205048534524404,-0.3907311284892738,5.699999999999999,open-meteo,2026-08-08T10:03:04+00:00
2026-06-28 08:00:00+00:00,FR,load,22.8,81,137.0,6.6,-0.754709580222772,-0.6560590289905073,27.2,46,505.0,5.8,-0.0871557427476579,-0.9961946980917455,23.9,73,371.0,2.65,-0.9993908270190958,0.0348994967025012,22.6,76,485.0,4.9,-0.9563047559630354,0.2923717047227367,6.125,open-meteo,2026-08-08T10:03:04+00:00
2026-06-28 09:00:00+00:00,FR,load,23.7,75,299.0,4.23,-0.7431448254773944,-0.6691306063588581,29.9,36,666.0,4.74,-0.4067366430758002,-0.9135454576426008,25.6,67,587.0,2.95,-0.9335804264972016,0.3583679495453004,23.5,73,634.0,4.4,-0.9961946980917455,-0.0871557427476582,7.674999999999997,open-meteo,2026-08-08T10:03:04+00:00
2026-06-28 10:00:00+00:00,FR,load,24.5,67,379.0,4.09,-0.9335804264972016,-0.3583679495453007,32.0,29,801.0,4.43,-0.4694715627858908,-0.8829475928589269,27.2,62,722.0,3.14,-0.7771459614569708,0.6293203910498375,24.3,69,552.0,6.1,-0.9702957262759964,-0.2419218955996677,9.0,open-meteo,2026-08-08T09:50:27+00:00
2026-06-28 11:00:00+00:00,FR,load,26.9,56,744.0,3.81,-0.9510565162951536,-0.3090169943749475,33.5,23,890.0,5.09,-0.5000000000000001,-0.8660254037844386,28.7,58,828.0,3.76,-0.6293203910498378,0.7771459614569706,23.7,72,474.0,5.0,-0.981627183447664,-0.1908089953765446,10.2,open-meteo,2026-08-08T09:50:27+00:00
2026-06-28 12:00:00+00:00,FR,load,28.3,54,850.0,3.19,-0.981627183447664,-0.1908089953765446,34.0,21,928.0,5.6,-0.587785252292473,-0.8090169943749475,29.8,54,879.0,2.82,-0.3420201433256686,0.9396926207859084,23.0,73,424.0,4.3,-0.981627183447664,-0.1908089953765446,10.775,open-meteo,2026-08-08T10:03:04+00:00
2026-06-28 13:00:00+00:00,FR,load,29.5,48,785.0,4.0,-0.9271838545667874,0.3746065934159119,35.0,19,913.0,5.27,-0.6819983600624984,-0.7313537016191706,30.8,51,884.0,2.37,-0.4067366430758001,0.9135454576426008,24.6,65,749.0,4.0,-0.984807753012208,-0.1736481776669303,11.975,open-meteo,2026-08-08T10:03:04+00:00
2026-06-28 14:00:00+00:00,FR,load,30.3,40,746.0,4.06,-0.7986355100472932,0.6018150231520479,35.7,18,848.0,4.71,-0.7071067811865475,-0.7071067811865477,31.7,49,846.0,3.54,-0.2419218955996678,0.9702957262759964,24.5,65,753.0,5.8,-0.9998476951563912,0.0174524064372831,12.55,open-meteo,2026-08-08T10:03:04+00:00
2026-06-28 15:00:00+00:00,FR,load,29.4,43,534.0,5.09,-1.0,-1.8369701987210287e-16,35.6,17,738.0,7.01,-0.5446390350150271,-0.838670567945424,31.8,47,745.0,2.48,0.1564344650402308,0.9876883405951378,23.4,69,333.0,6.3,-0.9975640502598244,0.0697564737441252,12.049999999999995,open-meteo,2026-08-08T09:50:27+00:00
2026-06-28 16:00:00+00:00,FR,load,28.9,44,380.0,2.1,-0.882947592858927,-0.4694715627858907,35.1,20,593.0,6.9,-0.3907311284892735,-0.9205048534524404,32.2,45,606.0,4.16,-0.1391731009600658,0.9902680687415704,23.3,62,358.0,6.9,-0.992546151641322,0.1218693434051476,11.875,open-meteo,2026-08-08T09:50:27+00:00
2026-06-28 17:00:00+00:00,FR,load,24.8,67,133.0,7.65,-0.8571673007021123,0.5150380749100542,34.5,17,422.0,6.59,-0.3907311284892735,-0.9205048534524404,30.4,52,442.0,7.18,-0.2419218955996678,0.9702957262759964,23.3,62,249.0,6.4,-0.9998476951563912,-0.0174524064372834,10.249999999999996,open-meteo,2026-08-08T09:50:27+00:00
2026-06-28 18:00:00+00:00,FR,load,26.9,52,163.0,4.62,-0.9335804264972016,0.3583679495453004,32.5,24,238.0,5.1,-0.0348994967025009,-0.9993908270190958,28.9,61,267.0,9.06,-0.7771459614569708,0.6293203910498375,22.6,67,190.0,6.0,-0.9993908270190958,0.0348994967025012,9.725,open-meteo,2026-08-08T09:50:27+00:00
2026-06-28 19:00:00+00:00,FR,load,25.0,66,63.0,7.68,-0.3907311284892739,0.9205048534524404,29.6,33,88.0,6.48,-0.0523359562429435,-0.9986295347545738,27.5,61,91.0,8.73,-0.7071067811865477,0.7071067811865474,21.9,68,106.0,4.1,-0.9902680687415704,0.1391731009600654,8.0,open-meteo,2026-08-08T09:50:27+00:00
2026-06-28 20:00:00+00:00,FR,load,23.1,70,11.0,7.32,0.1391731009600654,0.9902680687415704,28.2,35,6.0,7.82,-0.374606593415912,-0.9271838545667874,25.1,70,10.0,8.09,-0.7880107536067218,0.6156614753256585,21.1,72,34.0,4.0,-0.992546151641322,0.1218693434051476,6.375,open-meteo,2026-08-08T09:50:27+00:00
2026-06-28 21:00:00+00:00,FR,load,22.4,70,0.0,6.67,0.4067366430758002,0.9135454576426008,24.2,59,0.0,11.29,-0.2756373558169989,0.9612616959383188,24.4,69,0.0,9.15,-0.6946583704589976,0.7193398003386509,19.4,77,0.0,3.2,-0.9961946980917455,0.0871557427476578,4.600000000000001,open-meteo,2026-08-08T09:50:27+00:00
2026-06-28 22:00:00+00:00,FR,load,22.1,68,0.0,6.58,0.0523359562429438,0.9986295347545738,24.4,54,0.0,8.37,0.2756373558169991,0.9612616959383188,23.2,75,0.0,5.88,-0.9135454576426012,0.4067366430757997,18.4,79,0.0,5.9,-0.992546151641322,-0.1218693434051471,4.024999999999999,open-meteo,2026-08-08T09:50:27+00:00
2026-06-28 23:00:00+00:00,FR,load,21.0,76,0.0,7.27,-0.0871557427476583,0.9961946980917455,22.9,58,0.0,7.77,0.484809620246337,0.8746197071393957,22.1,82,0.0,6.72,-0.945518575599317,0.3255681544571563,18.7,76,0.0,5.9,-0.9902680687415704,-0.1391731009600658,3.1750000000000007,open-meteo,2026-08-08T09:50:27+00:00
2026-06-29 00:00:00+00:00,FR,load,18.8,75,0.0,9.02,-0.3255681544571567,0.9455185755993168,22.5,58,0.0,3.63,-0.0348994967025008,0.9993908270190958,21.1,91,0.0,6.69,-0.981627183447664,0.1908089953765451,17.2,85,0.0,6.2,-0.9876883405951375,-0.156434465040231,1.8999999999999984,open-meteo,2026-08-08T09:50:27+00:00
2026-06-29 01:00:00+00:00,FR,load,18.1,72,0.0,9.56,-0.4694715627858908,0.882947592858927,21.4,64,0.0,6.54,0.4067366430758002,0.9135454576426008,20.7,90,0.0,6.66,-0.9563047559630354,0.2923717047227367,16.0,78,0.0,7.3,-0.9902680687415704,0.1391731009600654,1.0500000000000007,open-meteo,2026-08-08T09:50:27+00:00
2026-06-29 02:00:00+00:00,FR,load,17.4,65,0.0,8.43,-0.5150380749100545,0.8571673007021121,21.4,63,0.0,10.82,0.0871557427476581,0.9961946980917455,20.5,91,0.0,6.68,-0.9271838545667874,0.3746065934159119,15.1,87,0.0,4.8,-0.9993908270190958,0.0348994967025012,0.5999999999999979,open-meteo,2026-08-08T09:50:27+00:00
2026-06-29 03:00:00+00:00,FR,load,16.9,61,0.0,7.67,-0.4539904997395469,0.8910065241883678,20.9,71,0.0,8.31,0.1391731009600654,0.9902680687415704,20.5,88,0.0,6.65,-0.7071067811865477,0.7071067811865474,14.7,94,0.0,5.0,-0.9702957262759964,-0.2419218955996677,0.25,open-meteo,2026-08-08T10:03:04+00:00
2026-06-29 04:00:00+00:00,FR,load,16.4,63,0.0,7.23,-0.4539904997395469,0.8910065241883678,20.2,75,0.0,6.9,-0.1218693434051472,0.992546151641322,20.2,86,0.0,6.1,-0.8660254037844386,0.5000000000000001,13.9,92,2.0,5.4,-0.9902680687415704,-0.1391731009600658,0.3249999999999993,open-meteo,2026-08-08T09:50:27+00:00
2026-06-29 05:00:00+00:00,FR,load,16.3,68,17.0,5.68,-0.3583679495453007,0.9335804264972016,20.4,79,37.0,6.79,0.0871557427476581,0.9961946980917455,19.9,88,13.0,5.98,-0.9510565162951536,0.3090169943749472,14.5,93,63.0,5.7,-0.9510565162951536,0.3090169943749472,0.2250000000000014,open-meteo,2026-08-08T10:03:04+00:00
2026-06-29 06:00:00+00:00,FR,load,16.7,70,83.0,5.74,-0.4539904997395469,0.8910065241883678,21.1,66,129.0,6.21,0.2079116908177593,0.9781476007338056,19.9,88,96.0,6.05,-0.9063077870366498,0.4226182617406996,16.8,82,188.0,4.8,-0.7880107536067218,0.6156614753256585,0.625,open-meteo,2026-08-08T09:50:27+00:00
2026-06-29 07:00:00+00:00,FR,load,17.2,72,191.0,5.8,-0.3746065934159123,0.9271838545667872,22.3,66,307.0,7.78,0.1908089953765448,0.981627183447664,20.7,85,171.0,6.34,-0.8480480961564262,0.5299192642332047,18.5,70,340.0,5.0,-0.6018150231520483,0.7986355100472928,1.6750000000000007,open-meteo,2026-08-08T09:50:27+00:00
2026-06-29 08:00:00+00:00,FR,load,18.7,68,378.0,4.75,-0.2419218955996678,0.9702957262759964,23.7,63,488.0,8.92,0.0523359562429438,0.9986295347545738,21.6,81,295.0,6.31,-0.8829475928589271,0.4694715627858904,19.5,62,503.0,4.4,-0.5000000000000004,0.8660254037844384,2.875,open-meteo,2026-08-08T09:50:27+00:00
2026-06-29 09:00:00+00:00,FR,load,20.7,62,614.0,3.76,-0.1218693434051472,0.992546151641322,25.4,57,639.0,9.02,-0.0174524064372835,0.9998476951563912,21.8,81,353.0,6.37,-0.9205048534524404,0.3907311284892735,20.0,62,647.0,4.5,-0.6018150231520483,0.7986355100472928,3.974999999999998,open-meteo,2026-08-08T10:03:04+00:00
2026-06-29 10:00:00+00:00,FR,load,22.1,56,709.0,3.23,-0.0348994967025008,0.9993908270190958,26.7,53,770.0,9.32,0.0523359562429438,0.9986295347545738,22.9,76,511.0,6.24,-0.9271838545667874,0.3746065934159119,20.8,57,764.0,3.4,-0.7547095802227722,0.656059028990507,5.1249999999999964,open-meteo,2026-08-08T10:03:04+00:00
2026-06-29 11:00:00+00:00,FR,load,23.6,50,787.0,2.94,-0.0348994967025008,0.9993908270190958,27.8,51,856.0,9.5,-0.0174524064372835,0.9998476951563912,24.2,70,675.0,6.14,-0.9063077870366498,0.4226182617406996,21.7,53,849.0,3.7,-0.7431448254773946,0.6691306063588578,6.325000000000003,open-meteo,2026-08-08T09:50:27+00:00
2026-06-29 12:00:00+00:00,FR,load,24.8,48,878.0,2.36,-0.0871557427476583,0.9961946980917455,28.2,49,891.0,9.89,-0.1391731009600658,0.9902680687415704,25.8,62,759.0,5.57,-0.7771459614569708,0.6293203910498375,22.4,49,900.0,2.0,-0.9659258262890684,0.2588190451025203,7.299999999999997,open-meteo,2026-08-08T10:03:04+00:00
2026-06-29 13:00:00+00:00,FR,load,25.1,47,617.0,2.59,-0.4226182617406992,0.90630778703665,29.2,42,874.0,10.15,-0.2249510543438653,0.9743700647852352,27.2,55,870.0,5.43,-0.7771459614569708,0.6293203910498375,22.5,51,892.0,1.9,-0.8386705679454243,0.5446390350150266,8.0,open-meteo,2026-08-08T09:50:27+00:00
2026-06-29 14:00:00+00:00,FR,load,26.0,46,706.0,2.57,-0.6427876096865396,0.7660444431189778,29.9,42,820.0,9.61,-0.2923717047227371,0.9563047559630352,27.6,53,720.0,5.07,-0.7547095802227722,0.656059028990507,23.1,44,835.0,3.0,-0.8660254037844386,0.5000000000000001,8.649999999999999,open-meteo,2026-08-08T09:50:27+00:00
2026-06-29 15:00:00+00:00,FR,load,27.0,42,643.0,3.12,-0.6560590289905074,0.7547095802227719,29.5,42,716.0,8.95,-0.0871557427476583,0.9961946980917455,28.2,51,567.0,4.99,-0.7313537016191703,0.6819983600624987,23.6,44,740.0,3.0,-0.5735764363510465,0.8191520442889916,9.075000000000005,open-meteo,2026-08-08T10:03:04+00:00
2026-06-29 16:00:00+00:00,FR,load,26.8,41,549.0,3.43,-0.5150380749100545,0.8571673007021121,29.5,41,557.0,10.2,-0.0523359562429443,0.9986295347545738,28.4,50,581.0,4.98,-0.8090169943749476,0.5877852522924729,22.9,51,609.0,3.0,-0.1564344650402311,0.9876883405951375,8.899999999999999,open-meteo,2026-08-08T09:50:27+00:00
2026-06-29 17:00:00+00:00,FR,load,26.5,41,443.0,2.56,-0.1218693434051472,0.992546151641322,29.0,43,393.0,9.03,0.0697564737441253,0.9975640502598242,28.2,49,425.0,4.49,-0.8480480961564262,0.5299192642332047,22.3,53,451.0,3.5,-0.2419218955996678,0.9702957262759964,8.5,open-meteo,2026-08-08T10:03:04+00:00
2026-06-29 18:00:00+00:00,FR,load,26.2,40,284.0,3.07,-0.3746065934159123,0.9271838545667872,27.4,43,226.0,7.63,0.224951054343865,0.9743700647852352,27.5,50,264.0,6.3,-0.8386705679454243,0.5446390350150266,20.6,59,299.0,5.5,-0.2923717047227371,0.9563047559630352,7.424999999999997,open-meteo,2026-08-08T09:50:27+00:00
2026-06-29 19:00:00+00:00,FR,load,25.3,40,142.0,4.03,-0.3090169943749477,0.9510565162951536,26.0,47,84.0,7.25,0.3255681544571567,0.9455185755993168,26.4,53,110.0,6.22,-0.8386705679454243,0.5446390350150266,19.3,63,150.0,5.2,-0.3255681544571567,0.9455185755993168,6.2499999999999964,open-meteo,2026-08-08T09:50:27+00:00
2026-06-29 20:00:00+00:00,FR,load,23.3,48,27.0,7.83,-0.1564344650402311,0.9876883405951375,24.8,52,6.0,8.9,0.2923717047227367,0.9563047559630354,24.8,60,10.0,5.83,-0.9063077870366498,0.4226182617406996,18.0,59,36.0,4.7,-0.1391731009600658,0.9902680687415704,4.725000000000001,open-meteo,2026-08-08T10:03:04+00:00
2026-06-29 21:00:00+00:00,FR,load,21.3,53,0.0,7.88,0.3583679495453002,0.9335804264972016,23.5,55,0.0,9.12,0.0523359562429438,0.9986295347545738,23.9,63,0.0,5.78,-0.898794046299167,0.4383711467890774,15.9,71,0.0,4.0,0.1218693434051474,0.992546151641322,3.1499999999999986,open-meteo,2026-08-08T09:50:27+00:00
2026-06-29 22:00:00+00:00,FR,load,20.0,57,0.0,6.99,0.374606593415912,0.9271838545667874,22.2,66,0.0,8.28,0.4539904997395468,0.8910065241883679,23.3,66,0.0,5.55,-0.9335804264972016,0.3583679495453004,14.6,80,0.0,4.3,0.1218693434051474,0.992546151641322,2.0249999999999986,open-meteo,2026-08-08T10:03:04+00:00
2026-06-29 23:00:00+00:00,FR,load,18.9,60,0.0,6.63,0.2756373558169991,0.9612616959383188,21.6,68,0.0,6.28,0.1908089953765448,0.981627183447664,22.8,67,0.0,5.52,-0.9063077870366498,0.4226182617406996,13.5,83,0.0,4.2,0.7071067811865475,0.7071067811865476,1.1999999999999993,open-meteo,2026-08-08T09:50:27+00:00
2026-06-30 00:00:00+00:00,FR,load,17.9,63,0.0,6.67,0.1736481776669303,0.984807753012208,21.6,64,0.0,6.77,0.1736481776669303,0.984807753012208,22.2,70,0.0,5.25,-0.8386705679454243,0.5446390350150266,12.9,86,0.0,3.3,0.9612616959383188,0.2756373558169991,0.6500000000000021,open-meteo,2026-08-08T10:03:04+00:00
2026-06-30 01:00:00+00:00,FR,load,16.8,69,0.0,6.79,0.1045284632676534,0.9945218953682732,20.8,71,0.0,5.13,0.224951054343865,0.9743700647852352,21.4,73,0.0,4.79,-0.8571673007021123,0.5150380749100542,12.3,90,0.0,1.8,0.9876883405951378,0.1564344650402309,0.1750000000000007,open-meteo,2026-08-08T09:50:27+00:00
2026-06-30 02:00:00+00:00,FR,load,16.2,68,0.0,6.82,0.1218693434051474,0.992546151641322,20.1,71,0.0,5.5,0.0697564737441253,0.9975640502598242,20.6,76,0.0,4.56,-0.9063077870366498,0.4226182617406996,11.5,86,0.0,4.5,0.984807753012208,0.1736481776669304,0.8999999999999986,open-meteo,2026-08-08T10:03:04+00:00
2026-06-30 03:00:00+00:00,FR,load,15.8,69,0.0,6.42,0.2079116908177593,0.9781476007338056,19.7,81,0.0,7.25,0.0348994967025009,0.9993908270190958,20.4,78,0.0,4.93,-0.9563047559630354,0.2923717047227367,11.4,88,0.0,2.4,0.777145961456971,-0.6293203910498373,1.1750000000000007,open-meteo,2026-08-08T10:03:04+00:00
2026-06-30 04:00:00+00:00,FR,load,15.3,69,0.0,5.65,0.1564344650402308,0.9876883405951378,19.3,84,0.0,5.89,0.0697564737441253,0.9975640502598242,19.6,82,0.0,4.8,-0.9396926207859084,0.342020143325669,11.0,93,2.0,1.3,-0.6293203910498378,0.7771459614569706,1.6999999999999993,open-meteo,2026-08-08T10:03:04+00:00
2026-06-30 05:00:00+00:00,FR,load,15.4,71,40.0,5.33,0.1218693434051474,0.992546151641322,19.4,86,36.0,5.42,0.1045284632676534,0.9945218953682732,19.5,83,15.0,5.63,-0.992546151641322,0.1218693434051476,12.9,87,48.0,1.4,-0.3746065934159123,0.9271838545667872,1.1999999999999993,open-meteo,2026-08-08T09:50:27+00:00
2026-06-30 06:00:00+00:00,FR,load,16.7,68,133.0,3.88,0.1736481776669303,0.984807753012208,20.9,84,159.0,5.74,0.1391731009600654,0.9902680687415704,20.2,80,122.0,5.99,-0.9975640502598244,0.0697564737441252,14.4,82,82.0,4.0,-0.5591929034707466,0.8290375725550418,0.0500000000000007,open-meteo,2026-08-08T10:03:04+00:00
2026-06-30 07:00:00+00:00,FR,load,17.5,68,190.0,4.16,-0.1391731009600658,0.9902680687415704,22.5,75,321.0,6.28,0.1908089953765448,0.981627183447664,21.2,75,278.0,5.79,-0.9975640502598244,0.0697564737441252,16.1,73,76.0,1.8,-0.8290375725550416,0.559192903470747,1.3250000000000028,open-meteo,2026-08-08T10:03:04+00:00
2026-06-30 08:00:00+00:00,FR,load,18.9,66,321.0,3.92,-0.0523359562429443,0.9986295347545738,23.9,70,489.0,6.57,0.1736481776669303,0.984807753012208,22.6,71,446.0,5.91,-0.9945218953682734,0.1045284632676529,16.4,69,199.0,1.0,-0.5877852522924734,0.8090169943749473,2.450000000000003,open-meteo,2026-08-08T09:50:27+00:00
2026-06-30 09:00:00+00:00,FR,load,21.7,56,465.0,2.77,-0.1391731009600658,0.9902680687415704,25.8,62,644.0,6.6,0.1045284632676534,0.9945218953682732,24.3,66,607.0,5.17,-0.984807753012208,0.1736481776669299,17.6,66,208.0,2.2,-0.9335804264972016,0.3583679495453004,4.350000000000001,open-meteo,2026-08-08T09:50:27+00:00
2026-06-30 10:00:00+00:00,FR,load,23.4,53,584.0,3.34,-0.0523359562429443,0.9986295347545738,27.3,56,751.0,6.59,0.0871557427476581,0.9961946980917455,25.9,61,754.0,5.59,-0.9271838545667874,0.3746065934159119,17.7,69,65.0,3.1,-0.9961946980917455,-0.0871557427476582,5.574999999999999,open-meteo,2026-08-08T10:03:04+00:00
2026-06-30 11:00:00+00:00,FR,load,24.3,51,675.0,4.03,-0.0697564737441256,0.9975640502598242,28.8,48,851.0,6.38,0.0523359562429438,0.9986295347545738,27.3,56,843.0,5.65,-0.8829475928589271,0.4694715627858904,17.1,74,125.0,2.8,-0.9975640502598244,0.0697564737441252,6.375,open-meteo,2026-08-08T10:03:04+00:00
2026-06-30 12:00:00+00:00,FR,load,26.2,47,755.0,2.16,0.0871557427476581,0.9961946980917455,29.3,47,893.0,6.48,0.0523359562429438,0.9986295347545738,28.6,48,899.0,5.43,-0.7771459614569708,0.6293203910498375,17.8,75,68.0,4.3,-0.8090169943749476,0.5877852522924729,7.474999999999998,open-meteo,2026-08-08T10:03:04+00:00
2026-06-30 13:00:00+00:00,FR,load,27.5,43,759.0,1.38,-0.0697564737441256,0.9975640502598242,30.2,42,875.0,6.6,0.1045284632676534,0.9945218953682732,29.3,45,706.0,4.98,-0.8090169943749476,0.5877852522924729,19.1,76,251.0,2.3,-0.8910065241883679,0.4539904997395466,8.524999999999999,open-meteo,2026-08-08T09:50:27+00:00
2026-06-30 14:00:00+00:00,FR,load,28.2,39,704.0,1.14,-0.5150380749100545,0.8571673007021121,31.0,39,828.0,5.53,0.1218693434051474,0.992546151641322,30.0,42,806.0,5.09,-0.8660254037844386,0.5000000000000001,19.3,66,266.0,1.2,-0.0697564737441256,0.9975640502598242,9.125,open-meteo,2026-08-08T10:03:04+00:00
2026-06-30 15:00:00+00:00,FR,load,27.6,38,535.0,3.73,-0.8660254037844386,0.5000000000000001,30.6,39,717.0,6.56,-0.1564344650402311,0.9876883405951375,29.9,42,733.0,5.41,-0.8191520442889918,0.573576436351046,19.3,63,106.0,1.9,-0.544639035015027,0.838670567945424,8.849999999999998,open-meteo,2026-08-08T10:03:04+00:00
2026-06-30 16:00:00+00:00,FR,load,27.8,39,415.0,6.15,-0.5150380749100545,0.8571673007021121,30.4,38,572.0,5.43,0.1218693434051474,0.992546151641322,29.7,41,590.0,6.29,-0.7986355100472932,0.6018150231520479,19.2,73,114.0,1.6,0.4383711467890774,0.898794046299167,8.775000000000002,open-meteo,2026-08-08T09:50:27+00:00
2026-06-30 17:00:00+00:00,FR,load,25.3,45,419.0,7.46,0.0697564737441253,0.9975640502598242,30.1,40,411.0,5.68,0.0174524064372835,0.9998476951563912,29.2,42,438.0,6.97,-0.8829475928589271,0.4694715627858904,19.9,64,400.0,1.2,-0.7880107536067218,0.6156614753256585,8.125,open-meteo,2026-08-08T10:03:04+00:00
2026-06-30 18:00:00+00:00,FR,load,24.6,47,283.0,6.41,0.3907311284892737,0.9205048534524404,28.9,43,240.0,5.29,-0.0348994967025008,0.9993908270190958,28.3,44,275.0,7.76,-0.8829475928589271,0.4694715627858904,20.1,60,292.0,1.7,-0.3907311284892739,0.9205048534524404,7.475000000000001,open-meteo,2026-08-08T10:03:04+00:00
2026-06-30 19:00:00+00:00,FR,load,23.8,49,130.0,5.3,0.3255681544571567,0.9455185755993168,27.3,45,87.0,6.67,-0.0348994967025008,0.9993908270190958,26.9,49,106.0,7.64,-0.9205048534524404,0.3907311284892735,19.9,69,63.0,1.2,-0.9659258262890684,0.2588190451025203,6.475000000000001,open-meteo,2026-08-08T10:03:04+00:00
2026-06-30 20:00:00+00:00,FR,load,22.4,54,26.0,6.24,0.374606593415912,0.9271838545667874,25.3,49,6.0,4.81,0.0697564737441253,0.9975640502598242,25.6,56,10.0,8.92,-0.9781476007338056,0.2079116908177594,17.9,70,35.0,1.4,-0.90630778703665,-0.4226182617406991,4.800000000000004,open-meteo,2026-08-08T10:03:04+00:00
2026-06-30 21:00:00+00:00,FR,load,21.6,54,0.0,7.1,0.3420201433256687,0.9396926207859084,23.5,66,0.0,5.3,0.0523359562429438,0.9986295347545738,24.4,59,0.0,9.06,-0.9612616959383188,0.2756373558169994,15.4,85,0.0,3.7,-0.9986295347545738,-0.0523359562429443,3.2250000000000014,open-meteo,2026-08-08T09:50:27+00:00
2026-06-30 22:00:00+00:00,FR,load,20.7,50,0.0,7.43,0.1391731009600654,0.9902680687415704,22.5,58,0.0,5.63,-0.1218693434051472,0.992546151641322,23.3,60,0.0,9.45,-0.6560590289905074,0.7547095802227719,14.1,87,0.0,2.8,-0.9510565162951536,-0.3090169943749475,2.1499999999999986,open-meteo,2026-08-08T09:50:27+00:00
2026-06-30 23:00:00+00:00,FR,load,18.9,59,0.0,7.56,-0.2249510543438653,0.9743700647852352,21.5,59,0.0,5.0,0.1908089953765448,0.981627183447664,21.6,63,0.0,8.62,-0.7660444431189781,0.6427876096865393,13.1,88,0.0,5.4,-0.8910065241883678,-0.4539904997395469,0.7749999999999986,open-meteo,2026-08-08T09:50:27+00:00
2026-07-01 00:00:00+00:00,FR,load,18.1,64,0.0,7.04,-0.1564344650402311,0.9876883405951375,20.0,71,0.0,5.24,0.1391731009600654,0.9902680687415704,20.6,67,0.0,8.37,-0.8910065241883679,0.4539904997395466,12.2,90,0.0,8.4,-0.9271838545667872,-0.3746065934159123,0.2749999999999986,open-meteo,2026-08-08T10:03:04+00:00
2026-07-01 01:00:00+00:00,FR,load,17.2,68,0.0,8.04,-0.3746065934159123,0.9271838545667872,19.5,69,0.0,4.61,0.0348994967025009,0.9993908270190958,19.7,69,0.0,7.89,-0.9063077870366498,0.4226182617406996,11.8,93,0.0,6.9,-0.9659258262890684,-0.2588190451025206,0.9499999999999992,open-meteo,2026-08-08T10:03:04+00:00
2026-07-01 02:00:00+00:00,FR,load,16.4,69,0.0,6.75,-0.4383711467890778,0.8987940462991668,19.0,70,0.0,4.61,-0.0348994967025008,0.9993908270190958,18.8,74,0.0,7.86,-0.9205048534524404,0.3907311284892735,11.4,92,0.0,8.1,-0.9876883405951375,-0.156434465040231,1.599999999999998,open-meteo,2026-08-08T10:03:04+00:00
2026-07-01 03:00:00+00:00,FR,load,15.7,68,0.0,7.26,-0.529919264233205,0.8480480961564258,18.5,70,0.0,6.65,-0.2419218955996678,0.9702957262759964,18.4,77,0.0,7.84,-0.898794046299167,0.4383711467890774,10.9,95,0.0,7.0,-0.961261695938319,-0.2756373558169989,2.125,open-meteo,2026-08-08T10:03:04+00:00
2026-07-01 04:00:00+00:00,FR,load,15.0,70,0.0,7.29,-0.5150380749100545,0.8571673007021121,18.9,67,0.0,7.26,-0.0523359562429443,0.9986295347545738,17.7,80,0.0,7.28,-0.9396926207859084,0.342020143325669,11.1,96,2.0,8.7,-0.9945218953682734,-0.1045284632676533,2.325000000000001,open-meteo,2026-08-08T09:50:27+00:00
2026-07-01 05:00:00+00:00,FR,load,15.1,75,39.0,6.84,-0.4848096202463369,0.8746197071393959,19.0,70,38.0,6.69,0.0871557427476581,0.9961946980917455,17.5,80,10.0,7.38,-0.9563047559630354,0.2923717047227367,13.4,96,61.0,7.3,-0.9876883405951375,-0.156434465040231,1.75,open-meteo,2026-08-08T09:50:27+00:00
2026-07-01 06:00:00+00:00,FR,load,16.4,75,166.0,5.61,-0.6946583704589976,0.7193398003386509,20.7,63,163.0,7.01,0.2079116908177593,0.9781476007338056,17.5,79,84.0,7.11,-0.9205048534524404,0.3907311284892735,15.2,91,143.0,5.8,-0.9998476951563912,-0.0174524064372834,0.5500000000000007,open-meteo,2026-08-08T09:50:27+00:00
2026-07-01 07:00:00+00:00,FR,load,17.7,71,311.0,5.66,-0.6018150231520483,0.7986355100472928,22.0,60,318.0,6.49,0.2588190451025207,0.9659258262890684,18.4,74,233.0,7.46,-0.9205048534524404,0.3907311284892735,17.7,83,339.0,4.5,-0.9702957262759966,0.2419218955996674,0.9499999999999992,open-meteo,2026-08-08T10:03:04+00:00
2026-07-01 08:00:00+00:00,FR,load,19.3,64,479.0,5.06,-0.7313537016191703,0.6819983600624987,23.5,53,481.0,7.64,0.0174524064372835,0.9998476951563912,19.4,68,403.0,8.43,-0.9396926207859084,0.342020143325669,19.8,75,484.0,4.0,-0.945518575599317,0.3255681544571563,2.5,open-meteo,2026-08-08T09:50:27+00:00
2026-07-01 09:00:00+00:00,FR,load,21.0,54,520.0,4.92,-0.7313537016191703,0.6819983600624987,25.0,47,656.0,8.34,-0.0523359562429443,0.9986295347545738,20.7,63,558.0,8.19,-0.9335804264972016,0.3583679495453004,20.7,70,548.0,4.3,-0.8746197071393956,0.4848096202463373,3.8500000000000014,open-meteo,2026-08-08T10:03:04+00:00
2026-07-01 10:00:00+00:00,FR,load,22.1,50,564.0,4.92,-0.7313537016191703,0.6819983600624987,26.0,44,781.0,9.62,-0.0697564737441256,0.9975640502598242,22.1,56,695.0,8.81,-0.8910065241883679,0.4539904997395466,21.6,66,683.0,4.4,-0.9271838545667874,0.3746065934159119,4.950000000000003,open-meteo,2026-08-08T09:50:27+00:00
2026-07-01 11:00:00+00:00,FR,load,22.9,50,503.0,5.59,-0.7880107536067218,0.6156614753256585,26.7,43,865.0,9.51,0.0348994967025009,0.9993908270190958,23.7,48,820.0,9.08,-0.8746197071393956,0.4848096202463373,22.7,59,783.0,3.7,-0.9510565162951536,0.3090169943749472,6.0,open-meteo,2026-08-08T10:03:04+00:00
2026-07-01 12:00:00+00:00,FR,load,23.1,51,591.0,5.39,-0.7986355100472932,0.6018150231520479,26.7,42,830.0,9.92,-0.1564344650402311,0.9876883405951375,24.9,44,904.0,8.43,-0.8571673007021123,0.5150380749100542,22.7,58,779.0,4.1,-0.8386705679454243,0.5446390350150266,6.349999999999998,open-meteo,2026-08-08T09:50:27+00:00
2026-07-01 13:00:00+00:00,FR,load,23.5,48,609.0,6.02,-0.7986355100472932,0.6018150231520479,27.5,38,730.0,12.71,-0.1564344650402311,0.9876883405951375,25.7,41,902.0,8.06,-0.8910065241883679,0.4539904997395466,23.3,56,720.0,4.0,-0.9135454576426012,0.4067366430757997,7.0,open-meteo,2026-08-08T09:50:27+00:00
2026-07-01 14:00:00+00:00,FR,load,23.1,51,430.0,7.23,-0.8090169943749476,0.5877852522924729,27.5,38,682.0,12.66,0.1908089953765448,0.981627183447664,26.3,40,870.0,7.58,-0.8746197071393956,0.4848096202463373,23.8,53,668.0,4.6,-0.8571673007021123,0.5150380749100542,7.175000000000001,open-meteo,2026-08-08T09:50:27+00:00
2026-07-01 15:00:00+00:00,FR,load,23.3,47,581.0,6.17,-0.8386705679454243,0.5446390350150266,23.1,63,566.0,11.41,-0.3907311284892739,0.9205048534524404,26.4,39,768.0,8.48,-0.8290375725550416,0.559192903470747,23.2,56,382.0,4.4,-0.7880107536067218,0.6156614753256585,6.000000000000004,open-meteo,2026-08-08T09:50:27+00:00
2026-07-01 16:00:00+00:00,FR,load,23.5,46,382.0,5.3,-0.5591929034707466,0.8290375725550418,20.9,72,248.0,12.76,-0.1391731009600658,0.9902680687415704,25.9,41,559.0,8.16,-0.7771459614569708,0.6293203910498375,23.0,58,496.0,5.7,-0.6156614753256582,0.7880107536067221,5.324999999999999,open-meteo,2026-08-08T10:03:04+00:00
2026-07-01 17:00:00+00:00,FR,load,23.8,45,394.0,5.11,-0.5877852522924734,0.8090169943749473,23.4,55,245.0,13.32,-0.3090169943749477,0.9510565162951536,25.5,40,437.0,8.04,-0.7193398003386512,0.6946583704589973,22.5,60,420.0,5.6,-0.6691306063588581,0.7431448254773944,5.800000000000001,open-meteo,2026-08-08T10:03:04+00:00
2026-07-01 18:00:00+00:00,FR,load,23.0,47,229.0,6.39,-0.6560590289905074,0.7547095802227719,23.8,46,242.0,14.05,-0.2756373558169989,0.9612616959383188,25.1,41,245.0,8.11,-0.7313537016191703,0.6819983600624987,22.3,59,283.0,5.5,-0.7431448254773946,0.6691306063588578,5.550000000000001,open-meteo,2026-08-08T10:03:04+00:00
2026-07-01 19:00:00+00:00,FR,load,21.6,53,138.0,5.43,-0.5591929034707466,0.8290375725550418,22.8,42,83.0,12.47,-0.1391731009600658,0.9902680687415704,23.9,44,107.0,7.78,-0.8090169943749476,0.5877852522924729,21.0,66,147.0,4.7,-0.9335804264972016,0.3583679495453004,4.325000000000003,open-meteo,2026-08-08T09:50:27+00:00
2026-07-01 20:00:00+00:00,FR,load,20.0,58,27.0,6.71,-0.5591929034707466,0.8290375725550418,21.2,49,6.0,11.29,-0.1391731009600658,0.9902680687415704,22.0,51,11.0,8.11,-0.8829475928589271,0.4694715627858904,19.7,71,35.0,5.6,-0.9975640502598244,0.0697564737441252,2.7250000000000014,open-meteo,2026-08-08T10:03:04+00:00
2026-07-01 21:00:00+00:00,FR,load,19.0,65,0.0,7.28,-0.7313537016191703,0.6819983600624987,20.2,51,0.0,10.82,-0.0871557427476583,0.9961946980917455,21.0,51,0.0,8.55,-0.8829475928589271,0.4694715627858904,17.7,77,0.0,7.0,-0.9945218953682734,-0.1045284632676533,1.4750000000000014,open-meteo,2026-08-08T09:50:27+00:00
2026-07-01 22:00:00+00:00,FR,load,17.9,72,0.0,7.56,-0.6691306063588581,0.7431448254773944,19.0,52,0.0,10.63,-0.0871557427476583,0.9961946980917455,20.4,53,0.0,9.51,-0.898794046299167,0.4383711467890774,16.3,84,0.0,6.8,-0.8987940462991668,-0.4383711467890777,0.3999999999999986,open-meteo,2026-08-08T10:03:04+00:00
2026-07-01 23:00:00+00:00,FR,load,17.0,77,0.0,7.31,-0.6293203910498378,0.7771459614569706,18.0,55,0.0,9.94,-0.2249510543438653,0.9743700647852352,19.6,59,0.0,10.04,-0.8746197071393956,0.4848096202463373,15.6,91,0.0,6.8,-0.7880107536067221,-0.6156614753256581,0.4499999999999993,open-meteo,2026-08-08T10:03:04+00:00
2026-07-02 00:00:00+00:00,FR,load,16.4,80,0.0,7.0,-0.7313537016191703,0.6819983600624987,18.1,56,0.0,10.24,-0.2588190451025207,0.9659258262890684,18.5,67,0.0,8.98,-0.8910065241883679,0.4539904997395466,15.2,92,0.0,7.1,-0.7431448254773944,-0.6691306063588581,0.9499999999999992,open-meteo,2026-08-08T10:03:04+00:00
2026-07-02 01:00:00+00:00,FR,load,15.7,82,0.0,6.93,-0.7193398003386512,0.6946583704589973,17.3,60,0.0,9.21,-0.1564344650402311,0.9876883405951375,17.7,70,0.0,8.53,-0.9659258262890684,0.2588190451025203,14.6,94,0.0,7.4,-0.7431448254773944,-0.6691306063588581,1.6750000000000007,open-meteo,2026-08-08T10:03:04+00:00
2026-07-02 02:00:00+00:00,FR,load,15.1,85,0.0,6.53,-0.7547095802227722,0.656059028990507,16.6,65,0.0,8.83,-0.0523359562429443,0.9986295347545738,17.0,73,0.0,9.14,-0.9975640502598244,0.0697564737441252,14.4,94,0.0,8.1,-0.7313537016191703,-0.6819983600624986,2.225,open-meteo,2026-08-08T10:03:04+00:00
2026-07-02 03:00:00+00:00,FR,load,14.3,89,0.0,5.53,-0.8660254037844386,0.5000000000000001,16.3,66,0.0,9.54,-0.0871557427476583,0.9961946980917455,17.0,75,0.0,8.28,-0.981627183447664,0.1908089953765451,14.3,93,0.0,8.4,-0.6293203910498376,-0.7771459614569708,2.5249999999999986,open-meteo,2026-08-08T10:03:04+00:00
2026-07-02 04:00:00+00:00,FR,load,13.8,92,0.0,5.58,-0.9510565162951536,0.3090169943749472,15.9,69,0.0,10.81,-0.0697564737441256,0.9975640502598242,16.5,77,0.0,8.33,-0.9876883405951378,0.1564344650402306,14.1,94,2.0,8.3,-0.7660444431189779,-0.6427876096865395,2.924999999999999,open-meteo,2026-08-08T10:03:04+00:00
2026-07-02 05:00:00+00:00,FR,load,13.9,90,39.0,4.66,-0.9902680687415704,0.1391731009600654,16.0,71,38.0,12.29,-0.0871557427476583,0.9961946980917455,16.3,79,14.0,8.48,-0.992546151641322,0.1218693434051476,15.1,91,60.0,8.7,-0.8660254037844384,-0.5000000000000004,2.674999999999999,open-meteo,2026-08-08T09:50:27+00:00
2026-07-02 06:00:00+00:00,FR,load,15.6,82,159.0,5.35,-0.9902680687415704,0.1391731009600654,17.5,68,166.0,11.67,-0.0348994967025008,0.9993908270190958,17.0,78,117.0,7.51,-0.992546151641322,0.1218693434051476,17.1,80,164.0,8.4,-0.7431448254773944,-0.6691306063588581,1.1999999999999993,open-meteo,2026-08-08T10:03:04+00:00
2026-07-02 07:00:00+00:00,FR,load,16.9,74,318.0,4.7,-0.9998476951563912,0.0174524064372831,18.8,64,337.0,11.66,-0.0174524064372835,0.9998476951563912,18.3,74,283.0,7.59,-0.981627183447664,0.1908089953765451,18.5,74,192.0,8.1,-0.8090169943749473,-0.5877852522924732,0.125,open-meteo,2026-08-08T10:03:04+00:00
2026-07-02 08:00:00+00:00,FR,load,18.5,71,467.0,4.92,-0.9945218953682734,0.1045284632676529,20.3,60,513.0,10.81,-0.0871557427476583,0.9961946980917455,19.9,69,471.0,7.65,-0.9743700647852352,0.2249510543438649,18.4,79,66.0,8.2,-0.7771459614569706,-0.6293203910498378,1.2749999999999986,open-meteo,2026-08-08T09:50:27+00:00
2026-07-02 09:00:00+00:00,FR,load,20.6,65,361.0,4.7,-0.9998476951563912,0.0174524064372831,22.8,48,672.0,11.76,-0.0348994967025008,0.9993908270190958,21.9,62,641.0,8.12,-0.9396926207859084,0.342020143325669,18.3,85,44.0,8.9,-0.9205048534524404,-0.3907311284892738,2.900000000000002,open-meteo,2026-08-08T09:50:27+00:00
2026-07-02 10:00:00+00:00,FR,load,21.5,65,481.0,5.02,-0.9945218953682734,0.1045284632676529,24.3,42,805.0,12.74,0.0174524064372835,0.9998476951563912,23.5,54,722.0,8.56,-0.9135454576426012,0.4067366430757997,18.0,89,39.0,9.2,-0.9510565162951536,-0.3090169943749475,3.8249999999999993,open-meteo,2026-08-08T10:03:04+00:00
2026-07-02 11:00:00+00:00,FR,load,22.2,64,559.0,6.17,-0.984807753012208,0.1736481776669299,25.6,36,893.0,13.52,0.0174524064372835,0.9998476951563912,24.8,47,816.0,8.59,-0.8746197071393956,0.4848096202463373,17.5,95,44.0,7.7,-0.984807753012208,-0.1736481776669303,4.524999999999999,open-meteo,2026-08-08T09:50:27+00:00
2026-07-02 12:00:00+00:00,FR,load,23.1,61,447.0,5.3,-0.9781476007338056,0.2079116908177594,25.7,35,930.0,13.34,-0.0523359562429443,0.9986295347545738,25.9,41,912.0,9.03,-0.8910065241883679,0.4539904997395466,19.4,84,276.0,6.8,-0.8660254037844384,-0.5000000000000004,5.524999999999999,open-meteo,2026-08-08T09:50:27+00:00
2026-07-02 13:00:00+00:00,FR,load,23.9,59,558.0,7.35,-0.9612616959383188,0.2756373558169994,26.4,35,914.0,13.43,-0.0348994967025008,0.9993908270190958,26.9,36,934.0,9.27,-0.8571673007021123,0.5150380749100542,19.5,83,96.0,6.6,-0.848048096156426,-0.529919264233205,6.174999999999997,open-meteo,2026-08-08T09:50:27+00:00
2026-07-02 14:00:00+00:00,FR,load,23.1,61,300.0,9.75,-0.9271838545667874,0.3746065934159119,27.1,35,846.0,13.04,-0.0348994967025008,0.9993908270190958,27.6,33,882.0,9.4,-0.8290375725550416,0.559192903470747,23.0,65,275.0,5.8,-0.984807753012208,0.1736481776669299,7.200000000000003,open-meteo,2026-08-08T09:50:27+00:00
2026-07-02 15:00:00+00:00,FR,load,23.8,57,249.0,8.47,-0.9135454576426012,0.4067366430757997,26.6,35,733.0,12.36,-0.0523359562429443,0.9986295347545738,27.9,31,781.0,9.35,-0.8191520442889918,0.573576436351046,23.0,65,486.0,4.0,-0.898794046299167,0.4383711467890774,7.325000000000003,open-meteo,2026-08-08T09:50:27+00:00
2026-07-02 16:00:00+00:00,FR,load,24.9,51,320.0,6.79,-0.8910065241883679,0.4539904997395466,26.7,31,591.0,12.54,-0.0174524064372835,0.9998476951563912,28.1,31,640.0,9.11,-0.7660444431189781,0.6427876096865393,22.8,64,368.0,5.5,-0.898794046299167,0.4383711467890774,7.6249999999999964,open-meteo,2026-08-08T09:50:27+00:00
2026-07-02 17:00:00+00:00,FR,load,24.9,48,377.0,8.98,-0.7771459614569708,0.6293203910498375,26.3,32,422.0,12.74,0.0174524064372835,0.9998476951563912,27.6,32,467.0,8.74,-0.7431448254773946,0.6691306063588578,23.1,62,337.0,5.5,-0.7431448254773946,0.6691306063588578,7.475000000000001,open-meteo,2026-08-08T09:50:27+00:00
2026-07-02 18:00:00+00:00,FR,load,23.4,53,225.0,7.45,-0.5735764363510465,0.8191520442889916,25.3,33,247.0,12.11,0.1045284632676534,0.9945218953682732,27.0,35,285.0,8.91,-0.7660444431189781,0.6427876096865393,22.8,50,298.0,5.2,-0.5150380749100545,0.8571673007021121,6.625,open-meteo,2026-08-08T10:03:04+00:00
2026-07-02 19:00:00+00:00,FR,load,21.8,60,94.0,7.49,-0.6018150231520483,0.7986355100472928,24.0,33,90.0,11.69,0.1564344650402308,0.9876883405951378,25.6,41,116.0,8.62,-0.8090169943749476,0.5877852522924729,21.0,61,151.0,5.1,-0.1391731009600658,0.9902680687415704,5.100000000000001,open-meteo,2026-08-08T10:03:04+00:00
2026-07-02 20:00:00+00:00,FR,load,20.4,60,21.0,7.04,-0.529919264233205,0.8480480961564258,22.6,37,6.0,12.13,0.1736481776669303,0.984807753012208,23.8,46,11.0,9.34,-0.8829475928589271,0.4694715627858904,19.1,68,36.0,3.8,-0.7880107536067218,0.6156614753256585,3.4750000000000014,open-meteo,2026-08-08T10:03:04+00:00
2026-07-02 21:00:00+00:00,FR,load,18.9,69,0.0,7.18,-0.5735764363510465,0.8191520442889916,21.6,40,0.0,10.1,0.1391731009600654,0.9902680687415704,22.8,51,0.0,9.76,-0.8290375725550416,0.559192903470747,17.0,77,0.0,5.3,0.484809620246337,0.8746197071393957,2.075,open-meteo,2026-08-08T09:50:27+00:00
2026-07-02 22:00:00+00:00,FR,load,17.8,75,0.0,6.66,-0.5877852522924734,0.8090169943749473,20.7,44,0.0,8.53,0.0174524064372835,0.9998476951563912,21.7,56,0.0,8.33,-0.9063077870366498,0.4226182617406996,14.8,77,0.0,5.7,0.7771459614569709,0.6293203910498374,0.75,open-meteo,2026-08-08T09:50:27+00:00
2026-07-02 23:00:00+00:00,FR,load,16.9,79,0.0,6.69,-0.529919264233205,0.8480480961564258,20.1,46,0.0,9.23,-0.0697564737441256,0.9975640502598242,20.8,60,0.0,9.9,-0.981627183447664,0.1908089953765451,13.5,85,0.0,5.4,0.9205048534524404,0.3907311284892737,0.1750000000000007,open-meteo,2026-08-08T10:03:04+00:00
2026-07-03 00:00:00+00:00,FR,load,16.2,82,0.0,5.7,-0.4539904997395469,0.8910065241883678,20.0,54,0.0,11.86,0.0174524064372835,0.9998476951563912,20.1,65,0.0,9.58,-0.9612616959383188,0.2756373558169994,12.6,88,0.0,3.4,0.90630778703665,0.4226182617406994,0.7749999999999986,open-meteo,2026-08-08T10:03:04+00:00
2026-07-03 01:00:00+00:00,FR,load,15.6,85,0.0,4.78,-0.4694715627858908,0.882947592858927,19.8,65,0.0,10.88,-2.4492935982947064e-16,1.0,19.4,68,0.0,9.27,-0.992546151641322,0.1218693434051476,11.3,89,0.0,3.5,0.8987940462991669,-0.4383711467890775,1.4750000000000014,open-meteo,2026-08-08T09:50:27+00:00
2026-07-03 02:00:00+00:00,FR,load,15.0,88,0.0,4.35,-0.2419218955996678,0.9702957262759964,19.9,69,0.0,11.07,0.0174524064372835,0.9998476951563912,19.0,71,0.0,8.85,-0.9961946980917455,0.0871557427476578,10.5,93,0.0,3.9,0.4694715627858907,-0.882947592858927,1.8999999999999984,open-meteo,2026-08-08T09:50:27+00:00
2026-07-03 03:00:00+00:00,FR,load,14.0,90,0.0,3.46,-0.1391731009600658,0.9902680687415704,19.4,71,0.0,9.6,0.0174524064372835,0.9998476951563912,18.4,74,0.0,8.13,-1.0,-1.8369701987210287e-16,10.1,91,0.0,1.2,0.3907311284892737,-0.9205048534524404,2.5250000000000004,open-meteo,2026-08-08T09:50:27+00:00
2026-07-03 04:00:00+00:00,FR,load,13.7,91,0.0,2.94,-0.0348994967025008,0.9993908270190958,18.9,74,0.0,8.72,-0.0174524064372835,0.9998476951563912,17.9,78,0.0,8.05,-0.9986295347545738,-0.0523359562429443,9.6,93,1.0,4.3,-0.2249510543438649,-0.9743700647852352,2.9750000000000014,open-meteo,2026-08-08T09:50:27+00:00
2026-07-03 05:00:00+00:00,FR,load,13.7,92,39.0,1.52,-0.2588190451025207,0.9659258262890684,18.9,75,36.0,8.63,0.0348994967025009,0.9993908270190958,17.6,82,12.0,8.54,-0.9986295347545738,-0.0523359562429443,10.6,91,57.0,4.1,-0.7431448254773944,-0.6691306063588581,2.8000000000000007,open-meteo,2026-08-08T09:50:27+00:00
2026-07-03 06:00:00+00:00,FR,load,16.3,84,162.0,1.77,-0.5591929034707466,0.8290375725550418,20.2,70,161.0,8.15,0.0523359562429438,0.9986295347545738,17.9,83,94.0,7.55,-0.9986295347545738,-0.0523359562429443,13.6,79,183.0,3.5,-0.8660254037844386,0.5000000000000001,1.0,open-meteo,2026-08-08T10:03:04+00:00
2026-07-03 07:00:00+00:00,FR,load,18.4,75,323.0,1.02,-0.2923717047227371,0.9563047559630352,21.2,66,311.0,9.31,0.0174524064372835,0.9998476951563912,19.0,81,197.0,7.56,-0.9975640502598244,0.0697564737441252,17.2,73,308.0,1.7,-0.992546151641322,0.1218693434051476,0.9499999999999992,open-meteo,2026-08-08T10:03:04+00:00
2026-07-03 08:00:00+00:00,FR,load,20.4,68,491.0,1.08,-0.0871557427476583,0.9961946980917455,22.8,59,508.0,10.69,-0.0523359562429443,0.9986295347545738,20.9,75,329.0,7.04,-0.9612616959383188,0.2756373558169994,18.9,63,416.0,2.8,-0.5000000000000004,0.8660254037844384,2.75,open-meteo,2026-08-08T10:03:04+00:00
2026-07-03 09:00:00+00:00,FR,load,22.5,59,644.0,0.49,0.6018150231520483,0.7986355100472928,24.5,47,671.0,10.69,-0.0348994967025008,0.9993908270190958,22.3,71,357.0,6.23,-0.8660254037844386,0.5000000000000001,19.7,60,615.0,3.3,-0.5735764363510465,0.8191520442889916,4.25,open-meteo,2026-08-08T10:03:04+00:00
2026-07-03 10:00:00+00:00,FR,load,24.1,52,702.0,0.83,-0.7071067811865477,0.7071067811865474,25.6,41,804.0,11.2,-0.0871557427476583,0.9961946980917455,24.1,63,503.0,6.39,-0.8480480961564262,0.5299192642332047,20.5,56,717.0,4.4,-0.6156614753256582,0.7880107536067221,5.575000000000003,open-meteo,2026-08-08T10:03:04+00:00
2026-07-03 11:00:00+00:00,FR,load,25.5,45,806.0,2.5,-0.5150380749100545,0.8571673007021121,26.6,38,892.0,10.64,-0.1045284632676534,0.9945218953682732,25.3,57,560.0,6.29,-0.7986355100472932,0.6018150231520479,21.4,52,842.0,5.0,-0.6427876096865396,0.7660444431189778,6.700000000000003,open-meteo,2026-08-08T10:03:04+00:00
2026-07-03 12:00:00+00:00,FR,load,26.3,39,834.0,3.02,-0.2249510543438653,0.9743700647852352,26.9,38,930.0,9.92,-0.0697564737441256,0.9975640502598242,26.3,55,615.0,6.45,-0.7313537016191703,0.6819983600624987,21.7,47,903.0,4.4,-0.544639035015027,0.838670567945424,7.300000000000001,open-meteo,2026-08-08T09:50:27+00:00
2026-07-03 13:00:00+00:00,FR,load,27.1,34,883.0,3.08,-0.1564344650402311,0.9876883405951375,27.6,35,915.0,10.71,-0.0697564737441256,0.9975640502598242,27.0,51,693.0,6.79,-0.7071067811865477,0.7071067811865474,21.5,45,885.0,5.2,-0.5150380749100545,0.8571673007021121,7.800000000000001,open-meteo,2026-08-08T09:50:27+00:00
2026-07-03 14:00:00+00:00,FR,load,27.3,36,845.0,2.6,0.3420201433256687,0.9396926207859084,28.2,31,852.0,10.88,-0.1391731009600658,0.9902680687415704,28.1,47,668.0,6.79,-0.6819983600624984,0.7313537016191707,21.7,37,840.0,5.5,-0.4848096202463369,0.8746197071393959,8.325,open-meteo,2026-08-08T10:03:04+00:00
2026-07-03 15:00:00+00:00,FR,load,28.0,34,720.0,3.63,-0.6156614753256582,0.7880107536067221,27.9,29,743.0,10.24,-0.0871557427476583,0.9961946980917455,28.2,46,749.0,6.79,-0.6819983600624984,0.7313537016191707,21.6,36,754.0,5.2,-0.4226182617406992,0.90630778703665,8.424999999999997,open-meteo,2026-08-08T09:50:27+00:00
2026-07-03 16:00:00+00:00,FR,load,27.7,33,526.0,5.45,-0.3090169943749477,0.9510565162951536,27.9,26,599.0,10.68,-0.0348994967025008,0.9993908270190958,28.3,44,624.0,6.61,-0.6427876096865396,0.7660444431189778,20.8,37,605.0,4.6,-0.5000000000000004,0.8660254037844384,8.174999999999997,open-meteo,2026-08-08T10:03:04+00:00
2026-07-03 17:00:00+00:00,FR,load,27.5,29,441.0,4.67,-0.544639035015027,0.838670567945424,27.4,35,427.0,9.7,-0.1391731009600658,0.9902680687415704,28.0,44,458.0,6.46,-0.6560590289905074,0.7547095802227719,20.9,44,470.0,4.5,-0.1218693434051472,0.992546151641322,7.950000000000003,open-meteo,2026-08-08T09:50:27+00:00
2026-07-03 18:00:00+00:00,FR,load,26.3,35,299.0,4.7,-0.3907311284892739,0.9205048534524404,26.3,29,248.0,10.32,-0.0697564737441256,0.9975640502598242,27.2,45,280.0,6.46,-0.6560590289905074,0.7547095802227719,20.6,45,271.0,4.2,-0.1045284632676534,0.9945218953682732,7.100000000000001,open-meteo,2026-08-08T10:03:04+00:00
2026-07-03 19:00:00+00:00,FR,load,25.3,31,144.0,6.77,-0.3746065934159123,0.9271838545667872,24.6,37,90.0,9.12,0.0348994967025009,0.9993908270190958,25.8,50,113.0,6.31,-0.7431448254773946,0.6691306063588578,18.9,57,153.0,2.1,-0.2249510543438653,0.9743700647852352,5.649999999999999,open-meteo,2026-08-08T10:03:04+00:00
2026-07-03 20:00:00+00:00,FR,load,22.8,33,27.0,8.06,-0.3090169943749477,0.9510565162951536,22.7,33,6.0,8.4,0.1218693434051474,0.992546151641322,24.0,56,10.0,6.39,-0.8090169943749476,0.5877852522924729,17.1,59,36.0,1.0,-0.2588190451025207,0.9659258262890684,3.649999999999999,open-meteo,2026-08-08T10:03:04+00:00
2026-07-03 21:00:00+00:00,FR,load,20.8,41,0.0,8.09,-0.2923717047227371,0.9563047559630352,21.9,40,0.0,8.1,0.2588190451025207,0.9659258262890684,22.9,59,0.0,6.27,-0.9063077870366498,0.4226182617406996,15.4,64,0.0,0.5,-0.1391731009600658,0.9902680687415704,2.25,open-meteo,2026-08-08T10:03:04+00:00
2026-07-03 22:00:00+00:00,FR,load,19.3,42,0.0,7.4,-0.1908089953765446,0.981627183447664,20.8,45,0.0,7.19,0.1908089953765448,0.981627183447664,22.4,61,0.0,6.23,-0.9743700647852352,0.2249510543438649,13.6,77,0.0,1.5,-0.8290375725550418,-0.5591929034707466,1.0249999999999986,open-meteo,2026-08-08T09:50:27+00:00
2026-07-03 23:00:00+00:00,FR,load,18.0,48,0.0,6.4,-0.1908089953765446,0.981627183447664,19.8,48,0.0,6.1,-0.1045284632676534,0.9945218953682732,22.4,61,0.0,6.58,-0.9986295347545738,0.0523359562429439,12.9,80,0.0,2.7,-0.5299192642332048,-0.8480480961564261,0.2749999999999986,open-meteo,2026-08-08T10:03:04+00:00
2026-07-04 00:00:00+00:00,FR,load,16.9,56,0.0,5.24,-0.1391731009600658,0.9902680687415704,18.8,54,0.0,5.5,-0.0697564737441256,0.9975640502598242,22.1,64,0.0,7.21,-0.992546151641322,0.1218693434051476,12.3,80,0.0,4.5,-0.3420201433256686,-0.9396926207859084,0.4749999999999978,open-meteo,2026-08-08T09:50:27+00:00
2026-07-04 01:00:00+00:00,FR,load,15.8,61,0.0,4.85,-0.1391731009600658,0.9902680687415704,18.0,55,0.0,5.7,0.0697564737441253,0.9975640502598242,21.1,69,0.0,8.34,-0.9986295347545738,0.0523359562429439,11.3,85,0.0,6.1,-0.9986295347545738,0.0523359562429439,1.4499999999999993,open-meteo,2026-08-08T09:50:27+00:00
2026-07-04 02:00:00+00:00,FR,load,15.0,65,0.0,4.43,-0.0871557427476583,0.9961946980917455,17.1,51,0.0,6.42,0.1218693434051474,0.992546151641322,20.1,77,0.0,7.94,-0.9998476951563912,0.0174524064372831,11.2,88,0.0,5.8,-0.9659258262890684,-0.2588190451025206,2.1499999999999986,open-meteo,2026-08-08T09:50:27+00:00
2026-07-04 03:00:00+00:00,FR,load,13.6,73,0.0,2.94,-0.0348994967025008,0.9993908270190958,16.6,49,0.0,8.34,0.0523359562429438,0.9986295347545738,19.4,85,0.0,6.85,-0.9876883405951378,0.1564344650402306,11.0,90,0.0,8.2,-0.9396926207859084,-0.3420201433256685,2.85,open-meteo,2026-08-08T10:03:04+00:00
2026-07-04 04:00:00+00:00,FR,load,12.7,77,0.0,2.81,-0.2079116908177598,0.9781476007338056,15.9,53,0.0,7.87,0.0871557427476581,0.9961946980917455,18.8,90,0.0,6.58,-0.9975640502598244,0.0697564737441252,10.9,88,1.0,8.7,-0.8987940462991668,-0.4383711467890777,3.424999999999999,open-meteo,2026-08-08T10:03:04+00:00
2026-07-04 05:00:00+00:00,FR,load,13.0,78,39.0,2.52,-0.2249510543438653,0.9743700647852352,15.5,58,36.0,6.99,0.1908089953765448,0.981627183447664,18.6,92,14.0,6.69,-0.9961946980917455,0.0871557427476578,12.5,84,60.0,8.2,-0.8191520442889916,-0.5735764363510464,3.1,open-meteo,2026-08-08T09:50:27+00:00
2026-07-04 06:00:00+00:00,FR,load,15.2,72,162.0,2.12,-0.5591929034707466,0.8290375725550418,17.2,57,165.0,7.4,0.1908089953765448,0.981627183447664,19.5,90,120.0,6.18,-0.9986295347545738,0.0523359562429439,15.5,74,187.0,7.7,-0.913545457642601,-0.4067366430758001,1.1499999999999986,open-meteo,2026-08-08T09:50:27+00:00
2026-07-04 07:00:00+00:00,FR,load,17.8,62,323.0,1.75,-0.8910065241883679,0.4539904997395466,18.9,52,334.0,6.03,0.1218693434051474,0.992546151641322,21.0,83,288.0,4.63,-0.9945218953682734,0.1045284632676529,18.1,66,340.0,6.5,-0.9205048534524404,-0.3907311284892738,0.9500000000000028,open-meteo,2026-08-08T10:03:04+00:00
2026-07-04 08:00:00+00:00,FR,load,20.4,53,492.0,1.9,-0.9781476007338056,0.2079116908177594,21.1,47,510.0,6.76,0.0348994967025009,0.9993908270190958,22.9,73,473.0,4.33,-0.9743700647852352,0.2249510543438649,20.3,55,500.0,5.5,-0.874619707139396,-0.4848096202463368,3.1750000000000007,open-meteo,2026-08-08T10:03:04+00:00
2026-07-04 09:00:00+00:00,FR,load,23.2,42,647.0,2.16,-0.9986295347545738,-0.0523359562429443,24.7,32,673.0,9.71,0.0523359562429438,0.9986295347545738,25.4,58,648.0,3.73,-0.8660254037844386,0.5000000000000001,21.7,57,643.0,6.1,-0.9702957262759964,-0.2419218955996677,5.75,open-meteo,2026-08-08T09:50:27+00:00
2026-07-04 10:00:00+00:00,FR,load,25.0,32,776.0,2.85,-0.9975640502598244,0.0697564737441252,26.4,26,815.0,10.22,0.0697564737441253,0.9975640502598242,27.4,47,793.0,4.09,-0.7193398003386512,0.6946583704589973,23.1,58,759.0,5.7,-0.9945218953682734,-0.1045284632676533,7.475000000000001,open-meteo,2026-08-08T10:03:04+00:00
2026-07-04 11:00:00+00:00,FR,load,26.5,25,869.0,3.42,-0.9743700647852352,0.2249510543438649,27.6,23,906.0,9.81,0.0523359562429438,0.9986295347545738,28.9,35,895.0,4.84,-0.529919264233205,0.8480480961564258,24.4,52,787.0,6.3,-0.9945218953682734,0.1045284632676529,8.850000000000001,open-meteo,2026-08-08T10:03:04+00:00
2026-07-04 12:00:00+00:00,FR,load,27.6,23,912.0,3.88,-0.984807753012208,0.1736481776669299,28.2,20,947.0,9.5,0.0174524064372835,0.9998476951563912,30.0,29,950.0,5.35,-0.4383711467890778,0.8987940462991668,25.0,50,878.0,5.7,-0.9781476007338056,0.2079116908177594,9.7,open-meteo,2026-08-08T10:03:04+00:00
2026-07-04 13:00:00+00:00,FR,load,28.6,23,906.0,4.77,-0.945518575599317,0.3255681544571563,29.0,18,936.0,9.11,-0.0174524064372835,0.9998476951563912,30.9,26,949.0,5.17,-0.4226182617406992,0.90630778703665,24.8,53,868.0,6.1,-0.9743700647852352,0.2249510543438649,10.325,open-meteo,2026-08-08T10:03:04+00:00
2026-07-04 14:00:00+00:00,FR,load,29.4,24,851.0,5.37,-0.9335804264972016,0.3583679495453004,29.7,16,870.0,8.83,-0.0523359562429443,0.9986295347545738,31.5,25,893.0,5.3,-0.4694715627858908,0.882947592858927,25.5,51,801.0,7.0,-0.9975640502598244,0.0697564737441252,11.025,open-meteo,2026-08-08T10:03:04+00:00
2026-07-04 15:00:00+00:00,FR,load,29.9,25,756.0,5.84,-0.9205048534524404,0.3907311284892735,29.4,16,761.0,9.21,-0.0174524064372835,0.9998476951563912,31.6,21,792.0,4.78,-0.4694715627858908,0.882947592858927,25.5,51,680.0,7.5,-0.9975640502598242,-0.0697564737441255,11.1,open-meteo,2026-08-08T10:03:04+00:00
2026-07-04 16:00:00+00:00,FR,load,29.8,32,622.0,6.72,-0.7986355100472932,0.6018150231520479,29.1,18,608.0,10.03,-0.0871557427476583,0.9961946980917455,31.5,23,649.0,4.22,-0.5150380749100545,0.8571673007021121,24.2,56,587.0,7.1,-0.9993908270190958,0.0348994967025012,10.650000000000002,open-meteo,2026-08-08T10:03:04+00:00
2026-07-04 17:00:00+00:00,FR,load,28.7,38,463.0,7.3,-0.7660444431189781,0.6427876096865393,28.4,17,433.0,10.0,-0.0174524064372835,0.9998476951563912,31.1,24,474.0,3.83,-0.529919264233205,0.8480480961564258,23.6,60,448.0,6.9,-0.9986295347545738,0.0523359562429439,9.949999999999996,open-meteo,2026-08-08T10:03:04+00:00
2026-07-04 18:00:00+00:00,FR,load,27.8,33,297.0,7.07,-0.7071067811865477,0.7071067811865474,27.2,21,252.0,9.33,0.0697564737441253,0.9975640502598242,30.5,26,289.0,4.84,-0.5877852522924734,0.8090169943749473,22.5,66,288.0,7.2,-0.9961946980917455,-0.0871557427476582,9.0,open-meteo,2026-08-08T09:50:27+00:00
2026-07-04 19:00:00+00:00,FR,load,26.0,42,141.0,6.86,-0.6819983600624984,0.7313537016191707,25.1,20,91.0,8.96,0.1736481776669303,0.984807753012208,28.1,32,118.0,4.52,-0.7547095802227722,0.656059028990507,21.2,72,145.0,6.8,-0.9743700647852352,-0.2249510543438652,7.100000000000001,open-meteo,2026-08-08T09:50:27+00:00
2026-07-04 20:00:00+00:00,FR,load,23.8,54,26.0,7.21,-0.6946583704589976,0.7193398003386509,22.8,23,6.0,7.75,0.3090169943749474,0.9510565162951536,25.3,38,11.0,4.38,-0.8910065241883679,0.4539904997395466,19.8,77,34.0,6.9,-0.9510565162951536,-0.3090169943749475,4.925000000000001,open-meteo,2026-08-08T09:50:27+00:00
2026-07-04 21:00:00+00:00,FR,load,22.2,60,0.0,7.94,-0.6293203910498378,0.7771459614569706,21.1,29,0.0,7.99,0.3907311284892737,0.9205048534524404,23.6,40,0.0,4.86,-0.945518575599317,0.3255681544571563,18.2,82,0.0,6.5,-0.8660254037844384,-0.5000000000000004,3.275000000000002,open-meteo,2026-08-08T10:03:04+00:00
2026-07-04 22:00:00+00:00,FR,load,20.6,68,0.0,8.18,-0.6946583704589976,0.7193398003386509,19.9,36,0.0,5.13,0.1218693434051474,0.992546151641322,22.5,43,0.0,4.93,-0.992546151641322,0.1218693434051476,17.0,88,0.0,6.7,-0.8290375725550418,-0.5591929034707466,2.0,open-meteo,2026-08-08T09:50:27+00:00
2026-07-04 23:00:00+00:00,FR,load,19.0,75,0.0,7.9,-0.6819983600624984,0.7313537016191707,19.0,38,0.0,5.59,0.0174524064372835,0.9998476951563912,21.8,45,0.0,5.39,-1.0,-1.8369701987210287e-16,16.8,91,0.0,6.8,-0.9205048534524404,-0.3907311284892738,1.1499999999999986,open-meteo,2026-08-08T09:50:27+00:00
2026-07-05 00:00:00+00:00,FR,load,18.0,79,0.0,7.07,-0.7071067811865477,0.7071067811865474,17.9,48,0.0,6.28,0.1908089953765448,0.981627183447664,21.0,48,0.0,6.06,-0.9876883405951375,-0.156434465040231,16.1,95,0.0,6.7,-0.9455185755993168,-0.3255681544571566,0.25,open-meteo,2026-08-08T09:50:27+00:00
2026-07-05 01:00:00+00:00,FR,load,17.1,84,0.0,6.93,-0.7313537016191703,0.6819983600624987,17.8,47,0.0,7.32,0.2079116908177593,0.9781476007338056,20.2,49,0.0,5.1,-0.9998476951563912,-0.0174524064372834,15.8,97,0.0,6.3,-0.9563047559630352,-0.2923717047227371,0.2749999999999986,open-meteo,2026-08-08T10:03:04+00:00
2026-07-05 02:00:00+00:00,FR,load,16.6,88,0.0,7.56,-0.7431448254773946,0.6691306063588578,17.5,50,0.0,7.68,0.2419218955996677,0.9702957262759964,19.5,50,0.0,5.1,-0.9998476951563912,0.0174524064372831,15.2,98,0.0,6.1,-0.992546151641322,-0.1218693434051471,0.8000000000000007,open-meteo,2026-08-08T10:03:04+00:00
2026-07-05 03:00:00+00:00,FR,load,16.2,92,0.0,7.16,-0.7660444431189781,0.6427876096865393,16.5,55,0.0,7.37,0.3255681544571567,0.9455185755993168,18.7,55,0.0,4.46,-0.9876883405951378,0.1564344650402306,15.0,97,0.0,6.1,-0.8910065241883679,0.4539904997395466,1.3999999999999986,open-meteo,2026-08-08T10:03:04+00:00
2026-07-05 04:00:00+00:00,FR,load,16.0,95,0.0,6.61,-0.7660444431189781,0.6427876096865393,16.1,56,0.0,7.32,0.3420201433256687,0.9396926207859084,18.1,57,0.0,3.98,-0.984807753012208,0.1736481776669299,15.5,97,1.0,6.1,-0.8746197071393956,0.4848096202463373,1.5749999999999993,open-meteo,2026-08-08T10:03:04+00:00
2026-07-05 05:00:00+00:00,FR,load,16.8,92,23.0,6.24,-0.7193398003386512,0.6946583704589973,16.4,58,35.0,7.25,0.2756373558169991,0.9612616959383188,17.8,61,14.0,3.87,-0.9876883405951378,0.1564344650402306,16.2,95,49.0,4.7,-0.9396926207859084,0.342020143325669,1.1999999999999993,open-meteo,2026-08-08T10:03:04+00:00
2026-07-05 06:00:00+00:00,FR,load,17.8,88,93.0,5.33,-0.8090169943749476,0.5877852522924729,18.7,47,163.0,8.68,0.3420201433256687,0.9396926207859084,19.0,66,123.0,3.69,-0.981627183447664,0.1908089953765451,17.5,88,142.0,3.9,-0.8191520442889918,0.573576436351046,0.25,open-meteo,2026-08-08T09:50:27+00:00
2026-07-05 07:00:00+00:00,FR,load,19.0,80,227.0,5.06,-0.8090169943749476,0.5877852522924729,20.5,44,332.0,8.68,0.2756373558169991,0.9612616959383188,22.5,56,292.0,3.45,-0.9659258262890684,0.2588190451025203,20.3,70,314.0,3.9,-0.6293203910498378,0.7771459614569706,2.575,open-meteo,2026-08-08T09:50:27+00:00
2026-07-05 08:00:00+00:00,FR,load,20.1,74,413.0,4.92,-0.8191520442889918,0.573576436351046,23.1,39,509.0,7.04,0.1564344650402308,0.9876883405951378,24.6,50,478.0,2.79,-0.9510565162951536,0.3090169943749472,21.1,67,396.0,4.0,-0.8571673007021123,0.5150380749100542,4.225000000000001,open-meteo,2026-08-08T10:03:04+00:00
2026-07-05 09:00:00+00:00,FR,load,21.9,65,583.0,4.08,-0.8660254037844386,0.5000000000000001,26.0,31,676.0,7.8,0.1218693434051474,0.992546151641322,27.3,41,652.0,2.85,-0.6560590289905074,0.7547095802227719,21.1,67,256.0,5.3,-0.7313537016191703,0.6819983600624987,6.075000000000003,open-meteo,2026-08-08T10:03:04+00:00
2026-07-05 10:00:00+00:00,FR,load,23.5,59,730.0,4.62,-0.8480480961564262,0.5299192642332047,28.1,29,808.0,9.02,0.1564344650402308,0.9876883405951378,29.5,31,798.0,3.1,-0.5735764363510465,0.8191520442889916,20.9,68,312.0,3.9,-0.6560590289905074,0.7547095802227719,7.5,open-meteo,2026-08-08T10:03:04+00:00
2026-07-05 11:00:00+00:00,FR,load,25.2,53,832.0,4.55,-0.7986355100472932,0.6018150231520479,29.7,25,898.0,9.27,0.1218693434051474,0.992546151641322,31.2,25,903.0,3.29,-0.6018150231520483,0.7986355100472928,22.2,63,198.0,4.5,-0.7660444431189781,0.6427876096865393,9.075,open-meteo,2026-08-08T09:50:27+00:00
2026-07-05 12:00:00+00:00,FR,load,26.6,47,880.0,4.39,-0.7771459614569708,0.6293203910498375,30.6,25,938.0,9.22,0.0348994967025009,0.9993908270190958,32.5,21,957.0,3.49,-0.6156614753256582,0.7880107536067221,23.0,57,468.0,6.4,-0.8571673007021123,0.5150380749100542,10.175,open-meteo,2026-08-08T10:03:04+00:00
2026-07-05 13:00:00+00:00,FR,load,27.7,43,862.0,4.68,-0.7986355100472932,0.6018150231520479,31.4,23,924.0,9.5,0.0174524064372835,0.9998476951563912,33.5,18,959.0,3.7,-0.6018150231520483,0.7986355100472928,23.3,60,813.0,5.9,-0.7547095802227722,0.656059028990507,10.974999999999998,open-meteo,2026-08-08T09:50:27+00:00
2026-07-05 14:00:00+00:00,FR,load,28.2,43,815.0,5.0,-0.6691306063588581,0.7431448254773944,31.8,21,859.0,10.58,-0.0174524064372835,0.9998476951563912,34.2,18,903.0,3.97,-0.544639035015027,0.838670567945424,23.8,58,741.0,6.4,-0.7193398003386512,0.6946583704589973,11.5,open-meteo,2026-08-08T09:50:27+00:00
2026-07-05 15:00:00+00:00,FR,load,28.5,40,687.0,5.6,-0.5877852522924734,0.8090169943749473,31.4,23,750.0,9.61,-0.0523359562429443,0.9986295347545738,34.1,18,798.0,4.52,-0.4067366430758001,0.9135454576426008,24.1,54,615.0,5.7,-0.5150380749100545,0.8571673007021121,11.525,open-meteo,2026-08-08T09:50:27+00:00
2026-07-05 16:00:00+00:00,FR,load,28.2,40,611.0,5.14,-0.5150380749100545,0.8571673007021121,31.1,18,601.0,10.41,0.0697564737441253,0.9975640502598242,34.0,16,653.0,4.38,-0.1736481776669304,0.984807753012208,23.6,58,554.0,5.8,-0.6691306063588581,0.7431448254773944,11.225,open-meteo,2026-08-08T09:50:27+00:00
2026-07-05 17:00:00+00:00,FR,load,27.5,42,408.0,5.13,-0.4848096202463369,0.8746197071393959,30.1,22,430.0,10.08,0.224951054343865,0.9743700647852352,33.4,17,481.0,3.69,-0.1908089953765446,0.981627183447664,23.4,56,360.0,4.6,-0.6018150231520483,0.7986355100472928,10.6,open-meteo,2026-08-08T09:50:27+00:00
2026-07-05 18:00:00+00:00,FR,load,26.9,44,259.0,4.74,-0.5000000000000004,0.8660254037844384,28.9,22,249.0,8.81,0.3583679495453002,0.9335804264972016,32.5,20,293.0,3.86,-0.4539904997395469,0.8910065241883678,22.9,59,215.0,4.6,-0.3746065934159123,0.9271838545667872,9.799999999999995,open-meteo,2026-08-08T10:03:04+00:00
2026-07-05 19:00:00+00:00,FR,load,26.0,47,124.0,4.76,-0.529919264233205,0.8480480961564258,26.4,26,91.0,9.56,0.4694715627858908,0.882947592858927,29.8,26,119.0,4.32,-0.6293203910498378,0.7771459614569706,21.8,68,106.0,4.1,-0.9876883405951378,0.1564344650402306,8.0,open-meteo,2026-08-08T09:50:27+00:00
2026-07-05 20:00:00+00:00,FR,load,23.8,55,24.0,5.19,-0.529919264233205,0.8480480961564258,24.7,33,6.0,8.63,0.4694715627858908,0.882947592858927,26.9,31,11.0,4.64,-0.6946583704589976,0.7193398003386509,20.0,75,33.0,3.4,-0.9975640502598242,-0.0697564737441255,5.850000000000001,open-meteo,2026-08-08T09:50:27+00:00
2026-07-05 21:00:00+00:00,FR,load,21.7,65,0.0,5.1,-0.6156614753256582,0.7880107536067221,23.4,39,0.0,8.27,0.3255681544571567,0.9455185755993168,25.7,33,0.0,4.93,-0.6560590289905074,0.7547095802227719,18.3,81,0.0,4.0,-0.992546151641322,-0.1218693434051471,4.274999999999999,open-meteo,2026-08-08T09:50:27+00:00
2026-07-05 22:00:00+00:00,FR,load,20.6,70,0.0,5.22,-0.5591929034707466,0.8290375725550418,22.1,43,0.0,7.75,0.1564344650402308,0.9876883405951378,24.5,36,0.0,4.25,-0.7880107536067218,0.6156614753256585,17.0,88,0.0,6.1,-0.9335804264972016,-0.3583679495453007,3.0500000000000007,open-meteo,2026-08-08T10:03:04+00:00
2026-07-05 23:00:00+00:00,FR,load,19.7,74,0.0,4.79,-0.6560590289905074,0.7547095802227719,21.4,46,0.0,8.09,0.1908089953765448,0.981627183447664,23.1,39,0.0,3.86,-0.8910065241883679,0.4539904997395466,16.1,92,0.0,6.2,-0.8290375725550418,-0.5591929034707466,2.074999999999996,open-meteo,2026-08-08T09:50:27+00:00
2026-07-06 00:00:00+00:00,FR,load,19.0,76,0.0,4.57,-0.6819983600624984,0.7313537016191707,20.4,55,0.0,5.54,0.1391731009600654,0.9902680687415704,22.1,40,0.0,3.2,-0.9205048534524404,0.3907311284892735,15.5,95,0.0,7.2,-0.7431448254773944,-0.6691306063588581,1.25,open-meteo,2026-08-08T09:50:27+00:00
2026-07-06 01:00:00+00:00,FR,load,18.2,79,0.0,4.65,-0.6691306063588581,0.7431448254773944,19.1,61,0.0,6.08,0.0523359562429438,0.9986295347545738,21.3,43,0.0,2.46,-0.9205048534524404,0.3907311284892735,15.3,96,0.0,7.2,-0.6819983600624984,-0.7313537016191706,0.4749999999999978,open-meteo,2026-08-08T09:50:27+00:00
2026-07-06 02:00:00+00:00,FR,load,17.4,84,0.0,4.57,-0.7071067811865477,0.7071067811865474,18.4,62,0.0,5.88,-0.0348994967025008,0.9993908270190958,20.7,43,0.0,1.74,-0.7880107536067218,0.6156614753256585,15.0,98,0.0,6.9,-0.8090169943749473,-0.5877852522924732,0.125,open-meteo,2026-08-08T09:50:27+00:00
2026-07-06 03:00:00+00:00,FR,load,16.5,87,0.0,4.74,-0.6156614753256582,0.7880107536067221,17.6,66,0.0,6.88,0.0697564737441253,0.9975640502598242,20.0,47,0.0,1.59,-0.1908089953765446,0.981627183447664,15.4,99,0.0,6.4,-0.8660254037844384,-0.5000000000000004,0.625,open-meteo,2026-08-08T10:03:04+00:00
2026-07-06 04:00:00+00:00,FR,load,15.8,90,0.0,3.84,-0.6156614753256582,0.7880107536067221,17.1,69,0.0,6.68,0.0697564737441253,0.9975640502598242,19.4,49,0.0,1.58,-0.1218693434051472,0.992546151641322,15.3,98,1.0,6.7,-0.7986355100472928,-0.6018150231520483,1.099999999999998,open-meteo,2026-08-08T10:03:04+00:00
2026-07-06 05:00:00+00:00,FR,load,15.5,90,36.0,2.16,-0.7771459614569708,0.6293203910498375,17.6,70,35.0,7.18,0.0871557427476581,0.9961946980917455,18.8,52,14.0,1.68,-0.1218693434051472,0.992546151641322,15.7,97,37.0,5.2,-0.8191520442889916,-0.5735764363510464,1.099999999999998,open-meteo,2026-08-08T10:03:04+00:00
2026-07-06 06:00:00+00:00,FR,load,17.7,82,153.0,1.33,-0.9563047559630354,0.2923717047227367,19.4,64,159.0,7.55,0.1736481776669303,0.984807753012208,20.1,56,120.0,1.28,0.0697564737441253,0.9975640502598242,17.5,92,120.0,5.3,-0.8660254037844384,-0.5000000000000004,0.6749999999999972,open-meteo,2026-08-08T10:03:04+00:00
2026-07-06 07:00:00+00:00,FR,load,20.1,71,304.0,1.69,-0.984807753012208,-0.1736481776669303,21.0,60,328.0,6.71,0.2079116908177593,0.9781476007338056,23.7,60,287.0,0.9,0.224951054343865,0.9743700647852352,19.1,81,308.0,4.6,-0.8090169943749473,-0.5877852522924732,2.9750000000000014,open-meteo,2026-08-08T09:50:27+00:00
2026-07-06 08:00:00+00:00,FR,load,22.4,62,472.0,1.63,-0.8386705679454242,-0.544639035015027,23.7,53,507.0,7.18,0.0871557427476581,0.9961946980917455,26.3,43,471.0,0.79,0.1218693434051474,0.992546151641322,21.0,69,469.0,4.4,-0.8386705679454242,-0.544639035015027,5.349999999999998,open-meteo,2026-08-08T10:03:04+00:00
2026-07-06 09:00:00+00:00,FR,load,25.2,52,608.0,2.01,-0.7313537016191703,-0.6819983600624986,26.4,39,674.0,8.66,0.0871557427476581,0.9961946980917455,28.6,36,645.0,1.41,0.5591929034707469,0.8290375725550417,23.2,56,633.0,5.5,-0.9945218953682734,-0.1045284632676533,7.849999999999998,open-meteo,2026-08-08T09:50:27+00:00
2026-07-06 10:00:00+00:00,FR,load,27.4,44,761.0,2.41,-0.8910065241883678,-0.4539904997395469,28.2,32,811.0,8.18,0.1045284632676534,0.9945218953682732,31.0,31,793.0,1.85,0.5299192642332049,0.848048096156426,24.9,50,757.0,5.2,-0.981627183447664,-0.1908089953765446,9.875,open-meteo,2026-08-08T10:03:04+00:00
2026-07-06 11:00:00+00:00,FR,load,29.5,36,848.0,2.5,-0.981627183447664,-0.1908089953765446,29.9,24,904.0,8.45,0.0871557427476581,0.9961946980917455,33.1,25,897.0,2.06,0.4226182617406994,0.90630778703665,26.4,45,792.0,5.4,-0.9902680687415704,-0.1391731009600658,11.725,open-meteo,2026-08-08T09:50:27+00:00
2026-07-06 12:00:00+00:00,FR,load,30.5,34,888.0,2.35,-0.9993908270190958,-0.0348994967025007,30.5,20,948.0,7.77,0.0871557427476581,0.9961946980917455,34.9,19,953.0,2.85,0.4539904997395468,0.8910065241883679,27.4,42,864.0,6.0,-0.984807753012208,-0.1736481776669303,12.825000000000005,open-meteo,2026-08-08T09:50:27+00:00
2026-07-06 13:00:00+00:00,FR,load,32.2,24,893.0,3.02,-0.9743700647852352,0.2249510543438649,31.4,19,933.0,7.74,0.0174524064372835,0.9998476951563912,36.3,15,959.0,3.37,0.4383711467890774,0.898794046299167,28.2,41,835.0,6.0,-0.9961946980917455,-0.0871557427476582,14.025,open-meteo,2026-08-08T09:50:27+00:00
2026-07-06 14:00:00+00:00,FR,load,32.9,25,851.0,2.98,-0.9876883405951378,0.1564344650402306,32.0,15,868.0,8.43,-0.0174524064372835,0.9998476951563912,37.1,12,906.0,3.68,0.4226182617406994,0.90630778703665,28.8,37,747.0,6.7,-0.9998476951563912,-0.0174524064372834,14.700000000000005,open-meteo,2026-08-08T09:50:27+00:00
2026-07-06 15:00:00+00:00,FR,load,33.2,19,752.0,4.85,-0.9902680687415704,0.1391731009600654,31.7,15,761.0,7.94,-0.0174524064372835,0.9998476951563912,36.9,13,803.0,3.59,0.4383711467890774,0.898794046299167,28.4,36,643.0,7.5,-0.9876883405951375,-0.156434465040231,14.550000000000004,open-meteo,2026-08-08T09:50:27+00:00
2026-07-06 16:00:00+00:00,FR,load,33.0,19,627.0,5.29,-0.9998476951563912,-0.0174524064372834,31.4,15,610.0,8.52,-0.0174524064372835,0.9998476951563912,36.7,13,657.0,3.86,0.4539904997395468,0.8910065241883679,28.0,36,547.0,6.9,-0.9781476007338056,-0.2079116908177598,14.275000000000006,open-meteo,2026-08-08T10:03:04+00:00
2026-07-06 17:00:00+00:00,FR,load,32.7,22,471.0,4.68,-0.9612616959383188,0.2756373558169994,30.7,13,439.0,8.92,-0.0523359562429443,0.9986295347545738,36.1,14,480.0,4.13,0.374606593415912,0.9271838545667874,27.9,33,450.0,6.6,-0.9743700647852352,-0.2249510543438652,13.85,open-meteo,2026-08-08T10:03:04+00:00
2026-07-06 18:00:00+00:00,FR,load,32.5,21,287.0,2.14,-0.9612616959383188,0.2756373558169994,29.0,18,255.0,8.7,0.1391731009600654,0.9902680687415704,34.7,17,292.0,3.83,0.224951054343865,0.9743700647852352,26.4,38,301.0,7.5,-0.9510565162951536,-0.3090169943749475,12.65,open-meteo,2026-08-08T10:03:04+00:00
2026-07-06 19:00:00+00:00,FR,load,30.9,26,138.0,1.98,-0.9396926207859084,0.342020143325669,26.4,23,92.0,8.13,0.224951054343865,0.9743700647852352,32.1,22,119.0,3.15,0.0871557427476581,0.9961946980917455,23.8,44,149.0,9.5,-0.8910065241883678,-0.4539904997395469,10.3,open-meteo,2026-08-08T10:03:04+00:00
2026-07-06 20:00:00+00:00,FR,load,27.4,32,26.0,4.34,-0.1045284632676534,0.9945218953682732,23.6,33,6.0,7.1,0.4694715627858908,0.882947592858927,29.6,25,11.0,2.46,-0.0871557427476583,0.9961946980917455,23.2,41,34.0,9.4,-0.8660254037844384,-0.5000000000000004,7.949999999999999,open-meteo,2026-08-08T09:50:27+00:00
2026-07-06 21:00:00+00:00,FR,load,25.6,39,0.0,3.23,-0.0348994967025008,0.9993908270190958,22.6,38,0.0,7.43,0.5150380749100542,0.8571673007021123,29.0,25,0.0,2.65,-0.0697564737441256,0.9975640502598242,20.8,49,0.0,8.8,-0.913545457642601,-0.4067366430758001,6.5,open-meteo,2026-08-08T10:03:04+00:00
2026-07-06 22:00:00+00:00,FR,load,24.3,40,0.0,3.56,-0.1391731009600658,0.9902680687415704,21.8,41,0.0,6.62,0.4539904997395468,0.8910065241883679,28.0,25,0.0,1.67,0.0523359562429438,0.9986295347545738,19.1,50,0.0,8.6,-0.9335804264972016,-0.3583679495453007,5.299999999999997,open-meteo,2026-08-08T10:03:04+00:00
2026-07-06 23:00:00+00:00,FR,load,23.0,44,0.0,2.9,-0.2079116908177598,0.9781476007338056,20.4,44,0.0,4.87,0.2588190451025207,0.9659258262890684,26.1,26,0.0,0.89,0.1045284632676534,0.9945218953682732,18.9,53,0.0,9.4,-0.9396926207859084,-0.3420201433256685,4.100000000000001,open-meteo,2026-08-08T09:50:27+00:00
2026-07-07 00:00:00+00:00,FR,load,22.4,46,0.0,2.36,0.0871557427476581,0.9961946980917455,19.1,45,0.0,4.84,0.3583679495453002,0.9335804264972016,23.0,33,0.0,1.01,0.8746197071393957,0.4848096202463371,18.0,59,0.0,8.8,-0.9396926207859084,-0.3420201433256685,2.625,open-meteo,2026-08-08T10:03:04+00:00
2026-07-07 01:00:00+00:00,FR,load,21.2,50,0.0,1.71,-0.2249510543438653,0.9743700647852352,18.7,43,0.0,4.09,0.3583679495453002,0.9335804264972016,20.3,41,0.0,1.39,0.9902680687415704,-0.1391731009600653,17.9,59,0.0,9.7,-0.9205048534524404,-0.3907311284892738,1.5249999999999986,open-meteo,2026-08-08T09:50:27+00:00
2026-07-07 02:00:00+00:00,FR,load,19.7,53,0.0,2.98,-0.7193398003386512,0.6946583704589973,18.4,43,0.0,3.37,0.4383711467890774,0.898794046299167,18.8,46,0.0,1.8,0.8746197071393959,-0.484809620246337,17.7,63,0.0,9.1,-0.9455185755993168,-0.3255681544571566,0.6499999999999986,open-meteo,2026-08-08T10:03:04+00:00
2026-07-07 03:00:00+00:00,FR,load,18.6,56,0.0,2.83,-0.8290375725550416,0.559192903470747,17.3,47,0.0,4.27,0.1564344650402308,0.9876883405951378,16.6,59,0.0,1.97,0.8910065241883679,-0.4539904997395467,17.8,66,0.0,8.0,-0.90630778703665,-0.4226182617406991,0.4249999999999971,open-meteo,2026-08-08T09:50:27+00:00
2026-07-07 04:00:00+00:00,FR,load,18.2,59,0.0,2.63,-0.8910065241883679,0.4539904997395466,17.2,45,0.0,5.08,0.3255681544571567,0.9455185755993168,16.3,57,0.0,3.47,0.7313537016191706,-0.6819983600624984,16.9,69,1.0,8.4,-0.9455185755993168,-0.3255681544571566,0.8500000000000014,open-meteo,2026-08-08T09:50:27+00:00
2026-07-07 05:00:00+00:00,FR,load,18.1,63,34.0,2.81,-0.9781476007338056,0.2079116908177594,17.7,49,35.0,5.3,0.4226182617406994,0.90630778703665,17.1,51,12.0,4.65,0.6560590289905073,-0.754709580222772,17.4,72,48.0,7.9,-0.9510565162951536,-0.3090169943749475,0.4250000000000007,open-meteo,2026-08-08T10:03:04+00:00
2026-07-07 06:00:00+00:00,FR,load,20.7,60,154.0,2.46,-0.9205048534524404,0.3907311284892735,20.6,53,163.0,6.12,0.5299192642332049,0.848048096156426,19.1,53,120.0,4.65,0.6560590289905073,-0.754709580222772,19.1,73,159.0,6.5,-0.9563047559630352,-0.2923717047227371,1.875,open-meteo,2026-08-08T09:50:27+00:00
2026-07-07 07:00:00+00:00,FR,load,24.3,51,313.0,3.54,-0.9702957262759966,0.2419218955996674,23.6,45,334.0,4.95,0.4539904997395468,0.8910065241883679,23.8,48,291.0,4.57,0.6819983600624986,-0.7313537016191705,20.9,69,289.0,6.8,-0.9702957262759964,-0.2419218955996677,5.149999999999999,open-meteo,2026-08-08T09:50:27+00:00
2026-07-07 08:00:00+00:00,FR,load,27.4,38,466.0,3.15,-0.9961946980917455,0.0871557427476578,25.5,40,516.0,3.95,0.1218693434051474,0.992546151641322,26.8,38,477.0,3.26,0.7547095802227721,-0.6560590289905072,22.8,57,359.0,5.1,-0.9986295347545738,-0.0523359562429443,7.625,open-meteo,2026-08-08T10:03:04+00:00
2026-07-07 09:00:00+00:00,FR,load,29.6,28,614.0,3.66,-0.9396926207859084,0.342020143325669,27.6,34,678.0,4.11,-2.4492935982947064e-16,1.0,30.9,29,653.0,3.33,0.9135454576426008,-0.4067366430758002,24.3,48,446.0,5.3,-0.9986295347545738,-0.0523359562429443,10.099999999999998,open-meteo,2026-08-08T09:50:27+00:00
2026-07-07 10:00:00+00:00,FR,load,30.6,29,726.0,3.95,-0.9205048534524404,0.3907311284892735,30.3,29,793.0,3.83,-0.0523359562429443,0.9986295347545738,34.0,22,802.0,3.02,0.90630778703665,-0.4226182617406993,25.1,49,512.0,4.9,-0.9961946980917455,-0.0871557427476582,12.0,open-meteo,2026-08-08T09:50:27+00:00
2026-07-07 11:00:00+00:00,FR,load,32.0,27,771.0,4.93,-0.9563047559630354,0.2923717047227367,32.2,20,857.0,4.28,0.3420201433256687,0.9396926207859084,36.1,17,906.0,1.89,0.9335804264972016,-0.3583679495453002,26.5,38,716.0,6.1,-0.9986295347545738,0.0523359562429439,13.700000000000005,open-meteo,2026-08-08T09:50:27+00:00
2026-07-07 12:00:00+00:00,FR,load,32.6,24,852.0,6.45,-0.9563047559630354,0.2923717047227367,33.3,17,951.0,4.09,0.2923717047227367,0.9563047559630354,37.2,15,958.0,1.06,0.5591929034707469,0.8290375725550417,27.1,36,790.0,6.4,-0.9945218953682734,0.1045284632676529,14.550000000000004,open-meteo,2026-08-08T09:50:27+00:00
2026-07-07 13:00:00+00:00,FR,load,33.3,26,863.0,6.09,-0.7986355100472932,0.6018150231520479,34.3,16,939.0,3.67,0.1564344650402308,0.9876883405951378,38.2,14,957.0,1.58,-0.1218693434051472,0.992546151641322,27.7,37,838.0,6.9,-0.9743700647852352,0.2249510543438649,15.375,open-meteo,2026-08-08T09:50:27+00:00
2026-07-07 14:00:00+00:00,FR,load,34.0,24,819.0,6.84,-0.7880107536067218,0.6156614753256585,34.8,12,871.0,5.13,-0.4383711467890778,0.8987940462991668,38.9,13,900.0,2.82,-0.3420201433256686,0.9396926207859084,27.9,38,791.0,6.0,-0.9135454576426012,0.4067366430757997,15.9,open-meteo,2026-08-08T09:50:27+00:00
2026-07-07 15:00:00+00:00,FR,load,33.6,23,723.0,7.83,-0.6946583704589976,0.7193398003386509,34.4,12,768.0,5.01,0.0697564737441253,0.9975640502598242,38.9,11,799.0,3.66,-0.3420201433256686,0.9396926207859084,28.3,41,686.0,4.2,-0.7547095802227722,0.656059028990507,15.800000000000004,open-meteo,2026-08-08T10:03:04+00:00
2026-07-07 16:00:00+00:00,FR,load,32.9,20,624.0,7.7,-0.7431448254773946,0.6691306063588578,34.0,16,597.0,4.44,0.2419218955996677,0.9702957262759964,38.6,9,659.0,4.65,-0.3090169943749477,0.9510565162951536,27.4,48,589.0,5.9,-0.529919264233205,0.8480480961564258,15.225,open-meteo,2026-08-08T10:03:04+00:00
2026-07-07 17:00:00+00:00,FR,load,31.7,18,473.0,7.7,-0.6018150231520483,0.7986355100472928,33.4,12,439.0,5.35,0.573576436351046,0.8191520442889918,37.7,11,484.0,4.34,-0.3090169943749477,0.9510565162951536,27.2,47,420.0,4.9,-0.544639035015027,0.838670567945424,14.5,open-meteo,2026-08-08T09:50:27+00:00
2026-07-07 18:00:00+00:00,FR,load,30.9,25,306.0,6.89,-0.5000000000000004,0.8660254037844384,31.3,19,224.0,8.02,0.838670567945424,0.5446390350150271,36.0,15,293.0,4.4,-0.2923717047227371,0.9563047559630352,26.4,46,287.0,5.5,-0.981627183447664,0.1908089953765451,13.15,open-meteo,2026-08-08T10:03:04+00:00
2026-07-07 19:00:00+00:00,FR,load,29.4,26,142.0,7.01,-0.4226182617406992,0.90630778703665,28.9,17,80.0,7.06,0.90630778703665,0.4226182617406994,32.8,17,119.0,4.44,-0.3746065934159123,0.9271838545667872,25.2,59,123.0,5.7,-0.992546151641322,0.1218693434051476,11.075,open-meteo,2026-08-08T09:50:27+00:00
2026-07-07 20:00:00+00:00,FR,load,26.3,31,25.0,7.93,-0.4539904997395469,0.8910065241883678,26.7,19,5.0,7.14,0.90630778703665,0.4226182617406994,29.7,20,11.0,3.47,-0.6427876096865396,0.7660444431189778,23.9,58,31.0,5.8,-0.9998476951563912,0.0174524064372831,8.649999999999999,open-meteo,2026-08-08T10:03:04+00:00
2026-07-07 21:00:00+00:00,FR,load,24.1,36,0.0,7.32,-0.4383711467890778,0.8987940462991668,25.2,23,0.0,5.78,0.7771459614569709,0.6293203910498374,27.2,24,0.0,4.52,-0.7547095802227722,0.656059028990507,21.1,63,0.0,4.3,-0.9998476951563912,-0.0174524064372834,6.399999999999999,open-meteo,2026-08-08T09:50:27+00:00
2026-07-07 22:00:00+00:00,FR,load,22.7,42,0.0,7.41,-0.4067366430758001,0.9135454576426008,24.6,26,0.0,6.31,0.8987940462991669,0.4383711467890774,26.7,25,0.0,4.13,-0.8090169943749476,0.5877852522924729,19.4,81,0.0,2.5,0.7193398003386511,0.6946583704589973,5.350000000000001,open-meteo,2026-08-08T10:03:04+00:00
2026-07-07 23:00:00+00:00,FR,load,21.4,46,0.0,6.4,-0.4848096202463369,0.8746197071393959,23.7,32,0.0,1.32,0.7431448254773942,0.6691306063588582,24.0,49,0.0,10.18,-0.981627183447664,0.1908089953765451,18.7,81,0.0,3.1,0.9945218953682732,-0.1045284632676535,3.9499999999999993,open-meteo,2026-08-08T09:50:27+00:00
2026-07-08 00:00:00+00:00,FR,load,20.5,49,0.0,5.43,-0.4694715627858908,0.882947592858927,23.0,33,0.0,0.29,-1.0,-1.8369701987210287e-16,22.5,82,0.0,8.88,-0.981627183447664,0.1908089953765451,18.0,81,0.0,3.6,0.981627183447664,-0.1908089953765448,3.0,open-meteo,2026-08-08T10:03:04+00:00
2026-07-08 01:00:00+00:00,FR,load,19.3,52,0.0,5.13,-0.4383711467890778,0.8987940462991668,23.3,32,0.0,0.69,-1.0,-1.8369701987210287e-16,21.2,93,0.0,8.35,-0.9975640502598244,0.0697564737441252,17.4,80,0.0,4.2,0.7313537016191706,-0.6819983600624984,2.299999999999997,open-meteo,2026-08-08T10:03:04+00:00
2026-07-08 02:00:00+00:00,FR,load,18.4,55,0.0,5.0,-0.4694715627858908,0.882947592858927,22.6,34,0.0,0.84,-0.9335804264972016,0.3583679495453004,20.3,96,0.0,8.64,-0.9986295347545738,-0.0523359562429443,17.1,77,0.0,2.8,0.8910065241883679,-0.4539904997395467,1.6000000000000014,open-meteo,2026-08-08T10:03:04+00:00
2026-07-08 03:00:00+00:00,FR,load,17.0,61,0.0,3.95,-0.5000000000000004,0.8660254037844384,20.5,36,0.0,1.69,0.1736481776669303,0.984807753012208,19.7,96,0.0,7.16,-0.9993908270190958,-0.0348994967025007,15.9,89,0.0,3.2,0.4067366430758004,-0.9135454576426008,0.2750000000000021,open-meteo,2026-08-08T10:03:04+00:00
2026-07-08 04:00:00+00:00,FR,load,16.2,66,0.0,3.14,-0.6293203910498378,0.7771459614569706,20.3,33,0.0,2.67,0.4694715627858908,0.882947592858927,19.5,96,0.0,5.64,-0.9902680687415704,0.1391731009600654,15.6,89,1.0,2.0,0.3583679495453002,-0.9335804264972016,0.1000000000000014,open-meteo,2026-08-08T10:03:04+00:00
2026-07-08 05:00:00+00:00,FR,load,16.7,67,34.0,2.5,-0.6691306063588581,0.7431448254773944,20.4,39,33.0,2.9,0.2079116908177593,0.9781476007338056,19.3,96,9.0,4.82,-0.9743700647852352,0.2249510543438649,17.0,83,51.0,1.2,0.6156614753256584,-0.7880107536067219,0.3499999999999978,open-meteo,2026-08-08T09:50:27+00:00
2026-07-08 06:00:00+00:00,FR,load,19.5,64,153.0,2.2,-0.529919264233205,0.8480480961564258,21.9,42,160.0,5.53,0.1218693434051474,0.992546151641322,20.0,90,95.0,4.0,-0.9271838545667874,0.3746065934159119,19.9,74,170.0,1.4,0.766044443118978,0.6427876096865394,2.325,open-meteo,2026-08-08T09:50:27+00:00
2026-07-08 07:00:00+00:00,FR,load,22.3,50,309.0,2.02,-0.7771459614569708,0.6293203910498375,24.4,33,326.0,7.16,0.0523359562429438,0.9986295347545738,21.2,85,256.0,3.22,-0.9396926207859084,0.342020143325669,22.3,61,313.0,2.9,0.573576436351046,0.8191520442889918,4.550000000000001,open-meteo,2026-08-08T10:03:04+00:00
2026-07-08 08:00:00+00:00,FR,load,24.3,44,474.0,1.59,-0.7313537016191703,0.6819983600624987,26.1,32,499.0,5.6,0.0697564737441253,0.9975640502598242,23.0,79,435.0,2.55,-0.8480480961564262,0.5299192642332047,23.5,55,474.0,2.7,0.5591929034707469,0.8290375725550417,6.225000000000001,open-meteo,2026-08-08T10:03:04+00:00
2026-07-08 09:00:00+00:00,FR,load,26.6,39,626.0,0.93,-0.3090169943749477,0.9510565162951536,28.5,31,661.0,5.71,-0.1045284632676534,0.9945218953682732,25.5,70,618.0,2.79,-0.3090169943749477,0.9510565162951536,24.2,55,616.0,3.2,0.5150380749100542,0.8571673007021123,8.2,open-meteo,2026-08-08T09:50:27+00:00
2026-07-08 10:00:00+00:00,FR,load,28.5,36,753.0,0.71,-0.2756373558169989,0.9612616959383188,30.8,27,796.0,5.2,-0.0523359562429443,0.9986295347545738,28.1,61,765.0,2.45,-0.2756373558169989,0.9612616959383188,25.7,54,737.0,2.4,-2.4492935982947064e-16,1.0,10.275000000000002,open-meteo,2026-08-08T09:50:27+00:00
2026-07-08 11:00:00+00:00,FR,load,30.1,34,843.0,1.86,0.0523359562429438,0.9986295347545738,32.9,21,887.0,7.35,-2.4492935982947064e-16,1.0,30.6,50,869.0,2.73,-0.2588190451025207,0.9659258262890684,26.8,49,819.0,2.9,-0.0523359562429443,0.9986295347545738,12.099999999999998,open-meteo,2026-08-08T09:50:27+00:00
2026-07-08 12:00:00+00:00,FR,load,31.3,32,887.0,2.26,-0.0871557427476583,0.9961946980917455,33.4,21,925.0,8.16,0.0871557427476581,0.9961946980917455,32.4,45,925.0,2.5,-0.4383711467890778,0.8987940462991668,27.3,49,859.0,2.4,0.1391731009600654,0.9902680687415704,13.099999999999998,open-meteo,2026-08-08T10:03:04+00:00
2026-07-08 13:00:00+00:00,FR,load,32.0,31,880.0,3.09,-0.1908089953765446,0.981627183447664,34.1,20,912.0,8.11,0.1391731009600654,0.9902680687415704,34.5,35,929.0,2.7,-0.3255681544571567,0.9455185755993168,27.9,48,853.0,3.3,-0.3255681544571567,0.9455185755993168,14.125,open-meteo,2026-08-08T10:03:04+00:00
2026-07-08 14:00:00+00:00,FR,load,32.4,31,830.0,3.21,-0.2079116908177598,0.9781476007338056,34.4,18,846.0,8.92,0.0523359562429438,0.9986295347545738,36.0,25,880.0,3.17,-0.1564344650402311,0.9876883405951375,28.3,45,802.0,4.9,-0.3090169943749477,0.9510565162951536,14.775,open-meteo,2026-08-08T10:03:04+00:00
2026-07-08 15:00:00+00:00,FR,load,32.6,29,736.0,2.58,-0.1564344650402311,0.9876883405951375,33.8,17,736.0,9.77,0.224951054343865,0.9743700647852352,36.3,22,780.0,4.25,-0.1391731009600658,0.9902680687415704,28.1,47,707.0,6.0,-0.0697564737441256,0.9975640502598242,14.700000000000005,open-meteo,2026-08-08T10:03:04+00:00
2026-07-08 16:00:00+00:00,FR,load,32.9,32,610.0,5.21,0.3420201433256687,0.9396926207859084,33.4,15,591.0,10.1,0.1391731009600654,0.9902680687415704,36.4,20,639.0,4.59,-0.2756373558169989,0.9612616959383188,26.7,49,569.0,6.1,-0.1564344650402311,0.9876883405951375,14.349999999999994,open-meteo,2026-08-08T10:03:04+00:00
2026-07-08 17:00:00+00:00,FR,load,32.2,34,455.0,4.0,0.374606593415912,0.9271838545667874,32.5,18,425.0,9.74,0.1736481776669303,0.984807753012208,36.0,19,468.0,5.04,-0.4539904997395469,0.8910065241883678,26.3,51,425.0,6.2,0.0523359562429438,0.9986295347545738,13.75,open-meteo,2026-08-08T09:50:27+00:00
2026-07-08 18:00:00+00:00,FR,load,31.7,34,288.0,4.5,0.3420201433256687,0.9396926207859084,31.0,18,245.0,9.34,0.2588190451025207,0.9659258262890684,34.9,21,286.0,5.3,-0.4694715627858908,0.882947592858927,25.9,51,276.0,5.4,0.3090169943749474,0.9510565162951536,12.875,open-meteo,2026-08-08T09:50:27+00:00
2026-07-08 19:00:00+00:00,FR,load,30.9,34,137.0,5.22,0.3907311284892737,0.9205048534524404,28.7,23,87.0,10.2,0.3420201433256687,0.9396926207859084,32.2,27,115.0,5.98,-0.5735764363510465,0.8191520442889916,24.2,55,140.0,5.2,0.4999999999999999,0.8660254037844387,11.0,open-meteo,2026-08-08T10:03:04+00:00
2026-07-08 20:00:00+00:00,FR,load,28.8,40,24.0,7.01,0.4226182617406994,0.90630778703665,26.7,28,5.0,11.53,0.2756373558169991,0.9612616959383188,29.2,32,10.0,6.25,-0.5735764363510465,0.8191520442889916,23.1,60,30.0,4.4,0.6293203910498374,0.7771459614569709,8.950000000000003,open-meteo,2026-08-08T10:03:04+00:00
2026-07-08 21:00:00+00:00,FR,load,27.7,46,0.0,6.88,0.4694715627858908,0.882947592858927,26.0,34,0.0,7.54,0.2756373558169991,0.9612616959383188,27.3,38,0.0,6.05,-0.6427876096865396,0.7660444431189778,21.2,69,0.0,3.7,0.7193398003386511,0.6946583704589973,7.550000000000001,open-meteo,2026-08-08T09:50:27+00:00
2026-07-08 22:00:00+00:00,FR,load,26.6,51,0.0,5.47,0.6946583704589973,0.7193398003386512,23.7,43,0.0,6.12,0.1218693434051474,0.992546151641322,26.1,41,0.0,4.8,-0.6293203910498378,0.7771459614569706,19.7,70,0.0,3.4,0.9205048534524404,0.3907311284892737,6.025000000000002,open-meteo,2026-08-08T10:03:04+00:00
2026-07-08 23:00:00+00:00,FR,load,25.3,55,0.0,6.84,0.4067366430758002,0.9135454576426008,22.6,48,0.0,6.08,0.0523359562429438,0.9986295347545738,25.4,43,0.0,3.67,-0.6946583704589976,0.7193398003386509,19.3,76,0.0,4.2,0.788010753606722,0.6156614753256583,5.150000000000002,open-meteo,2026-08-08T10:03:04+00:00
2026-07-09 00:00:00+00:00,FR,load,24.8,59,0.0,6.46,0.6560590289905073,0.754709580222772,21.5,53,0.0,6.04,0.224951054343865,0.9743700647852352,24.3,47,0.0,3.12,-0.7193398003386512,0.6946583704589973,18.3,81,0.0,3.5,0.9659258262890684,0.2588190451025207,4.224999999999998,open-meteo,2026-08-08T09:50:27+00:00
2026-07-09 01:00:00+00:00,FR,load,23.9,63,0.0,5.98,0.848048096156426,0.5299192642332049,21.4,56,0.0,7.36,0.1736481776669303,0.984807753012208,23.6,48,0.0,2.69,-0.8386705679454243,0.5446390350150266,17.6,79,0.0,3.8,0.9455185755993168,0.3255681544571567,3.625,open-meteo,2026-08-08T10:03:04+00:00
2026-07-09 02:00:00+00:00,FR,load,23.1,67,0.0,5.03,0.838670567945424,0.5446390350150271,20.8,60,0.0,7.11,0.2079116908177593,0.9781476007338056,22.1,53,0.0,2.76,-0.9563047559630354,0.2923717047227367,17.2,85,0.0,3.2,0.981627183447664,0.1908089953765449,2.8000000000000007,open-meteo,2026-08-08T09:50:27+00:00
2026-07-09 03:00:00+00:00,FR,load,22.1,69,0.0,5.03,0.838670567945424,0.5446390350150271,20.4,61,0.0,7.17,0.1736481776669303,0.984807753012208,20.8,64,0.0,4.57,-0.984807753012208,0.1736481776669299,16.3,89,0.0,4.6,0.9205048534524404,0.3907311284892737,1.8999999999999984,open-meteo,2026-08-08T10:03:04+00:00
2026-07-09 04:00:00+00:00,FR,load,21.4,72,0.0,4.24,0.8290375725550417,0.5591929034707468,19.9,63,0.0,7.25,0.224951054343865,0.9743700647852352,20.2,67,0.0,4.4,-0.9781476007338056,0.2079116908177594,16.0,87,0.0,3.8,0.9998476951563912,-0.0174524064372834,1.375,open-meteo,2026-08-08T09:50:27+00:00
2026-07-09 05:00:00+00:00,FR,load,21.4,73,33.0,3.4,0.6946583704589973,0.7193398003386512,19.9,65,31.0,6.44,0.224951054343865,0.9743700647852352,19.9,73,11.0,4.04,-0.9945218953682734,0.1045284632676529,17.6,82,51.0,5.0,0.9781476007338056,-0.2079116908177593,1.6999999999999993,open-meteo,2026-08-08T09:50:27+00:00
2026-07-09 06:00:00+00:00,FR,load,22.7,71,153.0,3.64,0.4067366430758002,0.9135454576426008,22.0,57,155.0,5.81,0.1045284632676534,0.9945218953682732,21.4,81,114.0,3.9,-0.9781476007338056,0.2079116908177594,19.8,71,171.0,4.2,0.9396926207859084,-0.3420201433256687,3.474999999999998,open-meteo,2026-08-08T10:03:04+00:00
2026-07-09 07:00:00+00:00,FR,load,23.8,65,310.0,4.22,0.5150380749100542,0.8571673007021123,23.5,53,323.0,5.31,0.0697564737441253,0.9975640502598242,24.1,75,279.0,3.16,-0.9612616959383188,0.2756373558169994,21.2,65,321.0,2.0,0.9902680687415704,-0.1391731009600653,5.150000000000002,open-meteo,2026-08-08T10:03:04+00:00
2026-07-09 08:00:00+00:00,FR,load,24.8,61,474.0,4.3,0.4999999999999999,0.8660254037844387,25.8,47,500.0,5.83,0.1391731009600654,0.9902680687415704,26.4,69,461.0,2.61,-0.8290375725550416,0.559192903470747,22.8,60,475.0,2.2,0.9986295347545738,-0.0523359562429438,6.949999999999999,open-meteo,2026-08-08T10:03:04+00:00
2026-07-09 09:00:00+00:00,FR,load,26.6,53,628.0,4.29,0.573576436351046,0.8191520442889918,28.0,41,662.0,6.02,0.1218693434051474,0.992546151641322,29.0,61,634.0,2.57,-0.3090169943749477,0.9510565162951536,24.3,57,604.0,2.0,0.9702957262759964,0.2419218955996676,8.974999999999998,open-meteo,2026-08-08T10:03:04+00:00
2026-07-09 10:00:00+00:00,FR,load,28.0,46,754.0,4.32,0.5446390350150271,0.838670567945424,29.6,36,794.0,6.68,0.0697564737441253,0.9975640502598242,31.6,44,778.0,3.11,-0.2249510543438653,0.9743700647852352,25.6,53,730.0,2.7,0.8571673007021123,0.5150380749100542,10.700000000000005,open-meteo,2026-08-08T09:50:27+00:00
2026-07-09 11:00:00+00:00,FR,load,29.5,41,843.0,4.62,0.5299192642332049,0.848048096156426,31.2,28,883.0,6.96,0.0348994967025009,0.9993908270190958,33.8,32,883.0,3.32,-0.3255681544571567,0.9455185755993168,27.1,49,821.0,3.6,0.8571673007021123,0.5150380749100542,12.4,open-meteo,2026-08-08T09:50:27+00:00
2026-07-09 12:00:00+00:00,FR,load,30.5,37,888.0,4.95,0.5591929034707469,0.8290375725550417,31.8,26,929.0,7.32,0.1391731009600654,0.9902680687415704,34.9,26,940.0,3.55,-0.4067366430758001,0.9135454576426008,27.8,48,863.0,4.8,0.6293203910498374,0.7771459614569709,13.249999999999996,open-meteo,2026-08-08T09:50:27+00:00
2026-07-09 13:00:00+00:00,FR,load,31.5,35,880.0,5.03,0.5446390350150271,0.838670567945424,33.0,22,916.0,6.94,0.224951054343865,0.9743700647852352,35.9,22,942.0,3.72,-0.4539904997395469,0.8910065241883678,28.5,44,858.0,4.3,0.5877852522924731,0.8090169943749475,14.225,open-meteo,2026-08-08T10:03:04+00:00
2026-07-09 14:00:00+00:00,FR,load,32.2,33,831.0,5.03,0.5446390350150271,0.838670567945424,33.5,22,851.0,6.85,0.1564344650402308,0.9876883405951378,36.4,19,889.0,3.88,-0.3583679495453007,0.9335804264972016,29.2,40,794.0,4.5,0.4067366430758002,0.9135454576426008,14.824999999999996,open-meteo,2026-08-08T10:03:04+00:00
2026-07-09 15:00:00+00:00,FR,load,32.6,31,739.0,4.8,0.6293203910498374,0.7771459614569709,33.4,23,742.0,6.21,0.1045284632676534,0.9945218953682732,36.4,18,787.0,3.27,-0.1564344650402311,0.9876883405951375,28.9,40,717.0,5.0,0.4694715627858908,0.882947592858927,14.825000000000005,open-meteo,2026-08-08T09:50:27+00:00
2026-07-09 16:00:00+00:00,FR,load,32.7,30,611.0,4.92,0.6946583704589973,0.7193398003386512,33.1,24,594.0,5.45,0.1391731009600654,0.9902680687415704,36.2,19,643.0,3.04,-0.0697564737441256,0.9975640502598242,29.2,43,587.0,4.5,0.4383711467890774,0.898794046299167,14.800000000000004,open-meteo,2026-08-08T09:50:27+00:00
2026-07-09 17:00:00+00:00,FR,load,32.2,32,457.0,5.19,0.8090169943749475,0.5877852522924731,32.6,26,422.0,6.76,-2.4492935982947064e-16,1.0,35.5,22,469.0,2.85,0.0697564737441253,0.9975640502598242,29.2,38,423.0,5.2,0.3255681544571567,0.9455185755993168,14.375,open-meteo,2026-08-08T10:03:04+00:00
2026-07-09 18:00:00+00:00,FR,load,31.4,30,292.0,6.31,0.7431448254773942,0.6691306063588582,31.0,29,246.0,6.86,-0.0174524064372835,0.9998476951563912,34.5,25,284.0,2.25,-2.4492935982947064e-16,1.0,27.5,45,288.0,6.0,0.4999999999999999,0.8660254037844387,13.1,open-meteo,2026-08-08T10:03:04+00:00
2026-07-09 19:00:00+00:00,FR,load,30.6,27,139.0,6.75,0.766044443118978,0.6427876096865394,28.7,32,89.0,5.78,-0.0174524064372835,0.9998476951563912,31.8,37,113.0,1.67,-0.3583679495453007,0.9335804264972016,26.8,48,140.0,6.0,0.6946583704589973,0.7193398003386512,11.474999999999998,open-meteo,2026-08-08T10:03:04+00:00
2026-07-09 20:00:00+00:00,FR,load,28.4,35,24.0,7.07,0.7193398003386511,0.6946583704589973,26.2,39,5.0,5.01,0.0697564737441253,0.9975640502598242,29.3,37,10.0,1.59,-0.7313537016191703,0.6819983600624987,25.2,52,27.0,5.9,0.6819983600624985,0.7313537016191705,9.275,open-meteo,2026-08-08T09:50:27+00:00
2026-07-09 21:00:00+00:00,FR,load,27.0,41,0.0,7.92,0.6560590289905073,0.754709580222772,24.9,43,0.0,4.86,0.1564344650402308,0.9876883405951378,28.1,37,0.0,0.78,-1.0,-1.8369701987210287e-16,22.6,60,0.0,4.2,0.9271838545667874,0.3746065934159119,7.649999999999999,open-meteo,2026-08-08T09:50:27+00:00
2026-07-09 22:00:00+00:00,FR,load,26.0,47,0.0,7.49,0.6819983600624985,0.7313537016191705,24.1,43,0.0,3.92,-0.0523359562429443,0.9986295347545738,26.2,40,0.0,0.92,-0.848048096156426,-0.529919264233205,22.5,60,0.0,6.0,0.9563047559630354,0.2923717047227367,6.699999999999999,open-meteo,2026-08-08T10:03:04+00:00
2026-07-09 23:00:00+00:00,FR,load,25.0,49,0.0,7.21,0.6819983600624985,0.7313537016191705,23.6,44,0.0,3.98,-0.1736481776669304,0.984807753012208,24.6,44,0.0,1.77,-0.5591929034707467,-0.8290375725550418,21.0,71,0.0,5.3,0.9743700647852352,0.2249510543438649,5.550000000000001,open-meteo,2026-08-08T10:03:04+00:00
2026-07-10 00:00:00+00:00,FR,load,24.1,55,0.0,7.3,0.6427876096865393,0.766044443118978,21.8,49,0.0,4.61,0.0697564737441253,0.9975640502598242,23.6,48,0.0,1.85,-0.5299192642332048,-0.8480480961564261,19.5,77,0.0,6.1,0.9743700647852352,0.2249510543438649,4.25,open-meteo,2026-08-08T09:50:27+00:00
2026-07-10 01:00:00+00:00,FR,load,23.2,58,0.0,6.41,0.5591929034707469,0.8290375725550417,20.8,53,0.0,3.73,0.2419218955996677,0.9702957262759964,22.1,55,0.0,1.58,0.1218693434051475,-0.992546151641322,19.8,68,0.0,7.0,0.9902680687415704,0.1391731009600654,3.474999999999998,open-meteo,2026-08-08T10:03:04+00:00
2026-07-10 02:00:00+00:00,FR,load,22.5,61,0.0,6.77,0.5150380749100542,0.8571673007021123,20.3,54,0.0,2.85,0.2756373558169991,0.9612616959383188,21.3,55,0.0,2.42,0.529919264233205,-0.848048096156426,20.0,71,0.0,7.2,0.9993908270190958,0.034899496702501,3.0249999999999986,open-meteo,2026-08-08T10:03:04+00:00
2026-07-10 03:00:00+00:00,FR,load,21.7,61,0.0,6.01,0.5591929034707469,0.8290375725550417,19.3,58,0.0,2.88,0.3090169943749474,0.9510565162951536,20.1,62,0.0,1.84,0.4226182617406995,-0.90630778703665,18.4,73,0.0,6.5,0.9510565162951536,0.3090169943749474,1.875,open-meteo,2026-08-08T09:50:27+00:00
2026-07-10 04:00:00+00:00,FR,load,21.1,63,0.0,5.06,0.7193398003386511,0.6946583704589973,19.6,57,0.0,2.14,0.2756373558169991,0.9612616959383188,19.6,61,0.0,1.12,-0.7880107536067221,-0.6156614753256581,18.6,71,0.0,6.9,0.9743700647852352,0.2249510543438649,1.7250000000000014,open-meteo,2026-08-08T10:03:04+00:00
2026-07-10 05:00:00+00:00,FR,load,21.3,63,30.0,4.7,0.8090169943749475,0.5877852522924731,20.0,58,31.0,2.26,0.3090169943749474,0.9510565162951536,19.7,62,10.0,1.81,-0.9743700647852352,0.2249510543438649,18.8,77,38.0,5.5,0.9612616959383188,0.2756373558169991,1.9499999999999995,open-meteo,2026-08-08T10:03:04+00:00
2026-07-10 06:00:00+00:00,FR,load,22.5,60,133.0,4.34,0.8829475928589269,0.4694715627858908,22.1,57,154.0,1.84,0.4226182617406994,0.90630778703665,21.2,73,103.0,1.81,-0.9743700647852352,0.2249510543438649,19.8,69,122.0,4.8,0.9455185755993168,0.3255681544571567,3.3999999999999986,open-meteo,2026-08-08T09:50:27+00:00
2026-07-10 07:00:00+00:00,FR,load,23.8,54,283.0,3.55,0.9135454576426008,0.4067366430758002,24.6,51,321.0,1.1,0.1736481776669303,0.984807753012208,23.2,75,264.0,1.53,-0.8910065241883678,-0.4539904997395469,21.2,60,233.0,5.0,0.9455185755993168,0.3255681544571567,5.200000000000003,open-meteo,2026-08-08T10:03:04+00:00
2026-07-10 08:00:00+00:00,FR,load,25.5,48,450.0,3.64,0.8910065241883679,0.4539904997395468,26.8,43,495.0,1.69,-0.1736481776669304,0.984807753012208,25.5,69,448.0,1.45,-0.882947592858927,-0.4694715627858907,23.2,53,374.0,4.9,0.9455185755993168,0.3255681544571567,7.25,open-meteo,2026-08-08T09:50:27+00:00
2026-07-10 09:00:00+00:00,FR,load,27.8,41,615.0,4.16,0.8290375725550417,0.5591929034707468,29.4,34,656.0,0.49,-0.6018150231520484,-0.7986355100472928,29.2,42,619.0,3.2,0.4539904997395468,-0.8910065241883678,24.3,50,567.0,5.4,0.8829475928589269,0.4694715627858908,9.675,open-meteo,2026-08-08T10:03:04+00:00
2026-07-10 10:00:00+00:00,FR,load,29.7,36,746.0,4.45,0.766044443118978,0.6427876096865394,32.1,29,786.0,2.9,-0.2079116908177595,-0.9781476007338056,31.7,36,661.0,4.37,0.7431448254773942,-0.6691306063588582,25.4,45,668.0,6.3,0.8910065241883679,0.4539904997395468,11.725,open-meteo,2026-08-08T10:03:04+00:00
2026-07-10 11:00:00+00:00,FR,load,31.4,33,836.0,5.37,0.788010753606722,0.6156614753256583,33.5,24,866.0,5.13,-0.2249510543438649,-0.9743700647852352,32.6,34,672.0,4.73,0.5591929034707469,-0.8290375725550416,27.1,40,561.0,5.9,0.9205048534524404,0.3907311284892737,13.15,open-meteo,2026-08-08T09:50:27+00:00
2026-07-10 12:00:00+00:00,FR,load,32.6,31,877.0,6.01,0.9135454576426008,0.4067366430758002,33.9,27,853.0,5.45,-0.3090169943749473,-0.9510565162951536,34.1,30,693.0,5.59,0.788010753606722,-0.6156614753256583,27.9,39,691.0,5.8,0.90630778703665,0.4226182617406994,14.125,open-meteo,2026-08-08T10:03:04+00:00
2026-07-10 13:00:00+00:00,FR,load,33.2,29,831.0,6.37,0.8571673007021123,0.5150380749100542,34.8,21,824.0,5.93,-0.374606593415912,-0.9271838545667874,35.3,28,848.0,5.26,0.8910065241883679,-0.4539904997395467,27.7,41,598.0,6.2,0.9135454576426008,0.4067366430758002,14.75,open-meteo,2026-08-08T10:03:04+00:00
2026-07-10 14:00:00+00:00,FR,load,33.8,25,805.0,6.18,0.8910065241883679,0.4539904997395468,35.1,22,682.0,4.47,-0.2588190451025208,-0.9659258262890684,36.0,25,780.0,5.97,0.8660254037844387,-0.4999999999999998,28.3,37,471.0,6.6,0.9510565162951536,0.3090169943749474,15.300000000000004,open-meteo,2026-08-08T10:03:04+00:00
2026-07-10 15:00:00+00:00,FR,load,34.3,24,717.0,5.88,0.9135454576426008,0.4067366430758002,35.6,20,661.0,4.04,-0.3907311284892735,-0.9205048534524404,34.1,28,703.0,8.09,0.788010753606722,-0.6156614753256583,29.0,35,343.0,7.4,0.9612616959383188,0.2756373558169991,15.25,open-meteo,2026-08-08T10:03:04+00:00
2026-07-10 16:00:00+00:00,FR,load,34.3,25,600.0,5.88,0.9135454576426008,0.4067366430758002,35.4,19,570.0,5.09,-0.3907311284892735,-0.9205048534524404,33.1,31,454.0,8.87,0.6819983600624986,-0.7313537016191705,28.5,37,397.0,6.6,0.9271838545667874,0.3746065934159119,14.824999999999996,open-meteo,2026-08-08T10:03:04+00:00
2026-07-10 17:00:00+00:00,FR,load,34.0,25,455.0,6.45,0.9563047559630354,0.2923717047227367,34.8,21,376.0,4.84,-0.3583679495453004,-0.9335804264972016,31.8,34,299.0,7.42,0.7431448254773942,-0.6691306063588582,28.7,35,176.0,6.5,0.9743700647852352,0.2249510543438649,14.324999999999996,open-meteo,2026-08-08T10:03:04+00:00
2026-07-10 18:00:00+00:00,FR,load,33.3,23,294.0,6.1,0.8660254037844386,0.5000000000000001,31.4,35,196.0,7.6,-0.9271838545667872,-0.3746065934159123,29.6,38,185.0,7.85,0.5446390350150273,-0.8386705679454239,28.5,39,170.0,6.8,0.8746197071393957,0.4848096202463371,12.699999999999996,open-meteo,2026-08-08T10:03:04+00:00
2026-07-10 19:00:00+00:00,FR,load,32.6,21,139.0,6.38,0.9510565162951536,0.3090169943749474,28.6,39,68.0,4.73,-0.5591929034707467,-0.8290375725550418,27.5,43,107.0,10.32,0.6946583704589971,-0.7193398003386513,27.0,42,110.0,7.6,0.8987940462991669,0.4383711467890774,10.925,open-meteo,2026-08-08T10:03:04+00:00
2026-07-10 20:00:00+00:00,FR,load,29.5,30,23.0,7.28,0.838670567945424,0.5446390350150271,26.8,46,4.0,7.65,-0.1736481776669304,-0.984807753012208,26.1,48,9.0,9.46,0.8090169943749475,-0.587785252292473,26.8,40,21.0,6.9,0.8660254037844386,0.5000000000000001,9.3,open-meteo,2026-08-08T10:03:04+00:00
2026-07-10 21:00:00+00:00,FR,load,28.5,42,0.0,8.94,0.6946583704589973,0.7193398003386512,26.5,39,0.0,12.44,-0.1218693434051473,-0.992546151641322,24.7,52,0.0,6.23,0.7986355100472927,-0.6018150231520484,24.0,62,0.0,6.9,0.5150380749100542,0.8571673007021123,7.925000000000001,open-meteo,2026-08-08T10:03:04+00:00
2026-07-10 22:00:00+00:00,FR,load,27.1,42,0.0,8.96,0.6560590289905073,0.754709580222772,25.6,45,0.0,10.32,-0.1564344650402307,-0.9876883405951378,23.9,55,0.0,4.69,0.981627183447664,-0.1908089953765448,22.5,65,0.0,6.4,0.6691306063588582,0.7431448254773942,6.774999999999999,open-meteo,2026-08-08T10:03:04+00:00
2026-07-10 23:00:00+00:00,FR,load,25.8,44,0.0,7.9,0.6946583704589973,0.7193398003386512,24.8,48,0.0,6.66,0.8987940462991669,-0.4383711467890775,23.2,60,0.0,6.68,0.9975640502598242,-0.0697564737441253,21.8,74,0.0,7.8,0.7071067811865475,0.7071067811865476,5.899999999999999,open-meteo,2026-08-08T10:03:04+00:00
2026-07-11 00:00:00+00:00,FR,load,25.0,47,0.0,7.44,0.6427876096865393,0.766044443118978,24.7,47,0.0,3.16,0.2756373558169992,-0.9612616959383188,22.5,63,0.0,5.21,0.9781476007338056,-0.2079116908177593,22.0,77,0.0,7.0,0.8090169943749475,0.5877852522924731,5.550000000000001,open-meteo,2026-08-08T10:03:04+00:00
2026-07-11 01:00:00+00:00,FR,load,24.2,48,0.0,7.65,0.6427876096865393,0.766044443118978,23.1,58,0.0,2.51,0.7771459614569709,0.6293203910498374,21.9,67,0.0,7.32,0.90630778703665,-0.4226182617406993,20.4,81,0.0,8.0,0.7986355100472928,0.6018150231520483,4.399999999999999,open-meteo,2026-08-08T10:03:04+00:00
2026-07-11 02:00:00+00:00,FR,load,23.3,49,0.0,7.62,0.7193398003386511,0.6946583704589973,23.2,54,0.0,0.49,-1.0,-1.8369701987210287e-16,21.7,71,0.0,7.81,0.9135454576426008,-0.4067366430758002,20.8,77,0.0,7.6,0.8571673007021123,0.5150380749100542,4.25,open-meteo,2026-08-08T09:50:27+00:00
2026-07-11 03:00:00+00:00,FR,load,22.7,50,0.0,7.05,0.788010753606722,0.6156614753256583,21.0,65,0.0,1.43,0.2756373558169991,0.9612616959383188,21.6,70,0.0,8.25,0.9743700647852352,-0.224951054343865,20.4,79,0.0,7.4,0.8290375725550417,0.5591929034707468,3.4250000000000043,open-meteo,2026-08-08T09:50:27+00:00
2026-07-11 04:00:00+00:00,FR,load,21.8,53,0.0,6.2,0.7771459614569709,0.6293203910498374,20.4,73,0.0,0.88,1.0,6.123233995736766e-17,21.6,68,0.0,5.92,0.9612616959383188,-0.275637355816999,18.7,88,0.0,7.8,0.838670567945424,0.5446390350150271,2.625,open-meteo,2026-08-08T09:50:27+00:00
2026-07-11 05:00:00+00:00,FR,load,21.8,53,31.0,6.1,0.7431448254773942,0.6691306063588582,20.8,69,26.0,3.34,0.766044443118978,0.6427876096865394,21.1,76,7.0,3.51,0.8660254037844387,-0.4999999999999998,19.6,82,45.0,6.6,0.8987940462991669,0.4383711467890774,2.825000000000003,open-meteo,2026-08-08T09:50:27+00:00
2026-07-11 06:00:00+00:00,FR,load,23.0,51,150.0,5.08,0.8290375725550417,0.5591929034707468,23.3,55,135.0,3.26,0.992546151641322,0.1218693434051474,22.2,74,83.0,4.59,0.5591929034707469,-0.8290375725550416,20.7,74,162.0,6.4,0.8746197071393957,0.4848096202463371,4.300000000000001,open-meteo,2026-08-08T09:50:27+00:00
2026-07-11 07:00:00+00:00,FR,load,24.3,50,309.0,3.63,0.788010753606722,0.6156614753256583,25.5,50,299.0,1.18,-0.7431448254773944,-0.6691306063588581,23.7,69,262.0,4.52,0.4067366430758004,-0.9135454576426008,22.3,69,330.0,5.9,0.8660254037844386,0.5000000000000001,5.949999999999999,open-meteo,2026-08-08T09:50:27+00:00
2026-07-11 08:00:00+00:00,FR,load,26.0,46,475.0,4.45,0.766044443118978,0.6427876096865394,27.0,47,437.0,2.02,-0.9205048534524404,-0.3907311284892738,25.8,61,442.0,2.91,0.6691306063588585,-0.743144825477394,24.4,58,486.0,6.0,0.8571673007021123,0.5150380749100542,7.799999999999997,open-meteo,2026-08-08T09:50:27+00:00
2026-07-11 09:00:00+00:00,FR,load,28.7,39,629.0,5.13,0.7313537016191705,0.6819983600624985,29.2,39,585.0,1.06,-0.8290375725550416,0.559192903470747,28.9,46,613.0,6.01,0.8829475928589269,-0.4694715627858909,25.4,53,635.0,7.2,0.8829475928589269,0.4694715627858908,10.049999999999995,open-meteo,2026-08-08T09:50:27+00:00
2026-07-11 10:00:00+00:00,FR,load,30.8,34,757.0,5.21,0.754709580222772,0.6560590289905073,30.2,39,691.0,3.15,0.0871557427476581,0.9961946980917455,31.4,34,765.0,9.25,0.8987940462991669,-0.4383711467890775,27.0,47,755.0,7.1,0.838670567945424,0.5446390350150271,11.85,open-meteo,2026-08-08T09:50:27+00:00
2026-07-11 11:00:00+00:00,FR,load,32.5,31,847.0,5.16,0.838670567945424,0.5446390350150271,29.9,42,671.0,6.27,0.2419218955996677,0.9702957262759964,32.8,28,871.0,10.43,0.8910065241883679,-0.4539904997395467,28.3,37,839.0,6.4,0.8987940462991669,0.4383711467890774,12.874999999999996,open-meteo,2026-08-08T09:50:27+00:00
2026-07-11 12:00:00+00:00,FR,load,33.7,23,893.0,5.61,0.8910065241883679,0.4539904997395468,32.2,32,761.0,6.31,0.1045284632676534,0.9945218953682732,34.0,25,924.0,10.21,0.8910065241883679,-0.4539904997395467,28.9,35,831.0,6.1,0.8910065241883679,0.4539904997395468,14.200000000000005,open-meteo,2026-08-08T09:50:27+00:00
2026-07-11 13:00:00+00:00,FR,load,34.4,22,893.0,5.3,0.8290375725550417,0.5591929034707468,33.4,25,885.0,5.49,-2.4492935982947064e-16,1.0,34.4,25,925.0,10.96,0.8746197071393959,-0.484809620246337,30.0,35,697.0,5.4,0.8660254037844386,0.5000000000000001,15.049999999999995,open-meteo,2026-08-08T10:03:04+00:00
2026-07-11 14:00:00+00:00,FR,load,35.0,20,824.0,5.28,0.9271838545667874,0.3746065934159119,33.6,26,836.0,5.69,-0.0348994967025008,0.9993908270190958,34.6,24,873.0,11.14,0.8480480961564261,-0.5299192642332048,30.4,33,822.0,5.9,0.6018150231520483,0.7986355100472928,15.4,open-meteo,2026-08-08T10:03:04+00:00
2026-07-11 15:00:00+00:00,FR,load,35.0,20,690.0,4.37,0.7431448254773942,0.6691306063588582,34.1,22,716.0,3.92,0.0523359562429438,0.9986295347545738,34.5,24,772.0,10.35,0.838670567945424,-0.5446390350150272,30.9,32,672.0,5.4,0.6691306063588582,0.7431448254773942,15.625,open-meteo,2026-08-08T10:03:04+00:00
2026-07-11 16:00:00+00:00,FR,load,34.7,23,617.0,6.51,0.3090169943749474,0.9510565162951536,33.9,22,584.0,4.63,-0.1045284632676534,0.9945218953682732,33.9,25,631.0,10.06,0.8191520442889917,-0.5735764363510462,30.5,37,557.0,6.0,0.2588190451025207,0.9659258262890684,15.25,open-meteo,2026-08-08T10:03:04+00:00
2026-07-11 17:00:00+00:00,FR,load,34.2,19,443.0,5.65,0.6293203910498374,0.7771459614569709,33.1,22,387.0,3.47,-0.2756373558169989,0.9612616959383188,32.8,27,461.0,10.27,0.838670567945424,-0.5446390350150272,27.3,52,447.0,9.9,0.2923717047227367,0.9563047559630354,13.85,open-meteo,2026-08-08T10:03:04+00:00
2026-07-11 18:00:00+00:00,FR,load,33.6,21,288.0,6.1,0.7071067811865475,0.7071067811865476,31.6,27,159.0,5.69,0.0523359562429438,0.9986295347545738,31.2,31,277.0,9.68,0.8480480961564261,-0.5299192642332048,26.2,57,289.0,10.1,0.3090169943749474,0.9510565162951536,12.650000000000002,open-meteo,2026-08-08T10:03:04+00:00
2026-07-11 19:00:00+00:00,FR,load,32.2,23,140.0,8.79,0.5150380749100542,0.8571673007021123,29.8,28,70.0,5.27,-0.7431448254773946,0.6691306063588578,28.9,36,108.0,8.77,0.9396926207859084,-0.3420201433256687,25.0,61,142.0,8.6,0.2923717047227367,0.9563047559630354,10.975,open-meteo,2026-08-08T10:03:04+00:00
2026-07-11 20:00:00+00:00,FR,load,29.9,28,23.0,9.52,0.6018150231520483,0.7986355100472928,27.4,36,4.0,2.33,-0.9659258262890684,-0.2588190451025206,26.3,43,9.0,9.16,0.90630778703665,-0.4226182617406993,22.6,70,30.0,7.0,0.1736481776669303,0.984807753012208,8.549999999999997,open-meteo,2026-08-08T10:03:04+00:00
2026-07-11 21:00:00+00:00,FR,load,28.5,31,0.0,9.03,0.6560590289905073,0.754709580222772,24.8,48,0.0,6.71,-0.1218693434051473,-0.992546151641322,25.0,55,0.0,11.24,0.8660254037844387,-0.4999999999999998,21.4,77,0.0,6.7,0.374606593415912,0.9271838545667874,6.924999999999997,open-meteo,2026-08-08T10:03:04+00:00
2026-07-11 22:00:00+00:00,FR,load,27.1,34,0.0,8.92,0.5150380749100542,0.8571673007021123,24.1,54,0.0,9.25,-0.2588190451025208,-0.9659258262890684,24.3,62,0.0,11.57,0.8829475928589269,-0.4694715627858909,20.5,82,0.0,8.1,0.4226182617406994,0.90630778703665,6.0,open-meteo,2026-08-08T10:03:04+00:00
2026-07-11 23:00:00+00:00,FR,load,25.8,39,0.0,9.47,0.4067366430758002,0.9135454576426008,23.6,56,0.0,6.2,-0.0871557427476579,-0.9961946980917455,23.8,65,0.0,11.71,0.8480480961564261,-0.5299192642332048,19.8,85,0.0,8.9,0.573576436351046,0.8191520442889918,5.25,open-meteo,2026-08-08T10:03:04+00:00
2026-07-12 00:00:00+00:00,FR,load,24.9,45,0.0,8.74,0.3907311284892737,0.9205048534524404,22.7,59,0.0,6.28,-0.0697564737441252,-0.9975640502598242,23.4,65,0.0,12.45,0.8480480961564261,-0.5299192642332048,19.8,87,0.0,9.1,0.5877852522924731,0.8090169943749475,4.699999999999999,open-meteo,2026-08-08T10:03:04+00:00
2026-07-12 01:00:00+00:00,FR,load,23.7,53,0.0,9.14,0.5150380749100542,0.8571673007021123,21.6,62,0.0,5.6,-0.0697564737441252,-0.9975640502598242,22.9,67,0.0,12.29,0.8480480961564261,-0.5299192642332048,19.8,89,0.0,8.7,0.7071067811865475,0.7071067811865476,3.999999999999997,open-meteo,2026-08-08T10:03:04+00:00
2026-07-12 02:00:00+00:00,FR,load,22.7,60,0.0,8.78,0.5446390350150271,0.838670567945424,21.5,61,0.0,6.89,0.1045284632676537,-0.9945218953682732,22.6,68,0.0,11.96,0.8191520442889917,-0.5735764363510462,19.1,91,0.0,8.4,0.6946583704589973,0.7193398003386512,3.4750000000000014,open-meteo,2026-08-08T09:50:27+00:00
2026-07-12 03:00:00+00:00,FR,load,22.2,65,0.0,8.21,0.5877852522924731,0.8090169943749475,19.8,68,0.0,3.33,-0.0348994967025009,-0.9993908270190958,22.6,66,0.0,11.54,0.8660254037844387,-0.4999999999999998,18.8,95,0.0,8.3,0.7071067811865475,0.7071067811865476,2.849999999999998,open-meteo,2026-08-08T09:50:27+00:00
2026-07-12 04:00:00+00:00,FR,load,21.8,67,0.0,6.79,0.7071067811865475,0.7071067811865476,19.4,71,0.0,1.88,0.1564344650402309,-0.9876883405951375,22.0,70,0.0,10.3,0.8829475928589269,-0.4694715627858909,18.5,95,0.0,7.9,0.754709580222772,0.6560590289905073,2.4250000000000007,open-meteo,2026-08-08T10:03:04+00:00
2026-07-12 05:00:00+00:00,FR,load,22.0,62,28.0,6.49,0.8290375725550417,0.5591929034707468,20.1,72,27.0,1.67,0.4694715627858907,-0.882947592858927,21.8,73,9.0,10.64,0.8571673007021123,-0.5150380749100543,18.5,90,48.0,7.4,0.8090169943749475,0.5877852522924731,2.6000000000000014,open-meteo,2026-08-08T09:50:27+00:00
2026-07-12 06:00:00+00:00,FR,load,23.1,60,133.0,6.44,0.838670567945424,0.5446390350150271,22.3,70,136.0,0.44,-0.4539904997395467,-0.8910065241883679,22.6,70,106.0,10.13,0.8660254037844387,-0.4999999999999998,20.3,79,172.0,5.9,0.8290375725550417,0.5591929034707468,4.074999999999999,open-meteo,2026-08-08T10:03:04+00:00
2026-07-12 07:00:00+00:00,FR,load,24.3,56,301.0,5.2,0.7313537016191705,0.6819983600624985,24.4,61,311.0,0.96,-0.9135454576426012,0.4067366430757997,24.4,63,268.0,9.34,0.8829475928589269,-0.4694715627858909,22.6,67,323.0,6.1,0.8746197071393957,0.4848096202463371,5.924999999999997,open-meteo,2026-08-08T10:03:04+00:00
2026-07-12 08:00:00+00:00,FR,load,26.0,49,450.0,5.63,0.766044443118978,0.6427876096865394,26.9,51,487.0,1.58,-0.5000000000000004,0.8660254037844384,26.9,49,449.0,10.48,0.8829475928589269,-0.4694715627858909,24.8,50,481.0,6.2,0.8829475928589269,0.4694715627858908,8.149999999999999,open-meteo,2026-08-08T10:03:04+00:00
2026-07-12 09:00:00+00:00,FR,load,28.6,40,628.0,5.68,0.7193398003386511,0.6946583704589973,28.5,43,649.0,2.1,-0.4694715627858908,0.882947592858927,29.6,35,621.0,11.31,0.8987940462991669,-0.4383711467890775,27.1,43,629.0,5.8,0.8660254037844386,0.5000000000000001,10.450000000000005,open-meteo,2026-08-08T09:50:27+00:00
2026-07-12 10:00:00+00:00,FR,load,30.9,33,747.0,6.21,0.788010753606722,0.6156614753256583,30.9,36,784.0,2.45,-0.0348994967025008,0.9993908270190958,31.3,33,757.0,11.61,0.8910065241883679,-0.4539904997395467,28.4,39,752.0,5.2,0.8290375725550417,0.5591929034707468,12.375,open-meteo,2026-08-08T10:03:04+00:00
2026-07-12 11:00:00+00:00,FR,load,32.5,29,846.0,7.36,0.8910065241883679,0.4539904997395468,32.5,35,875.0,2.84,-0.0348994967025008,0.9993908270190958,32.8,31,848.0,11.62,0.9135454576426008,-0.4067366430758002,29.4,33,835.0,5.4,0.8987940462991669,0.4383711467890774,13.799999999999995,open-meteo,2026-08-08T10:03:04+00:00
2026-07-12 12:00:00+00:00,FR,load,33.0,29,901.0,7.41,0.8746197071393957,0.4848096202463371,34.2,29,914.0,2.94,0.0348994967025009,0.9993908270190958,33.8,32,891.0,12.27,0.8829475928589269,-0.4694715627858909,30.5,29,882.0,7.5,0.9510565162951536,0.3090169943749474,14.875,open-meteo,2026-08-08T09:50:27+00:00
2026-07-12 13:00:00+00:00,FR,load,34.0,25,891.0,7.14,0.8910065241883679,0.4539904997395468,35.2,24,905.0,2.83,0.2419218955996677,0.9702957262759964,34.6,28,914.0,13.1,0.8910065241883679,-0.4539904997395467,30.8,31,871.0,7.4,0.90630778703665,0.4226182617406994,15.650000000000006,open-meteo,2026-08-08T10:03:04+00:00
2026-07-12 14:00:00+00:00,FR,load,34.9,22,833.0,6.77,0.9271838545667874,0.3746065934159119,35.9,20,841.0,2.83,0.2419218955996677,0.9702957262759964,34.7,26,858.0,14.15,0.8829475928589269,-0.4694715627858909,31.2,28,817.0,6.9,0.90630778703665,0.4226182617406994,16.174999999999997,open-meteo,2026-08-08T09:50:27+00:00
2026-07-12 15:00:00+00:00,FR,load,34.6,22,735.0,7.31,0.8191520442889918,0.573576436351046,35.6,20,731.0,2.22,0.6560590289905073,0.754709580222772,33.2,30,730.0,15.12,0.8829475928589269,-0.4694715627858909,31.1,29,724.0,7.4,0.8746197071393957,0.4848096202463371,15.625,open-meteo,2026-08-08T09:50:27+00:00
2026-07-12 16:00:00+00:00,FR,load,34.6,20,618.0,7.8,0.8191520442889918,0.573576436351046,35.3,20,586.0,2.34,0.5446390350150271,0.838670567945424,32.1,31,616.0,16.04,0.8829475928589269,-0.4694715627858909,30.8,33,595.0,7.6,0.90630778703665,0.4226182617406994,15.200000000000005,open-meteo,2026-08-08T10:03:04+00:00
2026-07-12 17:00:00+00:00,FR,load,34.1,20,464.0,8.59,0.8191520442889918,0.573576436351046,34.6,20,418.0,2.59,0.8746197071393957,0.4848096202463371,30.6,33,438.0,15.93,0.8660254037844387,-0.4999999999999998,30.7,33,442.0,7.2,0.8191520442889918,0.573576436351046,14.5,open-meteo,2026-08-08T10:03:04+00:00
2026-07-12 18:00:00+00:00,FR,load,33.3,19,297.0,8.59,0.8191520442889918,0.573576436351046,33.3,26,242.0,1.28,0.9975640502598242,-0.0697564737441253,28.4,39,223.0,16.07,0.8660254037844387,-0.4999999999999998,27.7,43,285.0,11.5,0.4226182617406994,0.90630778703665,12.675,open-meteo,2026-08-08T09:50:27+00:00
2026-07-12 19:00:00+00:00,FR,load,32.1,21,139.0,8.68,0.9396926207859084,0.3420201433256688,30.4,36,82.0,1.71,0.9135454576426008,-0.4067366430758002,27.2,45,67.0,16.52,0.8290375725550417,-0.5591929034707467,26.0,46,139.0,11.6,0.4539904997395468,0.8910065241883679,10.925,open-meteo,2026-08-08T09:50:27+00:00
2026-07-12 20:00:00+00:00,FR,load,30.7,23,23.0,10.03,0.8987940462991669,0.4383711467890774,27.5,29,4.0,2.9,0.2079116908177593,-0.9781476007338056,26.4,48,6.0,17.54,0.788010753606722,-0.6156614753256583,24.2,51,29.0,11.1,0.484809620246337,0.8746197071393957,9.2,open-meteo,2026-08-08T10:03:04+00:00
2026-07-12 21:00:00+00:00,FR,load,29.2,29,0.0,8.84,0.8571673007021123,0.5150380749100542,26.5,48,0.0,12.07,-0.0523359562429435,-0.9986295347545738,25.8,52,0.0,16.99,0.777145961456971,-0.6293203910498373,22.6,55,0.0,11.0,0.5446390350150271,0.838670567945424,8.024999999999999,open-meteo,2026-08-08T10:03:04+00:00
2026-07-12 22:00:00+00:00,FR,load,27.3,36,0.0,8.32,0.8290375725550417,0.5591929034707468,25.3,50,0.0,12.14,-0.1218693434051473,-0.992546151641322,25.1,57,0.0,16.55,0.766044443118978,-0.6427876096865394,21.4,60,0.0,9.6,0.6156614753256583,0.7880107536067219,6.774999999999999,open-meteo,2026-08-08T10:03:04+00:00
2026-07-12 23:00:00+00:00,FR,load,26.0,45,0.0,8.46,0.7313537016191705,0.6819983600624985,24.3,55,0.0,11.46,-0.1218693434051473,-0.992546151641322,24.8,57,0.0,16.52,0.7431448254773942,-0.6691306063588582,20.7,60,0.0,10.5,0.6156614753256583,0.7880107536067219,5.949999999999999,open-meteo,2026-08-08T09:50:27+00:00
2026-07-13 00:00:00+00:00,FR,load,25.6,46,0.0,8.45,0.7071067811865475,0.7071067811865476,23.5,60,0.0,11.36,-0.1218693434051473,-0.992546151641322,24.6,59,0.0,15.73,0.6293203910498374,-0.7771459614569709,19.9,59,0.0,8.8,0.6691306063588582,0.7431448254773942,5.399999999999999,open-meteo,2026-08-08T09:50:27+00:00
2026-07-13 01:00:00+00:00,FR,load,24.8,48,0.0,8.97,0.766044443118978,0.6427876096865394,23.0,61,0.0,11.46,-0.1218693434051473,-0.992546151641322,23.2,74,0.0,10.6,0.3090169943749475,-0.9510565162951536,19.2,58,0.0,8.9,0.6691306063588582,0.7431448254773942,4.550000000000001,open-meteo,2026-08-08T09:50:27+00:00
2026-07-13 02:00:00+00:00,FR,load,23.8,52,0.0,8.73,0.7313537016191705,0.6819983600624985,23.0,60,0.0,10.59,-0.1391731009600655,-0.9902680687415704,22.1,84,0.0,8.09,0.1218693434051475,-0.992546151641322,18.3,65,0.0,8.7,0.6819983600624985,0.7313537016191705,3.8000000000000007,open-meteo,2026-08-08T10:03:04+00:00
2026-07-13 03:00:00+00:00,FR,load,23.2,53,0.0,9.08,0.6819983600624985,0.7313537016191705,23.0,54,0.0,7.74,-0.0174524064372836,-0.9998476951563912,21.8,88,0.0,7.81,0.3420201433256689,-0.9396926207859084,17.6,70,0.0,9.1,0.6691306063588582,0.7431448254773942,3.3999999999999986,open-meteo,2026-08-08T09:50:27+00:00
2026-07-13 04:00:00+00:00,FR,load,22.4,59,0.0,8.88,0.6691306063588582,0.7431448254773942,23.0,53,0.0,7.85,0.0697564737441255,-0.9975640502598242,21.2,93,0.0,6.35,0.2923717047227366,-0.9563047559630355,16.8,76,0.0,9.7,0.6819983600624985,0.7313537016191705,2.849999999999998,open-meteo,2026-08-08T10:03:04+00:00
2026-07-13 05:00:00+00:00,FR,load,22.2,59,24.0,9.56,0.7071067811865475,0.7071067811865476,23.0,55,15.0,7.27,0.0871557427476582,-0.9961946980917455,21.4,92,6.0,3.43,0.0348994967025011,-0.9993908270190958,16.8,79,46.0,7.0,0.7193398003386511,0.6946583704589973,2.849999999999998,open-meteo,2026-08-08T09:50:27+00:00
2026-07-13 06:00:00+00:00,FR,load,22.7,57,117.0,8.23,0.788010753606722,0.6156614753256583,23.7,51,96.0,8.24,0.0523359562429438,-0.9986295347545738,22.0,86,49.0,2.42,-0.9335804264972016,-0.3583679495453007,17.6,72,166.0,7.7,0.6946583704589973,0.7193398003386512,3.5,open-meteo,2026-08-08T10:03:04+00:00
2026-07-13 07:00:00+00:00,FR,load,23.7,52,287.0,8.02,0.838670567945424,0.5446390350150271,24.4,51,165.0,8.63,0.0523359562429438,-0.9986295347545738,22.9,81,146.0,2.35,-0.9993908270190958,0.0348994967025012,19.2,69,254.0,7.2,0.7313537016191705,0.6819983600624985,4.550000000000001,open-meteo,2026-08-08T09:50:27+00:00
2026-07-13 08:00:00+00:00,FR,load,25.6,45,465.0,7.76,0.8829475928589269,0.4694715627858908,26.7,46,385.0,8.99,-0.1391731009600655,-0.9902680687415704,23.7,77,197.0,1.62,-0.9063077870366498,0.4226182617406996,21.0,62,372.0,6.4,0.7431448254773942,0.6691306063588582,6.25,open-meteo,2026-08-08T09:50:27+00:00
2026-07-13 09:00:00+00:00,FR,load,27.8,39,580.0,8.12,0.8660254037844386,0.5000000000000001,28.9,40,626.0,10.81,-0.2419218955996675,-0.9702957262759964,24.9,71,271.0,0.71,0.2756373558169992,-0.9612616959383188,22.8,52,541.0,7.4,0.8090169943749475,0.5877852522924731,8.099999999999998,open-meteo,2026-08-08T09:50:27+00:00
2026-07-13 10:00:00+00:00,FR,load,30.0,32,573.0,8.37,0.8910065241883679,0.4539904997395468,30.3,38,747.0,11.38,-0.3420201433256686,-0.9396926207859084,26.4,64,466.0,2.29,0.5150380749100544,-0.8571673007021122,24.2,49,497.0,7.6,0.848048096156426,0.5299192642332049,9.724999999999998,open-meteo,2026-08-08T10:03:04+00:00
2026-07-13 11:00:00+00:00,FR,load,32.1,26,762.0,8.81,0.9335804264972016,0.3583679495453004,31.8,31,794.0,11.74,-0.3255681544571567,-0.9455185755993168,27.7,59,611.0,3.1,0.5735764363510459,-0.8191520442889919,26.3,43,614.0,6.8,0.8290375725550417,0.5591929034707468,11.475,open-meteo,2026-08-08T10:03:04+00:00
2026-07-13 12:00:00+00:00,FR,load,33.4,23,833.0,8.22,0.9659258262890684,0.2588190451025207,31.6,33,638.0,11.53,-0.3255681544571567,-0.9455185755993168,28.6,55,721.0,2.33,0.3746065934159122,-0.9271838545667872,27.1,43,679.0,6.5,0.6293203910498374,0.7771459614569709,12.174999999999995,open-meteo,2026-08-08T10:03:04+00:00
2026-07-13 13:00:00+00:00,FR,load,33.8,22,752.0,6.92,0.9781476007338056,0.2079116908177594,32.5,27,589.0,12.05,-0.3255681544571567,-0.9455185755993168,29.9,51,751.0,1.5,0.1908089953765449,-0.981627183447664,27.5,42,399.0,7.3,0.5591929034707469,0.8290375725550417,12.924999999999995,open-meteo,2026-08-08T10:03:04+00:00
2026-07-13 14:00:00+00:00,FR,load,34.1,20,641.0,6.51,0.9335804264972016,0.3583679495453004,32.3,27,592.0,12.34,-0.275637355816999,-0.9612616959383188,30.9,49,841.0,1.63,0.5446390350150273,-0.8386705679454239,28.9,38,406.0,7.4,0.5877852522924731,0.8090169943749475,13.550000000000004,open-meteo,2026-08-08T10:03:04+00:00
2026-07-13 15:00:00+00:00,FR,load,33.9,19,545.0,6.01,0.8290375725550417,0.5591929034707468,32.6,31,487.0,10.59,-0.374606593415912,-0.9271838545667874,31.2,50,739.0,2.65,0.6293203910498374,-0.7771459614569709,29.0,40,414.0,9.0,0.4383711467890774,0.898794046299167,13.675,open-meteo,2026-08-08T09:50:27+00:00
2026-07-13 16:00:00+00:00,FR,load,33.5,21,532.0,6.66,0.838670567945424,0.5446390350150271,33.0,28,398.0,10.83,-0.4848096202463369,-0.8746197071393959,31.3,50,591.0,2.36,0.6691306063588585,-0.743144825477394,28.9,40,524.0,7.4,0.374606593415912,0.9271838545667874,13.674999999999995,open-meteo,2026-08-08T09:50:27+00:00
2026-07-13 17:00:00+00:00,FR,load,33.5,23,435.0,6.4,0.8746197071393957,0.4848096202463371,32.0,29,366.0,11.17,-0.374606593415912,-0.9271838545667874,31.0,51,430.0,2.75,0.8191520442889917,-0.5735764363510462,26.5,51,354.0,7.4,0.2923717047227367,0.9563047559630354,12.75,open-meteo,2026-08-08T09:50:27+00:00
2026-07-13 18:00:00+00:00,FR,load,31.4,32,290.0,9.78,0.788010753606722,0.6156614753256583,30.9,32,150.0,9.48,-0.3907311284892735,-0.9205048534524404,29.8,54,263.0,3.81,0.6946583704589971,-0.7193398003386513,26.0,49,151.0,8.4,0.3907311284892737,0.9205048534524404,11.525,open-meteo,2026-08-08T09:50:27+00:00
2026-07-13 19:00:00+00:00,FR,load,30.2,35,130.0,9.56,0.6819983600624985,0.7313537016191705,28.9,32,77.0,9.7,-0.3907311284892735,-0.9205048534524404,27.9,64,103.0,5.27,0.6691306063588585,-0.743144825477394,24.0,56,58.0,8.0,0.3090169943749474,0.9510565162951536,9.75,open-meteo,2026-08-08T09:50:27+00:00
2026-07-13 20:00:00+00:00,FR,load,28.6,45,18.0,10.77,0.6560590289905073,0.754709580222772,26.9,40,4.0,9.47,-0.1908089953765447,-0.981627183447664,25.6,74,8.0,6.6,0.6560590289905073,-0.754709580222772,22.8,57,19.0,8.9,0.3090169943749474,0.9510565162951536,7.974999999999998,open-meteo,2026-08-08T10:03:04+00:00
2026-07-13 21:00:00+00:00,FR,load,27.3,48,0.0,8.05,0.6691306063588582,0.7431448254773942,26.0,44,0.0,11.07,-0.1391731009600655,-0.9902680687415704,24.3,81,0.0,6.94,0.5877852522924732,-0.8090169943749473,21.0,70,0.0,8.2,0.2079116908177593,0.9781476007338056,6.649999999999999,open-meteo,2026-08-08T10:03:04+00:00
2026-07-13 22:00:00+00:00,FR,load,26.1,54,0.0,3.54,0.0871557427476581,0.9961946980917455,25.0,52,0.0,10.06,-0.1218693434051473,-0.992546151641322,23.6,84,0.0,7.28,0.5446390350150273,-0.8386705679454239,19.4,83,0.0,7.8,0.224951054343865,0.9743700647852352,5.524999999999999,open-meteo,2026-08-08T10:03:04+00:00
2026-07-13 23:00:00+00:00,FR,load,24.7,60,0.0,8.48,0.5591929034707469,0.8290375725550417,24.2,58,0.0,9.36,-0.1045284632676535,-0.9945218953682732,23.1,85,0.0,7.31,0.5735764363510459,-0.8191520442889919,18.1,88,0.0,7.6,0.3907311284892737,0.9205048534524404,4.524999999999999,open-meteo,2026-08-08T09:50:27+00:00
2026-07-14 00:00:00+00:00,FR,load,24.3,62,0.0,9.81,0.2419218955996677,0.9702957262759964,23.2,65,0.0,7.9,-0.1908089953765447,-0.981627183447664,22.6,84,0.0,7.13,0.6018150231520482,-0.7986355100472929,17.9,92,0.0,6.7,0.2756373558169991,0.9612616959383188,4.0,open-meteo,2026-08-08T09:50:27+00:00
2026-07-14 01:00:00+00:00,FR,load,23.4,63,0.0,9.95,0.4226182617406994,0.90630778703665,22.6,68,0.0,6.75,-0.2249510543438649,-0.9743700647852352,22.3,85,0.0,6.43,0.6156614753256584,-0.7880107536067219,17.6,95,0.0,7.7,0.3420201433256687,0.9396926207859084,3.4750000000000014,open-meteo,2026-08-08T10:03:04+00:00
2026-07-14 02:00:00+00:00,FR,load,22.5,67,0.0,8.68,0.3420201433256687,0.9396926207859084,21.9,72,0.0,5.49,-0.0174524064372836,-0.9998476951563912,21.9,87,0.0,5.68,0.529919264233205,-0.848048096156426,17.3,95,0.0,7.4,0.1908089953765448,0.981627183447664,2.8999999999999986,open-meteo,2026-08-08T10:03:04+00:00
2026-07-14 03:00:00+00:00,FR,load,22.0,69,0.0,8.28,0.2923717047227367,0.9563047559630354,21.2,77,0.0,5.98,1.2246467991473532e-16,-1.0,21.9,90,0.0,6.17,0.5877852522924732,-0.8090169943749473,17.6,95,0.0,9.0,0.3090169943749474,0.9510565162951536,2.674999999999997,open-meteo,2026-08-08T09:50:27+00:00
2026-07-14 04:00:00+00:00,FR,load,21.2,73,0.0,6.69,0.3090169943749474,0.9510565162951536,21.0,80,0.0,6.1,0.1045284632676537,-0.9945218953682732,21.5,92,0.0,5.68,0.6946583704589971,-0.7193398003386513,17.3,98,0.0,7.3,0.224951054343865,0.9743700647852352,2.25,open-meteo,2026-08-08T10:03:04+00:00
2026-07-14 05:00:00+00:00,FR,load,20.7,75,25.0,6.73,0.1391731009600654,0.9902680687415704,21.5,81,26.0,7.04,0.1564344650402309,-0.9876883405951375,21.4,93,8.0,5.54,0.7071067811865476,-0.7071067811865475,17.7,97,36.0,7.5,0.2419218955996677,0.9702957262759964,2.325,open-meteo,2026-08-08T09:50:27+00:00
2026-07-14 06:00:00+00:00,FR,load,21.0,72,105.0,6.11,0.374606593415912,0.9271838545667874,22.8,77,143.0,6.47,0.0348994967025011,-0.9993908270190958,22.5,89,101.0,5.49,0.766044443118978,-0.6427876096865394,19.5,89,159.0,5.5,0.1391731009600654,0.9902680687415704,3.45,open-meteo,2026-08-08T10:03:04+00:00
2026-07-14 07:00:00+00:00,FR,load,21.7,71,228.0,4.96,0.3090169943749474,0.9510565162951536,24.4,72,310.0,5.43,0.1218693434051475,-0.992546151641322,24.2,82,261.0,3.92,0.7986355100472927,-0.6018150231520484,21.4,80,315.0,4.3,0.1391731009600654,0.9902680687415704,4.924999999999997,open-meteo,2026-08-08T10:03:04+00:00
2026-07-14 08:00:00+00:00,FR,load,23.0,68,409.0,3.41,0.3090169943749474,0.9510565162951536,26.0,65,484.0,4.9,0.0174524064372834,-0.9998476951563912,26.0,74,438.0,3.95,0.8660254037844387,-0.4999999999999998,23.7,63,468.0,4.6,0.1564344650402308,0.9876883405951378,6.675000000000001,open-meteo,2026-08-08T09:50:27+00:00
2026-07-14 09:00:00+00:00,FR,load,24.9,62,527.0,3.22,0.3420201433256687,0.9396926207859084,28.3,53,645.0,4.52,-0.0871557427476579,-0.9961946980917455,28.2,65,606.0,4.09,0.9335804264972016,-0.3583679495453002,25.5,59,617.0,4.6,0.374606593415912,0.9271838545667874,8.725000000000001,open-meteo,2026-08-08T09:50:27+00:00
2026-07-14 10:00:00+00:00,FR,load,26.2,59,586.0,4.21,0.3090169943749474,0.9510565162951536,30.2,42,777.0,4.78,-0.1908089953765447,-0.981627183447664,29.9,57,746.0,3.69,0.981627183447664,-0.1908089953765448,27.1,52,735.0,5.9,0.3420201433256687,0.9396926207859084,10.35,open-meteo,2026-08-08T10:03:04+00:00
2026-07-14 11:00:00+00:00,FR,load,28.2,54,752.0,3.78,0.3583679495453002,0.9335804264972016,31.9,35,868.0,3.83,-0.2249510543438649,-0.9743700647852352,31.6,50,848.0,3.14,0.9993908270190958,-0.0348994967025009,28.6,43,810.0,4.9,0.1736481776669303,0.984807753012208,12.074999999999996,open-meteo,2026-08-08T09:50:27+00:00
2026-07-14 12:00:00+00:00,FR,load,30.4,44,769.0,3.55,0.4694715627858908,0.882947592858927,33.4,28,909.0,2.5,-0.5150380749100542,-0.8571673007021123,33.1,45,901.0,3.26,0.992546151641322,-0.1218693434051473,29.5,42,857.0,4.6,0.2079116908177593,0.9781476007338056,13.6,open-meteo,2026-08-08T10:03:04+00:00
2026-07-14 13:00:00+00:00,FR,load,31.7,40,701.0,3.43,0.5150380749100542,0.8571673007021123,34.3,26,900.0,2.55,0.0697564737441255,-0.9975640502598242,34.3,43,900.0,3.26,0.992546151641322,-0.1218693434051473,30.6,39,858.0,5.1,0.3907311284892737,0.9205048534524404,14.725,open-meteo,2026-08-08T09:50:27+00:00
2026-07-14 14:00:00+00:00,FR,load,32.8,36,704.0,3.08,0.6018150231520483,0.7986355100472928,35.0,27,835.0,1.06,-0.5591929034707467,-0.8290375725550418,35.3,42,845.0,3.17,0.9876883405951378,-0.1564344650402308,31.6,31,771.0,5.9,0.5446390350150271,0.838670567945424,15.674999999999995,open-meteo,2026-08-08T09:50:27+00:00
2026-07-14 15:00:00+00:00,FR,load,33.1,34,590.0,1.8,0.8746197071393957,0.4848096202463371,35.4,22,723.0,0.6,-0.1564344650402311,0.9876883405951375,35.5,40,745.0,4.19,0.9612616959383188,-0.275637355816999,31.1,35,716.0,6.2,0.484809620246337,0.8746197071393957,15.775,open-meteo,2026-08-08T09:50:27+00:00
2026-07-14 16:00:00+00:00,FR,load,32.7,32,356.0,2.64,0.374606593415912,0.9271838545667874,35.6,19,585.0,1.45,0.8829475928589269,0.4694715627858908,35.4,37,605.0,5.06,0.9271838545667874,-0.374606593415912,31.1,31,586.0,6.0,0.4694715627858908,0.882947592858927,15.700000000000005,open-meteo,2026-08-08T09:50:27+00:00
2026-07-14 17:00:00+00:00,FR,load,32.2,34,294.0,6.06,0.1564344650402308,0.9876883405951378,35.1,20,416.0,1.23,0.8746197071393959,-0.484809620246337,34.7,32,440.0,6.1,0.8660254037844387,-0.4999999999999998,30.8,33,440.0,6.8,0.3907311284892737,0.9205048534524404,15.200000000000005,open-meteo,2026-08-08T09:50:27+00:00
2026-07-14 18:00:00+00:00,FR,load,31.4,33,194.0,5.59,-0.0348994967025008,0.9993908270190958,33.9,23,239.0,1.52,-0.2588190451025208,-0.9659258262890684,33.2,33,265.0,7.6,0.788010753606722,-0.6156614753256583,29.7,35,283.0,7.6,0.4694715627858908,0.882947592858927,14.049999999999995,open-meteo,2026-08-08T10:03:04+00:00
2026-07-14 19:00:00+00:00,FR,load,30.6,32,72.0,5.66,0.3907311284892737,0.9205048534524404,31.2,30,82.0,1.77,-0.3255681544571567,-0.9455185755993168,30.8,38,102.0,9.04,0.766044443118978,-0.6427876096865394,28.1,32,136.0,9.5,0.4999999999999999,0.8660254037844387,12.174999999999995,open-meteo,2026-08-08T10:03:04+00:00
2026-07-14 20:00:00+00:00,FR,load,29.0,37,13.0,5.96,0.2419218955996677,0.9702957262759964,28.1,35,4.0,0.78,1.0,6.123233995736766e-17,28.7,45,8.0,10.71,0.766044443118978,-0.6427876096865394,26.9,34,27.0,8.4,0.4539904997395468,0.8910065241883679,10.174999999999995,open-meteo,2026-08-08T10:03:04+00:00
2026-07-14 21:00:00+00:00,FR,load,28.3,44,0.0,7.62,0.4383711467890774,0.898794046299167,27.1,46,0.0,3.43,0.9986295347545738,-0.0523359562429438,27.5,51,0.0,10.35,0.7986355100472927,-0.6018150231520484,25.5,45,0.0,8.7,0.5591929034707469,0.8290375725550417,9.1,open-meteo,2026-08-08T09:50:27+00:00
2026-07-14 22:00:00+00:00,FR,load,27.4,46,0.0,7.67,0.573576436351046,0.8191520442889918,26.3,61,0.0,9.11,-0.0174524064372836,-0.9998476951563912,26.7,55,0.0,9.5,0.7986355100472927,-0.6018150231520484,24.4,50,0.0,8.4,0.5591929034707469,0.8290375725550417,8.200000000000003,open-meteo,2026-08-08T10:03:04+00:00
2026-07-14 23:00:00+00:00,FR,load,26.7,46,0.0,6.79,0.5446390350150271,0.838670567945424,25.8,73,0.0,9.61,-0.0523359562429435,-0.9986295347545738,26.0,57,0.0,8.81,0.7431448254773942,-0.6691306063588582,22.7,55,0.0,7.8,0.766044443118978,0.6427876096865394,7.300000000000001,open-meteo,2026-08-08T09:50:27+00:00
2026-07-15 00:00:00+00:00,FR,load,26.0,51,0.0,7.07,0.5150380749100542,0.8571673007021123,25.1,74,0.0,9.6,-0.0174524064372836,-0.9998476951563912,25.2,64,0.0,8.81,0.7313537016191706,-0.6819983600624984,22.1,61,0.0,7.7,0.7313537016191705,0.6819983600624985,6.600000000000001,open-meteo,2026-08-08T09:50:27+00:00
2026-07-15 01:00:00+00:00,FR,load,25.2,53,0.0,6.96,0.6293203910498374,0.7771459614569709,24.7,73,0.0,8.53,-0.0174524064372836,-0.9998476951563912,24.8,67,0.0,8.11,0.7071067811865476,-0.7071067811865475,21.0,68,0.0,7.0,0.7986355100472928,0.6018150231520483,5.925000000000001,open-meteo,2026-08-08T09:50:27+00:00
2026-07-15 02:00:00+00:00,FR,load,24.8,51,0.0,6.6,0.6560590289905073,0.754709580222772,24.4,72,0.0,7.75,-0.0348994967025009,-0.9993908270190958,24.3,72,0.0,5.94,0.6156614753256584,-0.7880107536067219,19.7,73,0.0,7.9,0.7193398003386511,0.6946583704589973,5.300000000000001,open-meteo,2026-08-08T09:50:27+00:00
2026-07-15 03:00:00+00:00,FR,load,24.4,50,0.0,6.69,0.6293203910498374,0.7771459614569709,24.2,68,0.0,5.88,0.0174524064372834,-0.9998476951563912,24.2,79,0.0,7.31,0.5735764363510459,-0.8191520442889919,19.3,77,0.0,7.8,0.7313537016191705,0.6819983600624985,5.024999999999999,open-meteo,2026-08-08T09:50:27+00:00
2026-07-15 04:00:00+00:00,FR,load,23.6,53,0.0,5.96,0.5877852522924731,0.8090169943749475,23.7,68,0.0,5.11,0.0697564737441255,-0.9975640502598242,24.2,80,0.0,7.41,0.3420201433256689,-0.9396926207859084,18.9,77,0.0,7.9,0.6691306063588582,0.7431448254773942,4.600000000000001,open-meteo,2026-08-08T09:50:27+00:00
2026-07-15 05:00:00+00:00,FR,load,23.0,55,24.0,7.53,0.573576436351046,0.8191520442889918,23.5,72,21.0,4.02,1.2246467991473532e-16,-1.0,24.2,83,7.0,4.29,-0.1908089953765447,-0.981627183447664,18.7,78,42.0,7.3,0.6293203910498374,0.7771459614569709,4.350000000000001,open-meteo,2026-08-08T09:50:27+00:00
2026-07-15 06:00:00+00:00,FR,load,23.6,52,138.0,6.23,0.6018150231520483,0.7986355100472928,24.9,60,131.0,4.45,0.1391731009600653,-0.9902680687415704,23.7,84,85.0,3.53,-0.9455185755993168,-0.3255681544571566,20.4,73,163.0,6.7,0.7071067811865475,0.7071067811865476,5.149999999999999,open-meteo,2026-08-08T09:50:27+00:00
2026-07-15 07:00:00+00:00,FR,load,23.9,52,232.0,5.31,0.4999999999999999,0.8660254037844387,26.3,57,206.0,3.72,1.2246467991473532e-16,-1.0,24.1,81,229.0,4.08,-0.984807753012208,0.1736481776669299,22.3,63,314.0,5.9,0.7431448254773942,0.6691306063588582,6.150000000000002,open-meteo,2026-08-08T10:03:04+00:00
2026-07-15 08:00:00+00:00,FR,load,25.1,49,383.0,5.96,0.4539904997395468,0.8910065241883679,27.7,55,403.0,1.46,-0.6691306063588582,-0.7431448254773942,25.3,76,406.0,4.37,-0.9876883405951375,-0.156434465040231,24.3,58,471.0,5.5,0.6293203910498374,0.7771459614569709,7.599999999999998,open-meteo,2026-08-08T10:03:04+00:00
2026-07-15 09:00:00+00:00,FR,load,26.3,46,502.0,6.23,0.6018150231520483,0.7986355100472928,29.5,55,475.0,2.02,-0.3907311284892735,-0.9205048534524404,27.0,69,595.0,3.52,-0.9743700647852352,-0.2249510543438652,26.0,48,617.0,6.7,0.6156614753256583,0.7880107536067219,9.2,open-meteo,2026-08-08T10:03:04+00:00
2026-07-15 10:00:00+00:00,FR,load,27.8,40,626.0,6.18,0.6691306063588582,0.7431448254773942,21.9,77,358.0,16.08,-0.4383711467890778,0.8987940462991668,28.7,63,736.0,3.38,-0.984807753012208,-0.1736481776669303,27.1,43,742.0,7.8,0.6819983600624985,0.7313537016191705,8.375,open-meteo,2026-08-08T10:03:04+00:00
2026-07-15 11:00:00+00:00,FR,load,29.2,35,731.0,6.34,0.5299192642332049,0.848048096156426,25.7,60,644.0,6.84,0.6156614753256583,0.7880107536067219,30.4,58,841.0,3.5,-0.981627183447664,-0.1908089953765446,28.2,36,823.0,7.4,0.8191520442889918,0.573576436351046,10.375,open-meteo,2026-08-08T10:03:04+00:00
2026-07-15 12:00:00+00:00,FR,load,30.0,34,845.0,5.46,0.5446390350150271,0.838670567945424,28.3,48,870.0,6.07,0.8571673007021123,0.5150380749100542,32.1,54,886.0,3.78,-0.9563047559630354,0.2923717047227367,28.9,32,869.0,7.4,0.8191520442889918,0.573576436351046,11.825000000000005,open-meteo,2026-08-08T10:03:04+00:00
2026-07-15 13:00:00+00:00,FR,load,30.8,32,827.0,5.92,0.484809620246337,0.8746197071393957,29.6,44,824.0,9.7,-0.0348994967025008,0.9993908270190958,33.5,49,889.0,3.9,-0.9063077870366498,0.4226182617406996,29.3,32,867.0,6.7,0.788010753606722,0.6156614753256583,12.8,open-meteo,2026-08-08T10:03:04+00:00
2026-07-15 14:00:00+00:00,FR,load,31.4,32,819.0,5.14,0.573576436351046,0.8191520442889918,25.2,64,338.0,10.41,0.0697564737441253,0.9975640502598242,34.6,45,845.0,4.19,-0.9612616959383188,0.2756373558169994,30.0,29,817.0,5.9,0.7431448254773942,0.6691306063588582,12.299999999999995,open-meteo,2026-08-08T10:03:04+00:00
2026-07-15 15:00:00+00:00,FR,load,31.0,25,640.0,4.78,0.4383711467890774,0.898794046299167,25.4,55,250.0,7.97,0.981627183447664,0.1908089953765449,34.2,47,746.0,5.32,-0.9945218953682734,0.1045284632676529,30.0,29,720.0,5.8,0.788010753606722,0.6156614753256583,12.15,open-meteo,2026-08-08T09:50:27+00:00
2026-07-15 16:00:00+00:00,FR,load,31.0,27,561.0,4.61,0.6156614753256583,0.7880107536067219,27.1,59,328.0,4.09,0.7193398003386511,-0.6946583704589974,34.1,45,605.0,5.99,-0.981627183447664,0.1908089953765451,29.6,29,592.0,6.8,0.6691306063588582,0.7431448254773942,12.450000000000005,open-meteo,2026-08-08T09:50:27+00:00
2026-07-15 17:00:00+00:00,FR,load,30.6,31,428.0,5.42,0.2923717047227367,0.9563047559630354,24.0,70,276.0,9.22,-0.0348994967025009,-0.9993908270190958,33.5,45,439.0,6.32,-0.9743700647852352,0.2249510543438649,27.6,38,444.0,10.5,0.224951054343865,0.9743700647852352,10.924999999999995,open-meteo,2026-08-08T09:50:27+00:00
2026-07-15 18:00:00+00:00,FR,load,29.0,38,232.0,6.84,0.4067366430758002,0.9135454576426008,24.3,64,206.0,6.38,-0.1908089953765447,-0.981627183447664,32.4,49,262.0,6.35,-0.9876883405951378,0.1564344650402306,26.7,37,286.0,9.9,0.2588190451025207,0.9659258262890684,10.099999999999998,open-meteo,2026-08-08T09:50:27+00:00
2026-07-15 19:00:00+00:00,FR,load,28.0,40,96.0,5.79,0.3255681544571567,0.9455185755993168,22.9,64,68.0,8.05,-0.0523359562429435,-0.9986295347545738,30.9,52,100.0,6.57,-0.9993908270190958,0.0348994967025012,25.5,44,138.0,8.0,0.224951054343865,0.9743700647852352,8.825,open-meteo,2026-08-08T09:50:27+00:00
2026-07-15 20:00:00+00:00,FR,load,26.9,47,15.0,6.06,0.2419218955996677,0.9702957262759964,22.2,68,3.0,6.37,1.2246467991473532e-16,-1.0,29.0,56,7.0,6.07,-1.0,-1.8369701987210287e-16,23.5,49,26.0,7.4,0.3420201433256687,0.9396926207859084,7.399999999999999,open-meteo,2026-08-08T09:50:27+00:00
2026-07-15 21:00:00+00:00,FR,load,25.7,44,0.0,6.44,0.4383711467890774,0.898794046299167,20.8,75,0.0,2.55,-0.0697564737441252,-0.9975640502598242,27.7,59,0.0,6.69,-0.981627183447664,0.1908089953765451,21.9,55,0.0,7.9,0.3907311284892737,0.9205048534524404,6.024999999999999,open-meteo,2026-08-08T09:50:27+00:00
2026-07-15 22:00:00+00:00,FR,load,25.1,47,0.0,7.3,0.374606593415912,0.9271838545667874,20.7,73,0.0,0.77,0.766044443118978,-0.6427876096865394,27.0,62,0.0,6.65,-0.9876883405951378,0.1564344650402306,19.9,71,0.0,7.8,0.4226182617406994,0.90630778703665,5.174999999999997,open-meteo,2026-08-08T09:50:27+00:00
2026-07-15 23:00:00+00:00,FR,load,24.2,47,0.0,6.49,0.4226182617406994,0.90630778703665,20.7,72,0.0,1.36,-0.5000000000000001,-0.8660254037844386,26.1,66,0.0,6.32,-0.9743700647852352,0.2249510543438649,19.0,75,0.0,9.6,0.573576436351046,0.8191520442889918,4.5,open-meteo,2026-08-08T09:50:27+00:00
2026-07-16 00:00:00+00:00,FR,load,23.7,47,0.0,7.19,0.4694715627858908,0.882947592858927,20.2,75,0.0,1.38,0.0697564737441255,-0.9975640502598242,24.9,70,0.0,5.23,-0.9743700647852352,0.2249510543438649,19.8,62,0.0,8.6,0.754709580222772,0.6560590289905073,4.149999999999999,open-meteo,2026-08-08T09:50:27+00:00
2026-07-16 01:00:00+00:00,FR,load,22.8,50,0.0,6.63,0.3255681544571567,0.9455185755993168,20.6,73,0.0,1.18,-0.0871557427476579,-0.9961946980917455,24.2,74,0.0,4.91,-0.9986295347545738,0.0523359562429439,18.9,65,0.0,8.1,0.8090169943749475,0.5877852522924731,3.625,open-meteo,2026-08-08T09:50:27+00:00
2026-07-16 02:00:00+00:00,FR,load,22.3,48,0.0,7.48,0.374606593415912,0.9271838545667874,19.4,77,0.0,0.6,-0.9876883405951378,0.1564344650402306,23.6,76,0.0,4.51,-0.9993908270190958,-0.0348994967025007,18.2,68,0.0,8.2,0.788010753606722,0.6156614753256583,2.875000000000004,open-meteo,2026-08-08T09:50:27+00:00
2026-07-16 03:00:00+00:00,FR,load,21.1,51,0.0,5.7,0.3255681544571567,0.9455185755993168,20.1,72,0.0,0.79,0.1218693434051475,-0.992546151641322,22.9,79,0.0,3.83,-0.9975640502598242,-0.0697564737441255,17.6,73,0.0,8.7,0.788010753606722,0.6156614753256583,2.424999999999997,open-meteo,2026-08-08T09:50:27+00:00
2026-07-16 04:00:00+00:00,FR,load,20.4,53,0.0,5.86,0.3090169943749474,0.9510565162951536,20.8,67,0.0,1.2,-0.5735764363510462,-0.8191520442889918,22.2,83,0.0,2.52,-0.9743700647852352,0.2249510543438649,17.1,66,0.0,7.8,0.7986355100472928,0.6018150231520483,2.125,open-meteo,2026-08-08T09:50:27+00:00
2026-07-16 05:00:00+00:00,FR,load,20.1,57,24.0,4.83,0.3090169943749474,0.9510565162951536,19.6,73,24.0,0.22,0.4539904997395468,0.8910065241883679,21.6,86,8.0,2.83,-0.9702957262759966,0.2419218955996674,17.2,65,43.0,7.9,0.7193398003386511,0.6946583704589973,1.625,open-meteo,2026-08-08T09:50:27+00:00
2026-07-16 06:00:00+00:00,FR,load,21.2,55,127.0,4.74,0.3090169943749474,0.9510565162951536,21.3,77,140.0,0.39,1.0,6.123233995736766e-17,22.7,82,93.0,3.29,-0.8910065241883679,0.4539904997395466,19.3,61,168.0,4.8,0.8090169943749475,0.5877852522924731,3.125,open-meteo,2026-08-08T09:50:27+00:00
2026-07-16 07:00:00+00:00,FR,load,22.3,54,280.0,3.67,0.1564344650402308,0.9876883405951378,23.7,68,303.0,1.31,-0.2249510543438649,-0.9743700647852352,22.9,80,160.0,3.45,-0.992546151641322,0.1218693434051476,21.2,56,321.0,4.6,0.754709580222772,0.6560590289905073,4.525000000000002,open-meteo,2026-08-08T09:50:27+00:00
2026-07-16 08:00:00+00:00,FR,load,23.8,51,445.0,2.77,0.1391731009600654,0.9902680687415704,25.6,64,475.0,1.18,0.0871557427476582,-0.9961946980917455,23.0,81,141.0,1.67,-0.9986295347545738,-0.0523359562429443,23.7,48,482.0,4.7,0.6819983600624985,0.7313537016191705,6.025000000000002,open-meteo,2026-08-08T09:50:27+00:00
2026-07-16 09:00:00+00:00,FR,load,26.0,44,569.0,2.85,0.2756373558169991,0.9612616959383188,27.4,54,629.0,3.0,-0.1908089953765447,-0.981627183447664,24.9,73,195.0,1.31,-0.4539904997395469,0.8910065241883678,25.3,46,628.0,5.9,0.5299192642332049,0.848048096156426,7.899999999999999,open-meteo,2026-08-08T09:50:27+00:00
2026-07-16 10:00:00+00:00,FR,load,27.7,40,741.0,3.07,0.374606593415912,0.9271838545667874,26.5,57,441.0,7.51,-0.1218693434051473,-0.992546151641322,25.7,70,422.0,0.9,-0.754709580222772,-0.6560590289905073,26.9,37,748.0,6.2,0.6156614753256583,0.7880107536067219,8.700000000000003,open-meteo,2026-08-08T09:50:27+00:00
2026-07-16 11:00:00+00:00,FR,load,29.2,37,808.0,3.13,0.5299192642332049,0.848048096156426,25.9,66,251.0,2.96,0.5591929034707469,-0.8290375725550416,27.0,65,599.0,0.6,0.1564344650402309,-0.9876883405951375,27.9,30,839.0,6.5,0.6156614753256583,0.7880107536067219,9.5,open-meteo,2026-08-08T09:50:27+00:00
2026-07-16 12:00:00+00:00,FR,load,30.8,33,832.0,2.5,0.8571673007021123,0.5150380749100542,28.0,51,572.0,5.95,0.2923717047227366,-0.9563047559630355,28.8,63,821.0,3.38,0.2923717047227366,-0.9563047559630355,28.9,28,884.0,4.6,0.4539904997395468,0.8910065241883679,11.125,open-meteo,2026-08-08T09:50:27+00:00
2026-07-16 13:00:00+00:00,FR,load,31.6,30,846.0,2.12,0.8290375725550417,0.5591929034707468,30.3,43,517.0,3.83,0.2249510543438652,-0.9743700647852352,30.5,61,833.0,3.55,0.4067366430758004,-0.9135454576426008,28.8,30,874.0,6.3,0.0348994967025009,0.9993908270190958,12.3,open-meteo,2026-08-08T09:50:27+00:00
2026-07-16 14:00:00+00:00,FR,load,32.4,28,797.0,0.97,0.7071067811865475,0.7071067811865476,31.8,44,670.0,3.33,-0.7313537016191703,-0.6819983600624986,31.3,58,762.0,3.89,0.6560590289905073,-0.754709580222772,28.3,32,819.0,7.6,0.1045284632676534,0.9945218953682732,12.95,open-meteo,2026-08-08T09:50:27+00:00
2026-07-16 15:00:00+00:00,FR,load,31.2,32,633.0,0.42,0.7071067811865475,0.7071067811865476,31.7,42,574.0,6.8,-0.2588190451025208,-0.9659258262890684,31.0,58,695.0,2.77,0.6691306063588585,-0.743144825477394,27.3,35,722.0,7.8,-0.0348994967025008,0.9993908270190958,12.3,open-meteo,2026-08-08T09:50:27+00:00
2026-07-16 16:00:00+00:00,FR,load,31.0,33,337.0,0.1,-1.0,-1.8369701987210287e-16,31.5,39,498.0,12.09,-0.0871557427476579,-0.9961946980917455,30.9,58,564.0,2.55,0.3907311284892737,-0.9205048534524404,26.5,37,580.0,7.6,0.0697564737441253,0.9975640502598242,11.975,open-meteo,2026-08-08T09:50:27+00:00
2026-07-16 17:00:00+00:00,FR,load,31.7,30,414.0,4.16,-0.2588190451025207,0.9659258262890684,30.4,44,400.0,11.92,-0.1564344650402307,-0.9876883405951378,30.7,58,412.0,1.4,-0.2079116908177595,-0.9781476007338056,25.2,41,444.0,7.5,0.0348994967025009,0.9993908270190958,11.5,open-meteo,2026-08-08T09:50:27+00:00
2026-07-16 18:00:00+00:00,FR,load,31.0,30,260.0,2.9,0.2079116908177593,0.9781476007338056,29.4,42,199.0,11.74,-0.1218693434051473,-0.992546151641322,30.1,60,248.0,1.25,-0.7071067811865475,-0.7071067811865477,23.8,48,289.0,7.9,0.0348994967025009,0.9993908270190958,10.575,open-meteo,2026-08-08T09:50:27+00:00
2026-07-16 19:00:00+00:00,FR,load,29.6,31,91.0,6.68,0.374606593415912,0.9271838545667874,27.8,49,78.0,11.73,-0.1045284632676535,-0.9945218953682732,29.3,62,95.0,1.64,-0.9563047559630352,-0.2923717047227371,22.8,51,138.0,7.6,0.1218693434051474,0.992546151641322,9.375,open-meteo,2026-08-08T09:50:27+00:00
2026-07-16 20:00:00+00:00,FR,load,28.1,35,15.0,8.46,0.4539904997395468,0.8910065241883679,26.4,58,3.0,10.69,-0.2419218955996675,-0.9702957262759964,27.6,65,7.0,3.73,-0.9986295347545738,0.0523359562429439,20.3,66,25.0,6.8,-0.1736481776669304,0.984807753012208,7.599999999999998,open-meteo,2026-08-08T09:50:27+00:00
2026-07-16 21:00:00+00:00,FR,load,27.0,39,0.0,8.72,0.6156614753256583,0.7880107536067219,23.2,72,0.0,16.71,-0.2588190451025207,0.9659258262890684,25.7,73,0.0,4.98,-0.984807753012208,-0.1736481776669303,18.4,88,0.0,7.3,-0.1736481776669304,0.984807753012208,5.575000000000003,open-meteo,2026-08-08T10:03:04+00:00
2026-07-16 22:00:00+00:00,FR,load,24.2,54,0.0,4.49,0.5299192642332049,0.848048096156426,19.6,78,0.0,8.7,0.5150380749100542,0.8571673007021123,24.1,79,0.0,5.65,-0.7771459614569708,0.6293203910498375,17.7,92,0.0,7.6,-0.0871557427476583,0.9961946980917455,3.400000000000002,open-meteo,2026-08-08T10:03:04+00:00
2026-07-16 23:00:00+00:00,FR,load,20.6,78,0.0,10.62,-0.6156614753256582,0.7880107536067221,21.0,67,0.0,6.45,0.7313537016191705,0.6819983600624985,23.0,86,0.0,6.54,-0.945518575599317,0.3255681544571563,16.7,98,0.0,7.2,-0.0174524064372835,0.9998476951563912,2.325,open-meteo,2026-08-08T10:03:04+00:00
2026-07-17 00:00:00+00:00,FR,load,19.5,78,0.0,10.54,0.4999999999999999,0.8660254037844387,19.1,88,0.0,8.34,0.9876883405951378,0.1564344650402309,22.8,85,0.0,6.96,-0.9993908270190958,0.0348994967025012,15.8,97,0.0,5.9,0.4383711467890774,0.898794046299167,1.3000000000000007,open-meteo,2026-08-08T09:50:27+00:00
2026-07-17 01:00:00+00:00,FR,load,20.4,74,0.0,7.8,0.6293203910498374,0.7771459614569709,19.4,84,0.0,7.17,0.9271838545667874,-0.374606593415912,21.9,85,0.0,6.41,-0.9945218953682734,-0.1045284632676533,15.9,89,0.0,8.3,0.4694715627858908,0.882947592858927,1.3999999999999986,open-meteo,2026-08-08T09:50:27+00:00
2026-07-17 02:00:00+00:00,FR,load,20.3,76,0.0,5.74,0.6018150231520483,0.7986355100472928,19.6,83,0.0,3.09,0.981627183447664,0.1908089953765449,21.6,86,0.0,5.49,-1.0,-1.8369701987210287e-16,15.6,86,0.0,7.6,0.5150380749100542,0.8571673007021123,1.275000000000002,open-meteo,2026-08-08T09:50:27+00:00
2026-07-17 03:00:00+00:00,FR,load,19.6,86,0.0,1.43,0.2756373558169991,0.9612616959383188,17.7,93,0.0,3.21,-0.6156614753256582,0.7880107536067221,21.6,86,0.0,4.19,-0.9612616959383188,0.2756373558169994,15.0,73,0.0,7.5,0.6293203910498374,0.7771459614569709,0.4750000000000014,open-meteo,2026-08-08T09:50:27+00:00
2026-07-17 04:00:00+00:00,FR,load,18.7,90,0.0,1.4,-0.2079116908177598,0.9781476007338056,17.5,92,0.0,2.33,0.9659258262890684,0.2588190451025207,21.3,87,0.0,4.61,-0.8746197071393956,0.4848096202463373,15.3,95,0.0,7.7,0.573576436351046,0.8191520442889918,0.1999999999999993,open-meteo,2026-08-08T09:50:27+00:00
2026-07-17 05:00:00+00:00,FR,load,18.8,90,22.0,2.84,-2.4492935982947064e-16,1.0,17.8,88,20.0,3.63,0.6156614753256584,-0.7880107536067219,21.2,89,4.0,3.86,-0.9135454576426012,0.4067366430757997,15.1,92,32.0,7.8,0.3907311284892737,0.9205048534524404,0.2249999999999978,open-meteo,2026-08-08T09:50:27+00:00
2026-07-17 06:00:00+00:00,FR,load,19.4,86,116.0,2.94,-0.4383711467890778,0.8987940462991668,18.2,87,118.0,3.16,0.1218693434051475,-0.992546151641322,21.5,88,64.0,3.63,-0.9993908270190958,-0.0348994967025007,17.0,87,158.0,6.4,0.224951054343865,0.9743700647852352,1.0249999999999986,open-meteo,2026-08-08T10:03:04+00:00
2026-07-17 07:00:00+00:00,FR,load,20.3,82,238.0,2.94,-0.0348994967025008,0.9993908270190958,19.7,84,297.0,2.08,-0.3255681544571567,-0.9455185755993168,22.1,85,161.0,3.43,-0.9993908270190958,-0.0348994967025007,18.8,86,309.0,5.1,0.1736481776669303,0.984807753012208,2.2250000000000014,open-meteo,2026-08-08T09:50:27+00:00
2026-07-17 08:00:00+00:00,FR,load,21.3,78,391.0,3.64,-0.2419218955996678,0.9702957262759964,22.4,71,474.0,1.19,-0.1564344650402307,-0.9876883405951378,23.2,80,300.0,3.15,-0.9961946980917455,0.0871557427476578,21.4,64,457.0,3.7,0.2079116908177593,0.9781476007338056,4.075000000000003,open-meteo,2026-08-08T09:50:27+00:00
2026-07-17 09:00:00+00:00,FR,load,23.1,70,537.0,2.95,-0.2588190451025207,0.9659258262890684,24.9,63,638.0,0.71,-0.9612616959383188,0.2756373558169994,24.7,71,424.0,2.86,-0.8571673007021123,0.5150380749100542,23.0,56,627.0,4.4,0.0174524064372835,0.9998476951563912,5.925000000000001,open-meteo,2026-08-08T09:50:27+00:00
2026-07-17 10:00:00+00:00,FR,load,23.5,69,495.0,2.81,-0.2079116908177598,0.9781476007338056,26.8,60,769.0,1.97,0.4539904997395468,0.8910065241883679,26.0,64,492.0,3.02,-0.8090169943749476,0.5877852522924729,24.4,49,748.0,4.8,0.1045284632676534,0.9945218953682732,7.174999999999997,open-meteo,2026-08-08T10:03:04+00:00
2026-07-17 11:00:00+00:00,FR,load,24.8,62,669.0,3.14,-0.2419218955996678,0.9702957262759964,28.6,49,859.0,3.67,0.1564344650402308,0.9876883405951378,26.4,63,387.0,3.98,-0.7880107536067218,0.6156614753256585,25.2,41,764.0,4.5,0.0174524064372835,0.9998476951563912,8.250000000000004,open-meteo,2026-08-08T09:50:27+00:00
2026-07-17 12:00:00+00:00,FR,load,25.6,58,502.0,3.14,-0.6293203910498378,0.7771459614569706,29.2,45,748.0,4.62,0.0871557427476581,0.9961946980917455,27.5,58,503.0,4.71,-0.6819983600624984,0.7313537016191707,25.7,40,874.0,5.6,-0.1218693434051472,0.992546151641322,9.0,open-meteo,2026-08-08T09:50:27+00:00
2026-07-17 13:00:00+00:00,FR,load,25.4,59,552.0,4.17,-0.4067366430758001,0.9135454576426008,29.9,42,891.0,4.85,0.2419218955996677,0.9702957262759964,28.1,55,573.0,4.76,-0.6018150231520483,0.7986355100472928,25.5,42,871.0,5.3,-0.0697564737441256,0.9975640502598242,9.225,open-meteo,2026-08-08T10:03:04+00:00
2026-07-17 14:00:00+00:00,FR,load,26.7,51,680.0,4.23,-0.7193398003386512,0.6946583704589973,30.4,40,827.0,4.75,0.2419218955996677,0.9702957262759964,28.6,52,570.0,4.68,-0.6018150231520483,0.7986355100472928,25.9,39,789.0,6.0,-0.4067366430758001,0.9135454576426008,9.9,open-meteo,2026-08-08T09:50:27+00:00
2026-07-17 15:00:00+00:00,FR,load,26.9,52,535.0,5.93,-0.5150380749100545,0.8571673007021121,30.7,40,717.0,4.35,0.3907311284892737,0.9205048534524404,29.0,50,634.0,5.16,-0.6293203910498378,0.7771459614569706,25.5,42,718.0,7.2,-0.3583679495453007,0.9335804264972016,10.025,open-meteo,2026-08-08T09:50:27+00:00
2026-07-17 16:00:00+00:00,FR,load,26.8,48,501.0,4.4,-0.2923717047227371,0.9563047559630352,30.6,37,571.0,4.52,0.4999999999999999,0.8660254037844387,29.2,49,544.0,4.94,-0.6293203910498378,0.7771459614569706,24.6,41,595.0,6.4,-0.3255681544571567,0.9455185755993168,9.800000000000004,open-meteo,2026-08-08T09:50:27+00:00
2026-07-17 17:00:00+00:00,FR,load,26.5,49,445.0,4.4,0.2923717047227367,0.9563047559630354,29.9,39,403.0,2.83,0.2419218955996677,0.9702957262759964,28.8,49,398.0,4.85,-0.6819983600624984,0.7313537016191707,23.7,39,445.0,6.1,-0.2588190451025207,0.9659258262890684,9.225,open-meteo,2026-08-08T09:50:27+00:00
2026-07-17 18:00:00+00:00,FR,load,25.7,48,277.0,4.34,0.3090169943749474,0.9510565162951536,29.0,39,223.0,5.04,0.224951054343865,0.9743700647852352,28.3,50,215.0,4.55,-0.6018150231520483,0.7986355100472928,22.7,47,284.0,7.0,-0.1736481776669304,0.984807753012208,8.425,open-meteo,2026-08-08T10:03:04+00:00
2026-07-17 19:00:00+00:00,FR,load,24.9,50,125.0,4.5,0.3420201433256687,0.9396926207859084,27.0,49,77.0,6.77,0.5150380749100542,0.8571673007021123,27.2,54,76.0,4.87,-0.7660444431189781,0.6427876096865393,21.3,48,132.0,6.1,-0.0348994967025008,0.9993908270190958,7.099999999999998,open-meteo,2026-08-08T10:03:04+00:00
2026-07-17 20:00:00+00:00,FR,load,23.3,52,19.0,4.56,0.4226182617406994,0.90630778703665,24.9,58,3.0,4.96,0.6156614753256583,0.7880107536067219,26.0,59,5.0,5.35,-0.9135454576426012,0.4067366430757997,19.6,66,24.0,5.2,0.0871557427476581,0.9961946980917455,5.450000000000003,open-meteo,2026-08-08T10:03:04+00:00
2026-07-17 21:00:00+00:00,FR,load,22.1,58,0.0,4.39,0.6293203910498374,0.7771459614569709,23.8,63,0.0,4.64,0.6946583704589973,0.7193398003386512,25.1,63,0.0,5.24,-0.9563047559630354,0.2923717047227367,17.6,77,0.0,5.1,-0.1564344650402311,0.9876883405951375,4.149999999999999,open-meteo,2026-08-08T10:03:04+00:00
2026-07-17 22:00:00+00:00,FR,load,21.7,62,0.0,2.22,0.7071067811865475,0.7071067811865476,22.9,62,0.0,5.55,0.5877852522924731,0.8090169943749475,24.2,68,0.0,5.68,-0.9998476951563912,0.0174524064372831,16.7,83,0.0,6.0,-0.2419218955996678,0.9702957262759964,3.375,open-meteo,2026-08-08T09:50:27+00:00
2026-07-17 23:00:00+00:00,FR,load,21.0,63,0.0,5.65,0.4694715627858908,0.882947592858927,22.3,61,0.0,7.32,0.1391731009600654,0.9902680687415704,23.5,73,0.0,5.79,-0.9975640502598242,-0.0697564737441255,15.8,91,0.0,5.0,-0.0523359562429443,0.9986295347545738,2.6499999999999986,open-meteo,2026-08-08T10:03:04+00:00
2026-07-18 00:00:00+00:00,FR,load,20.5,68,0.0,4.81,0.5446390350150271,0.838670567945424,20.8,69,0.0,5.3,0.2079116908177593,0.9781476007338056,22.8,77,0.0,5.49,-0.9998476951563912,-0.0174524064372834,14.8,93,0.0,3.8,-0.0871557427476583,0.9961946980917455,1.724999999999998,open-meteo,2026-08-08T09:50:27+00:00
2026-07-18 01:00:00+00:00,FR,load,20.3,68,0.0,5.35,0.4067366430758002,0.9135454576426008,20.0,74,0.0,5.28,0.374606593415912,0.9271838545667874,22.1,79,0.0,4.9,-0.9781476007338056,0.2079116908177594,14.0,95,0.0,3.1,-0.3420201433256686,0.9396926207859084,1.1000000000000014,open-meteo,2026-08-08T10:03:04+00:00
2026-07-18 02:00:00+00:00,FR,load,19.8,63,0.0,4.79,0.3907311284892737,0.9205048534524404,19.6,76,0.0,5.79,0.4067366430758002,0.9135454576426008,21.5,79,0.0,3.6,-0.9271838545667874,0.3746065934159119,13.9,95,0.0,4.1,-0.2588190451025207,0.9659258262890684,0.7000000000000028,open-meteo,2026-08-08T10:03:04+00:00
2026-07-18 03:00:00+00:00,FR,load,18.6,69,0.0,4.29,0.4539904997395468,0.8910065241883679,18.7,82,0.0,5.7,0.3255681544571567,0.9455185755993168,20.8,79,0.0,3.88,-0.9335804264972016,0.3583679495453004,13.2,96,0.0,3.1,-0.1218693434051472,0.992546151641322,0.1750000000000007,open-meteo,2026-08-08T09:50:27+00:00
2026-07-18 04:00:00+00:00,FR,load,18.5,69,0.0,4.3,0.4067366430758002,0.9135454576426008,18.4,84,0.0,5.35,0.2419218955996677,0.9702957262759964,20.5,78,0.0,4.57,-0.984807753012208,0.1736481776669299,13.1,96,0.0,4.4,0.4694715627858908,0.882947592858927,0.375,open-meteo,2026-08-08T10:03:04+00:00
2026-07-18 05:00:00+00:00,FR,load,18.3,73,17.0,3.95,0.3907311284892737,0.9205048534524404,18.7,83,23.0,5.36,0.3090169943749474,0.9510565162951536,20.1,81,7.0,4.74,-0.992546151641322,0.1218693434051476,13.6,95,38.0,3.0,0.573576436351046,0.8191520442889918,0.3249999999999993,open-meteo,2026-08-08T10:03:04+00:00
2026-07-18 06:00:00+00:00,FR,load,18.9,72,120.0,3.27,0.6293203910498374,0.7771459614569709,20.5,75,135.0,6.23,0.224951054343865,0.9743700647852352,20.5,80,97.0,4.13,-0.9975640502598244,0.0697564737441252,15.6,89,156.0,2.5,0.0174524064372835,0.9998476951563912,0.875,open-meteo,2026-08-08T10:03:04+00:00
2026-07-18 07:00:00+00:00,FR,load,20.4,64,290.0,1.64,0.9563047559630354,0.2923717047227367,21.9,69,304.0,4.66,0.2588190451025207,0.9659258262890684,21.7,76,253.0,3.45,-0.9659258262890684,0.2588190451025203,17.7,75,138.0,3.8,0.0348994967025009,0.9993908270190958,2.4250000000000007,open-meteo,2026-08-08T10:03:04+00:00
2026-07-18 08:00:00+00:00,FR,load,22.0,59,461.0,1.27,1.0,6.123233995736766e-17,23.7,62,472.0,5.02,0.2079116908177593,0.9781476007338056,23.1,72,432.0,3.29,-0.8660254037844386,0.5000000000000001,18.6,71,247.0,3.1,-0.3583679495453007,0.9335804264972016,3.8500000000000014,open-meteo,2026-08-08T10:03:04+00:00
2026-07-18 09:00:00+00:00,FR,load,24.0,51,622.0,0.89,0.9945218953682732,0.1045284632676534,25.9,50,636.0,5.01,0.0697564737441253,0.9975640502598242,25.1,66,597.0,2.91,-0.6691306063588581,0.7431448254773944,17.8,77,356.0,2.9,-0.5877852522924734,0.8090169943749473,5.199999999999999,open-meteo,2026-08-08T10:03:04+00:00
2026-07-18 10:00:00+00:00,FR,load,25.5,45,752.0,0.44,0.4539904997395468,-0.8910065241883678,27.2,46,759.0,4.52,0.0697564737441253,0.9975640502598242,26.9,59,746.0,2.85,-0.4539904997395469,0.8910065241883678,19.0,70,237.0,4.7,-0.4067366430758001,0.9135454576426008,6.649999999999999,open-meteo,2026-08-08T10:03:04+00:00
2026-07-18 11:00:00+00:00,FR,load,26.5,41,742.0,1.32,-0.6691306063588581,0.7431448254773944,28.3,42,857.0,4.37,0.1564344650402308,0.9876883405951378,28.5,54,848.0,3.17,-0.1564344650402311,0.9876883405951375,19.1,68,516.0,5.6,-0.3746065934159123,0.9271838545667872,7.600000000000001,open-meteo,2026-08-08T09:50:27+00:00
2026-07-18 12:00:00+00:00,FR,load,27.5,35,793.0,1.46,-0.6691306063588581,0.7431448254773944,29.3,41,892.0,3.83,0.0523359562429438,0.9986295347545738,30.1,47,900.0,3.14,-0.0697564737441256,0.9975640502598242,19.2,65,319.0,5.1,-0.5000000000000004,0.8660254037844384,8.525000000000002,open-meteo,2026-08-08T10:03:04+00:00
2026-07-18 13:00:00+00:00,FR,load,27.5,37,573.0,2.85,-0.6560590289905074,0.7547095802227719,30.0,37,861.0,2.55,0.0697564737441253,0.9975640502598242,30.9,44,878.0,3.11,-0.2249510543438653,0.9743700647852352,18.0,72,492.0,6.3,-0.0348994967025008,0.9993908270190958,8.600000000000001,open-meteo,2026-08-08T10:03:04+00:00
2026-07-18 14:00:00+00:00,FR,load,28.1,34,539.0,2.61,-0.8290375725550416,0.559192903470747,30.6,34,658.0,4.11,-0.2079116908177598,0.9781476007338056,31.3,43,811.0,3.33,-0.4067366430758001,0.9135454576426008,19.2,66,259.0,5.8,-0.0174524064372835,0.9998476951563912,9.3,open-meteo,2026-08-08T09:50:27+00:00
2026-07-18 15:00:00+00:00,FR,load,29.2,34,574.0,3.0,-0.6156614753256582,0.7880107536067221,30.7,37,698.0,3.34,0.0871557427476581,0.9961946980917455,31.2,42,698.0,2.91,-0.7431448254773946,0.6691306063588578,20.0,60,495.0,7.8,-0.2249510543438653,0.9743700647852352,9.775,open-meteo,2026-08-08T10:03:04+00:00
2026-07-18 16:00:00+00:00,FR,load,28.6,33,439.0,6.4,-0.4539904997395469,0.8910065241883678,30.2,35,526.0,3.38,0.374606593415912,0.9271838545667874,31.1,43,597.0,3.26,-0.7547095802227722,0.656059028990507,19.7,59,387.0,7.2,-0.1736481776669304,0.984807753012208,9.400000000000002,open-meteo,2026-08-08T09:50:27+00:00
2026-07-18 17:00:00+00:00,FR,load,27.4,40,373.0,10.3,-0.0523359562429443,0.9986295347545738,29.6,36,396.0,5.19,0.374606593415912,0.9271838545667874,30.7,43,439.0,3.81,-0.7193398003386512,0.6946583704589973,18.5,61,133.0,6.9,-0.1391731009600658,0.9902680687415704,8.55,open-meteo,2026-08-08T10:03:04+00:00
2026-07-18 18:00:00+00:00,FR,load,25.2,49,224.0,6.04,0.2923717047227367,0.9563047559630354,28.6,37,207.0,4.87,-0.2588190451025207,0.9659258262890684,30.0,43,261.0,4.92,-0.6819983600624984,0.7313537016191707,18.1,61,140.0,7.5,-0.0174524064372835,0.9998476951563912,7.475000000000001,open-meteo,2026-08-08T10:03:04+00:00
2026-07-18 19:00:00+00:00,FR,load,24.4,50,90.0,8.08,0.1045284632676534,0.9945218953682732,27.3,43,72.0,5.57,0.6293203910498374,0.7771459614569709,28.4,48,99.0,4.97,-0.529919264233205,0.8480480961564258,17.1,72,85.0,7.6,-0.0871557427476583,0.9961946980917455,6.299999999999997,open-meteo,2026-08-08T10:03:04+00:00
2026-07-18 20:00:00+00:00,FR,load,22.7,57,14.0,8.24,0.3420201433256687,0.9396926207859084,24.5,54,2.0,5.41,0.6691306063588582,0.7431448254773942,26.5,54,6.0,4.89,-0.544639035015027,0.838670567945424,16.8,73,4.0,6.8,-0.0174524064372835,0.9998476951563912,4.625,open-meteo,2026-08-08T10:03:04+00:00
2026-07-18 21:00:00+00:00,FR,load,20.8,62,0.0,8.94,0.4226182617406994,0.90630778703665,23.2,55,0.0,4.94,0.7771459614569709,0.6293203910498374,25.2,58,0.0,5.23,-0.6156614753256582,0.7880107536067221,16.3,73,0.0,5.2,0.0523359562429438,0.9986295347545738,3.375,open-meteo,2026-08-08T10:03:04+00:00
2026-07-18 22:00:00+00:00,FR,load,18.7,59,0.0,9.41,0.374606593415912,0.9271838545667874,22.1,59,0.0,3.77,0.4226182617406994,0.90630778703665,24.4,60,0.0,4.96,-0.7880107536067218,0.6156614753256585,15.4,72,0.0,5.0,-0.2419218955996678,0.9702957262759964,2.1499999999999986,open-meteo,2026-08-08T09:50:27+00:00
2026-07-18 23:00:00+00:00,FR,load,17.5,61,0.0,9.7,0.3420201433256687,0.9396926207859084,21.2,64,0.0,4.99,-0.2756373558169989,0.9612616959383188,23.8,62,0.0,4.52,-0.9135454576426012,0.4067366430757997,13.8,82,0.0,7.3,-0.0697564737441256,0.9975640502598242,1.0749999999999993,open-meteo,2026-08-08T10:03:04+00:00
2026-07-19 00:00:00+00:00,FR,load,16.4,70,0.0,8.88,0.374606593415912,0.9271838545667874,20.9,68,0.0,5.7,-0.0697564737441256,0.9975640502598242,23.0,63,0.0,3.97,-0.9396926207859084,0.342020143325669,13.7,84,0.0,7.3,-0.1391731009600658,0.9902680687415704,0.5,open-meteo,2026-08-08T10:03:04+00:00
2026-07-19 01:00:00+00:00,FR,load,15.8,71,0.0,6.57,0.4539904997395468,0.8910065241883679,20.2,72,0.0,5.23,0.224951054343865,0.9743700647852352,22.5,65,0.0,3.38,-0.9271838545667874,0.3746065934159119,13.4,86,0.0,5.3,0.0,1.0,0.0249999999999985,open-meteo,2026-08-08T10:03:04+00:00
2026-07-19 02:00:00+00:00,FR,load,15.1,75,0.0,6.82,0.2756373558169991,0.9612616959383188,19.4,76,0.0,5.38,0.1736481776669303,0.984807753012208,21.8,68,0.0,3.55,-0.8829475928589271,0.4694715627858904,13.3,85,0.0,4.2,-0.0348994967025008,0.9993908270190958,0.6000000000000014,open-meteo,2026-08-08T10:03:04+00:00
2026-07-19 03:00:00+00:00,FR,load,14.4,78,0.0,6.51,0.3090169943749474,0.9510565162951536,18.7,80,0.0,5.33,0.3420201433256687,0.9396926207859084,21.2,71,0.0,3.94,-0.9702957262759966,0.2419218955996674,13.4,84,0.0,4.1,-0.2588190451025207,0.9659258262890684,1.0749999999999993,open-meteo,2026-08-08T10:03:04+00:00
2026-07-19 04:00:00+00:00,FR,load,13.8,77,0.0,6.79,0.3090169943749474,0.9510565162951536,18.5,79,0.0,5.86,0.3583679495453002,0.9335804264972016,21.0,72,0.0,3.44,-0.9396926207859084,0.342020143325669,13.9,81,0.0,3.8,-0.3746065934159123,0.9271838545667872,1.1999999999999993,open-meteo,2026-08-08T10:03:04+00:00
2026-07-19 05:00:00+00:00,FR,load,13.7,81,23.0,6.42,0.2756373558169991,0.9612616959383188,18.8,77,21.0,5.73,0.3420201433256687,0.9396926207859084,20.5,76,6.0,2.98,-0.9876883405951378,0.1564344650402306,14.1,79,7.0,4.0,-0.6427876096865396,0.7660444431189778,1.2250000000000014,open-meteo,2026-08-08T10:03:04+00:00
2026-07-19 06:00:00+00:00,FR,load,14.9,77,138.0,5.73,0.3420201433256687,0.9396926207859084,20.3,71,137.0,5.61,0.3255681544571567,0.9455185755993168,21.3,76,87.0,2.65,-0.9993908270190958,0.0348994967025012,14.9,76,39.0,4.4,-0.7193398003386512,0.6946583704589973,0.1499999999999985,open-meteo,2026-08-08T10:03:04+00:00
2026-07-19 07:00:00+00:00,FR,load,16.1,72,297.0,5.37,0.3583679495453002,0.9335804264972016,21.6,64,295.0,5.99,0.1908089953765448,0.981627183447664,23.4,70,247.0,2.48,-0.9876883405951375,-0.156434465040231,15.8,71,231.0,3.5,-0.8386705679454243,0.5446390350150266,1.2250000000000014,open-meteo,2026-08-08T10:03:04+00:00
2026-07-19 08:00:00+00:00,FR,load,17.4,65,466.0,5.39,0.4539904997395468,0.8910065241883679,22.9,60,482.0,7.09,0.1045284632676534,0.9945218953682732,25.0,65,436.0,2.26,-0.9961946980917455,0.0871557427476578,17.3,61,272.0,5.2,-0.2923717047227371,0.9563047559630352,2.6499999999999986,open-meteo,2026-08-08T10:03:04+00:00
2026-07-19 09:00:00+00:00,FR,load,18.8,58,588.0,4.79,0.3907311284892737,0.9205048534524404,25.0,53,644.0,6.67,0.0348994967025009,0.9993908270190958,27.1,54,603.0,1.8,-0.8746197071393956,0.4848096202463373,18.6,53,360.0,5.7,-0.2588190451025207,0.9659258262890684,4.375,open-meteo,2026-08-08T10:03:04+00:00
2026-07-19 10:00:00+00:00,FR,load,20.0,52,672.0,4.59,0.3420201433256687,0.9396926207859084,26.7,47,779.0,6.96,0.0174524064372835,0.9998476951563912,29.2,45,735.0,1.8,-0.4848096202463369,0.8746197071393959,18.8,50,573.0,6.8,-0.3420201433256686,0.9396926207859084,5.675000000000001,open-meteo,2026-08-08T10:03:04+00:00
2026-07-19 11:00:00+00:00,FR,load,20.9,47,761.0,5.02,0.2923717047227367,0.9563047559630354,28.0,40,871.0,6.77,0.0523359562429438,0.9986295347545738,30.9,37,853.0,2.31,0.2079116908177593,0.9781476007338056,19.8,47,640.0,5.2,-0.4539904997395469,0.8910065241883678,6.899999999999999,open-meteo,2026-08-08T10:03:04+00:00
2026-07-19 12:00:00+00:00,FR,load,21.8,45,893.0,4.62,0.2923717047227367,0.9563047559630354,28.7,36,900.0,7.35,-0.0348994967025008,0.9993908270190958,32.0,34,894.0,3.02,0.224951054343865,0.9743700647852352,19.8,47,701.0,5.0,-0.3583679495453007,0.9335804264972016,7.574999999999999,open-meteo,2026-08-08T10:03:04+00:00
2026-07-19 13:00:00+00:00,FR,load,22.2,43,697.0,4.34,0.1045284632676534,0.9945218953682732,29.1,34,898.0,7.5,-0.1218693434051472,0.992546151641322,32.7,32,868.0,3.19,0.1908089953765448,0.981627183447664,20.9,43,746.0,4.9,-0.4539904997395469,0.8910065241883678,8.225000000000001,open-meteo,2026-08-08T09:50:27+00:00
2026-07-19 14:00:00+00:00,FR,load,23.0,37,698.0,4.27,0.1564344650402308,0.9876883405951378,29.5,29,828.0,6.47,0.0348994967025009,0.9993908270190958,33.3,30,815.0,3.5,0.1908089953765448,0.981627183447664,20.6,43,580.0,5.7,-0.2756373558169989,0.9612616959383188,8.600000000000001,open-meteo,2026-08-08T09:50:27+00:00
2026-07-19 15:00:00+00:00,FR,load,23.2,39,626.0,5.04,0.4067366430758002,0.9135454576426008,29.3,28,731.0,7.35,0.0348994967025009,0.9993908270190958,33.1,30,743.0,2.95,0.1045284632676534,0.9945218953682732,19.8,46,559.0,7.8,-0.1045284632676534,0.9945218953682732,8.349999999999998,open-meteo,2026-08-08T09:50:27+00:00
2026-07-19 16:00:00+00:00,FR,load,23.0,37,459.0,5.97,0.4999999999999999,0.8660254037844387,28.6,32,586.0,7.69,0.1218693434051474,0.992546151641322,32.7,31,560.0,3.14,-0.0348994967025008,0.9993908270190958,19.4,47,520.0,9.2,-0.1391731009600658,0.9902680687415704,7.925000000000004,open-meteo,2026-08-08T09:50:27+00:00
2026-07-19 17:00:00+00:00,FR,load,22.5,36,314.0,7.36,0.5446390350150271,0.838670567945424,27.7,30,412.0,7.61,0.2079116908177593,0.9781476007338056,31.4,33,332.0,2.56,-0.1218693434051472,0.992546151641322,18.8,48,437.0,8.9,-0.0348994967025008,0.9993908270190958,7.099999999999998,open-meteo,2026-08-08T09:50:27+00:00
2026-07-19 18:00:00+00:00,FR,load,22.2,35,185.0,5.96,0.4226182617406994,0.90630778703665,26.5,34,232.0,8.18,0.2923717047227367,0.9563047559630354,31.0,34,219.0,0.84,-0.9335804264972016,-0.3583679495453007,18.1,50,279.0,8.9,0.0348994967025009,0.9993908270190958,6.450000000000003,open-meteo,2026-08-08T09:50:27+00:00
2026-07-19 19:00:00+00:00,FR,load,21.2,39,105.0,5.08,0.4694715627858908,0.882947592858927,24.4,44,77.0,8.03,0.4067366430758002,0.9135454576426008,28.3,46,96.0,2.5,-0.5150380749100542,-0.8571673007021123,16.9,53,132.0,6.7,-0.0174524064372835,0.9998476951563912,4.699999999999996,open-meteo,2026-08-08T09:50:27+00:00
2026-07-19 20:00:00+00:00,FR,load,19.9,41,13.0,8.07,0.484809620246337,0.8746197071393957,22.2,49,2.0,6.66,0.2923717047227367,0.9563047559630354,25.6,57,6.0,2.79,-0.3090169943749473,-0.9510565162951536,15.5,61,22.0,5.8,0.0348994967025009,0.9993908270190958,2.799999999999997,open-meteo,2026-08-08T09:50:27+00:00
2026-07-19 21:00:00+00:00,FR,load,19.0,46,0.0,8.63,0.4383711467890774,0.898794046299167,21.0,56,0.0,6.44,0.1564344650402308,0.9876883405951378,25.5,52,0.0,1.06,-0.8290375725550418,-0.5591929034707466,14.2,70,0.0,6.8,0.0174524064372835,0.9998476951563912,1.9250000000000007,open-meteo,2026-08-08T09:50:27+00:00
2026-07-19 22:00:00+00:00,FR,load,17.3,53,0.0,9.08,0.484809620246337,0.8746197071393957,19.9,59,0.0,5.68,-2.4492935982947064e-16,1.0,23.9,60,0.0,1.81,0.2249510543438652,-0.9743700647852352,12.8,80,0.0,5.7,0.0523359562429438,0.9986295347545738,0.4750000000000014,open-meteo,2026-08-08T09:50:27+00:00
2026-07-19 23:00:00+00:00,FR,load,16.3,53,0.0,8.68,0.4539904997395468,0.8910065241883679,19.0,60,0.0,6.42,-0.1218693434051472,0.992546151641322,23.0,64,0.0,2.06,0.0523359562429438,-0.9986295347545738,11.7,82,0.0,6.0,0.1045284632676534,0.9945218953682732,0.5,open-meteo,2026-08-08T09:50:27+00:00
2026-07-20 00:00:00+00:00,FR,load,15.8,56,0.0,8.55,0.4226182617406994,0.90630778703665,18.9,60,0.0,7.06,0.0523359562429438,0.9986295347545738,22.1,71,0.0,1.43,-0.9612616959383188,0.2756373558169994,11.0,86,0.0,6.3,0.1045284632676534,0.9945218953682732,1.0499999999999972,open-meteo,2026-08-08T09:50:27+00:00
2026-07-20 01:00:00+00:00,FR,load,14.9,62,0.0,8.24,0.4539904997395468,0.8910065241883679,17.6,64,0.0,5.89,0.0523359562429438,0.9986295347545738,21.7,71,0.0,1.81,-0.9743700647852352,-0.2249510543438652,13.6,75,0.0,5.7,0.0697564737441253,0.9975640502598242,1.0500000000000007,open-meteo,2026-08-08T09:50:27+00:00
2026-07-20 02:00:00+00:00,FR,load,14.0,66,0.0,7.95,0.374606593415912,0.9271838545667874,17.0,63,0.0,6.53,0.1391731009600654,0.9902680687415704,21.4,71,0.0,1.5,-0.981627183447664,-0.1908089953765446,13.2,75,0.0,5.8,-0.0523359562429443,0.9986295347545738,1.6000000000000014,open-meteo,2026-08-08T09:50:27+00:00
2026-07-20 03:00:00+00:00,FR,load,13.4,71,0.0,8.08,0.3907311284892737,0.9205048534524404,16.5,63,0.0,7.38,0.1908089953765448,0.981627183447664,21.1,74,0.0,0.84,-0.8090169943749476,0.5877852522924729,12.9,77,0.0,5.5,-2.4492935982947064e-16,1.0,2.0250000000000004,open-meteo,2026-08-08T09:50:27+00:00
2026-07-20 04:00:00+00:00,FR,load,12.8,75,0.0,7.91,0.374606593415912,0.9271838545667874,15.6,66,0.0,6.48,0.1736481776669303,0.984807753012208,20.6,76,0.0,0.9,-0.7547095802227722,0.656059028990507,14.1,71,0.0,5.4,-0.1045284632676534,0.9945218953682732,2.225,open-meteo,2026-08-08T10:03:04+00:00
2026-07-20 05:00:00+00:00,FR,load,12.7,77,22.0,7.76,0.4383711467890774,0.898794046299167,15.4,66,21.0,6.69,0.0871557427476581,0.9961946980917455,20.4,77,6.0,0.44,-0.8910065241883679,0.4539904997395466,12.8,79,23.0,5.2,-0.1736481776669304,0.984807753012208,2.6750000000000007,open-meteo,2026-08-08T09:50:27+00:00
2026-07-20 06:00:00+00:00,FR,load,13.6,75,139.0,6.59,0.3907311284892737,0.9205048534524404,16.2,66,134.0,6.93,0.1391731009600654,0.9902680687415704,20.9,82,93.0,1.01,0.8746197071393959,-0.484809620246337,15.0,70,132.0,5.2,-0.2588190451025207,0.9659258262890684,1.5750000000000028,open-meteo,2026-08-08T10:03:04+00:00
2026-07-20 07:00:00+00:00,FR,load,14.7,69,300.0,6.33,0.374606593415912,0.9271838545667874,17.5,61,300.0,6.08,-0.0348994967025008,0.9993908270190958,24.0,70,254.0,1.61,0.6156614753256584,-0.7880107536067219,16.9,60,229.0,3.7,0.1391731009600654,0.9902680687415704,0.2749999999999986,open-meteo,2026-08-08T09:50:27+00:00
2026-07-20 08:00:00+00:00,FR,load,16.3,61,470.0,5.98,0.5299192642332049,0.848048096156426,19.4,55,478.0,6.66,0.0174524064372835,0.9998476951563912,26.2,59,436.0,0.63,0.777145961456971,-0.6293203910498373,17.9,55,345.0,4.7,0.0697564737441253,0.9975640502598242,1.9500000000000028,open-meteo,2026-08-08T09:50:27+00:00
2026-07-20 09:00:00+00:00,FR,load,18.2,52,619.0,6.66,0.754709580222772,0.6560590289905073,21.7,46,644.0,7.16,-0.0348994967025008,0.9993908270190958,28.1,53,602.0,1.38,0.9975640502598242,-0.0697564737441253,18.5,50,321.0,5.7,-0.0697564737441256,0.9975640502598242,3.625,open-meteo,2026-08-08T09:50:27+00:00
2026-07-20 10:00:00+00:00,FR,load,19.3,49,736.0,5.91,0.6427876096865393,0.766044443118978,23.6,43,777.0,6.86,-0.0348994967025008,0.9993908270190958,30.1,46,748.0,1.77,0.9455185755993168,0.3255681544571567,19.7,47,507.0,6.0,-2.4492935982947064e-16,1.0,5.175000000000001,open-meteo,2026-08-08T10:03:04+00:00
2026-07-20 11:00:00+00:00,FR,load,20.4,45,823.0,5.68,0.5877852522924731,0.8090169943749475,25.5,36,869.0,7.06,0.0348994967025009,0.9993908270190958,31.8,40,829.0,2.43,0.7313537016191705,0.6819983600624985,20.2,44,671.0,6.5,0.0174524064372835,0.9998476951563912,6.475000000000001,open-meteo,2026-08-08T10:03:04+00:00
2026-07-20 12:00:00+00:00,FR,load,21.4,41,877.0,6.69,0.6293203910498374,0.7771459614569709,26.5,33,908.0,6.89,0.1045284632676534,0.9945218953682732,33.2,34,890.0,2.98,0.7193398003386511,0.6946583704589973,21.1,41,726.0,6.1,0.1564344650402308,0.9876883405951378,7.549999999999997,open-meteo,2026-08-08T09:50:27+00:00
2026-07-20 13:00:00+00:00,FR,load,22.4,40,871.0,6.75,0.4383711467890774,0.898794046299167,27.2,31,868.0,6.81,0.1218693434051474,0.992546151641322,34.3,30,907.0,2.91,0.7431448254773942,0.6691306063588582,21.2,40,772.0,7.1,0.1045284632676534,0.9945218953682732,8.274999999999999,open-meteo,2026-08-08T10:03:04+00:00
2026-07-20 14:00:00+00:00,FR,load,22.5,40,745.0,5.55,0.5299192642332049,0.848048096156426,27.9,30,824.0,5.9,0.1908089953765448,0.981627183447664,35.0,28,855.0,2.7,0.7193398003386511,0.6946583704589973,21.5,40,819.0,7.1,0.1391731009600654,0.9902680687415704,8.725000000000001,open-meteo,2026-08-08T09:50:27+00:00
2026-07-20 15:00:00+00:00,FR,load,22.8,39,651.0,5.22,0.5591929034707469,0.8290375725550417,27.4,31,710.0,6.35,0.1564344650402308,0.9876883405951378,34.8,27,753.0,2.43,0.766044443118978,0.6427876096865394,21.0,41,708.0,7.5,0.1045284632676534,0.9945218953682732,8.5,open-meteo,2026-08-08T09:50:27+00:00
2026-07-20 16:00:00+00:00,FR,load,22.6,32,570.0,7.02,0.6427876096865393,0.766044443118978,27.4,31,571.0,6.48,0.1736481776669303,0.984807753012208,34.8,27,613.0,2.57,0.6427876096865393,0.766044443118978,20.6,43,591.0,6.4,0.0523359562429438,0.9986295347545738,8.350000000000001,open-meteo,2026-08-08T09:50:27+00:00
2026-07-20 17:00:00+00:00,FR,load,22.7,36,405.0,7.96,0.6156614753256583,0.7880107536067219,26.8,32,390.0,6.8,0.2079116908177593,0.9781476007338056,34.5,28,443.0,2.08,0.7071067811865475,0.7071067811865476,20.3,46,441.0,6.4,0.0174524064372835,0.9998476951563912,8.075,open-meteo,2026-08-08T09:50:27+00:00
2026-07-20 18:00:00+00:00,FR,load,21.9,37,209.0,6.58,0.6018150231520483,0.7986355100472928,25.4,36,221.0,7.8,0.2079116908177593,0.9781476007338056,32.9,28,262.0,6.11,-0.2079116908177598,0.9781476007338056,19.0,45,279.0,7.2,0.224951054343865,0.9743700647852352,6.799999999999997,open-meteo,2026-08-08T10:03:04+00:00
2026-07-20 19:00:00+00:00,FR,load,21.2,38,88.0,8.1,0.573576436351046,0.8191520442889918,23.2,42,73.0,7.58,0.1045284632676534,0.9945218953682732,30.1,34,94.0,6.23,-0.3255681544571567,0.9455185755993168,17.8,54,122.0,7.3,0.1218693434051474,0.992546151641322,5.074999999999999,open-meteo,2026-08-08T09:50:27+00:00
2026-07-20 20:00:00+00:00,FR,load,20.2,40,13.0,8.29,0.573576436351046,0.8191520442889918,21.5,36,2.0,7.37,0.0871557427476581,0.9961946980917455,28.1,37,6.0,6.41,-0.3255681544571567,0.9455185755993168,16.6,60,21.0,6.7,0.2079116908177593,0.9781476007338056,3.6000000000000014,open-meteo,2026-08-08T09:50:27+00:00
2026-07-20 21:00:00+00:00,FR,load,19.1,43,0.0,7.77,0.484809620246337,0.8746197071393957,20.5,41,0.0,6.37,-0.0348994967025008,0.9993908270190958,26.9,41,0.0,6.15,-0.2419218955996678,0.9702957262759964,14.7,71,0.0,6.1,0.2756373558169991,0.9612616959383188,2.3000000000000007,open-meteo,2026-08-08T09:50:27+00:00
2026-07-20 22:00:00+00:00,FR,load,18.2,49,0.0,9.42,0.4226182617406994,0.90630778703665,19.9,40,0.0,5.98,0.0348994967025009,0.9993908270190958,26.2,46,0.0,2.37,-0.1218693434051472,0.992546151641322,13.3,81,0.0,6.5,0.4694715627858908,0.882947592858927,1.3999999999999986,open-meteo,2026-08-08T09:50:27+00:00
2026-07-20 23:00:00+00:00,FR,load,17.1,54,0.0,8.81,0.4067366430758002,0.9135454576426008,18.8,46,0.0,5.22,0.0871557427476581,0.9961946980917455,24.6,49,0.0,0.49,-0.6018150231520483,0.7986355100472928,12.1,86,0.0,7.2,0.5299192642332049,0.848048096156426,0.1500000000000021,open-meteo,2026-08-08T09:50:27+00:00
2026-07-21 00:00:00+00:00,FR,load,16.5,57,0.0,7.67,0.4694715627858908,0.882947592858927,18.0,50,0.0,6.02,-0.1218693434051472,0.992546151641322,23.7,48,0.0,1.43,-0.9612616959383188,0.2756373558169994,10.9,89,0.0,6.5,0.5591929034707469,0.8290375725550417,0.7249999999999979,open-meteo,2026-08-08T10:03:04+00:00
2026-07-21 01:00:00+00:00,FR,load,15.6,60,0.0,7.73,0.374606593415912,0.9271838545667874,17.5,48,0.0,6.79,-0.0871557427476583,0.9961946980917455,22.9,52,0.0,1.93,-0.913545457642601,-0.4067366430758001,10.4,91,0.0,6.1,0.6427876096865393,0.766044443118978,1.3999999999999986,open-meteo,2026-08-08T10:03:04+00:00
2026-07-21 02:00:00+00:00,FR,load,14.7,66,0.0,7.55,0.3907311284892737,0.9205048534524404,16.6,51,0.0,6.03,0.1218693434051474,0.992546151641322,22.4,55,0.0,3.27,-0.7771459614569706,-0.6293203910498378,9.8,91,0.0,6.9,0.6560590289905073,0.754709580222772,2.125,open-meteo,2026-08-08T10:03:04+00:00
2026-07-21 03:00:00+00:00,FR,load,14.2,69,0.0,7.76,0.4226182617406994,0.90630778703665,15.8,54,0.0,7.35,0.0348994967025009,0.9993908270190958,21.8,53,0.0,3.29,-0.9205048534524404,-0.3907311284892738,9.3,93,0.0,6.5,0.6691306063588582,0.7431448254773942,2.7250000000000014,open-meteo,2026-08-08T09:50:27+00:00
2026-07-21 04:00:00+00:00,FR,load,13.6,74,0.0,7.9,0.3420201433256687,0.9396926207859084,15.1,57,0.0,7.08,0.0871557427476581,0.9961946980917455,21.2,56,0.0,3.92,-0.9986295347545738,-0.0523359562429443,9.2,93,0.0,4.7,0.6560590289905073,0.754709580222772,3.2250000000000014,open-meteo,2026-08-08T10:03:04+00:00
2026-07-21 05:00:00+00:00,FR,load,13.4,75,21.0,8.33,0.3090169943749474,0.9510565162951536,14.8,59,20.0,8.31,0.1391731009600654,0.9902680687415704,21.1,57,5.0,5.24,-0.9902680687415704,0.1391731009600654,10.1,92,23.0,4.3,0.9205048534524404,0.3907311284892737,3.1499999999999986,open-meteo,2026-08-08T09:50:27+00:00
2026-07-21 06:00:00+00:00,FR,load,14.1,72,134.0,6.8,0.2588190451025207,0.9659258262890684,15.4,61,132.0,8.55,0.0871557427476581,0.9961946980917455,22.0,65,87.0,5.85,-0.9702957262759966,0.2419218955996674,12.9,79,48.0,3.1,0.90630778703665,0.4226182617406994,1.8999999999999984,open-meteo,2026-08-08T10:03:04+00:00
2026-07-21 07:00:00+00:00,FR,load,15.2,68,296.0,6.54,0.224951054343865,0.9743700647852352,16.6,59,300.0,7.65,0.1736481776669303,0.984807753012208,23.2,61,249.0,5.35,-0.9702957262759966,0.2419218955996674,16.6,65,140.0,2.8,0.838670567945424,0.5446390350150271,0.1000000000000014,open-meteo,2026-08-08T09:50:27+00:00
2026-07-21 08:00:00+00:00,FR,load,16.7,65,464.0,6.06,0.2419218955996677,0.9702957262759964,18.3,55,479.0,7.45,0.0348994967025009,0.9993908270190958,24.6,53,435.0,5.52,-0.9563047559630354,0.2923717047227367,17.2,63,353.0,2.6,0.6946583704589973,0.7193398003386512,1.1999999999999993,open-meteo,2026-08-08T10:03:04+00:00
2026-07-21 09:00:00+00:00,FR,load,19.2,59,621.0,5.02,0.2079116908177593,0.9781476007338056,20.4,48,646.0,7.36,-0.0697564737441256,0.9975640502598242,26.2,46,608.0,4.96,-0.9510565162951536,0.3090169943749472,18.2,59,573.0,3.5,0.484809620246337,0.8746197071393957,3.0,open-meteo,2026-08-08T10:03:04+00:00
2026-07-21 10:00:00+00:00,FR,load,21.0,54,754.0,4.82,0.224951054343865,0.9743700647852352,22.3,43,782.0,8.18,-0.1045284632676534,0.9945218953682732,28.1,40,752.0,4.65,-0.9063077870366498,0.4226182617406996,20.0,52,721.0,3.2,0.2419218955996677,0.9702957262759964,4.850000000000001,open-meteo,2026-08-08T10:03:04+00:00
2026-07-21 11:00:00+00:00,FR,load,22.2,49,816.0,4.43,0.3090169943749474,0.9510565162951536,23.9,38,875.0,8.24,-0.0523359562429443,0.9986295347545738,29.8,35,857.0,4.67,-0.7771459614569708,0.6293203910498375,21.1,47,764.0,3.4,0.0,1.0,6.25,open-meteo,2026-08-08T10:03:04+00:00
2026-07-21 12:00:00+00:00,FR,load,23.4,42,857.0,4.75,0.374606593415912,0.9271838545667874,24.9,34,919.0,7.95,-0.0523359562429443,0.9986295347545738,31.3,30,914.0,5.57,-0.6293203910498378,0.7771459614569706,22.6,40,836.0,4.1,-0.0174524064372835,0.9998476951563912,7.549999999999997,open-meteo,2026-08-08T10:03:04+00:00
2026-07-21 13:00:00+00:00,FR,load,24.1,41,862.0,5.05,0.3090169943749474,0.9510565162951536,26.0,30,916.0,8.53,-0.0523359562429443,0.9986295347545738,32.3,27,918.0,5.57,-0.5591929034707466,0.8290375725550418,22.6,42,860.0,6.1,-0.2249510543438653,0.9743700647852352,8.25,open-meteo,2026-08-08T09:50:27+00:00
2026-07-21 14:00:00+00:00,FR,load,24.5,38,821.0,5.89,0.0697564737441253,0.9975640502598242,26.6,25,857.0,8.53,-0.0523359562429443,0.9986295347545738,32.9,24,866.0,5.63,-0.5150380749100545,0.8571673007021121,22.3,44,787.0,6.2,-0.2419218955996678,0.9702957262759964,8.575,open-meteo,2026-08-08T10:03:04+00:00
2026-07-21 15:00:00+00:00,FR,load,25.0,33,747.0,5.42,0.224951054343865,0.9743700647852352,26.0,28,748.0,9.21,-0.0348994967025008,0.9993908270190958,32.8,23,765.0,5.08,-0.6427876096865396,0.7660444431189778,22.4,43,707.0,8.0,-0.2419218955996678,0.9702957262759964,8.549999999999997,open-meteo,2026-08-08T09:50:27+00:00
2026-07-21 16:00:00+00:00,FR,load,25.2,27,617.0,5.89,0.2588190451025207,0.9659258262890684,25.7,24,598.0,9.31,0.0174524064372835,0.9998476951563912,32.6,23,622.0,5.0,-0.6691306063588581,0.7431448254773944,20.8,54,572.0,8.0,-0.1908089953765446,0.981627183447664,8.075,open-meteo,2026-08-08T09:50:27+00:00
2026-07-21 17:00:00+00:00,FR,load,24.7,28,460.0,6.56,0.2419218955996677,0.9702957262759964,25.0,28,423.0,9.61,-0.0348994967025008,0.9993908270190958,32.2,22,450.0,5.33,-0.6946583704589976,0.7193398003386509,20.0,57,334.0,7.7,-0.1908089953765446,0.981627183447664,7.475000000000001,open-meteo,2026-08-08T09:50:27+00:00
2026-07-21 18:00:00+00:00,FR,load,24.0,31,287.0,5.89,0.2588190451025207,0.9659258262890684,24.0,31,238.0,9.6,0.0174524064372835,0.9998476951563912,31.4,22,268.0,6.4,-0.6427876096865396,0.7660444431189778,18.9,62,254.0,7.0,-0.1736481776669304,0.984807753012208,6.575000000000003,open-meteo,2026-08-08T10:03:04+00:00
2026-07-21 19:00:00+00:00,FR,load,23.0,38,125.0,6.42,0.1218693434051474,0.992546151641322,21.6,32,76.0,9.45,0.0871557427476581,0.9961946980917455,29.3,25,99.0,6.66,-0.6819983600624984,0.7313537016191707,18.1,63,121.0,6.2,-0.2249510543438653,0.9743700647852352,5.0,open-meteo,2026-08-08T10:03:04+00:00
2026-07-21 20:00:00+00:00,FR,load,21.4,42,15.0,6.73,0.3583679495453002,0.9335804264972016,20.1,38,2.0,8.9,0.1391731009600654,0.9902680687415704,27.0,30,6.0,6.51,-0.7071067811865477,0.7071067811865474,16.7,78,19.0,5.0,-0.1391731009600658,0.9902680687415704,3.3000000000000007,open-meteo,2026-08-08T10:03:04+00:00
2026-07-21 21:00:00+00:00,FR,load,20.6,45,0.0,7.49,0.4539904997395468,0.8910065241883679,19.2,41,0.0,7.55,0.0348994967025009,0.9993908270190958,25.3,33,0.0,6.45,-0.6819983600624984,0.7313537016191707,15.4,79,0.0,5.5,0.0174524064372835,0.9998476951563912,2.125,open-meteo,2026-08-08T09:50:27+00:00
2026-07-21 22:00:00+00:00,FR,load,19.0,60,0.0,8.15,0.3420201433256687,0.9396926207859084,18.3,44,0.0,7.74,0.0174524064372835,0.9998476951563912,24.1,36,0.0,5.63,-0.6427876096865396,0.7660444431189778,15.5,80,0.0,4.1,-0.1736481776669304,0.984807753012208,1.2250000000000014,open-meteo,2026-08-08T10:03:04+00:00
2026-07-21 23:00:00+00:00,FR,load,17.9,67,0.0,8.03,0.3420201433256687,0.9396926207859084,17.1,47,0.0,6.44,0.1564344650402308,0.9876883405951378,23.2,37,0.0,4.97,-0.3746065934159123,0.9271838545667872,14.5,88,0.0,3.8,-0.2249510543438653,0.9743700647852352,0.1750000000000007,open-meteo,2026-08-08T10:03:04+00:00
2026-07-22 00:00:00+00:00,FR,load,17.1,71,0.0,6.88,0.4383711467890774,0.898794046299167,16.3,50,0.0,6.01,0.1045284632676534,0.9945218953682732,22.0,39,0.0,3.35,-0.2588190451025207,0.9659258262890684,13.5,91,0.0,4.3,-0.0523359562429443,0.9986295347545738,0.7749999999999986,open-meteo,2026-08-08T09:50:27+00:00
2026-07-22 01:00:00+00:00,FR,load,16.4,73,0.0,6.91,0.3583679495453002,0.9335804264972016,16.0,52,0.0,7.3,0.1218693434051474,0.992546151641322,20.6,43,0.0,2.47,-0.5591929034707466,0.8290375725550418,16.2,78,0.0,3.7,-0.3746065934159123,0.9271838545667872,0.6999999999999993,open-meteo,2026-08-08T10:03:04+00:00
2026-07-22 02:00:00+00:00,FR,load,15.7,76,0.0,6.61,0.2079116908177593,0.9781476007338056,15.4,54,0.0,7.47,0.1908089953765448,0.981627183447664,19.7,45,0.0,3.03,-0.8746197071393956,0.4848096202463373,15.7,83,0.0,3.7,-0.0523359562429443,0.9986295347545738,1.375,open-meteo,2026-08-08T10:03:04+00:00
2026-07-22 03:00:00+00:00,FR,load,14.8,78,0.0,6.13,0.224951054343865,0.9743700647852352,14.8,54,0.0,7.93,0.1564344650402308,0.9876883405951378,18.8,48,0.0,2.84,-0.7193398003386512,0.6946583704589973,15.4,83,0.0,4.2,-0.1045284632676534,0.9945218953682732,2.049999999999999,open-meteo,2026-08-08T10:03:04+00:00
2026-07-22 04:00:00+00:00,FR,load,14.4,79,0.0,6.92,0.2079116908177593,0.9781476007338056,14.3,58,0.0,7.94,0.1564344650402308,0.9876883405951378,18.2,50,0.0,2.78,-0.7771459614569708,0.6293203910498375,15.9,74,0.0,5.0,-0.1218693434051472,0.992546151641322,2.299999999999999,open-meteo,2026-08-08T10:03:04+00:00
2026-07-22 05:00:00+00:00,FR,load,14.2,81,19.0,7.14,0.1564344650402308,0.9876883405951378,14.0,61,19.0,7.33,0.1391731009600654,0.9902680687415704,17.8,53,5.0,2.72,-0.8660254037844386,0.5000000000000001,15.6,77,9.0,4.5,-0.4383711467890778,0.8987940462991668,2.6,open-meteo,2026-08-08T09:50:27+00:00
2026-07-22 06:00:00+00:00,FR,load,15.2,78,129.0,5.71,0.1045284632676534,0.9945218953682732,15.1,61,136.0,6.94,0.1564344650402308,0.9876883405951378,18.6,59,92.0,2.59,-0.9063077870366498,0.4226182617406996,16.4,73,62.0,5.2,-0.4694715627858908,0.882947592858927,1.6750000000000007,open-meteo,2026-08-08T09:50:27+00:00
2026-07-22 07:00:00+00:00,FR,load,16.2,74,289.0,5.42,0.224951054343865,0.9743700647852352,16.7,58,305.0,5.85,0.1564344650402308,0.9876883405951378,21.4,50,254.0,2.2,-0.9335804264972016,0.3583679495453004,17.6,69,204.0,5.5,-0.3090169943749477,0.9510565162951536,0.0249999999999985,open-meteo,2026-08-08T09:50:27+00:00
2026-07-22 08:00:00+00:00,FR,load,17.7,69,455.0,5.08,0.3255681544571567,0.9455185755993168,18.9,52,485.0,6.01,0.1045284632676534,0.9945218953682732,23.3,44,436.0,1.53,-0.7660444431189781,0.6427876096865393,18.5,61,277.0,4.0,0.1218693434051474,0.992546151641322,1.599999999999998,open-meteo,2026-08-08T10:03:04+00:00
2026-07-22 09:00:00+00:00,FR,load,19.3,64,591.0,4.7,0.3907311284892737,0.9205048534524404,21.3,44,653.0,5.98,0.0348994967025009,0.9993908270190958,25.8,35,608.0,2.14,-0.2756373558169989,0.9612616959383188,19.3,58,166.0,5.1,-0.1391731009600658,0.9902680687415704,3.4250000000000007,open-meteo,2026-08-08T10:03:04+00:00
2026-07-22 10:00:00+00:00,FR,load,20.7,57,701.0,4.26,0.3907311284892737,0.9205048534524404,23.3,39,790.0,5.78,-0.0348994967025008,0.9993908270190958,28.1,31,752.0,2.46,-0.0871557427476583,0.9961946980917455,19.5,60,309.0,5.9,-0.1218693434051472,0.992546151641322,4.899999999999999,open-meteo,2026-08-08T10:03:04+00:00
2026-07-22 11:00:00+00:00,FR,load,22.4,52,821.0,4.68,0.2756373558169991,0.9612616959383188,25.0,33,884.0,6.76,-2.4492935982947064e-16,1.0,30.2,27,858.0,2.48,-0.1564344650402311,0.9876883405951375,20.8,53,494.0,5.7,-0.0523359562429443,0.9986295347545738,6.599999999999998,open-meteo,2026-08-08T10:03:04+00:00
2026-07-22 12:00:00+00:00,FR,load,22.7,51,861.0,4.74,0.3090169943749474,0.9510565162951536,25.6,30,928.0,7.25,0.0348994967025009,0.9993908270190958,31.7,22,913.0,3.07,-0.2923717047227371,0.9563047559630352,21.4,52,661.0,5.4,0.0871557427476581,0.9961946980917455,7.350000000000001,open-meteo,2026-08-08T09:50:27+00:00
2026-07-22 13:00:00+00:00,FR,load,23.6,47,843.0,4.97,0.2588190451025207,0.9659258262890684,26.8,29,915.0,7.45,0.0348994967025009,0.9993908270190958,32.8,20,904.0,3.02,-0.2249510543438653,0.9743700647852352,21.3,52,685.0,6.7,-0.0348994967025008,0.9993908270190958,8.125,open-meteo,2026-08-08T09:50:27+00:00
2026-07-22 14:00:00+00:00,FR,load,24.6,45,824.0,5.63,0.224951054343865,0.9743700647852352,27.4,25,851.0,7.16,0.0348994967025009,0.9993908270190958,33.6,19,854.0,3.07,-0.2923717047227371,0.9563047559630352,21.0,51,507.0,6.7,-0.0174524064372835,0.9998476951563912,8.649999999999999,open-meteo,2026-08-08T09:50:27+00:00
2026-07-22 15:00:00+00:00,FR,load,24.7,44,718.0,5.94,0.224951054343865,0.9743700647852352,27.6,23,742.0,6.57,0.0348994967025009,0.9993908270190958,33.2,17,761.0,2.33,-0.2588190451025207,0.9659258262890684,21.4,49,389.0,6.8,-0.1045284632676534,0.9945218953682732,8.725000000000001,open-meteo,2026-08-08T10:03:04+00:00
2026-07-22 16:00:00+00:00,FR,load,24.6,41,604.0,6.35,0.2923717047227367,0.9563047559630354,27.6,23,592.0,6.98,0.0871557427476581,0.9961946980917455,33.2,17,620.0,2.21,-0.2249510543438653,0.9743700647852352,20.3,51,356.0,6.0,0.0348994967025009,0.9993908270190958,8.425,open-meteo,2026-08-08T09:50:27+00:00
2026-07-22 17:00:00+00:00,FR,load,24.7,43,449.0,5.59,0.374606593415912,0.9271838545667874,27.1,23,418.0,6.57,0.0348994967025009,0.9993908270190958,32.9,17,448.0,2.02,-0.2419218955996678,0.9702957262759964,20.8,52,398.0,6.9,0.0697564737441253,0.9975640502598242,8.374999999999996,open-meteo,2026-08-08T10:03:04+00:00
2026-07-22 18:00:00+00:00,FR,load,24.0,41,277.0,6.27,0.484809620246337,0.8746197071393957,25.6,22,237.0,7.07,0.0697564737441253,0.9975640502598242,32.3,18,265.0,3.17,-0.3746065934159123,0.9271838545667872,20.0,57,241.0,7.1,0.1736481776669303,0.984807753012208,7.475000000000001,open-meteo,2026-08-08T09:50:27+00:00
2026-07-22 19:00:00+00:00,FR,load,22.5,44,115.0,6.98,0.484809620246337,0.8746197071393957,23.0,30,76.0,6.49,0.1908089953765448,0.981627183447664,29.8,24,96.0,3.37,-0.4383711467890778,0.8987940462991668,18.5,64,117.0,7.1,0.0348994967025009,0.9993908270190958,5.449999999999999,open-meteo,2026-08-08T10:03:04+00:00
2026-07-22 20:00:00+00:00,FR,load,21.2,49,12.0,6.98,0.5591929034707469,0.8290375725550417,20.3,36,2.0,6.33,0.2756373558169991,0.9612616959383188,27.2,28,5.0,3.26,-0.544639035015027,0.838670567945424,17.2,71,18.0,5.4,-0.0871557427476583,0.9961946980917455,3.4750000000000014,open-meteo,2026-08-08T09:50:27+00:00
2026-07-22 21:00:00+00:00,FR,load,20.5,52,0.0,6.98,0.6156614753256583,0.7880107536067219,19.2,36,0.0,5.73,0.3420201433256687,0.9396926207859084,25.4,32,0.0,3.76,-0.6293203910498378,0.7771459614569706,15.8,79,0.0,6.7,-0.0348994967025008,0.9993908270190958,2.224999999999998,open-meteo,2026-08-08T09:50:27+00:00
2026-07-22 22:00:00+00:00,FR,load,19.4,56,0.0,6.58,0.6018150231520483,0.7986355100472928,17.9,40,0.0,5.07,0.1736481776669303,0.984807753012208,24.1,36,0.0,2.99,-0.7547095802227722,0.656059028990507,14.6,82,0.0,5.7,-0.1391731009600658,0.9902680687415704,1.0,open-meteo,2026-08-08T09:50:27+00:00
2026-07-22 23:00:00+00:00,FR,load,18.5,61,0.0,6.53,0.5877852522924731,0.8090169943749475,17.4,42,0.0,5.29,-2.4492935982947064e-16,1.0,23.6,37,0.0,2.53,-0.8090169943749476,0.5877852522924729,13.7,90,0.0,6.3,-0.0871557427476583,0.9961946980917455,0.3000000000000007,open-meteo,2026-08-08T09:50:27+00:00
2026-07-23 00:00:00+00:00,FR,load,17.9,64,0.0,5.37,0.6156614753256583,0.7880107536067219,17.2,50,0.0,7.16,-0.0523359562429443,0.9986295347545738,23.5,39,0.0,2.15,-0.5000000000000004,0.8660254037844384,14.1,88,0.0,5.2,-0.0348994967025008,0.9993908270190958,0.1749999999999971,open-meteo,2026-08-08T10:03:04+00:00
2026-07-23 01:00:00+00:00,FR,load,17.1,67,0.0,6.03,0.5299192642332049,0.848048096156426,16.5,56,0.0,6.47,-0.0174524064372835,0.9998476951563912,22.5,39,0.0,1.94,-0.7547095802227722,0.656059028990507,13.3,89,0.0,4.8,-2.4492935982947064e-16,1.0,0.6499999999999986,open-meteo,2026-08-08T10:03:04+00:00
2026-07-23 02:00:00+00:00,FR,load,16.3,71,0.0,5.83,0.484809620246337,0.8746197071393957,15.4,63,0.0,6.77,0.0348994967025009,0.9993908270190958,20.7,44,0.0,1.8,-0.9271838545667874,0.3746065934159119,13.4,90,0.0,3.9,0.1564344650402308,0.9876883405951378,1.5499999999999972,open-meteo,2026-08-08T10:03:04+00:00
2026-07-23 03:00:00+00:00,FR,load,15.5,75,0.0,4.82,0.484809620246337,0.8746197071393957,14.8,67,0.0,7.16,0.0348994967025009,0.9993908270190958,19.7,51,0.0,1.46,-0.7431448254773946,0.6691306063588578,12.0,94,0.0,5.3,0.224951054343865,0.9743700647852352,2.5,open-meteo,2026-08-08T09:50:27+00:00
2026-07-23 04:00:00+00:00,FR,load,14.9,77,0.0,5.22,0.3907311284892737,0.9205048534524404,14.4,70,0.0,7.4,0.1218693434051474,0.992546151641322,18.9,53,0.0,1.19,-0.9876883405951378,0.1564344650402306,11.6,93,0.0,3.3,-0.2756373558169989,0.9612616959383188,3.049999999999999,open-meteo,2026-08-08T10:03:04+00:00
2026-07-23 05:00:00+00:00,FR,load,14.9,79,18.0,5.43,0.4383711467890774,0.898794046299167,14.2,75,18.0,7.01,0.2079116908177593,0.9781476007338056,18.4,57,5.0,1.24,-0.9510565162951536,-0.3090169943749475,13.6,86,14.0,3.5,-0.8290375725550416,0.559192903470747,2.725,open-meteo,2026-08-08T09:50:27+00:00
2026-07-23 06:00:00+00:00,FR,load,16.0,77,127.0,4.74,0.4999999999999999,0.8660254037844387,15.4,73,132.0,7.84,0.1564344650402308,0.9876883405951378,18.8,67,92.0,1.39,-0.7771459614569706,-0.6293203910498378,15.3,81,109.0,4.6,-0.6691306063588581,0.7431448254773944,1.625,open-meteo,2026-08-08T10:03:04+00:00
2026-07-23 07:00:00+00:00,FR,load,16.8,73,282.0,5.16,0.5446390350150271,0.838670567945424,16.8,68,300.0,7.57,0.0697564737441253,0.9975640502598242,22.7,67,256.0,1.31,-0.8910065241883678,-0.4539904997395469,17.1,73,155.0,3.0,-0.8090169943749476,0.5877852522924729,0.3500000000000014,open-meteo,2026-08-08T10:03:04+00:00
2026-07-23 08:00:00+00:00,FR,load,17.8,68,441.0,5.06,0.6819983600624985,0.7313537016191705,18.7,62,480.0,7.15,0.0348994967025009,0.9993908270190958,26.0,42,438.0,1.55,-0.9510565162951536,0.3090169943749472,18.1,69,129.0,3.5,-0.4067366430758001,0.9135454576426008,2.1499999999999986,open-meteo,2026-08-08T10:03:04+00:00
2026-07-23 09:00:00+00:00,FR,load,18.7,62,531.0,4.85,0.7313537016191705,0.6819983600624985,20.5,55,646.0,7.16,0.0348994967025009,0.9993908270190958,28.0,35,612.0,2.88,-0.8191520442889918,0.573576436351046,17.6,73,193.0,4.2,-0.5000000000000004,0.8660254037844384,3.200000000000003,open-meteo,2026-08-08T10:03:04+00:00
2026-07-23 10:00:00+00:00,FR,load,19.8,56,647.0,5.09,0.4999999999999999,0.8660254037844387,22.5,49,782.0,7.66,0.0697564737441253,0.9975640502598242,30.0,30,757.0,3.86,-0.8090169943749476,0.5877852522924729,18.6,69,427.0,4.8,-0.3907311284892739,0.9205048534524404,4.725000000000001,open-meteo,2026-08-08T10:03:04+00:00
2026-07-23 11:00:00+00:00,FR,load,21.7,48,804.0,5.7,0.3255681544571567,0.9455185755993168,24.5,44,873.0,7.56,0.0697564737441253,0.9975640502598242,31.8,26,861.0,4.5,-0.7193398003386512,0.6946583704589973,19.3,62,239.0,4.7,0.0523359562429438,0.9986295347545738,6.324999999999999,open-meteo,2026-08-08T10:03:04+00:00
2026-07-23 12:00:00+00:00,FR,load,22.6,45,830.0,5.92,0.4067366430758002,0.9135454576426008,25.3,41,916.0,7.84,0.0174524064372835,0.9998476951563912,33.0,22,918.0,5.0,-0.6691306063588581,0.7431448254773944,21.0,54,626.0,4.5,0.0697564737441253,0.9975640502598242,7.475000000000001,open-meteo,2026-08-08T10:03:04+00:00
2026-07-23 13:00:00+00:00,FR,load,23.7,42,857.0,5.64,0.2923717047227367,0.9563047559630354,26.4,36,901.0,8.73,0.0523359562429438,0.9986295347545738,33.9,19,922.0,5.2,-0.6946583704589976,0.7193398003386509,21.7,54,593.0,4.9,0.2079116908177593,0.9781476007338056,8.425,open-meteo,2026-08-08T09:50:27+00:00
2026-07-23 14:00:00+00:00,FR,load,24.0,40,819.0,5.61,0.3255681544571567,0.9455185755993168,27.0,32,840.0,8.82,-0.0174524064372835,0.9998476951563912,34.6,16,871.0,5.42,-0.6560590289905074,0.7547095802227719,22.6,48,597.0,7.1,0.1045284632676534,0.9945218953682732,9.049999999999995,open-meteo,2026-08-08T10:03:04+00:00
2026-07-23 15:00:00+00:00,FR,load,23.8,39,727.0,6.04,0.3420201433256687,0.9396926207859084,26.8,28,733.0,8.92,-2.4492935982947064e-16,1.0,34.4,17,771.0,5.01,-0.6427876096865396,0.7660444431189778,22.7,45,595.0,6.4,0.1045284632676534,0.9945218953682732,8.925,open-meteo,2026-08-08T10:03:04+00:00
2026-07-23 16:00:00+00:00,FR,load,24.2,40,581.0,5.49,0.5150380749100542,0.8571673007021123,26.8,29,584.0,9.03,0.0523359562429438,0.9986295347545738,34.2,17,628.0,5.22,-0.6427876096865396,0.7660444431189778,22.4,48,504.0,5.6,0.0871557427476581,0.9961946980917455,8.899999999999999,open-meteo,2026-08-08T09:50:27+00:00
2026-07-23 17:00:00+00:00,FR,load,23.8,39,424.0,5.97,0.4999999999999999,0.8660254037844387,26.2,29,410.0,9.41,0.0348994967025009,0.9993908270190958,33.7,17,456.0,5.14,-0.6427876096865396,0.7660444431189778,21.9,48,389.0,5.7,0.0523359562429438,0.9986295347545738,8.399999999999999,open-meteo,2026-08-08T09:50:27+00:00
2026-07-23 18:00:00+00:00,FR,load,23.4,40,281.0,5.22,0.4694715627858908,0.882947592858927,24.7,33,230.0,9.37,0.1218693434051474,0.992546151641322,32.8,19,271.0,4.99,-0.7071067811865477,0.7071067811865474,20.7,53,250.0,5.2,0.224951054343865,0.9743700647852352,7.399999999999999,open-meteo,2026-08-08T10:03:04+00:00
2026-07-23 19:00:00+00:00,FR,load,22.4,43,119.0,5.57,0.4694715627858908,0.882947592858927,22.3,32,72.0,10.89,0.1391731009600654,0.9902680687415704,30.0,24,98.0,4.58,-0.7431448254773946,0.6691306063588578,20.1,55,114.0,3.5,0.374606593415912,0.9271838545667874,5.700000000000003,open-meteo,2026-08-08T09:50:27+00:00
2026-07-23 20:00:00+00:00,FR,load,21.1,47,14.0,7.0,0.7313537016191705,0.6819983600624985,21.0,33,1.0,10.71,0.1564344650402308,0.9876883405951378,27.1,30,5.0,4.67,-0.7771459614569708,0.6293203910498375,18.2,64,17.0,3.9,0.6018150231520483,0.7986355100472928,3.8500000000000014,open-meteo,2026-08-08T09:50:27+00:00
2026-07-23 21:00:00+00:00,FR,load,19.8,54,0.0,6.12,0.766044443118978,0.6427876096865394,20.1,36,0.0,9.63,0.0697564737441253,0.9975640502598242,25.4,30,0.0,4.15,-0.945518575599317,0.3255681544571563,16.4,73,0.0,3.5,0.7313537016191705,0.6819983600624985,2.4250000000000043,open-meteo,2026-08-08T09:50:27+00:00
2026-07-23 22:00:00+00:00,FR,load,18.8,59,0.0,5.62,0.6819983600624985,0.7313537016191705,18.3,40,0.0,7.09,0.1908089953765448,0.981627183447664,24.3,32,0.0,4.59,-0.8290375725550416,0.559192903470747,15.4,76,0.0,4.2,0.766044443118978,0.6427876096865394,1.2000000000000028,open-meteo,2026-08-08T09:50:27+00:00
2026-07-23 23:00:00+00:00,FR,load,17.9,65,0.0,5.31,0.6156614753256583,0.7880107536067219,16.9,44,0.0,5.98,-0.0174524064372835,0.9998476951563912,23.5,34,0.0,3.9,-0.4694715627858908,0.882947592858927,14.3,84,0.0,3.3,0.838670567945424,0.5446390350150271,0.1499999999999985,open-meteo,2026-08-08T09:50:27+00:00
2026-07-24 00:00:00+00:00,FR,load,17.2,73,0.0,4.85,0.7071067811865475,0.7071067811865476,16.5,54,0.0,5.89,-0.0697564737441256,0.9975640502598242,22.8,39,0.0,2.95,-0.2588190451025207,0.9659258262890684,13.3,87,0.0,1.8,0.9986295347545738,0.0523359562429439,0.5500000000000007,open-meteo,2026-08-08T09:50:27+00:00
2026-07-24 01:00:00+00:00,FR,load,16.5,76,0.0,4.61,0.6156614753256583,0.7880107536067219,16.1,58,0.0,6.67,-0.0348994967025008,0.9993908270190958,21.9,40,0.0,1.43,-0.2756373558169989,0.9612616959383188,12.9,90,0.0,3.2,0.9396926207859084,-0.3420201433256687,1.1499999999999986,open-meteo,2026-08-08T09:50:27+00:00
2026-07-24 02:00:00+00:00,FR,load,16.1,78,0.0,5.23,0.6156614753256583,0.7880107536067219,15.4,60,0.0,6.73,0.1391731009600654,0.9902680687415704,20.3,45,0.0,0.75,-0.9205048534524404,0.3907311284892735,15.2,82,0.0,3.6,0.9271838545667874,-0.374606593415912,1.25,open-meteo,2026-08-08T10:03:04+00:00
2026-07-24 03:00:00+00:00,FR,load,15.5,76,0.0,4.85,0.7071067811865475,0.7071067811865476,14.5,59,0.0,7.09,0.1908089953765448,0.981627183447664,18.7,55,0.0,0.57,-0.5150380749100545,0.8571673007021121,12.2,92,0.0,5.0,0.6156614753256584,-0.7880107536067219,2.7749999999999986,open-meteo,2026-08-08T10:03:04+00:00
2026-07-24 04:00:00+00:00,FR,load,15.0,79,0.0,4.45,0.6427876096865393,0.766044443118978,13.9,63,0.0,6.4,0.0871557427476581,0.9961946980917455,18.2,57,0.0,0.35,-0.5591929034707466,0.8290375725550418,13.6,91,0.0,6.0,0.3420201433256689,-0.9396926207859084,2.825000000000001,open-meteo,2026-08-08T10:03:04+00:00
2026-07-24 05:00:00+00:00,FR,load,15.0,80,17.0,4.88,0.6156614753256583,0.7880107536067219,13.7,67,17.0,6.51,0.1218693434051474,0.992546151641322,17.7,59,5.0,0.62,0.9510565162951536,0.3090169943749474,14.1,86,15.0,5.3,0.3090169943749475,-0.9510565162951536,2.875,open-meteo,2026-08-08T09:50:27+00:00
2026-07-24 06:00:00+00:00,FR,load,16.4,74,119.0,4.44,0.6819983600624985,0.7313537016191705,15.7,63,131.0,6.88,0.1908089953765448,0.981627183447664,18.0,70,89.0,2.32,0.8829475928589269,-0.4694715627858909,15.3,83,135.0,4.7,0.529919264233205,-0.848048096156426,1.650000000000002,open-meteo,2026-08-08T09:50:27+00:00
2026-07-24 07:00:00+00:00,FR,load,17.7,66,265.0,5.04,0.7986355100472928,0.6018150231520483,17.4,57,301.0,5.54,0.1391731009600654,0.9902680687415704,22.1,59,252.0,3.86,0.8090169943749475,-0.587785252292473,17.2,71,204.0,3.7,0.4226182617406995,-0.90630778703665,0.5999999999999979,open-meteo,2026-08-08T10:03:04+00:00
2026-07-24 08:00:00+00:00,FR,load,19.2,59,438.0,4.02,0.7071067811865475,0.7071067811865476,19.8,51,482.0,5.23,0.1045284632676534,0.9945218953682732,25.2,47,436.0,3.49,0.788010753606722,-0.6156614753256583,19.3,61,67.0,4.1,0.3255681544571566,-0.9455185755993168,2.875,open-meteo,2026-08-08T10:03:04+00:00
2026-07-24 09:00:00+00:00,FR,load,21.1,50,583.0,5.0,0.8191520442889918,0.573576436351046,22.2,46,651.0,5.13,0.224951054343865,0.9743700647852352,28.5,38,611.0,4.31,0.9335804264972016,-0.3583679495453002,21.1,54,538.0,2.4,0.0348994967025011,-0.9993908270190958,5.225000000000001,open-meteo,2026-08-08T09:50:27+00:00
2026-07-24 10:00:00+00:00,FR,load,22.7,46,678.0,4.92,0.8571673007021123,0.5150380749100542,24.3,42,788.0,4.91,0.0871557427476581,0.9961946980917455,31.5,28,760.0,5.24,0.9563047559630355,-0.2923717047227366,20.9,55,698.0,1.9,0.2419218955996677,-0.9702957262759964,6.850000000000001,open-meteo,2026-08-08T09:50:27+00:00
2026-07-24 11:00:00+00:00,FR,load,24.4,42,795.0,5.74,0.8910065241883679,0.4539904997395468,26.1,38,882.0,4.64,0.1218693434051474,0.992546151641322,33.6,22,866.0,6.04,0.9563047559630355,-0.2923717047227366,23.7,48,511.0,2.0,-0.7431448254773944,-0.6691306063588581,8.95,open-meteo,2026-08-08T09:50:27+00:00
2026-07-24 12:00:00+00:00,FR,load,25.5,40,855.0,5.83,0.90630778703665,0.4226182617406994,27.7,34,924.0,3.5,0.1908089953765448,0.981627183447664,34.9,19,920.0,6.94,0.9455185755993168,-0.3255681544571566,25.0,45,675.0,1.4,-0.9743700647852352,0.2249510543438649,10.275,open-meteo,2026-08-08T09:50:27+00:00
2026-07-24 13:00:00+00:00,FR,load,26.3,39,868.0,4.82,0.8910065241883679,0.4539904997395468,29.0,32,913.0,2.95,0.1045284632676534,0.9945218953682732,35.9,18,920.0,8.37,0.9335804264972016,-0.3583679495453002,24.4,48,699.0,0.2,0.8480480961564261,-0.5299192642332048,10.9,open-meteo,2026-08-08T09:50:27+00:00
2026-07-24 14:00:00+00:00,FR,load,26.9,39,812.0,4.47,0.8746197071393957,0.4848096202463371,30.0,27,849.0,0.77,-0.7660444431189781,0.6427876096865393,36.0,18,864.0,9.77,0.8987940462991669,-0.4383711467890775,26.1,42,777.0,1.4,0.0697564737441253,0.9975640502598242,11.75,open-meteo,2026-08-08T09:50:27+00:00
2026-07-24 15:00:00+00:00,FR,load,27.2,37,721.0,4.17,0.754709580222772,0.6560590289905073,30.4,25,739.0,0.53,0.374606593415912,0.9271838545667874,35.3,18,759.0,10.83,0.8746197071393959,-0.484809620246337,26.4,40,589.0,1.9,0.2756373558169991,0.9612616959383188,11.824999999999996,open-meteo,2026-08-08T10:03:04+00:00
2026-07-24 16:00:00+00:00,FR,load,27.3,36,602.0,3.76,0.7771459614569709,0.6293203910498374,30.6,24,588.0,0.69,-0.7071067811865475,-0.7071067811865477,34.1,21,613.0,11.88,0.8829475928589269,-0.4694715627858909,26.3,42,414.0,2.2,-0.0871557427476583,0.9961946980917455,11.575,open-meteo,2026-08-08T10:03:04+00:00
2026-07-24 17:00:00+00:00,FR,load,27.1,38,438.0,3.94,0.573576436351046,0.8191520442889918,30.3,22,411.0,1.8,-0.374606593415912,-0.9271838545667874,32.3,24,438.0,12.02,0.8746197071393959,-0.484809620246337,25.3,46,304.0,6.0,-0.2419218955996678,0.9702957262759964,10.75,open-meteo,2026-08-08T10:03:04+00:00
2026-07-24 18:00:00+00:00,FR,load,26.5,39,258.0,4.92,0.6946583704589973,0.7193398003386512,29.3,24,229.0,1.5,-0.1908089953765447,-0.981627183447664,30.4,25,251.0,11.25,0.7547095802227721,-0.6560590289905072,24.9,46,203.0,4.2,0.0871557427476581,0.9961946980917455,9.775,open-meteo,2026-08-08T09:50:27+00:00
2026-07-24 19:00:00+00:00,FR,load,25.0,44,116.0,4.65,0.4999999999999999,0.8660254037844387,25.6,33,71.0,1.1,0.4539904997395468,-0.8910065241883678,28.2,28,85.0,10.6,0.6946583704589971,-0.7193398003386513,23.5,55,87.0,5.5,-0.2588190451025207,0.9659258262890684,7.574999999999999,open-meteo,2026-08-08T10:03:04+00:00
2026-07-24 20:00:00+00:00,FR,load,23.2,49,13.0,4.87,0.8660254037844386,0.5000000000000001,23.0,30,1.0,3.88,0.3583679495453002,-0.9335804264972016,26.5,31,4.0,11.03,0.6156614753256584,-0.7880107536067219,22.0,58,15.0,4.7,-0.3746065934159123,0.9271838545667872,5.675000000000001,open-meteo,2026-08-08T09:50:27+00:00
2026-07-24 21:00:00+00:00,FR,load,21.9,55,0.0,5.28,0.8571673007021123,0.5150380749100542,22.5,39,0.0,8.82,-0.2588190451025208,-0.9659258262890684,24.8,37,0.0,6.59,-0.3907311284892735,-0.9205048534524404,19.7,60,0.0,3.2,0.0871557427476581,0.9961946980917455,4.225000000000001,open-meteo,2026-08-08T10:03:04+00:00
2026-07-24 22:00:00+00:00,FR,load,21.0,57,0.0,4.61,0.9135454576426008,0.4067366430758002,22.5,59,0.0,12.43,-0.1736481776669304,-0.984807753012208,23.8,50,0.0,6.48,-0.984807753012208,-0.1736481776669303,17.9,76,0.0,4.8,-0.0523359562429443,0.9986295347545738,3.299999999999997,open-meteo,2026-08-08T10:03:04+00:00
2026-07-24 23:00:00+00:00,FR,load,20.4,60,0.0,3.68,0.8746197071393957,0.4848096202463371,21.8,68,0.0,13.3,-0.1564344650402307,-0.9876883405951378,22.2,73,0.0,8.03,-0.9998476951563912,0.0174524064372831,17.3,85,0.0,4.1,0.3907311284892737,0.9205048534524404,2.4250000000000007,open-meteo,2026-08-08T10:03:04+00:00
2026-07-25 00:00:00+00:00,FR,load,19.0,65,0.0,5.83,0.3420201433256687,0.9396926207859084,21.3,76,0.0,12.63,-0.1736481776669304,-0.984807753012208,21.6,79,0.0,7.46,-0.9986295347545738,-0.0523359562429443,15.9,86,0.0,1.6,0.754709580222772,0.6560590289905073,1.4499999999999993,open-meteo,2026-08-08T10:03:04+00:00
2026-07-25 01:00:00+00:00,FR,load,18.5,68,0.0,4.96,0.3090169943749474,0.9510565162951536,21.2,81,0.0,12.31,-0.1564344650402307,-0.9876883405951378,21.2,80,0.0,7.38,-0.9961946980917455,-0.0871557427476582,15.0,93,0.0,0.6,0.484809620246337,0.8746197071393957,0.9750000000000014,open-meteo,2026-08-08T10:03:04+00:00
2026-07-25 02:00:00+00:00,FR,load,17.5,73,0.0,4.99,0.3420201433256687,0.9396926207859084,21.2,82,0.0,11.48,-0.0523359562429435,-0.9986295347545738,20.8,81,0.0,6.77,-0.9993908270190958,-0.0348994967025007,14.4,95,0.0,0.9,-0.7880107536067221,-0.6156614753256581,0.4750000000000014,open-meteo,2026-08-08T10:03:04+00:00
2026-07-25 03:00:00+00:00,FR,load,16.9,75,0.0,5.18,0.484809620246337,0.8746197071393957,21.0,77,0.0,10.03,-0.2079116908177595,-0.9781476007338056,20.9,82,0.0,5.89,-0.9986295347545738,0.0523359562429439,13.2,95,0.0,1.4,-0.7071067811865475,-0.7071067811865477,0.0,open-meteo,2026-08-08T10:03:04+00:00
2026-07-25 04:00:00+00:00,FR,load,16.3,78,0.0,4.43,0.4694715627858908,0.882947592858927,20.5,84,0.0,8.67,-0.2419218955996675,-0.9702957262759964,20.8,81,0.0,5.39,-0.9993908270190958,0.0348994967025012,13.0,97,0.0,2.0,-0.6293203910498376,-0.7771459614569708,0.3500000000000014,open-meteo,2026-08-08T10:03:04+00:00
2026-07-25 05:00:00+00:00,FR,load,15.4,84,15.0,2.58,0.1564344650402308,0.9876883405951378,20.2,86,12.0,8.27,-0.0871557427476579,-0.9961946980917455,20.6,83,2.0,4.81,-0.9975640502598242,-0.0697564737441255,13.8,94,27.0,5.6,-0.7071067811865475,-0.7071067811865477,0.5,open-meteo,2026-08-08T09:50:27+00:00
2026-07-25 06:00:00+00:00,FR,load,17.3,82,111.0,2.25,-2.4492935982947064e-16,1.0,20.9,74,99.0,7.77,-0.2419218955996675,-0.9702957262759964,21.1,81,58.0,4.3,-0.9781476007338056,-0.2079116908177598,17.1,82,140.0,4.5,-0.6018150231520484,-0.7986355100472928,1.1000000000000014,open-meteo,2026-08-08T09:50:27+00:00
2026-07-25 07:00:00+00:00,FR,load,19.7,70,272.0,1.45,-0.4694715627858908,0.882947592858927,21.8,68,149.0,8.3,-0.1218693434051473,-0.992546151641322,21.9,75,192.0,5.89,-0.9975640502598244,0.0697564737441252,19.6,68,290.0,3.9,-0.848048096156426,-0.529919264233205,2.75,open-meteo,2026-08-08T09:50:27+00:00
2026-07-25 08:00:00+00:00,FR,load,21.7,63,436.0,0.96,-0.4067366430758001,0.9135454576426008,22.7,66,170.0,5.52,-0.2079116908177595,-0.9781476007338056,22.7,68,332.0,6.54,-0.9876883405951378,0.1564344650402306,22.1,60,447.0,3.7,-0.9205048534524404,-0.3907311284892738,4.299999999999997,open-meteo,2026-08-08T09:50:27+00:00
2026-07-25 09:00:00+00:00,FR,load,23.8,54,607.0,1.58,-0.3746065934159123,0.9271838545667872,25.1,46,429.0,5.26,-0.4539904997395467,-0.8910065241883679,23.9,59,518.0,6.61,-0.9781476007338056,0.2079116908177594,23.6,53,567.0,3.4,-0.9961946980917455,0.0871557427476578,6.100000000000001,open-meteo,2026-08-08T09:50:27+00:00
2026-07-25 10:00:00+00:00,FR,load,25.3,48,738.0,2.39,-0.3255681544571567,0.9455185755993168,28.3,30,672.0,8.85,-0.4226182617406993,-0.90630778703665,25.3,52,665.0,6.88,-0.9563047559630354,0.2923717047227367,25.6,48,563.0,3.4,-0.9902680687415704,-0.1391731009600658,8.125,open-meteo,2026-08-08T09:50:27+00:00
2026-07-25 11:00:00+00:00,FR,load,26.5,44,826.0,2.77,-0.529919264233205,0.8480480961564258,29.9,26,850.0,9.07,-0.4694715627858908,-0.8829475928589269,26.4,46,752.0,7.32,-0.9396926207859084,0.342020143325669,27.2,39,792.0,3.6,-0.9902680687415704,0.1391731009600654,9.5,open-meteo,2026-08-08T09:50:27+00:00
2026-07-25 12:00:00+00:00,FR,load,27.0,41,872.0,3.24,-0.4848096202463369,0.8746197071393959,29.5,35,747.0,10.3,-0.4226182617406993,-0.90630778703665,26.9,44,677.0,8.1,-0.9335804264972016,0.3583679495453004,27.6,36,788.0,3.6,-0.9612616959383188,0.2756373558169994,9.75,open-meteo,2026-08-08T10:03:04+00:00
2026-07-25 13:00:00+00:00,FR,load,27.7,42,865.0,2.84,-0.6946583704589976,0.7193398003386509,30.5,27,828.0,12.62,-0.4383711467890774,-0.8987940462991669,26.5,45,516.0,8.55,-0.9510565162951536,0.3090169943749472,27.3,38,790.0,3.8,-0.945518575599317,0.3255681544571563,10.0,open-meteo,2026-08-08T10:03:04+00:00
2026-07-25 14:00:00+00:00,FR,load,28.3,39,767.0,3.9,-0.6293203910498378,0.7771459614569706,30.5,28,785.0,11.33,-0.374606593415912,-0.9271838545667874,24.3,54,430.0,8.92,-0.9876883405951378,0.1564344650402306,28.2,35,715.0,3.6,-0.7193398003386512,0.6946583704589973,9.825,open-meteo,2026-08-08T10:03:04+00:00
2026-07-25 15:00:00+00:00,FR,load,28.7,36,694.0,4.79,-0.6560590289905074,0.7547095802227719,25.5,48,588.0,11.99,-0.1391731009600655,-0.9902680687415704,22.9,63,163.0,6.7,-0.9659258262890684,-0.2588190451025206,28.5,34,674.0,5.0,-0.9510565162951536,0.3090169943749472,8.399999999999999,open-meteo,2026-08-08T10:03:04+00:00
2026-07-25 16:00:00+00:00,FR,load,28.8,35,589.0,3.4,-0.7547095802227722,0.656059028990507,25.7,47,361.0,8.83,-0.1564344650402307,-0.9876883405951378,21.9,69,283.0,7.69,-0.992546151641322,-0.1218693434051471,27.8,35,565.0,6.5,-0.981627183447664,0.1908089953765451,8.05,open-meteo,2026-08-08T09:50:27+00:00
2026-07-25 17:00:00+00:00,FR,load,28.1,36,412.0,2.92,-0.7660444431189781,0.6427876096865393,23.1,61,156.0,6.57,-0.0348994967025009,-0.9993908270190958,21.7,71,315.0,9.46,-0.9945218953682734,-0.1045284632676533,26.9,38,412.0,6.6,-0.984807753012208,0.1736481776669299,6.950000000000003,open-meteo,2026-08-08T10:03:04+00:00
2026-07-25 18:00:00+00:00,FR,load,27.3,36,263.0,8.07,-0.7660444431189781,0.6427876096865393,22.7,62,68.0,3.98,-0.1736481776669304,-0.984807753012208,21.0,76,168.0,9.47,-0.913545457642601,-0.4067366430758001,25.2,41,224.0,8.0,-0.981627183447664,-0.1908089953765446,6.050000000000001,open-meteo,2026-08-08T10:03:04+00:00
2026-07-25 19:00:00+00:00,FR,load,25.5,41,115.0,7.77,-0.5591929034707466,0.8290375725550418,21.7,66,21.0,2.98,-0.3907311284892735,-0.9205048534524404,19.9,81,72.0,8.93,-0.9975640502598242,-0.0697564737441255,23.8,45,106.0,7.9,-0.9455185755993168,-0.3255681544571566,4.724999999999998,open-meteo,2026-08-08T10:03:04+00:00
2026-07-25 20:00:00+00:00,FR,load,23.3,46,12.0,8.63,-0.6293203910498378,0.7771459614569706,20.0,85,1.0,5.42,-0.2923717047227371,0.9563047559630352,19.4,79,3.0,8.26,-0.9961946980917455,0.0871557427476578,22.1,46,15.0,7.6,-0.9335804264972016,-0.3583679495453007,3.2,open-meteo,2026-08-08T09:50:27+00:00
2026-07-25 21:00:00+00:00,FR,load,21.6,55,0.0,7.44,-0.6427876096865396,0.7660444431189778,19.1,78,0.0,0.69,1.2246467991473532e-16,-1.0,19.1,82,0.0,10.4,-0.9986295347545738,-0.0523359562429443,19.3,62,0.0,7.0,-0.90630778703665,-0.4226182617406991,1.775000000000002,open-meteo,2026-08-08T09:50:27+00:00
2026-07-25 22:00:00+00:00,FR,load,20.2,62,0.0,7.21,-0.6819983600624984,0.7313537016191707,18.4,85,0.0,2.33,-0.2588190451025207,0.9659258262890684,18.5,84,0.0,9.95,-0.9945218953682734,-0.1045284632676533,17.4,76,0.0,7.0,-0.8090169943749473,-0.5877852522924732,0.625,open-meteo,2026-08-08T09:50:27+00:00
2026-07-25 23:00:00+00:00,FR,load,18.6,69,0.0,5.51,-0.7771459614569708,0.6293203910498375,18.2,88,0.0,4.32,0.5446390350150271,0.838670567945424,18.3,86,0.0,10.11,-0.9975640502598244,0.0697564737441252,17.1,88,0.0,7.8,-0.7313537016191703,-0.6819983600624986,0.0499999999999971,open-meteo,2026-08-08T09:50:27+00:00
2026-07-26 00:00:00+00:00,FR,load,18.0,70,0.0,7.38,-0.8660254037844386,0.5000000000000001,17.8,88,0.0,3.07,-0.4539904997395467,-0.8910065241883679,18.4,84,0.0,10.19,-0.9998476951563912,0.0174524064372831,16.6,91,0.0,8.3,-0.7431448254773944,-0.6691306063588581,0.3000000000000007,open-meteo,2026-08-08T09:50:27+00:00
2026-07-26 01:00:00+00:00,FR,load,16.9,80,0.0,8.09,-0.9563047559630354,0.2923717047227367,17.9,90,0.0,1.81,-0.2249510543438649,-0.9743700647852352,18.0,81,0.0,10.39,-0.9998476951563912,-0.0174524064372834,16.2,95,0.0,8.2,-0.8290375725550418,-0.5591929034707466,0.75,open-meteo,2026-08-08T09:50:27+00:00
2026-07-26 02:00:00+00:00,FR,load,16.0,86,0.0,8.16,-0.9612616959383188,0.2756373558169994,17.8,93,0.0,1.87,-0.9945218953682734,0.1045284632676529,17.9,82,0.0,9.64,-0.9961946980917455,0.0871557427476578,16.2,96,0.0,8.2,-0.8090169943749473,-0.5877852522924732,1.025000000000002,open-meteo,2026-08-08T09:50:27+00:00
2026-07-26 03:00:00+00:00,FR,load,15.6,86,0.0,8.09,-0.9563047559630354,0.2923717047227367,17.7,98,0.0,4.28,-0.3420201433256686,0.9396926207859084,18.0,84,0.0,9.12,-0.9986295347545738,0.0523359562429439,16.5,95,0.0,9.1,-0.8191520442889916,-0.5735764363510464,1.0500000000000007,open-meteo,2026-08-08T09:50:27+00:00
2026-07-26 04:00:00+00:00,FR,load,15.0,89,0.0,7.78,-0.981627183447664,0.1908089953765451,17.2,94,0.0,5.13,0.1218693434051474,0.992546151641322,17.8,86,0.0,8.35,-0.9975640502598244,0.0697564737441252,16.5,95,0.0,9.1,-0.8090169943749473,-0.5877852522924732,1.375,open-meteo,2026-08-08T09:50:27+00:00
2026-07-26 05:00:00+00:00,FR,load,14.8,92,13.0,7.39,-0.9945218953682734,0.1045284632676529,17.3,90,5.0,4.44,-0.2419218955996678,0.9702957262759964,17.6,87,2.0,7.97,-0.9961946980917455,-0.0871557427476582,17.5,90,11.0,8.3,-0.7771459614569706,-0.6293203910498378,1.1999999999999993,open-meteo,2026-08-08T10:03:04+00:00
2026-07-26 06:00:00+00:00,FR,load,16.2,85,78.0,6.11,-0.9271838545667872,-0.3746065934159123,16.9,92,38.0,4.02,-0.0523359562429443,0.9986295347545738,17.7,86,41.0,7.25,-0.9993908270190958,0.0348994967025012,18.3,84,31.0,7.4,-0.90630778703665,-0.4226182617406991,0.7250000000000014,open-meteo,2026-08-08T09:50:27+00:00
2026-07-26 07:00:00+00:00,FR,load,17.5,79,182.0,6.3,-0.8386705679454242,-0.544639035015027,17.8,87,136.0,2.86,0.374606593415912,0.9271838545667874,18.4,83,90.0,7.54,-0.9998476951563912,0.0174524064372831,18.5,84,53.0,6.5,-0.8660254037844384,-0.5000000000000004,0.0499999999999971,open-meteo,2026-08-08T09:50:27+00:00
2026-07-26 08:00:00+00:00,FR,load,18.1,76,125.0,7.14,-0.6819983600624984,-0.7313537016191706,19.3,80,347.0,2.95,-0.0697564737441256,0.9975640502598242,19.2,79,258.0,7.76,-0.984807753012208,0.1736481776669299,19.0,83,85.0,8.1,-0.874619707139396,-0.4848096202463368,0.9000000000000021,open-meteo,2026-08-08T10:03:04+00:00
2026-07-26 09:00:00+00:00,FR,load,19.2,77,70.0,8.28,-0.8910065241883678,-0.4539904997395469,18.9,86,326.0,3.58,0.1564344650402308,0.9876883405951378,19.9,70,340.0,7.49,-0.981627183447664,0.1908089953765451,19.0,83,39.0,8.5,-0.882947592858927,-0.4694715627858907,1.25,open-meteo,2026-08-08T09:50:27+00:00
2026-07-26 10:00:00+00:00,FR,load,21.2,67,450.0,9.89,-0.961261695938319,-0.2756373558169989,20.2,80,347.0,5.89,-0.0523359562429443,0.9986295347545738,20.2,69,268.0,7.42,-0.9781476007338056,0.2079116908177594,20.6,73,90.0,9.3,-0.8571673007021121,-0.5150380749100544,2.549999999999997,open-meteo,2026-08-08T09:50:27+00:00
2026-07-26 11:00:00+00:00,FR,load,21.3,67,295.0,9.7,-0.9396926207859084,-0.3420201433256685,21.0,75,527.0,5.59,-0.0523359562429443,0.9986295347545738,21.9,61,448.0,7.37,-0.9961946980917455,0.0871557427476578,20.5,73,372.0,9.1,-0.7986355100472928,-0.6018150231520483,3.174999999999997,open-meteo,2026-08-08T10:03:04+00:00
2026-07-26 12:00:00+00:00,FR,load,21.5,67,343.0,8.99,-0.913545457642601,-0.4067366430758001,21.9,69,543.0,4.93,0.1218693434051474,0.992546151641322,23.5,52,661.0,6.82,-0.992546151641322,0.1218693434051476,20.7,81,121.0,10.2,-0.8386705679454242,-0.544639035015027,3.900000000000002,open-meteo,2026-08-08T10:03:04+00:00
2026-07-26 13:00:00+00:00,FR,load,22.6,62,368.0,10.77,-0.9659258262890684,-0.2588190451025206,23.8,61,670.0,4.83,0.3090169943749474,0.9510565162951536,23.3,53,397.0,6.88,-0.9563047559630354,0.2923717047227367,19.7,89,21.0,10.4,-0.8191520442889916,-0.5735764363510464,4.350000000000001,open-meteo,2026-08-08T10:03:04+00:00
2026-07-26 14:00:00+00:00,FR,load,22.4,64,249.0,9.69,-0.9702957262759964,-0.2419218955996677,24.2,59,667.0,5.12,0.0871557427476581,0.9961946980917455,25.1,47,658.0,7.53,-0.9510565162951536,0.3090169943749472,23.1,62,38.0,12.0,-0.9271838545667872,-0.3746065934159123,5.699999999999996,open-meteo,2026-08-08T10:03:04+00:00
2026-07-26 15:00:00+00:00,FR,load,24.3,56,366.0,10.74,-0.984807753012208,-0.1736481776669303,24.4,58,602.0,5.35,0.2419218955996677,0.9702957262759964,25.2,46,607.0,8.19,-0.9335804264972016,0.3583679495453004,23.3,62,469.0,12.3,-0.90630778703665,-0.4226182617406991,6.300000000000001,open-meteo,2026-08-08T10:03:04+00:00
2026-07-26 16:00:00+00:00,FR,load,24.1,53,275.0,8.65,-0.9396926207859084,-0.3420201433256685,24.9,56,499.0,4.29,0.573576436351046,0.8191520442889918,25.1,49,498.0,7.75,-0.9335804264972016,0.3583679495453004,22.3,69,364.0,11.5,-0.9563047559630352,-0.2923717047227371,6.099999999999998,open-meteo,2026-08-08T10:03:04+00:00
2026-07-26 17:00:00+00:00,FR,load,24.6,56,273.0,6.57,-0.8910065241883678,-0.4539904997395469,24.5,57,368.0,3.77,0.1564344650402308,0.9876883405951378,25.0,48,427.0,8.31,-0.9563047559630354,0.2923717047227367,23.1,61,53.0,10.4,-0.9702957262759964,-0.2419218955996677,6.299999999999997,open-meteo,2026-08-08T09:50:27+00:00
2026-07-26 18:00:00+00:00,FR,load,24.0,60,133.0,11.44,-0.8290375725550418,-0.5591929034707466,23.7,65,212.0,2.2,0.848048096156426,0.5299192642332049,24.1,51,253.0,8.49,-0.945518575599317,0.3255681544571563,21.9,65,39.0,10.0,-0.9975640502598242,-0.0697564737441255,5.425000000000004,open-meteo,2026-08-08T09:50:27+00:00
2026-07-26 19:00:00+00:00,FR,load,23.2,58,53.0,10.66,-0.9563047559630354,0.2923717047227367,22.8,68,58.0,2.29,0.8571673007021123,0.5150380749100542,22.9,54,88.0,8.63,-0.9876883405951378,0.1564344650402306,21.0,68,12.0,9.0,-0.9455185755993168,-0.3255681544571566,4.475000000000001,open-meteo,2026-08-08T09:50:27+00:00
2026-07-26 20:00:00+00:00,FR,load,20.9,58,10.0,9.9,-0.9335804264972016,0.3583679495453004,21.5,70,1.0,2.21,0.224951054343865,0.9743700647852352,21.6,57,4.0,9.22,-0.9986295347545738,0.0523359562429439,19.3,81,7.0,8.2,-0.874619707139396,-0.4848096202463368,2.825,open-meteo,2026-08-08T10:03:04+00:00
2026-07-26 21:00:00+00:00,FR,load,19.1,72,0.0,7.64,-0.8090169943749476,0.5877852522924729,21.2,69,0.0,6.63,-0.5591929034707466,0.8290375725550418,20.5,59,0.0,9.41,-0.9993908270190958,0.0348994967025012,18.6,79,0.0,9.1,-0.9455185755993168,-0.3255681544571566,1.8500000000000016,open-meteo,2026-08-08T10:03:04+00:00
2026-07-26 22:00:00+00:00,FR,load,18.0,69,0.0,9.28,-0.981627183447664,0.1908089953765451,20.2,64,0.0,8.2,-0.4694715627858908,0.882947592858927,19.6,63,0.0,9.41,-0.9998476951563912,0.0174524064372831,18.9,78,0.0,6.2,-0.9876883405951375,-0.156434465040231,1.1750000000000007,open-meteo,2026-08-08T10:03:04+00:00
2026-07-26 23:00:00+00:00,FR,load,17.1,73,0.0,8.62,-0.9902680687415704,0.1391731009600654,19.1,67,0.0,6.83,-0.1391731009600658,0.9902680687415704,18.7,70,0.0,8.9,-0.9902680687415704,0.1391731009600654,18.3,79,0.0,5.5,-0.9876883405951375,-0.156434465040231,0.3000000000000007,open-meteo,2026-08-08T10:03:04+00:00
2026-07-27 00:00:00+00:00,FR,load,16.9,76,0.0,8.37,-0.9945218953682734,0.1045284632676529,18.8,69,0.0,6.44,0.1564344650402308,0.9876883405951378,18.1,77,0.0,7.73,-0.9781476007338056,0.2079116908177594,18.7,79,0.0,5.5,-0.9993908270190958,-0.0348994967025007,0.125,open-meteo,2026-08-08T10:03:04+00:00
2026-07-27 01:00:00+00:00,FR,load,15.9,80,0.0,8.49,-0.992546151641322,0.1218693434051476,19.0,68,0.0,7.65,0.224951054343865,0.9743700647852352,17.7,80,0.0,6.61,-0.9781476007338056,0.2079116908177594,18.5,82,0.0,5.2,-0.8191520442889918,0.573576436351046,0.2250000000000014,open-meteo,2026-08-08T10:03:04+00:00
2026-07-27 02:00:00+00:00,FR,load,15.3,83,0.0,8.88,-0.992546151641322,0.1218693434051476,18.4,69,0.0,6.65,0.2419218955996677,0.9702957262759964,17.6,80,0.0,6.37,-1.0,-1.8369701987210287e-16,18.6,70,0.0,6.5,-0.7313537016191703,0.6819983600624987,0.5249999999999986,open-meteo,2026-08-08T09:50:27+00:00
2026-07-27 03:00:00+00:00,FR,load,14.9,83,0.0,8.57,-0.981627183447664,0.1908089953765451,17.6,76,0.0,6.06,0.2419218955996677,0.9702957262759964,17.6,79,0.0,5.43,-0.992546151641322,-0.1218693434051471,18.4,69,0.0,5.6,-0.7771459614569708,0.6293203910498375,0.875,open-meteo,2026-08-08T09:50:27+00:00
2026-07-27 04:00:00+00:00,FR,load,14.8,87,0.0,8.72,-0.9659258262890684,0.2588190451025203,17.6,78,0.0,5.95,0.2923717047227367,0.9563047559630354,17.9,78,0.0,5.46,-0.9876883405951375,-0.156434465040231,17.9,70,0.0,4.1,-1.0,-1.8369701987210287e-16,0.9499999999999992,open-meteo,2026-08-08T09:50:27+00:00
2026-07-27 05:00:00+00:00,FR,load,14.9,89,14.0,8.12,-0.9205048534524404,0.3907311284892735,17.7,79,13.0,5.14,0.5150380749100542,0.8571673007021123,18.1,76,1.0,6.11,-0.9781476007338056,-0.2079116908177598,18.1,69,4.0,4.5,-0.9271838545667874,0.3746065934159119,0.7999999999999972,open-meteo,2026-08-08T09:50:27+00:00
2026-07-27 06:00:00+00:00,FR,load,16.1,85,119.0,7.89,-0.9063077870366498,0.4226182617406996,18.7,76,118.0,6.5,0.5150380749100542,0.8571673007021123,18.8,75,38.0,5.54,-0.9902680687415704,-0.1391731009600658,18.3,69,34.0,4.4,-0.981627183447664,0.1908089953765451,0.0250000000000021,open-meteo,2026-08-08T10:03:04+00:00
2026-07-27 07:00:00+00:00,FR,load,17.7,79,278.0,6.09,-0.8829475928589271,0.4694715627858904,20.0,75,283.0,6.32,0.3255681544571567,0.9455185755993168,19.9,71,182.0,4.61,-0.9998476951563912,0.0174524064372831,18.9,67,150.0,5.7,-0.8290375725550416,0.559192903470747,1.125,open-meteo,2026-08-08T10:03:04+00:00
2026-07-27 08:00:00+00:00,FR,load,19.1,72,442.0,5.97,-0.7547095802227722,0.656059028990507,20.9,74,426.0,6.58,0.0697564737441253,0.9975640502598242,21.3,69,359.0,4.9,-0.9612616959383188,0.2756373558169994,18.1,79,93.0,4.4,-0.981627183447664,0.1908089953765451,1.8500000000000016,open-meteo,2026-08-08T09:50:27+00:00
2026-07-27 09:00:00+00:00,FR,load,20.8,61,557.0,4.93,-0.7547095802227722,0.656059028990507,21.6,69,567.0,6.49,0.0871557427476581,0.9961946980917455,22.3,71,464.0,7.11,-0.8660254037844386,0.5000000000000001,20.2,60,260.0,4.1,-0.7313537016191703,0.6819983600624987,3.2250000000000014,open-meteo,2026-08-08T09:50:27+00:00
2026-07-27 10:00:00+00:00,FR,load,21.9,56,652.0,5.01,-0.8571673007021123,0.5150380749100542,22.3,68,635.0,7.3,-0.1218693434051472,0.992546151641322,23.4,67,447.0,6.03,-0.8480480961564262,0.5299192642332047,20.4,60,337.0,6.0,-0.8746197071393956,0.4848096202463373,4.0,open-meteo,2026-08-08T09:50:27+00:00
2026-07-27 11:00:00+00:00,FR,load,23.0,49,716.0,5.22,-0.8829475928589271,0.4694715627858904,23.3,62,798.0,6.91,0.1218693434051474,0.992546151641322,25.0,59,608.0,6.42,-0.8571673007021123,0.5150380749100542,21.0,55,492.0,5.1,-0.945518575599317,0.3255681544571563,5.074999999999999,open-meteo,2026-08-08T10:03:04+00:00
2026-07-27 12:00:00+00:00,FR,load,23.8,45,683.0,4.49,-0.8090169943749476,0.5877852522924729,24.0,62,860.0,6.86,0.0348994967025009,0.9993908270190958,25.9,56,605.0,6.35,-0.7880107536067218,0.6156614753256585,21.8,49,499.0,4.4,-0.945518575599317,0.3255681544571563,5.8749999999999964,open-meteo,2026-08-08T09:50:27+00:00
2026-07-27 13:00:00+00:00,FR,load,24.4,47,753.0,4.69,-0.8746197071393956,0.4848096202463373,24.9,52,804.0,6.28,0.0523359562429438,0.9986295347545738,26.8,53,657.0,5.96,-0.7193398003386512,0.6946583704589973,22.8,46,715.0,4.5,-0.7313537016191703,0.6819983600624987,6.724999999999998,open-meteo,2026-08-08T09:50:27+00:00
2026-07-27 14:00:00+00:00,FR,load,25.4,44,768.0,3.68,-0.8746197071393956,0.4848096202463373,25.5,51,791.0,7.01,0.1218693434051474,0.992546151641322,27.4,49,701.0,6.1,-0.6946583704589976,0.7193398003386509,23.1,44,565.0,4.3,-0.6156614753256582,0.7880107536067221,7.350000000000001,open-meteo,2026-08-08T09:50:27+00:00
2026-07-27 15:00:00+00:00,FR,load,25.6,40,627.0,3.55,-0.8829475928589271,0.4694715627858904,25.5,49,658.0,7.09,0.1045284632676534,0.9945218953682732,27.3,49,610.0,6.1,-0.6946583704589976,0.7193398003386509,24.1,41,557.0,4.3,-0.5150380749100545,0.8571673007021121,7.625,open-meteo,2026-08-08T09:50:27+00:00
2026-07-27 16:00:00+00:00,FR,load,25.9,40,590.0,3.69,-0.981627183447664,0.1908089953765451,25.6,47,566.0,7.58,0.1045284632676534,0.9945218953682732,27.3,48,608.0,5.83,-0.6691306063588581,0.7431448254773944,23.5,44,562.0,2.4,-0.529919264233205,0.8480480961564258,7.574999999999999,open-meteo,2026-08-08T09:50:27+00:00
2026-07-27 17:00:00+00:00,FR,load,25.8,38,416.0,4.67,-0.7771459614569708,0.6293203910498375,25.0,49,395.0,7.58,0.1045284632676534,0.9945218953682732,26.7,50,436.0,5.41,-0.6946583704589976,0.7193398003386509,23.5,42,415.0,2.5,-0.4383711467890778,0.8987940462991668,7.25,open-meteo,2026-08-08T09:50:27+00:00
2026-07-27 18:00:00+00:00,FR,load,25.4,39,264.0,4.92,-0.5735764363510465,0.8191520442889916,24.7,45,217.0,7.02,0.1391731009600654,0.9902680687415704,26.1,50,252.0,5.1,-0.6156614753256582,0.7880107536067221,23.3,42,256.0,2.8,-0.0174524064372835,0.9998476951563912,6.8749999999999964,open-meteo,2026-08-08T09:50:27+00:00
2026-07-27 19:00:00+00:00,FR,load,24.0,37,109.0,4.98,-0.5877852522924734,0.8090169943749473,22.9,50,64.0,8.06,0.0871557427476581,0.9961946980917455,24.5,56,87.0,5.3,-0.4694715627858908,0.882947592858927,22.0,49,109.0,3.0,0.2756373558169991,0.9612616959383188,5.350000000000001,open-meteo,2026-08-08T10:03:04+00:00
2026-07-27 20:00:00+00:00,FR,load,21.8,51,10.0,5.04,-0.4067366430758001,0.9135454576426008,20.9,56,1.0,6.98,0.0871557427476581,0.9961946980917455,22.7,61,4.0,5.31,-0.0871557427476583,0.9961946980917455,19.8,56,13.0,2.7,-0.3420201433256686,0.9396926207859084,3.3000000000000007,open-meteo,2026-08-08T09:50:27+00:00
2026-07-27 21:00:00+00:00,FR,load,20.9,51,0.0,6.04,-0.2249510543438653,0.9743700647852352,20.1,58,0.0,6.77,0.0523359562429438,0.9986295347545738,21.8,60,0.0,4.66,-0.1391731009600658,0.9902680687415704,18.1,64,0.0,4.6,-0.9993908270190958,0.0348994967025012,2.2250000000000014,open-meteo,2026-08-08T10:03:04+00:00
2026-07-27 22:00:00+00:00,FR,load,19.7,54,0.0,5.31,-0.0697564737441256,0.9975640502598242,19.1,63,0.0,5.19,-0.0174524064372835,0.9998476951563912,21.0,61,0.0,3.69,-0.1908089953765446,0.981627183447664,16.4,72,0.0,5.3,-0.9781476007338056,-0.2079116908177598,1.0499999999999972,open-meteo,2026-08-08T09:50:27+00:00
2026-07-27 23:00:00+00:00,FR,load,18.9,59,0.0,5.4,0.0697564737441253,0.9975640502598242,18.4,65,0.0,5.79,0.0697564737441253,0.9975640502598242,20.2,61,0.0,3.21,-0.2079116908177598,0.9781476007338056,15.6,81,0.0,5.3,-0.90630778703665,-0.4226182617406991,0.2749999999999986,open-meteo,2026-08-08T09:50:27+00:00
2026-07-28 00:00:00+00:00,FR,load,17.3,70,0.0,3.9,0.3090169943749474,0.9510565162951536,17.6,71,0.0,6.35,0.1564344650402308,0.9876883405951378,19.4,65,0.0,2.5,-0.1908089953765446,0.981627183447664,14.8,85,0.0,4.5,-0.754709580222772,-0.6560590289905073,0.7249999999999979,open-meteo,2026-08-08T09:50:27+00:00
2026-07-28 01:00:00+00:00,FR,load,16.5,75,0.0,2.51,0.3583679495453002,0.9335804264972016,17.2,73,0.0,5.78,-0.0348994967025008,0.9993908270190958,19.2,65,0.0,1.58,-0.1218693434051472,0.992546151641322,14.4,88,0.0,5.7,-0.7193398003386512,-0.6946583704589973,1.1749999999999972,open-meteo,2026-08-08T09:50:27+00:00
2026-07-28 02:00:00+00:00,FR,load,16.0,78,0.0,1.55,0.3090169943749474,0.9510565162951536,16.6,73,0.0,5.78,0.0348994967025009,0.9993908270190958,18.4,67,0.0,0.71,-0.2756373558169989,0.9612616959383188,14.2,89,0.0,5.7,-0.6691306063588582,-0.7431448254773942,1.6999999999999993,open-meteo,2026-08-08T09:50:27+00:00
2026-07-28 03:00:00+00:00,FR,load,15.7,78,0.0,2.06,0.4226182617406994,0.90630778703665,15.8,76,0.0,5.98,0.0523359562429438,0.9986295347545738,17.2,76,0.0,0.1,-1.0,-1.8369701987210287e-16,13.9,89,0.0,4.5,-0.5446390350150271,-0.838670567945424,2.35,open-meteo,2026-08-08T09:50:27+00:00
2026-07-28 04:00:00+00:00,FR,load,15.2,80,0.0,2.29,0.5150380749100542,0.8571673007021123,15.6,76,0.0,5.69,0.0523359562429438,0.9986295347545738,16.8,78,0.0,0.49,0.7986355100472927,-0.6018150231520484,13.7,90,0.0,4.5,-0.5591929034707467,-0.8290375725550418,2.6750000000000007,open-meteo,2026-08-08T09:50:27+00:00
2026-07-28 05:00:00+00:00,FR,load,15.3,81,12.0,1.77,0.8290375725550417,0.5591929034707468,15.7,77,14.0,5.69,0.1908089953765448,0.981627183447664,16.0,82,2.0,1.18,0.9135454576426008,-0.4067366430758002,14.2,90,22.0,4.8,-0.6691306063588582,-0.7431448254773942,2.7,open-meteo,2026-08-08T09:50:27+00:00
2026-07-28 06:00:00+00:00,FR,load,17.1,75,112.0,1.92,0.9659258262890684,0.2588190451025207,17.2,73,118.0,5.36,0.3090169943749474,0.9510565162951536,16.2,89,81.0,1.75,0.8910065241883679,-0.4539904997395467,16.4,81,127.0,5.2,-0.1908089953765447,-0.981627183447664,1.2749999999999986,open-meteo,2026-08-08T10:03:04+00:00
2026-07-28 07:00:00+00:00,FR,load,19.2,59,267.0,1.19,0.9876883405951378,0.1564344650402309,18.4,73,283.0,4.35,0.2419218955996677,0.9702957262759964,19.6,78,240.0,1.69,0.8090169943749475,-0.587785252292473,19.4,62,279.0,4.4,0.1045284632676537,-0.9945218953682732,1.1499999999999986,open-meteo,2026-08-08T09:50:27+00:00
2026-07-28 08:00:00+00:00,FR,load,21.0,54,433.0,1.81,0.9743700647852352,-0.224951054343865,20.0,71,457.0,3.37,-0.1391731009600658,0.9902680687415704,22.0,67,422.0,1.59,0.981627183447664,-0.1908089953765448,21.6,52,427.0,4.8,-0.0523359562429435,-0.9986295347545738,3.1499999999999986,open-meteo,2026-08-08T10:03:04+00:00
2026-07-28 09:00:00+00:00,FR,load,23.7,46,591.0,1.32,0.7431448254773942,-0.6691306063588582,23.0,59,620.0,3.14,-0.0348994967025008,0.9993908270190958,24.4,59,596.0,2.47,0.992546151641322,-0.1218693434051473,23.2,46,580.0,4.1,0.0174524064372834,-0.9998476951563912,5.574999999999999,open-meteo,2026-08-08T09:50:27+00:00
2026-07-28 10:00:00+00:00,FR,load,25.5,41,721.0,1.59,0.6819983600624986,-0.7313537016191705,25.1,55,756.0,2.26,-0.0871557427476583,0.9961946980917455,26.8,49,741.0,2.83,0.9702957262759964,-0.2419218955996677,24.9,39,697.0,3.1,0.0697564737441255,-0.9975640502598242,7.575000000000003,open-meteo,2026-08-08T10:03:04+00:00
2026-07-28 11:00:00+00:00,FR,load,27.1,38,814.0,1.45,0.8829475928589269,-0.4694715627858909,26.8,51,846.0,1.1,-0.1736481776669304,0.984807753012208,29.3,43,847.0,3.82,0.9205048534524404,-0.3907311284892737,26.4,34,763.0,3.4,0.0174524064372834,-0.9998476951563912,9.4,open-meteo,2026-08-08T09:50:27+00:00
2026-07-28 12:00:00+00:00,FR,load,28.5,36,861.0,1.79,0.9876883405951378,-0.1564344650402308,28.6,44,886.0,0.69,-0.9902680687415704,-0.1391731009600658,32.0,34,904.0,5.19,0.8480480961564261,-0.5299192642332048,27.3,31,787.0,3.7,-0.0174524064372836,-0.9998476951563912,11.099999999999998,open-meteo,2026-08-08T10:03:04+00:00
2026-07-28 13:00:00+00:00,FR,load,29.5,34,860.0,1.69,0.984807753012208,-0.1736481776669303,30.3,40,877.0,2.02,-0.3907311284892735,-0.9205048534524404,33.5,31,906.0,5.11,0.8480480961564261,-0.5299192642332048,28.4,31,821.0,2.3,0.3090169943749475,-0.9510565162951536,12.424999999999995,open-meteo,2026-08-08T09:50:27+00:00
2026-07-28 14:00:00+00:00,FR,load,30.3,31,810.0,1.39,0.9902680687415704,-0.1391731009600653,31.3,35,815.0,4.46,-0.5446390350150271,-0.838670567945424,34.5,28,853.0,4.35,0.9205048534524404,-0.3907311284892737,29.2,30,778.0,2.3,0.2923717047227366,-0.9563047559630355,13.325,open-meteo,2026-08-08T10:03:04+00:00
2026-07-28 15:00:00+00:00,FR,load,31.1,29,714.0,1.58,0.992546151641322,0.1218693434051474,31.7,37,705.0,6.95,-0.374606593415912,-0.9271838545667874,34.8,25,751.0,4.34,0.9510565162951536,-0.3090169943749473,29.0,29,688.0,0.8,0.5591929034707469,-0.8290375725550416,13.65,open-meteo,2026-08-08T09:50:27+00:00
2026-07-28 16:00:00+00:00,FR,load,31.1,29,585.0,2.55,0.848048096156426,0.5299192642332049,31.6,36,559.0,7.44,-0.3583679495453004,-0.9335804264972016,34.8,24,606.0,4.91,0.9205048534524404,-0.3907311284892737,29.8,29,559.0,0.1,-0.5150380749100545,0.8571673007021121,13.825,open-meteo,2026-08-08T09:50:27+00:00
2026-07-28 17:00:00+00:00,FR,load,30.8,31,429.0,2.57,0.9510565162951536,0.3090169943749474,31.1,38,388.0,8.58,-0.2419218955996675,-0.9702957262759964,33.6,26,434.0,6.69,0.8191520442889917,-0.5735764363510462,29.8,28,409.0,0.5,0.8290375725550417,-0.5591929034707467,13.325,open-meteo,2026-08-08T09:50:27+00:00
2026-07-28 18:00:00+00:00,FR,load,30.6,31,263.0,3.43,1.0,6.123233995736766e-17,30.7,40,213.0,9.81,-0.1564344650402307,-0.9876883405951378,31.9,28,249.0,8.29,0.777145961456971,-0.6293203910498373,29.5,28,252.0,1.1,0.6293203910498374,-0.7771459614569709,12.674999999999995,open-meteo,2026-08-08T09:50:27+00:00
2026-07-28 19:00:00+00:00,FR,load,29.0,31,107.0,4.8,0.777145961456971,-0.6293203910498373,28.0,43,62.0,11.78,-0.1908089953765447,-0.981627183447664,29.1,34,84.0,9.49,0.7193398003386511,-0.6946583704589974,25.8,51,103.0,5.0,0.2588190451025207,0.9659258262890684,9.974999999999998,open-meteo,2026-08-08T10:03:04+00:00
2026-07-28 20:00:00+00:00,FR,load,26.6,36,10.0,4.62,0.8090169943749475,-0.587785252292473,26.4,60,1.0,12.48,-0.1564344650402307,-0.9876883405951378,26.9,41,2.0,11.3,0.7313537016191706,-0.6819983600624984,23.7,59,11.0,5.0,0.0174524064372835,0.9998476951563912,7.900000000000002,open-meteo,2026-08-08T10:03:04+00:00
2026-07-28 21:00:00+00:00,FR,load,25.9,38,0.0,2.32,0.8829475928589269,-0.4694715627858909,25.1,64,0.0,12.84,-0.0348994967025009,-0.9993908270190958,25.6,46,0.0,11.64,0.7193398003386511,-0.6946583704589974,22.2,64,0.0,5.4,-0.1218693434051472,0.992546151641322,6.699999999999999,open-meteo,2026-08-08T09:50:27+00:00
2026-07-28 22:00:00+00:00,FR,load,25.0,39,0.0,2.37,0.992546151641322,-0.1218693434051473,24.0,66,0.0,12.68,-0.0697564737441252,-0.9975640502598242,24.5,54,0.0,11.64,0.7193398003386511,-0.6946583704589974,19.6,65,0.0,6.5,0.1391731009600654,0.9902680687415704,5.274999999999999,open-meteo,2026-08-08T10:03:04+00:00
2026-07-28 23:00:00+00:00,FR,load,24.4,40,0.0,2.58,0.9876883405951378,0.1564344650402309,23.1,67,0.0,12.43,-0.1218693434051473,-0.992546151641322,23.8,62,0.0,11.85,0.6946583704589971,-0.7193398003386513,18.9,74,0.0,6.2,0.1564344650402308,0.9876883405951378,4.549999999999997,open-meteo,2026-08-08T09:50:27+00:00
2026-07-29 00:00:00+00:00,FR,load,23.0,46,0.0,3.35,0.9659258262890684,-0.2588190451025208,22.5,66,0.0,12.34,-0.1736481776669304,-0.984807753012208,23.2,68,0.0,12.28,0.6691306063588585,-0.743144825477394,17.8,77,0.0,5.5,0.4226182617406994,0.90630778703665,3.625,open-meteo,2026-08-08T10:03:04+00:00
2026-07-29 01:00:00+00:00,FR,load,22.2,50,0.0,3.04,0.9659258262890684,-0.2588190451025208,22.0,66,0.0,13.36,-0.2249510543438649,-0.9743700647852352,22.5,74,0.0,11.52,0.6691306063588585,-0.743144825477394,16.9,72,0.0,4.7,0.8571673007021123,0.5150380749100542,2.8999999999999986,open-meteo,2026-08-08T10:03:04+00:00
2026-07-29 02:00:00+00:00,FR,load,21.8,51,0.0,2.47,0.992546151641322,-0.1218693434051473,21.8,65,0.0,11.66,-0.1908089953765447,-0.981627183447664,21.9,80,0.0,11.53,0.6560590289905073,-0.754709580222772,16.9,78,0.0,5.3,0.9659258262890684,0.2588190451025207,2.6000000000000014,open-meteo,2026-08-08T10:03:04+00:00
2026-07-29 03:00:00+00:00,FR,load,20.5,58,0.0,2.26,0.9993908270190958,0.034899496702501,21.4,67,0.0,11.06,-0.1218693434051473,-0.992546151641322,21.4,85,0.0,11.57,0.7313537016191706,-0.6819983600624984,16.0,87,0.0,4.2,0.8090169943749475,-0.587785252292473,1.8249999999999995,open-meteo,2026-08-08T10:03:04+00:00
2026-07-29 04:00:00+00:00,FR,load,19.7,61,0.0,1.76,1.0,6.123233995736766e-17,21.0,68,0.0,10.51,-0.0697564737441252,-0.9975640502598242,20.9,88,0.0,11.03,0.7431448254773942,-0.6691306063588582,15.1,83,0.0,4.2,0.4226182617406995,-0.90630778703665,1.1750000000000007,open-meteo,2026-08-08T10:03:04+00:00
2026-07-29 05:00:00+00:00,FR,load,19.5,63,13.0,1.33,0.9563047559630355,-0.2923717047227366,20.9,71,12.0,10.01,-0.0523359562429435,-0.9986295347545738,20.7,90,2.0,10.82,0.7431448254773942,-0.6691306063588582,16.1,83,21.0,5.7,0.4848096202463371,-0.8746197071393957,1.2999999999999972,open-meteo,2026-08-08T10:03:04+00:00
2026-07-29 06:00:00+00:00,FR,load,20.5,66,114.0,0.63,0.777145961456971,-0.6293203910498373,21.9,72,117.0,9.52,-0.0523359562429435,-0.9986295347545738,21.5,83,76.0,11.34,0.766044443118978,-0.6427876096865394,18.0,79,128.0,5.2,0.3583679495453002,-0.9335804264972016,2.4750000000000014,open-meteo,2026-08-08T10:03:04+00:00
2026-07-29 07:00:00+00:00,FR,load,22.8,75,272.0,1.04,-0.656059028990507,-0.7547095802227721,23.2,70,283.0,9.24,-0.0697564737441252,-0.9975640502598242,23.4,76,235.0,9.55,0.777145961456971,-0.6293203910498373,22.8,55,278.0,4.3,0.4848096202463371,-0.8746197071393957,5.050000000000001,open-meteo,2026-08-08T10:03:04+00:00
2026-07-29 08:00:00+00:00,FR,load,25.6,55,441.0,1.32,-0.7431448254773944,-0.6691306063588581,25.0,62,460.0,7.64,1.2246467991473532e-16,-1.0,25.7,68,416.0,8.43,0.777145961456971,-0.6293203910498373,26.2,42,438.0,3.4,0.5877852522924732,-0.8090169943749473,7.625,open-meteo,2026-08-08T10:03:04+00:00
2026-07-29 09:00:00+00:00,FR,load,29.5,34,599.0,1.45,-0.4694715627858908,-0.8829475928589269,27.8,44,626.0,7.89,-0.1045284632676535,-0.9945218953682732,28.5,57,589.0,8.29,0.838670567945424,-0.5446390350150272,29.2,35,585.0,2.3,0.1908089953765449,-0.981627183447664,10.75,open-meteo,2026-08-08T10:03:04+00:00
2026-07-29 10:00:00+00:00,FR,load,32.2,27,734.0,2.41,-0.4539904997395467,-0.8910065241883679,30.2,32,765.0,8.25,-0.1736481776669304,-0.984807753012208,31.2,49,736.0,7.37,0.8746197071393959,-0.484809620246337,30.8,32,707.0,1.8,0.0697564737441255,-0.9975640502598242,13.1,open-meteo,2026-08-08T09:50:27+00:00
2026-07-29 11:00:00+00:00,FR,load,33.7,24,829.0,3.78,-0.7986355100472928,-0.6018150231520483,31.8,29,861.0,7.73,-0.1564344650402307,-0.9876883405951378,33.9,39,842.0,7.84,0.8987940462991669,-0.4383711467890775,31.8,28,794.0,1.5,0.1564344650402309,-0.9876883405951375,14.800000000000004,open-meteo,2026-08-08T10:03:04+00:00
2026-07-29 12:00:00+00:00,FR,load,35.3,21,876.0,4.23,-0.7193398003386512,-0.6946583704589973,32.9,25,906.0,7.23,-0.1564344650402307,-0.9876883405951378,35.8,33,900.0,7.76,0.8987940462991669,-0.4383711467890775,33.4,26,840.0,2.8,0.3583679495453002,-0.9335804264972016,16.349999999999994,open-meteo,2026-08-08T09:50:27+00:00
2026-07-29 13:00:00+00:00,FR,load,36.5,18,875.0,5.37,-0.7880107536067221,-0.6156614753256581,33.8,26,893.0,6.56,-0.1564344650402307,-0.9876883405951378,37.4,26,904.0,8.03,0.9135454576426008,-0.4067366430758002,34.1,25,834.0,3.3,-0.4848096202463369,-0.8746197071393959,17.449999999999996,open-meteo,2026-08-08T10:03:04+00:00
2026-07-29 14:00:00+00:00,FR,load,37.0,15,826.0,5.92,-0.8910065241883678,-0.4539904997395469,34.4,26,829.0,7.08,-0.0871557427476579,-0.9961946980917455,38.4,22,855.0,7.81,0.9510565162951536,-0.3090169943749473,34.7,23,783.0,3.6,-0.4539904997395467,-0.8910065241883679,18.125,open-meteo,2026-08-08T09:50:27+00:00
2026-07-29 15:00:00+00:00,FR,load,37.3,18,724.0,4.5,-0.7193398003386512,-0.6946583704589973,34.7,24,718.0,5.91,-0.1045284632676535,-0.9945218953682732,37.6,24,752.0,9.6,0.8480480961564261,-0.5299192642332048,35.1,21,687.0,4.5,-0.5735764363510462,-0.8191520442889918,18.175,open-meteo,2026-08-08T09:50:27+00:00
2026-07-29 16:00:00+00:00,FR,load,37.1,17,570.0,4.64,-0.992546151641322,0.1218693434051476,34.5,23,568.0,5.99,-0.1908089953765447,-0.981627183447664,35.7,27,602.0,11.39,0.788010753606722,-0.6156614753256583,35.2,20,560.0,3.8,-0.7771459614569706,-0.6293203910498378,17.625,open-meteo,2026-08-08T10:03:04+00:00
2026-07-29 17:00:00+00:00,FR,load,36.7,18,423.0,8.08,-0.9945218953682734,-0.1045284632676533,33.9,22,395.0,6.36,-0.1736481776669304,-0.984807753012208,34.5,30,427.0,10.84,0.7986355100472927,-0.6018150231520484,35.0,18,409.0,4.6,-0.6691306063588582,-0.7431448254773942,17.025,open-meteo,2026-08-08T10:03:04+00:00
2026-07-29 18:00:00+00:00,FR,load,35.5,19,251.0,6.27,-0.90630778703665,-0.4226182617406991,32.3,25,214.0,6.23,-0.2249510543438649,-0.9743700647852352,32.8,32,243.0,11.05,0.7986355100472927,-0.6018150231520484,34.0,21,252.0,3.2,-0.6691306063588582,-0.7431448254773942,15.65,open-meteo,2026-08-08T10:03:04+00:00
2026-07-29 19:00:00+00:00,FR,load,32.5,26,105.0,4.34,-0.882947592858927,-0.4694715627858907,29.7,30,60.0,7.81,-0.1391731009600655,-0.9902680687415704,30.2,41,78.0,11.74,0.788010753606722,-0.6156614753256583,30.7,36,106.0,3.1,-0.544639035015027,0.838670567945424,12.775000000000002,open-meteo,2026-08-08T09:50:27+00:00
2026-07-29 20:00:00+00:00,FR,load,28.7,38,9.0,3.2,-0.9205048534524404,-0.3907311284892738,27.2,41,0.0,10.23,-0.1564344650402307,-0.9876883405951378,28.2,49,2.0,12.12,0.777145961456971,-0.6293203910498373,28.4,41,11.0,10.0,-0.9271838545667874,0.3746065934159119,10.125,open-meteo,2026-08-08T09:50:27+00:00
2026-07-29 21:00:00+00:00,FR,load,26.6,43,0.0,3.14,-0.9702957262759964,-0.2419218955996677,25.8,48,0.0,10.98,-0.0523359562429435,-0.9986295347545738,27.0,54,0.0,11.73,0.7547095802227721,-0.6560590289905072,26.3,41,0.0,9.5,-0.945518575599317,0.3255681544571563,8.425,open-meteo,2026-08-08T09:50:27+00:00
2026-07-29 22:00:00+00:00,FR,load,25.9,41,0.0,1.88,-0.9876883405951378,0.1564344650402306,24.7,51,0.0,11.91,-0.1045284632676535,-0.9945218953682732,26.0,62,0.0,11.72,0.7431448254773942,-0.6691306063588582,23.0,55,0.0,3.2,-0.9396926207859084,0.342020143325669,6.899999999999999,open-meteo,2026-08-08T09:50:27+00:00
2026-07-29 23:00:00+00:00,FR,load,23.2,48,0.0,3.29,-0.1736481776669304,0.984807753012208,23.7,56,0.0,11.99,-0.0697564737441252,-0.9975640502598242,25.2,69,0.0,9.55,0.6293203910498374,-0.7771459614569709,21.6,64,0.0,4.6,-0.9396926207859084,-0.3420201433256685,5.424999999999997,open-meteo,2026-08-08T09:50:27+00:00
2026-07-30 00:00:00+00:00,FR,load,23.2,60,0.0,5.97,0.3907311284892737,0.9205048534524404,23.1,58,0.0,11.08,-0.0348994967025009,-0.9993908270190958,24.1,76,0.0,5.39,0.0348994967025011,-0.9993908270190958,20.9,65,0.0,6.8,-0.992546151641322,-0.1218693434051471,4.825000000000003,open-meteo,2026-08-08T09:50:27+00:00
2026-07-30 01:00:00+00:00,FR,load,22.6,60,0.0,5.82,0.224951054343865,0.9743700647852352,22.9,55,0.0,10.6,-0.0523359562429435,-0.9986295347545738,23.4,83,0.0,3.97,-0.3420201433256686,-0.9396926207859084,19.5,76,0.0,5.6,-0.9205048534524404,-0.3907311284892738,4.100000000000001,open-meteo,2026-08-08T09:50:27+00:00
2026-07-30 02:00:00+00:00,FR,load,20.9,65,0.0,5.1,0.0523359562429438,0.9986295347545738,22.6,54,0.0,9.6,-0.0174524064372836,-0.9998476951563912,22.4,87,0.0,2.73,-0.9659258262890684,-0.2588190451025206,19.4,74,0.0,6.4,-0.8987940462991668,-0.4383711467890777,3.325000000000003,open-meteo,2026-08-08T09:50:27+00:00
2026-07-30 03:00:00+00:00,FR,load,21.2,61,0.0,5.49,0.2756373558169991,0.9612616959383188,22.4,57,0.0,8.45,0.0697564737441255,-0.9975640502598242,21.4,89,0.0,2.06,-0.9986295347545738,0.0523359562429439,18.5,80,0.0,5.7,-0.8660254037844384,-0.5000000000000004,2.875,open-meteo,2026-08-08T09:50:27+00:00
2026-07-30 04:00:00+00:00,FR,load,20.7,61,0.0,5.59,-0.0348994967025008,0.9993908270190958,21.9,64,0.0,8.46,0.0871557427476582,-0.9961946980917455,20.7,88,0.0,3.25,-0.9961946980917455,0.0871557427476578,17.7,92,0.0,7.2,-0.8987940462991668,-0.4383711467890777,2.25,open-meteo,2026-08-08T10:03:04+00:00
2026-07-30 05:00:00+00:00,FR,load,20.6,61,8.0,5.06,0.374606593415912,0.9271838545667874,21.7,66,12.0,7.98,0.1045284632676537,-0.9945218953682732,20.4,89,1.0,4.32,-0.9986295347545738,0.0523359562429439,17.9,93,15.0,6.5,-0.9205048534524404,-0.3907311284892738,2.1499999999999986,open-meteo,2026-08-08T09:50:27+00:00
2026-07-30 06:00:00+00:00,FR,load,20.6,66,71.0,7.29,-0.5877852522924734,0.8090169943749473,22.7,62,114.0,6.88,0.0871557427476582,-0.9961946980917455,20.7,85,27.0,4.32,-0.9975640502598242,-0.0697564737441255,19.5,85,107.0,4.3,-0.9510565162951536,-0.3090169943749475,2.875,open-meteo,2026-08-08T09:50:27+00:00
2026-07-30 07:00:00+00:00,FR,load,21.0,67,110.0,6.59,-0.8660254037844386,0.5000000000000001,24.1,59,278.0,7.58,0.1045284632676537,-0.9945218953682732,21.2,83,66.0,4.02,-1.0,-1.8369701987210287e-16,21.4,74,275.0,4.5,-1.0,-1.8369701987210287e-16,3.924999999999997,open-meteo,2026-08-08T09:50:27+00:00
2026-07-30 08:00:00+00:00,FR,load,20.5,74,104.0,7.25,-0.9743700647852352,-0.2249510543438652,25.8,53,456.0,7.34,0.1564344650402309,-0.9876883405951375,21.9,79,145.0,3.67,-0.9876883405951378,0.1564344650402306,23.1,66,419.0,4.3,-0.984807753012208,-0.1736481776669303,4.824999999999996,open-meteo,2026-08-08T10:03:04+00:00
2026-07-30 09:00:00+00:00,FR,load,19.3,88,88.0,1.32,-0.7431448254773944,-0.6691306063588581,27.6,46,620.0,8.23,1.2246467991473532e-16,-1.0,23.3,74,294.0,1.59,-0.7313537016191703,0.6819983600624987,24.3,60,428.0,4.6,-0.984807753012208,0.1736481776669299,5.625,open-meteo,2026-08-08T10:03:04+00:00
2026-07-30 10:00:00+00:00,FR,load,21.2,82,267.0,2.46,0.9961946980917455,0.0871557427476581,30.5,38,758.0,9.45,-0.0871557427476579,-0.9961946980917455,24.9,68,612.0,1.08,0.9961946980917455,-0.0871557427476582,24.1,62,363.0,6.2,-0.8571673007021121,-0.5150380749100544,7.174999999999997,open-meteo,2026-08-08T09:50:27+00:00
2026-07-30 11:00:00+00:00,FR,load,22.5,79,497.0,1.9,0.2079116908177593,-0.9781476007338056,32.5,27,830.0,8.52,-0.7071067811865475,-0.7071067811865477,26.7,62,791.0,1.21,0.9702957262759964,-0.2419218955996677,23.8,62,242.0,6.1,-0.848048096156426,-0.529919264233205,8.375,open-meteo,2026-08-08T09:50:27+00:00
2026-07-30 12:00:00+00:00,FR,load,23.8,74,548.0,2.91,-0.8386705679454242,-0.544639035015027,32.4,26,857.0,2.94,-0.8660254037844384,-0.5000000000000004,28.3,57,873.0,1.11,0.7071067811865476,-0.7071067811865475,23.5,61,93.0,5.6,-0.8386705679454242,-0.544639035015027,9.0,open-meteo,2026-08-08T09:50:27+00:00
2026-07-30 13:00:00+00:00,FR,load,25.2,68,720.0,4.23,-0.7431448254773944,-0.6691306063588581,30.0,39,859.0,10.45,-0.1045284632676534,0.9945218953682732,30.1,51,878.0,0.29,1.2246467991473532e-16,-1.0,23.7,60,303.0,4.6,-0.6946583704589974,-0.7193398003386511,9.250000000000004,open-meteo,2026-08-08T09:50:27+00:00
2026-07-30 14:00:00+00:00,FR,load,26.5,59,606.0,5.0,-0.8987940462991668,-0.4383711467890777,29.2,39,754.0,8.81,0.4067366430758002,0.9135454576426008,31.4,47,826.0,0.49,-0.6018150231520483,0.7986355100472928,24.4,58,500.0,4.0,-0.6946583704589974,-0.7193398003386511,9.875,open-meteo,2026-08-08T10:03:04+00:00
2026-07-30 15:00:00+00:00,FR,load,28.1,53,657.0,2.77,-0.6691306063588582,-0.7431448254773942,29.7,38,662.0,8.11,0.9781476007338056,0.2079116908177594,32.2,43,725.0,0.9,-0.6560590289905074,0.7547095802227719,26.3,51,641.0,4.5,-0.882947592858927,-0.4694715627858907,11.075,open-meteo,2026-08-08T10:03:04+00:00
2026-07-30 16:00:00+00:00,FR,load,28.9,44,576.0,4.05,-0.848048096156426,-0.529919264233205,30.8,38,545.0,2.67,0.9563047559630355,-0.2923717047227366,32.6,43,584.0,1.93,-0.5000000000000004,0.8660254037844384,27.2,47,545.0,4.4,-0.9781476007338056,-0.2079116908177598,11.875000000000004,open-meteo,2026-08-08T09:50:27+00:00
2026-07-30 17:00:00+00:00,FR,load,28.8,43,420.0,4.02,-0.9743700647852352,-0.2249510543438652,30.7,37,378.0,2.94,-0.8987940462991668,-0.4383711467890777,32.4,45,415.0,2.11,-0.3746065934159123,0.9271838545667872,27.1,43,402.0,4.2,-0.9975640502598242,-0.0697564737441255,11.75,open-meteo,2026-08-08T10:03:04+00:00
2026-07-30 18:00:00+00:00,FR,load,28.3,46,246.0,4.12,-0.9986295347545738,-0.0523359562429443,29.9,39,205.0,3.84,-0.6156614753256582,-0.788010753606722,31.3,47,236.0,1.06,-0.5591929034707466,0.8290375725550418,26.1,46,246.0,5.4,-0.9876883405951375,-0.156434465040231,10.9,open-meteo,2026-08-08T10:03:04+00:00
2026-07-30 19:00:00+00:00,FR,load,26.6,58,100.0,4.23,-0.9743700647852352,-0.2249510543438652,27.6,44,55.0,5.52,-0.2079116908177595,-0.9781476007338056,29.9,55,77.0,1.23,-0.4848096202463369,0.8746197071393959,24.1,54,101.0,4.2,-0.9998476951563912,0.0174524064372831,9.049999999999995,open-meteo,2026-08-08T10:03:04+00:00
2026-07-30 20:00:00+00:00,FR,load,24.1,64,7.0,5.21,-0.961261695938319,-0.2756373558169989,26.1,47,0.0,7.67,-0.0871557427476579,-0.9961946980917455,28.1,61,2.0,1.31,-0.4539904997395469,0.8910065241883678,21.9,61,9.0,5.2,-0.9455185755993168,-0.3255681544571566,7.050000000000004,open-meteo,2026-08-08T09:50:27+00:00
2026-07-30 21:00:00+00:00,FR,load,23.0,64,0.0,9.77,-0.2756373558169989,0.9612616959383188,25.2,53,0.0,12.76,-0.2249510543438649,-0.9743700647852352,26.9,65,0.0,1.55,-0.3090169943749477,0.9510565162951536,19.9,69,0.0,5.3,-0.981627183447664,-0.1908089953765446,5.75,open-meteo,2026-08-08T09:50:27+00:00
2026-07-30 22:00:00+00:00,FR,load,22.6,66,0.0,8.52,0.1564344650402308,0.9876883405951378,24.0,59,0.0,13.66,-0.2588190451025208,-0.9659258262890684,24.9,74,0.0,0.77,0.766044443118978,-0.6427876096865394,18.8,76,0.0,5.9,-0.961261695938319,-0.2756373558169989,4.574999999999999,open-meteo,2026-08-08T10:03:04+00:00
2026-07-30 23:00:00+00:00,FR,load,21.4,70,0.0,6.96,-0.0348994967025008,0.9993908270190958,23.1,66,0.0,13.22,-0.2079116908177595,-0.9781476007338056,23.9,85,0.0,3.24,0.4226182617406995,-0.90630778703665,17.9,82,0.0,4.0,-0.7771459614569706,-0.6293203910498378,3.575000000000003,open-meteo,2026-08-08T09:50:27+00:00
2026-07-31 00:00:00+00:00,FR,load,20.3,75,0.0,6.51,-0.1218693434051472,0.992546151641322,22.8,67,0.0,13.84,-0.1736481776669304,-0.984807753012208,23.3,86,0.0,3.17,0.3746065934159122,-0.9271838545667872,17.4,89,0.0,6.0,-0.6691306063588582,-0.7431448254773942,2.950000000000003,open-meteo,2026-08-08T09:50:27+00:00
2026-07-31 01:00:00+00:00,FR,load,19.6,76,0.0,6.04,-0.2249510543438653,0.9743700647852352,22.2,76,0.0,11.89,-0.1564344650402307,-0.9876883405951378,22.8,86,0.0,3.02,-0.587785252292473,-0.8090169943749475,16.9,89,0.0,6.1,-0.6156614753256582,-0.788010753606722,2.375,open-meteo,2026-08-08T09:50:27+00:00
2026-07-31 02:00:00+00:00,FR,load,19.2,76,0.0,5.94,-0.1564344650402311,0.9876883405951375,21.7,83,0.0,9.61,-0.0523359562429435,-0.9986295347545738,22.3,83,0.0,3.64,-0.9702957262759966,0.2419218955996674,18.0,86,0.0,6.5,-0.6156614753256582,-0.788010753606722,2.3000000000000007,open-meteo,2026-08-08T10:03:04+00:00
2026-07-31 03:00:00+00:00,FR,load,18.6,78,0.0,5.23,-0.2249510543438653,0.9743700647852352,21.6,84,0.0,9.24,-0.0697564737441252,-0.9975640502598242,21.4,86,0.0,4.41,-0.9986295347545738,-0.0523359562429443,17.4,92,0.0,4.8,-0.9335804264972016,-0.3583679495453007,1.75,open-meteo,2026-08-08T10:03:04+00:00
2026-07-31 04:00:00+00:00,FR,load,18.3,79,0.0,5.57,-0.4067366430758001,0.9135454576426008,21.8,82,0.0,6.67,-0.0348994967025009,-0.9993908270190958,20.7,86,0.0,6.02,-0.992546151641322,0.1218693434051476,17.2,95,0.0,5.4,-0.7986355100472928,-0.6018150231520483,1.5,open-meteo,2026-08-08T09:50:27+00:00
2026-07-31 05:00:00+00:00,FR,load,18.0,81,6.0,5.06,-0.3746065934159123,0.9271838545667872,22.2,75,5.0,8.33,-0.0348994967025009,-0.9993908270190958,20.3,88,1.0,5.61,-0.9781476007338056,0.2079116908177594,18.3,93,8.0,4.8,-0.6819983600624984,-0.7313537016191706,1.6999999999999993,open-meteo,2026-08-08T10:03:04+00:00
2026-07-31 06:00:00+00:00,FR,load,18.2,80,49.0,3.68,-0.4848096202463369,0.8746197071393959,23.3,61,77.0,5.98,-0.0348994967025009,-0.9993908270190958,20.4,85,51.0,5.38,-0.984807753012208,0.1736481776669299,18.6,88,36.0,4.6,-0.913545457642601,-0.4067366430758001,2.125,open-meteo,2026-08-08T09:50:27+00:00
2026-07-31 07:00:00+00:00,FR,load,19.0,78,130.0,3.53,-0.5591929034707466,0.8290375725550418,24.0,65,251.0,4.46,-0.3255681544571567,-0.9455185755993168,21.2,82,169.0,4.56,-0.9876883405951378,0.1564344650402306,19.6,86,110.0,3.7,-0.9961946980917455,-0.0871557427476582,2.950000000000003,open-meteo,2026-08-08T09:50:27+00:00
2026-07-31 08:00:00+00:00,FR,load,20.4,76,326.0,1.88,-0.4694715627858908,0.882947592858927,25.6,56,345.0,2.83,-0.2419218955996675,-0.9702957262759964,22.2,78,280.0,3.53,-0.9993908270190958,0.0348994967025012,20.8,81,231.0,4.0,-0.9945218953682734,0.1045284632676529,4.25,open-meteo,2026-08-08T09:50:27+00:00
2026-07-31 09:00:00+00:00,FR,load,22.5,67,469.0,3.2,-0.6427876096865396,0.7660444431189778,26.3,54,252.0,9.29,0.8987940462991669,-0.4383711467890775,23.0,76,423.0,4.21,-0.9063077870366498,0.4226182617406996,22.9,71,358.0,4.4,-0.7547095802227722,0.656059028990507,5.674999999999997,open-meteo,2026-08-08T09:50:27+00:00
2026-07-31 10:00:00+00:00,FR,load,23.6,63,577.0,3.32,-0.8290375725550416,0.559192903470747,26.2,56,391.0,3.08,-0.9876883405951375,-0.156434465040231,24.7,68,540.0,2.64,-0.9271838545667874,0.3746065934159119,24.0,64,393.0,4.0,-0.7880107536067218,0.6156614753256585,6.625,open-meteo,2026-08-08T10:03:04+00:00
2026-07-31 11:00:00+00:00,FR,load,24.5,59,560.0,2.45,-0.9612616959383188,0.2756373558169994,28.2,58,606.0,2.84,0.7193398003386511,0.6946583704589973,25.9,63,669.0,2.42,-0.8480480961564262,0.5299192642332047,24.0,63,368.0,6.3,-0.7071067811865477,0.7071067811865474,7.649999999999999,open-meteo,2026-08-08T09:50:27+00:00
2026-07-31 12:00:00+00:00,FR,load,26.1,52,535.0,2.07,-0.9961946980917455,0.0871557427476578,30.0,42,798.0,3.07,-0.5150380749100542,-0.8571673007021123,26.4,62,639.0,2.34,-0.8386705679454243,0.5446390350150266,24.7,57,562.0,5.9,-0.4067366430758001,0.9135454576426008,8.8,open-meteo,2026-08-08T09:50:27+00:00
2026-07-31 13:00:00+00:00,FR,load,26.9,47,463.0,3.67,-0.9876883405951378,0.1564344650402306,29.6,41,636.0,3.17,-0.374606593415912,-0.9271838545667874,26.6,62,439.0,3.69,-0.6427876096865396,0.7660444431189778,22.6,63,699.0,7.1,-0.3746065934159123,0.9271838545667872,8.424999999999997,open-meteo,2026-08-08T09:50:27+00:00
2026-07-31 14:00:00+00:00,FR,load,27.9,44,543.0,3.5,-0.981627183447664,0.1908089953765451,30.7,39,530.0,3.04,-0.5446390350150271,-0.838670567945424,27.3,60,428.0,4.57,-0.7313537016191703,0.6819983600624987,22.2,70,713.0,6.3,-0.2756373558169989,0.9612616959383188,9.025,open-meteo,2026-08-08T09:50:27+00:00
2026-07-31 15:00:00+00:00,FR,load,28.0,41,606.0,2.99,-0.8480480961564262,0.5299192642332047,30.7,31,616.0,8.9,-0.3583679495453004,-0.9335804264972016,26.9,60,555.0,4.08,-0.8660254037844386,0.5000000000000001,24.4,51,608.0,6.1,-0.0523359562429443,0.9986295347545738,9.5,open-meteo,2026-08-08T09:50:27+00:00
2026-07-31 16:00:00+00:00,FR,load,27.9,42,485.0,3.81,-0.7193398003386512,0.6946583704589973,29.0,50,249.0,6.3,-0.2588190451025208,-0.9659258262890684,27.6,57,449.0,4.13,-0.8571673007021123,0.5150380749100542,24.0,52,376.0,4.8,-0.2249510543438653,0.9743700647852352,9.125,open-meteo,2026-08-08T10:03:04+00:00
2026-07-31 17:00:00+00:00,FR,load,27.3,42,294.0,5.19,-0.5877852522924734,0.8090169943749473,27.1,53,177.0,5.7,-0.945518575599317,0.3255681544571563,27.5,56,338.0,5.35,-0.8829475928589271,0.4694715627858904,23.2,50,338.0,4.7,0.2756373558169991,0.9612616959383188,8.275000000000002,open-meteo,2026-08-08T10:03:04+00:00
2026-07-31 18:00:00+00:00,FR,load,26.2,43,234.0,6.96,-0.529919264233205,0.8480480961564258,27.4,62,98.0,12.12,-0.2923717047227367,-0.9563047559630354,26.2,60,200.0,5.07,-0.984807753012208,0.1736481776669299,21.4,53,219.0,7.0,0.224951054343865,0.9743700647852352,7.299999999999997,open-meteo,2026-08-08T10:03:04+00:00
2026-07-31 19:00:00+00:00,FR,load,24.7,47,93.0,7.27,-0.4383711467890778,0.8987940462991668,26.1,77,28.0,9.98,-0.2419218955996675,-0.9702957262759964,25.2,66,67.0,4.91,-0.9986295347545738,-0.0523359562429443,20.9,58,90.0,6.0,0.3420201433256687,0.9396926207859084,6.225000000000001,open-meteo,2026-08-08T09:50:27+00:00
2026-07-31 20:00:00+00:00,FR,load,23.0,52,7.0,8.62,-0.5877852522924734,0.8090169943749473,25.3,67,0.0,11.43,-0.3420201433256686,-0.9396926207859084,24.2,70,2.0,5.52,-0.9945218953682734,-0.1045284632676533,19.5,58,9.0,6.8,0.3255681544571567,0.9455185755993168,5.0,open-meteo,2026-08-08T10:03:04+00:00
2026-07-31 21:00:00+00:00,FR,load,21.5,64,0.0,8.75,-0.2756373558169989,0.9612616959383188,24.6,63,0.0,11.67,-0.1391731009600655,-0.9902680687415704,23.7,70,0.0,6.58,-0.9986295347545738,0.0523359562429439,17.4,65,0.0,6.1,0.4067366430758002,0.9135454576426008,3.799999999999997,open-meteo,2026-08-08T09:50:27+00:00
2026-07-31 22:00:00+00:00,FR,load,20.5,67,0.0,6.99,-0.1908089953765446,0.981627183447664,23.4,75,0.0,6.51,-0.2079116908177595,-0.9781476007338056,22.9,70,0.0,6.68,-0.9702957262759966,0.2419218955996674,16.6,75,0.0,6.5,0.6018150231520483,0.7986355100472928,2.8500000000000014,open-meteo,2026-08-08T10:03:04+00:00
2026-07-31 23:00:00+00:00,FR,load,19.8,71,0.0,6.61,-0.2079116908177598,0.9781476007338056,22.8,81,0.0,5.21,-0.275637355816999,-0.9612616959383188,21.9,74,0.0,5.52,-0.8910065241883679,0.4539904997395466,15.4,81,0.0,6.0,0.6819983600624985,0.7313537016191705,1.9750000000000016,open-meteo,2026-08-08T09:50:27+00:00
2026-08-01 00:00:00+00:00,FR,load,19.0,76,0.0,6.37,-0.3907311284892739,0.9205048534524404,22.3,80,0.0,1.12,-0.6156614753256582,-0.788010753606722,21.2,77,0.0,5.11,-0.8480480961564262,0.5299192642332047,13.8,85,0.0,6.7,0.754709580222772,0.6560590289905073,1.0749999999999993,open-meteo,2026-08-08T10:03:04+00:00
2026-08-01 01:00:00+00:00,FR,load,18.3,83,0.0,6.4,-0.4226182617406992,0.90630778703665,21.1,86,0.0,4.51,-0.0174524064372835,0.9998476951563912,20.5,80,0.0,4.96,-0.8660254037844386,0.5000000000000001,13.5,86,0.0,6.2,0.838670567945424,0.5446390350150271,0.3500000000000014,open-meteo,2026-08-08T10:03:04+00:00
2026-08-01 02:00:00+00:00,FR,load,17.5,86,0.0,6.93,-0.4848096202463369,0.8746197071393959,21.0,78,0.0,6.96,0.2419218955996677,0.9702957262759964,19.9,81,0.0,5.18,-0.8746197071393956,0.4848096202463373,13.7,88,0.0,5.7,0.9335804264972016,0.3583679495453004,0.0249999999999985,open-meteo,2026-08-08T10:03:04+00:00
2026-08-01 03:00:00+00:00,FR,load,16.8,85,0.0,6.46,-0.3746065934159123,0.9271838545667872,20.3,85,0.0,6.91,0.3090169943749474,0.9510565162951536,19.3,82,0.0,4.52,-0.8660254037844386,0.5000000000000001,11.1,92,0.0,5.6,0.9986295347545738,0.0523359562429439,1.125,open-meteo,2026-08-08T10:03:04+00:00
2026-08-01 04:00:00+00:00,FR,load,16.6,82,0.0,5.67,-0.3090169943749477,0.9510565162951536,20.5,87,0.0,5.6,0.5446390350150271,0.838670567945424,19.2,82,0.0,4.08,-0.8660254037844386,0.5000000000000001,10.8,93,0.0,5.5,0.981627183447664,0.1908089953765449,1.2250000000000014,open-meteo,2026-08-08T10:03:04+00:00
2026-08-01 05:00:00+00:00,FR,load,16.6,81,6.0,6.2,-0.3090169943749477,0.9510565162951536,20.7,86,5.0,5.41,0.573576436351046,0.8191520442889918,19.1,83,1.0,3.92,-0.8480480961564262,0.5299192642332047,11.2,95,18.0,5.4,0.992546151641322,0.1218693434051474,1.1000000000000014,open-meteo,2026-08-08T09:50:27+00:00
2026-08-01 06:00:00+00:00,FR,load,17.0,81,79.0,4.79,-0.3907311284892739,0.9205048534524404,21.0,83,61.0,5.61,0.4539904997395468,0.8910065241883679,19.4,82,56.0,3.53,-0.8290375725550416,0.559192903470747,13.6,88,128.0,3.2,0.3420201433256687,0.9396926207859084,0.25,open-meteo,2026-08-08T10:03:04+00:00
2026-08-01 07:00:00+00:00,FR,load,18.4,75,234.0,3.66,-0.3420201433256686,0.9396926207859084,21.8,79,176.0,5.02,0.3583679495453002,0.9335804264972016,20.3,79,185.0,3.02,-0.8090169943749476,0.5877852522924729,16.8,78,281.0,2.5,0.8910065241883679,0.4539904997395468,1.3249999999999993,open-meteo,2026-08-08T09:50:27+00:00
2026-08-01 08:00:00+00:00,FR,load,19.9,67,404.0,3.35,-0.3583679495453007,0.9335804264972016,22.9,76,310.0,6.28,0.1908089953765448,0.981627183447664,21.4,76,366.0,2.94,-0.8660254037844386,0.5000000000000001,20.1,53,443.0,2.4,0.9993908270190958,-0.0348994967025009,3.074999999999996,open-meteo,2026-08-08T09:50:27+00:00
2026-08-01 09:00:00+00:00,FR,load,22.3,58,585.0,2.95,-0.3583679495453007,0.9335804264972016,25.0,65,485.0,6.82,0.1218693434051474,0.992546151641322,23.3,69,562.0,2.29,-0.8571673007021123,0.5150380749100542,21.6,46,596.0,2.1,0.8746197071393957,0.4848096202463371,5.049999999999997,open-meteo,2026-08-08T09:50:27+00:00
2026-08-01 10:00:00+00:00,FR,load,23.8,52,731.0,2.88,-0.3090169943749477,0.9510565162951536,26.3,59,725.0,7.02,0.1391731009600654,0.9902680687415704,24.9,63,688.0,2.34,-0.8386705679454243,0.5446390350150266,23.0,36,720.0,1.6,0.9455185755993168,0.3255681544571567,6.5,open-meteo,2026-08-08T10:03:04+00:00
2026-08-01 11:00:00+00:00,FR,load,24.9,49,810.0,2.17,-0.3090169943749477,0.9510565162951536,27.7,51,797.0,6.58,0.0697564737441253,0.9975640502598242,26.3,58,731.0,2.71,-0.6560590289905074,0.7547095802227719,24.6,29,810.0,2.6,0.9945218953682732,0.1045284632676534,7.875,open-meteo,2026-08-08T10:03:04+00:00
2026-08-01 12:00:00+00:00,FR,load,26.3,40,826.0,1.66,-0.7071067811865477,0.7071067811865474,28.7,46,879.0,6.66,0.0174524064372835,0.9998476951563912,27.9,53,874.0,3.02,-0.5877852522924734,0.8090169943749473,25.2,29,855.0,2.9,0.9135454576426008,0.4067366430758002,9.025000000000002,open-meteo,2026-08-08T10:03:04+00:00
2026-08-01 13:00:00+00:00,FR,load,27.1,40,802.0,1.89,-0.3583679495453007,0.9335804264972016,29.5,42,870.0,6.47,-0.0174524064372835,0.9998476951563912,28.8,50,871.0,2.36,-0.6691306063588581,0.7431448254773944,25.8,28,847.0,1.8,0.8290375725550417,0.5591929034707468,9.8,open-meteo,2026-08-08T09:50:27+00:00
2026-08-01 14:00:00+00:00,FR,load,27.4,32,678.0,2.58,-0.1564344650402311,0.9876883405951375,30.0,40,809.0,6.47,-2.4492935982947064e-16,1.0,29.4,47,815.0,2.01,-0.7313537016191703,0.6819983600624987,26.4,25,792.0,1.7,0.3090169943749474,0.9510565162951536,10.299999999999995,open-meteo,2026-08-08T10:03:04+00:00
2026-08-01 15:00:00+00:00,FR,load,27.8,32,717.0,0.57,-0.5150380749100545,0.8571673007021121,29.8,41,698.0,6.22,0.1218693434051474,0.992546151641322,29.6,45,725.0,1.71,-0.8571673007021123,0.5150380749100542,26.1,26,696.0,1.4,0.8987940462991669,0.4383711467890774,10.325000000000005,open-meteo,2026-08-08T10:03:04+00:00
2026-08-01 16:00:00+00:00,FR,load,27.8,29,500.0,3.46,-0.4226182617406992,0.90630778703665,29.4,42,550.0,6.1,0.1045284632676534,0.9945218953682732,29.6,45,586.0,1.74,-0.7880107536067218,0.6156614753256585,26.3,26,523.0,3.0,0.3090169943749474,0.9510565162951536,10.275000000000002,open-meteo,2026-08-08T09:50:27+00:00
2026-08-01 17:00:00+00:00,FR,load,26.8,35,307.0,2.85,-0.6560590289905074,0.7547095802227719,29.0,42,379.0,6.18,0.2588190451025207,0.9659258262890684,29.4,45,413.0,2.39,-0.8191520442889918,0.573576436351046,25.4,33,319.0,7.0,0.1045284632676534,0.9945218953682732,9.65,open-meteo,2026-08-08T10:03:04+00:00
2026-08-01 18:00:00+00:00,FR,load,26.5,30,163.0,2.42,-0.529919264233205,0.8480480961564258,27.9,42,202.0,5.95,0.2923717047227367,0.9563047559630354,29.2,45,233.0,3.03,-0.8746197071393956,0.4848096202463373,25.3,27,163.0,2.2,0.9743700647852352,0.2249510543438649,9.224999999999998,open-meteo,2026-08-08T10:03:04+00:00
2026-08-01 19:00:00+00:00,FR,load,25.0,31,86.0,5.78,-0.4383711467890778,0.8987940462991668,25.8,53,53.0,7.02,0.3907311284892737,0.9205048534524404,27.2,52,73.0,3.91,-0.9271838545667874,0.3746065934159119,21.5,51,70.0,8.9,0.0697564737441253,0.9975640502598242,6.875,open-meteo,2026-08-08T10:03:04+00:00
2026-08-01 20:00:00+00:00,FR,load,23.3,40,7.0,6.76,0.0174524064372835,0.9998476951563912,24.1,53,0.0,6.84,0.4226182617406994,0.90630778703665,25.0,59,1.0,3.88,-0.9612616959383188,0.2756373558169994,20.6,52,5.0,7.3,0.3090169943749474,0.9510565162951536,5.25,open-meteo,2026-08-08T10:03:04+00:00
2026-08-01 21:00:00+00:00,FR,load,21.7,46,0.0,6.41,-0.1045284632676534,0.9945218953682732,22.6,58,0.0,6.01,0.4067366430758002,0.9135454576426008,23.9,61,0.0,4.03,-0.8746197071393956,0.4848096202463373,19.6,51,0.0,6.6,0.573576436351046,0.8191520442889918,3.949999999999996,open-meteo,2026-08-08T09:50:27+00:00
2026-08-01 22:00:00+00:00,FR,load,20.9,50,0.0,8.04,0.0348994967025009,0.9993908270190958,21.6,63,0.0,5.31,0.3907311284892737,0.9205048534524404,23.0,63,0.0,3.66,-0.9396926207859084,0.342020143325669,18.4,56,0.0,7.9,0.6560590289905073,0.754709580222772,2.9750000000000014,open-meteo,2026-08-08T09:50:27+00:00
2026-08-01 23:00:00+00:00,FR,load,19.5,55,0.0,7.06,0.0348994967025009,0.9993908270190958,20.7,67,0.0,3.92,0.0523359562429438,0.9986295347545738,22.4,64,0.0,4.25,-0.9659258262890684,0.2588190451025203,17.4,62,0.0,7.8,0.766044443118978,0.6427876096865394,2.0,open-meteo,2026-08-08T09:50:27+00:00
2026-08-02 00:00:00+00:00,FR,load,18.7,59,0.0,6.59,0.1908089953765448,0.981627183447664,20.0,71,0.0,4.9,0.0348994967025009,0.9993908270190958,21.8,65,0.0,3.85,-0.9659258262890684,0.2588190451025203,17.6,52,0.0,6.6,0.9205048534524404,0.3907311284892737,1.5249999999999986,open-meteo,2026-08-08T10:03:04+00:00
2026-08-02 01:00:00+00:00,FR,load,17.9,63,0.0,5.92,0.2756373558169991,0.9612616959383188,19.6,71,0.0,4.37,0.3420201433256687,0.9396926207859084,21.4,67,0.0,3.27,-0.9876883405951378,0.1564344650402306,17.5,57,0.0,6.7,0.9612616959383188,0.2756373558169991,1.1000000000000014,open-meteo,2026-08-08T10:03:04+00:00
2026-08-02 02:00:00+00:00,FR,load,17.3,66,0.0,5.93,0.374606593415912,0.9271838545667874,19.1,73,0.0,4.03,0.3090169943749474,0.9510565162951536,20.8,71,0.0,3.66,-0.9902680687415704,0.1391731009600654,15.6,65,0.0,7.0,0.90630778703665,0.4226182617406994,0.1999999999999993,open-meteo,2026-08-08T10:03:04+00:00
2026-08-02 03:00:00+00:00,FR,load,16.6,68,0.0,5.97,0.4999999999999999,0.8660254037844387,18.7,76,0.0,4.46,0.1564344650402308,0.9876883405951378,20.3,74,0.0,2.45,-0.9993908270190958,0.0348994967025012,15.4,63,0.0,6.4,0.9510565162951536,0.3090169943749474,0.25,open-meteo,2026-08-08T10:03:04+00:00
2026-08-02 04:00:00+00:00,FR,load,16.2,68,0.0,5.61,0.484809620246337,0.8746197071393957,18.5,78,0.0,4.88,0.1736481776669303,0.984807753012208,20.0,77,0.0,2.26,-0.9993908270190958,-0.0348994967025007,14.8,69,0.0,7.1,0.9396926207859084,0.3420201433256688,0.625,open-meteo,2026-08-08T09:50:27+00:00
2026-08-02 05:00:00+00:00,FR,load,16.1,67,8.0,5.88,0.4999999999999999,0.8660254037844387,18.3,81,10.0,4.33,0.224951054343865,0.9743700647852352,19.5,81,1.0,2.16,-0.9986295347545738,0.0523359562429439,14.3,65,17.0,8.2,0.992546151641322,0.1218693434051474,0.9499999999999992,open-meteo,2026-08-08T09:50:27+00:00
2026-08-02 06:00:00+00:00,FR,load,17.8,61,105.0,5.35,0.573576436351046,0.8191520442889918,19.8,81,107.0,4.05,0.1218693434051474,0.992546151641322,19.9,83,62.0,2.02,-0.9205048534524404,0.3907311284892735,16.4,57,126.0,8.3,0.9945218953682732,-0.1045284632676535,0.4750000000000014,open-meteo,2026-08-08T10:03:04+00:00
2026-08-02 07:00:00+00:00,FR,load,19.6,55,265.0,4.7,0.5150380749100542,0.8571673007021123,21.9,73,268.0,3.26,0.2756373558169991,0.9612616959383188,21.9,75,201.0,1.67,-0.7660444431189781,0.6427876096865393,19.7,44,279.0,5.6,0.9961946980917455,0.0871557427476581,2.7749999999999986,open-meteo,2026-08-08T10:03:04+00:00
2026-08-02 08:00:00+00:00,FR,load,21.5,48,435.0,3.43,0.5150380749100542,0.8571673007021123,24.0,65,444.0,2.91,0.3420201433256687,0.9396926207859084,23.6,70,359.0,1.18,-0.6691306063588581,0.7431448254773944,22.9,32,429.0,6.9,0.9563047559630354,0.2923717047227367,5.0,open-meteo,2026-08-08T10:03:04+00:00
2026-08-02 09:00:00+00:00,FR,load,24.3,38,594.0,4.08,0.573576436351046,0.8191520442889918,26.7,55,609.0,3.23,0.2419218955996677,0.9702957262759964,25.9,60,547.0,1.15,-0.3420201433256686,0.9396926207859084,25.0,28,591.0,6.9,0.90630778703665,0.4226182617406994,7.475000000000001,open-meteo,2026-08-08T10:03:04+00:00
2026-08-02 10:00:00+00:00,FR,load,26.3,34,727.0,4.04,0.6293203910498374,0.7771459614569709,28.9,49,744.0,2.14,0.2756373558169991,0.9612616959383188,28.0,51,707.0,1.19,0.1564344650402308,0.9876883405951378,25.8,26,726.0,7.4,0.9271838545667874,0.3746065934159119,9.25,open-meteo,2026-08-08T09:50:27+00:00
2026-08-02 11:00:00+00:00,FR,load,28.1,32,807.0,3.4,0.6946583704589973,0.7193398003386512,30.8,44,837.0,1.28,0.0697564737441253,0.9975640502598242,29.9,46,820.0,1.74,0.9612616959383188,0.2756373558169991,26.6,25,816.0,7.5,0.9205048534524404,0.3907311284892737,10.85,open-meteo,2026-08-08T10:03:04+00:00
2026-08-02 12:00:00+00:00,FR,load,29.3,31,863.0,2.2,0.9335804264972016,0.3583679495453004,31.6,42,880.0,0.71,-0.5591929034707466,0.8290375725550418,32.2,40,883.0,1.87,0.9945218953682732,0.1045284632676534,27.8,24,858.0,5.8,0.90630778703665,0.4226182617406994,12.225,open-meteo,2026-08-08T10:03:04+00:00
2026-08-02 13:00:00+00:00,FR,load,30.3,28,858.0,2.26,0.9510565162951536,0.3090169943749474,32.9,39,866.0,2.02,-0.6293203910498376,-0.7771459614569708,33.7,37,884.0,1.28,0.848048096156426,0.5299192642332049,27.9,26,847.0,5.3,0.8571673007021123,0.5150380749100542,13.200000000000005,open-meteo,2026-08-08T10:03:04+00:00
2026-08-02 14:00:00+00:00,FR,load,30.9,27,811.0,2.07,0.5150380749100542,0.8571673007021123,34.0,29,805.0,4.06,-0.3420201433256686,-0.9396926207859084,35.0,34,816.0,1.49,0.3907311284892737,0.9205048534524404,28.6,28,792.0,5.8,0.8910065241883679,0.4539904997395468,14.125,open-meteo,2026-08-08T09:50:27+00:00
2026-08-02 15:00:00+00:00,FR,load,31.2,25,703.0,2.31,0.8090169943749475,0.5877852522924731,34.8,22,694.0,4.47,-0.4383711467890774,-0.8987940462991669,36.6,28,717.0,1.86,0.9986295347545738,-0.0523359562429438,29.0,28,687.0,6.5,0.848048096156426,0.5299192642332049,14.9,open-meteo,2026-08-08T09:50:27+00:00
2026-08-02 16:00:00+00:00,FR,load,31.3,25,558.0,1.98,0.1564344650402308,0.9876883405951378,34.8,21,538.0,5.71,-0.275637355816999,-0.9612616959383188,35.4,29,399.0,4.3,0.7547095802227721,-0.6560590289905072,28.9,29,551.0,5.5,0.7431448254773942,0.6691306063588582,14.6,open-meteo,2026-08-08T09:50:27+00:00
2026-08-02 17:00:00+00:00,FR,load,30.7,26,378.0,2.31,0.2079116908177593,0.9781476007338056,34.0,24,328.0,6.01,-0.4067366430758002,-0.9135454576426008,33.1,35,285.0,6.17,0.7193398003386511,-0.6946583704589974,28.5,32,395.0,5.9,0.766044443118978,0.6427876096865394,13.575000000000005,open-meteo,2026-08-08T10:03:04+00:00
2026-08-02 18:00:00+00:00,FR,load,30.4,28,223.0,1.33,-0.2923717047227371,0.9563047559630352,31.9,32,178.0,8.65,-0.275637355816999,-0.9612616959383188,31.5,37,126.0,6.95,0.6427876096865395,-0.7660444431189779,25.2,38,214.0,10.0,0.2588190451025207,0.9659258262890684,11.75,open-meteo,2026-08-08T09:50:27+00:00
2026-08-02 19:00:00+00:00,FR,load,29.2,26,78.0,3.83,0.0523359562429438,0.9986295347545738,29.9,40,43.0,11.76,-0.2249510543438649,-0.9743700647852352,29.2,43,53.0,7.68,0.4999999999999999,-0.8660254037844387,23.7,46,67.0,8.5,0.2588190451025207,0.9659258262890684,10.0,open-meteo,2026-08-08T10:03:04+00:00
2026-08-02 20:00:00+00:00,FR,load,26.2,31,5.0,6.88,0.4067366430758002,0.9135454576426008,28.2,46,0.0,12.36,-0.1391731009600655,-0.9902680687415704,27.1,58,1.0,7.34,0.5150380749100544,-0.8571673007021122,22.2,46,4.0,7.7,0.2923717047227367,0.9563047559630354,7.925000000000001,open-meteo,2026-08-08T09:50:27+00:00
2026-08-02 21:00:00+00:00,FR,load,25.5,33,0.0,7.32,0.4694715627858908,0.882947592858927,26.6,53,0.0,10.26,-0.1736481776669304,-0.984807753012208,26.0,69,0.0,7.86,0.3907311284892737,-0.9205048534524404,21.5,48,0.0,7.5,0.3255681544571567,0.9455185755993168,6.899999999999999,open-meteo,2026-08-08T09:50:27+00:00
2026-08-02 22:00:00+00:00,FR,load,24.6,35,0.0,7.33,0.4999999999999999,0.8660254037844387,25.4,60,0.0,12.93,-0.2419218955996675,-0.9702957262759964,24.9,79,0.0,8.28,0.4539904997395468,-0.8910065241883678,20.7,54,0.0,7.6,0.4226182617406994,0.90630778703665,5.900000000000002,open-meteo,2026-08-08T10:03:04+00:00
2026-08-02 23:00:00+00:00,FR,load,24.0,36,0.0,7.77,0.5591929034707469,0.8290375725550417,24.4,65,0.0,12.38,-0.2249510543438649,-0.9743700647852352,24.3,84,0.0,6.37,0.2419218955996677,-0.9702957262759964,20.2,57,0.0,7.1,0.5150380749100542,0.8571673007021123,5.225000000000001,open-meteo,2026-08-08T09:50:27+00:00
2026-08-03 00:00:00+00:00,FR,load,23.3,39,0.0,6.98,0.484809620246337,0.8746197071393957,23.6,74,0.0,11.14,-0.1218693434051473,-0.992546151641322,23.8,88,0.0,3.55,-0.4694715627858908,-0.8829475928589269,19.7,59,0.0,7.1,0.6156614753256583,0.7880107536067219,4.600000000000001,open-meteo,2026-08-08T09:50:27+00:00
2026-08-03 01:00:00+00:00,FR,load,22.5,45,0.0,6.43,0.6156614753256583,0.7880107536067219,23.1,73,0.0,11.58,-0.1391731009600655,-0.9902680687415704,23.2,83,0.0,3.58,-0.9876883405951378,0.1564344650402306,19.3,59,0.0,6.4,0.6946583704589973,0.7193398003386512,4.024999999999999,open-meteo,2026-08-08T09:50:27+00:00
2026-08-03 02:00:00+00:00,FR,load,21.9,49,0.0,5.61,0.6946583704589973,0.7193398003386512,23.1,69,0.0,10.45,-0.1736481776669304,-0.984807753012208,22.0,79,0.0,4.75,-0.9702957262759966,0.2419218955996674,17.9,63,0.0,6.3,0.7313537016191705,0.6819983600624985,3.2250000000000014,open-meteo,2026-08-08T09:50:27+00:00
2026-08-03 03:00:00+00:00,FR,load,21.3,52,0.0,4.87,0.766044443118978,0.6427876096865394,23.0,70,0.0,9.2,-0.1391731009600655,-0.9902680687415704,22.0,77,0.0,3.35,-0.9335804264972016,0.3583679495453004,17.0,67,0.0,5.6,0.788010753606722,0.6156614753256583,2.825,open-meteo,2026-08-08T09:50:27+00:00
2026-08-03 04:00:00+00:00,FR,load,21.1,54,0.0,4.62,0.8090169943749475,0.5877852522924731,22.8,69,0.0,8.87,-0.1045284632676535,-0.9945218953682732,21.5,78,0.0,2.69,-0.984807753012208,0.1736481776669299,16.3,69,0.0,4.6,0.7771459614569709,0.6293203910498374,2.4250000000000007,open-meteo,2026-08-08T10:03:04+00:00
2026-08-03 05:00:00+00:00,FR,load,21.3,55,5.0,4.19,0.838670567945424,0.5446390350150271,22.6,68,7.0,8.55,-0.1736481776669304,-0.984807753012208,21.1,80,0.0,2.36,-0.9563047559630354,0.2923717047227367,14.9,75,13.0,3.1,0.788010753606722,0.6156614753256583,1.9750000000000016,open-meteo,2026-08-08T10:03:04+00:00
2026-08-03 06:00:00+00:00,FR,load,22.4,52,71.0,5.01,0.8571673007021123,0.5150380749100542,22.8,69,60.0,7.75,-0.2249510543438649,-0.9743700647852352,21.1,82,30.0,1.88,-0.7771459614569708,0.6293203910498375,17.5,66,119.0,1.1,0.981627183447664,-0.1908089953765448,2.950000000000003,open-meteo,2026-08-08T09:50:27+00:00
2026-08-03 07:00:00+00:00,FR,load,24.2,50,217.0,4.24,0.9455185755993168,0.3255681544571567,24.2,66,208.0,6.83,-0.1391731009600655,-0.9902680687415704,21.7,81,68.0,1.67,-0.3583679495453007,0.9335804264972016,20.2,52,267.0,1.1,0.9781476007338056,0.2079116908177594,4.574999999999999,open-meteo,2026-08-08T10:03:04+00:00
2026-08-03 08:00:00+00:00,FR,load,26.1,44,382.0,3.21,0.9781476007338056,0.2079116908177594,25.7,64,338.0,4.83,-0.1045284632676535,-0.9945218953682732,22.8,79,164.0,1.1,0.4539904997395468,0.8910065241883679,22.4,44,403.0,0.5,-0.0348994967025008,0.9993908270190958,6.25,open-meteo,2026-08-08T10:03:04+00:00
2026-08-03 09:00:00+00:00,FR,load,29.1,39,538.0,3.44,0.9961946980917455,-0.0871557427476582,28.0,58,387.0,6.86,-0.1736481776669304,-0.984807753012208,24.9,73,360.0,2.05,0.9563047559630354,0.2923717047227367,25.7,37,539.0,3.2,-0.1045284632676534,0.9945218953682732,8.925,open-meteo,2026-08-08T10:03:04+00:00
2026-08-03 10:00:00+00:00,FR,load,31.0,38,687.0,2.94,0.8987940462991669,-0.4383711467890775,30.0,50,717.0,7.82,-0.2588190451025208,-0.9659258262890684,30.2,57,662.0,7.36,0.90630778703665,-0.4226182617406993,27.4,35,626.0,3.0,0.0174524064372835,0.9998476951563912,11.65,open-meteo,2026-08-08T10:03:04+00:00
2026-08-03 11:00:00+00:00,FR,load,32.6,38,692.0,2.51,0.6293203910498374,-0.7771459614569709,31.8,46,805.0,7.98,-0.2419218955996675,-0.9702957262759964,30.8,56,771.0,8.72,0.8910065241883679,-0.4539904997395467,28.9,31,694.0,1.7,0.4067366430758002,0.9135454576426008,13.025,open-meteo,2026-08-08T09:50:27+00:00
2026-08-03 12:00:00+00:00,FR,load,33.9,35,653.0,4.78,-0.6819983600624984,-0.7313537016191706,33.2,42,870.0,8.68,-0.275637355816999,-0.9612616959383188,31.1,53,834.0,6.7,0.788010753606722,-0.6156614753256583,30.2,28,677.0,0.5,-0.2588190451025207,0.9659258262890684,14.099999999999994,open-meteo,2026-08-08T09:50:27+00:00
2026-08-03 13:00:00+00:00,FR,load,33.0,36,396.0,4.86,-0.4694715627858908,-0.8829475928589269,34.1,39,857.0,9.95,-0.3255681544571567,-0.9455185755993168,32.0,49,796.0,6.55,0.8480480961564261,-0.5299192642332048,31.2,28,770.0,1.7,-0.8480480961564262,0.5299192642332047,14.574999999999996,open-meteo,2026-08-08T09:50:27+00:00
2026-08-03 14:00:00+00:00,FR,load,33.6,35,526.0,5.37,-0.9659258262890684,-0.2588190451025206,34.7,35,795.0,10.94,-0.3907311284892735,-0.9205048534524404,32.5,46,785.0,5.25,0.7986355100472927,-0.6018150231520484,32.4,26,748.0,2.3,-0.0174524064372835,0.9998476951563912,15.300000000000004,open-meteo,2026-08-08T09:50:27+00:00
2026-08-03 15:00:00+00:00,FR,load,34.4,34,607.0,7.85,-0.7660444431189779,-0.6427876096865395,34.6,35,685.0,10.61,-0.4067366430758002,-0.9135454576426008,30.6,49,417.0,5.92,0.6293203910498374,-0.7771459614569709,33.3,24,673.0,3.5,0.2588190451025207,0.9659258262890684,15.224999999999994,open-meteo,2026-08-08T10:03:04+00:00
2026-08-03 16:00:00+00:00,FR,load,28.6,46,350.0,12.47,-0.9902680687415704,-0.1391731009600658,34.6,32,540.0,10.79,-0.4067366430758002,-0.9135454576426008,28.2,63,170.0,5.73,-0.2923717047227367,-0.9563047559630354,32.5,26,546.0,3.9,0.0348994967025009,0.9993908270190958,12.975,open-meteo,2026-08-08T10:03:04+00:00
2026-08-03 17:00:00+00:00,FR,load,27.7,48,178.0,9.02,-0.9998476951563912,0.0174524064372831,33.0,42,370.0,11.07,-0.3420201433256686,-0.9396926207859084,25.9,80,128.0,3.96,-0.6427876096865393,-0.766044443118978,32.3,25,386.0,5.5,0.1045284632676534,0.9945218953682732,11.724999999999998,open-meteo,2026-08-08T09:50:27+00:00
2026-08-03 18:00:00+00:00,FR,load,26.8,47,79.0,4.03,-0.9975640502598244,0.0697564737441252,31.6,47,192.0,11.24,-0.1736481776669304,-0.984807753012208,26.1,78,80.0,1.59,0.1908089953765449,-0.981627183447664,30.8,29,194.0,8.8,0.484809620246337,0.8746197071393957,10.825,open-meteo,2026-08-08T09:50:27+00:00
2026-08-03 19:00:00+00:00,FR,load,26.6,52,39.0,1.31,0.8910065241883679,-0.4539904997395467,29.1,41,47.0,12.83,-0.1218693434051473,-0.992546151641322,25.7,80,30.0,2.15,-0.6819983600624984,-0.7313537016191706,28.6,34,59.0,7.3,0.6018150231520483,0.7986355100472928,9.5,open-meteo,2026-08-08T09:50:27+00:00
2026-08-03 20:00:00+00:00,FR,load,25.1,57,2.0,3.16,0.992546151641322,-0.1218693434051473,27.4,42,0.0,11.75,-0.1218693434051473,-0.992546151641322,23.7,90,0.0,1.25,-0.7771459614569706,-0.6293203910498378,25.2,37,3.0,5.9,0.5446390350150271,0.838670567945424,7.350000000000001,open-meteo,2026-08-08T09:50:27+00:00
2026-08-03 21:00:00+00:00,FR,load,23.2,65,0.0,2.76,-0.4539904997395467,-0.8910065241883679,26.0,49,0.0,10.48,-0.1391731009600655,-0.9902680687415704,23.1,95,0.0,2.6,0.3420201433256689,-0.9396926207859084,25.5,35,0.0,7.0,0.9876883405951378,-0.1564344650402308,6.450000000000003,open-meteo,2026-08-08T09:50:27+00:00
2026-08-03 22:00:00+00:00,FR,load,23.0,64,0.0,2.86,-0.374606593415912,-0.9271838545667874,24.8,57,0.0,11.36,-0.1736481776669304,-0.984807753012208,22.7,96,0.0,2.52,0.9743700647852352,-0.224951054343865,24.6,71,0.0,4.8,0.7071067811865476,-0.7071067811865475,5.774999999999999,open-meteo,2026-08-08T10:03:04+00:00
2026-08-03 23:00:00+00:00,FR,load,23.1,61,0.0,1.61,0.6156614753256584,-0.7880107536067219,23.8,66,0.0,10.86,-0.1736481776669304,-0.984807753012208,22.3,96,0.0,3.13,0.529919264233205,-0.848048096156426,23.8,50,0.0,3.3,0.9563047559630355,-0.2923717047227366,5.25,open-meteo,2026-08-08T10:03:04+00:00
2026-08-04 00:00:00+00:00,FR,load,21.8,67,0.0,3.0,0.6156614753256584,-0.7880107536067219,23.4,70,0.0,9.74,-0.2249510543438649,-0.9743700647852352,21.8,95,0.0,2.86,0.3746065934159122,-0.9271838545667872,22.8,71,0.0,6.1,0.0174524064372834,-0.9998476951563912,4.449999999999999,open-meteo,2026-08-08T10:03:04+00:00
2026-08-04 01:00:00+00:00,FR,load,20.9,71,0.0,2.8,0.5877852522924732,-0.8090169943749473,22.8,72,0.0,7.81,-0.3090169943749473,-0.9510565162951536,21.4,97,0.0,2.64,0.3746065934159122,-0.9271838545667872,21.9,80,0.0,6.9,0.6018150231520482,-0.7986355100472929,3.75,open-meteo,2026-08-08T09:50:27+00:00
2026-08-04 02:00:00+00:00,FR,load,21.4,68,0.0,6.66,0.4383711467890773,-0.898794046299167,22.0,76,0.0,6.89,-0.1045284632676535,-0.9945218953682732,20.9,98,0.0,1.59,0.1908089953765449,-0.981627183447664,21.1,76,0.0,6.0,-0.0174524064372836,-0.9998476951563912,3.3500000000000014,open-meteo,2026-08-08T09:50:27+00:00
2026-08-04 03:00:00+00:00,FR,load,21.8,68,0.0,5.02,-0.2079116908177595,-0.9781476007338056,21.9,78,0.0,6.27,1.2246467991473532e-16,-1.0,20.1,100,0.0,0.31,0.9510565162951536,-0.3090169943749473,21.2,78,0.0,7.9,-0.0697564737441252,-0.9975640502598242,3.25,open-meteo,2026-08-08T09:50:27+00:00
2026-08-04 04:00:00+00:00,FR,load,21.2,74,0.0,4.63,-0.9743700647852352,-0.2249510543438652,21.7,83,0.0,5.6,0.0697564737441255,-0.9975640502598242,19.7,100,0.0,0.49,-0.6018150231520483,0.7986355100472928,20.4,90,0.0,7.8,0.0523359562429438,-0.9986295347545738,2.75,open-meteo,2026-08-08T10:03:04+00:00
2026-08-04 05:00:00+00:00,FR,load,21.3,76,4.0,6.98,-0.1908089953765447,-0.981627183447664,21.8,86,5.0,5.18,0.258819045102521,-0.9659258262890682,19.8,100,1.0,1.21,-0.9702957262759966,0.2419218955996674,20.7,82,13.0,8.7,0.0348994967025011,-0.9993908270190958,2.900000000000002,open-meteo,2026-08-08T10:03:04+00:00
2026-08-04 06:00:00+00:00,FR,load,21.7,75,42.0,6.24,-0.6946583704589974,-0.7193398003386511,22.8,84,84.0,3.38,-0.1736481776669304,-0.984807753012208,20.3,98,52.0,2.06,-0.9986295347545738,-0.0523359562429443,22.5,75,113.0,6.0,-0.2249510543438649,-0.9743700647852352,3.8249999999999993,open-meteo,2026-08-08T09:50:27+00:00
2026-08-04 07:00:00+00:00,FR,load,22.3,76,108.0,6.24,-0.6946583704589974,-0.7193398003386511,24.0,76,204.0,3.54,0.0871557427476582,-0.9961946980917455,22.2,88,204.0,2.42,-0.9702957262759964,-0.2419218955996677,25.0,65,262.0,5.1,-0.5591929034707467,-0.8290375725550418,5.375,open-meteo,2026-08-08T10:03:04+00:00
2026-08-04 08:00:00+00:00,FR,load,23.3,68,149.0,6.2,-0.5150380749100542,-0.8571673007021123,25.8,66,404.0,2.66,-0.1045284632676535,-0.9945218953682732,23.4,82,361.0,2.52,-0.9743700647852352,0.2249510543438649,26.8,57,419.0,4.7,-0.3420201433256686,-0.9396926207859084,6.824999999999999,open-meteo,2026-08-08T09:50:27+00:00
2026-08-04 09:00:00+00:00,FR,load,24.2,70,275.0,5.41,-0.5735764363510462,-0.8191520442889918,28.2,54,604.0,3.64,-0.2419218955996675,-0.9702957262759964,25.2,73,487.0,1.86,-0.9510565162951536,0.3090169943749472,29.0,46,567.0,4.0,-0.2923717047227367,-0.9563047559630354,8.649999999999999,open-meteo,2026-08-08T09:50:27+00:00
2026-08-04 10:00:00+00:00,FR,load,26.8,61,495.0,5.8,-0.5000000000000001,-0.8660254037844386,29.6,43,725.0,6.24,-0.374606593415912,-0.9271838545667874,26.7,64,578.0,1.23,-0.8746197071393956,0.4848096202463373,30.6,38,684.0,5.8,-0.4848096202463369,-0.8746197071393959,10.425000000000004,open-meteo,2026-08-08T09:50:27+00:00
2026-08-04 11:00:00+00:00,FR,load,28.8,49,669.0,6.18,-0.6691306063588582,-0.7431448254773942,30.7,43,832.0,6.97,-0.2923717047227367,-0.9563047559630354,28.4,55,723.0,0.92,-0.8480480961564262,0.5299192642332047,30.1,39,569.0,7.7,-0.2419218955996675,-0.9702957262759964,11.5,open-meteo,2026-08-08T10:03:04+00:00
2026-08-04 12:00:00+00:00,FR,load,30.1,37,789.0,6.51,-0.6946583704589974,-0.7193398003386511,32.2,36,847.0,6.14,-0.2923717047227367,-0.9563047559630354,30.0,51,867.0,2.06,-0.4226182617406992,0.90630778703665,30.6,38,105.0,6.9,-0.4067366430758002,-0.9135454576426008,12.725,open-meteo,2026-08-08T10:03:04+00:00
2026-08-04 13:00:00+00:00,FR,load,30.6,33,743.0,6.8,-0.8090169943749473,-0.5877852522924732,33.0,34,824.0,6.86,-0.374606593415912,-0.9271838545667874,31.3,47,873.0,2.64,-0.2588190451025207,0.9659258262890684,29.6,42,153.0,5.2,-0.1736481776669304,-0.984807753012208,13.125,open-meteo,2026-08-08T10:03:04+00:00
2026-08-04 14:00:00+00:00,FR,load,31.0,34,791.0,6.59,-0.8660254037844384,-0.5000000000000004,33.4,31,692.0,8.41,-0.4694715627858908,-0.8829475928589269,31.9,46,814.0,3.09,-0.1908089953765446,0.981627183447664,30.0,40,538.0,6.5,-0.9510565162951536,-0.3090169943749475,13.575000000000005,open-meteo,2026-08-08T09:50:27+00:00
2026-08-04 15:00:00+00:00,FR,load,31.2,32,697.0,7.18,-0.848048096156426,-0.529919264233205,33.8,29,649.0,7.19,-0.4383711467890774,-0.8987940462991669,31.9,45,706.0,3.68,-0.4848096202463369,0.8746197071393959,28.2,40,349.0,6.1,-0.9702957262759964,-0.2419218955996677,13.275000000000002,open-meteo,2026-08-08T10:03:04+00:00
2026-08-04 16:00:00+00:00,FR,load,30.5,37,545.0,8.21,-0.9205048534524404,-0.3907311284892738,32.5,35,423.0,9.11,-0.2079116908177595,-0.9781476007338056,31.8,43,550.0,4.09,-0.6946583704589976,0.7193398003386509,27.3,38,443.0,6.9,-0.961261695938319,-0.2756373558169989,12.525,open-meteo,2026-08-08T10:03:04+00:00
2026-08-04 17:00:00+00:00,FR,load,30.0,39,363.0,7.01,-0.90630778703665,-0.4226182617406991,29.1,42,187.0,9.25,0.8987940462991669,-0.4383711467890775,31.1,45,350.0,4.88,-0.7880107536067218,0.6156614753256585,28.1,38,387.0,7.0,-0.9702957262759964,-0.2419218955996677,11.575000000000005,open-meteo,2026-08-08T09:50:27+00:00
2026-08-04 18:00:00+00:00,FR,load,29.0,42,224.0,8.16,-0.874619707139396,-0.4848096202463368,27.2,55,38.0,4.0,0.1908089953765449,-0.981627183447664,29.8,51,182.0,5.58,-0.8571673007021123,0.5150380749100542,27.8,48,229.0,7.0,-0.9993908270190958,-0.0348994967025007,10.45,open-meteo,2026-08-08T09:50:27+00:00
2026-08-04 19:00:00+00:00,FR,load,28.0,44,79.0,8.43,-0.8571673007021121,-0.5150380749100544,24.9,63,23.0,6.99,0.9271838545667874,0.3746065934159119,28.3,53,62.0,6.5,-0.8571673007021123,0.5150380749100542,26.0,56,87.0,5.2,-0.9998476951563912,0.0174524064372831,8.8,open-meteo,2026-08-08T10:03:04+00:00
2026-08-04 20:00:00+00:00,FR,load,26.2,49,4.0,9.35,-0.7880107536067221,-0.6156614753256581,24.0,69,0.0,5.14,0.8571673007021123,0.5150380749100542,26.9,60,1.0,5.87,-0.8829475928589271,0.4694715627858904,24.1,61,5.0,4.9,-0.9998476951563912,0.0174524064372831,7.299999999999997,open-meteo,2026-08-08T09:50:27+00:00
2026-08-04 21:00:00+00:00,FR,load,25.1,56,0.0,8.0,-0.8571673007021121,-0.5150380749100544,24.2,66,0.0,4.76,0.7986355100472928,0.6018150231520483,26.1,63,0.0,5.54,-0.9743700647852352,0.2249510543438649,23.5,62,0.0,2.6,-0.9975640502598242,-0.0697564737441255,6.725000000000001,open-meteo,2026-08-08T09:50:27+00:00
2026-08-04 22:00:00+00:00,FR,load,23.8,61,0.0,9.16,-0.874619707139396,-0.4848096202463368,22.7,71,0.0,3.2,0.766044443118978,0.6427876096865394,25.4,64,0.0,5.14,-0.9902680687415704,0.1391731009600654,22.2,71,0.0,5.9,-0.9271838545667872,-0.3746065934159123,5.525000000000002,open-meteo,2026-08-08T09:50:27+00:00
2026-08-04 23:00:00+00:00,FR,load,22.8,64,0.0,9.17,-0.9510565162951536,-0.3090169943749475,21.1,80,0.0,1.8,0.374606593415912,0.9271838545667874,24.8,66,0.0,6.06,-0.9702957262759966,0.2419218955996674,21.8,72,0.0,5.0,-0.9396926207859084,-0.3420201433256685,4.625,open-meteo,2026-08-08T10:03:04+00:00
2026-08-05 00:00:00+00:00,FR,load,22.0,66,0.0,9.34,-0.9659258262890684,-0.2588190451025206,20.0,88,0.0,3.09,0.1908089953765448,0.981627183447664,24.1,68,0.0,6.0,-0.898794046299167,0.4383711467890774,22.1,74,0.0,5.5,-0.961261695938319,-0.2756373558169989,4.049999999999997,open-meteo,2026-08-08T10:03:04+00:00
2026-08-05 01:00:00+00:00,FR,load,21.2,69,0.0,8.83,-0.9876883405951375,-0.156434465040231,20.2,84,0.0,4.9,0.3420201433256687,0.9396926207859084,23.8,70,0.0,5.86,-0.984807753012208,0.1736481776669299,21.0,76,0.0,4.9,-0.9510565162951536,-0.3090169943749475,3.5500000000000007,open-meteo,2026-08-08T09:50:27+00:00
2026-08-05 02:00:00+00:00,FR,load,20.9,70,0.0,8.7,-0.9902680687415704,-0.1391731009600658,20.1,83,0.0,4.51,0.5591929034707469,0.8290375725550417,22.8,74,0.0,6.56,-0.9876883405951378,0.1564344650402306,19.1,82,0.0,5.3,-0.9335804264972016,-0.3583679495453007,2.7250000000000014,open-meteo,2026-08-08T10:03:04+00:00
2026-08-05 03:00:00+00:00,FR,load,19.6,75,0.0,8.4,-0.981627183447664,-0.1908089953765446,19.6,82,0.0,4.69,0.484809620246337,0.8746197071393957,22.2,76,0.0,6.82,-0.9612616959383188,0.2756373558169994,20.4,78,0.0,4.7,-0.8290375725550418,-0.5591929034707466,2.450000000000003,open-meteo,2026-08-08T10:03:04+00:00
2026-08-05 04:00:00+00:00,FR,load,18.5,81,0.0,8.48,-0.9702957262759964,-0.2419218955996677,19.2,83,0.0,5.05,0.3090169943749474,0.9510565162951536,21.5,79,0.0,6.46,-0.9702957262759966,0.2419218955996674,19.2,88,0.0,4.6,-0.8386705679454242,-0.544639035015027,1.6000000000000014,open-meteo,2026-08-08T10:03:04+00:00
2026-08-05 05:00:00+00:00,FR,load,18.0,86,7.0,7.9,-0.9563047559630352,-0.2923717047227371,19.0,85,7.0,4.7,0.0174524064372835,0.9998476951563912,20.8,83,1.0,6.88,-0.9563047559630354,0.2923717047227367,17.9,93,3.0,6.1,-0.9335804264972016,-0.3583679495453007,0.9249999999999972,open-meteo,2026-08-08T09:50:27+00:00
2026-08-05 06:00:00+00:00,FR,load,19.0,83,94.0,6.39,-0.9335804264972016,-0.3583679495453007,21.0,78,100.0,4.69,0.4383711467890774,0.898794046299167,21.1,82,43.0,5.62,-0.9205048534524404,0.3907311284892735,19.9,83,79.0,5.3,-0.5000000000000001,-0.8660254037844386,2.25,open-meteo,2026-08-08T10:03:04+00:00
2026-08-05 07:00:00+00:00,FR,load,20.6,79,190.0,5.75,-0.8660254037844384,-0.5000000000000004,23.0,71,263.0,4.82,0.224951054343865,0.9743700647852352,21.8,78,127.0,4.61,-0.8746197071393956,0.4848096202463373,21.5,77,198.0,6.5,-0.7313537016191703,-0.6819983600624986,3.7250000000000014,open-meteo,2026-08-08T09:50:27+00:00
2026-08-05 08:00:00+00:00,FR,load,21.9,71,288.0,6.19,-0.9205048534524404,-0.3907311284892738,24.4,63,439.0,5.91,0.1045284632676534,0.9945218953682732,22.6,75,233.0,4.35,-0.8090169943749476,0.5877852522924729,21.3,72,175.0,5.2,-0.6018150231520484,-0.7986355100472928,4.550000000000001,open-meteo,2026-08-08T09:50:27+00:00
2026-08-05 09:00:00+00:00,FR,load,23.3,62,276.0,6.57,-0.8910065241883678,-0.4539904997395469,26.2,59,603.0,5.74,0.1391731009600654,0.9902680687415704,24.3,68,409.0,3.88,-0.7313537016191703,0.6819983600624987,22.6,63,414.0,7.1,-0.754709580222772,-0.6560590289905073,6.100000000000001,open-meteo,2026-08-08T09:50:27+00:00
2026-08-05 10:00:00+00:00,FR,load,24.3,54,508.0,8.28,-0.8910065241883678,-0.4539904997395469,27.8,54,733.0,5.69,0.1908089953765448,0.981627183447664,26.1,61,627.0,4.19,-0.6018150231520483,0.7986355100472928,21.7,66,262.0,6.5,-0.7986355100472928,-0.6018150231520483,6.975000000000001,open-meteo,2026-08-08T10:03:04+00:00
2026-08-05 11:00:00+00:00,FR,load,25.3,49,621.0,8.11,-0.90630778703665,-0.4226182617406991,29.2,47,825.0,5.55,0.2923717047227367,0.9563047559630354,27.8,54,748.0,4.43,-0.5735764363510465,0.8191520442889916,25.3,44,478.0,7.6,-0.8090169943749473,-0.5877852522924732,8.899999999999999,open-meteo,2026-08-08T10:03:04+00:00
2026-08-05 12:00:00+00:00,FR,load,26.4,41,653.0,8.1,-0.9335804264972016,-0.3583679495453007,30.7,43,869.0,4.13,0.2419218955996677,0.9702957262759964,28.5,50,789.0,4.86,-0.5591929034707466,0.8290375725550418,23.1,59,546.0,9.1,-0.9902680687415704,-0.1391731009600658,9.174999999999995,open-meteo,2026-08-08T09:50:27+00:00
2026-08-05 13:00:00+00:00,FR,load,27.4,34,711.0,9.48,-0.9396926207859084,-0.3420201433256685,31.2,42,835.0,4.95,0.1391731009600654,0.9902680687415704,29.0,49,815.0,4.9,-0.6018150231520483,0.7986355100472928,24.9,50,126.0,9.2,-0.848048096156426,-0.529919264233205,10.125,open-meteo,2026-08-08T10:03:04+00:00
2026-08-05 14:00:00+00:00,FR,load,27.9,33,672.0,8.64,-0.9510565162951536,-0.3090169943749475,31.6,38,777.0,5.62,-0.1045284632676534,0.9945218953682732,29.6,47,770.0,4.61,-0.6156614753256582,0.7880107536067221,25.6,44,240.0,10.5,-0.882947592858927,-0.4694715627858907,10.674999999999995,open-meteo,2026-08-08T09:50:27+00:00
2026-08-05 15:00:00+00:00,FR,load,26.3,37,487.0,7.01,-0.9659258262890684,-0.2588190451025206,31.8,32,677.0,5.89,0.0697564737441253,0.9975640502598242,29.6,46,688.0,4.45,-0.6427876096865396,0.7660444431189778,24.7,45,359.0,10.2,-0.9563047559630352,-0.2923717047227371,10.1,open-meteo,2026-08-08T09:50:27+00:00
2026-08-05 16:00:00+00:00,FR,load,26.1,39,393.0,7.67,-0.9961946980917455,0.0871557427476578,31.7,29,540.0,4.47,0.4383711467890774,0.898794046299167,29.5,47,488.0,4.3,-0.6560590289905074,0.7547095802227719,24.0,46,514.0,10.8,-0.9455185755993168,-0.3255681544571566,9.825,open-meteo,2026-08-08T09:50:27+00:00
2026-08-05 17:00:00+00:00,FR,load,26.1,36,330.0,7.67,-0.9961946980917455,0.0871557427476578,30.7,35,368.0,5.55,0.5877852522924731,0.8090169943749475,28.9,48,341.0,4.92,-0.7313537016191703,0.6819983600624987,23.3,45,396.0,10.6,-0.9205048534524404,-0.3907311284892738,9.249999999999996,open-meteo,2026-08-08T09:50:27+00:00
2026-08-05 18:00:00+00:00,FR,load,25.0,39,206.0,5.09,-1.0,-1.8369701987210287e-16,29.9,33,191.0,5.09,0.3907311284892737,0.9205048534524404,28.2,49,162.0,5.82,-0.8090169943749476,0.5877852522924729,22.2,39,234.0,9.6,-0.9335804264972016,-0.3583679495453007,8.325,open-meteo,2026-08-08T10:03:04+00:00
2026-08-05 19:00:00+00:00,FR,load,22.8,50,67.0,7.72,-0.544639035015027,0.838670567945424,27.0,42,45.0,7.38,0.6427876096865393,0.766044443118978,26.9,54,43.0,6.3,-0.6946583704589976,0.7193398003386509,20.5,51,89.0,8.7,-0.9659258262890684,-0.2588190451025206,6.299999999999997,open-meteo,2026-08-08T09:50:27+00:00
2026-08-05 20:00:00+00:00,FR,load,21.3,54,4.0,7.94,-0.544639035015027,0.838670567945424,25.1,47,0.0,6.37,0.3907311284892737,0.9205048534524404,25.7,59,0.0,5.76,-0.5735764363510465,0.8191520442889916,19.2,60,4.0,8.6,-0.9396926207859084,-0.3420201433256685,4.825000000000003,open-meteo,2026-08-08T09:50:27+00:00
2026-08-05 21:00:00+00:00,FR,load,20.4,57,0.0,7.85,-0.4067366430758001,0.9135454576426008,24.5,55,0.0,6.57,0.2923717047227367,0.9563047559630354,25.1,62,0.0,5.6,-0.5877852522924734,0.8090169943749473,17.7,67,0.0,8.5,-0.882947592858927,-0.4694715627858907,3.9250000000000007,open-meteo,2026-08-08T09:50:27+00:00
2026-08-05 22:00:00+00:00,FR,load,19.3,59,0.0,7.62,-0.4383711467890778,0.8987940462991668,23.5,56,0.0,6.58,0.0697564737441253,0.9975640502598242,24.4,65,0.0,4.25,-0.6156614753256582,0.7880107536067221,16.8,78,0.0,8.3,-0.8987940462991668,-0.4383711467890777,2.9999999999999964,open-meteo,2026-08-08T09:50:27+00:00
2026-08-05 23:00:00+00:00,FR,load,18.3,62,0.0,7.32,-0.4226182617406992,0.90630778703665,22.8,58,0.0,6.99,0.1045284632676534,0.9945218953682732,23.7,69,0.0,3.67,-0.6946583704589976,0.7193398003386509,16.1,81,0.0,8.3,-0.8660254037844384,-0.5000000000000004,2.2250000000000014,open-meteo,2026-08-08T09:50:27+00:00
2026-08-06 00:00:00+00:00,FR,load,17.6,61,0.0,6.62,-0.4226182617406992,0.90630778703665,22.5,59,0.0,6.99,0.1908089953765448,0.981627183447664,23.2,71,0.0,3.76,-0.7771459614569708,0.6293203910498375,15.7,82,0.0,8.5,-0.8386705679454242,-0.544639035015027,1.75,open-meteo,2026-08-08T10:03:04+00:00
2026-08-06 01:00:00+00:00,FR,load,17.3,63,0.0,5.13,-0.4848096202463369,0.8746197071393959,21.7,62,0.0,6.36,0.1736481776669303,0.984807753012208,22.8,71,0.0,4.7,-0.5877852522924734,0.8090169943749473,15.4,85,0.0,8.7,-0.874619707139396,-0.4848096202463368,1.3000000000000007,open-meteo,2026-08-08T10:03:04+00:00
2026-08-06 02:00:00+00:00,FR,load,16.7,67,0.0,4.94,-0.6293203910498378,0.7771459614569706,21.0,64,0.0,6.54,0.1564344650402308,0.9876883405951378,22.4,70,0.0,4.65,-0.5000000000000004,0.8660254037844384,15.0,88,0.0,8.1,-0.9205048534524404,-0.3907311284892738,0.7749999999999986,open-meteo,2026-08-08T10:03:04+00:00
2026-08-06 03:00:00+00:00,FR,load,16.5,68,0.0,3.78,-0.6018150231520483,0.7986355100472928,20.1,68,0.0,5.78,-2.4492935982947064e-16,1.0,22.2,69,0.0,4.3,-0.4067366430758001,0.9135454576426008,13.8,94,0.0,8.5,-0.9510565162951536,-0.3090169943749475,0.1499999999999985,open-meteo,2026-08-08T09:50:27+00:00
2026-08-06 04:00:00+00:00,FR,load,15.9,72,0.0,3.45,-0.8191520442889918,0.573576436351046,19.6,70,0.0,6.27,0.0348994967025009,0.9993908270190958,21.9,68,0.0,4.27,-0.529919264233205,0.8480480961564258,13.7,92,0.0,8.2,-0.981627183447664,-0.1908089953765446,0.2250000000000014,open-meteo,2026-08-08T10:03:04+00:00
2026-08-06 05:00:00+00:00,FR,load,15.6,74,4.0,4.32,-0.8386705679454243,0.5446390350150266,19.2,72,7.0,6.27,0.0348994967025009,0.9993908270190958,21.6,66,0.0,4.41,-0.6018150231520483,0.7986355100472928,13.4,87,12.0,7.8,-0.9781476007338056,-0.2079116908177598,0.5500000000000007,open-meteo,2026-08-08T09:50:27+00:00
2026-08-06 06:00:00+00:00,FR,load,16.5,72,49.0,2.96,-0.8290375725550416,0.559192903470747,20.7,63,99.0,6.51,0.1218693434051474,0.992546151641322,21.6,66,33.0,3.81,-0.6946583704589976,0.7193398003386509,15.7,70,100.0,6.0,-0.961261695938319,-0.2756373558169989,0.625,open-meteo,2026-08-08T10:03:04+00:00
2026-08-06 07:00:00+00:00,FR,load,17.1,71,115.0,2.86,-0.8571673007021123,0.5150380749100542,22.4,57,265.0,5.24,0.1391731009600654,0.9902680687415704,22.1,64,111.0,3.76,-0.7771459614569708,0.6293203910498375,17.2,63,247.0,4.3,-0.9702957262759964,-0.2419218955996677,1.6999999999999993,open-meteo,2026-08-08T09:50:27+00:00
2026-08-06 08:00:00+00:00,FR,load,18.4,67,249.0,3.32,-0.8290375725550416,0.559192903470747,24.1,50,443.0,6.66,0.0174524064372835,0.9998476951563912,22.9,61,256.0,3.98,-0.7880107536067218,0.6156614753256585,18.8,59,401.0,3.7,-1.0,-1.8369701987210287e-16,3.0500000000000007,open-meteo,2026-08-08T10:03:04+00:00
2026-08-06 09:00:00+00:00,FR,load,19.6,64,444.0,3.4,-0.7193398003386512,0.6946583704589973,26.2,45,609.0,6.48,0.0523359562429438,0.9986295347545738,24.3,56,466.0,4.0,-0.8090169943749476,0.5877852522924729,20.1,50,575.0,4.4,-0.9993908270190958,-0.0348994967025007,4.549999999999997,open-meteo,2026-08-08T10:03:04+00:00
2026-08-06 10:00:00+00:00,FR,load,21.0,53,505.0,3.57,-0.7986355100472932,0.6018150231520479,27.6,41,743.0,6.68,0.0697564737441253,0.9975640502598242,25.7,52,613.0,4.39,-0.7771459614569708,0.6293203910498375,21.2,42,646.0,5.1,-0.9945218953682734,0.1045284632676529,5.875,open-meteo,2026-08-08T10:03:04+00:00
2026-08-06 11:00:00+00:00,FR,load,22.2,46,643.0,4.31,-0.9335804264972016,0.3583679495453004,28.7,38,835.0,6.67,0.0523359562429438,0.9986295347545738,27.0,49,756.0,4.67,-0.7771459614569708,0.6293203910498375,22.0,39,741.0,5.2,-0.9612616959383188,0.2756373558169994,6.975000000000001,open-meteo,2026-08-08T10:03:04+00:00
2026-08-06 12:00:00+00:00,FR,load,23.4,42,802.0,4.65,-0.8660254037844386,0.5000000000000001,29.4,37,876.0,6.86,-0.0348994967025008,0.9993908270190958,28.1,46,831.0,4.37,-0.7431448254773946,0.6691306063588578,22.5,35,718.0,5.0,-0.8910065241883679,0.4539904997395466,7.850000000000001,open-meteo,2026-08-08T10:03:04+00:00
2026-08-06 13:00:00+00:00,FR,load,24.1,38,813.0,4.57,-0.8191520442889918,0.573576436351046,30.2,35,863.0,6.57,-0.0348994967025008,0.9993908270190958,28.9,44,831.0,4.16,-0.7071067811865477,0.7071067811865474,22.7,36,765.0,5.3,-0.7547095802227722,0.656059028990507,8.474999999999998,open-meteo,2026-08-08T09:50:27+00:00
2026-08-06 14:00:00+00:00,FR,load,24.4,32,783.0,4.73,-0.8290375725550416,0.559192903470747,30.7,33,800.0,6.22,-0.1218693434051472,0.992546151641322,29.3,43,787.0,4.44,-0.7313537016191703,0.6819983600624987,22.5,34,730.0,4.7,-0.6819983600624984,0.7313537016191707,8.724999999999998,open-meteo,2026-08-08T10:03:04+00:00
2026-08-06 15:00:00+00:00,FR,load,24.8,34,714.0,5.27,-0.6691306063588581,0.7431448254773944,30.7,33,691.0,6.47,-2.4492935982947064e-16,1.0,29.2,43,678.0,4.62,-0.8480480961564262,0.5299192642332047,22.6,34,686.0,5.8,-0.3746065934159123,0.9271838545667872,8.825000000000003,open-meteo,2026-08-08T09:50:27+00:00
2026-08-06 16:00:00+00:00,FR,load,24.5,35,536.0,6.25,-0.6560590289905074,0.7547095802227719,30.1,31,539.0,7.06,0.0523359562429438,0.9986295347545738,28.8,43,541.0,4.47,-0.898794046299167,0.4383711467890774,21.7,39,549.0,6.5,-0.2923717047227371,0.9563047559630352,8.275000000000002,open-meteo,2026-08-08T09:50:27+00:00
2026-08-06 17:00:00+00:00,FR,load,23.8,35,409.0,3.97,-0.544639035015027,0.838670567945424,29.4,31,368.0,7.21,0.1218693434051474,0.992546151641322,28.4,43,384.0,4.73,-0.8290375725550416,0.559192903470747,20.8,39,392.0,6.7,-0.2249510543438653,0.9743700647852352,7.599999999999998,open-meteo,2026-08-08T09:50:27+00:00
2026-08-06 18:00:00+00:00,FR,load,23.1,34,241.0,6.2,-0.5735764363510465,0.8191520442889916,28.3,33,190.0,7.56,0.0697564737441253,0.9975640502598242,26.2,50,213.0,5.88,-0.9993908270190958,-0.0348994967025007,20.0,40,232.0,6.3,-0.2079116908177598,0.9781476007338056,6.400000000000002,open-meteo,2026-08-08T10:03:04+00:00
2026-08-06 19:00:00+00:00,FR,load,21.4,35,85.0,7.34,-0.5150380749100545,0.8571673007021121,26.1,38,43.0,9.15,0.1736481776669303,0.984807753012208,24.8,56,61.0,6.38,-0.9975640502598242,-0.0697564737441255,18.8,45,84.0,5.3,-0.2419218955996678,0.9702957262759964,4.774999999999999,open-meteo,2026-08-08T10:03:04+00:00
2026-08-06 20:00:00+00:00,FR,load,19.5,48,3.0,8.59,-0.3583679495453007,0.9335804264972016,24.9,37,0.0,8.84,0.1736481776669303,0.984807753012208,23.5,62,0.0,6.41,-0.9945218953682734,-0.1045284632676533,16.6,46,4.0,5.9,-0.1045284632676534,0.9945218953682732,3.125,open-meteo,2026-08-08T10:03:04+00:00
2026-08-06 21:00:00+00:00,FR,load,18.3,50,0.0,7.46,-0.1736481776669304,0.984807753012208,23.8,37,0.0,7.37,0.0871557427476581,0.9961946980917455,23.4,59,0.0,5.79,-0.9986295347545738,0.0523359562429439,15.0,53,0.0,4.9,0.0871557427476581,0.9961946980917455,2.125,open-meteo,2026-08-08T09:50:27+00:00
2026-08-06 22:00:00+00:00,FR,load,17.4,52,0.0,6.49,0.0871557427476581,0.9961946980917455,22.0,39,0.0,6.08,-0.0174524064372835,0.9998476951563912,22.7,63,0.0,5.49,-0.9998476951563912,-0.0174524064372834,13.4,64,0.0,3.5,0.5299192642332049,0.848048096156426,0.875,open-meteo,2026-08-08T10:03:04+00:00
2026-08-06 23:00:00+00:00,FR,load,16.4,51,0.0,6.08,0.0523359562429438,0.9986295347545738,21.3,39,0.0,7.55,-0.0523359562429443,0.9986295347545738,21.9,67,0.0,5.79,-0.9975640502598242,-0.0697564737441255,12.2,66,0.0,2.2,-0.0697564737441256,0.9975640502598242,0.0500000000000007,open-meteo,2026-08-08T10:03:04+00:00
2026-08-07 00:00:00+00:00,FR,load,15.3,59,0.0,6.08,-0.0523359562429443,0.9986295347545738,20.8,51,0.0,8.93,-0.0697564737441256,0.9975640502598242,21.6,68,0.0,5.49,-0.9986295347545738,0.0523359562429439,12.2,71,0.0,1.1,-0.529919264233205,0.8480480961564258,0.5249999999999986,open-meteo,2026-08-08T09:50:27+00:00
2026-08-07 01:00:00+00:00,FR,load,14.3,66,0.0,6.18,-0.0348994967025008,0.9993908270190958,19.7,56,0.0,8.75,-0.0697564737441256,0.9975640502598242,21.1,70,0.0,5.49,-0.9986295347545738,0.0523359562429439,11.3,79,0.0,1.8,0.2079116908177593,0.9781476007338056,1.3999999999999986,open-meteo,2026-08-08T10:03:04+00:00
2026-08-07 02:00:00+00:00,FR,load,13.6,70,0.0,5.4,0.0523359562429438,0.9986295347545738,19.0,56,0.0,9.52,-0.1564344650402311,0.9876883405951375,20.5,73,0.0,5.49,-0.9993908270190958,0.0348994967025012,10.9,76,0.0,0.3,-0.4067366430758002,-0.9135454576426008,2.0,open-meteo,2026-08-08T10:03:04+00:00
2026-08-07 03:00:00+00:00,FR,load,12.8,74,0.0,5.0,0.0348994967025009,0.9993908270190958,18.3,58,0.0,8.9,-0.1391731009600658,0.9902680687415704,20.0,76,0.0,4.52,-0.9961946980917455,0.0871557427476578,10.3,84,0.0,1.3,0.6293203910498374,-0.7771459614569709,2.6499999999999986,open-meteo,2026-08-08T10:03:04+00:00
2026-08-07 04:00:00+00:00,FR,load,12.1,80,0.0,4.6,-2.4492935982947064e-16,1.0,17.7,59,0.0,9.21,-0.0174524064372835,0.9998476951563912,19.7,77,0.0,4.41,-1.0,-1.8369701987210287e-16,9.6,86,0.0,2.6,0.1564344650402309,-0.9876883405951375,3.225,open-meteo,2026-08-08T10:03:04+00:00
2026-08-07 05:00:00+00:00,FR,load,11.8,82,5.0,4.64,0.1218693434051474,0.992546151641322,17.2,61,6.0,8.43,-0.0174524064372835,0.9998476951563912,18.9,77,0.0,4.9,-0.9993908270190958,-0.0348994967025007,10.3,80,11.0,3.0,0.2923717047227366,-0.9563047559630355,3.45,open-meteo,2026-08-08T09:50:27+00:00
2026-08-07 06:00:00+00:00,FR,load,13.7,77,94.0,4.37,0.2756373558169991,0.9612616959383188,18.1,61,95.0,7.95,0.0523359562429438,0.9986295347545738,19.2,73,60.0,4.91,-0.9961946980917455,-0.0871557427476582,12.4,77,98.0,2.7,-0.1908089953765447,-0.981627183447664,2.1500000000000004,open-meteo,2026-08-08T09:50:27+00:00
2026-08-07 07:00:00+00:00,FR,load,15.7,68,253.0,2.83,0.2419218955996677,0.9702957262759964,19.5,56,258.0,7.35,0.0348994967025009,0.9993908270190958,20.4,66,215.0,3.73,-0.9986295347545738,-0.0523359562429443,16.1,56,199.0,2.7,0.1736481776669302,-0.984807753012208,0.0749999999999992,open-meteo,2026-08-08T09:50:27+00:00
2026-08-07 08:00:00+00:00,FR,load,17.6,59,426.0,2.24,0.484809620246337,0.8746197071393957,21.2,51,437.0,7.65,-0.0348994967025008,0.9993908270190958,22.3,59,400.0,3.17,-0.9876883405951378,0.1564344650402306,19.0,49,363.0,2.7,0.0523359562429438,-0.9986295347545738,2.0249999999999986,open-meteo,2026-08-08T10:03:04+00:00
2026-08-07 09:00:00+00:00,FR,load,19.8,51,589.0,2.5,0.8571673007021123,0.5150380749100542,22.8,45,604.0,7.45,-2.4492935982947064e-16,1.0,25.1,50,575.0,2.7,-0.945518575599317,0.3255681544571563,20.2,46,522.0,3.0,0.2079116908177593,-0.9781476007338056,3.9750000000000014,open-meteo,2026-08-08T10:03:04+00:00
2026-08-07 10:00:00+00:00,FR,load,21.5,47,722.0,1.82,0.8090169943749475,0.5877852522924731,24.7,40,743.0,7.75,0.0348994967025009,0.9993908270190958,27.2,44,720.0,2.59,-0.7986355100472932,0.6018150231520479,21.2,36,620.0,2.2,0.2249510543438652,-0.9743700647852352,5.650000000000002,open-meteo,2026-08-08T10:03:04+00:00
2026-08-07 11:00:00+00:00,FR,load,22.8,41,810.0,1.36,0.8660254037844386,0.5000000000000001,26.7,35,836.0,7.94,0.0348994967025009,0.9993908270190958,28.8,41,824.0,2.55,-0.529919264233205,0.8480480961564258,22.0,34,735.0,0.9,0.5877852522924732,-0.8090169943749473,7.074999999999999,open-meteo,2026-08-08T10:03:04+00:00
2026-08-07 12:00:00+00:00,FR,load,24.4,30,867.0,1.67,0.766044443118978,0.6427876096865394,27.9,32,879.0,8.14,0.0523359562429438,0.9986295347545738,30.3,38,879.0,2.24,-0.3907311284892739,0.9205048534524404,22.8,33,801.0,1.3,0.0348994967025011,-0.9993908270190958,8.349999999999998,open-meteo,2026-08-08T09:50:27+00:00
2026-08-07 13:00:00+00:00,FR,load,25.3,28,869.0,2.07,0.5150380749100542,0.8571673007021123,28.7,30,869.0,8.14,0.0523359562429438,0.9986295347545738,31.4,36,878.0,2.7,-0.3255681544571567,0.9455185755993168,23.2,30,831.0,0.8,0.1736481776669302,-0.984807753012208,9.150000000000002,open-meteo,2026-08-08T09:50:27+00:00
2026-08-07 14:00:00+00:00,FR,load,25.9,24,817.0,2.72,0.4383711467890774,0.898794046299167,29.3,29,806.0,7.46,0.0523359562429438,0.9986295347545738,32.1,35,823.0,2.95,-0.2588190451025207,0.9659258262890684,23.7,30,780.0,0.7,-0.7313537016191703,0.6819983600624987,9.750000000000004,open-meteo,2026-08-08T09:50:27+00:00
2026-08-07 15:00:00+00:00,FR,load,26.1,29,717.0,3.37,0.5877852522924731,0.8090169943749475,29.2,28,694.0,7.35,0.0348994967025009,0.9993908270190958,32.1,33,720.0,2.37,-0.4067366430758001,0.9135454576426008,23.8,29,679.0,1.0,-0.9902680687415704,0.1391731009600654,9.8,open-meteo,2026-08-08T10:03:04+00:00
2026-08-07 16:00:00+00:00,FR,load,26.4,29,575.0,3.12,0.6946583704589973,0.7193398003386512,28.9,29,542.0,7.56,0.0697564737441253,0.9975640502598242,32.2,33,577.0,2.42,-0.529919264233205,0.8480480961564258,24.0,28,547.0,0.7,0.766044443118978,0.6427876096865394,9.875,open-meteo,2026-08-08T10:03:04+00:00
2026-08-07 17:00:00+00:00,FR,load,25.5,30,408.0,4.1,0.5446390350150271,0.838670567945424,28.2,30,367.0,7.81,0.1391731009600654,0.9902680687415704,31.8,33,404.0,2.26,-0.5591929034707466,0.8290375725550418,24.2,29,394.0,1.4,0.6293203910498374,0.7771459614569709,9.425,open-meteo,2026-08-08T10:03:04+00:00
2026-08-07 18:00:00+00:00,FR,load,24.9,29,240.0,4.8,0.2079116908177593,0.9781476007338056,27.5,29,188.0,7.14,0.1564344650402308,0.9876883405951378,31.4,33,222.0,2.18,-0.5877852522924734,0.8090169943749473,22.1,40,227.0,7.7,0.0174524064372835,0.9998476951563912,8.475000000000001,open-meteo,2026-08-08T09:50:27+00:00
2026-08-07 19:00:00+00:00,FR,load,23.3,35,82.0,5.17,0.4226182617406994,0.90630778703665,24.9,33,41.0,7.13,0.224951054343865,0.9743700647852352,29.0,40,61.0,2.85,-0.4539904997395469,0.8910065241883678,20.3,42,81.0,9.5,-0.1218693434051472,0.992546151641322,6.375,open-meteo,2026-08-08T09:50:27+00:00
2026-08-07 20:00:00+00:00,FR,load,22.1,36,3.0,6.29,0.6018150231520483,0.7986355100472928,22.6,38,0.0,6.33,0.2756373558169991,0.9612616959383188,26.9,46,0.0,3.52,-0.2249510543438653,0.9743700647852352,18.8,47,3.0,7.0,0.2923717047227367,0.9563047559630354,4.599999999999998,open-meteo,2026-08-08T09:50:27+00:00
2026-08-07 21:00:00+00:00,FR,load,20.3,39,0.0,5.29,0.7771459614569709,0.6293203910498374,21.5,40,0.0,5.77,0.3583679495453002,0.9335804264972016,26.0,48,0.0,4.46,-0.1564344650402311,0.9876883405951375,16.8,56,0.0,5.4,0.7771459614569709,0.6293203910498374,3.1499999999999986,open-meteo,2026-08-08T09:50:27+00:00
2026-08-07 22:00:00+00:00,FR,load,19.5,44,0.0,5.47,0.7193398003386511,0.6946583704589973,20.3,43,0.0,4.73,0.224951054343865,0.9743700647852352,25.4,49,0.0,3.54,-0.0871557427476583,0.9961946980917455,15.6,54,0.0,7.2,0.9659258262890684,0.2588190451025207,2.199999999999996,open-meteo,2026-08-08T09:50:27+00:00
2026-08-07 23:00:00+00:00,FR,load,18.8,46,0.0,5.43,0.7771459614569709,0.6293203910498374,19.5,43,0.0,5.0,0.0348994967025009,0.9993908270190958,24.8,49,0.0,2.65,-0.0348994967025008,0.9993908270190958,15.0,60,0.0,7.5,0.9961946980917455,-0.0871557427476582,1.5249999999999986,open-meteo,2026-08-08T10:03:04+00:00
2026-08-08 00:00:00+00:00,FR,load,17.7,49,0.0,5.29,0.7771459614569709,0.6293203910498374,18.7,49,0.0,5.88,0.0174524064372835,0.9998476951563912,23.8,51,0.0,1.77,0.1045284632676534,0.9945218953682732,13.8,65,0.0,7.3,0.9743700647852352,-0.224951054343865,0.5,open-meteo,2026-08-08T10:03:04+00:00
2026-08-08 01:00:00+00:00,FR,load,17.2,52,0.0,5.69,0.7431448254773942,0.6691306063588582,18.3,49,0.0,5.32,0.1045284632676534,0.9945218953682732,22.6,53,0.0,0.79,0.1218693434051474,0.992546151641322,13.0,64,0.0,7.3,0.9563047559630355,-0.2923717047227366,0.2250000000000014,open-meteo,2026-08-08T09:50:27+00:00
2026-08-08 02:00:00+00:00,FR,load,16.5,56,0.0,5.55,0.7431448254773942,0.6691306063588582,17.6,50,0.0,5.49,0.0348994967025009,0.9993908270190958,21.7,56,0.0,0.35,0.8290375725550417,0.5591929034707468,13.2,69,0.0,8.2,0.8571673007021123,-0.5150380749100543,0.75,open-meteo,2026-08-08T10:03:04+00:00
2026-08-08 03:00:00+00:00,FR,load,15.9,58,0.0,5.13,0.7431448254773942,0.6691306063588582,16.8,55,0.0,6.15,0.1564344650402308,0.9876883405951378,20.9,60,0.0,0.5,0.981627183447664,0.1908089953765449,11.9,72,0.0,7.9,0.8290375725550417,-0.5591929034707467,1.625,open-meteo,2026-08-08T09:50:27+00:00
2026-08-08 04:00:00+00:00,FR,load,14.9,62,0.0,4.92,0.6946583704589973,0.7193398003386512,16.4,54,0.0,5.57,0.1736481776669303,0.984807753012208,20.3,63,0.0,0.4,0.9702957262759964,-0.2419218955996677,10.8,75,0.0,6.3,0.766044443118978,-0.6427876096865394,2.400000000000002,open-meteo,2026-08-08T09:50:27+00:00
2026-08-08 05:00:00+00:00,FR,load,14.2,66,5.0,4.44,0.6819983600624985,0.7313537016191705,16.0,56,6.0,5.78,0.1908089953765448,0.981627183447664,20.1,65,0.0,0.55,0.7071067811865475,0.7071067811865476,11.4,78,10.0,7.6,0.7071067811865476,-0.7071067811865475,2.575000000000001,open-meteo,2026-08-08T09:50:27+00:00
2026-08-08 06:00:00+00:00,FR,load,15.9,61,89.0,4.45,0.766044443118978,0.6427876096865394,18.1,52,96.0,5.76,0.3090169943749474,0.9510565162951536,20.7,70,57.0,0.39,-2.4492935982947064e-16,1.0,13.6,72,108.0,7.1,0.7431448254773942,-0.6691306063588582,0.9250000000000008,open-meteo,2026-08-08T10:03:04+00:00
2026-08-08 07:00:00+00:00,FR,load,17.7,57,247.0,3.34,0.766044443118978,0.6427876096865394,19.8,51,259.0,5.57,0.4067366430758002,0.9135454576426008,23.5,71,211.0,0.49,0.7986355100472928,0.6018150231520483,17.2,54,263.0,4.5,0.8290375725550417,-0.5591929034707467,1.5500000000000007,open-meteo,2026-08-08T09:50:27+00:00
2026-08-08 08:00:00+00:00,FR,load,19.5,51,419.0,3.03,0.8746197071393957,0.4848096202463371,21.8,47,438.0,4.28,0.2756373558169991,0.9612616959383188,26.8,50,395.0,0.84,0.8090169943749475,0.5877852522924731,20.5,43,424.0,4.2,0.90630778703665,-0.4226182617406993,4.149999999999999,open-meteo,2026-08-08T10:03:04+00:00
2026-08-08 09:00:00+00:00,FR,load,21.6,45,580.0,3.04,0.838670567945424,0.5446390350150271,24.4,41,605.0,4.41,0.0174524064372835,0.9998476951563912,28.9,43,569.0,1.14,0.8571673007021123,0.5150380749100542,22.3,34,577.0,4.6,0.9702957262759964,-0.2419218955996677,6.300000000000001,open-meteo,2026-08-08T10:03:04+00:00
2026-08-08 10:00:00+00:00,FR,load,23.6,39,714.0,2.94,0.8660254037844386,0.5000000000000001,26.7,38,744.0,3.83,-0.0523359562429443,0.9986295347545738,31.4,35,715.0,1.93,0.9135454576426008,0.4067366430758002,23.6,28,694.0,5.0,0.9702957262759964,-0.2419218955996677,8.324999999999996,open-meteo,2026-08-08T09:50:27+00:00
2026-08-08 11:00:00+00:00,FR,load,25.4,36,783.0,2.85,0.8910065241883679,0.4539904997395468,28.7,35,837.0,3.33,-0.0348994967025008,0.9993908270190958,33.7,30,819.0,2.69,0.838670567945424,0.5446390350150271,24.8,26,797.0,4.3,0.9945218953682732,-0.1045284632676535,10.15,open-meteo,2026-08-08T09:50:27+00:00
2026-08-08 12:00:00+00:00,FR,load,27.1,33,852.0,2.76,0.9945218953682732,0.1045284632676534,30.3,31,880.0,2.97,0.1391731009600654,0.9902680687415704,35.6,26,875.0,3.04,0.838670567945424,0.5446390350150271,25.8,24,833.0,4.6,0.9998476951563912,-0.0174524064372834,11.7,open-meteo,2026-08-08T10:03:04+00:00
2026-08-08 13:00:00+00:00,FR,load,28.3,31,853.0,2.66,0.9945218953682732,-0.1045284632676535,31.6,27,870.0,2.26,0.3090169943749474,0.9510565162951536,36.9,24,873.0,3.04,0.838670567945424,0.5446390350150271,26.5,23,818.0,4.4,0.9998476951563912,0.0174524064372836,12.825000000000005,open-meteo,2026-08-08T09:50:27+00:00
2026-08-08 14:00:00+00:00,FR,load,29.1,29,801.0,1.77,0.9986295347545738,-0.0523359562429438,32.5,25,805.0,2.5,0.4383711467890774,0.898794046299167,37.4,23,765.0,1.69,0.8090169943749475,0.5877852522924731,27.1,23,770.0,4.1,0.9975640502598242,0.0697564737441252,13.525,open-meteo,2026-08-08T10:03:04+00:00
2026-08-08 15:00:00+00:00,FR,load,29.8,26,700.0,2.98,0.8910065241883679,-0.4539904997395467,33.0,23,692.0,2.77,0.5299192642332049,0.848048096156426,37.4,23,547.0,0.98,0.6018150231520483,0.7986355100472928,27.5,23,654.0,3.4,0.992546151641322,-0.1218693434051473,13.924999999999995,open-meteo,2026-08-08T10:03:04+00:00
2026-08-08 16:00:00+00:00,FR,load,29.9,22,568.0,1.5,-0.1908089953765447,-0.981627183447664,32.8,22,542.0,3.41,0.6293203910498374,0.7771459614569709,37.3,24,438.0,1.27,0.3907311284892737,-0.9205048534524404,27.6,23,488.0,3.2,0.9975640502598242,-0.0697564737441253,13.9,open-meteo,2026-08-08T10:03:04+00:00
2026-08-08 17:00:00+00:00,FR,load,29.9,22,403.0,2.48,0.9510565162951536,-0.3090169943749473,32.1,22,365.0,3.81,0.7193398003386511,0.6946583704589973,36.3,25,270.0,2.69,-0.1736481776669304,-0.984807753012208,27.6,23,385.0,3.0,0.9659258262890684,-0.2588190451025208,13.475,open-meteo,2026-08-08T10:03:04+00:00
2026-08-08 18:00:00+00:00,FR,load,29.3,25,231.0,1.59,0.981627183447664,0.1908089953765449,30.6,25,175.0,4.65,0.754709580222772,0.6560590289905073,34.5,29,111.0,2.83,-0.5591929034707467,-0.8290375725550418,26.5,27,219.0,5.3,0.9945218953682732,0.1045284632676534,12.225,open-meteo,2026-08-08T10:03:04+00:00
2026-08-08 19:00:00+00:00,FR,load,27.9,29,76.0,2.55,0.8480480961564261,-0.5299192642332048,27.3,32,33.0,5.61,0.8910065241883679,0.4539904997395468,32.2,38,29.0,5.92,-0.4848096202463369,-0.8746197071393959,24.4,31,72.0,5.9,0.992546151641322,0.1218693434051474,9.950000000000005,open-meteo,2026-08-08T10:03:04+00:00
2026-08-08 20:00:00+00:00,FR,load,25.7,35,3.0,2.07,0.8571673007021123,-0.5150380749100543,25.3,36,0.0,1.47,0.9975640502598242,0.0697564737441252,30.7,39,0.0,6.87,-0.2419218955996675,-0.9702957262759964,22.0,34,2.0,7.3,0.9702957262759964,0.2419218955996676,7.925000000000001,open-meteo,2026-08-08T09:50:27+00:00
2026-08-08 21:00:00+00:00,FR,load,24.6,37,0.0,2.59,0.7986355100472927,-0.6018150231520484,24.2,42,0.0,0.62,0.9510565162951536,-0.3090169943749473,28.9,43,0.0,1.47,1.2246467991473532e-16,-1.0,20.5,36,0.0,8.5,0.9659258262890684,0.2588190451025207,6.549999999999997,open-meteo,2026-08-08T09:50:27+00:00
2026-08-08 22:00:00+00:00,FR,load,23.5,39,0.0,2.98,0.7193398003386511,-0.6946583704589974,23.8,42,0.0,0.88,0.8910065241883679,0.4539904997395468,27.1,46,0.0,2.47,0.992546151641322,0.1218693434051474,19.9,40,0.0,8.8,0.981627183447664,0.1908089953765449,5.575000000000003,open-meteo,2026-08-08T10:03:04+00:00
2026-08-08 23:00:00+00:00,FR,load,22.6,40,0.0,2.2,0.8480480961564261,-0.5299192642332048,23.8,39,0.0,0.1,1.2246467991473532e-16,-1.0,25.2,47,0.0,3.95,0.8660254037844387,-0.4999999999999998,19.1,46,0.0,9.0,0.9998476951563912,0.0174524064372836,4.675000000000004,open-meteo,2026-08-08T09:50:27+00:00
2026-08-09 00:00:00+00:00,FR,load,21.8,42,0.0,2.42,0.9335804264972016,-0.3583679495453002,24.0,39,0.0,1.67,-0.3583679495453004,-0.9335804264972016,24.3,52,0.0,4.8,0.6293203910498374,-0.7771459614569709,17.7,51,0.0,8.8,0.9743700647852352,-0.224951054343865,3.9499999999999993,open-meteo,2026-08-08T10:03:04+00:00
2026-08-09 01:00:00+00:00,FR,load,21.0,45,0.0,3.08,0.7986355100472927,-0.6018150231520484,22.5,45,0.0,2.42,-0.2419218955996675,-0.9702957262759964,23.6,55,0.0,5.11,0.5877852522924732,-0.8090169943749473,16.4,55,0.0,7.8,0.9510565162951536,-0.3090169943749473,2.875,open-meteo,2026-08-08T10:03:04+00:00
2026-08-09 02:00:00+00:00,FR,load,20.4,47,0.0,3.61,0.7313537016191706,-0.6819983600624984,22.0,46,0.0,2.48,0.1564344650402309,-0.9876883405951375,23.4,56,0.0,6.89,0.6427876096865395,-0.7660444431189779,15.3,59,0.0,8.5,0.9271838545667874,-0.374606593415912,2.2749999999999986,open-meteo,2026-08-08T10:03:04+00:00
2026-08-09 03:00:00+00:00,FR,load,19.8,48,0.0,3.61,0.6560590289905073,-0.754709580222772,21.7,43,0.0,3.47,0.2756373558169992,-0.9612616959383188,23.3,57,0.0,8.41,0.6560590289905073,-0.754709580222772,14.9,61,0.0,7.3,0.6946583704589971,-0.7193398003386513,1.9250000000000007,open-meteo,2026-08-08T10:03:04+00:00
2026-08-09 04:00:00+00:00,FR,load,19.6,48,0.0,2.72,0.6156614753256584,-0.7880107536067219,21.4,50,0.0,4.81,0.0697564737441255,-0.9975640502598242,23.2,59,0.0,9.64,0.6691306063588585,-0.743144825477394,14.3,63,0.0,6.2,0.529919264233205,-0.848048096156426,1.625,open-meteo,2026-08-08T10:03:04+00:00
2026-08-09 05:00:00+00:00,FR,load,20.2,46,1.0,1.96,0.7986355100472927,-0.6018150231520484,21.5,55,4.0,5.62,0.1045284632676537,-0.9945218953682732,22.9,66,0.0,11.02,0.7071067811865476,-0.7071067811865475,13.8,67,7.0,6.3,0.0697564737441255,-0.9975640502598242,1.599999999999998,open-meteo,2026-08-08T09:50:27+00:00
2026-08-09 06:00:00+00:00,FR,load,21.0,44,21.0,2.08,0.9902680687415704,-0.1391731009600653,23.2,53,83.0,6.58,0.0697564737441255,-0.9975640502598242,23.6,73,53.0,10.54,0.6691306063588585,-0.743144825477394,15.3,67,89.0,6.6,-0.4067366430758002,-0.9135454576426008,2.775000000000002,open-meteo,2026-08-08T10:03:04+00:00
2026-08-09 07:00:00+00:00,FR,load,22.2,49,137.0,2.06,1.0,6.123233995736766e-17,24.1,51,163.0,7.84,0.0348994967025011,-0.9993908270190958,25.0,74,192.0,10.27,0.6691306063588585,-0.743144825477394,19.3,49,240.0,5.8,-0.6819983600624984,-0.7313537016191706,4.649999999999999,open-meteo,2026-08-08T09:50:27+00:00
2026-08-09 08:00:00+00:00,FR,load,23.5,41,215.0,2.54,0.9612616959383188,-0.275637355816999,25.5,46,294.0,8.27,0.0871557427476582,-0.9961946980917455,26.6,71,302.0,10.6,0.7071067811865476,-0.7071067811865475,22.0,41,151.0,3.6,-0.587785252292473,-0.8090169943749475,6.399999999999999,open-meteo,2026-08-08T09:50:27+00:00
2026-08-09 09:00:00+00:00,FR,load,25.0,38,409.0,3.13,0.529919264233205,-0.848048096156426,26.8,43,311.0,8.56,-0.0871557427476579,-0.9961946980917455,28.2,64,364.0,10.25,0.7193398003386511,-0.6946583704589974,22.6,40,97.0,3.9,-0.754709580222772,-0.6560590289905073,7.649999999999999,open-meteo,2026-08-08T09:50:27+00:00
2026-08-09 10:00:00+00:00,FR,load,26.7,40,539.0,3.26,0.5446390350150273,-0.8386705679454239,30.2,31,396.0,9.92,-0.2923717047227367,-0.9563047559630354,29.7,59,343.0,8.43,0.777145961456971,-0.6293203910498373,23.0,38,92.0,4.5,-0.374606593415912,-0.9271838545667874,9.4,open-meteo,2026-08-08T10:03:04+00:00
2026-08-09 11:00:00+00:00,FR,load,29.5,36,759.0,3.68,0.6691306063588585,-0.743144825477394,32.8,28,705.0,9.25,-0.2588190451025208,-0.9659258262890684,32.1,51,659.0,5.13,0.6819983600624986,-0.7313537016191705,25.5,32,370.0,2.3,0.0174524064372834,-0.9998476951563912,11.975,open-meteo,2026-08-08T10:03:04+00:00
2026-08-09 12:00:00+00:00,FR,load,31.1,34,798.0,3.83,0.6427876096865395,-0.7660444431189779,33.9,29,810.0,9.65,-0.2588190451025208,-0.9659258262890684,34.0,43,808.0,4.21,0.8829475928589269,-0.4694715627858909,27.0,29,539.0,5.7,-0.2419218955996675,-0.9702957262759964,13.5,open-meteo,2026-08-08T10:03:04+00:00
2026-08-09 13:00:00+00:00,FR,load,32.4,32,774.0,3.9,0.4226182617406995,-0.90630778703665,35.0,25,839.0,10.65,-0.2249510543438649,-0.9743700647852352,35.6,36,828.0,3.99,0.90630778703665,-0.4226182617406993,29.0,24,706.0,5.6,-0.3255681544571567,-0.9455185755993168,15.0,open-meteo,2026-08-08T09:50:27+00:00
2026-08-09 14:00:00+00:00,FR,load,33.3,28,706.0,4.02,1.2246467991473532e-16,-1.0,35.3,23,773.0,12.2,-0.4067366430758002,-0.9135454576426008,36.5,35,805.0,4.57,0.9205048534524404,-0.3907311284892737,29.2,28,518.0,5.1,-0.4539904997395467,-0.8910065241883679,15.574999999999996,open-meteo,2026-08-08T09:50:27+00:00
2026-08-09 15:00:00+00:00,FR,load,33.7,27,602.0,3.61,-0.6819983600624984,-0.7313537016191706,33.9,29,508.0,12.07,-0.2588190451025208,-0.9659258262890684,34.1,42,699.0,5.09,0.9612616959383188,-0.275637355816999,30.7,30,652.0,4.5,-0.587785252292473,-0.8090169943749475,15.099999999999994,open-meteo,2026-08-08T10:03:04+00:00
2026-08-09 16:00:00+00:00,FR,load,33.4,29,440.0,4.73,-0.8910065241883678,-0.4539904997395469,27.5,48,232.0,10.16,-0.3255681544571567,0.9455185755993168,34.2,44,554.0,5.3,0.8290375725550417,-0.5591929034707467,31.4,30,522.0,5.6,-0.5735764363510462,-0.8191520442889918,13.625,open-meteo,2026-08-08T09:50:27+00:00
2026-08-09 17:00:00+00:00,FR,load,33.0,30,335.0,4.57,-0.5150380749100542,-0.8571673007021123,26.3,55,177.0,7.28,0.0871557427476581,0.9961946980917455,34.0,43,387.0,7.75,0.8480480961564261,-0.5299192642332048,27.8,53,212.0,7.4,-0.992546151641322,-0.1218693434051471,12.275,open-meteo,2026-08-08T10:03:04+00:00
2026-08-09 18:00:00+00:00,FR,load,32.7,30,196.0,3.94,-0.4539904997395467,-0.8910065241883679,25.5,58,99.0,6.65,0.7071067811865475,0.7071067811865476,32.0,45,164.0,8.51,0.838670567945424,-0.5446390350150272,26.6,63,150.0,6.3,-0.6560590289905074,0.7547095802227719,11.200000000000005,open-meteo,2026-08-08T10:03:04+00:00
2026-08-09 19:00:00+00:00,FR,load,30.2,34,38.0,8.64,-0.0697564737441256,0.9975640502598242,24.9,57,22.0,9.42,0.9986295347545738,0.0523359562429439,29.5,58,45.0,7.5,0.8746197071393959,-0.484809620246337,24.3,58,70.0,6.2,-0.9781476007338056,0.2079116908177594,9.224999999999998,open-meteo,2026-08-08T10:03:04+00:00
2026-08-09 20:00:00+00:00,FR,load,27.7,39,1.0,7.28,-0.4067366430758001,0.9135454576426008,25.4,51,0.0,6.12,0.8191520442889917,-0.5735764363510462,27.7,67,0.0,3.38,0.8660254037844387,-0.4999999999999998,22.1,57,2.0,6.4,-0.9702957262759964,-0.2419218955996677,7.725000000000001,open-meteo,2026-08-08T10:03:04+00:00
2026-08-09 21:00:00+00:00,FR,load,25.7,44,0.0,6.79,-0.3090169943749477,0.9510565162951536,22.2,66,0.0,2.29,-0.3420201433256686,-0.9396926207859084,26.3,76,0.0,3.64,0.2419218955996677,-0.9702957262759964,21.0,58,0.0,8.9,-0.9271838545667872,-0.3746065934159123,5.800000000000001,open-meteo,2026-08-08T09:50:27+00:00
2026-08-09 22:00:00+00:00,FR,load,23.8,50,0.0,4.99,-0.3420201433256686,0.9396926207859084,22.0,65,0.0,4.8,-0.0174524064372836,-0.9998476951563912,25.0,86,0.0,3.83,-0.2249510543438649,-0.9743700647852352,19.7,58,0.0,8.2,-0.8987940462991668,-0.4383711467890777,4.625,open-meteo,2026-08-08T09:50:27+00:00
2026-08-09 23:00:00+00:00,FR,load,22.3,54,0.0,4.26,-0.3907311284892739,0.9205048534524404,22.0,66,0.0,5.28,-0.2588190451025208,-0.9659258262890684,24.3,89,0.0,2.99,-0.848048096156426,-0.529919264233205,18.8,63,0.0,8.1,-0.8386705679454242,-0.544639035015027,3.849999999999998,open-meteo,2026-08-08T10:03:04+00:00
2026-08-10 00:00:00+00:00,FR,load,21.0,56,0.0,4.08,-0.4539904997395469,0.8910065241883678,22.9,63,0.0,8.04,-0.0523359562429435,-0.9986295347545738,23.9,85,0.0,3.76,-0.992546151641322,0.1218693434051476,18.2,70,0.0,8.1,-0.7771459614569706,-0.6293203910498378,3.5,open-meteo,2026-08-08T09:50:27+00:00
2026-08-10 01:00:00+00:00,FR,load,20.4,55,0.0,5.08,-0.4694715627858908,0.882947592858927,23.2,59,0.0,7.86,-0.1736481776669304,-0.984807753012208,23.3,85,0.0,5.33,-0.9396926207859084,0.342020143325669,17.6,81,0.0,7.9,-0.7660444431189779,-0.6427876096865395,3.125,open-meteo,2026-08-08T10:03:04+00:00
2026-08-10 02:00:00+00:00,FR,load,20.6,50,0.0,6.37,-0.5150380749100545,0.8571673007021121,22.7,60,0.0,7.77,-0.2419218955996675,-0.9702957262759964,22.7,86,0.0,5.94,-0.9743700647852352,0.2249510543438649,17.0,90,0.0,7.7,-0.8910065241883678,-0.4539904997395469,2.75,open-meteo,2026-08-08T10:03:04+00:00
2026-08-10 03:00:00+00:00,FR,load,19.9,52,0.0,5.66,-0.5000000000000004,0.8660254037844384,22.0,61,0.0,5.55,-0.2923717047227367,-0.9563047559630354,22.0,88,0.0,4.19,-0.981627183447664,0.1908089953765451,16.8,95,0.0,8.4,-0.9998476951563912,0.0174524064372831,2.1750000000000007,open-meteo,2026-08-08T10:03:04+00:00
2026-08-10 04:00:00+00:00,FR,load,18.8,57,0.0,3.85,-0.544639035015027,0.838670567945424,21.4,65,0.0,3.23,-0.1045284632676535,-0.9945218953682732,21.8,89,0.0,2.56,-0.587785252292473,-0.8090169943749475,16.5,95,0.0,7.0,-0.9510565162951536,0.3090169943749472,1.625,open-meteo,2026-08-08T09:50:27+00:00
2026-08-10 05:00:00+00:00,FR,load,18.4,61,2.0,4.02,-0.5591929034707466,0.8290375725550418,21.5,69,4.0,2.3,-0.8191520442889916,-0.5735764363510464,21.6,90,0.0,2.75,-0.7771459614569706,-0.6293203910498378,16.4,96,7.0,7.5,-0.6691306063588581,0.7431448254773944,1.4750000000000014,open-meteo,2026-08-08T09:50:27+00:00
2026-08-10 06:00:00+00:00,FR,load,19.5,57,78.0,4.09,-0.6819983600624984,0.7313537016191707,23.4,66,67.5,2.96,-0.5150380749100542,-0.8571673007021123,22.0,89,34.3,3.47,-0.9271838545667872,-0.3746065934159123,17.8,88,99.0,4.2,-0.3746065934159123,0.9271838545667872,2.6750000000000007,open-meteo,2026-08-08T09:50:27+00:00
2026-08-10 07:00:00+00:00,FR,load,21.8,48,227.0,3.68,-0.6691306063588581,0.7431448254773944,25.2,60,159.0,0.71,-0.8290375725550416,0.559192903470747,23.0,86,135.0,2.1,-0.6018150231520484,-0.7986355100472928,20.3,72,244.0,4.0,-0.3907311284892739,0.9205048534524404,4.574999999999999,open-meteo,2026-08-08T10:03:04+00:00
2026-08-10 08:00:00+00:00,FR,load,23.6,45,397.0,3.51,-0.4539904997395469,0.8910065241883678,27.3,50,319.0,0.5,0.981627183447664,-0.1908089953765448,24.7,79,350.0,1.71,-0.9743700647852352,-0.2249510543438652,21.9,63,401.0,3.6,-0.2079116908177598,0.9781476007338056,6.375,open-meteo,2026-08-08T10:03:04+00:00
2026-08-10 09:00:00+00:00,FR,load,25.3,42,552.0,3.16,-0.2756373558169989,0.9612616959383188,29.7,43,502.0,1.24,0.3090169943749475,-0.9510565162951536,26.3,71,395.0,1.24,0.9510565162951536,-0.3090169943749473,23.5,54,541.0,3.9,-0.3420201433256686,0.9396926207859084,8.2,open-meteo,2026-08-08T09:50:27+00:00
2026-08-10 10:00:00+00:00,FR,load,27.2,38,682.0,2.98,-0.1564344650402311,0.9876883405951375,31.8,38,644.0,1.57,1.2246467991473532e-16,-1.0,28.0,65,452.0,1.71,0.8571673007021123,0.5150380749100542,24.4,49,616.0,5.6,-0.3746065934159123,0.9271838545667872,9.85,open-meteo,2026-08-08T10:03:04+00:00
2026-08-10 11:00:00+00:00,FR,load,28.7,35,731.0,2.65,-0.0697564737441256,0.9975640502598242,33.5,34,756.0,2.37,-0.6156614753256582,-0.788010753606722,29.2,59,526.0,2.29,0.1736481776669303,0.984807753012208,24.6,49,631.0,5.9,-0.3907311284892739,0.9205048534524404,11.0,open-meteo,2026-08-08T10:03:04+00:00
2026-08-10 12:00:00+00:00,FR,load,29.9,32,753.0,2.29,-0.1736481776669304,0.984807753012208,35.1,27,842.0,2.72,-0.4383711467890774,-0.8987940462991669,29.8,58,519.0,3.26,-0.3583679495453007,0.9335804264972016,24.8,49,730.0,6.7,-0.2588190451025207,0.9659258262890684,11.9,open-meteo,2026-08-08T10:03:04+00:00
2026-08-10 13:00:00+00:00,FR,load,31.1,30,787.0,2.97,-0.1391731009600658,0.9902680687415704,36.2,22,845.0,3.33,-0.4067366430758002,-0.9135454576426008,30.5,55,534.0,2.14,-0.2756373558169989,0.9612616959383188,24.9,49,775.0,6.5,-0.1736481776669304,0.984807753012208,12.675000000000004,open-meteo,2026-08-08T09:50:27+00:00
2026-08-10 14:00:00+00:00,FR,load,31.7,29,765.0,2.95,-0.1045284632676534,0.9945218953682732,36.6,19,784.0,3.61,-0.5446390350150271,-0.838670567945424,31.3,52,595.0,2.19,-0.4539904997395469,0.8910065241883678,25.1,48,716.0,6.2,-0.2588190451025207,0.9659258262890684,13.174999999999995,open-meteo,2026-08-08T10:03:04+00:00
2026-08-10 15:00:00+00:00,FR,load,32.0,29,665.0,3.05,-0.1045284632676534,0.9945218953682732,36.4,21,667.0,3.51,-0.8090169943749473,-0.5877852522924732,32.1,48,581.0,2.22,-0.7071067811865477,0.7071067811865474,24.8,49,647.0,6.7,-0.1736481776669304,0.984807753012208,13.325,open-meteo,2026-08-08T09:50:27+00:00
2026-08-10 16:00:00+00:00,FR,load,31.8,29,527.0,2.94,-0.0348994967025008,0.9993908270190958,34.8,26,425.0,3.82,-0.874619707139396,-0.4848096202463368,31.8,49,408.0,2.63,-0.4539904997395469,0.8910065241883678,24.2,49,524.0,6.8,-0.1391731009600658,0.9902680687415704,12.65,open-meteo,2026-08-08T09:50:27+00:00
2026-08-10 17:00:00+00:00,FR,load,31.5,30,366.0,3.16,0.1218693434051474,0.992546151641322,33.4,30,211.0,5.1,-0.9993908270190958,0.0348994967025012,31.5,50,323.0,3.29,-0.1736481776669304,0.984807753012208,22.9,52,370.0,7.34,-0.9961946980917455,-0.0871557427476582,11.825000000000005,open-meteo,2026-08-08T09:50:27+00:00
2026-08-10 18:00:00+00:00,FR,load,30.7,33,209.0,3.63,0.3255681544571567,0.9455185755993168,32.2,34,100.0,5.33,-0.6946583704589976,0.7193398003386509,30.8,52,195.0,4.34,0.1045284632676534,0.9945218953682732,21.5,51,196.5,7.33,0.0871557427476581,0.9961946980917455,10.8,open-meteo,2026-08-08T10:03:04+00:00
2026-08-10 19:00:00+00:00,FR,load,29.4,36,62.0,5.43,0.4694715627858908,0.882947592858927,29.8,43,22.0,4.65,0.6560590289905073,0.754709580222772,29.7,54,42.0,4.52,0.0697564737441253,0.9975640502598242,20.0,58,57.0,6.53,0.3090169943749474,0.9510565162951536,9.225,open-meteo,2026-08-08T10:03:04+00:00
2026-08-10 20:00:00+00:00,FR,load,27.8,39,1.0,7.8,0.5446390350150271,0.838670567945424,28.5,45,0.0,3.73,0.4999999999999999,0.8660254037844387,26.0,75,0.0,5.78,-0.981627183447664,-0.1908089953765446,18.8,63,1.0,5.88,0.4539904997395468,0.8910065241883679,7.274999999999999,open-meteo,2026-08-08T10:03:04+00:00
2026-08-10 21:00:00+00:00,FR,load,25.9,46,0.0,8.73,0.7193398003386511,0.6946583704589973,26.5,51,0.0,3.73,-0.0523359562429435,-0.9986295347545738,23.9,85,0.0,4.92,-0.5735764363510465,0.8191520442889916,17.8,67,0.0,5.27,0.4999999999999999,0.8660254037844387,5.524999999999999,open-meteo,2026-08-08T09:50:27+00:00
2026-08-10 22:00:00+00:00,FR,load,24.5,48,0.0,8.18,0.7193398003386511,0.6946583704589973,25.5,54,0.0,4.29,-0.1908089953765447,-0.981627183447664,23.6,87,0.0,2.72,-0.7880107536067218,0.6156614753256585,17.1,69,0.0,4.9,0.6427876096865393,0.766044443118978,4.674999999999997,open-meteo,2026-08-08T10:03:04+00:00
2026-08-10 23:00:00+00:00,FR,load,23.0,53,0.0,7.76,0.7071067811865475,0.7071067811865476,25.3,57,0.0,4.19,-0.1908089953765447,-0.981627183447664,23.2,89,0.0,2.31,-0.5877852522924734,0.8090169943749473,16.3,73,0.0,4.6,0.6560590289905073,0.754709580222772,3.9499999999999993,open-meteo,2026-08-08T09:50:27+00:00
2026-08-11 00:00:00+00:00,FR,load,21.7,60,0.0,7.99,0.754709580222772,0.6560590289905073,24.7,60,0.0,4.08,-0.1736481776669304,-0.984807753012208,22.9,90,0.0,1.98,-0.9396926207859084,0.342020143325669,15.7,76,0.0,4.92,0.6560590289905073,0.754709580222772,3.25,open-meteo,2026-08-08T10:03:04+00:00
2026-08-11 01:00:00+00:00,FR,load,20.6,64,0.0,6.79,0.6946583704589973,0.7193398003386512,21.9,56,0.0,1.2,-0.5735764363510462,-0.8191520442889918,21.5,90,0.0,1.24,-0.9510565162951536,0.3090169943749472,14.7,83,0.0,7.4,0.7431448254773942,0.6691306063588582,1.6750000000000007,open-meteo,2026-08-10T17:13:44+00:00
2026-08-11 02:00:00+00:00,FR,load,19.8,68,0.0,6.51,0.6946583704589973,0.7193398003386512,21.8,59,0.0,1.02,-0.9563047559630352,-0.2923717047227371,21.3,90,0.0,0.98,-0.9945218953682734,-0.1045284632676533,14.4,83,0.0,8.1,0.7193398003386511,0.6946583704589973,1.3250000000000028,open-meteo,2026-08-10T17:13:44+00:00
2026-08-11 03:00:00+00:00,FR,load,19.1,71,0.0,6.67,0.6427876096865393,0.766044443118978,21.1,59,0.0,0.28,-0.7071067811865477,0.7071067811865474,21.0,91,0.0,1.2,-0.8191520442889916,-0.5735764363510464,14.1,83,0.0,7.9,0.788010753606722,0.6156614753256583,0.8249999999999993,open-meteo,2026-08-10T17:13:44+00:00
2026-08-11 04:00:00+00:00,FR,load,18.4,73,0.0,6.54,0.6427876096865393,0.766044443118978,20.0,66,0.0,3.66,-0.1391731009600658,0.9902680687415704,20.6,92,0.0,1.18,-0.6691306063588582,-0.7431448254773942,13.8,84,0.0,7.5,0.8090169943749475,0.5877852522924731,0.1999999999999993,open-meteo,2026-08-10T17:13:44+00:00
2026-08-11 05:00:00+00:00,FR,load,17.7,73,2.0,7.21,0.6018150231520483,0.7986355100472928,19.9,75,3.0,1.67,-0.6427876096865396,0.7660444431189778,19.9,95,0.0,1.19,-0.1564344650402307,-0.9876883405951378,13.7,82,7.0,7.7,0.8746197071393957,0.4848096202463371,0.2000000000000028,open-meteo,2026-08-10T10:03:24+00:00
2026-08-11 06:00:00+00:00,FR,load,18.1,71,77.0,6.86,0.6018150231520483,0.7986355100472928,21.1,72,80.0,2.66,-0.1045284632676534,0.9945218953682732,20.9,93,49.0,1.29,-0.1564344650402307,-0.9876883405951378,15.2,74,100.0,7.0,0.898794046299167,0.4383711467890774,0.8249999999999993,open-meteo,2026-08-10T10:03:24+00:00
2026-08-11 07:00:00+00:00,FR,load,19.3,65,228.0,5.65,0.5591929034707469,0.8290375725550416,24.2,57,239.0,3.64,-0.0871557427476583,0.9961946980917455,23.5,82,195.0,1.39,-0.6293203910498376,-0.7771459614569708,17.4,63,251.0,7.4,0.9135454576426008,0.4067366430758002,3.1000000000000014,open-meteo,2026-08-10T10:03:24+00:00
2026-08-11 08:00:00+00:00,FR,load,22.6,52,390.0,4.74,0.788010753606722,0.6156614753256583,28.4,47,342.0,0.93,0.9510565162951536,-0.3090169943749473,24.6,81,300.0,0.97,-0.7071067811865477,0.7071067811865474,18.5,62,408.0,5.31,0.9396926207859084,0.3420201433256688,5.524999999999999,open-meteo,2026-08-08T09:50:27+00:00
2026-08-11 09:00:00+00:00,FR,load,25.1,45,550.0,4.78,0.8191520442889918,0.573576436351046,30.5,41,517.0,0.35,-0.5591929034707467,-0.8290375725550418,26.3,74,485.0,1.31,-0.4539904997395469,0.8910065241883678,19.9,54,559.0,5.54,0.9396926207859084,0.3420201433256688,7.450000000000003,open-meteo,2026-08-08T09:50:27+00:00
2026-08-11 10:00:00+00:00,FR,load,27.6,39,684.0,5.52,0.90630778703665,0.4226182617406994,32.2,36,601.0,0.6,0.1564344650402308,0.9876883405951378,27.9,66,548.0,0.89,-0.1045284632676534,0.9945218953682732,21.1,49,683.0,5.16,0.9271838545667874,0.3746065934159119,9.200000000000005,open-meteo,2026-08-08T10:03:04+00:00
2026-08-11 11:00:00+00:00,FR,load,28.1,42,781.0,4.68,0.7986355100472928,0.6018150231520484,32.6,34,815.0,3.74,0.1045284632676534,0.9945218953682732,30.3,55,706.0,1.55,0.9510565162951536,0.3090169943749474,24.1,42,781.0,6.5,0.9743700647852352,0.2249510543438649,10.775,open-meteo,2026-08-10T17:13:44+00:00
2026-08-11 12:00:00+00:00,FR,load,31.1,30,825.0,4.96,0.9510565162951536,0.3090169943749474,34.8,27,727.0,0.1,1.2246467991473532e-16,-1.0,31.2,53,699.0,0.9,0.754709580222772,0.6560590289905073,23.3,41,814.0,5.02,0.9205048534524404,0.3907311284892737,12.1,open-meteo,2026-08-08T09:50:27+00:00
2026-08-11 13:00:00+00:00,FR,load,31.1,34,829.0,3.95,0.8660254037844386,0.5000000000000001,34.7,28,835.0,3.44,0.3420201433256687,0.9396926207859084,33.0,47,824.0,1.64,0.9563047559630355,-0.2923717047227366,26.4,33,817.0,6.6,0.9702957262759964,0.2419218955996676,13.300000000000004,open-meteo,2026-08-10T17:13:44+00:00
2026-08-11 14:00:00+00:00,FR,load,32.9,24,772.0,5.31,0.8660254037844386,0.5000000000000001,35.3,21,680.0,2.58,0.1564344650402309,-0.9876883405951375,33.7,44,733.0,0.78,-2.4492935982947064e-16,1.0,24.5,36,754.0,5.12,0.8746197071393957,0.4848096202463371,13.599999999999998,open-meteo,2026-08-08T09:50:27+00:00
2026-08-11 15:00:00+00:00,FR,load,32.1,31,682.0,3.67,0.7193398003386511,0.6946583704589973,34.4,26,517.0,4.57,0.1736481776669303,0.984807753012208,34.0,43,665.0,1.25,0.7071067811865476,-0.7071067811865475,27.6,26,663.0,6.4,0.981627183447664,0.1908089953765449,14.025,open-meteo,2026-08-10T17:13:44+00:00
2026-08-11 16:00:00+00:00,FR,load,31.8,31,547.0,4.65,0.4999999999999999,0.8660254037844387,33.7,27,425.0,6.33,0.1391731009600654,0.9902680687415704,34.3,41,543.0,2.08,0.9455185755993168,-0.3255681544571566,27.7,25,531.0,6.0,0.9702957262759964,0.2419218955996676,13.875,open-meteo,2026-08-10T17:13:44+00:00
2026-08-11 17:00:00+00:00,FR,load,31.4,30,387.0,5.27,0.6691306063588582,0.7431448254773942,25.8,39,123.0,11.84,-0.4067366430758002,-0.9135454576426008,32.5,47,378.0,2.83,0.8290375725550417,0.5591929034707468,27.5,24,376.0,5.7,0.9455185755993168,0.3255681544571567,11.3,open-meteo,2026-08-10T17:13:44+00:00
2026-08-11 18:00:00+00:00,FR,load,31.9,18,213.0,6.66,0.8829475928589269,0.4694715627858908,32.1,33,113.0,4.51,0.9998476951563912,0.0174524064372836,25.9,77,135.0,3.19,-0.981627183447664,0.1908089953765451,23.4,42,207.0,6.42,0.8987940462991669,0.4383711467890774,10.325000000000005,open-meteo,2026-08-08T10:03:04+00:00
2026-08-11 19:00:00+00:00,FR,load,27.9,29,67.0,5.96,0.7431448254773942,0.6691306063588582,21.4,76,6.0,5.8,0.6018150231520482,-0.7986355100472929,29.4,63,50.0,0.31,0.3090169943749474,0.9510565162951536,24.6,27,71.0,7.9,0.8660254037844386,0.5000000000000001,7.824999999999996,open-meteo,2026-08-10T10:03:24+00:00
2026-08-11 20:00:00+00:00,FR,load,27.1,41,1.0,7.78,0.6560590289905073,0.754709580222772,22.0,62,0.0,1.24,-0.9510565162951536,0.3090169943749472,28.3,58,0.0,5.24,0.9563047559630354,0.2923717047227367,23.0,30,1.0,8.5,0.90630778703665,0.4226182617406994,7.100000000000001,open-meteo,2026-08-10T17:13:44+00:00
2026-08-11 21:00:00+00:00,FR,load,25.1,36,0.0,7.92,0.6560590289905073,0.754709580222772,20.6,82,0.0,2.98,-0.7193398003386512,-0.6946583704589973,27.0,66,0.0,4.7,0.8571673007021123,0.5150380749100542,21.8,33,0.0,9.6,0.9271838545667874,0.3746065934159119,5.625,open-meteo,2026-08-10T10:03:24+00:00
2026-08-11 22:00:00+00:00,FR,load,24.9,32,0.0,7.63,0.6691306063588582,0.7431448254773942,24.7,54,0.0,3.69,-0.1908089953765447,-0.981627183447664,23.9,89,0.0,1.97,-0.4539904997395467,-0.8910065241883679,19.5,50,0.0,7.05,0.9510565162951536,0.3090169943749474,5.25,open-meteo,2026-08-08T09:50:27+00:00
2026-08-11 23:00:00+00:00,FR,load,23.5,44,0.0,6.55,0.7771459614569709,0.6293203910498375,20.7,59,0.0,1.27,0.3907311284892737,-0.9205048534524404,24.2,54,0.0,5.8,0.6018150231520482,-0.7986355100472929,20.4,36,0.0,9.2,0.9335804264972016,0.3583679495453004,4.200000000000003,open-meteo,2026-08-10T17:13:44+00:00
2026-08-12 00:00:00+00:00,FR,load,23.0,40,0.0,6.77,0.8290375725550417,0.5591929034707468,20.6,71,0.0,1.77,0.1045284632676537,-0.9945218953682732,24.6,62,0.0,5.91,0.6427876096865395,-0.7660444431189779,18.9,44,0.0,10.0,0.9335804264972016,0.3583679495453004,3.774999999999999,open-meteo,2026-08-11T17:17:26+00:00
2026-08-12 01:00:00+00:00,FR,load,20.8,43,0.0,5.75,0.8660254037844386,0.5000000000000001,20.7,73,0.0,0.31,-0.9510565162951536,-0.3090169943749475,22.8,76,0.0,3.78,0.6018150231520482,-0.7986355100472929,18.3,49,0.0,9.6,0.9455185755993168,0.3255681544571567,2.6499999999999986,open-meteo,2026-08-10T10:03:24+00:00
2026-08-12 02:00:00+00:00,FR,load,19.9,47,0.0,5.56,0.898794046299167,0.4383711467890774,19.4,79,0.0,0.89,-0.9945218953682734,-0.1045284632676533,21.9,80,0.0,3.47,0.6819983600624986,-0.7313537016191705,17.5,47,0.0,8.9,0.9702957262759964,0.2419218955996676,1.6749999999999972,open-meteo,2026-08-10T10:03:24+00:00
2026-08-12 03:00:00+00:00,FR,load,20.8,44,0.0,5.4,0.9781476007338056,0.2079116908177594,19.9,72,0.0,0.98,-0.1045284632676534,0.9945218953682732,21.9,69,0.0,5.13,0.7431448254773942,-0.6691306063588582,16.3,53,0.0,8.2,0.9563047559630354,0.2923717047227367,1.7250000000000014,open-meteo,2026-08-11T17:17:26+00:00
2026-08-12 04:00:00+00:00,FR,load,20.1,52,0.0,5.28,0.981627183447664,0.1908089953765449,18.9,69,0.0,2.06,0.0523359562429438,0.9986295347545738,21.2,74,0.0,2.24,0.3907311284892737,-0.9205048534524404,16.2,48,0.0,8.0,0.9876883405951378,0.1564344650402309,1.1000000000000014,open-meteo,2026-08-10T17:13:44+00:00
2026-08-12 05:00:00+00:00,FR,load,20.1,50,2.0,5.48,0.984807753012208,0.1736481776669304,18.6,72,3.0,2.18,0.1391731009600654,0.9902680687415704,20.4,78,0.0,1.43,0.2756373558169992,-0.9612616959383188,15.6,50,6.0,7.1,0.9986295347545738,0.0523359562429439,0.6750000000000007,open-meteo,2026-08-10T17:13:44+00:00
2026-08-12 06:00:00+00:00,FR,load,21.8,42,75.0,5.3,0.9781476007338056,0.2079116908177594,20.0,69,83.0,2.85,0.4539904997395467,0.8910065241883679,20.6,80,51.0,0.98,-0.1045284632676535,-0.9945218953682732,16.7,47,101.0,7.1,0.9986295347545738,0.0523359562429439,1.7749999999999986,open-meteo,2026-08-10T17:13:44+00:00
2026-08-12 07:00:00+00:00,FR,load,22.8,40,227.0,4.44,0.9702957262759964,0.2419218955996676,23.7,59,242.0,2.39,0.3255681544571567,0.9455185755993168,23.4,79,205.0,1.31,-0.8910065241883678,-0.4539904997395469,19.4,39,257.0,5.3,0.9986295347545738,-0.0523359562429438,4.325000000000003,open-meteo,2026-08-10T17:13:44+00:00
2026-08-12 08:00:00+00:00,FR,load,24.2,32,399.0,3.73,0.9205048534524404,0.3907311284892737,26.5,52,420.0,2.45,0.0348994967025009,0.9993908270190958,26.9,55,384.0,1.28,0.5299192642332049,-0.848048096156426,21.0,39,409.0,4.5,0.9986295347545738,0.0523359562429439,6.649999999999999,open-meteo,2026-08-11T17:17:26+00:00
2026-08-12 09:00:00+00:00,FR,load,26.2,29,559.0,3.55,0.8829475928589269,0.4694715627858908,28.4,47,585.0,2.55,0.0697564737441253,0.9975640502598242,28.9,50,561.0,1.69,0.8090169943749475,-0.587785252292473,24.2,32,559.0,3.9,0.992546151641322,0.1218693434051474,8.925,open-meteo,2026-08-11T17:17:26+00:00
2026-08-12 10:00:00+00:00,FR,load,28.2,27,694.0,3.68,0.8746197071393957,0.4848096202463371,30.5,41,718.0,1.9,0.2079116908177593,0.9781476007338056,31.1,43,707.0,2.08,0.9455185755993168,-0.3255681544571566,27.0,27,685.0,3.7,0.981627183447664,0.1908089953765449,11.200000000000005,open-meteo,2026-08-11T17:17:26+00:00
2026-08-12 11:00:00+00:00,FR,load,30.4,25,790.0,3.64,0.8910065241883678,0.4539904997395468,32.2,36,810.0,1.77,0.1045284632676534,0.9945218953682732,32.9,37,814.0,2.02,0.9702957262759964,-0.2419218955996677,29.0,22,774.0,4.3,0.9998476951563912,-0.0174524064372834,13.125,open-meteo,2026-08-11T17:17:26+00:00
2026-08-12 12:00:00+00:00,FR,load,32.0,25,826.0,3.76,0.9659258262890684,0.2588190451025207,34.4,34,808.0,2.46,0.0871557427476581,0.9961946980917455,34.5,28,872.0,2.11,0.9271838545667874,-0.374606593415912,31.2,17,854.0,3.9,0.984807753012208,-0.1736481776669303,15.025,open-meteo,2026-08-10T10:03:24+00:00
2026-08-12 13:00:00+00:00,FR,load,33.1,22,840.0,3.2,0.9205048534524404,0.3907311284892737,34.4,31,828.0,0.93,-0.3090169943749476,0.9510565162951536,35.8,29,870.0,2.21,0.9743700647852352,0.2249510543438649,31.2,19,814.0,4.5,0.9998476951563912,-0.0174524064372834,15.625,open-meteo,2026-08-11T17:17:26+00:00
2026-08-12 14:00:00+00:00,FR,load,33.9,20,788.0,2.82,0.9396926207859084,0.3420201433256688,33.9,29,537.0,4.46,-0.3255681544571567,0.9455185755993168,36.7,26,818.0,1.93,0.9135454576426008,0.4067366430758002,31.9,19,760.0,4.4,0.9986295347545738,0.0523359562429439,16.1,open-meteo,2026-08-11T17:17:26+00:00
2026-08-12 15:00:00+00:00,FR,load,34.2,18,690.0,2.85,0.9612616959383188,0.2756373558169991,34.6,28,555.0,2.36,-0.0871557427476583,0.9961946980917455,37.0,24,713.0,1.06,0.8290375725550417,0.5591929034707468,32.3,19,661.0,4.4,0.992546151641322,0.1218693434051474,16.525000000000006,open-meteo,2026-08-11T17:17:26+00:00
2026-08-12 16:00:00+00:00,FR,load,34.3,18,553.0,2.56,0.6819983600624985,0.7313537016191705,34.8,25,490.0,1.11,0.7071067811865475,0.7071067811865476,37.0,24,566.0,0.14,-0.7071067811865475,-0.7071067811865477,32.4,20,528.0,4.3,0.9781476007338056,0.2079116908177594,16.625,open-meteo,2026-08-11T17:17:26+00:00
2026-08-12 17:00:00+00:00,FR,load,34.0,19,389.0,1.69,0.8090169943749475,0.5877852522924731,34.3,25,325.0,1.18,0.4067366430758002,0.9135454576426008,36.5,25,390.0,0.71,-0.961261695938319,-0.2756373558169989,32.2,20,372.0,4.4,0.9702957262759964,0.2419218955996676,16.25,open-meteo,2026-08-11T17:17:26+00:00
2026-08-12 18:00:00+00:00,FR,load,33.4,20,184.0,3.07,0.8910065241883678,0.4539904997395468,32.9,34,140.0,3.69,0.6427876096865393,0.766044443118978,34.3,32,183.0,1.67,-0.9335804264972016,-0.3583679495453007,29.5,27,192.5,4.57,0.9205048534524404,0.3907311284892737,14.525,open-meteo,2026-08-10T10:03:24+00:00
2026-08-12 19:00:00+00:00,FR,load,30.7,31,65.0,2.2,0.9335804264972016,0.3583679495453004,28.7,44,24.0,2.26,0.8290375725550417,-0.5591929034707467,31.6,42,49.0,4.4,-0.848048096156426,-0.529919264233205,28.9,23,65.0,6.7,0.8910065241883678,0.4539904997395468,11.975,open-meteo,2026-08-11T17:17:26+00:00
2026-08-12 20:00:00+00:00,FR,load,28.9,29,0.0,5.63,0.9743700647852352,0.2249510543438649,26.3,53,0.0,2.92,0.9702957262759964,0.2419218955996676,28.3,54,0.0,2.87,-0.9902680687415704,-0.1391731009600658,24.8,36,1.0,5.05,0.8290375725550417,0.5591929034707468,9.075,open-meteo,2026-08-10T10:03:24+00:00
2026-08-12 21:00:00+00:00,FR,load,27.0,33,0.0,4.44,0.6819983600624985,0.7313537016191705,26.1,51,0.0,0.35,0.5591929034707469,-0.8290375725550416,27.1,64,0.0,1.58,-0.374606593415912,-0.9271838545667874,24.3,33,0.0,8.5,0.7193398003386511,0.6946583704589973,8.125,open-meteo,2026-08-11T17:17:26+00:00
2026-08-12 22:00:00+00:00,FR,load,27.3,34,0.0,4.21,1.0,6.123233995736766e-17,24.8,58,0.0,1.82,0.5877852522924732,-0.8090169943749473,24.8,73,0.0,2.65,0.0697564737441255,-0.9975640502598242,22.4,41,0.0,5.66,0.9876883405951378,0.1564344650402309,6.825000000000003,open-meteo,2026-08-10T10:03:24+00:00
2026-08-12 23:00:00+00:00,FR,load,25.2,31,0.0,5.35,0.573576436351046,0.8191520442889918,25.8,48,0.0,8.88,-0.1908089953765447,-0.981627183447664,25.0,71,0.0,2.66,0.1045284632676537,-0.9945218953682732,21.5,35,0.0,8.1,0.9396926207859084,0.3420201433256688,6.375,open-meteo,2026-08-11T17:17:26+00:00
2026-08-13 00:00:00+00:00,FR,load,24.8,39,0.0,5.43,0.4383711467890774,0.898794046299167,25.1,40,0.0,7.97,-0.0871557427476579,-0.9961946980917455,23.9,51,0.0,3.72,0.5735764363510459,-0.8191520442889919,20.7,34,0.0,9.9,0.9781476007338056,0.2079116908177594,5.625000000000004,open-meteo,2026-08-12T17:17:00+00:00
2026-08-13 01:00:00+00:00,FR,load,22.5,42,0.0,3.4,0.838670567945424,0.5446390350150271,24.5,50,0.0,8.27,-0.0871557427476579,-0.9961946980917455,23.2,72,0.0,3.24,0.4226182617406995,-0.90630778703665,19.4,38,0.0,7.9,0.992546151641322,-0.1218693434051473,4.399999999999999,open-meteo,2026-08-11T17:17:26+00:00
2026-08-13 02:00:00+00:00,FR,load,25.6,39,0.0,3.24,0.9986295347545738,-0.0523359562429438,23.8,53,0.0,3.63,1.2246467991473532e-16,-1.0,21.9,83,0.0,2.75,-0.0697564737441252,-0.9975640502598242,19.2,44,0.0,6.16,0.9743700647852352,-0.224951054343865,4.625000000000004,open-meteo,2026-08-10T17:13:44+00:00
2026-08-13 03:00:00+00:00,FR,load,21.4,48,0.0,2.53,0.8090169943749475,0.5877852522924731,23.2,44,0.0,5.29,-0.0174524064372836,-0.9998476951563912,21.9,65,0.0,4.0,0.5150380749100544,-0.8571673007021122,18.5,36,0.0,8.6,0.9135454576426008,-0.4067366430758002,3.25,open-meteo,2026-08-12T17:17:00+00:00
2026-08-13 04:00:00+00:00,FR,load,21.0,49,0.0,2.16,0.7771459614569709,0.6293203910498375,22.6,46,0.0,4.62,0.0871557427476582,-0.9961946980917455,21.4,70,0.0,3.94,0.4539904997395468,-0.8910065241883678,17.8,37,0.0,7.4,0.8090169943749475,-0.587785252292473,2.6999999999999997,open-meteo,2026-08-12T17:17:00+00:00
2026-08-13 05:00:00+00:00,FR,load,20.7,52,2.0,2.64,0.8571673007021123,0.5150380749100542,22.3,46,3.0,4.33,0.2249510543438652,-0.9743700647852352,21.0,74,0.0,3.24,0.4226182617406995,-0.90630778703665,17.1,41,5.0,6.3,0.6156614753256584,-0.7880107536067219,2.2749999999999986,open-meteo,2026-08-12T17:17:00+00:00
2026-08-13 06:00:00+00:00,FR,load,22.1,51,73.0,2.59,0.8746197071393957,0.4848096202463371,23.6,48,80.0,3.16,0.1218693434051475,-0.992546151641322,21.4,76,48.0,2.99,0.5299192642332049,-0.848048096156426,18.4,46,92.0,4.9,0.6293203910498374,-0.7771459614569709,3.375,open-meteo,2026-08-12T17:17:00+00:00
2026-08-13 07:00:00+00:00,FR,load,24.4,44,224.0,2.51,0.9335804264972016,0.3583679495453004,26.8,41,239.0,1.76,1.2246467991473532e-16,-1.0,24.5,71,201.0,3.21,0.5150380749100544,-0.8571673007021122,22.0,34,241.0,4.2,0.788010753606722,-0.6156614753256583,6.425000000000001,open-meteo,2026-08-12T17:17:00+00:00
2026-08-13 08:00:00+00:00,FR,load,26.2,43,304.0,2.29,0.984807753012208,-0.1736481776669303,29.8,41,418.0,1.24,-0.3090169943749473,-0.9510565162951536,27.4,58,383.0,2.67,0.2923717047227366,-0.9563047559630355,24.6,37,404.0,1.38,0.6560590289905073,-0.754709580222772,9.0,open-meteo,2026-08-10T10:03:24+00:00
2026-08-13 09:00:00+00:00,FR,load,28.6,31,553.0,1.58,0.8660254037844386,0.5000000000000001,31.2,29,576.0,1.71,-0.2249510543438649,-0.9743700647852352,29.9,50,559.0,1.39,0.7071067811865476,-0.7071067811865475,28.7,22,554.0,1.8,0.4539904997395468,-0.8910065241883678,11.599999999999998,open-meteo,2026-08-12T17:17:00+00:00
2026-08-13 10:00:00+00:00,FR,load,31.0,28,684.0,1.38,0.9975640502598242,0.0697564737441252,32.6,30,717.0,2.98,-0.1564344650402307,-0.9876883405951378,32.6,41,705.0,2.26,0.5591929034707469,-0.8290375725550416,32.6,17,699.0,2.7,0.5299192642332049,-0.848048096156426,14.200000000000005,open-meteo,2026-08-11T17:17:26+00:00
2026-08-13 11:00:00+00:00,FR,load,33.2,24,779.0,1.96,0.6018150231520483,0.7986355100472928,34.8,24,809.0,1.83,-0.275637355816999,-0.9612616959383188,34.9,34,813.0,1.24,0.9510565162951536,-0.3090169943749473,33.4,17,765.0,3.8,0.9993908270190958,0.034899496702501,16.075000000000003,open-meteo,2026-08-12T17:17:00+00:00
2026-08-13 12:00:00+00:00,FR,load,34.9,21,828.0,2.26,0.5591929034707469,0.8290375725550416,36.2,23,853.0,0.63,-0.7771459614569706,-0.6293203910498378,36.7,28,868.0,1.12,0.9659258262890684,0.2588190451025207,34.4,16,806.0,3.8,0.9975640502598242,0.0697564737441252,17.549999999999997,open-meteo,2026-08-12T17:17:00+00:00
2026-08-13 13:00:00+00:00,FR,load,36.0,18,826.0,1.86,0.3090169943749474,0.9510565162951536,36.4,22,790.0,0.69,-0.1391731009600658,0.9902680687415704,37.9,24,869.0,1.18,0.7431448254773942,0.6691306063588582,35.1,15,800.0,3.5,0.9986295347545738,-0.0523359562429438,18.35,open-meteo,2026-08-12T17:17:00+00:00
2026-08-13 14:00:00+00:00,FR,load,36.7,17,774.0,1.88,0.1564344650402308,0.9876883405951378,37.0,22,660.0,2.67,-0.1391731009600658,0.9902680687415704,38.6,21,814.0,1.77,0.5591929034707469,0.8290375725550416,35.5,15,744.0,3.0,0.9986295347545738,-0.0523359562429438,18.950000000000003,open-meteo,2026-08-12T17:17:00+00:00
2026-08-13 15:00:00+00:00,FR,load,37.0,18,676.0,2.65,-0.0697564737441256,0.9975640502598242,37.0,21,628.0,1.12,-0.6156614753256582,0.788010753606722,38.8,19,708.0,3.24,0.484809620246337,0.8746197071393957,35.7,15,644.0,2.2,0.9993908270190958,0.034899496702501,19.125,open-meteo,2026-08-12T17:17:00+00:00
2026-08-13 16:00:00+00:00,FR,load,36.7,19,540.0,2.22,0.6560590289905073,0.754709580222772,36.6,21,505.0,0.97,-0.7071067811865475,-0.7071067811865477,38.6,18,562.0,4.44,0.374606593415912,0.9271838545667874,35.6,16,507.0,1.3,0.90630778703665,0.4226182617406994,18.875,open-meteo,2026-08-12T17:17:00+00:00
2026-08-13 17:00:00+00:00,FR,load,36.9,18,342.0,2.08,0.754709580222772,0.6560590289905073,35.1,25,321.0,2.45,0.0348994967025009,0.9993908270190958,38.2,20,370.0,2.37,-0.1218693434051472,0.992546151641322,36.5,13,387.0,2.8,0.6819983600624986,-0.7313537016191705,18.675,open-meteo,2026-08-11T17:17:26+00:00
2026-08-13 18:00:00+00:00,FR,load,35.6,20,206.0,3.59,0.2923717047227367,0.9563047559630354,33.9,28,144.0,3.35,-0.3583679495453007,0.9335804264972016,36.3,21,205.0,4.99,0.2756373558169991,0.9612616959383188,34.1,18,199.0,4.6,0.224951054343865,0.9743700647852352,16.975,open-meteo,2026-08-12T17:17:00+00:00
2026-08-13 19:00:00+00:00,FR,load,32.6,24,60.0,4.93,0.6560590289905073,0.754709580222772,30.7,34,26.0,2.05,0.2923717047227367,0.9563047559630354,33.3,28,47.0,3.67,0.1564344650402308,0.9876883405951378,31.4,20,60.0,5.5,0.9335804264972016,0.3583679495453004,14.0,open-meteo,2026-08-12T17:17:00+00:00
2026-08-13 20:00:00+00:00,FR,load,32.4,28,0.0,3.95,0.9205048534524404,0.3907311284892737,26.9,44,0.0,1.73,0.7313537016191705,0.6819983600624985,31.5,32,0.0,4.37,0.1564344650402308,0.9876883405951378,29.4,20,0.0,5.8,0.9993908270190958,0.034899496702501,12.049999999999995,open-meteo,2026-08-11T17:17:26+00:00
2026-08-13 21:00:00+00:00,FR,load,30.0,29,0.0,4.62,0.848048096156426,0.5299192642332049,27.2,39,0.0,1.43,0.9612616959383188,-0.275637355816999,31.3,33,0.0,2.61,0.5591929034707469,0.8290375725550416,26.3,27,0.0,6.4,0.9455185755993168,0.3255681544571567,10.7,open-meteo,2026-08-12T17:17:00+00:00
2026-08-13 22:00:00+00:00,FR,load,27.6,48,0.0,8.83,-0.5591929034707466,0.8290375725550418,25.8,43,0.0,3.27,0.6293203910498374,-0.7771459614569709,27.9,50,0.0,2.27,-0.992546151641322,-0.1218693434051471,24.9,36,0.0,3.7,0.9876883405951378,-0.1564344650402308,8.550000000000004,open-meteo,2026-08-10T17:13:44+00:00
2026-08-13 23:00:00+00:00,FR,load,26.1,50,0.0,8.07,-0.5877852522924734,0.8090169943749473,26.2,43,0.0,3.98,0.1736481776669302,-0.984807753012208,26.6,54,0.0,2.76,-0.9563047559630352,-0.2923717047227371,23.7,40,0.0,3.75,1.0,6.123233995736766e-17,7.650000000000002,open-meteo,2026-08-10T17:13:44+00:00
2026-08-14 00:00:00+00:00,FR,load,27.0,35,0.0,4.25,0.9902680687415704,0.13917310096006547,26.5,43,0.0,10.26,-0.17364817766693047,-0.984807753012208,25.6,46,0.0,1.55,-0.3090169943749473,-0.9510565162951536,20.6,37,0.0,4.0,0.9876883405951378,0.15643446504023092,6.924999999999997,open-meteo,2026-08-13T17:17:28+00:00
2026-08-14 01:00:00+00:00,FR,load,24.7,49,0.0,2.72,-0.8660254037844386,0.5000000000000001,24.5,53,0.0,3.08,-0.1564344650402307,-0.9876883405951378,24.7,59,0.0,5.98,-0.9993908270190958,-0.0348994967025007,21.8,45,0.0,2.77,0.0523359562429438,-0.9986295347545738,5.925000000000001,open-meteo,2026-08-11T17:17:26+00:00
2026-08-14 02:00:00+00:00,FR,load,24.5,53,0.0,4.02,-0.5591929034707466,0.8290375725550418,24.1,51,0.0,2.84,-0.0348994967025009,-0.9993908270190958,23.9,78,0.0,6.21,-0.9945218953682734,0.1045284632676529,21.3,48,0.0,2.49,-0.0523359562429435,-0.9986295347545738,5.449999999999999,open-meteo,2026-08-11T17:17:26+00:00
2026-08-14 03:00:00+00:00,FR,load,25.2,36,0.0,1.71,0.9743700647852352,0.22495105434386492,24.1,50,0.0,6.67,0.03489949670250114,-0.9993908270190958,22.0,94,0.0,6.78,-0.9975640502598243,0.06975647374412522,18.8,42,0.0,2.3,0.7431448254773942,-0.6691306063588582,4.524999999999999,open-meteo,2026-08-13T17:17:28+00:00
2026-08-14 04:00:00+00:00,FR,load,23.4,43,0.0,1.24,0.9510565162951535,0.30901699437494745,23.7,52,0.0,5.4,0.05233595624294381,-0.9986295347545738,21.4,96,0.0,6.56,-0.9998476951563913,-0.017452406437283498,18.4,43,0.0,3.6,0.01745240643728344,-0.9998476951563913,3.7250000000000014,open-meteo,2026-08-13T17:17:28+00:00
2026-08-14 05:00:00+00:00,FR,load,23.2,43,1.0,1.06,0.8290375725550417,0.5591929034707468,23.1,54,2.0,4.63,0.10452846326765373,-0.9945218953682733,21.0,97,0.0,5.3,-0.9986295347545738,-0.052335956242944306,18.3,45,4.0,4.4,-0.13917310096006552,-0.9902680687415703,3.3999999999999986,open-meteo,2026-08-13T17:17:28+00:00
2026-08-14 06:00:00+00:00,FR,load,25.1,41,71.0,1.92,0.9659258262890683,0.25881904510252074,24.5,52,78.0,4.14,0.12186934340514755,-0.992546151641322,21.4,94,33.0,4.33,-0.9961946980917455,0.08715574274765789,19.8,50,87.0,4.6,-0.374606593415912,-0.9271838545667874,4.699999999999999,open-meteo,2026-08-13T17:17:28+00:00
2026-08-14 07:00:00+00:00,FR,load,26.6,45,213.0,1.86,0.9986295347545738,-0.05233595624294384,27.1,46,226.0,2.21,0.2249510543438652,-0.9743700647852351,22.5,88,140.0,2.98,-0.9876883405951378,0.15643446504023067,23.4,45,233.0,4.6,-0.8571673007021121,-0.5150380749100545,6.899999999999999,open-meteo,2026-08-13T17:17:28+00:00
2026-08-14 08:00:00+00:00,FR,load,29.2,36,315.0,1.75,-0.4539904997395469,0.8910065241883678,29.0,39,361.0,3.53,0.0523359562429438,-0.9986295347545738,24.2,81,355.0,2.18,-0.9902680687415704,0.1391731009600654,28.0,32,392.0,2.0,-0.984807753012208,0.1736481776669299,9.6,open-meteo,2026-08-12T17:17:00+00:00
2026-08-14 09:00:00+00:00,FR,load,31.6,28,458.0,1.1,-0.45399049973954697,0.8910065241883678,31.1,34,522.0,1.88,-0.15643446504023073,-0.9876883405951378,26.3,72,542.0,1.58,-0.9271838545667874,0.37460659341591196,31.0,23,538.0,2.7,-0.8660254037844384,-0.5000000000000004,12.0,open-meteo,2026-08-13T17:17:28+00:00
2026-08-14 10:00:00+00:00,FR,load,32.0,27,493.0,2.35,-2.4492935982947064e-16,1.0,33.2,26,682.0,3.8,-0.2079116908177595,-0.9781476007338056,28.7,64,695.0,0.92,-0.8480480961564262,0.5299192642332047,33.4,21,663.0,1.6,-0.981627183447664,-0.1908089953765446,13.825000000000005,open-meteo,2026-08-12T17:17:00+00:00
2026-08-14 11:00:00+00:00,FR,load,34.8,22,610.0,1.01,0.8746197071393957,0.4848096202463371,35.0,24,762.0,1.82,-0.587785252292473,-0.8090169943749476,31.5,53,802.0,1.01,-0.4848096202463369,0.8746197071393959,35.0,19,751.0,2.7,-0.90630778703665,-0.42261826174069916,16.075000000000003,open-meteo,2026-08-13T17:17:28+00:00
2026-08-14 12:00:00+00:00,FR,load,36.5,19,760.0,1.62,0.9702957262759965,-0.24192189559966779,36.2,22,806.0,1.49,-0.9205048534524405,0.3907311284892735,34.0,43,859.0,1.1,-0.1736481776669304,0.984807753012208,36.1,19,794.0,2.6,-0.9993908270190958,0.03489949670250128,17.700000000000003,open-meteo,2026-08-13T17:17:28+00:00
2026-08-14 13:00:00+00:00,FR,load,37.1,19,654.0,1.18,0.9135454576426009,-0.40673664307580026,37.0,20,747.0,1.23,-0.8746197071393956,0.4848096202463373,36.3,35,862.0,1.52,0.25881904510252074,0.9659258262890683,36.9,18,787.0,2.8,-0.9902680687415704,0.13917310096006547,18.824999999999996,open-meteo,2026-08-13T17:17:28+00:00
2026-08-14 14:00:00+00:00,FR,load,38.0,18,703.0,0.98,0.7986355100472928,0.6018150231520484,37.2,18,707.0,3.47,-0.7660444431189781,0.6427876096865393,37.6,27,810.0,1.88,0.4694715627858908,0.882947592858927,37.4,18,732.0,3.2,-0.9876883405951377,-0.15643446504023104,19.550000000000004,open-meteo,2026-08-13T17:17:28+00:00
2026-08-14 15:00:00+00:00,FR,load,38.3,18,640.0,1.18,-0.7431448254773946,0.6691306063588578,35.5,22,494.0,6.78,-0.9975640502598243,0.06975647374412522,38.1,24,707.0,2.2,0.5299192642332049,0.848048096156426,36.4,20,635.0,6.4,-0.4694715627858908,0.8829475928589269,19.075000000000003,open-meteo,2026-08-13T17:17:28+00:00
2026-08-14 16:00:00+00:00,FR,load,37.9,18,456.0,1.47,-0.7986355100472928,-0.6018150231520483,35.3,24,327.0,2.33,0.2588190451025207,0.9659258262890684,38.5,21,548.0,1.45,0.4694715627858908,0.882947592858927,34.7,27,455.0,9.4,-0.4067366430758001,0.913545457642601,18.599999999999994,open-meteo,2026-08-12T17:17:00+00:00
2026-08-14 17:00:00+00:00,FR,load,34.5,30,325.0,5.13,-0.4067366430758001,0.913545457642601,34.3,22,260.0,5.4,-0.0523359562429443,0.9986295347545738,37.6,21,361.0,1.68,-0.1218693434051472,0.992546151641322,30.9,38,315.0,6.79,-0.5150380749100545,0.8571673007021121,16.325000000000003,open-meteo,2026-08-11T17:17:26+00:00
2026-08-14 18:00:00+00:00,FR,load,36.4,20,197.0,2.0,0.981627183447664,0.19080899537654492,32.6,30,115.0,4.81,0.9975640502598242,-0.06975647374412533,35.9,27,176.0,2.65,0.0697564737441253,0.9975640502598242,31.5,27,89.0,5.3,-0.08715574274765832,0.9961946980917455,16.1,open-meteo,2026-08-13T17:17:28+00:00
2026-08-14 19:00:00+00:00,FR,load,34.6,22,50.0,3.08,0.9876883405951378,0.15643446504023092,29.7,33,24.0,9.25,0.984807753012208,0.17364817766693041,32.0,36,38.0,4.23,-0.9743700647852352,0.22495105434386492,29.7,31,38.0,5.4,0.01745240643728351,0.9998476951563913,13.5,open-meteo,2026-08-13T17:17:28+00:00
2026-08-14 20:00:00+00:00,FR,load,31.3,35,0.0,8.98,0.1218693434051474,0.992546151641322,28.4,41,0.0,3.54,0.7431448254773942,-0.6691306063588582,31.4,52,0.0,8.64,-0.8386705679454243,0.5446390350150266,27.2,48,0.0,8.7,-0.7771459614569706,-0.6293203910498378,11.575,open-meteo,2026-08-12T17:17:00+00:00
2026-08-14 21:00:00+00:00,FR,load,29.7,38,0.0,7.96,0.0697564737441253,0.9975640502598242,26.2,49,0.0,6.91,-0.3090169943749473,-0.9510565162951536,28.8,56,0.0,6.14,-0.9902680687415704,0.13917310096006547,27.4,40,0.0,4.7,0.7193398003386511,0.6946583704589973,10.024999999999999,open-meteo,2026-08-13T17:17:28+00:00
2026-08-14 22:00:00+00:00,FR,load,26.2,51,0.0,5.69,-0.1908089953765446,0.981627183447664,24.7,53,0.0,3.82,1.2246467991473532e-16,-1.0,27.3,71,0.0,7.67,-0.9961946980917455,0.0871557427476578,24.3,59,0.0,5.21,-0.9986295347545738,0.0523359562429439,7.625,open-meteo,2026-08-11T17:17:26+00:00
2026-08-14 23:00:00+00:00,FR,load,24.9,56,0.0,3.51,-0.5877852522924734,0.8090169943749473,25.5,51,0.0,5.6,-0.0697564737441252,-0.9975640502598242,25.6,75,0.0,8.47,-0.9945218953682734,0.1045284632676529,23.0,65,0.0,4.76,-0.9986295347545738,-0.0523359562429443,6.75,open-meteo,2026-08-11T17:17:26+00:00
2026-08-15 00:00:00+00:00,FR,load,25.4,52,0.0,7.58,0.0871557427476581,0.9961946980917455,26.3,49,0.0,6.9,-0.1218693434051473,-0.992546151641322,25.3,76,0.0,9.58,-0.992546151641322,0.1218693434051476,22.4,71,0.0,4.59,-0.9510565162951536,0.3090169943749472,6.850000000000001,open-meteo,2026-08-12T17:17:00+00:00
2026-08-15 01:00:00+00:00,FR,load,24.6,56,0.0,7.05,-0.0174524064372835,0.9998476951563912,25.5,50,0.0,5.98,-0.0523359562429435,-0.9986295347545738,23.6,79,0.0,9.17,-0.984807753012208,0.1736481776669299,21.8,70,0.0,3.85,-0.9702957262759966,0.2419218955996674,5.875,open-meteo,2026-08-12T17:17:00+00:00
2026-08-15 02:00:00+00:00,FR,load,23.8,58,0.0,7.44,0.1564344650402308,0.9876883405951378,25.0,50,0.0,4.91,-0.0523359562429435,-0.9986295347545738,22.5,84,0.0,7.95,-0.9975640502598244,0.0697564737441252,21.6,70,0.0,2.58,-0.8571673007021123,0.5150380749100542,5.225000000000001,open-meteo,2026-08-12T17:17:00+00:00
2026-08-15 03:00:00+00:00,FR,load,23.3,58,0.0,5.92,0.1218693434051474,0.992546151641322,23.8,54,0.0,3.84,0.1045284632676537,-0.9945218953682732,21.9,88,0.0,7.39,-0.9945218953682734,0.1045284632676529,20.8,72,0.0,1.75,-0.8571673007021123,0.5150380749100542,4.449999999999999,open-meteo,2026-08-12T17:17:00+00:00
2026-08-15 04:00:00+00:00,FR,load,22.8,59,0.0,7.12,-0.1391731009600658,0.9902680687415704,22.8,57,0.0,3.26,0.1218693434051475,-0.992546151641322,21.8,88,0.0,5.23,-0.9945218953682734,0.1045284632676529,20.1,75,0.0,1.87,-0.961261695938319,-0.2756373558169989,3.875,open-meteo,2026-08-12T17:17:00+00:00
2026-08-15 05:00:00+00:00,FR,load,21.9,66,1.0,9.3,-0.3420201433256686,0.9396926207859084,22.2,58,2.0,3.06,0.1218693434051475,-0.992546151641322,21.7,89,0.0,4.95,-0.9902680687415704,0.1391731009600654,20.0,77,3.0,3.2,-0.9993908270190958,0.0348994967025012,3.4499999999999997,open-meteo,2026-08-12T17:17:00+00:00
2026-08-15 06:00:00+00:00,FR,load,22.1,64,62.0,5.68,-0.35836794954530077,0.9335804264972015,23.3,61,75.0,3.87,0.15643446504023098,-0.9876883405951377,22.0,88,33.0,4.38,-0.9848077530122081,0.17364817766692997,22.6,69,62.0,4.5,0.13917310096006544,0.9902680687415704,4.5,open-meteo,2026-08-13T17:17:28+00:00
2026-08-15 07:00:00+00:00,FR,load,22.9,62,179.0,5.55,0.2923717047227367,0.9563047559630354,27.2,46,215.0,1.86,-0.0523359562429435,-0.9986295347545738,23.0,82,102.0,2.95,-0.9659258262890684,0.2588190451025203,22.0,72,181.0,2.45,0.9781476007338056,0.2079116908177594,5.774999999999999,open-meteo,2026-08-12T17:17:00+00:00
2026-08-15 08:00:00+00:00,FR,load,25.3,55,344.0,4.12,-0.4694715627858908,0.8829475928589269,27.6,48,412.0,4.02,1.2246467991473532e-16,-1.0,24.3,78,173.0,4.65,-0.8829475928589271,0.4694715627858904,24.5,62,229.0,1.5,0.10452846326765347,0.9945218953682733,7.425000000000001,open-meteo,2026-08-13T17:17:28+00:00
2026-08-15 09:00:00+00:00,FR,load,26.8,51,468.0,4.05,-0.8480480961564262,0.5299192642332047,29.3,43,563.0,5.0,-0.017452406437283637,-0.9998476951563913,25.1,76,253.0,4.34,-0.8829475928589271,0.4694715627858904,25.5,56,266.0,1.2,0.6560590289905073,0.754709580222772,8.675,open-meteo,2026-08-13T17:17:28+00:00
2026-08-15 10:00:00+00:00,FR,load,28.1,49,381.0,5.54,-0.9743700647852352,0.22495105434386492,31.5,36,695.0,5.52,-0.1045284632676535,-0.9945218953682733,25.5,74,360.0,3.94,-0.8191520442889918,0.573576436351046,27.2,49,387.0,4.9,-0.24192189559966787,0.9702957262759965,10.075,open-meteo,2026-08-13T17:17:28+00:00
2026-08-15 11:00:00+00:00,FR,load,29.7,41,562.0,5.01,-0.8571673007021123,0.5150380749100542,33.6,30,785.0,5.27,-0.17364817766693047,-0.984807753012208,27.6,65,392.0,3.88,-0.7071067811865477,0.7071067811865474,27.8,46,355.0,6.1,0.374606593415912,0.9271838545667874,11.675,open-meteo,2026-08-13T17:17:28+00:00
2026-08-15 12:00:00+00:00,FR,load,29.8,40,537.0,3.69,-0.6427876096865396,0.7660444431189778,36.0,22,823.0,3.04,-0.3583679495453004,-0.9335804264972016,31.6,50,779.0,3.12,-0.6946583704589976,0.7193398003386509,27.6,56,601.0,2.71,-0.9205048534524404,0.3907311284892735,13.25,open-meteo,2026-08-12T17:17:00+00:00
2026-08-15 13:00:00+00:00,FR,load,31.9,39,653.0,4.43,-0.9510565162951536,0.30901699437494723,36.0,24,768.5,2.62,-0.5150380749100542,-0.8571673007021123,30.4,54,663.3,2.68,-0.8090169943749476,0.5877852522924729,31.1,34,730.0,3.8,0.45399049973954675,0.8910065241883679,14.350000000000001,open-meteo,2026-08-13T17:17:28+00:00
2026-08-15 14:00:00+00:00,FR,load,31.8,37,565.5,4.45,-0.9848077530122081,0.17364817766692997,33.6,27,510.0,9.26,-0.9961946980917455,0.08715574274765789,30.9,52,606.5,2.5,-0.8480480961564262,0.5299192642332047,31.6,34,695.0,4.1,0.48480962024633706,0.8746197071393957,13.975000000000001,open-meteo,2026-08-13T17:17:28+00:00
2026-08-15 15:00:00+00:00,FR,load,32.3,34,541.0,3.03,-0.4848096202463369,0.8746197071393959,35.9,20,484.0,2.57,-0.7660444431189781,0.6427876096865393,29.9,59,507.0,5.63,-0.9743700647852352,-0.2249510543438652,26.2,61,450.0,5.6,-0.3907311284892739,0.9205048534524404,13.075,open-meteo,2026-08-12T17:17:00+00:00
2026-08-15 16:00:00+00:00,FR,load,30.9,40,357.0,4.32,-0.8386705679454243,0.5446390350150266,31.5,37,219.0,3.64,-0.9961946980917455,0.08715574274765789,31.6,48,434.0,2.15,-0.5000000000000004,0.8660254037844384,28.2,49,414.0,8.3,0.24192189559966773,0.9702957262759965,12.55,open-meteo,2026-08-13T17:17:28+00:00
2026-08-15 17:00:00+00:00,FR,load,32.0,35,282.0,3.14,-0.2419218955996678,0.9702957262759964,32.8,29,129.0,4.31,-1.0,-1.8369701987210294e-16,27.4,71,191.0,3.74,0.9945218953682732,0.1045284632676534,24.2,65,253.0,6.35,-0.1218693434051472,0.992546151641322,11.099999999999998,open-meteo,2026-08-12T17:17:00+00:00
2026-08-15 18:00:00+00:00,FR,load,30.0,43,148.0,4.19,-0.544639035015027,0.838670567945424,28.7,47,39.0,2.91,0.3420201433256689,-0.9396926207859083,24.4,82,56.0,1.67,0.766044443118978,0.6427876096865394,24.6,63,173.0,8.8,0.15643446504023087,0.9876883405951378,8.924999999999997,open-meteo,2026-08-13T17:17:28+00:00
2026-08-15 19:00:00+00:00,FR,load,29.6,44,51.0,3.4,0.2079116908177593,0.9781476007338056,28.3,43,15.0,6.22,0.1218693434051475,-0.992546151641322,26.4,76,30.0,2.11,0.9271838545667874,0.3746065934159119,21.8,73,42.0,6.55,0.0,1.0,8.525000000000002,open-meteo,2026-08-12T17:17:00+00:00
2026-08-15 20:00:00+00:00,FR,load,27.9,47,0.0,6.46,-0.24192189559966787,0.9702957262759965,25.0,57,0.0,2.18,0.8090169943749475,-0.587785252292473,23.5,85,0.0,5.39,-0.8910065241883678,-0.4539904997395469,21.6,77,0.0,8.0,0.13917310096006544,0.9902680687415704,6.5,open-meteo,2026-08-13T17:17:28+00:00
2026-08-15 21:00:00+00:00,FR,load,26.2,54,0.0,8.46,-0.22495105434386534,0.9743700647852351,23.6,62,0.0,1.73,0.6819983600624986,-0.7313537016191705,23.4,87,0.0,4.43,-0.90630778703665,-0.42261826174069916,20.7,84,0.0,7.5,0.17364817766693033,0.984807753012208,5.474999999999998,open-meteo,2026-08-13T17:17:28+00:00
2026-08-15 22:00:00+00:00,FR,load,24.6,66,0.0,2.56,0.992546151641322,0.1218693434051474,24.7,54,0.0,3.45,0.1218693434051475,-0.992546151641322,24.2,85,0.0,1.53,0.4539904997395467,0.8910065241883679,20.5,79,0.0,6.95,-0.0348994967025008,0.9993908270190958,5.5,open-meteo,2026-08-12T17:17:00+00:00
2026-08-15 23:00:00+00:00,FR,load,24.2,69,0.0,2.92,0.9702957262759964,-0.2419218955996677,24.9,55,0.0,4.72,-0.0871557427476579,-0.9961946980917455,23.7,87,0.0,2.23,0.2588190451025207,0.9659258262890684,20.0,79,0.0,6.3,-2.4492935982947064e-16,1.0,5.199999999999999,open-meteo,2026-08-12T17:17:00+00:00
2026-08-16 00:00:00+00:00,FR,load,23.0,70,0.0,6.32,0.224951054343865,0.9743700647852352,22.7,64,0.0,1.1,-0.17364817766693047,-0.984807753012208,21.9,94,0.0,7.51,-0.5877852522924734,0.8090169943749473,19.3,89,0.0,6.28,0.12186934340514748,0.992546151641322,3.724999999999998,open-meteo,2026-08-13T17:17:28+00:00
2026-08-16 01:00:00+00:00,FR,load,22.2,73,0.0,6.27,0.17364817766693033,0.984807753012208,21.9,67,0.0,0.4,0.9702957262759965,0.24192189559966767,21.6,94,0.0,4.13,-0.06975647374412564,0.9975640502598242,18.7,91,0.0,5.35,0.17364817766693033,0.984807753012208,3.099999999999998,open-meteo,2026-08-13T17:17:28+00:00
2026-08-16 02:00:00+00:00,FR,load,21.5,76,0.0,6.09,0.1908089953765448,0.981627183447664,21.4,70,0.0,1.38,-0.06975647374412564,0.9975640502598242,21.4,95,0.0,3.2,-0.6427876096865396,0.7660444431189778,18.0,93,0.0,4.94,0.15643446504023087,0.9876883405951378,2.5749999999999993,open-meteo,2026-08-13T17:17:28+00:00
2026-08-16 03:00:00+00:00,FR,load,20.8,78,0.0,6.43,0.13917310096006544,0.9902680687415704,21.6,70,0.0,3.48,-0.1736481776669304,0.984807753012208,21.2,94,0.0,2.98,-0.9876883405951377,-0.15643446504023104,17.1,95,0.0,4.76,-0.05233595624294437,0.9986295347545738,2.1750000000000043,open-meteo,2026-08-13T17:17:28+00:00
2026-08-16 04:00:00+00:00,FR,load,20.0,82,0.0,6.78,0.1908089953765448,0.981627183447664,21.4,73,0.0,4.13,-0.06975647374412564,0.9975640502598242,21.1,94,0.0,4.49,-0.8090169943749473,-0.5877852522924732,16.5,95,0.0,4.76,-0.05233595624294437,0.9986295347545738,1.75,open-meteo,2026-08-13T17:17:28+00:00
2026-08-16 05:00:00+00:00,FR,load,19.5,86,1.0,6.17,0.3090169943749474,0.9510565162951535,20.9,76,2.0,3.38,0.17364817766693033,0.984807753012208,21.1,96,0.0,4.95,-0.8910065241883678,-0.4539904997395469,16.3,95,2.0,4.95,0.03489949670250097,0.9993908270190958,1.4499999999999993,open-meteo,2026-08-13T17:17:28+00:00
2026-08-16 06:00:00+00:00,FR,load,19.8,85,57.0,6.18,0.25881904510252074,0.9659258262890683,22.1,72,73.0,3.33,0.24192189559966773,0.9702957262759965,21.4,95,15.0,4.42,-0.9975640502598242,-0.06975647374412558,17.6,89,76.0,4.36,0.17364817766693033,0.984807753012208,2.2250000000000014,open-meteo,2026-08-13T17:17:28+00:00
2026-08-16 07:00:00+00:00,FR,load,20.4,81,167.0,5.75,0.39073112848927377,0.9205048534524404,24.2,65,230.0,3.83,0.0697564737441253,0.9975640502598242,21.8,93,92.0,3.63,-0.9986295347545738,0.052335956242943946,19.3,80,219.0,3.35,0.24192189559966773,0.9702957262759965,3.424999999999997,open-meteo,2026-08-13T17:17:28+00:00
2026-08-16 08:00:00+00:00,FR,load,21.4,76,271.0,5.17,0.42261826174069944,0.9063077870366499,25.8,61,402.0,6.39,0.0697564737441253,0.9975640502598242,23.2,86,223.0,3.69,-0.9271838545667874,0.37460659341591196,20.7,71,363.0,3.64,0.35836794954530027,0.9335804264972017,4.775000000000002,open-meteo,2026-08-13T17:17:28+00:00
2026-08-16 09:00:00+00:00,FR,load,23.1,67,441.0,4.95,0.42261826174069944,0.9063077870366499,26.9,57,551.0,6.39,-0.06975647374412564,0.9975640502598242,23.6,83,258.0,3.69,-0.6427876096865396,0.7660444431189778,21.7,64,428.0,3.45,0.374606593415912,0.9271838545667874,5.824999999999999,open-meteo,2026-08-13T17:17:28+00:00
2026-08-16 10:00:00+00:00,FR,load,24.6,60,524.0,4.43,0.42261826174069944,0.9063077870366499,24.3,71,517.0,6.88,-0.29237170472273716,0.9563047559630353,23.0,87,195.0,2.26,-0.8290375725550416,0.559192903470747,22.7,58,515.0,3.01,0.35836794954530027,0.9335804264972017,5.650000000000002,open-meteo,2026-08-13T17:17:28+00:00
2026-08-16 11:00:00+00:00,FR,load,26.3,51,651.0,3.88,0.35836794954530027,0.9335804264972017,26.0,63,536.0,7.25,-0.034899496702500823,0.9993908270190958,24.3,82,322.0,2.64,-0.37460659341591235,0.9271838545667873,23.7,52,623.0,2.87,0.12186934340514748,0.992546151641322,7.074999999999999,open-meteo,2026-08-13T17:17:28+00:00
2026-08-16 12:00:00+00:00,FR,load,27.9,42,786.0,3.57,0.27563735581699916,0.9612616959383189,27.0,57,643.0,5.01,-0.05233595624294437,0.9986295347545738,26.5,73,637.0,2.01,-0.6819983600624983,0.7313537016191707,24.0,50,492.0,3.57,-0.10452846326765342,0.9945218953682733,8.350000000000001,open-meteo,2026-08-13T17:17:28+00:00
2026-08-16 13:00:00+00:00,FR,load,28.8,37,812.0,3.42,0.224951054343865,0.9743700647852352,27.8,54,671.0,4.4,-0.20791169081775987,0.9781476007338056,27.3,69,556.0,2.64,-0.6691306063588581,0.7431448254773942,24.2,48,510.0,3.9,-0.1736481776669304,0.984807753012208,9.025000000000002,open-meteo,2026-08-13T17:17:28+00:00
2026-08-16 14:00:00+00:00,FR,load,29.3,32,764.0,3.73,0.08715574274765817,0.9961946980917455,27.1,57,566.0,5.43,-0.12186934340514723,0.9925461516413221,27.5,68,620.0,3.33,-0.8829475928589271,0.4694715627858904,24.7,45,568.0,4.63,-0.10452846326765342,0.9945218953682733,9.150000000000002,open-meteo,2026-08-13T17:17:28+00:00
2026-08-16 15:00:00+00:00,FR,load,29.5,29,668.0,4.42,-0.06975647374412564,0.9975640502598242,26.3,60,340.0,5.93,0.13917310096006544,0.9902680687415704,27.6,65,458.0,3.92,-0.8480480961564262,0.5299192642332047,24.5,44,487.0,5.12,-0.06975647374412564,0.9975640502598242,8.975000000000001,open-meteo,2026-08-13T17:17:28+00:00
2026-08-16 16:00:00+00:00,FR,load,29.2,26,533.0,4.88,-0.1736481776669304,0.984807753012208,23.7,76,245.0,4.13,-0.06975647374412564,0.9975640502598242,27.7,63,358.0,4.13,-0.8571673007021123,0.5150380749100542,24.0,44,482.0,5.95,-2.4492935982947064e-16,1.0,8.149999999999999,open-meteo,2026-08-13T17:17:28+00:00
2026-08-16 17:00:00+00:00,FR,load,28.5,26,371.0,5.7,-0.06975647374412564,0.9975640502598242,23.1,80,126.0,4.61,0.0697564737441253,0.9975640502598242,27.4,65,265.0,2.89,-0.9135454576426011,0.40673664307579976,22.9,46,302.0,5.43,0.10452846326765347,0.9945218953682733,7.475000000000001,open-meteo,2026-08-13T17:17:28+00:00
2026-08-16 18:00:00+00:00,FR,load,27.4,30,199.0,5.63,0.12186934340514748,0.992546151641322,22.3,84,66.0,4.0,0.1908089953765448,0.981627183447664,26.7,68,130.0,3.68,-0.8746197071393956,0.4848096202463373,22.0,49,181.0,4.75,0.25881904510252074,0.9659258262890683,6.600000000000001,open-meteo,2026-08-13T17:17:28+00:00
2026-08-16 19:00:00+00:00,FR,load,26.1,35,43.0,5.96,0.15643446504023087,0.9876883405951378,21.3,88,9.0,4.17,0.15643446504023087,0.9876883405951378,25.8,73,31.0,3.75,-0.8386705679454243,0.5446390350150266,20.7,53,44.0,4.22,0.24192189559966773,0.9702957262759965,5.475000000000001,open-meteo,2026-08-13T17:17:28+00:00
2026-08-16 20:00:00+00:00,FR,load,24.5,41,0.0,6.21,0.20791169081775934,0.9781476007338057,20.5,91,0.0,4.64,0.12186934340514748,0.992546151641322,24.7,79,0.0,3.84,-0.7880107536067218,0.6156614753256585,19.7,57,0.0,4.29,0.3255681544571567,0.9455185755993168,4.350000000000001,open-meteo,2026-08-13T17:17:28+00:00
2026-08-16 21:00:00+00:00,FR,load,23.0,48,0.0,6.3,0.20791169081775934,0.9781476007338057,19.9,93,0.0,5.02,0.10452846326765347,0.9945218953682733,23.8,84,0.0,4.04,-0.7771459614569708,0.6293203910498375,19.1,61,0.0,3.64,0.35836794954530027,0.9335804264972017,3.450000000000003,open-meteo,2026-08-13T17:17:28+00:00
2026-08-16 22:00:00+00:00,FR,load,21.8,54,0.0,6.12,0.12186934340514748,0.992546151641322,19.6,94,0.0,4.91,0.052335956242943835,0.9986295347545738,23.3,87,0.0,4.1,-0.8386705679454243,0.5446390350150266,18.6,63,0.0,4.28,0.24192189559966773,0.9702957262759965,2.825000000000003,open-meteo,2026-08-13T17:17:28+00:00
2026-08-16 23:00:00+00:00,FR,load,20.7,60,0.0,5.68,0.01745240643728351,0.9998476951563913,19.5,93,0.0,4.7,0.01745240643728351,0.9998476951563913,22.9,89,0.0,4.3,-0.9135454576426011,0.40673664307579976,18.3,66,0.0,4.21,0.3090169943749474,0.9510565162951535,2.3500000000000014,open-meteo,2026-08-13T17:17:28+00:00
