timestamp_utc,country,target,temperature_2m_p1,relative_humidity_2m_p1,shortwave_radiation_p1,wind_speed_100m_ms_p1,wind_dir_sin_p1,wind_dir_cos_p1,temperature_2m_p2,relative_humidity_2m_p2,shortwave_radiation_p2,wind_speed_100m_ms_p2,wind_dir_sin_p2,wind_dir_cos_p2,temperature_2m_p3,relative_humidity_2m_p3,shortwave_radiation_p3,wind_speed_100m_ms_p3,wind_dir_sin_p3,wind_dir_cos_p3,temperature_2m_p4,relative_humidity_2m_p4,shortwave_radiation_p4,wind_speed_100m_ms_p4,wind_dir_sin_p4,wind_dir_cos_p4,deg_proxy,source,updated_at_utc
2026-04-30 00:00:00+00:00,FR,solar,16.9,80,0.0,6.37,0.6691306063588585,-0.743144825477394,11.0,41,0.0,9.89,0.9612616959383189,0.27563735581699916,12.1,36,0.0,9.8,0.992546151641322,0.12186934340514749,14.0,88,0.0,7.22,0.9510565162951536,-0.30901699437494734,4.5,open-meteo,2026-08-08T10:04:01+00:00
2026-04-30 01:00:00+00:00,FR,solar,16.2,84,0.0,6.3,0.5877852522924732,-0.8090169943749473,10.0,43,0.0,10.01,0.9205048534524404,0.3907311284892737,11.0,38,0.0,9.6,0.9993908270190958,-0.034899496702500955,13.6,93,0.0,6.93,0.9205048534524403,-0.39073112848927377,5.299999999999999,open-meteo,2026-08-08T10:04:01+00:00
2026-04-30 02:00:00+00:00,FR,solar,15.9,81,0.0,4.9,0.03489949670250114,-0.9993908270190958,9.2,44,0.0,9.95,0.9455185755993167,0.32556815445715676,10.2,39,0.0,9.6,0.9986295347545738,-0.05233595624294384,13.4,94,0.0,7.04,0.9335804264972017,-0.35836794954530027,5.825000000000001,open-meteo,2026-08-08T10:04:01+00:00
2026-04-30 03:00:00+00:00,FR,solar,15.3,83,0.0,5.61,0.5150380749100544,-0.8571673007021122,8.5,46,0.0,10.13,0.9455185755993167,0.32556815445715676,9.8,41,0.0,9.6,0.9945218953682733,-0.10452846326765355,13.5,93,0.0,5.83,0.90630778703665,-0.42261826174069933,6.225,open-meteo,2026-08-08T10:04:01+00:00
2026-04-30 04:00:00+00:00,FR,solar,15.4,83,0.0,5.97,0.766044443118978,-0.6427876096865394,7.8,47,0.0,9.74,0.9335804264972017,0.3583679495453004,8.8,41,0.0,9.6,0.9993908270190958,-0.034899496702500955,13.3,94,0.0,5.74,0.90630778703665,-0.42261826174069933,6.675000000000001,open-meteo,2026-08-08T10:04:01+00:00
2026-04-30 05:00:00+00:00,FR,solar,15.0,84,0.0,3.63,0.13917310096006533,-0.9902680687415704,7.5,46,15.0,9.68,0.9335804264972017,0.3583679495453004,8.5,41,11.0,10.1,0.9975640502598242,-0.06975647374412533,13.2,94,0.0,3.9,0.90630778703665,-0.42261826174069933,6.949999999999999,open-meteo,2026-08-08T10:04:01+00:00
2026-04-30 06:00:00+00:00,FR,solar,15.4,91,9.3,5.5,0.3255681544571566,-0.9455185755993168,8.4,44,127.0,10.1,0.9205048534524404,0.3907311284892737,9.3,40,124.0,9.4,1.0,6.123233995736766e-17,13.5,95,32.0,1.49,0.39073112848927377,-0.9205048534524404,6.35,open-meteo,2026-08-08T10:04:01+00:00
2026-04-30 07:00:00+00:00,FR,solar,16.5,89,39.4,0.95,0.3090169943749474,0.9510565162951535,9.9,41,297.0,10.77,0.9271838545667874,0.37460659341591196,10.4,40,294.0,9.1,0.9961946980917455,-0.08715574274765824,13.8,94,47.0,1.62,0.24192189559966773,-0.9702957262759965,5.350000000000001,open-meteo,2026-08-08T10:04:01+00:00
2026-04-30 08:00:00+00:00,FR,solar,16.6,87,183.4,4.88,0.39073112848927377,-0.9205048534524404,11.9,38,474.0,10.45,0.9396926207859083,0.3420201433256688,12.4,35,470.0,9.2,0.9961946980917455,-0.08715574274765824,14.6,94,110.0,4.25,0.43837114678907746,0.898794046299167,4.125,open-meteo,2026-08-08T10:04:01+00:00
2026-04-30 09:00:00+00:00,FR,solar,16.7,91,287.8,5.41,0.4226182617406995,-0.9063077870366499,14.1,35,634.0,10.41,0.9205048534524404,0.3907311284892737,14.5,31,630.0,8.9,0.984807753012208,-0.1736481776669303,15.6,92,214.0,3.5,0.9510565162951535,0.30901699437494745,2.7750000000000004,open-meteo,2026-08-08T10:04:01+00:00
2026-04-30 10:00:00+00:00,FR,solar,17.6,89,217.8,2.15,0.37460659341591224,-0.9271838545667873,16.3,32,759.0,10.6,0.9510565162951535,0.30901699437494745,15.9,30,760.0,9.1,0.9902680687415704,-0.13917310096006535,18.0,86,532.0,1.73,0.6819983600624985,0.7313537016191705,1.0499999999999972,open-meteo,2026-08-08T10:04:01+00:00
2026-04-30 11:00:00+00:00,FR,solar,20.3,69,642.7,1.58,-0.5735764363510462,-0.8191520442889918,18.0,27,842.0,11.01,0.9781476007338056,0.20791169081775945,17.5,26,853.0,8.7,0.9876883405951378,-0.1564344650402308,18.7,82,551.0,2.29,0.9396926207859083,0.3420201433256688,0.625,open-meteo,2026-08-08T10:04:01+00:00
2026-04-30 12:00:00+00:00,FR,solar,21.5,61,654.3,3.5,-0.0348994967025009,-0.9993908270190958,18.6,26,875.0,10.59,0.9902680687415704,0.13917310096006547,18.7,22,886.0,8.7,0.9659258262890683,-0.25881904510252085,18.4,82,564.0,2.94,0.8987940462991669,0.43837114678907746,1.2999999999999972,open-meteo,2026-08-08T10:04:01+00:00
2026-04-30 13:00:00+00:00,FR,solar,21.4,60,622.7,4.12,0.48480962024633717,-0.8746197071393957,19.0,25,852.0,10.86,0.992546151641322,0.12186934340514749,19.6,22,871.0,8.9,0.9743700647852352,-0.22495105434386503,17.4,84,294.0,5.17,0.984807753012208,0.17364817766693041,1.3500000000000014,open-meteo,2026-08-08T10:04:01+00:00
2026-04-30 14:00:00+00:00,FR,solar,20.4,65,142.0,5.73,0.4226182617406995,-0.9063077870366499,19.0,24,777.0,11.12,0.9945218953682733,0.10452846326765346,20.0,20,811.0,8.2,0.9781476007338057,-0.20791169081775934,19.4,76,599.0,4.06,0.9902680687415704,0.13917310096006547,1.6999999999999993,open-meteo,2026-08-08T10:04:01+00:00
2026-04-30 15:00:00+00:00,FR,solar,20.2,64,290.9,5.25,0.13917310096006533,-0.9902680687415704,18.8,23,656.0,10.25,0.9945218953682733,0.10452846326765346,20.4,18,693.0,8.2,0.9876883405951378,-0.1564344650402308,17.7,84,588.0,2.35,0.9993908270190958,0.03489949670250108,1.2749999999999986,open-meteo,2026-08-08T10:04:01+00:00
2026-04-30 16:00:00+00:00,FR,solar,20.7,64,493.1,5.05,-0.13917310096006552,-0.9902680687415703,18.2,25,500.0,11.44,0.9945218953682733,0.10452846326765346,20.2,20,545.0,8.5,0.9902680687415704,-0.13917310096006535,16.7,91,132.0,4.61,0.9135454576426009,0.4067366430758002,0.9499999999999993,open-meteo,2026-08-08T10:04:01+00:00
2026-04-30 17:00:00+00:00,FR,solar,20.0,71,313.3,3.03,0.13917310096006533,-0.9902680687415704,17.3,25,323.0,11.64,0.992546151641322,0.12186934340514749,19.3,23,373.0,8.6,0.9702957262759965,-0.24192189559966779,17.2,90,280.0,6.08,0.9659258262890683,0.25881904510252074,0.4499999999999993,open-meteo,2026-08-08T10:04:01+00:00
2026-04-30 18:00:00+00:00,FR,solar,18.9,72,206.8,3.6,1.2246467991473532e-16,-1.0,16.2,25,149.0,10.57,0.992546151641322,0.12186934340514749,18.1,26,192.0,8.2,0.9612616959383189,-0.27563735581699905,16.8,94,166.0,3.45,0.992546151641322,0.12186934340514749,0.5,open-meteo,2026-08-08T10:04:01+00:00
2026-04-30 19:00:00+00:00,FR,solar,18.2,75,51.1,2.36,0.5877852522924732,-0.8090169943749473,14.4,29,21.0,10.59,0.981627183447664,0.19080899537654492,15.5,32,46.0,9.5,0.9659258262890683,-0.25881904510252085,16.1,96,28.0,2.91,0.838670567945424,0.5446390350150271,1.9499999999999993,open-meteo,2026-08-08T10:04:01+00:00
2026-04-30 20:00:00+00:00,FR,solar,16.7,88,0.0,0.95,-0.9510565162951536,0.30901699437494723,13.1,30,0.0,10.32,0.9781476007338056,0.20791169081775945,13.9,34,0.0,10.7,0.9659258262890683,-0.25881904510252085,15.3,95,0.0,4.79,0.9205048534524404,0.3907311284892737,3.25,open-meteo,2026-08-08T10:04:01+00:00
2026-04-30 21:00:00+00:00,FR,solar,15.5,90,0.0,1.02,-0.19080899537654467,0.981627183447664,12.2,32,0.0,10.24,0.984807753012208,0.17364817766693041,12.8,30,0.0,10.0,0.9510565162951536,-0.30901699437494734,15.2,97,0.0,4.95,0.9902680687415704,0.13917310096006547,4.074999999999999,open-meteo,2026-08-08T10:04:01+00:00
2026-04-30 22:00:00+00:00,FR,solar,14.8,96,0.0,2.42,0.12186934340514755,-0.992546151641322,11.3,33,0.0,9.8,0.9902680687415704,0.13917310096006547,11.2,32,0.0,10.3,0.9396926207859084,-0.3420201433256687,15.1,93,0.0,5.19,0.9271838545667874,-0.37460659341591207,4.9,open-meteo,2026-08-08T10:04:01+00:00
2026-04-30 23:00:00+00:00,FR,solar,14.2,96,0.0,3.01,-0.2588190451025208,-0.9659258262890683,10.0,37,0.0,8.58,0.992546151641322,0.12186934340514749,9.9,34,0.0,10.1,0.9563047559630355,-0.29237170472273666,14.4,95,0.0,4.71,0.9335804264972017,-0.35836794954530027,5.875,open-meteo,2026-08-08T10:04:01+00:00
2026-05-01 00:00:00+00:00,FR,solar,13.4,97,0.0,3.61,-0.5591929034707467,-0.8290375725550418,9.3,40,0.0,8.18,0.9945218953682733,0.10452846326765346,9.6,32,0.0,9.3,0.9335804264972017,-0.35836794954530027,14.1,95,0.0,5.14,0.9510565162951536,-0.30901699437494734,6.399999999999999,open-meteo,2026-08-08T10:04:01+00:00
2026-05-01 01:00:00+00:00,FR,solar,13.1,97,0.0,1.7,-0.8829475928589271,0.4694715627858904,8.4,44,0.0,5.83,0.9902680687415704,0.13917310096006547,8.6,36,0.0,9.8,0.9563047559630355,-0.29237170472273666,13.8,96,0.0,4.92,0.9743700647852352,-0.22495105434386503,7.024999999999999,open-meteo,2026-08-08T10:04:01+00:00
2026-05-01 02:00:00+00:00,FR,solar,12.7,96,0.0,0.86,-0.5877852522924734,0.8090169943749473,6.5,50,0.0,5.62,0.9945218953682733,0.10452846326765346,7.8,37,0.0,9.6,0.9205048534524403,-0.39073112848927377,13.7,96,0.0,4.71,0.9975640502598242,-0.06975647374412533,7.824999999999999,open-meteo,2026-08-08T10:04:01+00:00
2026-05-01 03:00:00+00:00,FR,solar,12.5,96,0.0,3.42,0.9659258262890683,0.25881904510252074,5.8,53,0.0,6.11,0.9945218953682733,0.10452846326765346,7.6,35,0.0,9.0,0.9205048534524403,-0.39073112848927377,13.6,96,0.0,5.31,0.9975640502598242,0.06975647374412523,8.125,open-meteo,2026-08-08T10:04:01+00:00
2026-05-01 04:00:00+00:00,FR,solar,12.3,99,0.0,4.56,0.8987940462991669,-0.4383711467890775,4.9,57,0.0,5.79,0.9975640502598242,0.06975647374412523,7.4,41,0.0,9.7,0.9205048534524403,-0.39073112848927377,13.6,96,0.0,6.27,0.9998476951563913,-0.017452406437283477,8.45,open-meteo,2026-08-08T10:04:01+00:00
2026-05-01 05:00:00+00:00,FR,solar,11.9,97,0.0,3.67,0.981627183447664,-0.1908089953765448,4.9,58,16.0,6.21,0.9945218953682733,0.10452846326765346,6.7,40,12.0,10.1,0.9396926207859084,-0.3420201433256687,13.7,94,0.0,7.49,0.981627183447664,-0.1908089953765448,8.7,open-meteo,2026-08-08T10:04:01+00:00
2026-05-01 06:00:00+00:00,FR,solar,13.2,96,47.1,2.92,0.9945218953682733,-0.10452846326765355,7.8,52,129.0,5.1,0.9998476951563913,-0.017452406437283477,8.2,36,122.0,9.6,0.9455185755993168,-0.32556815445715664,14.2,94,31.0,6.47,0.9993908270190958,-0.034899496702500955,7.15,open-meteo,2026-08-08T10:04:01+00:00
2026-05-01 07:00:00+00:00,FR,solar,15.6,94,173.6,3.01,0.9945218953682733,0.10452846326765346,10.7,44,300.0,3.34,0.9986295347545738,-0.05233595624294384,9.6,42,287.0,8.7,0.9335804264972017,-0.35836794954530027,14.9,92,121.0,5.45,0.9902680687415704,-0.13917310096006535,5.300000000000001,open-meteo,2026-08-08T10:04:01+00:00
2026-05-01 08:00:00+00:00,FR,solar,17.6,84,310.2,3.63,0.9902680687415704,-0.13917310096006535,13.3,39,476.0,4.04,0.9945218953682733,0.10452846326765346,11.9,38,454.0,7.3,0.9396926207859084,-0.3420201433256687,16.0,86,218.0,4.69,0.8987940462991669,-0.4383711467890775,3.299999999999999,open-meteo,2026-08-08T10:04:01+00:00
2026-05-01 09:00:00+00:00,FR,solar,19.3,72,506.8,5.0,0.9396926207859084,-0.3420201433256687,16.5,31,636.0,3.63,0.9986295347545738,-0.05233595624294384,14.9,34,606.0,6.5,0.90630778703665,-0.42261826174069933,17.0,82,301.0,3.78,0.8571673007021123,-0.5150380749100543,1.0750000000000028,open-meteo,2026-08-08T10:04:01+00:00
2026-05-01 10:00:00+00:00,FR,solar,20.6,61,661.1,6.93,0.8910065241883679,-0.45399049973954675,19.1,29,755.0,3.26,0.9335804264972017,-0.35836794954530027,17.4,36,733.0,6.1,0.8660254037844387,-0.49999999999999983,17.7,80,263.0,3.95,0.8660254037844387,-0.49999999999999983,0.6999999999999993,open-meteo,2026-08-08T10:04:01+00:00
2026-05-01 11:00:00+00:00,FR,solar,21.6,57,741.5,6.78,0.9271838545667874,-0.37460659341591207,21.0,30,834.0,2.86,0.9271838545667874,-0.37460659341591207,19.2,35,812.0,5.0,0.8090169943749475,-0.587785252292473,18.7,76,414.0,3.07,0.9563047559630355,-0.29237170472273666,2.125,open-meteo,2026-08-08T10:04:01+00:00
2026-05-01 12:00:00+00:00,FR,solar,22.6,54,824.7,6.22,0.8829475928589269,-0.4694715627858909,22.1,31,863.0,3.26,0.9612616959383189,-0.27563735581699905,21.4,30,845.0,5.2,0.7431448254773942,-0.6691306063588582,20.4,71,535.0,3.47,0.9271838545667874,-0.37460659341591207,3.625,open-meteo,2026-08-08T10:04:01+00:00
2026-05-01 13:00:00+00:00,FR,solar,23.3,52,851.5,6.35,0.8829475928589269,-0.4694715627858909,23.3,30,843.0,3.07,0.9271838545667874,-0.37460659341591207,22.3,34,830.0,3.3,0.3420201433256689,-0.9396926207859083,21.1,66,568.0,4.19,0.9335804264972017,-0.35836794954530027,4.5,open-meteo,2026-08-08T10:04:01+00:00
2026-05-01 14:00:00+00:00,FR,solar,23.8,52,767.7,5.48,0.788010753606722,-0.6156614753256583,23.9,28,769.0,2.37,0.8660254037844387,-0.49999999999999983,22.7,36,765.0,3.4,0.48480962024633717,-0.8746197071393957,21.6,65,583.0,4.21,0.90630778703665,-0.42261826174069933,5.0,open-meteo,2026-08-08T10:04:01+00:00
2026-05-01 15:00:00+00:00,FR,solar,24.4,50,679.8,5.28,0.7986355100472927,-0.6018150231520484,24.0,26,650.0,2.83,0.8290375725550417,-0.5591929034707467,23.5,41,644.0,2.8,0.37460659341591224,-0.9271838545667873,21.5,69,556.0,4.99,0.9612616959383189,-0.27563735581699905,5.350000000000001,open-meteo,2026-08-08T10:04:01+00:00
2026-05-01 16:00:00+00:00,FR,solar,24.3,51,530.9,6.08,0.8090169943749475,-0.587785252292473,23.8,25,497.0,2.71,0.9743700647852352,-0.22495105434386503,23.3,37,502.0,2.2,0.5735764363510459,-0.8191520442889919,21.9,63,471.0,5.44,0.9702957262759965,-0.24192189559966779,5.325000000000003,open-meteo,2026-08-08T10:04:01+00:00
2026-05-01 17:00:00+00:00,FR,solar,24.1,53,387.3,6.28,0.8571673007021123,-0.5150380749100543,23.0,25,325.0,4.13,0.9961946980917455,-0.08715574274765824,22.5,48,344.0,3.1,1.0,6.123233995736766e-17,20.6,58,274.0,7.98,0.90630778703665,-0.42261826174069933,4.549999999999997,open-meteo,2026-08-08T10:04:01+00:00
2026-05-01 18:00:00+00:00,FR,solar,22.4,64,172.6,5.33,0.766044443118978,-0.6427876096865394,21.0,30,150.0,5.61,0.9961946980917455,-0.08715574274765824,21.2,70,174.0,1.5,0.8660254037844387,-0.49999999999999983,19.2,55,156.0,7.84,0.9396926207859084,-0.3420201433256687,2.9499999999999993,open-meteo,2026-08-08T10:04:01+00:00
2026-05-01 19:00:00+00:00,FR,solar,20.9,70,54.6,5.27,0.838670567945424,-0.5446390350150272,18.5,36,22.0,7.21,0.9925461516413221,-0.12186934340514737,17.7,73,41.0,4.0,0.9335804264972017,-0.35836794954530027,17.2,53,46.0,9.14,0.9455185755993168,-0.32556815445715664,0.5749999999999993,open-meteo,2026-08-08T10:04:01+00:00
2026-05-01 20:00:00+00:00,FR,solar,19.8,73,0.0,6.14,0.7986355100472927,-0.6018150231520484,15.6,44,0.0,5.93,0.9271838545667874,-0.37460659341591207,16.4,74,0.0,7.9,-0.17364817766693047,-0.984807753012208,15.4,52,0.0,9.88,0.9510565162951536,-0.30901699437494734,1.1999999999999993,open-meteo,2026-08-08T10:04:01+00:00
2026-05-01 21:00:00+00:00,FR,solar,18.9,63,0.0,6.84,0.788010753606722,-0.6156614753256583,13.5,61,0.0,2.8,0.8090169943749475,-0.587785252292473,14.4,95,0.0,5.1,-0.6293203910498376,-0.7771459614569708,14.1,60,0.0,9.57,0.9205048534524403,-0.39073112848927377,2.7750000000000004,open-meteo,2026-08-08T10:04:01+00:00
2026-05-01 22:00:00+00:00,FR,solar,18.1,53,0.0,6.44,0.6946583704589971,-0.7193398003386513,13.7,57,0.0,2.37,0.6156614753256584,-0.7880107536067219,14.3,95,0.0,3.8,-0.6819983600624984,-0.7313537016191706,13.2,66,0.0,9.24,0.9335804264972017,-0.35836794954530027,3.1750000000000007,open-meteo,2026-08-08T10:04:01+00:00
2026-05-01 23:00:00+00:00,FR,solar,17.1,54,0.0,5.95,0.7547095802227721,-0.6560590289905072,10.6,71,0.0,3.5,-0.9510565162951535,-0.30901699437494756,14.8,90,0.0,8.8,0.3090169943749475,-0.9510565162951535,12.5,72,0.0,8.93,0.9335804264972017,-0.35836794954530027,4.25,open-meteo,2026-08-08T10:04:01+00:00
2026-05-02 00:00:00+00:00,FR,solar,16.7,51,0.0,5.2,0.788010753606722,-0.6156614753256583,8.9,87,0.0,2.36,-0.29237170472273677,-0.9563047559630354,12.9,96,0.0,4.7,-0.2079116908177595,-0.9781476007338056,12.0,80,0.0,8.68,0.90630778703665,-0.42261826174069933,5.375,open-meteo,2026-08-08T10:04:01+00:00
2026-05-02 01:00:00+00:00,FR,solar,15.3,53,0.0,5.68,0.8829475928589269,-0.4694715627858909,8.4,88,0.0,3.25,-0.08715574274765794,-0.9961946980917455,13.2,99,0.0,5.8,-0.2079116908177595,-0.9781476007338056,11.6,84,0.0,8.68,0.90630778703665,-0.42261826174069933,5.874999999999998,open-meteo,2026-08-08T10:04:01+00:00
2026-05-02 02:00:00+00:00,FR,solar,14.7,56,0.0,4.98,0.788010753606722,-0.6156614753256583,8.5,83,0.0,5.5,-0.19080899537654472,-0.981627183447664,13.6,95,0.0,6.3,-0.06975647374412527,-0.9975640502598242,11.4,88,0.0,9.04,0.9205048534524403,-0.39073112848927377,5.950000000000001,open-meteo,2026-08-08T10:04:01+00:00
2026-05-02 03:00:00+00:00,FR,solar,14.1,61,0.0,5.64,0.7986355100472927,-0.6018150231520484,7.2,89,0.0,3.64,-0.8090169943749473,-0.5877852522924732,11.9,100,0.0,5.0,-0.2588190451025208,-0.9659258262890683,11.6,91,0.0,9.16,0.8910065241883679,-0.45399049973954675,6.799999999999999,open-meteo,2026-08-08T10:04:01+00:00
2026-05-02 04:00:00+00:00,FR,solar,13.8,66,0.0,5.16,0.7193398003386511,-0.6946583704589974,7.5,86,0.0,2.59,-0.4226182617406993,-0.90630778703665,10.7,99,0.0,1.8,-0.4539904997395467,-0.8910065241883679,11.7,93,0.0,8.72,0.8987940462991669,-0.4383711467890775,7.074999999999999,open-meteo,2026-08-08T10:04:01+00:00
2026-05-02 05:00:00+00:00,FR,solar,13.4,72,0.0,5.09,0.7071067811865476,-0.7071067811865475,7.9,89,13.0,1.52,-0.9659258262890683,-0.25881904510252063,11.5,100,10.0,2.8,0.01745240643728344,-0.9998476951563913,11.8,94,0.0,8.59,0.8910065241883679,-0.45399049973954675,6.850000000000001,open-meteo,2026-08-08T10:04:01+00:00
2026-05-02 06:00:00+00:00,FR,solar,13.8,77,35.5,5.8,0.5877852522924732,-0.8090169943749473,10.0,83,116.0,2.94,-0.0348994967025009,-0.9993908270190958,12.6,100,99.0,7.0,-0.39073112848927355,-0.9205048534524404,13.0,92,41.0,7.58,0.90630778703665,-0.42261826174069933,5.65,open-meteo,2026-08-08T10:04:01+00:00
2026-05-02 07:00:00+00:00,FR,solar,14.9,76,123.3,4.1,0.2249510543438652,-0.9743700647852351,15.3,65,279.0,3.58,0.15643446504023098,-0.9876883405951377,15.2,91,268.0,3.0,-0.6018150231520484,-0.7986355100472928,14.1,89,156.0,5.61,0.90630778703665,-0.42261826174069933,3.1249999999999982,open-meteo,2026-08-08T10:04:01+00:00
2026-05-02 08:00:00+00:00,FR,solar,15.4,83,148.7,5.09,0.7071067811865476,-0.7071067811865475,18.5,59,449.0,4.42,0.2249510543438652,-0.9743700647852351,16.4,88,391.0,1.3,0.48480962024633717,-0.8746197071393957,15.5,86,310.0,4.28,0.9396926207859084,-0.3420201433256687,1.5500000000000007,open-meteo,2026-08-08T10:04:01+00:00
2026-05-02 09:00:00+00:00,FR,solar,16.8,80,242.3,2.91,-0.275637355816999,-0.9612616959383189,20.7,52,608.0,5.32,0.10452846326765373,-0.9945218953682733,18.9,79,539.0,2.2,-0.0348994967025009,-0.9993908270190958,17.2,83,370.0,3.85,0.9659258262890683,-0.25881904510252085,0.3999999999999986,open-meteo,2026-08-08T10:04:01+00:00
2026-05-02 10:00:00+00:00,FR,solar,17.0,80,305.6,5.19,0.766044443118978,-0.6427876096865394,22.8,45,724.0,6.03,-0.12186934340514731,-0.9925461516413221,20.2,71,302.0,1.8,0.6293203910498374,-0.7771459614569709,18.6,80,435.0,2.73,0.9659258262890683,-0.25881904510252085,1.6499999999999986,open-meteo,2026-08-08T10:04:01+00:00
2026-05-02 11:00:00+00:00,FR,solar,18.0,81,382.1,4.18,0.7431448254773942,-0.6691306063588582,24.5,39,806.0,6.75,-0.15643446504023073,-0.9876883405951378,21.0,66,417.0,3.0,0.37460659341591224,-0.9271838545667873,20.6,74,605.0,2.65,0.9975640502598242,-0.06975647374412533,3.0249999999999986,open-meteo,2026-08-08T10:04:01+00:00
2026-05-02 12:00:00+00:00,FR,solar,17.6,90,295.3,5.71,0.9975640502598242,0.06975647374412523,25.3,35,838.0,6.63,-0.22495105434386498,-0.9743700647852352,21.3,65,750.0,3.0,0.6560590289905073,-0.754709580222772,22.1,69,843.0,3.92,0.9998476951563913,-0.017452406437283477,3.575000000000003,open-meteo,2026-08-08T10:04:01+00:00
2026-05-02 13:00:00+00:00,FR,solar,20.5,67,552.7,3.8,0.8191520442889917,-0.5735764363510462,25.8,28,783.0,7.39,-0.2588190451025208,-0.9659258262890683,23.0,57,809.0,4.3,0.3255681544571566,-0.9455185755993168,22.3,64,632.0,3.73,0.9986295347545738,0.052335956242943966,4.899999999999999,open-meteo,2026-08-08T10:04:01+00:00
2026-05-02 14:00:00+00:00,FR,solar,19.6,81,364.2,1.14,-0.7880107536067221,-0.6156614753256581,25.8,29,686.0,7.38,-0.29237170472273677,-0.9563047559630354,22.9,60,588.0,4.3,0.3583679495453002,-0.9335804264972017,22.6,62,544.0,2.56,0.992546151641322,0.12186934340514749,4.725000000000001,open-meteo,2026-08-08T10:04:01+00:00
2026-05-02 15:00:00+00:00,FR,solar,18.5,80,266.2,1.8,-0.9986295347545738,-0.052335956242944306,25.7,23,606.0,7.69,-0.29237170472273677,-0.9563047559630354,23.4,50,471.0,5.2,0.19080899537654497,-0.9816271834476639,23.0,55,480.0,2.94,0.9993908270190958,-0.034899496702500955,4.649999999999999,open-meteo,2026-08-08T10:04:01+00:00
2026-05-02 16:00:00+00:00,FR,solar,17.8,82,142.7,1.02,-0.9816271834476639,0.1908089953765451,25.1,26,486.0,8.65,-0.275637355816999,-0.9612616959383189,23.3,41,481.0,6.0,-0.43837114678907746,-0.8987940462991669,22.4,57,317.0,1.96,0.9986295347545738,0.052335956242943966,4.149999999999999,open-meteo,2026-08-08T10:04:01+00:00
2026-05-02 17:00:00+00:00,FR,solar,17.5,80,71.0,2.64,0.42261826174069944,0.9063077870366499,24.0,25,313.0,8.37,-0.3090169943749473,-0.9510565162951536,21.9,63,234.0,3.7,-0.19080899537654472,-0.981627183447664,19.0,78,110.0,7.46,-0.24192189559966787,0.9702957262759965,2.6000000000000014,open-meteo,2026-08-08T10:04:01+00:00
2026-05-02 18:00:00+00:00,FR,solar,16.2,88,49.4,3.55,0.9271838545667874,-0.37460659341591207,21.7,31,137.0,7.68,-0.32556815445715676,-0.9455185755993167,21.1,72,133.0,3.3,-0.5735764363510462,-0.8191520442889918,16.2,94,42.0,5.95,-0.544639035015027,0.838670567945424,0.8000000000000007,open-meteo,2026-08-08T10:04:01+00:00
2026-05-02 19:00:00+00:00,FR,solar,15.8,93,14.7,5.18,0.984807753012208,-0.1736481776669303,18.9,38,21.0,7.58,-0.2419218955996675,-0.9702957262759965,18.7,67,28.0,3.9,-0.7313537016191703,-0.6819983600624986,15.8,97,15.0,5.48,0.4067366430758002,0.9135454576426009,0.6999999999999993,open-meteo,2026-08-08T10:04:01+00:00
2026-05-02 20:00:00+00:00,FR,solar,16.0,96,0.0,5.73,0.7313537016191706,-0.6819983600624984,16.8,45,0.0,7.33,-0.13917310096006552,-0.9902680687415703,17.3,71,0.0,7.8,-0.6946583704589974,-0.7193398003386511,15.3,96,0.0,7.81,0.9135454576426009,0.4067366430758002,1.6500000000000021,open-meteo,2026-08-08T10:04:01+00:00
2026-05-02 21:00:00+00:00,FR,solar,15.7,98,0.0,6.22,0.6946583704589971,-0.7193398003386513,15.1,51,0.0,8.33,-0.15643446504023073,-0.9876883405951378,16.9,77,0.0,3.8,-0.9659258262890684,0.2588190451025203,15.4,97,0.0,7.45,1.0,6.123233995736766e-17,2.2250000000000014,open-meteo,2026-08-08T10:04:01+00:00
2026-05-02 22:00:00+00:00,FR,solar,15.1,94,0.0,7.77,0.529919264233205,-0.848048096156426,14.7,51,0.0,8.4,-0.12186934340514731,-0.9925461516413221,16.2,82,0.0,4.1,-0.7193398003386512,0.6946583704589973,15.4,95,0.0,6.42,0.9335804264972017,-0.35836794954530027,2.6500000000000004,open-meteo,2026-08-08T10:04:01+00:00
2026-05-02 23:00:00+00:00,FR,solar,14.9,95,0.0,5.99,0.5446390350150273,-0.8386705679454239,15.2,50,0.0,8.06,-0.275637355816999,-0.9612616959383189,15.9,71,0.0,3.4,-0.8746197071393956,0.4848096202463373,15.1,94,0.0,3.55,0.777145961456971,-0.6293203910498373,2.7249999999999996,open-meteo,2026-08-08T10:04:01+00:00
2026-05-03 00:00:00+00:00,FR,solar,14.8,95,0.0,5.25,0.5150380749100544,-0.8571673007021122,15.0,49,0.0,9.19,-0.12186934340514731,-0.9925461516413221,14.7,84,0.0,5.9,-0.9945218953682734,-0.10452846326765336,14.9,94,0.0,3.89,0.7547095802227721,-0.6560590289905072,3.1500000000000004,open-meteo,2026-08-08T10:04:01+00:00
2026-05-03 01:00:00+00:00,FR,solar,14.9,97,0.0,4.24,0.13917310096006533,-0.9902680687415704,15.1,50,0.0,8.67,-0.1045284632676535,-0.9945218953682733,14.6,89,0.0,4.0,0.10452846326765373,-0.9945218953682733,14.5,93,0.0,4.82,0.788010753606722,-0.6156614753256583,3.2249999999999996,open-meteo,2026-08-08T10:04:01+00:00
2026-05-03 02:00:00+00:00,FR,solar,14.5,96,0.0,3.31,0.48480962024633717,-0.8746197071393957,14.8,55,0.0,8.64,-0.052335956242943564,-0.9986295347545738,14.5,79,0.0,5.1,-0.6946583704589974,-0.7193398003386511,14.2,92,0.0,4.79,0.8571673007021123,-0.5150380749100543,3.5,open-meteo,2026-08-08T10:04:01+00:00
2026-05-03 03:00:00+00:00,FR,solar,14.6,96,0.0,2.45,0.20791169081775931,-0.9781476007338057,14.2,56,0.0,8.04,0.05233595624294381,-0.9986295347545738,13.8,89,0.0,5.4,-0.6293203910498376,-0.7771459614569708,13.5,94,0.0,4.43,0.90630778703665,-0.42261826174069933,3.9750000000000014,open-meteo,2026-08-08T10:04:01+00:00
2026-05-03 04:00:00+00:00,FR,solar,14.4,98,0.0,3.96,-0.17364817766693047,-0.984807753012208,13.2,56,0.0,9.51,-0.0348994967025009,-0.9993908270190958,13.4,93,0.0,6.7,-0.587785252292473,-0.8090169943749475,13.1,94,0.0,4.35,0.9205048534524403,-0.39073112848927377,4.475,open-meteo,2026-08-08T10:04:01+00:00
2026-05-03 05:00:00+00:00,FR,solar,14.3,98,0.0,3.24,0.15643446504023098,-0.9876883405951377,13.1,58,9.0,8.73,-0.052335956242943564,-0.9986295347545738,13.7,84,6.0,7.3,-0.7660444431189779,-0.6427876096865395,12.7,95,0.0,3.95,0.9205048534524403,-0.39073112848927377,4.550000000000001,open-meteo,2026-08-08T10:04:01+00:00
2026-05-03 06:00:00+00:00,FR,solar,14.3,98,31.6,3.57,0.19080899537654497,-0.9816271834476639,13.9,56,73.0,7.97,-0.08715574274765794,-0.9961946980917455,13.8,90,33.0,5.5,-0.5591929034707467,-0.8290375725550418,13.1,94,35.0,4.17,0.8660254037844387,-0.49999999999999983,4.225,open-meteo,2026-08-08T10:04:01+00:00
2026-05-03 07:00:00+00:00,FR,solar,15.0,96,140.6,3.7,-0.0348994967025009,-0.9993908270190958,15.1,54,215.0,7.83,-0.15643446504023073,-0.9876883405951378,14.9,90,17.0,3.7,-0.587785252292473,-0.8090169943749475,14.2,92,146.0,4.7,0.9205048534524403,-0.39073112848927377,3.1999999999999993,open-meteo,2026-08-08T10:04:01+00:00
2026-05-03 08:00:00+00:00,FR,solar,16.4,90,283.4,4.44,-0.13917310096006552,-0.9902680687415703,16.3,50,336.0,7.39,-0.2588190451025208,-0.9659258262890683,13.6,97,11.0,6.0,-0.374606593415912,-0.9271838545667874,15.9,88,331.0,2.63,0.8910065241883679,-0.45399049973954675,2.4499999999999993,open-meteo,2026-08-08T10:04:01+00:00
2026-05-03 09:00:00+00:00,FR,solar,18.1,81,517.0,3.14,-0.7986355100472928,-0.6018150231520483,17.9,42,405.0,7.04,-0.35836794954530043,-0.9335804264972016,13.7,97,13.0,5.4,0.01745240643728344,-0.9998476951563913,17.1,84,513.0,3.32,0.9455185755993168,-0.32556815445715664,1.2999999999999972,open-meteo,2026-08-08T10:04:01+00:00
2026-05-03 10:00:00+00:00,FR,solar,19.6,73,627.9,4.58,-0.5299192642332048,-0.8480480961564261,19.7,40,457.0,4.62,-0.5299192642332048,-0.8480480961564261,13.7,96,81.0,6.5,-0.17364817766693047,-0.984807753012208,18.0,81,521.0,3.69,0.9271838545667874,-0.37460659341591207,0.25,open-meteo,2026-08-08T10:04:01+00:00
2026-05-03 11:00:00+00:00,FR,solar,20.1,72,565.0,3.41,-0.08715574274765794,-0.9961946980917455,21.7,36,739.0,4.67,-0.5446390350150271,-0.838670567945424,15.0,88,133.0,5.6,-0.052335956242943564,-0.9986295347545738,19.2,75,633.0,4.16,0.9902680687415704,-0.13917310096006535,1.0,open-meteo,2026-08-08T10:04:01+00:00
2026-05-03 12:00:00+00:00,FR,solar,19.9,65,478.4,4.42,-0.7880107536067221,-0.6156614753256581,21.0,39,716.0,5.14,-0.8191520442889916,-0.5735764363510464,15.5,83,294.0,6.0,-0.32556815445715676,-0.9455185755993167,19.0,74,674.0,3.05,0.9945218953682733,0.10452846326765346,0.8500000000000014,open-meteo,2026-08-08T10:04:01+00:00
2026-05-03 13:00:00+00:00,FR,solar,17.5,83,517.7,2.76,-0.7193398003386512,-0.6946583704589973,17.7,52,345.0,6.38,-0.9816271834476639,0.1908089953765451,14.1,90,122.0,6.0,-0.052335956242943564,-0.9986295347545738,20.5,65,630.0,2.79,0.9510565162951535,0.30901699437494745,0.5499999999999972,open-meteo,2026-08-08T10:04:01+00:00
2026-05-03 14:00:00+00:00,FR,solar,19.1,83,250.8,2.62,-0.6427876096865393,-0.766044443118978,16.6,61,165.0,4.27,-0.9876883405951377,-0.15643446504023104,15.5,83,408.0,4.9,-0.0348994967025009,-0.9993908270190958,20.2,70,437.0,3.64,0.9961946980917455,-0.08715574274765824,0.14999999999999858,open-meteo,2026-08-08T10:04:01+00:00
2026-05-03 15:00:00+00:00,FR,solar,20.7,64,648.3,4.49,-0.9563047559630353,-0.2923717047227371,17.1,56,144.0,3.86,-0.5000000000000001,-0.8660254037844386,16.7,76,486.0,5.5,1.2246467991473532e-16,-1.0,19.8,70,293.0,2.95,0.9659258262890683,-0.25881904510252085,0.5749999999999993,open-meteo,2026-08-08T10:04:01+00:00
2026-05-03 16:00:00+00:00,FR,solar,20.1,63,219.3,4.1,-0.9998476951563913,0.01745240643728313,16.7,62,183.0,5.44,-0.39073112848927355,-0.9205048534524404,16.6,84,341.0,3.8,1.2246467991473532e-16,-1.0,16.5,90,131.0,1.61,0.788010753606722,-0.6156614753256583,0.5249999999999986,open-meteo,2026-08-08T10:04:01+00:00
2026-05-03 17:00:00+00:00,FR,solar,19.4,69,177.5,1.88,-0.90630778703665,-0.42261826174069916,16.6,66,195.0,3.46,-0.13917310096006552,-0.9902680687415703,17.6,74,236.0,5.8,-0.12186934340514731,-0.9925461516413221,17.2,87,138.0,0.84,0.9335804264972017,0.3583679495453004,0.3000000000000007,open-meteo,2026-08-08T10:04:01+00:00
2026-05-03 18:00:00+00:00,FR,solar,18.5,73,62.5,4.14,-0.7986355100472932,0.6018150231520479,17.1,45,91.0,8.15,-0.43837114678907746,-0.8987940462991669,16.8,80,47.0,5.2,0.03489949670250114,-0.9993908270190958,14.9,89,74.0,6.5,0.8571673007021123,0.5150380749100542,1.1749999999999972,open-meteo,2026-08-08T10:04:01+00:00
2026-05-03 19:00:00+00:00,FR,solar,16.2,95,16.2,4.34,-0.43837114678907746,-0.8987940462991669,14.5,54,25.0,6.56,-0.6156614753256582,-0.788010753606722,15.9,87,45.0,5.7,0.2923717047227366,-0.9563047559630355,14.7,96,16.0,4.52,0.9975640502598242,-0.06975647374412533,2.6750000000000007,open-meteo,2026-08-08T10:04:01+00:00
2026-05-03 20:00:00+00:00,FR,solar,16.3,93,0.0,4.49,0.529919264233205,-0.848048096156426,12.5,64,0.0,3.94,-0.4539904997395467,-0.8910065241883679,14.9,89,0.0,7.9,-0.052335956242943564,-0.9986295347545738,14.2,95,0.0,5.93,0.9271838545667874,0.37460659341591196,3.5249999999999986,open-meteo,2026-08-08T10:04:01+00:00
2026-05-03 21:00:00+00:00,FR,solar,16.2,92,0.0,4.11,0.9975640502598242,-0.06975647374412533,10.5,80,0.0,5.08,-0.32556815445715676,-0.9455185755993167,14.5,90,0.0,5.2,-0.13917310096006552,-0.9902680687415703,13.9,95,0.0,6.26,0.9563047559630354,0.29237170472273677,4.225,open-meteo,2026-08-08T10:04:01+00:00
2026-05-03 22:00:00+00:00,FR,solar,15.3,94,0.0,4.6,0.8290375725550417,-0.5591929034707467,10.8,74,0.0,5.27,-0.17364817766693047,-0.984807753012208,14.3,97,0.0,5.4,-0.6018150231520484,-0.7986355100472928,13.7,97,0.0,6.89,0.9659258262890683,0.25881904510252074,4.474999999999998,open-meteo,2026-08-08T10:04:01+00:00
2026-05-03 23:00:00+00:00,FR,solar,15.0,95,0.0,6.24,0.8480480961564261,-0.5299192642332048,10.4,73,0.0,5.81,-0.1045284632676535,-0.9945218953682733,12.8,96,0.0,5.7,-0.6946583704589974,-0.7193398003386511,13.9,98,0.0,6.96,1.0,6.123233995736766e-17,4.975,open-meteo,2026-08-08T10:04:01+00:00
2026-05-04 00:00:00+00:00,FR,solar,14.8,96,0.0,5.1,0.8191520442889917,-0.5735764363510462,10.1,71,0.0,4.4,-0.29237170472273677,-0.9563047559630354,13.6,89,0.0,2.4,-0.0348994967025009,-0.9993908270190958,13.9,97,0.0,4.93,0.9335804264972017,-0.35836794954530027,4.9,open-meteo,2026-08-08T10:04:01+00:00
2026-05-04 01:00:00+00:00,FR,solar,13.7,95,0.0,6.06,0.788010753606722,-0.6156614753256583,9.4,75,0.0,3.16,-0.12186934340514731,-0.9925461516413221,12.7,98,0.0,4.7,-0.5150380749100542,-0.8571673007021123,13.8,95,0.0,4.13,0.8571673007021123,-0.5150380749100543,5.600000000000001,open-meteo,2026-08-08T10:04:01+00:00
2026-05-04 02:00:00+00:00,FR,solar,14.1,96,0.0,5.0,0.9612616959383189,-0.27563735581699905,9.0,78,0.0,2.26,-0.0348994967025009,-0.9993908270190958,11.7,100,0.0,4.2,-0.19080899537654472,-0.981627183447664,13.7,96,0.0,3.84,0.788010753606722,-0.6156614753256583,5.875,open-meteo,2026-08-08T10:04:01+00:00
2026-05-04 03:00:00+00:00,FR,solar,14.0,95,0.0,2.69,0.37460659341591224,-0.9271838545667873,7.1,92,0.0,3.86,0.40673664307580043,-0.9135454576426008,12.8,99,0.0,4.4,-0.656059028990507,-0.7547095802227721,13.3,97,0.0,2.57,0.766044443118978,-0.6427876096865394,6.199999999999999,open-meteo,2026-08-08T10:04:01+00:00
2026-05-04 04:00:00+00:00,FR,solar,14.1,95,0.0,1.63,0.7313537016191706,-0.6819983600624984,7.9,88,0.0,4.02,0.01745240643728344,-0.9998476951563913,12.3,100,0.0,4.1,-0.7986355100472928,-0.6018150231520483,13.1,97,0.0,1.0,0.19080899537654497,-0.9816271834476639,6.15,open-meteo,2026-08-08T10:04:01+00:00
2026-05-04 05:00:00+00:00,FR,solar,14.0,94,0.0,1.34,0.45399049973954686,-0.8910065241883678,9.1,84,11.0,4.32,-0.052335956242943564,-0.9986295347545738,11.5,98,4.0,2.8,-0.17364817766693047,-0.984807753012208,12.8,99,0.0,0.79,-0.5000000000000001,-0.8660254037844386,6.149999999999999,open-meteo,2026-08-08T10:04:01+00:00
2026-05-04 06:00:00+00:00,FR,solar,13.8,95,23.7,3.14,-0.5150380749100542,-0.8571673007021123,11.6,76,89.0,4.52,-0.06975647374412527,-0.9975640502598242,12.6,96,24.0,3.8,0.788010753606722,-0.6156614753256583,13.4,98,39.0,1.85,-0.848048096156426,-0.529919264233205,5.15,open-meteo,2026-08-08T10:04:01+00:00
2026-05-04 07:00:00+00:00,FR,solar,14.2,95,70.2,0.73,-0.9612616959383188,0.2756373558169994,13.8,69,212.0,4.91,-0.052335956242943564,-0.9986295347545738,12.2,100,54.0,2.9,0.8746197071393959,-0.484809620246337,14.9,92,129.0,3.33,-0.882947592858927,-0.46947156278589075,4.225,open-meteo,2026-08-08T10:04:01+00:00
2026-05-04 08:00:00+00:00,FR,solar,14.4,94,78.1,1.12,0.4539904997395468,0.8910065241883679,14.8,64,213.0,3.88,-0.17364817766693047,-0.984807753012208,12.6,98,128.0,2.5,-0.1045284632676535,-0.9945218953682733,16.0,86,272.0,3.43,-0.7986355100472928,-0.6018150231520483,3.549999999999999,open-meteo,2026-08-08T10:04:01+00:00
2026-05-04 09:00:00+00:00,FR,solar,15.5,87,315.6,1.7,-2.4492935982947064e-16,1.0,16.1,61,201.0,6.63,-0.32556815445715676,-0.9455185755993167,14.3,97,165.0,2.7,0.6560590289905073,-0.754709580222772,16.6,83,465.0,4.24,-0.8290375725550418,-0.5591929034707466,2.3749999999999982,open-meteo,2026-08-08T10:04:01+00:00
2026-05-04 10:00:00+00:00,FR,solar,16.9,81,459.1,2.84,-0.7771459614569708,0.6293203910498375,16.3,64,262.0,4.3,-0.2079116908177595,-0.9781476007338056,14.8,92,119.0,1.9,0.9510565162951536,-0.30901699437494734,17.5,78,590.0,4.86,-0.882947592858927,-0.46947156278589075,1.625,open-meteo,2026-08-08T10:04:01+00:00
2026-05-04 11:00:00+00:00,FR,solar,16.8,78,543.2,4.96,-0.6691306063588581,0.7431448254773944,16.9,57,303.0,6.35,-0.29237170472273677,-0.9563047559630354,14.3,98,216.0,1.6,0.9781476007338057,-0.20791169081775934,18.1,76,720.0,4.8,-0.9563047559630353,-0.2923717047227371,1.4750000000000014,open-meteo,2026-08-08T10:04:01+00:00
2026-05-04 12:00:00+00:00,FR,solar,18.1,73,645.8,3.45,-0.1736481776669304,0.984807753012208,16.0,61,236.0,5.74,-0.13917310096006552,-0.9902680687415703,14.4,94,59.0,2.0,0.4383711467890773,-0.898794046299167,17.4,72,580.0,6.2,-0.9961946980917455,-0.08715574274765825,1.5249999999999986,open-meteo,2026-08-08T10:04:01+00:00
2026-05-04 13:00:00+00:00,FR,solar,16.9,77,476.9,4.56,-0.6156614753256582,0.7880107536067221,15.9,64,151.0,5.35,0.13917310096006533,-0.9902680687415704,15.1,92,192.0,1.9,0.6560590289905073,-0.754709580222772,15.3,88,120.0,7.76,-0.9975640502598243,0.06975647374412522,2.1999999999999993,open-meteo,2026-08-08T10:04:01+00:00
2026-05-04 14:00:00+00:00,FR,solar,16.2,87,279.3,3.5,-0.6018150231520483,0.7986355100472928,17.1,59,275.0,5.6,-0.06975647374412527,-0.9975640502598242,13.7,98,362.0,2.4,0.9335804264972017,-0.35836794954530027,16.9,77,378.0,6.33,-0.9902680687415704,0.13917310096006547,2.0250000000000004,open-meteo,2026-08-08T10:04:01+00:00
2026-05-04 15:00:00+00:00,FR,solar,16.3,85,177.5,6.66,-0.4383711467890778,0.8987940462991668,16.3,61,162.0,6.56,-0.15643446504023073,-0.9876883405951378,16.0,80,152.0,2.3,0.7986355100472927,-0.6018150231520484,16.0,78,377.0,7.62,-0.9902680687415704,0.13917310096006547,1.8500000000000014,open-meteo,2026-08-08T10:04:01+00:00
2026-05-04 16:00:00+00:00,FR,solar,16.7,74,253.1,5.66,-0.6946583704589976,0.7193398003386509,16.3,62,98.0,8.25,-0.22495105434386498,-0.9743700647852352,15.9,83,228.0,3.7,0.9702957262759965,-0.24192189559966779,15.2,81,155.0,7.77,-0.9205048534524405,0.3907311284892735,1.9750000000000014,open-meteo,2026-08-08T10:04:01+00:00
2026-05-04 17:00:00+00:00,FR,solar,16.4,72,368.1,5.12,-0.7771459614569708,0.6293203910498375,16.0,65,81.0,6.84,-0.4067366430758002,-0.9135454576426009,14.9,89,275.0,2.3,0.7547095802227721,-0.6560590289905072,14.8,84,114.0,7.07,-0.9563047559630354,0.2923717047227367,2.4750000000000014,open-meteo,2026-08-08T10:04:01+00:00
2026-05-04 18:00:00+00:00,FR,solar,15.0,74,210.8,6.24,-0.8191520442889918,0.573576436351046,15.5,68,50.0,6.49,-0.2588190451025208,-0.9659258262890683,15.5,85,139.0,2.9,0.9510565162951536,-0.30901699437494734,14.4,85,91.0,7.13,-0.9335804264972017,0.3583679495453004,2.9000000000000004,open-meteo,2026-08-08T10:04:01+00:00
2026-05-04 19:00:00+00:00,FR,solar,14.4,79,63.9,4.39,-0.8660254037844386,0.5000000000000001,14.5,73,9.0,4.96,-0.15643446504023073,-0.9876883405951378,14.1,90,38.0,3.4,0.9271838545667874,-0.37460659341591207,13.6,87,26.0,6.3,-0.9659258262890684,0.2588190451025203,3.8499999999999996,open-meteo,2026-08-08T10:04:01+00:00
2026-05-04 20:00:00+00:00,FR,solar,13.9,83,0.0,5.12,-0.9563047559630354,0.2923717047227367,13.2,79,0.0,4.71,-0.0348994967025009,-0.9993908270190958,12.6,97,0.0,4.0,0.9271838545667874,-0.37460659341591207,12.9,92,0.0,5.92,-0.9781476007338056,0.20791169081775945,4.85,open-meteo,2026-08-08T10:04:01+00:00
2026-05-04 21:00:00+00:00,FR,solar,13.5,86,0.0,4.62,-0.9271838545667874,0.37460659341591196,12.8,82,0.0,4.7,0.01745240643728344,-0.9998476951563913,12.4,98,0.0,3.9,0.8987940462991669,-0.4383711467890775,12.4,91,0.0,5.54,-0.9902680687415704,0.13917310096006547,5.225,open-meteo,2026-08-08T10:04:01+00:00
2026-05-04 22:00:00+00:00,FR,solar,13.0,88,0.0,4.22,-0.9702957262759966,0.24192189559966745,11.6,88,0.0,4.02,-0.052335956242943564,-0.9986295347545738,11.0,100,0.0,3.2,0.777145961456971,-0.6293203910498373,11.9,92,0.0,4.91,-0.9961946980917455,0.08715574274765789,6.125,open-meteo,2026-08-08T10:04:01+00:00
2026-05-04 23:00:00+00:00,FR,solar,13.0,88,0.0,3.74,-0.9612616959383188,0.2756373558169994,10.6,92,0.0,3.44,-0.08715574274765794,-0.9961946980917455,10.6,100,0.0,2.2,0.8910065241883679,-0.45399049973954675,11.1,93,0.0,5.0,-0.9998476951563913,-0.017452406437283498,6.674999999999999,open-meteo,2026-08-08T10:04:01+00:00
2026-05-05 00:00:00+00:00,FR,solar,12.9,88,0.0,4.24,-0.9659258262890684,0.2588190451025203,10.4,93,0.0,4.59,0.19080899537654497,-0.9816271834476639,10.6,100,0.0,1.2,0.8191520442889917,-0.5735764363510462,10.8,95,0.0,5.17,-0.984807753012208,-0.17364817766693033,6.824999999999999,open-meteo,2026-08-08T10:04:01+00:00
2026-05-05 01:00:00+00:00,FR,solar,12.4,91,0.0,4.83,-0.9743700647852352,0.22495105434386492,10.4,93,0.0,3.88,-0.17364817766693047,-0.984807753012208,10.3,100,0.0,2.3,0.9510565162951535,0.30901699437494745,10.6,96,0.0,5.48,-0.984807753012208,-0.17364817766693033,7.074999999999999,open-meteo,2026-08-08T10:04:01+00:00
2026-05-05 02:00:00+00:00,FR,solar,12.1,94,0.0,4.09,-0.9271838545667874,0.37460659341591196,10.2,94,0.0,3.82,-0.017452406437283637,-0.9998476951563913,11.5,100,0.0,2.5,0.9702957262759965,0.24192189559966767,10.6,97,0.0,5.35,-0.9902680687415703,-0.13917310096006583,6.9,open-meteo,2026-08-08T10:04:01+00:00
2026-05-05 03:00:00+00:00,FR,solar,11.7,96,0.0,4.43,-0.8829475928589271,0.4694715627858904,9.5,95,0.0,3.73,-0.08715574274765794,-0.9961946980917455,11.8,98,0.0,3.4,0.9902680687415704,-0.13917310096006535,11.0,98,0.0,5.27,-0.984807753012208,-0.17364817766693033,7.0,open-meteo,2026-08-08T10:04:01+00:00
2026-05-05 04:00:00+00:00,FR,solar,12.0,95,0.0,3.98,-0.8829475928589271,0.4694715627858904,9.4,96,0.0,3.26,-0.275637355816999,-0.9612616959383189,10.1,100,0.0,3.0,0.9902680687415704,0.13917310096006547,10.8,99,0.0,4.83,-0.9945218953682734,-0.10452846326765336,7.425000000000001,open-meteo,2026-08-08T10:04:01+00:00
2026-05-05 05:00:00+00:00,FR,solar,12.2,93,0.0,3.13,-0.9563047559630354,0.2923717047227367,9.4,96,14.0,4.04,-0.1045284632676535,-0.9945218953682733,11.3,100,7.0,4.0,0.7071067811865475,0.7071067811865476,10.7,99,0.0,4.59,-0.981627183447664,-0.1908089953765446,7.099999999999998,open-meteo,2026-08-08T10:04:01+00:00
2026-05-05 06:00:00+00:00,FR,solar,12.4,95,44.0,2.81,-0.9975640502598243,0.06975647374412522,12.0,91,71.0,2.82,-0.34202014332566866,-0.9396926207859084,11.9,97,52.0,3.2,0.754709580222772,0.6560590289905073,11.2,97,48.0,3.86,-0.8910065241883678,-0.45399049973954697,6.125,open-meteo,2026-08-08T10:04:01+00:00
2026-05-05 07:00:00+00:00,FR,solar,13.7,87,91.0,1.97,-0.913545457642601,-0.4067366430758001,13.4,85,106.0,3.66,-0.34202014332566866,-0.9396926207859084,10.5,99,53.0,2.5,0.984807753012208,0.17364817766693041,12.0,93,118.0,3.24,-0.90630778703665,-0.42261826174069916,5.6,open-meteo,2026-08-08T10:04:01+00:00
2026-05-05 08:00:00+00:00,FR,solar,14.1,79,147.4,4.12,-0.874619707139396,-0.48480962024633684,13.5,86,88.0,4.71,-0.2079116908177595,-0.9781476007338056,12.3,95,31.0,3.4,0.766044443118978,0.6427876096865394,12.2,93,98.0,4.28,-0.9396926207859084,-0.34202014332566855,4.974999999999998,open-meteo,2026-08-08T10:04:01+00:00
2026-05-05 09:00:00+00:00,FR,solar,13.8,84,93.4,4.39,-0.913545457642601,-0.4067366430758001,13.5,90,83.0,2.94,-0.43837114678907746,-0.8987940462991669,13.2,87,198.0,4.1,0.8090169943749475,0.5877852522924731,12.4,91,102.0,5.4,-0.961261695938319,-0.2756373558169989,4.775,open-meteo,2026-08-08T10:04:01+00:00
2026-05-05 10:00:00+00:00,FR,solar,12.7,89,125.8,4.61,-0.9975640502598243,0.06975647374412522,14.2,85,172.0,2.42,-0.5299192642332048,-0.8480480961564261,13.2,89,450.0,3.7,0.4067366430758002,0.9135454576426009,13.8,81,364.0,5.1,-0.9998476951563913,0.01745240643728313,4.525000000000002,open-meteo,2026-08-08T10:04:01+00:00
2026-05-05 11:00:00+00:00,FR,solar,13.0,85,378.1,2.71,-0.9975640502598243,0.06975647374412522,14.1,83,195.0,2.59,-0.6018150231520484,-0.7986355100472928,13.7,89,268.0,3.4,0.29237170472273677,0.9563047559630354,15.1,71,700.0,5.53,-0.992546151641322,0.12186934340514768,4.025,open-meteo,2026-08-08T10:04:01+00:00
2026-05-05 12:00:00+00:00,FR,solar,15.0,75,802.5,3.0,-0.9993908270190958,-0.03489949670250076,14.8,83,193.0,1.5,-0.19080899537654472,-0.981627183447664,14.2,86,50.0,5.9,0.01745240643728351,0.9998476951563913,14.7,68,684.0,5.35,-0.9902680687415704,0.13917310096006547,3.3249999999999993,open-meteo,2026-08-08T10:04:01+00:00
2026-05-05 13:00:00+00:00,FR,solar,15.6,68,564.8,4.62,-0.9961946980917455,0.08715574274765789,15.2,82,234.0,2.1,0.7986355100472927,-0.6018150231520484,13.9,92,159.0,4.4,-0.06975647374412564,0.9975640502598242,16.0,63,615.0,6.79,-0.9945218953682734,-0.10452846326765336,2.825000000000001,open-meteo,2026-08-08T10:04:01+00:00
2026-05-05 14:00:00+00:00,FR,solar,15.0,77,541.7,5.16,-0.9876883405951378,0.15643446504023067,16.5,72,236.0,4.31,0.2923717047227366,-0.9563047559630355,12.7,98,96.0,5.9,0.1908089953765448,0.981627183447664,15.2,69,490.0,7.16,-0.9986295347545738,-0.052335956242944306,3.1499999999999986,open-meteo,2026-08-08T10:04:01+00:00
2026-05-05 15:00:00+00:00,FR,solar,15.5,67,382.9,4.92,-0.9743700647852352,0.22495105434386492,16.5,72,135.0,4.0,0.37460659341591224,-0.9271838545667873,12.4,97,42.0,6.2,-0.1736481776669304,0.984807753012208,15.1,69,465.0,6.77,-0.9848077530122081,0.17364817766692997,3.125,open-meteo,2026-08-08T10:04:01+00:00
2026-05-05 16:00:00+00:00,FR,solar,15.3,66,446.8,7.82,-0.9335804264972015,-0.3583679495453007,14.9,80,125.0,4.61,0.03489949670250114,-0.9993908270190958,12.1,98,70.0,5.7,0.12186934340514748,0.992546151641322,14.6,71,441.0,5.9,-0.9961946980917455,0.08715574274765789,3.7749999999999986,open-meteo,2026-08-08T10:04:01+00:00
2026-05-05 17:00:00+00:00,FR,solar,15.3,67,295.5,6.6,-0.9993908270190958,0.03489949670250128,14.0,90,48.0,5.11,-0.587785252292473,-0.8090169943749475,11.3,98,10.0,5.5,0.13917310096006544,0.9902680687415704,14.0,74,291.0,5.88,-1.0,-1.8369701987210297e-16,4.35,open-meteo,2026-08-08T10:04:01+00:00
2026-05-05 18:00:00+00:00,FR,solar,14.9,70,209.9,5.8,-0.9659258262890683,-0.25881904510252063,14.1,93,32.0,4.3,-0.4067366430758002,-0.9135454576426009,11.8,98,5.0,5.4,0.0697564737441253,0.9975640502598242,13.5,76,149.0,6.28,-0.9986295347545738,-0.052335956242944306,4.425000000000001,open-meteo,2026-08-08T10:04:01+00:00
2026-05-05 19:00:00+00:00,FR,solar,13.7,73,52.5,4.7,-1.0,-1.8369701987210297e-16,13.4,93,18.0,4.46,-0.5446390350150271,-0.838670567945424,11.5,98,2.0,6.3,0.3420201433256687,0.9396926207859084,12.2,85,39.0,5.77,-0.984807753012208,-0.17364817766693033,5.300000000000001,open-meteo,2026-08-08T10:04:01+00:00
2026-05-05 20:00:00+00:00,FR,solar,12.4,82,0.0,4.69,-0.981627183447664,-0.1908089953765446,13.1,91,0.0,6.88,-0.34202014332566866,-0.9396926207859084,10.5,98,0.0,5.3,0.10452846326765347,0.9945218953682733,11.4,91,0.0,5.71,-0.961261695938319,-0.2756373558169989,6.15,open-meteo,2026-08-08T10:04:01+00:00
2026-05-05 21:00:00+00:00,FR,solar,11.7,87,0.0,5.73,-0.874619707139396,-0.48480962024633684,12.7,90,0.0,7.37,-0.587785252292473,-0.8090169943749475,10.6,98,0.0,6.8,0.12186934340514748,0.992546151641322,11.2,92,0.0,4.95,-0.9902680687415703,-0.13917310096006583,6.449999999999999,open-meteo,2026-08-08T10:04:01+00:00
2026-05-05 22:00:00+00:00,FR,solar,11.4,90,0.0,5.54,-0.9396926207859084,-0.34202014332566855,12.1,93,0.0,6.94,-0.275637355816999,-0.9612616959383189,10.6,98,0.0,4.4,0.5150380749100542,0.8571673007021123,10.9,94,0.0,5.68,-0.9335804264972015,-0.3583679495453007,6.75,open-meteo,2026-08-08T10:04:01+00:00
2026-05-05 23:00:00+00:00,FR,solar,11.1,95,0.0,6.73,-0.6691306063588582,-0.7431448254773942,11.6,95,0.0,7.62,-0.46947156278589086,-0.8829475928589269,10.1,97,0.0,5.7,0.17364817766693033,0.984807753012208,10.7,96,0.0,5.61,-0.9455185755993168,-0.32556815445715664,7.125,open-meteo,2026-08-08T10:04:01+00:00
2026-05-06 00:00:00+00:00,FR,solar,11.1,91,0.0,7.07,-0.874619707139396,-0.48480962024633684,11.2,96,0.0,7.59,-0.4067366430758002,-0.9135454576426009,9.4,97,0.0,7.1,-0.10452846326765342,0.9945218953682733,10.1,96,0.0,6.51,-0.9335804264972015,-0.3583679495453007,7.550000000000001,open-meteo,2026-08-08T10:04:01+00:00
2026-05-06 01:00:00+00:00,FR,solar,10.9,94,0.0,5.54,-0.6293203910498376,-0.7771459614569708,10.7,95,0.0,6.57,-0.4539904997395467,-0.8910065241883679,9.7,95,0.0,5.6,0.24192189559966773,0.9702957262759965,10.1,96,0.0,7.16,-0.9455185755993168,-0.32556815445715664,7.65,open-meteo,2026-08-08T10:04:01+00:00
2026-05-06 02:00:00+00:00,FR,solar,11.2,92,0.0,5.84,-0.7880107536067221,-0.6156614753256581,10.2,95,0.0,5.55,-0.5299192642332048,-0.8480480961564261,9.2,97,0.0,6.3,-0.05233595624294437,0.9986295347545738,10.1,96,0.0,7.47,-0.9563047559630353,-0.2923717047227371,7.825000000000001,open-meteo,2026-08-08T10:04:01+00:00
2026-05-06 03:00:00+00:00,FR,solar,10.9,96,0.0,6.46,-0.5735764363510462,-0.8191520442889918,10.2,95,0.0,6.84,-0.4226182617406993,-0.90630778703665,9.6,97,0.0,6.2,-0.1736481776669304,0.984807753012208,10.3,95,0.0,7.44,-0.961261695938319,-0.2756373558169989,7.75,open-meteo,2026-08-08T10:04:01+00:00
2026-05-06 04:00:00+00:00,FR,solar,10.9,97,0.0,7.0,-0.374606593415912,-0.9271838545667874,10.6,93,0.0,8.83,-0.32556815445715676,-0.9455185755993167,9.4,97,0.0,6.9,-0.034899496702500823,0.9993908270190958,10.5,94,0.0,7.18,-0.9702957262759965,-0.24192189559966779,7.65,open-meteo,2026-08-08T10:04:01+00:00
2026-05-06 05:00:00+00:00,FR,solar,11.0,97,0.0,6.56,-0.35836794954530043,-0.9335804264972016,10.6,93,16.0,8.4,-0.5591929034707467,-0.8290375725550418,8.6,98,1.0,7.2,-0.15643446504023112,0.9876883405951377,10.6,94,1.0,7.78,-0.9563047559630353,-0.2923717047227371,7.799999999999999,open-meteo,2026-08-08T10:04:01+00:00
2026-05-06 06:00:00+00:00,FR,solar,11.3,97,19.3,4.52,-0.5735764363510462,-0.8191520442889918,11.5,91,74.0,6.47,-0.5299192642332048,-0.8480480961564261,8.3,97,2.0,7.3,-0.29237170472273716,0.9563047559630353,10.8,92,33.0,8.2,-0.90630778703665,-0.42261826174069916,7.524999999999999,open-meteo,2026-08-08T10:04:01+00:00
2026-05-06 07:00:00+00:00,FR,solar,11.9,96,94.9,5.94,-0.5446390350150271,-0.838670567945424,12.5,85,184.0,7.2,-0.8290375725550418,-0.5591929034707466,8.4,96,50.0,6.8,-0.1736481776669304,0.984807753012208,11.4,88,95.0,8.85,-0.882947592858927,-0.46947156278589075,6.950000000000001,open-meteo,2026-08-08T10:04:01+00:00
2026-05-06 08:00:00+00:00,FR,solar,12.9,94,167.6,4.08,-0.5150380749100542,-0.8571673007021123,13.4,81,236.0,6.22,-0.8386705679454242,-0.544639035015027,8.1,96,20.0,7.3,-0.29237170472273716,0.9563047559630353,12.1,85,190.0,8.94,-0.8910065241883678,-0.45399049973954697,6.375,open-meteo,2026-08-08T10:04:01+00:00
2026-05-06 09:00:00+00:00,FR,solar,13.6,92,290.1,5.24,-0.9135454576426011,0.40673664307579976,13.7,79,292.0,5.49,-0.961261695938319,-0.2756373558169989,9.1,89,33.0,6.9,-0.3090169943749477,0.9510565162951535,12.3,87,141.0,8.85,-0.882947592858927,-0.46947156278589075,5.824999999999999,open-meteo,2026-08-08T10:04:01+00:00
2026-05-06 10:00:00+00:00,FR,solar,14.5,76,580.2,6.7,-0.7880107536067218,0.6156614753256585,13.2,85,123.0,4.23,-0.9961946980917455,-0.08715574274765825,9.9,89,64.0,6.2,-0.40673664307580015,0.9135454576426009,12.1,90,162.0,8.81,-0.8987940462991668,-0.43837114678907774,5.574999999999999,open-meteo,2026-08-08T10:04:01+00:00
2026-05-06 11:00:00+00:00,FR,solar,15.0,68,498.5,8.28,-0.8829475928589271,0.4694715627858904,14.3,81,358.0,5.82,-0.9925461516413221,-0.12186934340514717,8.7,98,52.0,7.4,-0.4848096202463369,0.8746197071393959,12.2,88,195.0,9.02,-0.9455185755993168,-0.32556815445715664,5.449999999999999,open-meteo,2026-08-08T10:04:01+00:00
2026-05-06 12:00:00+00:00,FR,solar,15.5,68,682.1,7.1,-0.8191520442889918,0.573576436351046,13.9,80,435.0,5.49,-0.9986295347545738,-0.052335956242944306,9.8,86,35.0,6.4,-0.3420201433256686,0.9396926207859084,12.9,86,273.0,8.12,-0.9205048534524403,-0.3907311284892738,4.975,open-meteo,2026-08-08T10:04:01+00:00
2026-05-06 13:00:00+00:00,FR,solar,15.8,66,597.4,8.02,-0.8090169943749476,0.5877852522924729,13.2,84,136.0,5.35,-0.9702957262759966,0.24192189559966745,10.2,87,93.0,5.8,-0.27563735581699894,0.9612616959383189,13.3,85,276.0,7.39,-0.9945218953682734,-0.10452846326765336,4.875,open-meteo,2026-08-08T10:04:01+00:00
2026-05-06 14:00:00+00:00,FR,solar,14.9,71,429.8,7.69,-0.8480480961564262,0.5299192642332047,12.7,82,156.0,5.96,-0.9702957262759966,0.24192189559966745,9.8,95,72.0,6.1,-0.3907311284892739,0.9205048534524403,14.0,82,333.0,7.65,-0.9993908270190958,0.03489949670250128,5.149999999999999,open-meteo,2026-08-08T10:04:01+00:00
2026-05-06 15:00:00+00:00,FR,solar,16.2,63,531.6,8.65,-0.8660254037844386,0.5000000000000001,12.8,80,145.0,5.35,-0.8191520442889918,0.573576436351046,10.1,89,152.0,4.5,-0.22495105434386534,0.9743700647852351,14.3,79,308.0,7.78,-0.9945218953682734,0.10452846326765299,4.649999999999999,open-meteo,2026-08-08T10:04:01+00:00
2026-05-06 16:00:00+00:00,FR,solar,15.8,62,525.5,8.1,-0.8191520442889918,0.573576436351046,12.8,80,142.0,5.19,-0.8090169943749476,0.5877852522924729,10.1,94,108.0,4.3,-0.35836794954530077,0.9335804264972015,14.4,78,345.0,7.58,-0.9961946980917455,0.08715574274765789,4.725,open-meteo,2026-08-08T10:04:01+00:00
2026-05-06 17:00:00+00:00,FR,solar,15.4,62,202.9,7.56,-0.7986355100472932,0.6018150231520479,11.9,83,46.0,5.75,-0.7193398003386512,0.6946583704589973,10.5,92,323.0,3.7,-0.529919264233205,0.8480480961564258,14.2,77,231.0,7.32,-0.9902680687415704,0.13917310096006547,5.0,open-meteo,2026-08-08T10:04:01+00:00
2026-05-06 18:00:00+00:00,FR,solar,15.1,64,219.3,6.8,-0.8090169943749476,0.5877852522924729,11.1,84,12.0,5.57,-0.6293203910498378,0.7771459614569706,10.2,90,36.0,4.7,-0.3420201433256686,0.9396926207859084,14.0,73,152.0,6.79,-0.9396926207859083,0.342020143325669,5.4,open-meteo,2026-08-08T10:04:01+00:00
2026-05-06 19:00:00+00:00,FR,solar,13.9,70,70.4,5.11,-0.8571673007021123,0.5150380749100542,10.8,85,6.0,5.02,-0.6293203910498378,0.7771459614569706,10.5,86,11.0,4.7,-0.6018150231520483,0.7986355100472928,13.1,76,40.0,5.95,-0.9563047559630354,0.2923717047227367,5.924999999999999,open-meteo,2026-08-08T10:04:01+00:00
2026-05-06 20:00:00+00:00,FR,solar,12.8,77,0.0,5.16,-0.8480480961564262,0.5299192642332047,10.3,85,0.0,5.02,-0.7771459614569708,0.6293203910498375,9.9,97,0.0,6.9,-0.8660254037844386,0.5000000000000001,12.3,79,0.0,5.42,-0.9945218953682734,0.10452846326765299,6.675000000000001,open-meteo,2026-08-08T10:04:01+00:00
2026-05-06 21:00:00+00:00,FR,solar,11.9,84,0.0,5.91,-0.8829475928589271,0.4694715627858904,10.1,89,0.0,5.04,-0.7986355100472932,0.6018150231520479,9.7,90,0.0,6.2,-0.7771459614569708,0.6293203910498375,11.6,79,0.0,4.71,-0.9993908270190958,0.03489949670250128,7.175000000000001,open-meteo,2026-08-08T10:04:01+00:00
2026-05-06 22:00:00+00:00,FR,solar,11.3,87,0.0,6.33,-0.8571673007021123,0.5150380749100542,9.8,93,0.0,5.55,-0.9335804264972017,0.3583679495453004,9.9,86,0.0,6.1,-0.6018150231520483,0.7986355100472928,10.7,84,0.0,5.0,-0.9998476951563913,0.01745240643728313,7.574999999999999,open-meteo,2026-08-08T10:04:01+00:00
2026-05-06 23:00:00+00:00,FR,solar,11.1,87,0.0,5.37,-0.9135454576426011,0.40673664307579976,9.7,94,0.0,5.42,-0.9743700647852352,0.22495105434386492,9.0,91,0.0,6.6,-0.4226182617406992,0.90630778703665,9.8,88,0.0,4.22,-0.9986295347545738,0.052335956242943946,8.100000000000001,open-meteo,2026-08-08T10:04:01+00:00
2026-05-07 00:00:00+00:00,FR,solar,11.0,87,0.0,4.5,-0.7986355100472932,0.6018150231520479,9.8,95,0.0,4.54,-0.992546151641322,0.12186934340514768,8.6,89,0.0,6.3,-0.27563735581699894,0.9612616959383189,9.0,91,0.0,4.02,-0.9986295347545738,0.052335956242943946,8.4,open-meteo,2026-08-08T10:04:01+00:00
2026-05-07 01:00:00+00:00,FR,solar,9.3,92,0.0,5.02,-0.6946583704589976,0.7193398003386509,9.7,96,0.0,4.56,-0.8829475928589271,0.4694715627858904,9.0,89,0.0,5.5,-0.37460659341591235,0.9271838545667873,8.4,92,0.0,3.83,-0.9986295347545738,0.052335956242943946,8.9,open-meteo,2026-08-08T10:04:01+00:00
2026-05-07 02:00:00+00:00,FR,solar,8.1,94,0.0,2.79,-0.9659258262890684,0.2588190451025203,9.6,96,0.0,3.85,-0.9659258262890684,0.2588190451025203,8.5,91,0.0,4.7,-0.27563735581699894,0.9612616959383189,8.1,93,0.0,3.35,-0.992546151641322,0.12186934340514768,9.425,open-meteo,2026-08-08T10:04:01+00:00
2026-05-07 03:00:00+00:00,FR,solar,7.7,95,0.0,2.34,-0.9396926207859083,0.342020143325669,9.3,97,0.0,3.02,-0.9743700647852352,0.22495105434386492,8.1,91,0.0,4.4,-0.15643446504023112,0.9876883405951377,8.1,95,0.0,1.97,-0.9945218953682734,0.10452846326765299,9.7,open-meteo,2026-08-08T10:04:01+00:00
2026-05-07 04:00:00+00:00,FR,solar,7.7,95,0.0,2.72,-0.9563047559630354,0.2923717047227367,9.1,97,0.0,3.56,-0.9902680687415704,0.13917310096006547,7.7,93,0.0,3.9,0.01745240643728351,0.9998476951563913,7.6,97,0.0,1.31,-0.9743700647852351,-0.22495105434386525,9.975,open-meteo,2026-08-08T10:04:01+00:00
2026-05-07 05:00:00+00:00,FR,solar,7.1,96,0.0,2.69,-0.9659258262890684,0.2588190451025203,9.4,96,11.0,3.45,-0.992546151641322,0.12186934340514768,6.3,97,20.0,5.3,0.4694715627858908,0.882947592858927,7.2,100,1.0,0.9,-0.656059028990507,-0.7547095802227721,10.5,open-meteo,2026-08-08T10:04:01+00:00
2026-05-07 06:00:00+00:00,FR,solar,8.5,94,70.4,2.28,-0.9205048534524405,0.3907311284892735,10.0,94,63.0,3.97,-0.9396926207859083,0.342020143325669,7.7,91,142.0,3.8,0.573576436351046,0.8191520442889918,6.8,100,69.0,0.89,-0.1045284632676535,-0.9945218953682733,9.75,open-meteo,2026-08-08T10:04:01+00:00
2026-05-07 07:00:00+00:00,FR,solar,12.4,86,233.8,1.78,-0.7880107536067218,0.6156614753256585,10.5,88,160.0,3.13,-0.8480480961564262,0.5299192642332047,9.8,81,304.0,1.4,0.981627183447664,0.19080899537654492,9.5,100,199.0,1.31,0.45399049973954686,-0.8910065241883678,7.449999999999999,open-meteo,2026-08-08T10:04:01+00:00
2026-05-07 08:00:00+00:00,FR,solar,15.1,70,396.4,1.49,-0.3420201433256686,0.9396926207859084,11.6,81,336.0,2.45,-0.7986355100472932,0.6018150231520479,10.9,78,460.0,1.9,0.848048096156426,0.5299192642332049,12.7,85,430.0,0.88,0.8910065241883679,-0.45399049973954675,5.425000000000001,open-meteo,2026-08-08T10:04:01+00:00
2026-05-07 09:00:00+00:00,FR,solar,16.4,59,555.0,0.73,0.27563735581699916,0.9612616959383189,12.4,76,475.0,2.53,-0.8090169943749476,0.5877852522924729,12.7,67,576.0,1.7,0.6156614753256583,0.7880107536067219,14.5,73,614.0,1.71,0.9743700647852352,0.22495105434386492,4.0,open-meteo,2026-08-08T10:04:01+00:00
2026-05-07 10:00:00+00:00,FR,solar,17.9,50,699.8,1.13,0.7071067811865475,0.7071067811865476,13.1,74,556.0,1.94,-0.7071067811865477,0.7071067811865474,13.5,64,721.0,2.0,0.788010753606722,0.6156614753256583,15.9,66,748.0,2.69,0.984807753012208,0.17364817766693041,2.9000000000000004,open-meteo,2026-08-08T10:04:01+00:00
2026-05-07 11:00:00+00:00,FR,solar,19.3,45,818.7,1.7,0.9986295347545738,0.052335956242943966,13.8,70,595.0,1.8,-0.7071067811865477,0.7071067811865474,13.9,62,827.0,1.7,0.9271838545667874,0.37460659341591196,17.1,60,834.0,3.35,0.992546151641322,0.12186934340514749,1.9750000000000014,open-meteo,2026-08-08T10:04:01+00:00
2026-05-07 12:00:00+00:00,FR,solar,19.8,45,854.7,3.42,0.9659258262890683,-0.25881904510252085,13.8,68,628.0,1.52,-0.7071067811865477,0.7071067811865474,14.5,57,637.0,1.7,0.6018150231520483,0.7986355100472928,18.1,55,911.0,3.85,0.992546151641322,0.12186934340514749,1.4499999999999993,open-meteo,2026-08-08T10:04:01+00:00
2026-05-07 13:00:00+00:00,FR,solar,20.5,41,862.8,4.08,0.981627183447664,-0.1908089953765448,14.4,63,453.0,1.46,-0.7431448254773946,0.6691306063588578,14.0,61,482.0,2.6,0.8829475928589269,0.46947156278589086,18.8,51,918.0,4.34,0.9945218953682733,0.10452846326765346,1.0749999999999993,open-meteo,2026-08-08T10:04:01+00:00
2026-05-07 14:00:00+00:00,FR,solar,20.8,41,817.3,4.46,0.9876883405951378,0.15643446504023092,14.7,61,471.0,1.47,-0.7986355100472932,0.6018150231520479,15.1,53,348.0,0.8,0.9945218953682733,0.10452846326765346,19.3,54,855.0,4.71,0.9993908270190958,0.03489949670250108,0.5249999999999986,open-meteo,2026-08-08T10:04:01+00:00
2026-05-07 15:00:00+00:00,FR,solar,21.2,41,730.1,4.93,0.9945218953682733,0.10452846326765346,15.3,55,489.0,1.4,-0.4226182617406992,0.90630778703665,14.9,50,263.0,0.4,0.9743700647852352,0.22495105434386492,19.5,50,745.0,4.71,0.9975640502598242,-0.06975647374412533,0.2749999999999986,open-meteo,2026-08-08T10:04:01+00:00
2026-05-07 16:00:00+00:00,FR,solar,20.8,45,590.3,5.66,0.9563047559630355,-0.29237170472273666,15.1,57,383.0,1.66,-0.7071067811865477,0.7071067811865474,15.1,53,183.0,0.5,-0.9510565162951536,0.30901699437494723,19.5,51,598.0,4.38,0.984807753012208,-0.1736481776669303,0.375,open-meteo,2026-08-08T10:04:01+00:00
2026-05-07 17:00:00+00:00,FR,solar,20.3,48,419.8,5.58,0.9659258262890683,-0.25881904510252085,14.9,60,211.0,1.39,-0.13917310096006588,0.9902680687415703,14.0,62,275.0,2.1,0.7431448254773942,0.6691306063588582,19.1,51,412.0,4.69,0.981627183447664,-0.1908089953765448,0.9249999999999972,open-meteo,2026-08-08T10:04:01+00:00
2026-05-07 18:00:00+00:00,FR,solar,19.6,52,237.5,4.17,0.8660254037844387,-0.49999999999999983,13.8,65,118.0,3.78,0.7986355100472928,0.6018150231520483,13.8,65,198.0,1.2,0.7313537016191705,0.6819983600624985,18.3,55,187.0,4.73,0.9743700647852352,-0.22495105434386503,1.625,open-meteo,2026-08-08T10:04:01+00:00
2026-05-07 19:00:00+00:00,FR,solar,18.1,57,73.5,4.05,0.9612616959383189,-0.27563735581699905,12.8,68,16.0,3.95,0.7431448254773942,0.6691306063588582,12.9,70,17.0,1.6,0.39073112848927377,0.9205048534524404,16.6,62,52.0,3.83,0.9975640502598242,-0.06975647374412533,2.8999999999999986,open-meteo,2026-08-08T10:04:01+00:00
2026-05-07 20:00:00+00:00,FR,solar,16.6,65,0.0,4.51,0.9743700647852352,-0.22495105434386503,10.7,79,0.0,4.27,0.7986355100472928,0.6018150231520483,10.4,84,0.0,3.4,0.5591929034707469,0.8290375725550417,15.2,65,0.0,4.21,0.9998476951563913,-0.017452406437283477,4.774999999999999,open-meteo,2026-08-08T10:04:01+00:00
2026-05-07 21:00:00+00:00,FR,solar,15.6,72,0.0,5.77,0.9702957262759965,-0.24192189559966779,10.4,86,0.0,4.29,0.8910065241883679,0.45399049973954686,11.3,72,0.0,4.2,0.6946583704589973,0.7193398003386512,13.5,74,0.0,3.98,0.984807753012208,-0.1736481776669303,5.300000000000001,open-meteo,2026-08-08T10:04:01+00:00
2026-05-07 22:00:00+00:00,FR,solar,14.6,75,0.0,5.02,0.9961946980917455,-0.08715574274765824,9.3,91,0.0,3.72,0.8910065241883679,0.45399049973954686,10.6,73,0.0,4.4,0.9993908270190958,0.03489949670250108,12.7,76,0.0,4.04,0.9702957262759965,-0.24192189559966779,6.199999999999999,open-meteo,2026-08-08T10:04:01+00:00
2026-05-07 23:00:00+00:00,FR,solar,13.4,81,0.0,4.88,0.9659258262890683,-0.25881904510252085,8.4,93,0.0,4.06,0.9396926207859083,0.3420201433256688,8.7,84,0.0,6.2,0.9876883405951378,-0.1564344650402308,12.3,79,0.0,4.21,0.9781476007338057,-0.20791169081775934,7.300000000000001,open-meteo,2026-08-08T10:04:01+00:00
2026-05-08 00:00:00+00:00,FR,solar,12.6,83,0.0,5.51,0.8746197071393959,-0.484809620246337,7.5,97,0.0,2.75,0.9993908270190958,0.03489949670250108,9.6,81,0.0,4.4,0.9455185755993168,-0.32556815445715664,11.6,83,0.0,4.35,0.9702957262759965,-0.24192189559966779,7.674999999999999,open-meteo,2026-08-08T10:04:01+00:00
2026-05-08 01:00:00+00:00,FR,solar,12.5,78,0.0,4.16,0.984807753012208,-0.1736481776669303,6.8,97,0.0,1.48,0.9902680687415704,0.13917310096006547,9.3,81,0.0,4.8,0.9205048534524403,-0.39073112848927377,11.5,81,0.0,3.5,0.9510565162951536,-0.30901699437494734,7.975,open-meteo,2026-08-08T10:04:01+00:00
2026-05-08 02:00:00+00:00,FR,solar,11.7,86,0.0,5.63,0.9781476007338057,-0.20791169081775934,6.2,98,0.0,3.04,0.838670567945424,0.5446390350150271,6.9,93,0.0,3.6,0.8090169943749475,-0.587785252292473,11.0,83,0.0,3.64,0.9702957262759965,-0.24192189559966779,9.05,open-meteo,2026-08-08T10:04:01+00:00
2026-05-08 03:00:00+00:00,FR,solar,11.3,85,0.0,5.95,0.9563047559630355,-0.29237170472273666,5.7,100,0.0,3.2,0.9205048534524404,0.3907311284892737,9.1,86,0.0,3.5,0.6156614753256584,-0.7880107536067219,10.2,86,0.0,4.85,0.9902680687415704,-0.13917310096006535,8.925,open-meteo,2026-08-08T10:04:01+00:00
2026-05-08 04:00:00+00:00,FR,solar,11.1,87,0.0,6.86,0.9455185755993168,-0.32556815445715664,5.0,100,0.0,2.84,0.9993908270190958,-0.034899496702500955,8.0,88,0.0,2.1,0.05233595624294381,-0.9986295347545738,9.9,86,0.0,5.61,0.9781476007338057,-0.20791169081775934,9.5,open-meteo,2026-08-08T10:04:01+00:00
2026-05-08 05:00:00+00:00,FR,solar,10.5,89,0.0,7.29,0.8746197071393959,-0.484809620246337,5.4,100,19.0,2.76,0.9945218953682733,-0.10452846326765355,7.2,91,5.0,2.2,0.7193398003386511,-0.6946583704589974,10.1,85,1.0,6.2,0.9612616959383189,-0.27563735581699905,9.7,open-meteo,2026-08-08T10:04:01+00:00
2026-05-08 06:00:00+00:00,FR,solar,11.9,86,71.8,7.8,0.8571673007021123,-0.5150380749100543,7.8,96,102.0,2.85,0.9975640502598242,0.06975647374412523,9.9,86,43.0,0.8,0.9743700647852352,-0.22495105434386503,11.2,86,81.0,6.48,0.9510565162951536,-0.30901699437494734,7.800000000000001,open-meteo,2026-08-08T10:04:01+00:00
2026-05-08 07:00:00+00:00,FR,solar,14.5,76,234.6,6.18,0.9205048534524403,-0.39073112848927377,11.2,85,309.0,1.75,0.8910065241883679,0.45399049973954686,11.4,77,307.0,0.8,-0.29237170472273716,0.9563047559630353,12.9,85,253.0,6.85,0.9563047559630355,-0.29237170472273666,5.5,open-meteo,2026-08-08T10:04:01+00:00
2026-05-08 08:00:00+00:00,FR,solar,17.3,67,418.0,5.95,0.8746197071393959,-0.484809620246337,13.4,77,488.0,2.5,0.981627183447664,0.19080899537654492,13.0,71,313.0,2.1,0.9781476007338057,-0.20791169081775934,14.9,80,441.0,5.59,0.981627183447664,-0.1908089953765448,3.3499999999999996,open-meteo,2026-08-08T10:04:01+00:00
2026-05-08 09:00:00+00:00,FR,solar,19.5,59,591.8,6.02,0.8090169943749475,-0.587785252292473,15.3,64,635.0,3.66,0.9902680687415704,0.13917310096006547,15.5,61,628.0,2.1,0.9986295347545738,-0.05233595624294384,16.9,77,615.0,5.4,0.9781476007338057,-0.20791169081775934,1.2000000000000028,open-meteo,2026-08-08T10:04:01+00:00
2026-05-08 10:00:00+00:00,FR,solar,21.2,54,734.0,6.02,0.8480480961564261,-0.5299192642332048,16.7,57,741.0,3.88,0.984807753012208,0.17364817766693041,15.9,56,636.0,2.2,0.9743700647852352,0.22495105434386492,18.8,72,754.0,5.3,0.9781476007338057,-0.20791169081775934,0.14999999999999858,open-meteo,2026-08-08T10:04:01+00:00
2026-05-08 11:00:00+00:00,FR,solar,22.5,47,820.4,5.71,0.838670567945424,-0.5446390350150272,17.5,52,675.0,3.58,0.9876883405951378,0.15643446504023092,16.9,55,784.0,2.5,0.9743700647852352,-0.22495105434386503,20.1,68,822.0,5.32,0.9743700647852352,-0.22495105434386503,1.25,open-meteo,2026-08-08T10:04:01+00:00
2026-05-08 12:00:00+00:00,FR,solar,23.2,41,865.2,5.55,0.8290375725550417,-0.5591929034707467,19.0,45,775.0,2.92,0.9702957262759965,0.24192189559966767,17.3,55,670.0,2.7,0.8090169943749475,-0.587785252292473,20.9,65,828.0,5.37,0.9659258262890683,-0.25881904510252085,2.1000000000000014,open-meteo,2026-08-08T10:04:01+00:00
2026-05-08 13:00:00+00:00,FR,solar,23.5,42,843.9,6.07,0.838670567945424,-0.5446390350150272,19.6,40,677.0,1.83,0.9612616959383189,-0.27563735581699905,17.7,54,809.0,2.4,0.9902680687415704,-0.13917310096006535,21.5,61,773.0,5.33,0.9563047559630355,-0.29237170472273666,2.5749999999999993,open-meteo,2026-08-08T10:04:01+00:00
2026-05-08 14:00:00+00:00,FR,solar,23.6,42,767.7,6.16,0.7313537016191706,-0.6819983600624984,19.8,41,631.0,2.5,0.8987940462991669,-0.4383711467890775,18.2,52,758.0,2.3,0.9961946980917455,-0.08715574274765824,21.6,58,593.0,4.59,0.766044443118978,-0.6427876096865394,2.8000000000000043,open-meteo,2026-08-08T10:04:01+00:00
2026-05-08 15:00:00+00:00,FR,solar,23.6,41,648.3,6.16,0.7313537016191706,-0.6819983600624984,20.1,39,595.0,1.24,0.3090169943749474,0.9510565162951535,18.5,51,651.0,2.7,0.984807753012208,0.17364817766693041,21.4,57,425.0,4.23,0.6691306063588585,-0.743144825477394,2.8999999999999986,open-meteo,2026-08-08T10:04:01+00:00
2026-05-08 16:00:00+00:00,FR,solar,22.8,46,567.9,6.0,0.9135454576426009,-0.40673664307580026,19.7,40,421.0,2.72,0.8987940462991669,0.43837114678907746,18.0,53,439.0,2.3,0.9063077870366499,0.42261826174069944,21.4,56,335.0,2.42,0.24192189559966773,-0.9702957262759965,2.4750000000000014,open-meteo,2026-08-08T10:04:01+00:00
2026-05-08 17:00:00+00:00,FR,solar,22.5,49,411.3,6.86,0.8571673007021123,-0.5150380749100543,19.2,34,342.0,3.29,0.49999999999999994,0.8660254037844387,17.5,60,338.0,2.6,0.8090169943749475,0.5877852522924731,16.3,79,133.0,7.06,0.8290375725550417,0.5591929034707468,0.875,open-meteo,2026-08-08T10:04:01+00:00
2026-05-08 18:00:00+00:00,FR,solar,21.1,56,180.7,1.39,-0.9335804264972015,-0.3583679495453007,17.8,49,171.0,4.65,0.9063077870366499,0.42261826174069944,16.7,58,146.0,5.9,0.3255681544571567,0.9455185755993168,19.6,69,106.0,1.24,0.3090169943749475,-0.9510565162951535,0.8000000000000043,open-meteo,2026-08-08T10:04:01+00:00
2026-05-08 19:00:00+00:00,FR,solar,19.3,63,55.0,5.94,0.838670567945424,-0.5446390350150272,15.3,62,34.0,5.76,0.9510565162951535,0.30901699437494745,15.3,63,61.0,5.9,0.5591929034707469,0.8290375725550417,18.3,75,60.0,1.12,0.9659258262890683,-0.25881904510252085,0.9499999999999993,open-meteo,2026-08-08T10:04:01+00:00
2026-05-08 20:00:00+00:00,FR,solar,17.2,76,0.0,2.91,0.8910065241883679,-0.45399049973954675,13.8,64,0.0,6.6,0.9510565162951535,0.30901699437494745,14.1,72,0.0,7.2,0.4694715627858908,0.882947592858927,16.6,80,0.0,2.97,0.9563047559630355,-0.29237170472273666,2.5749999999999993,open-meteo,2026-08-08T10:04:01+00:00
2026-05-08 21:00:00+00:00,FR,solar,16.0,81,0.0,6.4,-0.9702957262759965,-0.24192189559966779,12.6,68,0.0,7.39,0.9271838545667874,0.37460659341591196,11.9,76,0.0,8.0,0.7431448254773942,0.6691306063588582,15.2,86,0.0,4.06,0.9396926207859084,-0.3420201433256687,4.074999999999999,open-meteo,2026-08-08T10:04:01+00:00
2026-05-08 22:00:00+00:00,FR,solar,16.6,72,0.0,3.32,-0.9612616959383188,0.2756373558169994,11.8,73,0.0,7.33,0.9902680687415704,0.13917310096006547,13.3,69,0.0,7.5,0.8910065241883679,0.45399049973954686,14.3,89,0.0,5.61,0.8746197071393959,-0.484809620246337,4.0,open-meteo,2026-08-08T10:04:01+00:00
2026-05-08 23:00:00+00:00,FR,solar,15.3,80,0.0,0.73,0.9612616959383189,0.27563735581699916,11.1,77,0.0,7.37,0.9702957262759965,0.24192189559966767,12.8,74,0.0,7.6,0.984807753012208,0.17364817766693041,13.8,92,0.0,6.14,0.8290375725550417,-0.5591929034707467,4.75,open-meteo,2026-08-08T10:04:01+00:00
2026-05-09 00:00:00+00:00,FR,solar,14.9,82,0.0,5.52,-0.5299192642332048,-0.8480480961564261,9.8,85,0.0,6.59,0.981627183447664,0.19080899537654492,11.3,78,0.0,7.0,1.0,6.123233995736766e-17,13.3,92,0.0,5.75,0.8660254037844387,-0.49999999999999983,5.675000000000001,open-meteo,2026-08-08T10:04:01+00:00
2026-05-09 01:00:00+00:00,FR,solar,14.1,91,0.0,3.94,-0.8910065241883678,-0.45399049973954697,9.0,87,0.0,5.75,0.9702957262759965,0.24192189559966767,11.1,76,0.0,7.1,0.9945218953682733,-0.10452846326765355,12.6,95,0.0,5.7,0.9135454576426009,-0.40673664307580026,6.299999999999999,open-meteo,2026-08-08T10:04:01+00:00
2026-05-09 02:00:00+00:00,FR,solar,14.1,84,0.0,3.08,0.9743700647852352,-0.22495105434386503,8.1,90,0.0,5.0,0.981627183447664,0.19080899537654492,10.0,82,0.0,7.3,0.9743700647852352,-0.22495105434386503,12.2,95,0.0,6.3,0.9335804264972017,-0.35836794954530027,6.899999999999999,open-meteo,2026-08-08T10:04:01+00:00
2026-05-09 03:00:00+00:00,FR,solar,13.6,88,0.0,5.02,0.9945218953682733,0.10452846326765346,7.6,89,0.0,5.59,0.9271838545667874,0.37460659341591196,9.8,79,0.0,7.6,0.9902680687415704,-0.13917310096006535,11.8,95,0.0,7.48,0.9271838545667874,-0.37460659341591207,7.300000000000001,open-meteo,2026-08-08T10:04:01+00:00
2026-05-09 04:00:00+00:00,FR,solar,12.9,89,0.0,7.36,0.8571673007021123,-0.5150380749100543,7.1,89,0.0,5.48,0.9455185755993167,0.32556815445715676,9.6,78,0.0,7.4,0.9961946980917455,-0.08715574274765824,11.4,95,0.0,7.97,0.9612616959383189,-0.27563735581699905,7.75,open-meteo,2026-08-08T10:04:01+00:00
2026-05-09 05:00:00+00:00,FR,solar,13.3,89,1.5,7.09,0.766044443118978,-0.6427876096865394,6.8,93,27.0,4.02,0.9986295347545738,0.052335956242943966,9.4,80,24.0,8.0,0.9975640502598242,-0.06975647374412533,11.2,97,2.0,8.58,0.9702957262759965,-0.24192189559966779,7.824999999999999,open-meteo,2026-08-08T10:04:01+00:00
2026-05-09 06:00:00+00:00,FR,solar,14.0,88,72.5,5.98,0.788010753606722,-0.6156614753256583,10.1,80,144.0,4.34,0.9945218953682733,0.10452846326765346,10.3,74,143.0,8.1,0.9993908270190958,-0.034899496702500955,12.2,96,68.0,8.49,0.981627183447664,-0.1908089953765448,6.349999999999998,open-meteo,2026-08-08T10:04:01+00:00
2026-05-09 07:00:00+00:00,FR,solar,15.7,80,108.0,6.13,0.8290375725550417,-0.5591929034707467,13.1,70,311.0,3.95,0.992546151641322,0.12186934340514749,11.9,69,308.0,6.3,0.984807753012208,-0.1736481776669303,13.7,89,165.0,7.51,0.9659258262890683,-0.25881904510252085,4.400000000000002,open-meteo,2026-08-08T10:04:01+00:00
2026-05-09 08:00:00+00:00,FR,solar,17.4,74,406.8,5.94,0.838670567945424,-0.5446390350150272,15.0,65,474.0,3.84,0.9945218953682733,0.10452846326765346,14.2,67,475.0,5.5,0.9781476007338057,-0.20791169081775934,15.5,83,365.0,7.35,0.9612616959383189,-0.27563735581699905,2.4750000000000014,open-meteo,2026-08-08T10:04:01+00:00
2026-05-09 09:00:00+00:00,FR,solar,18.8,70,567.9,5.55,0.8290375725550417,-0.5591929034707467,17.5,58,526.0,4.38,0.984807753012208,0.17364817766693041,16.8,58,626.0,4.9,0.9975640502598242,-0.06975647374412533,17.2,80,495.0,6.26,0.9563047559630355,-0.29237170472273666,0.4250000000000007,open-meteo,2026-08-08T10:04:01+00:00
2026-05-09 10:00:00+00:00,FR,solar,20.8,64,721.5,4.57,0.9205048534524403,-0.39073112848927377,19.7,54,751.0,4.13,0.9961946980917455,0.08715574274765814,18.6,56,749.0,6.8,0.9743700647852352,-0.22495105434386503,19.1,72,634.0,5.83,0.9563047559630355,-0.29237170472273666,1.5500000000000007,open-meteo,2026-08-08T10:04:01+00:00
2026-05-09 11:00:00+00:00,FR,solar,22.3,58,822.3,4.92,0.8910065241883679,-0.45399049973954675,21.2,49,832.0,5.23,0.9945218953682733,0.10452846326765346,19.6,58,825.0,5.8,0.9998476951563913,-0.017452406437283477,20.7,67,772.0,6.13,0.9743700647852352,-0.22495105434386503,2.9499999999999993,open-meteo,2026-08-08T10:04:01+00:00
2026-05-09 12:00:00+00:00,FR,solar,22.9,56,782.4,5.85,0.9563047559630355,-0.29237170472273666,22.4,44,861.0,4.8,0.9993908270190958,-0.034899496702500955,21.0,47,863.0,5.6,0.9998476951563913,-0.017452406437283477,20.8,63,735.0,6.8,0.9781476007338057,-0.20791169081775934,3.7749999999999986,open-meteo,2026-08-08T10:04:01+00:00
2026-05-09 13:00:00+00:00,FR,solar,23.6,54,616.7,5.37,0.8746197071393959,-0.484809620246337,22.9,41,761.0,3.61,0.7547095802227721,-0.6560590289905072,21.6,47,842.0,5.0,0.9876883405951378,0.15643446504023092,22.2,58,691.0,6.48,0.984807753012208,-0.1736481776669303,4.574999999999999,open-meteo,2026-08-08T10:04:01+00:00
2026-05-09 14:00:00+00:00,FR,solar,23.6,55,598.0,4.49,0.8480480961564261,-0.5299192642332048,23.4,39,717.0,2.07,0.9961946980917455,-0.08715574274765824,21.6,51,783.0,4.3,0.9876883405951378,0.15643446504023092,22.3,59,632.0,6.46,0.9702957262759965,-0.24192189559966779,4.724999999999998,open-meteo,2026-08-08T10:04:01+00:00
2026-05-09 15:00:00+00:00,FR,solar,23.3,56,510.8,5.72,0.8910065241883679,-0.45399049973954675,23.4,40,562.0,1.98,0.9876883405951378,-0.1564344650402308,22.1,42,416.0,4.8,0.9205048534524404,0.3907311284892737,22.0,58,515.0,6.39,0.9659258262890683,-0.25881904510252085,4.700000000000003,open-meteo,2026-08-08T10:04:01+00:00
2026-05-09 16:00:00+00:00,FR,solar,23.3,56,452.7,4.85,0.9271838545667874,-0.37460659341591207,22.9,41,479.0,3.38,0.9271838545667874,0.37460659341591196,21.9,46,530.0,5.3,0.9271838545667874,0.37460659341591196,21.4,61,401.0,7.35,0.9612616959383189,-0.27563735581699905,4.375,open-meteo,2026-08-08T10:04:01+00:00
2026-05-09 17:00:00+00:00,FR,solar,23.1,56,304.0,3.89,0.8987940462991669,-0.4383711467890775,22.4,42,308.0,4.17,0.9135454576426009,0.4067366430758002,21.4,54,368.0,5.0,0.9335804264972017,0.3583679495453004,20.6,62,279.0,7.8,0.90630778703665,-0.42261826174069933,3.875,open-meteo,2026-08-08T10:04:01+00:00
2026-05-09 18:00:00+00:00,FR,solar,22.0,60,110.5,3.68,0.7313537016191706,-0.6819983600624984,20.7,49,154.0,5.93,0.9271838545667874,0.37460659341591196,20.5,53,180.0,5.5,0.8290375725550417,0.5591929034707468,19.5,68,178.0,6.86,0.9271838545667874,-0.37460659341591207,2.6750000000000007,open-meteo,2026-08-08T10:04:01+00:00
2026-05-09 19:00:00+00:00,FR,solar,20.8,61,27.8,4.58,0.8090169943749475,-0.587785252292473,18.7,54,34.0,6.86,0.9993908270190958,0.03489949670250108,18.9,57,43.0,8.7,0.5877852522924731,0.8090169943749475,17.8,74,52.0,6.62,0.8746197071393959,-0.484809620246337,1.0500000000000007,open-meteo,2026-08-08T10:04:01+00:00
2026-05-09 20:00:00+00:00,FR,solar,18.0,79,0.0,2.34,-0.7660444431189779,-0.6427876096865395,16.4,61,0.0,6.77,0.9986295347545738,0.052335956242943966,17.0,69,1.0,7.1,0.8746197071393957,0.4848096202463371,16.1,79,0.0,7.62,0.8829475928589269,-0.4694715627858909,1.125,open-meteo,2026-08-08T10:04:01+00:00
2026-05-09 21:00:00+00:00,FR,solar,17.5,73,0.0,4.61,-0.22495105434386498,-0.9743700647852352,14.5,71,0.0,6.28,0.9975640502598242,0.06975647374412523,16.9,56,0.0,8.6,0.788010753606722,0.6156614753256583,15.4,78,0.0,6.27,0.8746197071393959,-0.484809620246337,1.9250000000000007,open-meteo,2026-08-08T10:04:01+00:00
2026-05-09 22:00:00+00:00,FR,solar,18.1,66,0.0,6.83,0.529919264233205,-0.848048096156426,13.7,75,0.0,6.28,0.9986295347545738,-0.05233595624294384,15.4,55,0.0,8.7,0.838670567945424,0.5446390350150271,14.7,80,0.0,5.13,0.8746197071393959,-0.484809620246337,2.5249999999999986,open-meteo,2026-08-08T10:04:01+00:00
2026-05-09 23:00:00+00:00,FR,solar,17.5,65,0.0,4.39,0.40673664307580043,-0.9135454576426008,12.9,77,0.0,5.25,0.9702957262759965,-0.24192189559966779,14.7,57,0.0,8.9,0.7771459614569709,0.6293203910498374,13.7,85,0.0,4.67,0.838670567945424,-0.5446390350150272,3.3000000000000007,open-meteo,2026-08-08T10:04:01+00:00
2026-05-10 00:00:00+00:00,FR,solar,16.9,68,0.0,5.78,0.8660254037844387,-0.49999999999999983,12.3,79,0.0,6.09,0.9975640502598242,0.06975647374412523,14.7,55,0.0,7.5,0.754709580222772,0.6560590289905073,12.9,87,0.0,4.13,0.9271838545667874,-0.37460659341591207,3.8000000000000007,open-meteo,2026-08-08T10:04:01+00:00
2026-05-10 01:00:00+00:00,FR,solar,16.4,71,0.0,4.02,0.8191520442889917,-0.5735764363510462,11.7,82,0.0,5.11,0.9781476007338056,0.20791169081775945,13.4,59,0.0,8.0,0.7771459614569709,0.6293203910498374,12.4,89,0.0,3.72,0.9510565162951536,-0.30901699437494734,4.525,open-meteo,2026-08-08T10:04:01+00:00
2026-05-10 02:00:00+00:00,FR,solar,15.9,73,0.0,6.27,0.5591929034707469,-0.8290375725550416,10.6,86,0.0,4.63,0.9743700647852352,0.22495105434386492,13.0,75,0.0,6.8,0.8910065241883679,0.45399049973954686,11.8,92,0.0,3.34,0.8480480961564261,-0.5299192642332048,5.175000000000001,open-meteo,2026-08-08T10:04:01+00:00
2026-05-10 03:00:00+00:00,FR,solar,15.7,68,0.0,5.35,0.5446390350150273,-0.8386705679454239,10.1,89,0.0,4.31,0.9563047559630354,0.29237170472273677,13.2,60,0.0,6.7,0.848048096156426,0.5299192642332049,12.0,92,0.0,3.89,0.8290375725550417,-0.5591929034707467,5.25,open-meteo,2026-08-08T10:04:01+00:00
2026-05-10 04:00:00+00:00,FR,solar,15.0,76,0.0,5.59,0.48480962024633717,-0.8746197071393957,10.4,86,0.0,4.74,0.788010753606722,0.6156614753256583,12.9,61,0.0,6.0,0.6560590289905073,0.754709580222772,11.9,94,0.0,2.12,0.8290375725550417,-0.5591929034707467,5.450000000000001,open-meteo,2026-08-08T10:04:01+00:00
2026-05-10 05:00:00+00:00,FR,solar,14.5,75,1.5,4.85,0.8480480961564261,-0.5299192642332048,11.1,84,24.0,5.7,0.8746197071393957,0.4848096202463371,13.8,77,17.0,7.0,0.7771459614569709,0.6293203910498374,11.7,96,2.0,2.71,0.7547095802227721,-0.6560590289905072,5.224999999999998,open-meteo,2026-08-08T10:04:01+00:00
2026-05-10 06:00:00+00:00,FR,solar,14.6,75,74.8,5.03,0.2923717047227366,-0.9563047559630355,12.5,79,104.0,4.06,0.9396926207859083,0.3420201433256688,13.5,64,87.0,5.8,0.6691306063588582,0.7431448254773942,12.2,96,85.0,2.63,0.45399049973954686,-0.8910065241883678,4.800000000000001,open-meteo,2026-08-08T10:04:01+00:00
2026-05-10 07:00:00+00:00,FR,solar,15.8,76,236.7,5.14,0.12186934340514755,-0.992546151641322,14.7,72,244.0,2.91,0.838670567945424,0.5446390350150271,14.9,73,127.0,6.0,0.754709580222772,0.6560590289905073,14.1,90,213.0,1.9,0.5735764363510459,-0.8191520442889919,3.125,open-meteo,2026-08-08T10:04:01+00:00
2026-05-10 08:00:00+00:00,FR,solar,17.6,73,418.0,6.24,-0.5735764363510462,-0.8191520442889918,16.4,69,330.0,1.88,0.9876883405951378,0.15643446504023092,15.1,69,111.0,6.3,0.8290375725550417,0.5591929034707468,16.1,86,298.0,1.08,0.0871557427476582,-0.9961946980917455,1.6999999999999993,open-meteo,2026-08-08T10:04:01+00:00
2026-05-10 09:00:00+00:00,FR,solar,19.8,61,528.5,8.11,-0.7771459614569706,-0.6293203910498378,18.2,66,409.0,1.88,-0.15643446504023073,-0.9876883405951378,16.2,61,187.0,4.7,0.8571673007021123,0.5150380749100542,18.1,77,524.0,1.46,-0.34202014332566866,-0.9396926207859084,0.07500000000000284,open-meteo,2026-08-08T10:04:01+00:00
2026-05-10 10:00:00+00:00,FR,solar,20.4,54,661.5,8.62,-0.7880107536067221,-0.6156614753256581,19.0,63,491.0,0.28,0.7071067811865475,0.7071067811865476,16.3,66,125.0,4.7,0.8571673007021123,0.5150380749100542,19.7,63,638.0,3.16,-0.961261695938319,-0.2756373558169989,0.8500000000000014,open-meteo,2026-08-08T10:04:01+00:00
2026-05-10 11:00:00+00:00,FR,solar,20.9,48,555.4,8.8,-0.7660444431189779,-0.6427876096865395,21.0,53,661.0,1.36,-0.5000000000000004,0.8660254037844384,17.4,64,209.0,3.4,0.7771459614569709,0.6293203910498374,20.1,60,551.0,5.21,-0.9781476007338056,-0.2079116908177598,1.8500000000000014,open-meteo,2026-08-08T10:04:01+00:00
2026-05-10 12:00:00+00:00,FR,solar,20.9,48,796.9,8.62,-0.7880107536067221,-0.6156614753256581,21.5,55,664.0,0.88,0.4539904997395468,0.8910065241883679,16.9,65,92.0,2.6,0.35836794954530027,0.9335804264972017,21.5,46,736.0,6.6,-0.9510565162951535,-0.30901699437494756,2.1999999999999993,open-meteo,2026-08-08T10:04:01+00:00
2026-05-10 13:00:00+00:00,FR,solar,21.5,46,822.1,8.52,-0.8571673007021121,-0.5150380749100544,20.8,57,354.0,2.66,0.10452846326765373,-0.9945218953682733,13.3,88,152.0,4.5,0.24192189559966773,0.9702957262759965,21.5,46,768.0,7.44,-0.9510565162951535,-0.30901699437494756,1.2749999999999986,open-meteo,2026-08-08T10:04:01+00:00
2026-05-10 14:00:00+00:00,FR,solar,21.5,46,822.7,7.51,-0.984807753012208,-0.17364817766693033,17.5,79,260.0,5.98,-0.984807753012208,-0.17364817766693033,16.5,65,138.0,3.2,-0.01745240643728356,0.9998476951563913,20.6,53,639.0,7.84,-0.9743700647852351,-0.22495105434386525,1.0249999999999986,open-meteo,2026-08-08T10:04:01+00:00
2026-05-10 15:00:00+00:00,FR,solar,21.4,46,728.4,7.75,-0.9563047559630353,-0.2923717047227371,17.9,79,207.0,5.55,-0.848048096156426,-0.529919264233205,15.9,70,58.0,5.3,-0.01745240643728356,0.9998476951563913,19.8,59,513.0,6.71,-0.9781476007338056,-0.2079116908177598,0.75,open-meteo,2026-08-08T10:04:01+00:00
2026-05-10 16:00:00+00:00,FR,solar,21.0,45,585.6,6.4,-0.9993908270190958,0.03489949670250128,15.4,83,142.0,5.66,-0.9205048534524403,-0.3907311284892738,13.0,95,39.0,7.1,0.573576436351046,0.8191520442889918,19.1,63,355.0,5.3,-0.9986295347545738,-0.052335956242944306,0.875,open-meteo,2026-08-08T10:04:01+00:00
2026-05-10 17:00:00+00:00,FR,solar,19.8,50,408.4,6.06,-0.9743700647852352,0.22495105434386492,15.7,88,116.0,5.24,-0.9335804264972015,-0.3583679495453007,13.6,93,15.0,5.8,0.0697564737441253,0.9975640502598242,18.0,68,256.0,2.81,-0.90630778703665,-0.42261826174069916,1.2250000000000014,open-meteo,2026-08-08T10:04:01+00:00
2026-05-10 18:00:00+00:00,FR,solar,18.5,53,149.5,3.77,-0.9271838545667874,0.37460659341591196,15.3,90,60.0,1.55,-0.9510565162951536,0.30901699437494723,12.6,95,7.0,5.3,0.1908089953765448,0.981627183447664,17.2,72,139.0,4.0,-0.29237170472273677,-0.9563047559630354,2.1000000000000014,open-meteo,2026-08-08T10:04:01+00:00
2026-05-10 19:00:00+00:00,FR,solar,17.6,56,52.5,3.8,-0.9993908270190958,0.03489949670250128,14.6,94,19.0,2.11,-0.9271838545667874,0.37460659341591196,11.9,97,2.0,6.9,0.6560590289905073,0.754709580222772,14.4,83,51.0,3.42,-0.4067366430758002,-0.9135454576426009,3.375,open-meteo,2026-08-08T10:04:01+00:00
2026-05-10 20:00:00+00:00,FR,solar,16.8,67,1.5,4.4,-0.9986295347545738,0.052335956242943946,14.0,95,0.0,1.46,-0.9396926207859084,-0.34202014332566855,12.6,98,0.0,6.4,0.7313537016191705,0.6819983600624985,14.3,86,0.0,3.96,-0.9876883405951377,-0.15643446504023104,3.5749999999999993,open-meteo,2026-08-08T10:04:01+00:00
2026-05-10 21:00:00+00:00,FR,solar,15.9,75,0.0,2.4,-1.0,-1.8369701987210297e-16,13.6,97,0.0,1.08,0.9961946980917455,-0.08715574274765824,11.6,98,0.0,6.2,0.052335956242943835,0.9986295347545738,13.9,93,0.0,4.02,-0.9986295347545738,-0.052335956242944306,4.25,open-meteo,2026-08-08T10:04:01+00:00
2026-05-10 22:00:00+00:00,FR,solar,14.8,85,0.0,4.6,-0.9993908270190958,0.03489949670250128,13.4,98,0.0,0.83,0.7071067811865476,-0.7071067811865475,11.6,97,0.0,3.0,0.13917310096006544,0.9902680687415704,13.1,92,0.0,3.73,-0.9986295347545738,-0.052335956242944306,4.774999999999999,open-meteo,2026-08-08T10:04:01+00:00
2026-05-10 23:00:00+00:00,FR,solar,14.3,86,0.0,6.14,-0.961261695938319,-0.2756373558169989,12.7,100,0.0,2.95,-0.2588190451025208,-0.9659258262890683,11.0,97,0.0,6.1,0.0697564737441253,0.9975640502598242,12.3,93,0.0,3.8,-0.8191520442889916,-0.5735764363510464,5.425000000000001,open-meteo,2026-08-08T10:04:01+00:00
2026-05-11 00:00:00+00:00,FR,solar,13.7,89,0.0,5.07,-0.9659258262890683,-0.25881904510252063,13.0,92,0.0,5.14,-0.3090169943749473,-0.9510565162951536,11.1,97,0.0,5.7,-0.08715574274765832,0.9961946980917455,11.4,92,0.0,4.13,-0.8090169943749473,-0.5877852522924732,5.700000000000001,open-meteo,2026-08-08T10:04:01+00:00
2026-05-11 01:00:00+00:00,FR,solar,12.4,95,0.0,5.33,-0.9205048534524403,-0.3907311284892738,12.6,95,0.0,6.23,-0.32556815445715676,-0.9455185755993167,11.1,96,0.0,5.4,-0.05233595624294437,0.9986295347545738,11.2,93,0.0,4.91,-0.874619707139396,-0.48480962024633684,6.175000000000001,open-meteo,2026-08-08T10:04:01+00:00
2026-05-11 02:00:00+00:00,FR,solar,12.3,95,0.0,5.89,-0.7660444431189779,-0.6427876096865395,12.4,95,0.0,8.16,-0.48480962024633695,-0.8746197071393959,10.2,97,0.0,6.1,-0.1736481776669304,0.984807753012208,11.2,92,0.0,5.59,-0.9659258262890683,-0.25881904510252063,6.474999999999998,open-meteo,2026-08-08T10:04:01+00:00
2026-05-11 03:00:00+00:00,FR,solar,12.0,96,0.0,6.24,-0.656059028990507,-0.7547095802227721,12.8,92,0.0,7.71,-0.656059028990507,-0.7547095802227721,9.6,95,0.0,6.3,-0.20791169081775987,0.9781476007338056,10.5,93,0.0,4.57,-0.984807753012208,-0.17364817766693033,6.775,open-meteo,2026-08-08T10:04:01+00:00
2026-05-11 04:00:00+00:00,FR,solar,11.7,96,0.0,6.46,-0.8191520442889916,-0.5735764363510464,12.5,91,0.0,7.85,-0.7660444431189779,-0.6427876096865395,9.0,94,0.0,6.7,-0.05233595624294437,0.9986295347545738,10.3,93,0.0,4.72,-0.9961946980917455,-0.08715574274765825,7.125,open-meteo,2026-08-08T10:04:01+00:00
2026-05-11 05:00:00+00:00,FR,solar,12.1,96,1.5,5.69,-0.8290375725550418,-0.5591929034707466,12.2,91,16.0,7.29,-0.8090169943749473,-0.5877852522924732,8.4,95,1.0,6.6,-0.29237170472273716,0.9563047559630353,10.0,94,3.0,4.31,-0.9998476951563913,-0.017452406437283498,7.325000000000001,open-meteo,2026-08-08T10:04:01+00:00
2026-05-11 06:00:00+00:00,FR,solar,13.2,91,77.2,5.44,-0.8090169943749473,-0.5877852522924732,12.3,89,54.0,7.44,-0.9335804264972015,-0.3583679495453007,8.0,97,5.0,6.0,-0.20791169081775987,0.9781476007338056,11.3,94,89.0,4.8,-0.9998476951563913,-0.017452406437283498,6.800000000000001,open-meteo,2026-08-08T10:04:01+00:00
2026-05-11 07:00:00+00:00,FR,solar,15.5,80,243.1,4.88,-0.882947592858927,-0.46947156278589075,13.0,85,111.0,8.29,-0.913545457642601,-0.4067366430758001,7.8,97,32.0,5.8,-0.19080899537654467,0.981627183447664,12.9,91,261.0,3.45,-0.9925461516413221,-0.12186934340514717,5.700000000000001,open-meteo,2026-08-08T10:04:01+00:00
2026-05-11 08:00:00+00:00,FR,solar,17.3,64,388.1,6.36,-0.9902680687415703,-0.13917310096006583,12.9,83,139.0,9.34,-0.9743700647852351,-0.22495105434386525,7.7,97,38.0,5.3,-0.529919264233205,0.8480480961564258,14.7,82,436.0,3.73,-0.9986295347545738,-0.052335956242944306,4.849999999999998,open-meteo,2026-08-08T10:04:01+00:00
2026-05-11 09:00:00+00:00,FR,solar,18.1,58,442.1,6.72,-0.9659258262890683,-0.25881904510252063,12.5,87,73.0,8.46,-0.9848077530122081,0.17364817766692997,7.9,95,34.0,5.2,-0.3090169943749477,0.9510565162951535,16.8,72,596.0,4.98,-0.984807753012208,-0.17364817766693033,4.175000000000001,open-meteo,2026-08-08T10:04:01+00:00
2026-05-11 10:00:00+00:00,FR,solar,19.1,53,620.6,8.04,-0.9563047559630353,-0.2923717047227371,11.0,88,94.0,6.77,-0.8571673007021123,0.5150380749100542,7.6,95,80.0,7.1,-0.4694715627858908,0.882947592858927,18.1,65,652.0,6.48,-0.984807753012208,-0.17364817766693033,4.049999999999999,open-meteo,2026-08-08T10:04:01+00:00
2026-05-11 11:00:00+00:00,FR,solar,19.6,51,723.0,9.02,-0.9659258262890683,-0.25881904510252063,10.2,88,103.0,6.37,-0.9205048534524405,0.3907311284892735,9.4,85,318.0,4.9,-0.19080899537654467,0.981627183447664,18.9,59,705.0,6.88,-0.9961946980917455,-0.08715574274765825,3.4749999999999996,open-meteo,2026-08-08T10:04:01+00:00
2026-05-11 12:00:00+00:00,FR,solar,19.6,51,823.1,9.1,-0.9781476007338056,-0.2079116908177598,10.2,85,124.0,6.39,-0.6560590289905074,0.7547095802227719,11.3,66,444.0,6.1,-0.35836794954530077,0.9335804264972015,19.8,57,842.0,6.9,-0.9925461516413221,-0.12186934340514717,2.7749999999999986,open-meteo,2026-08-08T10:04:01+00:00
2026-05-11 13:00:00+00:00,FR,solar,19.8,51,687.3,9.18,-0.981627183447664,-0.1908089953765446,10.3,84,237.0,6.82,-0.7771459614569708,0.6293203910498375,12.6,58,709.0,5.3,-0.45399049973954697,0.8910065241883678,19.9,56,789.0,7.86,-0.9975640502598242,-0.06975647374412558,2.3499999999999996,open-meteo,2026-08-08T10:04:01+00:00
2026-05-11 14:00:00+00:00,FR,solar,19.6,54,737.7,9.38,-0.992546151641322,0.12186934340514768,9.8,84,185.0,6.23,-0.7071067811865477,0.7071067811865474,12.0,59,356.0,5.6,-0.5591929034707466,0.8290375725550418,20.1,54,802.0,7.75,-0.9993908270190958,0.03489949670250128,2.6249999999999982,open-meteo,2026-08-08T10:04:01+00:00
2026-05-11 15:00:00+00:00,FR,solar,18.6,61,662.8,9.32,-0.9781476007338056,0.20791169081775945,9.4,84,151.0,5.43,-0.6293203910498378,0.7771459614569706,12.0,60,158.0,8.1,-0.7071067811865477,0.7071067811865474,20.3,48,687.0,8.19,-0.992546151641322,0.12186934340514768,2.9250000000000007,open-meteo,2026-08-08T10:04:01+00:00
2026-05-11 16:00:00+00:00,FR,solar,18.8,57,559.4,8.3,-0.9659258262890684,0.2588190451025203,9.8,75,222.0,7.21,-0.5150380749100545,0.8571673007021121,11.4,64,186.0,7.1,-0.6946583704589976,0.7193398003386509,20.0,47,498.0,8.44,-0.9743700647852352,0.22495105434386492,3.0,open-meteo,2026-08-08T10:04:01+00:00
2026-05-11 17:00:00+00:00,FR,solar,17.9,61,394.3,7.76,-0.9271838545667874,0.37460659341591196,10.3,74,253.0,4.44,-0.8571673007021123,0.5150380749100542,9.7,80,207.0,7.4,-0.24192189559966787,0.9702957262759965,19.2,48,400.0,8.41,-0.9659258262890684,0.2588190451025203,3.7250000000000014,open-meteo,2026-08-08T10:04:01+00:00
2026-05-11 18:00:00+00:00,FR,solar,16.8,65,181.3,6.92,-0.7986355100472932,0.6018150231520479,9.4,80,61.0,7.22,-0.9335804264972017,0.3583679495453004,8.8,84,202.0,4.8,-0.6018150231520483,0.7986355100472928,18.1,52,219.0,8.15,-0.9510565162951536,0.30901699437494723,4.725,open-meteo,2026-08-08T10:04:01+00:00
2026-05-11 19:00:00+00:00,FR,solar,15.4,70,51.5,5.8,-0.7193398003386512,0.6946583704589973,8.7,80,12.0,6.63,-0.7880107536067218,0.6156614753256585,8.5,75,63.0,8.7,-0.22495105434386534,0.9743700647852351,16.2,59,71.0,7.47,-0.945518575599317,0.3255681544571563,5.800000000000001,open-meteo,2026-08-08T10:04:01+00:00
2026-05-11 20:00:00+00:00,FR,solar,14.4,73,2.3,4.32,-0.6691306063588581,0.7431448254773944,8.2,87,0.0,5.63,-0.8191520442889918,0.573576436351046,8.0,74,0.0,6.1,-0.5150380749100545,0.8571673007021121,14.4,70,0.0,7.3,-0.9271838545667874,0.37460659341591196,6.75,open-meteo,2026-08-08T10:04:01+00:00
2026-05-11 21:00:00+00:00,FR,solar,13.6,76,0.0,4.17,-0.7193398003386512,0.6946583704589973,7.8,86,0.0,6.49,-0.5591929034707466,0.8290375725550418,6.7,96,0.0,6.0,-0.6427876096865396,0.7660444431189778,13.7,78,0.0,5.84,-0.9205048534524405,0.3907311284892735,7.550000000000001,open-meteo,2026-08-08T10:04:01+00:00
2026-05-11 22:00:00+00:00,FR,solar,13.0,79,0.0,3.5,-0.7986355100472932,0.6018150231520479,7.1,91,0.0,5.49,-0.8571673007021123,0.5150380749100542,4.9,94,0.0,6.4,-0.6819983600624984,0.7313537016191707,12.9,86,0.0,5.4,-0.9271838545667874,0.37460659341591196,8.525,open-meteo,2026-08-08T10:04:01+00:00
2026-05-11 23:00:00+00:00,FR,solar,12.4,83,0.0,3.88,-0.8191520442889918,0.573576436351046,6.7,85,0.0,6.53,-0.6560590289905074,0.7547095802227719,5.1,91,0.0,6.2,-0.5591929034707466,0.8290375725550418,12.3,92,0.0,5.42,-0.9396926207859083,0.342020143325669,8.875,open-meteo,2026-08-08T10:04:01+00:00
2026-05-12 00:00:00+00:00,FR,solar,11.7,86,0.0,3.96,-0.7313537016191703,0.6819983600624987,5.3,88,0.0,5.65,-0.5591929034707466,0.8290375725550418,4.2,88,0.0,7.3,-0.5591929034707466,0.8290375725550418,11.5,94,0.0,5.03,-0.8386705679454243,0.5446390350150266,9.825,open-meteo,2026-08-08T10:04:01+00:00
2026-05-12 01:00:00+00:00,FR,solar,11.4,87,0.0,4.93,-0.3090169943749477,0.9510565162951535,4.4,88,0.0,6.25,-0.5735764363510465,0.8191520442889916,2.8,99,0.0,6.7,-0.8090169943749476,0.5877852522924729,10.8,95,0.0,4.7,-0.8571673007021123,0.5150380749100542,10.649999999999999,open-meteo,2026-08-08T10:04:01+00:00
2026-05-12 02:00:00+00:00,FR,solar,10.8,91,0.0,4.73,-0.10452846326765342,0.9945218953682733,3.3,92,0.0,5.89,-0.7313537016191703,0.6819983600624987,2.7,98,0.0,6.5,-0.8090169943749476,0.5877852522924729,10.4,95,0.0,4.65,-0.8660254037844386,0.5000000000000001,11.2,open-meteo,2026-08-08T10:04:01+00:00
2026-05-12 03:00:00+00:00,FR,solar,10.1,94,0.0,4.8,0.01745240643728351,0.9998476951563913,2.2,94,0.0,5.59,-0.6156614753256582,0.7880107536067221,2.5,93,0.0,6.8,-0.7660444431189781,0.6427876096865393,9.7,96,0.0,3.64,-0.8090169943749476,0.5877852522924729,11.875,open-meteo,2026-08-08T10:04:01+00:00
2026-05-12 04:00:00+00:00,FR,solar,9.4,95,0.0,4.4,0.052335956242943835,0.9986295347545738,1.4,94,0.0,5.68,-0.8480480961564262,0.5299192642332047,2.1,99,0.0,6.1,-0.8191520442889918,0.573576436351046,9.2,98,0.0,2.57,-0.9510565162951536,0.30901699437494723,12.475,open-meteo,2026-08-08T10:04:01+00:00
2026-05-12 05:00:00+00:00,FR,solar,8.9,95,2.3,3.28,0.788010753606722,0.6156614753256583,1.9,91,36.0,5.53,-0.8660254037844386,0.5000000000000001,3.2,91,32.0,6.8,-0.9612616959383188,0.2756373558169994,9.0,99,3.0,2.42,-0.9702957262759966,0.24192189559966745,12.25,open-meteo,2026-08-08T10:04:01+00:00
2026-05-12 06:00:00+00:00,FR,solar,10.1,95,47.1,2.38,0.9659258262890683,0.25881904510252074,3.8,87,173.0,4.96,-0.9510565162951536,0.30901699437494723,4.9,88,163.0,6.6,-0.9271838545667874,0.37460659341591196,10.3,96,81.0,1.25,-0.7771459614569708,0.6293203910498375,10.725000000000001,open-meteo,2026-08-08T10:04:01+00:00
2026-05-12 07:00:00+00:00,FR,solar,13.3,81,198.1,2.78,0.788010753606722,0.6156614753256583,6.2,81,346.0,4.11,-0.9781476007338056,0.20791169081775945,7.2,80,332.0,3.6,-0.9396926207859083,0.342020143325669,12.2,89,231.0,0.42,-0.7071067811865477,0.7071067811865474,8.275,open-meteo,2026-08-08T10:04:01+00:00
2026-05-12 08:00:00+00:00,FR,solar,15.5,64,409.0,3.2,0.6293203910498374,0.7771459614569709,8.0,66,521.0,4.8,-0.9563047559630354,0.2923717047227367,8.6,65,502.0,4.7,-0.9563047559630354,0.2923717047227367,14.0,79,394.0,0.71,0.27563735581699916,0.9612616959383189,6.475,open-meteo,2026-08-08T10:04:01+00:00
2026-05-12 09:00:00+00:00,FR,solar,16.6,52,527.8,3.8,0.4539904997395468,0.8910065241883679,9.1,58,625.0,6.11,-0.9271838545667874,0.37460659341591196,9.6,59,642.0,3.5,-0.8910065241883679,0.45399049973954664,15.2,69,455.0,1.98,0.3420201433256687,0.9396926207859084,5.375,open-meteo,2026-08-08T10:04:01+00:00
2026-05-12 10:00:00+00:00,FR,solar,17.6,46,582.0,1.46,0.27563735581699916,0.9612616959383189,10.1,53,581.0,5.83,-0.9563047559630354,0.2923717047227367,10.5,53,739.0,3.4,-0.9510565162951536,0.30901699437494723,16.3,60,626.0,1.77,0.10452846326765347,0.9945218953682733,4.375,open-meteo,2026-08-08T10:04:01+00:00
2026-05-12 11:00:00+00:00,FR,solar,18.5,44,746.1,2.02,-0.3420201433256686,0.9396926207859084,10.2,52,634.0,6.08,-0.9659258262890684,0.2588190451025203,10.9,50,761.0,3.8,-0.9743700647852352,0.22495105434386492,17.2,55,672.0,1.98,-0.544639035015027,0.838670567945424,3.8000000000000007,open-meteo,2026-08-08T10:04:01+00:00
2026-05-12 12:00:00+00:00,FR,solar,18.8,45,814.6,5.3,0.03489949670250097,0.9993908270190958,10.8,49,507.0,5.83,-0.9563047559630354,0.2923717047227367,11.8,48,860.0,3.6,-0.9702957262759966,0.24192189559966745,18.2,52,754.0,2.33,-0.37460659341591235,0.9271838545667873,3.099999999999998,open-meteo,2026-08-08T10:04:01+00:00
2026-05-12 13:00:00+00:00,FR,solar,18.4,47,402.0,4.26,-0.15643446504023112,0.9876883405951377,11.4,51,665.0,5.59,-0.9659258262890684,0.2588190451025203,12.5,52,738.0,3.0,-0.9945218953682734,-0.10452846326765336,19.1,48,785.0,3.18,-0.5591929034707466,0.8290375725550418,2.6500000000000004,open-meteo,2026-08-08T10:04:01+00:00
2026-05-12 14:00:00+00:00,FR,solar,18.5,46,346.5,5.76,-0.13917310096006588,0.9902680687415703,11.3,50,569.0,5.17,-0.9063077870366498,0.4226182617406996,12.9,50,750.0,4.5,-0.9335804264972015,-0.3583679495453007,19.5,45,714.0,4.19,-0.544639035015027,0.838670567945424,2.4499999999999993,open-meteo,2026-08-08T10:04:01+00:00
2026-05-12 15:00:00+00:00,FR,solar,18.5,47,261.6,4.9,-0.29237170472273716,0.9563047559630353,11.7,48,372.0,4.02,-0.9986295347545738,0.052335956242943946,12.9,50,648.0,4.4,-0.981627183447664,-0.1908089953765446,19.4,45,648.0,4.96,-0.6156614753256582,0.7880107536067221,2.375,open-meteo,2026-08-08T10:04:01+00:00
2026-05-12 16:00:00+00:00,FR,solar,17.8,47,414.4,5.95,-0.3420201433256686,0.9396926207859084,11.7,47,329.0,4.82,-0.9743700647852352,0.22495105434386492,13.1,50,468.0,4.8,-0.9563047559630353,-0.2923717047227371,19.1,44,587.0,5.25,-0.544639035015027,0.838670567945424,2.5749999999999993,open-meteo,2026-08-08T10:04:01+00:00
2026-05-12 17:00:00+00:00,FR,solar,17.4,48,396.0,7.21,-0.4848096202463369,0.8746197071393959,11.1,48,226.0,5.33,-0.9563047559630354,0.2923717047227367,12.5,57,173.0,4.2,-0.8571673007021121,-0.5150380749100544,18.5,42,406.0,5.37,-0.6156614753256582,0.7880107536067221,3.125,open-meteo,2026-08-08T10:04:01+00:00
2026-05-12 18:00:00+00:00,FR,solar,16.3,53,249.8,6.73,-0.6691306063588581,0.7431448254773944,10.5,54,89.0,4.56,-0.9659258262890684,0.2588190451025203,12.3,58,77.0,4.4,-0.7313537016191703,-0.6819983600624986,17.6,46,200.0,4.37,-0.6946583704589976,0.7193398003386509,3.8249999999999993,open-meteo,2026-08-08T10:04:01+00:00
2026-05-12 19:00:00+00:00,FR,solar,14.7,61,64.8,6.01,-0.7313537016191703,0.6819983600624987,9.2,66,32.0,3.38,-0.9563047559630354,0.2923717047227367,11.1,66,18.0,5.8,-0.5735764363510462,-0.8191520442889918,15.8,55,67.0,4.61,-0.034899496702500823,0.9993908270190958,5.300000000000001,open-meteo,2026-08-08T10:04:01+00:00
2026-05-12 20:00:00+00:00,FR,solar,13.7,68,2.3,4.92,-0.7880107536067218,0.6156614753256585,7.9,74,0.0,3.04,-0.9659258262890684,0.2588190451025203,10.7,68,0.0,6.9,-0.4226182617406993,-0.90630778703665,14.6,61,1.0,5.78,-0.4383711467890778,0.8987940462991668,6.275,open-meteo,2026-08-08T10:04:01+00:00
2026-05-12 21:00:00+00:00,FR,solar,13.1,72,0.0,4.43,-0.8829475928589271,0.4694715627858904,6.2,84,0.0,3.98,-0.7880107536067221,-0.6156614753256581,10.6,66,0.0,7.6,-0.5000000000000001,-0.8660254037844386,13.7,67,0.0,6.08,-0.6156614753256582,0.7880107536067221,7.100000000000001,open-meteo,2026-08-08T10:04:01+00:00
2026-05-12 22:00:00+00:00,FR,solar,12.9,72,0.0,4.39,-0.8660254037844386,0.5000000000000001,5.2,83,0.0,4.24,-0.7660444431189779,-0.6427876096865395,10.0,78,0.0,7.4,-0.6156614753256582,-0.788010753606722,13.0,65,0.0,6.39,-0.8480480961564262,0.5299192642332047,7.725,open-meteo,2026-08-08T10:04:01+00:00
2026-05-12 23:00:00+00:00,FR,solar,12.7,73,0.0,4.46,-0.9612616959383188,0.2756373558169994,5.0,81,0.0,4.58,-0.6691306063588582,-0.7431448254773942,9.4,81,0.0,7.1,-0.9271838545667873,-0.3746065934159123,12.3,71,0.0,6.49,-0.9063077870366498,0.4226182617406996,8.149999999999999,open-meteo,2026-08-08T10:04:01+00:00
2026-05-13 00:00:00+00:00,FR,solar,12.5,73,0.0,4.5,-0.9998476951563913,0.01745240643728313,5.5,82,0.0,4.68,-0.6018150231520484,-0.7986355100472928,8.1,92,0.0,7.1,-0.984807753012208,-0.17364817766693033,10.9,78,0.0,6.72,-0.9205048534524405,0.3907311284892735,8.75,open-meteo,2026-08-08T10:04:01+00:00
2026-05-13 01:00:00+00:00,FR,solar,12.2,73,0.0,5.15,-0.9902680687415704,0.13917310096006547,6.3,77,0.0,5.06,-0.5299192642332048,-0.8480480961564261,7.3,94,0.0,8.6,-0.9455185755993168,-0.32556815445715664,10.5,82,0.0,6.04,-0.9563047559630354,0.2923717047227367,8.925,open-meteo,2026-08-08T10:04:01+00:00
2026-05-13 02:00:00+00:00,FR,solar,11.8,76,0.0,6.03,-0.9945218953682734,0.10452846326765299,6.3,78,0.0,4.97,-0.5299192642332048,-0.8480480961564261,7.3,94,0.0,9.5,-0.9563047559630353,-0.2923717047227371,10.3,85,0.0,5.61,-0.9961946980917455,0.08715574274765789,9.075,open-meteo,2026-08-08T10:04:01+00:00
2026-05-13 03:00:00+00:00,FR,solar,11.9,78,0.0,5.2,-0.9993908270190958,-0.03489949670250076,6.5,78,0.0,5.8,-0.6018150231520484,-0.7986355100472928,7.8,94,0.0,6.4,-0.9993908270190958,0.03489949670250128,10.2,88,0.0,5.57,-0.984807753012208,-0.17364817766693033,8.9,open-meteo,2026-08-08T10:04:01+00:00
2026-05-13 04:00:00+00:00,FR,solar,12.3,84,0.0,3.81,-0.9986295347545738,0.052335956242943946,6.6,78,0.0,6.06,-0.6293203910498376,-0.7771459614569708,7.7,98,0.0,6.0,-0.9998476951563913,0.01745240643728313,10.2,91,0.0,5.23,-0.9743700647852351,-0.22495105434386525,8.8,open-meteo,2026-08-08T10:04:01+00:00
2026-05-13 05:00:00+00:00,FR,solar,12.2,81,2.3,6.75,-0.992546151641322,0.12186934340514768,6.9,80,20.0,5.96,-0.7431448254773944,-0.6691306063588581,8.7,96,6.0,6.3,-0.9876883405951377,-0.15643446504023104,10.3,92,2.0,5.17,-0.984807753012208,-0.17364817766693033,8.475,open-meteo,2026-08-08T10:04:01+00:00
2026-05-13 06:00:00+00:00,FR,solar,12.8,85,44.0,4.34,-0.9902680687415704,0.13917310096006547,8.7,74,125.0,6.86,-0.7313537016191703,-0.6819983600624986,9.0,95,56.0,5.8,-0.9781476007338056,-0.2079116908177598,10.8,92,61.0,5.09,-0.981627183447664,-0.1908089953765446,7.675000000000001,open-meteo,2026-08-08T10:04:01+00:00
2026-05-13 07:00:00+00:00,FR,solar,13.7,79,209.9,4.98,-0.9271838545667874,0.37460659341591196,10.0,72,215.0,6.11,-0.754709580222772,-0.6560590289905073,10.5,93,318.0,6.1,-0.882947592858927,-0.46947156278589075,12.4,86,214.0,4.48,-0.9205048534524403,-0.3907311284892738,6.35,open-meteo,2026-08-08T10:04:01+00:00
2026-05-13 08:00:00+00:00,FR,solar,14.0,82,338.0,3.61,-0.6946583704589976,0.7193398003386509,11.1,71,292.0,9.48,-0.9205048534524403,-0.3907311284892738,11.9,77,71.0,8.8,-0.9335804264972015,-0.3583679495453007,14.0,78,369.0,5.95,-0.9396926207859084,-0.34202014332566855,5.25,open-meteo,2026-08-08T10:04:01+00:00
2026-05-13 09:00:00+00:00,FR,solar,15.9,78,478.4,5.96,-0.8191520442889918,0.573576436351046,12.0,69,345.0,9.77,-0.9335804264972015,-0.3583679495453007,12.2,72,349.0,7.5,-0.8910065241883678,-0.45399049973954697,14.6,72,363.0,6.84,-0.9743700647852351,-0.22495105434386525,4.325000000000001,open-meteo,2026-08-08T10:04:01+00:00
2026-05-13 10:00:00+00:00,FR,solar,15.5,75,657.4,5.85,-0.8386705679454243,0.5446390350150266,12.9,65,474.0,10.13,-0.9455185755993168,-0.32556815445715664,12.0,80,215.0,8.8,-0.8191520442889916,-0.5735764363510464,14.6,69,277.0,6.72,-0.9902680687415703,-0.13917310096006583,4.25,open-meteo,2026-08-08T10:04:01+00:00
2026-05-13 11:00:00+00:00,FR,solar,16.8,61,829.3,7.47,-0.9612616959383188,0.2756373558169994,12.5,63,555.0,11.13,-0.9781476007338056,-0.2079116908177598,11.4,73,180.0,10.1,-0.8191520442889916,-0.5735764363510464,16.2,64,472.0,7.76,-0.9975640502598243,0.06975647374412522,3.7749999999999986,open-meteo,2026-08-08T10:04:01+00:00
2026-05-13 12:00:00+00:00,FR,solar,17.8,54,817.7,8.62,-0.9271838545667874,0.37460659341591196,13.9,51,495.0,9.69,-0.913545457642601,-0.4067366430758001,13.0,66,361.0,9.8,-0.90630778703665,-0.42261826174069916,16.4,72,626.0,6.93,-0.9902680687415704,0.13917310096006547,2.7249999999999996,open-meteo,2026-08-08T10:04:01+00:00
2026-05-13 13:00:00+00:00,FR,solar,18.1,52,786.8,10.12,-0.9510565162951536,0.30901699437494723,14.1,49,396.0,12.59,-0.9335804264972015,-0.3583679495453007,8.9,93,191.0,9.0,-0.984807753012208,-0.17364817766693033,16.6,69,525.0,7.21,-0.992546151641322,0.12186934340514768,3.5749999999999993,open-meteo,2026-08-08T10:04:01+00:00
2026-05-13 14:00:00+00:00,FR,solar,17.8,50,796.3,10.57,-0.9563047559630354,0.2923717047227367,13.8,53,366.0,12.18,-0.9396926207859084,-0.34202014332566855,12.2,81,366.0,7.6,-0.8386705679454242,-0.544639035015027,17.7,63,621.0,7.97,-0.9945218953682734,0.10452846326765299,2.625,open-meteo,2026-08-08T10:04:01+00:00
2026-05-13 15:00:00+00:00,FR,solar,17.7,50,735.1,9.97,-0.992546151641322,0.12186934340514768,10.7,83,178.0,7.97,-0.9961946980917455,0.08715574274765789,11.5,76,111.0,8.4,-0.9743700647852351,-0.22495105434386525,17.4,58,450.0,9.07,-0.9816271834476639,0.1908089953765451,3.6750000000000007,open-meteo,2026-08-08T10:04:01+00:00
2026-05-13 16:00:00+00:00,FR,solar,16.8,52,560.2,9.65,-0.9945218953682734,0.10452846326765299,11.5,82,127.0,7.96,-0.8290375725550418,-0.5591929034707466,10.2,88,204.0,10.9,-0.848048096156426,-0.529919264233205,16.9,60,416.0,10.27,-0.9659258262890684,0.2588190451025203,4.15,open-meteo,2026-08-08T10:04:01+00:00
2026-05-13 17:00:00+00:00,FR,solar,16.4,56,422.1,9.41,-0.9781476007338056,0.20791169081775945,11.4,82,108.0,7.56,-0.8571673007021121,-0.5150380749100544,9.7,90,122.0,8.0,-0.874619707139396,-0.48480962024633684,15.9,63,323.0,10.01,-0.9612616959383188,0.2756373558169994,4.65,open-meteo,2026-08-08T10:04:01+00:00
2026-05-13 18:00:00+00:00,FR,solar,15.5,58,232.3,9.14,-0.9945218953682734,0.10452846326765299,9.3,82,69.0,12.42,-0.8290375725550416,0.559192903470747,8.3,96,123.0,7.6,-0.8910065241883678,-0.45399049973954697,14.8,62,193.0,9.84,-0.9743700647852352,0.22495105434386492,6.024999999999999,open-meteo,2026-08-08T10:04:01+00:00
2026-05-13 19:00:00+00:00,FR,solar,14.7,62,63.3,7.4,-1.0,-1.8369701987210297e-16,8.2,89,8.0,9.27,-0.9396926207859084,-0.34202014332566855,8.7,89,66.0,7.8,-0.882947592858927,-0.46947156278589075,13.8,64,65.0,8.88,-0.992546151641322,0.12186934340514768,6.65,open-meteo,2026-08-08T10:04:01+00:00
2026-05-13 20:00:00+00:00,FR,solar,14.2,64,0.8,6.51,-0.981627183447664,-0.1908089953765446,8.0,88,0.0,9.86,-0.961261695938319,-0.2756373558169989,7.8,91,2.0,9.7,-0.7660444431189779,-0.6427876096865395,12.6,72,1.0,8.03,-0.9998476951563913,-0.017452406437283498,7.35,open-meteo,2026-08-08T10:04:01+00:00
2026-05-13 21:00:00+00:00,FR,solar,13.9,65,0.0,6.86,-0.9902680687415703,-0.13917310096006583,7.8,89,0.0,7.51,-0.8571673007021121,-0.5150380749100544,7.5,95,0.0,6.0,-0.9848077530122081,0.17364817766692997,11.5,79,0.0,8.35,-0.9975640502598242,-0.06975647374412558,7.824999999999999,open-meteo,2026-08-08T10:04:01+00:00
2026-05-13 22:00:00+00:00,FR,solar,13.6,69,0.0,6.81,-0.9986295347545738,0.052335956242943946,7.4,91,0.0,8.57,-0.8571673007021121,-0.5150380749100544,6.7,95,0.0,6.5,-0.9925461516413221,-0.12186934340514717,11.1,83,0.0,8.44,-0.9743700647852351,-0.22495105434386525,8.3,open-meteo,2026-08-08T10:04:01+00:00
2026-05-13 23:00:00+00:00,FR,solar,12.6,76,0.0,7.37,-0.9902680687415704,0.13917310096006547,7.2,90,0.0,9.05,-0.8090169943749473,-0.5877852522924732,6.6,98,0.0,7.3,-0.848048096156426,-0.529919264233205,11.2,86,0.0,8.08,-0.9205048534524403,-0.3907311284892738,8.600000000000001,open-meteo,2026-08-08T10:04:01+00:00
2026-05-14 00:00:00+00:00,FR,solar,12.0,84,0.0,8.05,-0.9945218953682734,-0.10452846326765336,6.6,91,0.0,8.48,-0.8290375725550418,-0.5591929034707466,7.1,93,0.0,8.7,-0.9925461516413221,-0.12186934340514717,11.2,90,0.0,8.2,-0.874619707139396,-0.48480962024633684,8.774999999999999,open-meteo,2026-08-08T10:04:01+00:00
2026-05-14 01:00:00+00:00,FR,solar,11.8,89,0.0,8.7,-1.0,-1.8369701987210297e-16,6.1,92,0.0,8.78,-0.7771459614569706,-0.6293203910498378,6.7,93,0.0,8.0,-0.961261695938319,-0.2756373558169989,11.0,89,0.0,8.43,-0.8571673007021121,-0.5150380749100544,9.100000000000001,open-meteo,2026-08-08T10:04:01+00:00
2026-05-14 02:00:00+00:00,FR,solar,11.8,93,0.0,6.22,-0.9961946980917455,0.08715574274765789,5.9,93,0.0,8.89,-0.848048096156426,-0.529919264233205,6.5,96,0.0,7.8,-0.9993908270190958,-0.03489949670250076,10.8,88,0.0,8.68,-0.882947592858927,-0.46947156278589075,9.25,open-meteo,2026-08-08T10:04:01+00:00
2026-05-14 03:00:00+00:00,FR,solar,11.4,87,0.0,6.12,-0.7880107536067218,0.6156614753256585,6.7,93,0.0,8.48,-0.9271838545667873,-0.3746065934159123,6.1,97,0.0,6.9,-0.9205048534524403,-0.3907311284892738,11.1,81,0.0,9.86,-0.90630778703665,-0.42261826174069916,9.174999999999999,open-meteo,2026-08-08T10:04:01+00:00
2026-05-14 04:00:00+00:00,FR,solar,10.9,89,0.0,6.58,-0.9563047559630354,0.2923717047227367,6.6,93,0.0,7.58,-0.90630778703665,-0.42261826174069916,5.8,98,0.0,7.6,-0.9510565162951535,-0.30901699437494756,11.0,82,0.0,10.12,-0.9271838545667873,-0.3746065934159123,9.425,open-meteo,2026-08-08T10:04:01+00:00
2026-05-14 05:00:00+00:00,FR,solar,10.6,92,3.1,7.03,-0.9945218953682734,-0.10452846326765336,6.7,91,16.0,7.5,-0.874619707139396,-0.48480962024633684,6.2,98,6.0,6.6,-0.9945218953682734,-0.10452846326765336,10.6,86,2.0,9.08,-0.961261695938319,-0.2756373558169989,9.475,open-meteo,2026-08-08T10:04:01+00:00
2026-05-14 06:00:00+00:00,FR,solar,11.0,89,60.4,6.33,-0.9961946980917455,-0.08715574274765825,7.2,93,56.0,7.93,-0.8910065241883678,-0.45399049973954697,6.9,96,89.0,5.8,-0.7880107536067221,-0.6156614753256581,10.1,90,39.0,9.45,-0.9455185755993168,-0.32556815445715664,9.2,open-meteo,2026-08-08T10:04:01+00:00
2026-05-14 07:00:00+00:00,FR,solar,11.4,85,181.3,10.77,-0.7547095802227722,0.656059028990507,7.4,90,80.0,8.72,-0.9659258262890683,-0.25881904510252063,7.4,95,122.0,5.5,-0.9335804264972015,-0.3583679495453007,10.8,90,75.0,8.68,-0.9945218953682734,-0.10452846326765336,8.75,open-meteo,2026-08-08T10:04:01+00:00
2026-05-14 08:00:00+00:00,FR,solar,12.0,90,181.9,7.71,-0.9743700647852352,0.22495105434386492,7.7,87,172.0,8.89,-0.9455185755993168,-0.32556815445715664,6.2,93,100.0,6.7,-0.90630778703665,-0.42261826174069916,11.8,84,198.0,8.06,-0.9961946980917455,0.08715574274765789,8.575,open-meteo,2026-08-08T10:04:01+00:00
2026-05-14 09:00:00+00:00,FR,solar,12.6,81,356.3,10.26,-0.9659258262890684,0.2588190451025203,9.3,77,393.0,7.41,-0.9510565162951535,-0.30901699437494756,8.7,84,256.0,4.8,-0.7660444431189779,-0.6427876096865395,12.5,77,316.0,8.91,-0.9659258262890684,0.2588190451025203,7.225000000000001,open-meteo,2026-08-08T10:04:01+00:00
2026-05-14 10:00:00+00:00,FR,solar,13.7,82,717.0,6.65,-0.6946583704589976,0.7193398003386509,9.5,77,373.0,7.12,-0.848048096156426,-0.529919264233205,8.7,86,82.0,4.1,-0.9961946980917455,-0.08715574274765825,13.3,70,417.0,9.1,-0.9702957262759966,0.24192189559966745,6.699999999999999,open-meteo,2026-08-08T10:04:01+00:00
2026-05-14 11:00:00+00:00,FR,solar,13.7,75,567.1,8.29,-0.9205048534524405,0.3907311284892735,9.3,82,273.0,10.85,-0.9205048534524403,-0.3907311284892738,11.2,67,666.0,4.0,-0.9510565162951536,0.30901699437494723,14.4,64,632.0,9.69,-0.9702957262759966,0.24192189559966745,5.85,open-meteo,2026-08-08T10:04:01+00:00
2026-05-14 12:00:00+00:00,FR,solar,13.6,78,668.2,8.16,-0.8571673007021123,0.5150380749100542,8.7,82,333.0,5.46,-0.9876883405951377,-0.15643446504023104,6.7,94,586.0,8.6,-0.7880107536067218,0.6156614753256585,14.7,63,685.0,10.6,-0.9876883405951378,0.15643446504023067,7.075000000000001,open-meteo,2026-08-08T10:04:01+00:00
2026-05-14 13:00:00+00:00,FR,solar,13.6,72,437.5,10.42,-0.9335804264972017,0.3583679495453004,10.7,79,561.0,4.97,-0.848048096156426,-0.529919264233205,6.3,99,301.0,3.1,-0.8090169943749476,0.5877852522924729,15.0,60,703.0,11.39,-0.9816271834476639,0.1908089953765451,6.600000000000001,open-meteo,2026-08-08T10:04:01+00:00
2026-05-14 14:00:00+00:00,FR,solar,14.0,64,411.1,9.06,-0.7431448254773946,0.6691306063588578,9.9,83,353.0,4.22,-0.9986295347545738,0.052335956242943946,9.8,73,99.0,3.4,-0.6018150231520483,0.7986355100472928,15.0,59,703.0,11.46,-0.9743700647852352,0.22495105434386492,5.824999999999999,open-meteo,2026-08-08T10:04:01+00:00
2026-05-14 15:00:00+00:00,FR,solar,12.3,85,333.1,8.68,-0.9659258262890684,0.2588190451025203,10.5,77,164.0,3.41,-0.9510565162951535,-0.30901699437494756,9.0,78,277.0,4.7,-0.3907311284892739,0.9205048534524403,14.4,62,553.0,11.18,-0.9816271834476639,0.1908089953765451,6.449999999999999,open-meteo,2026-08-08T10:04:01+00:00
2026-05-14 16:00:00+00:00,FR,solar,12.5,79,300.9,7.05,-0.8480480961564262,0.5299192642332047,10.8,73,300.0,3.68,-0.90630778703665,-0.42261826174069916,7.5,93,169.0,5.7,-0.6293203910498378,0.7771459614569706,13.7,64,320.0,10.58,-0.9612616959383188,0.2756373558169994,6.875,open-meteo,2026-08-08T10:04:01+00:00
2026-05-14 17:00:00+00:00,FR,solar,12.4,76,191.4,9.64,-0.8571673007021123,0.5150380749100542,8.5,88,82.0,4.58,-0.6691306063588581,0.7431448254773944,8.6,82,97.0,5.2,-0.3090169943749477,0.9510565162951535,12.9,67,228.0,9.79,-0.9510565162951536,0.30901699437494723,7.4,open-meteo,2026-08-08T10:04:01+00:00
2026-05-14 18:00:00+00:00,FR,solar,10.8,89,61.7,5.39,-0.9816271834476639,0.1908089953765451,8.6,87,106.0,2.45,-0.961261695938319,-0.2756373558169989,7.9,91,225.0,2.4,-0.6819983600624984,0.7313537016191707,11.5,79,91.0,8.78,-0.9816271834476639,0.1908089953765451,8.3,open-meteo,2026-08-08T10:04:01+00:00
2026-05-14 19:00:00+00:00,FR,solar,10.2,89,22.4,3.83,-0.7547095802227722,0.656059028990507,7.9,90,38.0,2.98,-0.6946583704589974,-0.7193398003386511,7.8,94,56.0,3.0,-0.9986295347545738,0.052335956242943946,10.4,90,21.0,7.05,-0.9998476951563913,0.01745240643728313,8.924999999999999,open-meteo,2026-08-08T10:04:01+00:00
2026-05-14 20:00:00+00:00,FR,solar,9.8,92,1.5,5.28,-0.945518575599317,0.3255681544571563,7.0,94,0.0,3.48,-0.5299192642332048,-0.8480480961564261,5.6,94,0.0,4.8,-0.01745240643728356,0.9998476951563913,10.1,92,0.0,5.88,-0.9993908270190958,0.03489949670250128,9.875,open-meteo,2026-08-08T10:04:01+00:00
2026-05-14 21:00:00+00:00,FR,solar,9.7,95,0.0,2.52,-0.992546151641322,0.12186934340514768,6.4,95,0.0,3.43,-0.6018150231520484,-0.7986355100472928,4.7,98,0.0,5.4,-0.20791169081775987,0.9781476007338056,9.6,94,0.0,5.48,-0.984807753012208,-0.17364817766693033,10.4,open-meteo,2026-08-08T10:04:01+00:00
2026-05-14 22:00:00+00:00,FR,solar,9.6,92,0.0,3.69,-0.9743700647852352,0.22495105434386492,5.3,97,0.0,3.02,-0.8090169943749473,-0.5877852522924732,6.7,98,0.0,3.2,-0.06975647374412564,0.9975640502598242,9.5,94,0.0,6.47,-0.9986295347545738,-0.052335956242944306,10.225000000000001,open-meteo,2026-08-08T10:04:01+00:00
2026-05-14 23:00:00+00:00,FR,solar,9.2,93,0.0,3.22,-0.898794046299167,0.4383711467890774,5.0,96,0.0,3.63,-0.9986295347545738,0.052335956242943946,5.4,96,0.0,6.5,0.1908089953765448,0.981627183447664,9.3,92,0.0,6.79,-0.9510565162951536,0.30901699437494723,10.774999999999999,open-meteo,2026-08-08T10:04:01+00:00
2026-05-15 00:00:00+00:00,FR,solar,9.3,94,0.0,3.8,-0.8910065241883679,0.45399049973954664,5.2,97,0.0,3.42,-0.9135454576426011,0.40673664307579976,5.4,97,0.0,6.0,-0.05233595624294437,0.9986295347545738,9.0,91,0.0,6.08,-0.9659258262890684,0.2588190451025203,10.775,open-meteo,2026-08-08T10:04:01+00:00
2026-05-15 01:00:00+00:00,FR,solar,8.8,94,0.0,3.05,-0.529919264233205,0.8480480961564258,4.9,98,0.0,3.08,-0.9876883405951378,0.15643446504023067,4.5,98,0.0,6.0,0.03489949670250097,0.9993908270190958,8.5,93,0.0,5.38,-0.9848077530122081,0.17364817766692997,11.325,open-meteo,2026-08-08T10:04:01+00:00
2026-05-15 02:00:00+00:00,FR,solar,8.8,93,0.0,3.62,-0.6293203910498378,0.7771459614569706,5.1,99,0.0,3.23,-0.9702957262759966,0.24192189559966745,5.4,97,0.0,6.5,-0.15643446504023112,0.9876883405951377,8.5,93,0.0,6.08,-0.9998476951563913,0.01745240643728313,11.05,open-meteo,2026-08-08T10:04:01+00:00
2026-05-15 03:00:00+00:00,FR,solar,8.4,94,0.0,4.3,-0.5877852522924734,0.8090169943749473,5.9,98,0.0,2.96,-0.8290375725550416,0.559192903470747,4.9,98,0.0,6.9,0.08715574274765817,0.9961946980917455,8.5,96,0.0,6.46,-0.9848077530122081,0.17364817766692997,11.075,open-meteo,2026-08-08T10:04:01+00:00
2026-05-15 04:00:00+00:00,FR,solar,7.5,94,0.0,3.04,-0.45399049973954697,0.8910065241883678,6.2,97,0.0,3.24,-0.4848096202463369,0.8746197071393959,4.2,97,0.0,6.7,0.224951054343865,0.9743700647852352,8.5,94,0.0,5.1,-0.7880107536067218,0.6156614753256585,11.4,open-meteo,2026-08-08T10:04:01+00:00
2026-05-15 05:00:00+00:00,FR,solar,7.0,94,3.1,4.81,-0.20791169081775987,0.9781476007338056,6.1,95,18.0,3.92,-0.529919264233205,0.8480480961564258,4.3,100,37.0,6.7,0.29237170472273677,0.9563047559630354,8.1,93,3.0,4.24,-0.6427876096865396,0.7660444431189778,11.625,open-meteo,2026-08-08T10:04:01+00:00
2026-05-15 06:00:00+00:00,FR,solar,7.9,93,88.7,5.19,-0.3255681544571567,0.9455185755993168,6.1,94,58.0,2.77,-0.3907311284892739,0.9205048534524403,5.6,91,140.0,4.6,0.01745240643728351,0.9998476951563913,7.6,91,66.0,4.74,-0.5000000000000004,0.8660254037844384,11.2,open-meteo,2026-08-08T10:04:01+00:00
2026-05-15 07:00:00+00:00,FR,solar,9.8,86,247.7,2.65,-0.19080899537654467,0.981627183447664,7.1,88,199.0,2.85,-0.45399049973954697,0.8910065241883678,7.6,83,340.0,2.7,-0.13917310096006588,0.9902680687415703,8.4,85,195.0,4.79,-0.3907311284892739,0.9205048534524403,9.775,open-meteo,2026-08-08T10:04:01+00:00
2026-05-15 08:00:00+00:00,FR,solar,11.4,78,421.3,3.72,-0.10452846326765342,0.9945218953682733,8.4,84,397.0,3.24,-0.4848096202463369,0.8746197071393959,9.1,75,512.0,2.8,-0.13917310096006588,0.9902680687415703,9.4,78,304.0,4.91,-0.4383711467890778,0.8987940462991668,8.425,open-meteo,2026-08-08T10:04:01+00:00
2026-05-15 09:00:00+00:00,FR,solar,12.7,66,568.7,3.85,0.15643446504023087,0.9876883405951378,9.4,75,470.0,2.88,-0.5735764363510465,0.8191520442889916,10.5,64,657.0,3.5,-0.27563735581699894,0.9612616959383189,10.7,71,475.0,4.21,-0.4226182617406992,0.90630778703665,7.175000000000001,open-meteo,2026-08-08T10:04:01+00:00
2026-05-15 10:00:00+00:00,FR,solar,13.6,60,669.6,3.28,0.20791169081775934,0.9781476007338057,9.8,72,399.0,4.34,-0.4226182617406992,0.90630778703665,10.9,63,715.0,3.9,-0.45399049973954697,0.8910065241883678,12.4,67,626.0,3.55,-0.7771459614569708,0.6293203910498375,6.325000000000001,open-meteo,2026-08-08T10:04:01+00:00
2026-05-15 11:00:00+00:00,FR,solar,14.7,53,425.0,3.92,-0.10452846326765342,0.9945218953682733,11.2,66,554.0,4.51,-0.45399049973954697,0.8910065241883678,11.1,60,257.0,5.1,-0.8480480961564262,0.5299192642332047,13.7,61,755.0,3.94,-0.8191520442889918,0.573576436351046,5.324999999999999,open-meteo,2026-08-08T10:04:01+00:00
2026-05-15 12:00:00+00:00,FR,solar,15.7,45,764.7,3.38,-0.3255681544571567,0.9455185755993168,11.7,62,619.0,5.4,-0.4848096202463369,0.8746197071393959,10.2,61,380.0,4.0,-0.9975640502598243,0.06975647374412522,14.0,60,710.0,5.17,-0.7986355100472932,0.6018150231520479,5.100000000000001,open-meteo,2026-08-08T10:04:01+00:00
2026-05-15 13:00:00+00:00,FR,solar,16.3,44,725.1,4.18,-0.6691306063588581,0.7431448254773944,12.2,53,747.0,5.79,-0.4694715627858908,0.882947592858927,10.5,74,664.0,10.1,-0.6156614753256582,0.7880107536067221,14.4,58,803.0,5.36,-0.8571673007021123,0.5150380749100542,4.65,open-meteo,2026-08-08T10:04:01+00:00
2026-05-15 14:00:00+00:00,FR,solar,16.8,40,697.3,4.99,-0.544639035015027,0.838670567945424,12.8,52,656.0,4.05,-0.529919264233205,0.8480480961564258,10.3,67,624.0,7.5,-0.27563735581699894,0.9612616959383189,14.8,56,736.0,5.61,-0.9063077870366498,0.4226182617406996,4.324999999999999,open-meteo,2026-08-08T10:04:01+00:00
2026-05-15 15:00:00+00:00,FR,solar,16.1,48,644.9,5.83,-0.9271838545667874,0.37460659341591196,13.6,49,624.0,3.06,-0.7660444431189781,0.6427876096865393,9.0,76,636.0,4.9,-0.19080899537654467,0.981627183447664,14.3,59,701.0,7.01,-0.8829475928589271,0.4694715627858904,4.75,open-meteo,2026-08-08T10:04:01+00:00
2026-05-15 16:00:00+00:00,FR,solar,15.1,59,405.9,7.08,-0.8090169943749476,0.5877852522924729,12.2,56,423.0,8.33,-0.6018150231520483,0.7986355100472928,9.7,76,450.0,4.8,-0.7660444431189781,0.6427876096865393,13.6,63,463.0,7.46,-0.8660254037844386,0.5000000000000001,5.35,open-meteo,2026-08-08T10:04:01+00:00
2026-05-15 17:00:00+00:00,FR,solar,14.6,53,312.5,8.29,-0.7431448254773946,0.6691306063588578,10.9,59,236.0,6.39,-0.9659258262890684,0.2588190451025203,6.9,92,265.0,5.8,-0.9659258262890684,0.2588190451025203,13.2,63,300.0,7.24,-0.8660254037844386,0.5000000000000001,6.600000000000001,open-meteo,2026-08-08T10:04:01+00:00
2026-05-15 18:00:00+00:00,FR,solar,13.8,55,261.0,7.43,-0.7313537016191703,0.6819983600624987,10.6,58,109.0,7.97,-0.7071067811865477,0.7071067811865474,9.7,71,92.0,3.9,-0.529919264233205,0.8480480961564258,12.8,64,242.0,6.64,-0.7986355100472932,0.6018150231520479,6.275000000000002,open-meteo,2026-08-08T10:04:01+00:00
2026-05-15 19:00:00+00:00,FR,solar,12.4,64,95.1,6.78,-0.7986355100472932,0.6018150231520479,9.0,75,43.0,6.14,-0.7771459614569708,0.6293203910498375,8.9,80,42.0,1.5,0.9612616959383189,0.27563735581699916,11.8,70,78.0,5.49,-0.9271838545667874,0.37460659341591196,7.475000000000001,open-meteo,2026-08-08T10:04:01+00:00
2026-05-15 20:00:00+00:00,FR,solar,11.1,70,5.4,5.12,-0.9563047559630354,0.2923717047227367,7.9,78,0.0,6.44,-0.8386705679454243,0.5446390350150266,7.0,92,0.0,3.9,-0.5150380749100545,0.8571673007021121,10.7,77,1.0,5.47,-0.9659258262890684,0.2588190451025203,8.825,open-meteo,2026-08-08T10:04:01+00:00
2026-05-15 21:00:00+00:00,FR,solar,10.2,73,0.0,5.65,-0.9743700647852352,0.22495105434386492,6.5,86,0.0,6.23,-0.8660254037844386,0.5000000000000001,7.2,87,0.0,7.1,-0.9335804264972017,0.3583679495453004,10.0,74,0.0,5.61,-0.9612616959383188,0.2756373558169994,9.525,open-meteo,2026-08-08T10:04:01+00:00
2026-05-15 22:00:00+00:00,FR,solar,9.3,76,0.0,6.14,-0.992546151641322,0.12186934340514768,6.5,87,0.0,4.97,-0.37460659341591235,0.9271838545667873,6.5,97,0.0,0.5,0.8571673007021123,0.5150380749100542,9.1,77,0.0,5.94,-0.9743700647852352,0.22495105434386492,10.15,open-meteo,2026-08-08T10:04:01+00:00
2026-05-15 23:00:00+00:00,FR,solar,8.6,80,0.0,5.99,-0.9659258262890684,0.2588190451025203,6.9,85,0.0,4.33,-0.6156614753256582,0.7880107536067221,6.5,97,0.0,3.9,-0.8480480961564262,0.5299192642332047,8.4,84,0.0,5.93,-0.9902680687415704,0.13917310096006547,10.4,open-meteo,2026-08-08T10:04:01+00:00
2026-05-16 00:00:00+00:00,FR,solar,9.2,79,0.0,8.8,-0.9998476951563913,-0.017452406437283498,6.3,83,0.0,4.32,-0.6293203910498378,0.7771459614569706,6.0,92,0.0,3.6,-0.9702957262759966,0.24192189559966745,7.8,86,0.0,5.71,-0.9945218953682734,-0.10452846326765336,10.675,open-meteo,2026-08-08T10:04:01+00:00
2026-05-16 01:00:00+00:00,FR,solar,8.8,89,0.0,4.88,-0.7313537016191703,0.6819983600624987,6.1,82,0.0,5.41,-0.7431448254773946,0.6691306063588578,5.5,94,0.0,1.8,-0.7986355100472928,-0.6018150231520483,7.5,88,0.0,5.87,-0.9659258262890683,-0.25881904510252063,11.025,open-meteo,2026-08-08T10:04:01+00:00
2026-05-16 02:00:00+00:00,FR,solar,8.6,92,0.0,5.9,-0.9993908270190958,0.03489949670250128,5.5,83,0.0,4.52,-0.7547095802227722,0.656059028990507,5.8,99,0.0,2.9,-0.9396926207859083,0.342020143325669,7.4,90,0.0,6.01,-0.9455185755993168,-0.32556815445715664,11.175,open-meteo,2026-08-08T10:04:01+00:00
2026-05-16 03:00:00+00:00,FR,solar,8.4,94,0.0,5.0,-1.0,-1.8369701987210297e-16,4.2,92,0.0,4.02,-0.8290375725550416,0.559192903470747,6.0,93,0.0,2.5,-0.9986295347545738,0.052335956242943946,7.7,94,0.0,7.0,-0.9510565162951535,-0.30901699437494756,11.425,open-meteo,2026-08-08T10:04:01+00:00
2026-05-16 04:00:00+00:00,FR,solar,9.1,92,0.0,5.63,-0.9781476007338056,0.20791169081775945,3.6,95,0.0,3.07,-0.8910065241883679,0.45399049973954664,5.8,96,0.0,2.4,0.13917310096006533,-0.9902680687415704,7.3,96,0.0,7.58,-0.9702957262759965,-0.24192189559966779,11.55,open-meteo,2026-08-08T10:04:01+00:00
2026-05-16 05:00:00+00:00,FR,solar,8.4,89,3.9,6.8,-0.9563047559630354,0.2923717047227367,3.8,95,32.0,3.09,-0.9816271834476639,0.1908089953765451,6.0,98,36.0,3.9,-0.5299192642332048,-0.8480480961564261,7.3,96,3.0,7.19,-0.9563047559630353,-0.2923717047227371,11.625,open-meteo,2026-08-08T10:04:01+00:00
2026-05-16 06:00:00+00:00,FR,solar,9.2,88,51.7,5.79,-0.9848077530122081,0.17364817766692997,5.6,89,147.0,2.47,-0.992546151641322,0.12186934340514768,6.0,98,11.0,2.6,-0.4539904997395467,-0.8910065241883679,7.9,95,51.0,6.27,-0.8910065241883678,-0.45399049973954697,10.825000000000001,open-meteo,2026-08-08T10:04:01+00:00
2026-05-16 07:00:00+00:00,FR,solar,10.5,87,170.5,4.87,-0.945518575599317,0.3255681544571563,7.7,78,288.0,2.06,-0.9986295347545738,-0.052335956242944306,8.0,85,28.0,2.2,-0.46947156278589086,-0.8829475928589269,9.0,91,109.0,6.76,-0.9563047559630353,-0.2923717047227371,9.2,open-meteo,2026-08-08T10:04:01+00:00
2026-05-16 08:00:00+00:00,FR,solar,11.7,81,440.6,3.1,-0.9659258262890684,0.2588190451025203,9.4,67,422.0,2.98,-0.9876883405951378,0.15643446504023067,8.8,84,73.0,4.2,-0.29237170472273677,-0.9563047559630354,10.3,85,200.0,6.17,-1.0,-1.8369701987210297e-16,7.949999999999999,open-meteo,2026-08-08T10:04:01+00:00
2026-05-16 09:00:00+00:00,FR,solar,13.5,75,526.2,2.91,-0.9612616959383188,0.2756373558169994,9.8,61,394.0,4.66,-0.9902680687415703,-0.13917310096006583,9.7,83,266.0,2.1,0.10452846326765373,-0.9945218953682733,11.8,80,385.0,5.0,-1.0,-1.8369701987210297e-16,6.800000000000001,open-meteo,2026-08-08T10:04:01+00:00
2026-05-16 10:00:00+00:00,FR,solar,14.6,63,671.1,4.8,-0.8090169943749476,0.5877852522924729,11.0,56,453.0,4.83,-0.9945218953682734,0.10452846326765299,9.2,87,312.0,2.7,-0.981627183447664,-0.1908089953765446,13.1,74,557.0,5.33,-0.992546151641322,0.12186934340514768,6.025,open-meteo,2026-08-08T10:04:01+00:00
2026-05-16 11:00:00+00:00,FR,solar,14.7,60,544.8,5.98,-0.9510565162951536,0.30901699437494723,12.4,55,644.0,4.48,-0.9205048534524403,-0.3907311284892738,9.6,91,423.0,5.1,-0.9702957262759965,-0.24192189559966779,14.0,66,630.0,5.69,-0.9816271834476639,0.1908089953765451,5.324999999999999,open-meteo,2026-08-08T10:04:01+00:00
2026-05-16 12:00:00+00:00,FR,solar,15.2,58,530.7,6.44,-0.9945218953682734,0.10452846326765299,12.9,52,639.0,3.69,-0.9271838545667873,-0.3746065934159123,12.5,66,605.0,2.5,-0.8987940462991668,-0.43837114678907774,13.4,71,400.0,4.92,-0.9743700647852352,0.22495105434386492,4.5,open-meteo,2026-08-08T10:04:01+00:00
2026-05-16 13:00:00+00:00,FR,solar,15.9,56,508.3,6.4,-0.9848077530122081,0.17364817766692997,13.6,47,639.0,3.72,-0.9510565162951535,-0.30901699437494756,11.9,68,274.0,5.2,-0.898794046299167,0.4383711467890774,13.3,70,266.0,5.84,-0.9205048534524405,0.3907311284892735,4.324999999999999,open-meteo,2026-08-08T10:04:01+00:00
2026-05-16 14:00:00+00:00,FR,solar,14.8,66,277.8,6.18,-0.9876883405951378,0.15643446504023067,14.2,43,579.0,5.19,-0.9271838545667873,-0.3746065934159123,9.7,85,222.0,3.1,-0.6293203910498378,0.7771459614569706,15.3,58,553.0,6.15,-0.9876883405951378,0.15643446504023067,4.5,open-meteo,2026-08-08T10:04:01+00:00
2026-05-16 15:00:00+00:00,FR,solar,15.8,59,273.9,7.31,-0.9986295347545738,-0.052335956242944306,13.0,59,331.0,5.78,-0.8987940462991668,-0.43837114678907774,9.9,82,296.0,2.7,-0.01745240643728356,0.9998476951563913,14.2,66,373.0,7.04,-0.9612616959383188,0.2756373558169994,4.774999999999999,open-meteo,2026-08-08T10:04:01+00:00
2026-05-16 16:00:00+00:00,FR,solar,14.8,68,420.7,7.0,-0.9998476951563913,-0.017452406437283498,13.5,52,347.0,4.76,-0.6018150231520484,-0.7986355100472928,9.8,88,304.0,3.3,-0.7771459614569706,-0.6293203910498378,14.0,68,210.0,7.13,-0.9612616959383188,0.2756373558169994,4.975,open-meteo,2026-08-08T10:04:01+00:00
2026-05-16 17:00:00+00:00,FR,solar,14.1,77,321.8,5.28,-0.984807753012208,-0.17364817766693033,13.2,45,231.0,5.85,-0.9702957262759965,-0.24192189559966779,11.4,74,147.0,2.6,-0.5000000000000001,-0.8660254037844386,13.5,73,174.0,7.23,-0.9876883405951378,0.15643446504023067,4.950000000000001,open-meteo,2026-08-08T10:04:01+00:00
2026-05-16 18:00:00+00:00,FR,solar,14.7,72,206.0,5.66,-0.9902680687415703,-0.13917310096006583,9.9,79,39.0,4.95,-0.4226182617406993,-0.90630778703665,10.7,89,148.0,2.6,0.4383711467890773,-0.898794046299167,12.4,84,97.0,5.29,-0.9993908270190958,0.03489949670250128,6.075000000000001,open-meteo,2026-08-08T10:04:01+00:00
2026-05-16 19:00:00+00:00,FR,solar,13.7,81,82.6,5.15,-0.9902680687415703,-0.13917310096006583,9.5,77,18.0,4.39,-0.874619707139396,-0.48480962024633684,9.4,87,61.0,4.2,-0.7660444431189779,-0.6427876096865395,12.0,86,29.0,4.51,-1.0,-1.8369701987210297e-16,6.85,open-meteo,2026-08-08T10:04:01+00:00
2026-05-16 20:00:00+00:00,FR,solar,13.0,86,3.9,3.79,-0.9510565162951535,-0.30901699437494756,8.9,87,0.0,2.59,-0.6018150231520484,-0.7986355100472928,8.7,89,3.0,8.5,-0.4067366430758002,-0.9135454576426009,11.7,87,1.0,4.45,-0.9902680687415703,-0.13917310096006583,7.425000000000001,open-meteo,2026-08-08T10:04:01+00:00
2026-05-16 21:00:00+00:00,FR,solar,12.3,88,0.0,4.49,-0.848048096156426,-0.529919264233205,8.5,86,0.0,4.42,-0.06975647374412527,-0.9975640502598242,8.4,94,0.0,5.9,-0.6819983600624984,-0.7313537016191706,10.6,91,0.0,4.35,-0.9205048534524403,-0.3907311284892738,8.049999999999999,open-meteo,2026-08-08T10:04:01+00:00
2026-05-16 22:00:00+00:00,FR,solar,11.5,92,0.0,4.78,-0.7986355100472928,-0.6018150231520483,7.7,87,0.0,4.57,-0.17364817766693047,-0.984807753012208,7.9,94,0.0,5.1,-0.6293203910498376,-0.7771459614569708,10.0,91,0.0,4.73,-0.8290375725550418,-0.5591929034707466,8.725,open-meteo,2026-08-08T10:04:01+00:00
2026-05-16 23:00:00+00:00,FR,solar,11.3,94,0.0,5.95,-0.6691306063588582,-0.7431448254773942,6.7,88,0.0,4.24,-0.32556815445715676,-0.9455185755993167,8.3,96,0.0,7.1,-0.5735764363510462,-0.8191520442889918,10.0,91,0.0,4.79,-0.8571673007021121,-0.5150380749100544,8.925,open-meteo,2026-08-08T10:04:01+00:00
2026-05-17 00:00:00+00:00,FR,solar,11.1,94,0.0,5.94,-0.6946583704589974,-0.7193398003386511,5.6,90,0.0,4.22,-0.374606593415912,-0.9271838545667874,7.3,94,0.0,7.2,-0.6691306063588582,-0.7431448254773942,10.6,94,0.0,4.75,-0.9271838545667873,-0.3746065934159123,9.35,open-meteo,2026-08-08T10:04:01+00:00
2026-05-17 01:00:00+00:00,FR,solar,10.8,95,0.0,7.02,-0.8386705679454242,-0.544639035015027,5.3,92,0.0,3.78,-0.29237170472273677,-0.9563047559630354,8.7,92,0.0,7.5,-0.22495105434386498,-0.9743700647852352,10.3,95,0.0,4.62,-0.9335804264972015,-0.3583679495453007,9.225,open-meteo,2026-08-08T10:04:01+00:00
2026-05-17 02:00:00+00:00,FR,solar,10.5,96,0.0,5.47,-0.6427876096865393,-0.766044443118978,5.3,93,0.0,4.11,-0.2079116908177595,-0.9781476007338056,8.9,93,0.0,7.3,-0.2588190451025208,-0.9659258262890683,9.9,96,0.0,4.55,-0.9455185755993168,-0.32556815445715664,9.35,open-meteo,2026-08-08T10:04:01+00:00
2026-05-17 03:00:00+00:00,FR,solar,10.7,96,0.0,6.47,-0.6293203910498376,-0.7771459614569708,5.5,94,0.0,4.02,-0.22495105434386498,-0.9743700647852352,8.2,96,0.0,8.3,-0.4226182617406993,-0.90630778703665,10.2,95,0.0,4.74,-0.9510565162951535,-0.30901699437494756,9.350000000000001,open-meteo,2026-08-08T10:04:01+00:00
2026-05-17 04:00:00+00:00,FR,solar,10.8,97,0.0,5.41,-0.46947156278589086,-0.8829475928589269,6.0,90,0.0,4.56,-0.15643446504023073,-0.9876883405951378,8.2,97,0.0,7.2,-0.5150380749100542,-0.8571673007021123,9.8,94,0.0,5.14,-0.9510565162951535,-0.30901699437494756,9.3,open-meteo,2026-08-08T10:04:01+00:00
2026-05-17 05:00:00+00:00,FR,solar,11.4,96,1.5,5.01,-0.48480962024633695,-0.8746197071393959,6.8,86,25.0,5.17,-0.17364817766693047,-0.984807753012208,8.9,97,6.0,6.7,-0.1045284632676535,-0.9945218953682733,9.8,94,4.0,4.8,-0.9396926207859084,-0.34202014332566855,8.774999999999999,open-meteo,2026-08-08T10:04:01+00:00
2026-05-17 06:00:00+00:00,FR,solar,11.6,97,74.1,4.96,-0.46947156278589086,-0.8829475928589269,8.4,84,90.0,4.73,-0.1045284632676535,-0.9945218953682733,8.7,97,21.0,5.3,-0.052335956242943564,-0.9986295347545738,10.5,94,60.0,4.37,-0.9396926207859084,-0.34202014332566855,8.2,open-meteo,2026-08-08T10:04:01+00:00
2026-05-17 07:00:00+00:00,FR,solar,12.8,93,251.5,4.24,-0.6819983600624984,-0.7313537016191706,9.9,82,196.0,3.76,-0.12186934340514731,-0.9925461516413221,10.1,93,29.0,4.8,-0.052335956242943564,-0.9986295347545738,11.7,90,147.0,4.67,-0.984807753012208,-0.17364817766693033,6.875,open-meteo,2026-08-08T10:04:01+00:00
2026-05-17 08:00:00+00:00,FR,solar,14.9,83,429.2,3.72,-0.8571673007021121,-0.5150380749100544,11.0,79,317.0,3.93,-0.32556815445715676,-0.9455185755993167,10.1,95,47.0,4.1,-0.2079116908177595,-0.9781476007338056,13.2,83,305.0,4.61,-0.9781476007338056,-0.2079116908177598,5.699999999999999,open-meteo,2026-08-08T10:04:01+00:00
2026-05-17 09:00:00+00:00,FR,solar,15.4,82,322.5,5.95,-0.90630778703665,-0.42261826174069916,14.3,62,425.0,4.96,-0.5000000000000001,-0.8660254037844386,9.6,98,68.0,4.3,-0.2079116908177595,-0.9781476007338056,14.6,76,463.0,3.73,-0.9205048534524403,-0.3907311284892738,4.524999999999999,open-meteo,2026-08-08T10:04:01+00:00
2026-05-17 10:00:00+00:00,FR,solar,16.1,75,424.4,8.42,-0.9975640502598242,-0.06975647374412558,15.2,50,478.0,5.8,-0.5000000000000001,-0.8660254037844386,11.6,93,141.0,4.0,1.2246467991473532e-16,-1.0,15.3,70,410.0,4.19,-0.961261695938319,-0.2756373558169989,3.4499999999999993,open-meteo,2026-08-08T10:04:01+00:00
2026-05-17 11:00:00+00:00,FR,solar,17.0,67,806.3,6.75,-0.9925461516413221,-0.12186934340514717,14.9,51,365.0,5.44,-0.39073112848927355,-0.9205048534524404,13.2,83,446.0,5.0,-0.5000000000000001,-0.8660254037844386,16.6,66,527.0,4.71,-0.9781476007338056,-0.2079116908177598,2.575000000000001,open-meteo,2026-08-08T10:04:01+00:00
2026-05-17 12:00:00+00:00,FR,solar,15.0,84,469.1,6.6,-0.9993908270190958,-0.03489949670250076,15.9,45,304.0,5.8,-0.275637355816999,-0.9612616959383189,13.2,88,284.0,5.8,-0.17364817766693047,-0.984807753012208,17.2,69,668.0,5.71,-0.9781476007338056,-0.2079116908177598,2.6750000000000007,open-meteo,2026-08-08T10:04:01+00:00
2026-05-17 13:00:00+00:00,FR,solar,17.5,60,811.7,7.44,-0.9945218953682734,0.10452846326765299,15.8,43,348.0,5.84,-0.39073112848927355,-0.9205048534524404,13.8,83,342.0,4.3,-0.32556815445715676,-0.9455185755993167,15.9,75,248.0,6.32,-0.992546151641322,0.12186934340514768,2.2500000000000018,open-meteo,2026-08-08T10:04:01+00:00
2026-05-17 14:00:00+00:00,FR,solar,17.9,52,514.7,7.03,-0.9945218953682734,0.10452846326765299,16.0,43,290.0,4.87,-0.5000000000000001,-0.8660254037844386,14.9,76,442.0,4.7,-0.46947156278589086,-0.8829475928589269,16.8,68,418.0,6.57,-0.9848077530122081,0.17364817766692997,1.6000000000000014,open-meteo,2026-08-08T10:04:01+00:00
2026-05-17 15:00:00+00:00,FR,solar,18.0,51,630.6,7.43,-0.9396926207859083,0.342020143325669,17.1,39,341.0,5.98,-0.3090169943749473,-0.9510565162951536,12.0,97,428.0,4.9,-0.7660444431189779,-0.6427876096865395,16.4,70,497.0,6.64,-0.9902680687415704,0.13917310096006547,2.125,open-meteo,2026-08-08T10:04:01+00:00
2026-05-17 16:00:00+00:00,FR,solar,17.4,53,503.9,7.33,-0.898794046299167,0.4383711467890774,16.5,42,246.0,5.49,-0.275637355816999,-0.9612616959383189,12.5,96,52.0,4.8,-0.39073112848927355,-0.9205048534524404,16.5,69,384.0,6.39,-0.9335804264972017,0.3583679495453004,2.2750000000000004,open-meteo,2026-08-08T10:04:01+00:00
2026-05-17 17:00:00+00:00,FR,solar,16.8,54,430.0,6.69,-0.8191520442889918,0.573576436351046,16.0,46,158.0,3.64,-0.587785252292473,-0.8090169943749475,12.9,93,43.0,6.0,-0.7986355100472928,-0.6018150231520483,16.3,69,311.0,6.31,-0.898794046299167,0.4383711467890774,2.5,open-meteo,2026-08-08T10:04:01+00:00
2026-05-17 18:00:00+00:00,FR,solar,15.9,58,244.6,6.02,-0.8480480961564262,0.5299192642332047,15.7,55,94.0,2.94,-0.7986355100472928,-0.6018150231520483,11.7,98,24.0,3.7,-0.3090169943749473,-0.9510565162951536,15.5,71,191.0,5.26,-0.8910065241883679,0.45399049973954664,3.3000000000000007,open-meteo,2026-08-08T10:04:01+00:00
2026-05-17 19:00:00+00:00,FR,solar,14.4,67,94.7,3.85,-0.8829475928589271,0.4694715627858904,14.0,73,16.0,1.39,-0.9902680687415704,0.13917310096006547,10.6,99,7.0,3.8,-0.8571673007021123,0.5150380749100542,14.2,71,60.0,5.6,-0.8386705679454243,0.5446390350150266,4.699999999999999,open-meteo,2026-08-08T10:04:01+00:00
2026-05-17 20:00:00+00:00,FR,solar,13.0,73,4.6,3.45,-0.9848077530122081,0.17364817766692997,12.6,82,0.0,0.31,0.9510565162951536,-0.30901699437494734,10.3,100,0.0,1.8,-0.5150380749100542,-0.8571673007021123,12.8,77,2.0,4.56,-0.9063077870366498,0.4226182617406996,5.824999999999999,open-meteo,2026-08-08T10:04:01+00:00
2026-05-17 21:00:00+00:00,FR,solar,12.4,77,0.0,5.02,-0.9945218953682734,0.10452846326765299,12.5,73,0.0,3.83,-0.5299192642332048,-0.8480480961564261,10.8,98,0.0,5.9,-0.6018150231520484,-0.7986355100472928,12.2,79,0.0,4.61,-0.9781476007338056,0.20791169081775945,6.024999999999999,open-meteo,2026-08-08T10:04:01+00:00
2026-05-17 22:00:00+00:00,FR,solar,11.7,81,0.0,3.83,-0.992546151641322,0.12186934340514768,11.0,78,0.0,6.06,-0.9205048534524405,0.3907311284892735,9.8,100,0.0,3.1,-0.9659258262890684,0.2588190451025203,11.4,83,0.0,5.08,-0.945518575599317,0.3255681544571563,7.025,open-meteo,2026-08-08T10:04:01+00:00
2026-05-17 23:00:00+00:00,FR,solar,10.8,86,0.0,4.81,-0.9781476007338056,0.20791169081775945,10.5,83,0.0,2.73,-0.9335804264972015,-0.3583679495453007,9.8,99,0.0,5.5,-0.9659258262890684,0.2588190451025203,11.1,85,0.0,5.04,-0.9135454576426011,0.40673664307579976,7.449999999999999,open-meteo,2026-08-08T10:04:01+00:00
2026-05-18 00:00:00+00:00,FR,solar,9.7,90,0.0,3.51,-0.9396926207859083,0.342020143325669,10.2,87,0.0,2.43,-0.7313537016191703,-0.6819983600624986,10.1,98,0.0,6.0,-0.8290375725550416,0.559192903470747,10.1,88,0.0,4.09,-0.9563047559630354,0.2923717047227367,7.975,open-meteo,2026-08-08T10:04:01+00:00
2026-05-18 01:00:00+00:00,FR,solar,9.5,90,0.0,2.94,-0.984807753012208,-0.17364817766693033,9.9,90,0.0,3.64,-0.4539904997395467,-0.8910065241883679,9.8,98,0.0,6.3,-0.9510565162951536,0.30901699437494723,9.5,91,0.0,4.41,-0.9986295347545738,-0.052335956242944306,8.325,open-meteo,2026-08-08T10:04:01+00:00
2026-05-18 02:00:00+00:00,FR,solar,9.9,90,0.0,4.44,-0.8571673007021121,-0.5150380749100544,10.1,88,0.0,5.31,-0.5000000000000001,-0.8660254037844386,9.2,98,0.0,5.4,-0.9510565162951536,0.30901699437494723,9.1,91,0.0,4.43,-0.9961946980917455,-0.08715574274765825,8.425,open-meteo,2026-08-08T10:04:01+00:00
2026-05-18 03:00:00+00:00,FR,solar,9.8,91,0.0,4.63,-0.8386705679454242,-0.544639035015027,9.9,91,0.0,4.74,-0.5000000000000001,-0.8660254037844386,9.1,97,0.0,5.9,-0.9563047559630354,0.2923717047227367,9.0,92,0.0,3.59,-0.981627183447664,-0.1908089953765446,8.549999999999999,open-meteo,2026-08-08T10:04:01+00:00
2026-05-18 04:00:00+00:00,FR,solar,9.8,92,0.0,5.78,-0.9205048534524403,-0.3907311284892738,9.9,94,0.0,5.34,-0.6819983600624984,-0.7313537016191706,8.6,97,0.0,6.0,-0.9781476007338056,0.20791169081775945,9.2,92,0.0,3.19,-0.9510565162951535,-0.30901699437494756,8.625,open-meteo,2026-08-08T10:04:01+00:00
2026-05-18 05:00:00+00:00,FR,solar,9.8,94,4.6,4.65,-0.9455185755993168,-0.32556815445715664,10.2,91,19.0,5.31,-0.7880107536067221,-0.6156614753256581,8.7,97,17.0,5.3,-0.9998476951563913,-0.017452406437283498,9.5,91,4.0,3.1,-0.9510565162951535,-0.30901699437494756,8.45,open-meteo,2026-08-08T10:04:01+00:00
2026-05-18 06:00:00+00:00,FR,solar,10.7,92,56.3,3.94,-0.8910065241883678,-0.45399049973954697,10.3,90,90.0,6.32,-0.754709580222772,-0.6560590289905073,9.4,94,84.0,3.4,-0.9563047559630353,-0.2923717047227371,10.1,90,55.0,1.74,-0.961261695938319,-0.2756373558169989,7.875,open-meteo,2026-08-08T10:04:01+00:00
2026-05-18 07:00:00+00:00,FR,solar,11.8,89,117.3,3.16,-0.9510565162951535,-0.30901699437494756,10.6,90,71.0,6.09,-0.9975640502598242,-0.06975647374412558,10.8,90,257.0,4.0,-0.913545457642601,-0.4067366430758001,11.4,91,102.0,1.88,-0.7771459614569706,-0.6293203910498378,6.85,open-meteo,2026-08-08T10:04:01+00:00
2026-05-18 08:00:00+00:00,FR,solar,13.9,80,301.7,2.47,-0.5299192642332048,-0.8480480961564261,11.8,82,237.0,4.59,-0.9816271834476639,0.1908089953765451,12.1,84,364.0,4.2,-0.8571673007021121,-0.5150380749100544,13.0,82,282.0,1.33,-0.587785252292473,-0.8090169943749475,5.299999999999999,open-meteo,2026-08-08T10:04:01+00:00
2026-05-18 09:00:00+00:00,FR,solar,15.7,65,415.1,2.42,-0.913545457642601,-0.4067366430758001,13.2,72,483.0,4.19,-0.9335804264972017,0.3583679495453004,12.6,74,573.0,3.5,-0.9455185755993168,-0.32556815445715664,14.3,73,364.0,2.54,-0.961261695938319,-0.2756373558169989,4.050000000000001,open-meteo,2026-08-08T10:04:01+00:00
2026-05-18 10:00:00+00:00,FR,solar,14.7,80,322.5,4.35,-0.9205048534524405,0.3907311284892735,13.9,70,467.0,3.34,-0.9961946980917455,0.08715574274765789,13.0,71,639.0,3.6,-0.7660444431189779,-0.6427876096865395,15.0,67,471.0,2.65,-0.9975640502598243,0.06975647374412522,3.8499999999999996,open-meteo,2026-08-08T10:04:01+00:00
2026-05-18 11:00:00+00:00,FR,solar,15.8,71,600.3,3.7,-0.7880107536067218,0.6156614753256585,14.8,61,671.0,4.54,-0.9925461516413221,-0.12186934340514717,14.0,64,657.0,4.4,-0.7193398003386512,-0.6946583704589973,15.1,65,384.0,2.51,-0.9335804264972017,0.3583679495453004,3.0749999999999993,open-meteo,2026-08-08T10:04:01+00:00
2026-05-18 12:00:00+00:00,FR,solar,17.2,58,714.5,3.54,-0.9612616959383188,0.2756373558169994,14.1,62,758.0,4.35,-0.9902680687415704,0.13917310096006547,10.7,88,781.0,4.6,-0.0348994967025009,-0.9993908270190958,16.1,62,463.0,2.29,-0.9396926207859084,-0.34202014332566855,3.4749999999999996,open-meteo,2026-08-08T10:04:01+00:00
2026-05-18 13:00:00+00:00,FR,solar,17.9,52,822.5,4.98,-0.9848077530122081,0.17364817766692997,15.9,54,609.0,3.34,-0.9961946980917455,0.08715574274765789,14.6,60,546.0,4.4,-0.7986355100472928,-0.6018150231520483,16.8,61,476.0,3.49,-0.7880107536067221,-0.6156614753256581,1.6999999999999993,open-meteo,2026-08-08T10:04:01+00:00
2026-05-18 14:00:00+00:00,FR,solar,18.0,51,778.0,5.92,-0.9961946980917455,-0.08715574274765825,16.1,50,554.0,4.77,-0.9876883405951378,0.15643446504023067,12.5,78,409.0,5.6,-0.9271838545667873,-0.3746065934159123,17.4,60,545.0,3.9,-0.90630778703665,-0.42261826174069916,2.0,open-meteo,2026-08-08T10:04:01+00:00
2026-05-18 15:00:00+00:00,FR,solar,18.2,52,626.4,5.73,-0.9781476007338056,-0.2079116908177598,15.5,46,509.0,4.88,-0.7880107536067221,-0.6156614753256581,12.0,78,345.0,4.9,-0.2588190451025208,-0.9659258262890683,18.2,60,469.0,1.95,-0.9510565162951535,-0.30901699437494756,2.0249999999999986,open-meteo,2026-08-08T10:04:01+00:00
2026-05-18 16:00:00+00:00,FR,solar,18.3,48,595.7,4.53,-0.9271838545667873,-0.3746065934159123,15.0,50,267.0,3.37,-0.43837114678907746,-0.8987940462991669,13.7,72,454.0,3.9,-0.6156614753256582,-0.788010753606722,18.0,56,361.0,3.53,-0.9993908270190958,-0.03489949670250076,1.75,open-meteo,2026-08-08T10:04:01+00:00
2026-05-18 17:00:00+00:00,FR,solar,17.4,52,422.8,5.02,-0.9205048534524403,-0.3907311284892738,15.1,53,221.0,2.91,-0.7431448254773944,-0.6691306063588581,12.4,83,272.0,1.3,0.42261826174069944,0.9063077870366499,17.8,57,327.0,3.43,-1.0,-1.8369701987210297e-16,2.3249999999999993,open-meteo,2026-08-08T10:04:01+00:00
2026-05-18 18:00:00+00:00,FR,solar,16.6,53,261.4,3.4,-1.0,-1.8369701987210297e-16,14.8,55,91.0,3.08,-0.6018150231520484,-0.7986355100472928,12.5,77,88.0,1.5,-0.35836794954530077,0.9335804264972015,17.2,61,163.0,3.69,-0.9816271834476639,0.1908089953765451,2.724999999999998,open-meteo,2026-08-08T10:04:01+00:00
2026-05-18 19:00:00+00:00,FR,solar,15.5,60,89.5,2.53,-0.9876883405951378,0.15643446504023067,13.3,71,23.0,4.81,-0.06975647374412527,-0.9975640502598242,9.9,96,37.0,1.7,-0.3907311284892739,0.9205048534524403,16.1,65,40.0,3.46,-0.8746197071393956,0.4848096202463373,4.299999999999999,open-meteo,2026-08-08T10:04:01+00:00
2026-05-18 20:00:00+00:00,FR,solar,14.5,65,5.4,2.66,-0.9396926207859083,0.342020143325669,12.2,80,0.0,4.9,-0.275637355816999,-0.9612616959383189,10.3,93,2.0,1.7,-0.5299192642332048,-0.8480480961564261,15.3,68,1.0,2.59,-0.7986355100472932,0.6018150231520479,4.925000000000001,open-meteo,2026-08-08T10:04:01+00:00
2026-05-18 21:00:00+00:00,FR,solar,13.7,69,0.0,1.46,-0.9612616959383188,0.2756373558169994,10.8,84,0.0,4.66,-0.9271838545667873,-0.3746065934159123,10.1,94,0.0,3.5,0.40673664307580043,-0.9135454576426008,14.7,66,0.0,1.23,-0.8746197071393956,0.4848096202463373,5.675000000000001,open-meteo,2026-08-08T10:04:01+00:00
2026-05-18 22:00:00+00:00,FR,solar,13.2,76,0.0,2.5,-0.9993908270190958,0.03489949670250128,9.7,87,0.0,3.15,-0.587785252292473,-0.8090169943749475,9.6,94,0.0,4.9,0.3420201433256689,-0.9396926207859083,14.1,70,0.0,0.49,-0.7986355100472928,-0.6018150231520483,6.35,open-meteo,2026-08-08T10:04:01+00:00
2026-05-18 23:00:00+00:00,FR,solar,12.6,81,0.0,1.96,-0.9659258262890683,-0.25881904510252063,9.0,89,0.0,3.4,-0.656059028990507,-0.7547095802227721,8.3,97,0.0,4.9,1.2246467991473532e-16,-1.0,13.8,71,0.0,0.35,-0.8290375725550418,-0.5591929034707466,7.074999999999999,open-meteo,2026-08-08T10:04:01+00:00
2026-05-19 00:00:00+00:00,FR,solar,12.6,84,0.0,1.17,-0.9396926207859083,0.342020143325669,8.6,92,0.0,2.59,-0.6018150231520484,-0.7986355100472928,9.2,97,0.0,6.2,-0.0348994967025009,-0.9993908270190958,13.7,71,0.0,1.1,-0.8910065241883678,-0.45399049973954697,6.975000000000001,open-meteo,2026-08-08T10:04:01+00:00
2026-05-19 01:00:00+00:00,FR,solar,12.6,86,0.0,3.94,-0.8910065241883678,-0.45399049973954697,8.3,91,0.0,1.95,-0.3090169943749473,-0.9510565162951536,8.1,97,0.0,7.7,-0.13917310096006552,-0.9902680687415703,13.3,72,0.0,1.57,-1.0,-1.8369701987210297e-16,7.425000000000001,open-meteo,2026-08-08T10:04:01+00:00
2026-05-19 02:00:00+00:00,FR,solar,13.0,84,0.0,1.17,-0.8571673007021121,-0.5150380749100544,7.4,93,0.0,2.79,-0.3090169943749473,-0.9510565162951536,8.1,98,0.0,7.6,-0.2079116908177595,-0.9781476007338056,12.9,74,0.0,2.08,-0.945518575599317,0.3255681544571563,7.65,open-meteo,2026-08-08T10:04:01+00:00
2026-05-19 03:00:00+00:00,FR,solar,12.8,86,0.0,2.64,-0.7986355100472928,-0.6018150231520483,7.9,91,0.0,2.59,-0.19080899537654472,-0.981627183447664,8.8,97,0.0,8.0,0.10452846326765373,-0.9945218953682733,12.9,76,0.0,2.42,-0.9702957262759966,0.24192189559966745,7.399999999999999,open-meteo,2026-08-08T10:04:01+00:00
2026-05-19 04:00:00+00:00,FR,solar,12.7,88,0.0,3.54,-0.48480962024633695,-0.8746197071393959,8.3,90,0.0,3.43,1.2246467991473532e-16,-1.0,8.7,96,0.0,8.0,-0.275637355816999,-0.9612616959383189,12.7,78,0.0,3.22,-0.9396926207859083,0.342020143325669,7.4,open-meteo,2026-08-08T10:04:01+00:00
2026-05-19 05:00:00+00:00,FR,solar,12.7,86,4.6,2.92,0.37460659341591224,-0.9271838545667873,9.0,87,25.0,4.13,-0.06975647374412527,-0.9975640502598242,9.0,97,4.0,6.6,-0.17364817766693047,-0.984807753012208,13.0,74,2.0,2.48,-0.9510565162951536,0.30901699437494723,7.074999999999999,open-meteo,2026-08-08T10:04:01+00:00
2026-05-19 06:00:00+00:00,FR,solar,13.3,85,89.3,3.83,0.5446390350150273,-0.8386705679454239,10.4,84,100.0,3.61,-0.22495105434386498,-0.9743700647852352,9.9,95,25.0,6.0,-0.22495105434386498,-0.9743700647852352,13.7,72,45.0,0.9,-0.9743700647852352,0.22495105434386492,6.175000000000001,open-meteo,2026-08-08T10:04:01+00:00
2026-05-19 07:00:00+00:00,FR,solar,14.5,78,180.0,4.2,0.4226182617406995,-0.9063077870366499,12.1,80,214.0,2.71,-0.22495105434386498,-0.9743700647852352,10.8,94,173.0,6.5,-0.32556815445715676,-0.9455185755993167,14.4,83,128.0,0.49,-0.7986355100472928,-0.6018150231520483,5.049999999999999,open-meteo,2026-08-08T10:04:01+00:00
2026-05-19 08:00:00+00:00,FR,solar,15.4,76,343.4,3.99,0.37460659341591224,-0.9271838545667873,13.5,74,284.0,3.33,-0.4067366430758002,-0.9135454576426009,11.5,96,117.0,5.7,-0.12186934340514731,-0.9925461516413221,16.2,67,246.0,1.39,0.13917310096006533,-0.9902680687415704,3.8500000000000014,open-meteo,2026-08-08T10:04:01+00:00
2026-05-19 09:00:00+00:00,FR,solar,17.9,65,402.0,2.97,0.3420201433256689,-0.9396926207859083,14.8,69,305.0,4.05,-0.5299192642332048,-0.8480480961564261,12.6,85,414.0,6.6,-0.0348994967025009,-0.9993908270190958,18.8,56,567.0,1.73,0.7313537016191706,-0.6819983600624984,1.9749999999999979,open-meteo,2026-08-08T10:04:01+00:00
2026-05-19 10:00:00+00:00,FR,solar,19.8,56,615.7,2.69,-0.5150380749100542,-0.8571673007021123,14.8,69,242.0,4.12,-0.6156614753256582,-0.788010753606722,13.8,83,402.0,7.3,-0.17364817766693047,-0.984807753012208,20.3,53,760.0,1.5,0.529919264233205,-0.848048096156426,0.8249999999999993,open-meteo,2026-08-08T10:04:01+00:00
2026-05-19 11:00:00+00:00,FR,solar,20.1,58,405.1,2.28,-0.7880107536067221,-0.6156614753256581,16.2,62,463.0,4.76,-0.5299192642332048,-0.8480480961564261,14.0,79,264.0,8.0,-0.3090169943749473,-0.9510565162951536,21.5,49,861.0,1.28,-0.06975647374412527,-0.9975640502598242,0.05000000000000071,open-meteo,2026-08-08T10:04:01+00:00
2026-05-19 12:00:00+00:00,FR,solar,21.6,48,608.0,3.75,-0.6946583704589974,-0.7193398003386511,16.8,58,437.0,5.13,-0.4067366430758002,-0.9135454576426009,14.8,76,93.0,8.3,-0.2419218955996675,-0.9702957262759965,22.9,45,880.0,1.62,-0.90630778703665,-0.42261826174069916,1.0249999999999986,open-meteo,2026-08-08T10:04:01+00:00
2026-05-19 13:00:00+00:00,FR,solar,20.9,52,796.1,5.02,-0.9961946980917455,-0.08715574274765825,17.5,55,444.0,6.23,-0.4067366430758002,-0.9135454576426009,14.0,83,67.0,7.8,-0.13917310096006552,-0.9902680687415703,23.8,45,874.0,2.95,-0.9659258262890683,-0.25881904510252063,1.0500000000000007,open-meteo,2026-08-08T10:04:01+00:00
2026-05-19 14:00:00+00:00,FR,solar,20.8,57,322.0,6.05,-0.9902680687415704,0.13917310096006547,17.0,56,339.0,6.3,-0.5446390350150271,-0.838670567945424,13.0,96,52.0,6.9,-0.15643446504023073,-0.9876883405951378,24.2,44,764.0,3.83,-0.9975640502598243,0.06975647374412522,0.75,open-meteo,2026-08-08T10:04:01+00:00
2026-05-19 15:00:00+00:00,FR,solar,21.5,55,480.9,6.36,-0.9902680687415704,0.13917310096006547,17.4,52,197.0,6.58,-0.46947156278589086,-0.8829475928589269,12.8,96,38.0,7.1,-0.2079116908177595,-0.9781476007338056,24.0,44,583.0,6.2,-0.9612616959383188,0.2756373558169994,0.9250000000000007,open-meteo,2026-08-08T10:04:01+00:00
2026-05-19 16:00:00+00:00,FR,solar,20.2,61,197.3,5.23,-0.992546151641322,0.12186934340514768,17.2,56,247.0,8.06,-0.4539904997395467,-0.8910065241883679,13.7,93,19.0,6.7,-0.2079116908177595,-0.9781476007338056,23.1,47,525.0,7.21,-0.7193398003386512,0.6946583704589973,0.5499999999999972,open-meteo,2026-08-08T10:04:01+00:00
2026-05-19 17:00:00+00:00,FR,solar,20.4,61,369.6,5.51,-0.9975640502598242,-0.06975647374412558,17.2,57,143.0,6.94,-0.32556815445715676,-0.9455185755993167,13.2,96,29.0,6.7,-0.2079116908177595,-0.9781476007338056,21.8,52,307.0,6.28,-0.5150380749100545,0.8571673007021121,0.14999999999999858,open-meteo,2026-08-08T10:04:01+00:00
2026-05-19 18:00:00+00:00,FR,solar,19.8,62,150.5,5.02,-0.9743700647852351,-0.22495105434386525,16.7,58,42.0,6.09,-0.8987940462991668,-0.43837114678907774,13.2,95,73.0,7.2,-0.46947156278589086,-0.8829475928589269,21.2,56,173.0,5.39,-0.4226182617406992,0.90630778703665,0.2749999999999986,open-meteo,2026-08-08T10:04:01+00:00
2026-05-19 19:00:00+00:00,FR,solar,18.1,64,89.3,3.86,-0.9563047559630353,-0.2923717047227371,14.0,82,9.0,4.57,-0.8571673007021121,-0.5150380749100544,13.5,94,19.0,7.5,-0.6427876096865393,-0.766044443118978,19.8,64,53.0,4.73,-0.22495105434386534,0.9743700647852351,1.6499999999999986,open-meteo,2026-08-08T10:04:01+00:00
2026-05-19 20:00:00+00:00,FR,solar,16.9,71,6.2,3.69,-0.9743700647852351,-0.22495105434386525,14.0,83,0.0,4.73,-0.22495105434386498,-0.9743700647852352,12.6,96,5.0,7.5,-0.3090169943749473,-0.9510565162951536,18.3,71,2.0,4.02,-2.4492935982947064e-16,1.0,2.5500000000000007,open-meteo,2026-08-08T10:04:01+00:00
2026-05-19 21:00:00+00:00,FR,solar,16.2,75,0.0,3.83,-0.9396926207859084,-0.34202014332566855,13.9,85,0.0,6.01,-0.4067366430758002,-0.9135454576426009,11.9,96,0.0,8.5,-0.43837114678907746,-0.8987940462991669,16.8,77,0.0,4.02,0.224951054343865,0.9743700647852352,3.3000000000000007,open-meteo,2026-08-08T10:04:01+00:00
2026-05-19 22:00:00+00:00,FR,solar,15.6,78,0.0,4.64,-0.9925461516413221,-0.12186934340514717,13.6,88,0.0,6.17,-0.587785252292473,-0.8090169943749475,13.1,95,0.0,8.2,-0.4539904997395467,-0.8910065241883679,16.4,79,0.0,4.26,0.39073112848927377,0.9205048534524404,3.325000000000001,open-meteo,2026-08-08T10:04:01+00:00
2026-05-19 23:00:00+00:00,FR,solar,14.9,82,0.0,4.53,-0.9945218953682734,-0.10452846326765336,12.6,90,0.0,6.2,-0.8191520442889916,-0.5735764363510464,13.0,96,0.0,8.0,-0.5299192642332048,-0.8480480961564261,15.6,82,0.0,3.51,0.4539904997395468,0.8910065241883679,3.9749999999999996,open-meteo,2026-08-08T10:04:01+00:00
2026-05-20 00:00:00+00:00,FR,solar,14.8,84,0.0,4.0,-0.9743700647852351,-0.22495105434386525,11.8,95,0.0,6.03,-0.6946583704589974,-0.7193398003386511,12.9,96,0.0,8.8,-0.6819983600624984,-0.7313537016191706,14.4,86,0.0,3.02,0.42261826174069944,0.9063077870366499,4.525,open-meteo,2026-08-08T10:04:01+00:00
2026-05-20 01:00:00+00:00,FR,solar,13.7,93,0.0,4.72,-0.9335804264972015,-0.3583679495453007,11.8,94,0.0,6.31,-0.6819983600624984,-0.7313537016191706,12.3,97,0.0,9.0,-0.6819983600624984,-0.7313537016191706,14.0,87,0.0,3.23,0.24192189559966773,0.9702957262759965,5.050000000000001,open-meteo,2026-08-08T10:04:01+00:00
2026-05-20 02:00:00+00:00,FR,solar,14.5,94,0.0,4.2,-0.9986295347545738,-0.052335956242944306,11.7,95,0.0,6.38,-0.7193398003386512,-0.6946583704589973,12.3,96,0.0,8.9,-0.7193398003386512,-0.6946583704589973,14.0,87,0.0,2.95,0.10452846326765347,0.9945218953682733,4.875,open-meteo,2026-08-08T10:04:01+00:00
2026-05-20 03:00:00+00:00,FR,solar,14.4,94,0.0,3.98,-0.90630778703665,-0.42261826174069916,12.5,95,0.0,6.86,-0.7986355100472928,-0.6018150231520483,13.1,96,0.0,7.7,-0.7880107536067221,-0.6156614753256581,14.3,87,0.0,2.72,-0.5000000000000004,0.8660254037844384,4.425000000000001,open-meteo,2026-08-08T10:04:01+00:00
2026-05-20 04:00:00+00:00,FR,solar,14.5,95,0.0,3.31,-0.874619707139396,-0.48480962024633684,12.9,93,0.0,7.38,-0.8660254037844384,-0.5000000000000004,12.0,96,0.0,7.8,-0.7431448254773944,-0.6691306063588581,14.2,87,0.0,1.75,-0.45399049973954697,0.8910065241883678,4.600000000000001,open-meteo,2026-08-08T10:04:01+00:00
2026-05-20 05:00:00+00:00,FR,solar,14.1,96,3.1,3.64,-0.961261695938319,-0.2756373558169989,13.3,87,20.0,8.3,-0.8660254037844384,-0.5000000000000004,12.7,93,16.0,7.1,-0.7986355100472928,-0.6018150231520483,13.9,89,4.0,1.59,-0.6819983600624984,0.7313537016191707,4.500000000000002,open-meteo,2026-08-08T10:04:01+00:00
2026-05-20 06:00:00+00:00,FR,solar,14.7,95,54.0,3.57,-0.9510565162951535,-0.30901699437494756,13.6,85,73.0,7.78,-0.8571673007021121,-0.5150380749100544,13.0,91,55.0,7.0,-0.7660444431189779,-0.6427876096865395,14.3,90,58.0,1.73,-0.6819983600624984,0.7313537016191707,4.100000000000001,open-meteo,2026-08-08T10:04:01+00:00
2026-05-20 07:00:00+00:00,FR,solar,16.5,82,114.2,2.98,-0.9702957262759965,-0.24192189559966779,13.8,84,147.0,7.18,-0.848048096156426,-0.529919264233205,13.7,86,275.0,7.0,-0.7986355100472928,-0.6018150231520483,15.6,83,158.0,1.28,-0.529919264233205,0.8480480961564258,3.0999999999999996,open-meteo,2026-08-08T10:04:01+00:00
2026-05-20 08:00:00+00:00,FR,solar,17.3,79,184.6,2.4,-0.9993908270190958,-0.03489949670250076,14.3,80,183.0,7.71,-0.8910065241883678,-0.45399049973954697,14.6,81,489.0,7.1,-0.7986355100472928,-0.6018150231520483,17.1,77,311.0,0.93,-0.3090169943749477,0.9510565162951535,2.174999999999999,open-meteo,2026-08-08T10:04:01+00:00
2026-05-20 09:00:00+00:00,FR,solar,18.0,74,240.0,1.93,-0.9335804264972015,-0.3583679495453007,14.5,79,240.0,8.31,-0.9335804264972015,-0.3583679495453007,16.1,77,602.0,7.6,-0.8191520442889916,-0.5735764363510464,18.8,67,515.0,1.59,0.981627183447664,0.19080899537654492,1.1499999999999986,open-meteo,2026-08-08T10:04:01+00:00
2026-05-20 10:00:00+00:00,FR,solar,19.5,67,297.1,1.1,-1.0,-1.8369701987210297e-16,15.9,68,376.0,8.25,-0.961261695938319,-0.2756373558169989,16.2,74,396.0,6.6,-0.8571673007021121,-0.5150380749100544,20.4,62,713.0,2.09,0.981627183447664,0.19080899537654492,0.0,open-meteo,2026-08-08T10:04:01+00:00
2026-05-20 11:00:00+00:00,FR,solar,20.4,64,479.2,1.13,-0.7071067811865477,0.7071067811865474,15.8,68,352.0,7.66,-0.9335804264972015,-0.3583679495453007,14.2,91,62.0,5.5,-0.9743700647852351,-0.22495105434386525,21.5,56,784.0,0.93,0.9510565162951536,-0.30901699437494734,0.02499999999999858,open-meteo,2026-08-08T10:04:01+00:00
2026-05-20 12:00:00+00:00,FR,solar,21.1,60,290.9,1.34,-0.45399049973954697,0.8910065241883678,16.1,69,184.0,8.46,-0.9510565162951535,-0.30901699437494756,16.3,81,56.0,4.8,-0.7660444431189779,-0.6427876096865395,22.7,50,647.0,1.25,0.7071067811865476,-0.7071067811865475,1.0500000000000007,open-meteo,2026-08-08T10:04:01+00:00
2026-05-20 13:00:00+00:00,FR,solar,21.6,58,665.9,1.2,-0.08715574274765832,0.9961946980917455,17.6,67,396.0,7.47,-0.9563047559630353,-0.2923717047227371,17.5,80,464.0,6.0,-0.848048096156426,-0.529919264233205,23.6,48,779.0,0.98,1.0,6.123233995736766e-17,2.075000000000003,open-meteo,2026-08-08T10:04:01+00:00
2026-05-20 14:00:00+00:00,FR,solar,21.7,59,634.3,2.33,0.6819983600624985,0.7313537016191705,18.2,63,413.0,8.02,-0.9510565162951535,-0.30901699437494756,17.8,74,743.0,4.7,-0.8660254037844384,-0.5000000000000004,24.4,46,756.0,1.2,0.8191520442889918,0.573576436351046,2.5249999999999986,open-meteo,2026-08-08T10:04:01+00:00
2026-05-20 15:00:00+00:00,FR,solar,23.0,55,495.4,2.1,0.9063077870366499,0.42261826174069944,18.0,61,454.0,7.78,-0.9563047559630353,-0.2923717047227371,19.2,60,436.0,6.4,-0.9510565162951535,-0.30901699437494756,24.5,47,756.0,1.77,0.9945218953682733,0.10452846326765346,3.1750000000000007,open-meteo,2026-08-08T10:04:01+00:00
2026-05-20 16:00:00+00:00,FR,solar,23.3,53,344.9,1.77,0.9612616959383189,0.27563735581699916,18.5,61,383.0,8.33,-1.0,-1.8369701987210297e-16,18.6,70,55.0,5.8,-0.9335804264972015,-0.3583679495453007,24.5,48,609.0,2.4,0.9781476007338057,-0.20791169081775934,3.2250000000000014,open-meteo,2026-08-08T10:04:01+00:00
2026-05-20 17:00:00+00:00,FR,solar,23.3,52,378.3,1.92,0.6293203910498374,0.7771459614569709,18.3,64,311.0,5.21,-0.9975640502598243,0.06975647374412522,17.0,88,211.0,2.6,-0.7660444431189779,-0.6427876096865395,23.9,49,432.0,3.43,0.9986295347545738,-0.05233595624294384,2.625,open-meteo,2026-08-08T10:04:01+00:00
2026-05-20 18:00:00+00:00,FR,solar,22.6,58,249.4,3.4,0.9702957262759965,-0.24192189559966779,17.9,64,91.0,6.08,-0.9986295347545738,0.052335956242943946,17.0,81,52.0,3.6,-0.9335804264972015,-0.3583679495453007,22.5,53,245.0,5.11,0.9396926207859083,0.3420201433256688,2.0,open-meteo,2026-08-08T10:04:01+00:00
2026-05-20 19:00:00+00:00,FR,solar,21.0,64,94.9,3.41,0.6427876096865393,0.766044443118978,16.5,69,44.0,4.84,-0.9925461516413221,-0.12186934340514717,16.7,87,24.0,1.5,-0.9455185755993168,-0.32556815445715664,20.7,59,83.0,7.5,0.8746197071393957,0.4848096202463371,0.7250000000000014,open-meteo,2026-08-08T10:04:01+00:00
2026-05-20 20:00:00+00:00,FR,solar,19.2,63,4.6,4.05,0.5446390350150271,0.838670567945424,15.0,80,0.0,3.63,-0.9993908270190958,-0.03489949670250076,15.0,94,0.0,4.4,-0.9659258262890683,-0.25881904510252063,19.1,63,3.0,6.58,0.9063077870366499,0.42261826174069944,0.9249999999999972,open-meteo,2026-08-08T10:04:01+00:00
2026-05-20 21:00:00+00:00,FR,solar,17.8,65,0.0,5.47,0.5150380749100542,0.8571673007021123,14.6,84,0.0,4.4,-0.9781476007338056,-0.2079116908177598,14.9,96,0.0,4.0,-0.9993908270190958,-0.03489949670250076,17.8,71,0.0,6.88,0.9135454576426009,0.4067366430758002,1.7250000000000014,open-meteo,2026-08-08T10:04:01+00:00
2026-05-20 22:00:00+00:00,FR,solar,17.0,64,0.0,6.25,0.6427876096865393,0.766044443118978,13.9,87,0.0,4.41,-0.9998476951563913,0.01745240643728313,13.7,98,0.0,1.3,-0.6691306063588581,0.7431448254773944,17.1,74,0.0,7.04,0.9335804264972017,0.3583679495453004,2.575000000000001,open-meteo,2026-08-08T10:04:01+00:00
2026-05-20 23:00:00+00:00,FR,solar,16.3,71,0.0,7.22,0.7313537016191705,0.6819983600624985,12.5,91,0.0,4.32,-0.9975640502598242,-0.06975647374412558,13.1,98,0.0,1.5,-0.9945218953682734,-0.10452846326765336,16.6,77,0.0,7.32,0.9612616959383189,0.27563735581699916,3.375,open-meteo,2026-08-08T10:04:01+00:00
2026-05-21 00:00:00+00:00,FR,solar,15.8,75,0.0,7.5,0.6819983600624985,0.7313537016191705,11.6,92,0.0,2.37,-0.913545457642601,-0.4067366430758001,11.6,99,0.0,1.0,-0.8660254037844384,-0.5000000000000004,15.9,83,0.0,6.38,0.981627183447664,0.19080899537654492,4.275,open-meteo,2026-08-08T10:04:01+00:00
2026-05-21 01:00:00+00:00,FR,solar,15.4,77,0.0,7.22,0.7313537016191705,0.6819983600624985,10.9,93,0.0,1.69,-0.984807753012208,-0.17364817766693033,11.1,99,0.0,0.6,0.15643446504023098,-0.9876883405951377,15.5,84,0.0,6.35,0.9876883405951378,0.15643446504023092,4.775,open-meteo,2026-08-08T10:04:01+00:00
2026-05-21 02:00:00+00:00,FR,solar,14.6,82,0.0,7.43,0.8746197071393957,0.4848096202463371,9.7,98,0.0,1.67,-1.0,-1.8369701987210297e-16,10.0,98,0.0,0.3,0.224951054343865,0.9743700647852352,15.1,85,0.0,5.9,0.9961946980917455,0.08715574274765814,5.65,open-meteo,2026-08-08T10:04:01+00:00
2026-05-21 03:00:00+00:00,FR,solar,14.1,83,0.0,5.26,0.9335804264972017,0.3583679495453004,7.6,100,0.0,1.18,-0.913545457642601,-0.4067366430758001,10.7,98,0.0,1.6,0.6156614753256583,0.7880107536067219,14.6,86,0.0,5.98,0.9986295347545738,0.052335956242943966,6.25,open-meteo,2026-08-08T10:04:01+00:00
2026-05-21 04:00:00+00:00,FR,solar,13.6,84,0.0,6.21,0.9659258262890683,0.25881904510252074,7.1,100,0.0,2.45,-0.275637355816999,-0.9612616959383189,11.1,99,0.0,0.9,0.9612616959383189,0.27563735581699916,14.3,86,0.0,6.27,0.9993908270190958,-0.034899496702500955,6.475000000000001,open-meteo,2026-08-08T10:04:01+00:00
2026-05-21 05:00:00+00:00,FR,solar,13.3,87,6.2,6.62,0.9975640502598242,-0.06975647374412533,8.2,100,35.0,1.98,-0.15643446504023073,-0.9876883405951378,10.3,100,11.0,2.5,0.9135454576426009,-0.40673664307580026,14.3,86,8.0,6.47,0.9986295347545738,-0.05233595624294384,6.475,open-meteo,2026-08-08T10:04:01+00:00
2026-05-21 06:00:00+00:00,FR,solar,14.8,82,104.0,6.89,0.9743700647852352,-0.22495105434386503,11.2,96,129.0,2.16,0.0871557427476582,-0.9961946980917455,12.9,97,122.0,3.7,0.6819983600624986,-0.7313537016191705,15.3,83,109.0,6.15,0.9876883405951378,-0.1564344650402308,4.449999999999999,open-meteo,2026-08-08T10:04:01+00:00
2026-05-21 07:00:00+00:00,FR,solar,17.7,71,274.5,5.72,0.9455185755993168,-0.32556815445715664,14.5,82,323.0,1.08,1.2246467991473532e-16,-1.0,13.3,99,234.0,3.1,0.7431448254773942,-0.6691306063588582,17.3,77,279.0,6.32,0.9925461516413221,-0.12186934340514737,2.3000000000000007,open-meteo,2026-08-08T10:04:01+00:00
2026-05-21 08:00:00+00:00,FR,solar,20.4,60,459.3,5.95,0.9396926207859084,-0.3420201433256687,17.3,72,506.0,0.14,0.7071067811865476,-0.7071067811865475,16.1,90,419.0,3.1,0.7313537016191706,-0.6819983600624984,19.4,72,463.0,4.7,1.0,6.123233995736766e-17,0.3000000000000007,open-meteo,2026-08-08T10:04:01+00:00
2026-05-21 09:00:00+00:00,FR,solar,22.5,54,631.2,5.92,0.9781476007338057,-0.20791169081775934,19.5,58,648.0,0.31,-0.3090169943749473,-0.9510565162951536,17.1,82,587.0,3.0,0.7193398003386511,-0.6946583704589974,21.8,64,635.0,5.35,0.9902680687415704,-0.13917310096006535,2.2250000000000014,open-meteo,2026-08-08T10:04:01+00:00
2026-05-21 10:00:00+00:00,FR,solar,24.3,50,755.4,5.67,0.9876883405951378,-0.1564344650402308,20.5,54,688.0,0.84,-0.587785252292473,-0.8090169943749475,17.9,80,491.0,3.1,0.9271838545667874,-0.37460659341591207,23.8,59,778.0,5.06,0.9876883405951378,-0.1564344650402308,3.625,open-meteo,2026-08-08T10:04:01+00:00
2026-05-21 11:00:00+00:00,FR,solar,26.0,44,839.9,5.08,0.984807753012208,-0.1736481776669303,21.6,49,703.0,0.88,-1.0,-1.8369701987210297e-16,19.3,69,699.0,2.1,0.6018150231520482,-0.7986355100472929,25.5,55,878.0,4.71,0.9781476007338057,-0.20791169081775934,5.100000000000001,open-meteo,2026-08-08T10:04:01+00:00
2026-05-21 12:00:00+00:00,FR,solar,27.3,40,883.5,5.2,0.9205048534524403,-0.39073112848927377,22.3,46,750.0,1.15,-0.9396926207859083,0.342020143325669,20.5,64,676.0,1.5,0.5591929034707469,-0.8290375725550416,26.8,49,927.0,5.0,0.981627183447664,-0.1908089953765448,6.224999999999998,open-meteo,2026-08-08T10:04:01+00:00
2026-05-21 13:00:00+00:00,FR,solar,28.6,35,883.3,4.78,0.9396926207859084,-0.3420201433256687,22.6,44,717.0,2.01,-0.6819983600624984,0.7313537016191707,20.5,63,655.0,0.9,0.5150380749100544,-0.8571673007021122,27.9,43,925.0,4.67,0.984807753012208,-0.1736481776669303,6.899999999999999,open-meteo,2026-08-08T10:04:01+00:00
2026-05-21 14:00:00+00:00,FR,solar,29.6,33,838.7,4.3,0.90630778703665,-0.42261826174069933,23.3,42,686.0,1.96,0.052335956242943835,0.9986295347545738,21.2,61,761.0,0.5,0.9975640502598242,-0.06975647374412533,28.5,41,868.0,4.63,0.9743700647852352,-0.22495105434386503,7.650000000000002,open-meteo,2026-08-08T10:04:01+00:00
2026-05-21 15:00:00+00:00,FR,solar,30.4,32,753.7,3.55,0.9271838545667874,-0.37460659341591207,23.4,44,615.0,3.81,0.43837114678907746,0.898794046299167,22.0,58,583.0,1.1,0.9743700647852352,-0.22495105434386503,28.5,44,761.0,5.32,0.9743700647852352,-0.22495105434386503,8.075,open-meteo,2026-08-08T10:04:01+00:00
2026-05-21 16:00:00+00:00,FR,solar,30.6,33,621.1,3.1,0.9335804264972017,-0.35836794954530027,23.1,44,527.0,3.19,0.7071067811865475,0.7071067811865476,21.3,63,548.0,3.0,0.9998476951563913,0.0174524064372836,28.4,44,615.0,5.3,0.9781476007338057,-0.20791169081775934,7.850000000000001,open-meteo,2026-08-08T10:04:01+00:00
2026-05-21 17:00:00+00:00,FR,solar,30.1,35,450.4,3.94,0.9135454576426009,-0.40673664307580026,22.4,46,366.0,4.51,0.7431448254773942,0.6691306063588582,21.1,65,402.0,3.1,1.0,6.123233995736766e-17,27.7,49,442.0,5.11,0.9781476007338057,-0.20791169081775934,7.324999999999999,open-meteo,2026-08-08T10:04:01+00:00
2026-05-21 18:00:00+00:00,FR,solar,29.0,40,270.1,4.75,0.9659258262890683,-0.25881904510252085,21.9,46,200.0,3.89,0.754709580222772,0.6560590289905073,20.8,72,237.0,3.6,0.9876883405951378,0.15643446504023092,26.7,51,258.0,5.67,0.984807753012208,-0.1736481776669303,6.600000000000001,open-meteo,2026-08-08T10:04:01+00:00
2026-05-21 19:00:00+00:00,FR,solar,27.3,45,103.4,4.72,0.9961946980917455,-0.08715574274765824,19.4,54,59.0,5.17,0.7986355100472928,0.6018150231520483,18.6,80,91.0,5.3,0.992546151641322,0.12186934340514749,24.6,59,90.0,5.61,0.9455185755993168,-0.32556815445715664,4.475000000000001,open-meteo,2026-08-08T10:04:01+00:00
2026-05-21 20:00:00+00:00,FR,solar,25.4,48,6.9,5.12,0.9945218953682733,0.10452846326765346,16.6,66,1.0,5.57,0.8290375725550417,0.5591929034707468,16.6,91,6.0,3.5,0.9925461516413221,-0.12186934340514737,22.7,65,4.0,5.73,0.9563047559630355,-0.29237170472273666,2.3249999999999993,open-meteo,2026-08-08T10:04:01+00:00
2026-05-21 21:00:00+00:00,FR,solar,24.0,54,0.0,4.93,0.9945218953682733,0.10452846326765346,14.7,81,0.0,5.6,0.838670567945424,0.5446390350150271,15.3,86,0.0,4.1,0.9455185755993167,0.32556815445715676,20.9,71,0.0,5.63,0.9743700647852352,-0.22495105434386503,0.7250000000000014,open-meteo,2026-08-08T10:04:01+00:00
2026-05-21 22:00:00+00:00,FR,solar,22.9,58,0.0,5.54,0.992546151641322,0.12186934340514749,13.3,88,0.0,4.08,0.8910065241883679,0.45399049973954686,14.0,88,0.0,4.5,0.9986295347545738,0.052335956242943966,19.9,72,0.0,5.5,0.981627183447664,-0.1908089953765448,0.4750000000000014,open-meteo,2026-08-08T10:04:01+00:00
2026-05-21 23:00:00+00:00,FR,solar,21.8,60,0.0,6.22,0.9961946980917455,0.08715574274765814,12.1,91,0.0,3.2,0.8910065241883679,0.45399049973954686,13.0,94,0.0,4.4,0.9455185755993168,-0.32556815445715664,19.5,70,0.0,5.75,0.9702957262759965,-0.24192189559966779,1.3999999999999986,open-meteo,2026-08-08T10:04:01+00:00
2026-05-22 00:00:00+00:00,FR,solar,21.2,58,0.0,6.65,0.992546151641322,0.12186934340514749,10.9,96,0.0,2.61,0.8290375725550417,0.5591929034707468,12.6,93,0.0,4.8,0.9961946980917455,-0.08715574274765824,18.8,76,0.0,5.24,0.9335804264972017,-0.35836794954530027,2.125,open-meteo,2026-08-08T10:04:01+00:00
2026-05-22 01:00:00+00:00,FR,solar,20.0,61,0.0,6.33,0.9961946980917455,-0.08715574274765824,9.8,100,0.0,2.12,0.8290375725550417,0.5591929034707468,11.6,94,0.0,6.2,0.8746197071393959,-0.484809620246337,18.6,75,0.0,5.0,0.8829475928589269,-0.4694715627858909,3.0,open-meteo,2026-08-08T10:04:01+00:00
2026-05-22 02:00:00+00:00,FR,solar,18.9,68,0.0,6.89,0.9876883405951378,0.15643446504023092,9.2,100,0.0,1.97,0.8910065241883679,0.45399049973954686,11.4,96,0.0,5.9,0.9205048534524403,-0.39073112848927377,18.2,76,0.0,4.25,0.8987940462991669,-0.4383711467890775,3.5749999999999993,open-meteo,2026-08-08T10:04:01+00:00
2026-05-22 03:00:00+00:00,FR,solar,18.8,68,0.0,7.38,0.9876883405951378,0.15643446504023092,8.7,100,0.0,2.1,0.7986355100472928,0.6018150231520483,11.1,95,0.0,6.0,0.9702957262759965,-0.24192189559966779,17.0,81,0.0,4.31,0.9563047559630355,-0.29237170472273666,4.1,open-meteo,2026-08-08T10:04:01+00:00
2026-05-22 04:00:00+00:00,FR,solar,18.0,71,0.0,7.3,0.9743700647852352,-0.22495105434386503,8.6,100,0.0,2.3,0.766044443118978,0.6427876096865394,11.0,94,0.0,5.8,0.9396926207859084,-0.3420201433256687,16.2,85,0.0,4.74,0.9925461516413221,-0.12186934340514737,4.550000000000001,open-meteo,2026-08-08T10:04:01+00:00
2026-05-22 05:00:00+00:00,FR,solar,17.4,77,6.9,8.23,0.8987940462991669,-0.4383711467890775,7.9,100,37.0,2.1,0.6018150231520483,0.7986355100472928,11.6,94,47.0,4.6,0.9335804264972017,-0.35836794954530027,15.8,85,8.0,5.59,0.9998476951563913,-0.017452406437283477,4.824999999999999,open-meteo,2026-08-08T10:04:01+00:00
2026-05-22 06:00:00+00:00,FR,solar,19.1,72,94.9,7.32,0.8480480961564261,-0.5299192642332048,12.0,94,137.0,2.51,0.7771459614569709,0.6293203910498374,12.8,89,176.0,4.7,0.8290375725550417,-0.5591929034707467,17.4,82,111.0,6.08,0.9993908270190958,-0.034899496702500955,2.674999999999999,open-meteo,2026-08-08T10:04:01+00:00
2026-05-22 07:00:00+00:00,FR,solar,21.9,62,257.9,6.04,0.9135454576426009,-0.40673664307580026,16.2,79,334.0,2.08,0.6560590289905073,0.754709580222772,15.2,82,333.0,4.8,0.90630778703665,-0.42261826174069933,20.2,71,282.0,6.79,0.9961946980917455,-0.08715574274765824,0.375,open-meteo,2026-08-08T10:04:01+00:00
2026-05-22 08:00:00+00:00,FR,solar,24.2,58,432.9,4.53,0.8571673007021123,-0.5150380749100543,18.6,66,515.0,1.46,0.6691306063588582,0.7431448254773942,17.9,74,506.0,4.0,0.9271838545667874,-0.37460659341591207,21.9,71,467.0,5.41,0.9961946980917455,-0.08715574274765824,2.6499999999999986,open-meteo,2026-08-08T10:04:01+00:00
2026-05-22 09:00:00+00:00,FR,solar,26.8,53,607.1,4.55,0.838670567945424,-0.5446390350150272,21.7,54,666.0,1.46,0.6691306063588582,0.7431448254773942,20.2,69,657.0,3.5,0.8910065241883679,-0.45399049973954675,24.3,65,638.0,4.22,0.9975640502598242,-0.06975647374412533,5.25,open-meteo,2026-08-08T10:04:01+00:00
2026-05-22 10:00:00+00:00,FR,solar,29.0,48,737.8,3.58,0.8660254037844387,-0.49999999999999983,23.8,48,786.0,1.96,0.7986355100472928,0.6018150231520483,21.8,67,776.0,2.8,0.8910065241883679,-0.45399049973954675,26.5,59,782.0,4.54,0.9925461516413221,-0.12186934340514737,7.274999999999999,open-meteo,2026-08-08T10:04:01+00:00
2026-05-22 11:00:00+00:00,FR,solar,30.6,44,841.0,3.89,0.8987940462991669,-0.4383711467890775,25.3,43,861.0,1.01,0.8746197071393957,0.4848096202463371,23.7,60,855.0,2.8,0.7071067811865476,-0.7071067811865475,28.4,52,881.0,4.9,0.9781476007338057,-0.20791169081775934,9.0,open-meteo,2026-08-08T10:04:01+00:00
2026-05-22 12:00:00+00:00,FR,solar,32.1,37,884.6,4.59,0.9396926207859084,-0.3420201433256687,26.4,37,886.0,1.11,0.7071067811865475,0.7071067811865476,24.9,51,889.0,2.1,0.529919264233205,-0.848048096156426,29.7,46,929.0,5.02,0.9563047559630355,-0.29237170472273666,10.275000000000002,open-meteo,2026-08-08T10:04:01+00:00
2026-05-22 13:00:00+00:00,FR,solar,33.4,30,884.1,3.97,0.8290375725550417,-0.5591929034707467,27.1,37,864.0,1.21,0.24192189559966773,0.9702957262759965,25.1,53,873.0,1.0,0.6691306063588585,-0.743144825477394,30.5,41,926.0,4.68,0.9396926207859084,-0.3420201433256687,11.024999999999999,open-meteo,2026-08-08T10:04:01+00:00
2026-05-22 14:00:00+00:00,FR,solar,33.8,27,840.1,4.66,0.9205048534524403,-0.39073112848927377,27.3,35,789.0,2.67,-0.13917310096006588,0.9902680687415703,25.6,49,807.0,1.6,0.258819045102521,-0.9659258262890682,30.9,38,872.0,4.0,0.9563047559630355,-0.29237170472273666,11.399999999999999,open-meteo,2026-08-08T10:04:01+00:00
2026-05-22 15:00:00+00:00,FR,solar,33.4,31,739.2,5.76,0.9563047559630355,-0.29237170472273666,27.4,30,684.0,2.45,0.03489949670250097,0.9993908270190958,26.2,44,702.0,1.4,0.838670567945424,-0.5446390350150272,30.9,35,768.0,3.85,0.9925461516413221,-0.12186934340514737,11.475000000000001,open-meteo,2026-08-08T10:04:01+00:00
2026-05-22 16:00:00+00:00,FR,solar,33.2,28,617.3,5.97,0.9702957262759965,-0.24192189559966779,26.9,27,540.0,2.94,0.43837114678907746,0.898794046299167,25.5,53,564.0,1.6,0.9510565162951535,0.30901699437494745,30.5,34,623.0,4.41,0.9998476951563913,-0.017452406437283477,11.024999999999999,open-meteo,2026-08-08T10:04:01+00:00
2026-05-22 17:00:00+00:00,FR,solar,32.6,29,451.4,5.72,0.9455185755993168,-0.32556815445715664,26.2,28,375.0,2.59,0.6018150231520483,0.7986355100472928,25.4,55,403.0,0.8,0.7313537016191706,-0.6819983600624984,29.6,38,450.0,4.91,0.9986295347545738,-0.05233595624294384,10.449999999999996,open-meteo,2026-08-08T10:04:01+00:00
2026-05-22 18:00:00+00:00,FR,solar,31.4,34,271.4,5.19,0.9612616959383189,-0.27563735581699905,25.3,40,206.0,2.96,0.8290375725550417,0.5591929034707468,24.7,64,239.0,3.5,0.9902680687415704,0.13917310096006547,28.4,40,264.0,6.1,0.9945218953682733,0.10452846326765346,9.450000000000003,open-meteo,2026-08-08T10:04:01+00:00
2026-05-22 19:00:00+00:00,FR,solar,29.6,39,98.0,5.06,0.9876883405951378,-0.1564344650402308,22.2,54,62.0,3.06,0.766044443118978,0.6427876096865394,22.3,79,93.0,3.5,0.9986295347545738,0.052335956242943966,25.8,44,95.0,5.39,0.9998476951563913,-0.017452406437283477,6.974999999999998,open-meteo,2026-08-08T10:04:01+00:00
2026-05-22 20:00:00+00:00,FR,solar,27.5,43,7.7,5.61,0.9975640502598242,-0.06975647374412533,18.3,60,1.0,2.94,0.8660254037844386,0.5000000000000001,19.3,90,7.0,2.7,0.838670567945424,-0.5446390350150272,23.5,53,4.0,4.91,0.9961946980917455,-0.08715574274765824,4.149999999999999,open-meteo,2026-08-08T10:04:01+00:00
2026-05-22 21:00:00+00:00,FR,solar,25.6,49,0.0,5.82,0.9961946980917455,0.08715574274765814,16.1,73,0.0,2.04,0.8191520442889918,0.573576436351046,18.0,79,0.0,3.9,0.9902680687415704,-0.13917310096006535,21.0,64,0.0,4.93,0.9335804264972017,-0.35836794954530027,2.1750000000000007,open-meteo,2026-08-08T10:04:01+00:00
2026-05-22 22:00:00+00:00,FR,solar,24.0,52,0.0,6.14,0.9781476007338056,0.20791169081775945,14.6,77,0.0,0.97,0.7071067811865475,0.7071067811865476,16.2,92,0.0,3.7,0.9510565162951536,-0.30901699437494734,20.9,61,0.0,4.4,0.9335804264972017,-0.35836794954530027,0.9249999999999972,open-meteo,2026-08-08T10:04:01+00:00
2026-05-22 23:00:00+00:00,FR,solar,22.8,57,0.0,5.69,0.9510565162951535,0.30901699437494745,14.5,73,0.0,1.53,0.6427876096865393,0.766044443118978,15.4,93,0.0,1.9,0.48480962024633717,-0.8746197071393957,21.1,58,0.0,4.3,0.9781476007338057,-0.20791169081775934,0.4499999999999993,open-meteo,2026-08-08T10:04:01+00:00
2026-05-23 00:00:00+00:00,FR,solar,21.6,62,0.0,5.69,0.9510565162951535,0.30901699437494745,13.3,79,0.0,1.8,0.9271838545667874,0.37460659341591196,14.1,91,0.0,1.0,-0.052335956242943564,-0.9986295347545738,19.1,67,0.0,4.35,0.8571673007021123,-0.5150380749100543,0.9749999999999979,open-meteo,2026-08-08T10:04:01+00:00
2026-05-23 01:00:00+00:00,FR,solar,21.0,60,0.0,7.92,0.9975640502598242,-0.06975647374412533,12.2,80,0.0,1.71,0.9135454576426009,0.4067366430758002,14.0,90,0.0,3.2,0.9702957262759965,-0.24192189559966779,18.9,65,0.0,3.46,0.8746197071393959,-0.484809620246337,1.4750000000000014,open-meteo,2026-08-08T10:04:01+00:00
2026-05-23 02:00:00+00:00,FR,solar,20.6,62,0.0,6.35,0.992546151641322,0.12186934340514749,11.8,82,0.0,1.18,0.4067366430758002,0.9135454576426009,12.9,94,0.0,2.9,0.9510565162951536,-0.30901699437494734,17.9,69,0.0,2.81,0.8746197071393959,-0.484809620246337,2.1999999999999993,open-meteo,2026-08-08T10:04:01+00:00
2026-05-23 03:00:00+00:00,FR,solar,20.1,63,0.0,6.11,0.9986295347545738,-0.05233595624294384,11.2,88,0.0,1.96,0.6018150231520483,0.7986355100472928,12.3,93,0.0,1.7,0.45399049973954686,-0.8910065241883678,16.4,78,0.0,2.76,0.9563047559630355,-0.29237170472273666,3.0,open-meteo,2026-08-08T10:04:01+00:00
2026-05-23 04:00:00+00:00,FR,solar,19.1,65,0.0,6.71,0.9986295347545738,-0.05233595624294384,9.3,100,1.0,1.84,0.42261826174069944,0.9063077870366499,11.8,95,0.0,4.0,0.7313537016191706,-0.6819983600624984,15.7,82,0.0,1.71,0.8571673007021123,-0.5150380749100543,4.024999999999999,open-meteo,2026-08-08T10:04:01+00:00
2026-05-23 05:00:00+00:00,FR,solar,18.2,71,6.9,7.62,0.9961946980917455,0.08715574274765814,9.1,100,42.0,1.84,0.42261826174069944,0.9063077870366499,12.5,95,48.0,4.0,0.766044443118978,-0.6427876096865394,15.0,84,8.0,2.56,-0.7313537016191703,-0.6819983600624986,4.300000000000001,open-meteo,2026-08-08T10:04:01+00:00
2026-05-23 06:00:00+00:00,FR,solar,18.7,74,104.2,4.27,0.9335804264972017,-0.35836794954530027,13.0,92,151.0,2.32,0.4694715627858908,0.882947592858927,15.0,86,167.0,4.4,0.7547095802227721,-0.6560590289905072,15.8,88,112.0,4.38,-0.8910065241883678,-0.45399049973954697,2.375,open-meteo,2026-08-08T10:04:01+00:00
2026-05-23 07:00:00+00:00,FR,solar,20.9,67,272.6,1.63,-0.19080899537654472,-0.981627183447664,17.8,76,342.0,2.42,0.5299192642332049,0.848048096156426,18.5,79,284.0,4.3,0.7313537016191706,-0.6819983600624984,17.5,93,266.0,3.21,-0.8571673007021121,-0.5150380749100544,0.6750000000000007,open-meteo,2026-08-08T10:04:01+00:00
2026-05-23 08:00:00+00:00,FR,solar,24.3,54,453.7,1.46,-0.961261695938319,-0.2756373558169989,21.7,58,513.0,2.45,0.6018150231520483,0.7986355100472928,21.0,67,497.0,1.6,0.9455185755993168,-0.32556815445715664,19.5,89,439.0,2.51,-0.7771459614569706,-0.6293203910498378,3.625,open-meteo,2026-08-08T10:04:01+00:00
2026-05-23 09:00:00+00:00,FR,solar,26.6,50,628.3,2.5,-1.0,-1.8369701987210297e-16,24.0,50,664.0,3.15,0.5877852522924731,0.8090169943749475,23.1,58,657.0,1.1,0.981627183447664,-0.1908089953765448,21.8,82,619.0,2.26,-0.8290375725550418,-0.5591929034707466,5.875,open-meteo,2026-08-08T10:04:01+00:00
2026-05-23 10:00:00+00:00,FR,solar,29.1,43,757.7,2.19,-0.7313537016191703,0.6819983600624987,25.9,43,773.0,3.54,0.7431448254773942,0.6691306063588582,24.4,56,774.0,1.2,0.9743700647852352,-0.22495105434386503,24.0,76,763.0,1.96,-0.7986355100472928,-0.6018150231520483,7.850000000000001,open-meteo,2026-08-08T10:04:01+00:00
2026-05-23 11:00:00+00:00,FR,solar,31.0,33,841.8,1.49,-0.3420201433256686,0.9396926207859084,27.7,41,858.0,3.21,0.788010753606722,0.6156614753256583,26.0,48,853.0,2.5,0.8191520442889917,-0.5735764363510462,26.2,68,877.0,1.81,-0.754709580222772,-0.6560590289905073,9.725000000000001,open-meteo,2026-08-08T10:04:01+00:00
2026-05-23 12:00:00+00:00,FR,solar,31.8,28,885.4,3.26,0.3090169943749474,0.9510565162951535,28.5,38,883.0,3.07,0.9271838545667874,0.37460659341591196,27.2,40,865.0,0.9,0.9335804264972017,-0.35836794954530027,28.0,58,933.0,1.33,-0.587785252292473,-0.8090169943749475,10.875,open-meteo,2026-08-08T10:04:01+00:00
2026-05-23 13:00:00+00:00,FR,solar,32.6,31,885.0,2.48,-0.7313537016191703,0.6819983600624987,29.2,33,865.0,2.76,0.8910065241883679,0.45399049973954686,27.0,46,867.0,0.4,-0.3907311284892739,0.9205048534524403,29.4,47,933.0,1.23,0.48480962024633717,-0.8746197071393957,11.549999999999997,open-meteo,2026-08-08T10:04:01+00:00
2026-05-23 14:00:00+00:00,FR,solar,33.1,29,841.0,3.81,-0.08715574274765832,0.9961946980917455,29.5,33,794.0,2.63,0.7071067811865475,0.7071067811865476,27.8,40,808.0,0.8,-0.7431448254773946,0.6691306063588578,30.3,39,881.0,1.88,0.8829475928589269,-0.4694715627858909,12.175,open-meteo,2026-08-08T10:04:01+00:00
2026-05-23 15:00:00+00:00,FR,solar,30.9,45,748.5,3.93,-0.9925461516413221,-0.12186934340514717,29.4,29,677.0,3.53,0.6946583704589973,0.7193398003386512,28.7,38,631.0,2.1,0.25881904510252074,0.9659258262890683,30.3,37,777.0,1.92,0.9659258262890683,-0.25881904510252085,11.825,open-meteo,2026-08-08T10:04:01+00:00
2026-05-23 16:00:00+00:00,FR,solar,31.0,43,611.1,3.14,-0.9271838545667874,0.37460659341591196,28.8,31,536.0,3.23,0.8191520442889918,0.573576436351046,27.6,49,564.0,2.3,0.4067366430758002,0.9135454576426009,30.0,39,630.0,2.46,0.8746197071393959,-0.484809620246337,11.350000000000001,open-meteo,2026-08-08T10:04:01+00:00
2026-05-23 17:00:00+00:00,FR,solar,30.9,44,448.3,2.66,-0.8290375725550416,0.559192903470747,28.2,29,362.0,4.5,0.3420201433256687,0.9396926207859084,27.1,50,406.0,3.2,0.4539904997395468,0.8910065241883679,29.1,39,448.0,2.94,0.8660254037844387,-0.49999999999999983,10.824999999999996,open-meteo,2026-08-08T10:04:01+00:00
2026-05-23 18:00:00+00:00,FR,solar,30.0,42,271.0,3.77,-0.8480480961564262,0.5299192642332047,27.3,38,195.0,3.47,0.6427876096865393,0.766044443118978,26.3,61,242.0,2.7,0.0697564737441253,0.9975640502598242,28.4,52,252.0,1.77,0.5591929034707469,-0.8290375725550416,10.0,open-meteo,2026-08-08T10:04:01+00:00
2026-05-23 19:00:00+00:00,FR,solar,27.3,57,107.3,3.18,-0.4694715627858908,0.882947592858927,24.5,38,63.0,4.09,0.6946583704589973,0.7193398003386512,23.0,77,95.0,3.7,0.10452846326765347,0.9945218953682733,26.4,59,89.0,2.3,0.6427876096865395,-0.7660444431189779,7.299999999999997,open-meteo,2026-08-08T10:04:01+00:00
2026-05-23 20:00:00+00:00,FR,solar,25.1,65,8.5,3.74,-0.27563735581699894,0.9612616959383189,19.8,56,1.0,3.86,0.4067366430758002,0.9135454576426009,21.3,71,7.0,4.3,0.01745240643728351,0.9998476951563913,25.4,50,5.0,2.15,0.7313537016191706,-0.6819983600624984,4.899999999999999,open-meteo,2026-08-08T10:04:01+00:00
2026-05-23 21:00:00+00:00,FR,solar,23.6,66,0.0,4.48,0.4067366430758002,0.9135454576426009,19.2,66,0.0,4.95,0.4539904997395468,0.8910065241883679,19.6,78,0.0,4.8,-0.06975647374412564,0.9975640502598242,23.3,56,0.0,1.9,0.9781476007338057,-0.20791169081775934,3.4250000000000007,open-meteo,2026-08-08T10:04:01+00:00
2026-05-23 22:00:00+00:00,FR,solar,22.9,67,0.0,5.85,0.29237170472273677,0.9563047559630354,18.0,73,0.0,3.51,0.5877852522924731,0.8090169943749475,18.3,86,0.0,3.9,0.35836794954530027,0.9335804264972017,22.2,58,0.0,2.45,0.9993908270190958,0.03489949670250108,2.3500000000000014,open-meteo,2026-08-08T10:04:01+00:00
2026-05-23 23:00:00+00:00,FR,solar,21.8,73,0.0,4.61,0.4539904997395468,0.8910065241883679,16.8,76,0.0,4.23,0.7193398003386511,0.6946583704589973,17.8,81,0.0,3.6,0.374606593415912,0.9271838545667874,20.8,64,0.0,3.14,0.9702957262759965,0.24192189559966767,1.3000000000000007,open-meteo,2026-08-08T10:04:01+00:00
2026-05-24 00:00:00+00:00,FR,solar,20.8,77,0.0,4.83,0.9135454576426009,0.4067366430758002,15.5,83,0.0,3.41,0.7771459614569709,0.6293203910498374,16.9,86,0.0,3.1,0.5150380749100542,0.8571673007021123,19.5,71,0.0,4.16,0.9659258262890683,0.25881904510252074,0.17499999999999716,open-meteo,2026-08-08T10:04:01+00:00
2026-05-24 01:00:00+00:00,FR,solar,21.1,69,0.0,6.4,0.8746197071393957,0.4848096202463371,14.4,87,0.0,2.61,0.8290375725550417,0.5591929034707468,16.2,90,0.0,3.7,0.5150380749100542,0.8571673007021123,19.1,71,0.0,4.13,0.9702957262759965,0.24192189559966767,0.29999999999999716,open-meteo,2026-08-08T10:04:01+00:00
2026-05-24 02:00:00+00:00,FR,solar,20.1,78,0.0,5.19,0.8829475928589269,0.46947156278589086,13.5,88,0.0,2.77,0.7071067811865475,0.7071067811865476,15.5,91,0.0,3.9,0.5591929034707469,0.8290375725550417,19.0,70,0.0,4.02,0.9986295347545738,-0.05233595624294384,0.9750000000000014,open-meteo,2026-08-08T10:04:01+00:00
2026-05-24 03:00:00+00:00,FR,solar,19.3,80,0.0,5.46,0.9702957262759965,0.24192189559966767,13.4,85,0.0,3.19,0.6819983600624985,0.7313537016191705,15.1,92,0.0,3.4,0.5877852522924731,0.8090169943749475,18.4,72,0.0,3.56,0.9902680687415704,-0.13917310096006535,1.4499999999999993,open-meteo,2026-08-08T10:04:01+00:00
2026-05-24 04:00:00+00:00,FR,solar,19.2,75,0.0,6.08,0.9876883405951378,0.15643446504023092,12.9,88,1.0,2.91,0.6691306063588582,0.7431448254773942,14.3,94,0.0,5.7,0.9335804264972017,0.3583679495453004,17.8,75,0.0,3.42,0.9743700647852352,-0.22495105434386503,1.9499999999999993,open-meteo,2026-08-08T10:04:01+00:00
2026-05-24 05:00:00+00:00,FR,solar,18.3,85,7.7,5.92,0.9781476007338056,0.20791169081775945,13.1,91,50.0,2.51,0.7771459614569709,0.6293203910498374,15.4,92,49.0,5.8,0.9781476007338056,0.20791169081775945,16.7,81,9.0,3.95,0.992546151641322,0.12186934340514749,2.125,open-meteo,2026-08-08T10:04:01+00:00
2026-05-24 06:00:00+00:00,FR,solar,19.5,81,105.7,5.41,0.9975640502598242,-0.06975647374412533,17.2,79,176.0,3.21,0.6156614753256583,0.7880107536067219,18.4,86,178.0,6.0,0.9876883405951378,0.15643446504023092,18.2,83,109.0,3.82,1.0,6.123233995736766e-17,0.3249999999999993,open-meteo,2026-08-08T10:04:01+00:00
2026-05-24 07:00:00+00:00,FR,solar,22.3,71,271.6,2.41,0.6691306063588585,-0.743144825477394,20.9,61,337.0,3.84,0.6156614753256583,0.7880107536067219,21.2,77,329.0,5.9,0.9961946980917455,0.08715574274765814,21.8,80,280.0,3.76,0.9925461516413221,-0.12186934340514737,3.5500000000000007,open-meteo,2026-08-08T10:04:01+00:00
2026-05-24 08:00:00+00:00,FR,solar,25.1,63,454.5,2.01,0.9945218953682733,-0.10452846326765355,23.5,56,503.0,3.88,0.7071067811865475,0.7071067811865476,23.4,64,494.0,3.6,1.0,6.123233995736766e-17,24.2,63,463.0,3.06,0.9925461516413221,-0.12186934340514737,6.050000000000001,open-meteo,2026-08-08T10:04:01+00:00
2026-05-24 09:00:00+00:00,FR,solar,28.3,51,623.5,1.33,0.9743700647852352,-0.22495105434386503,26.3,46,644.0,4.27,0.7986355100472928,0.6018150231520483,25.9,58,625.0,3.5,0.9961946980917455,0.08715574274765814,26.5,47,636.0,3.43,0.9993908270190958,-0.034899496702500955,8.75,open-meteo,2026-08-08T10:04:01+00:00
2026-05-24 10:00:00+00:00,FR,solar,30.5,42,758.7,1.81,0.9945218953682733,0.10452846326765346,28.1,43,771.0,4.17,0.754709580222772,0.6560590289905073,26.1,59,768.0,2.7,0.984807753012208,0.17364817766693041,28.5,41,780.0,3.74,0.9945218953682733,-0.10452846326765355,10.3,open-meteo,2026-08-08T10:04:01+00:00
2026-05-24 11:00:00+00:00,FR,solar,32.2,34,843.0,3.41,0.9986295347545738,-0.05233595624294384,29.8,35,841.0,4.62,0.8090169943749475,0.5877852522924731,28.4,48,846.0,3.0,0.9975640502598242,0.06975647374412523,30.0,38,880.0,3.83,0.9743700647852352,-0.22495105434386503,12.100000000000001,open-meteo,2026-08-08T10:04:01+00:00
2026-05-24 12:00:00+00:00,FR,solar,33.2,29,886.4,4.2,0.9998476951563913,-0.017452406437283477,30.8,29,844.0,4.81,0.838670567945424,0.5446390350150271,29.3,44,881.0,2.1,0.9335804264972017,0.3583679495453004,30.8,37,938.0,4.84,0.9335804264972017,-0.35836794954530027,13.024999999999999,open-meteo,2026-08-08T10:04:01+00:00
2026-05-24 13:00:00+00:00,FR,solar,33.8,28,886.4,4.75,0.9659258262890683,-0.25881904510252085,31.3,28,845.0,5.02,0.7771459614569709,0.6293203910498374,29.2,50,861.0,2.4,0.573576436351046,0.8191520442889918,31.6,35,936.0,4.65,0.9510565162951536,-0.30901699437494734,13.475000000000001,open-meteo,2026-08-08T10:04:01+00:00
2026-05-24 14:00:00+00:00,FR,solar,33.9,29,842.2,4.51,0.9743700647852352,-0.22495105434386503,31.8,27,780.0,5.11,0.8090169943749475,0.5877852522924731,30.6,43,792.0,2.7,0.6293203910498374,0.7771459614569709,31.9,36,872.0,4.59,0.9612616959383189,-0.27563735581699905,14.050000000000004,open-meteo,2026-08-08T10:04:01+00:00
2026-05-24 15:00:00+00:00,FR,solar,34.3,26,745.4,5.41,0.9975640502598242,-0.06975647374412533,31.6,33,673.0,4.78,0.7313537016191705,0.6819983600624985,30.6,43,680.0,3.3,0.15643446504023087,0.9876883405951378,32.0,33,767.0,5.13,0.9743700647852352,-0.22495105434386503,14.125,open-meteo,2026-08-08T10:04:01+00:00
2026-05-24 16:00:00+00:00,FR,solar,34.4,25,616.5,6.93,0.9961946980917455,-0.08715574274765824,30.9,36,508.0,5.41,0.6946583704589973,0.7193398003386512,28.9,57,514.0,4.2,0.3255681544571567,0.9455185755993168,31.6,30,627.0,4.75,0.9271838545667874,-0.37460659341591207,13.449999999999996,open-meteo,2026-08-08T10:04:01+00:00
2026-05-24 17:00:00+00:00,FR,solar,33.9,27,450.6,8.33,0.9961946980917455,-0.08715574274765824,29.8,39,346.0,6.32,0.6560590289905073,0.754709580222772,29.0,53,380.0,5.5,0.20791169081775934,0.9781476007338057,31.0,36,453.0,3.27,0.9876883405951378,-0.1564344650402308,12.925,open-meteo,2026-08-08T10:04:01+00:00
2026-05-24 18:00:00+00:00,FR,solar,32.9,29,273.3,6.89,0.9876883405951378,-0.1564344650402308,28.5,43,164.0,6.31,0.7431448254773942,0.6691306063588582,27.4,57,204.0,5.9,0.3420201433256687,0.9396926207859084,29.7,39,267.0,3.97,0.9612616959383189,-0.27563735581699905,11.625,open-meteo,2026-08-08T10:04:01+00:00
2026-05-24 19:00:00+00:00,FR,solar,31.4,35,108.8,6.72,0.9975640502598242,-0.06975647374412533,25.9,49,53.0,5.66,0.8660254037844386,0.5000000000000001,24.5,73,77.0,7.3,0.49999999999999994,0.8660254037844387,27.4,47,91.0,4.54,0.9925461516413221,-0.12186934340514737,9.299999999999997,open-meteo,2026-08-08T10:04:01+00:00
2026-05-24 20:00:00+00:00,FR,solar,29.7,40,8.5,6.1,0.9998476951563913,-0.017452406437283477,22.9,54,2.0,6.34,0.848048096156426,0.5299192642332049,24.4,72,6.0,7.5,0.6691306063588582,0.7431448254773942,25.2,53,5.0,4.91,0.9986295347545738,0.052335956242943966,7.550000000000001,open-meteo,2026-08-08T10:04:01+00:00
2026-05-24 21:00:00+00:00,FR,solar,28.0,47,0.0,5.77,0.8829475928589269,-0.4694715627858909,21.3,60,0.0,5.3,0.8829475928589269,0.46947156278589086,22.8,69,0.0,7.6,0.7431448254773942,0.6691306063588582,23.6,63,0.0,6.27,0.90630778703665,-0.42261826174069933,5.924999999999997,open-meteo,2026-08-08T10:04:01+00:00
2026-05-24 22:00:00+00:00,FR,solar,26.4,51,0.0,5.1,0.9612616959383189,-0.27563735581699905,20.3,68,0.0,4.28,0.9396926207859083,0.3420201433256688,21.9,72,0.0,9.3,0.848048096156426,0.5299192642332049,22.5,60,0.0,6.71,0.8746197071393959,-0.484809620246337,4.774999999999999,open-meteo,2026-08-08T10:04:01+00:00
2026-05-24 23:00:00+00:00,FR,solar,25.3,54,0.0,4.44,0.9205048534524403,-0.39073112848927377,19.2,74,0.0,5.13,0.8987940462991669,0.43837114678907746,21.5,70,0.0,8.3,0.8987940462991669,0.43837114678907746,21.5,61,0.0,7.27,0.8987940462991669,-0.4383711467890775,3.875,open-meteo,2026-08-08T10:04:01+00:00
2026-05-25 00:00:00+00:00,FR,solar,24.8,55,0.0,5.15,0.9510565162951536,-0.30901699437494734,18.5,77,0.0,5.74,0.9063077870366499,0.42261826174069944,19.7,76,0.0,7.0,0.8829475928589269,0.46947156278589086,20.1,66,0.0,6.57,0.9563047559630355,-0.29237170472273666,2.7749999999999986,open-meteo,2026-08-08T10:04:01+00:00
2026-05-25 01:00:00+00:00,FR,solar,23.1,65,0.0,7.75,0.8660254037844387,-0.49999999999999983,18.8,73,0.0,7.31,0.8191520442889918,0.573576436351046,19.3,77,0.0,8.3,0.9659258262890683,0.25881904510252074,19.1,66,0.0,7.62,0.9902680687415704,-0.13917310096006535,2.075000000000003,open-meteo,2026-08-08T10:04:01+00:00
2026-05-25 02:00:00+00:00,FR,solar,22.3,70,0.0,8.6,0.9205048534524403,-0.39073112848927377,18.4,73,0.0,7.6,0.788010753606722,0.6156614753256583,18.9,76,0.0,8.5,0.9975640502598242,0.06975647374412523,18.6,62,0.0,8.41,0.9659258262890683,-0.25881904510252085,1.5500000000000007,open-meteo,2026-08-08T10:04:01+00:00
2026-05-25 03:00:00+00:00,FR,solar,21.4,72,0.0,5.23,0.7313537016191706,-0.6819983600624984,16.7,82,0.0,6.56,0.788010753606722,0.6156614753256583,18.5,78,0.0,9.1,0.9902680687415704,-0.13917310096006535,18.0,59,0.0,8.46,0.9612616959383189,-0.27563735581699905,0.6499999999999986,open-meteo,2026-08-08T10:04:01+00:00
2026-05-25 04:00:00+00:00,FR,solar,20.5,75,0.0,4.27,0.2756373558169992,-0.9612616959383189,16.0,86,1.0,6.41,0.7771459614569709,0.6293203910498374,17.6,82,0.0,8.4,0.9961946980917455,-0.08715574274765824,17.4,58,0.0,8.48,0.9702957262759965,-0.24192189559966779,0.125,open-meteo,2026-08-08T10:04:01+00:00
2026-05-25 05:00:00+00:00,FR,solar,19.2,81,7.7,6.23,0.49999999999999994,-0.8660254037844387,16.8,82,51.0,6.09,0.7986355100472928,0.6018150231520483,18.2,80,50.0,8.2,0.9945218953682733,-0.10452846326765355,17.0,59,9.0,8.49,0.9563047559630355,-0.29237170472273666,0.1999999999999993,open-meteo,2026-08-08T10:04:01+00:00
2026-05-25 06:00:00+00:00,FR,solar,20.9,72,106.7,6.65,0.6946583704589971,-0.7193398003386513,19.2,70,177.0,5.43,0.7771459614569709,0.6293203910498374,19.9,69,181.0,7.3,0.9993908270190958,-0.034899496702500955,17.6,66,112.0,6.39,0.9659258262890683,-0.25881904510252085,1.3999999999999986,open-meteo,2026-08-08T10:04:01+00:00
2026-05-25 07:00:00+00:00,FR,solar,23.9,58,274.7,5.52,0.7193398003386511,-0.6946583704589974,21.3,62,337.0,3.6,0.7071067811865475,0.7071067811865476,20.7,71,340.0,5.5,0.9998476951563913,-0.017452406437283477,19.1,66,281.0,6.04,0.9902680687415704,-0.13917310096006535,3.25,open-meteo,2026-08-08T10:04:01+00:00
2026-05-25 08:00:00+00:00,FR,solar,26.1,47,457.6,6.06,0.788010753606722,-0.6156614753256583,23.6,55,505.0,3.76,0.7771459614569709,0.6293203910498374,23.6,57,505.0,4.3,0.9945218953682733,-0.10452846326765355,21.2,65,463.0,4.32,0.9975640502598242,-0.06975647374412533,5.6250000000000036,open-meteo,2026-08-08T10:04:01+00:00
2026-05-25 09:00:00+00:00,FR,solar,27.7,46,629.6,4.61,0.9135454576426009,-0.40673664307580026,26.4,49,653.0,3.29,0.8660254037844386,0.5000000000000001,25.5,53,651.0,3.9,0.9975640502598242,0.06975647374412523,24.2,58,631.0,3.9,0.9781476007338057,-0.20791169081775934,7.949999999999999,open-meteo,2026-08-08T10:04:01+00:00
2026-05-25 10:00:00+00:00,FR,solar,29.4,42,759.6,5.6,0.9612616959383189,-0.27563735581699905,28.6,43,773.0,2.77,0.848048096156426,0.5299192642332049,25.9,60,768.0,3.7,0.9902680687415704,0.13917310096006547,26.9,54,775.0,2.97,0.9563047559630355,-0.29237170472273666,9.700000000000003,open-meteo,2026-08-08T10:04:01+00:00
2026-05-25 11:00:00+00:00,FR,solar,30.6,39,843.8,4.85,0.9271838545667874,-0.37460659341591207,30.3,34,853.0,3.08,0.6018150231520483,0.7986355100472928,28.4,37,853.0,3.9,0.9998476951563913,0.0174524064372836,29.0,50,872.0,2.94,0.8987940462991669,-0.4383711467890775,11.575000000000003,open-meteo,2026-08-08T10:04:01+00:00
2026-05-25 12:00:00+00:00,FR,solar,32.1,35,887.2,4.31,0.9271838545667874,-0.37460659341591207,31.2,30,883.0,3.34,0.5299192642332049,0.848048096156426,29.2,36,884.0,3.1,0.9396926207859083,0.3420201433256688,30.6,47,924.0,3.1,0.9510565162951536,-0.30901699437494734,12.774999999999999,open-meteo,2026-08-08T10:04:01+00:00
2026-05-25 13:00:00+00:00,FR,solar,33.3,32,887.2,3.71,0.8910065241883679,-0.45399049973954675,31.7,28,862.0,3.33,0.4694715627858908,0.882947592858927,28.8,42,858.0,3.6,0.838670567945424,0.5446390350150271,31.8,42,927.0,3.14,0.9702957262759965,-0.24192189559966779,13.399999999999999,open-meteo,2026-08-08T10:04:01+00:00
2026-05-25 14:00:00+00:00,FR,solar,34.6,27,843.4,2.66,0.8290375725550417,-0.5591929034707467,32.1,26,791.0,4.06,0.3420201433256687,0.9396926207859084,30.5,29,795.0,3.2,0.8829475928589269,0.46947156278589086,32.5,38,873.0,3.56,0.9902680687415704,-0.13917310096006535,14.424999999999997,open-meteo,2026-08-08T10:04:01+00:00
2026-05-25 15:00:00+00:00,FR,solar,35.0,28,758.9,3.92,0.9945218953682733,-0.10452846326765355,31.9,17,682.0,5.83,0.42261826174069944,0.9063077870366499,30.7,29,690.0,3.2,0.6427876096865393,0.766044443118978,32.5,30,772.0,4.95,0.9902680687415704,-0.13917310096006535,14.525000000000006,open-meteo,2026-08-08T10:04:01+00:00
2026-05-25 16:00:00+00:00,FR,solar,34.7,28,617.3,4.9,0.9993908270190958,-0.034899496702500955,31.0,17,545.0,4.92,0.573576436351046,0.8191520442889918,28.7,44,554.0,3.9,0.5150380749100542,0.8571673007021123,32.4,31,631.0,4.71,0.9781476007338057,-0.20791169081775934,13.700000000000003,open-meteo,2026-08-08T10:04:01+00:00
2026-05-25 17:00:00+00:00,FR,solar,34.2,28,450.0,7.41,0.984807753012208,-0.1736481776669303,29.8,21,379.0,5.78,0.6293203910498374,0.7771459614569709,29.2,36,343.0,4.5,0.43837114678907746,0.898794046299167,31.8,36,452.0,5.68,0.9335804264972017,-0.35836794954530027,13.25,open-meteo,2026-08-08T10:04:01+00:00
2026-05-25 18:00:00+00:00,FR,solar,33.2,28,274.9,6.87,0.9612616959383189,-0.27563735581699905,28.6,21,210.0,6.24,0.6946583704589973,0.7193398003386512,27.7,49,245.0,5.5,0.43837114678907746,0.898794046299167,30.4,40,266.0,6.96,0.9993908270190958,-0.034899496702500955,11.975000000000001,open-meteo,2026-08-08T10:04:01+00:00
2026-05-25 19:00:00+00:00,FR,solar,31.5,33,110.9,6.11,0.9659258262890683,-0.25881904510252085,25.2,26,66.0,5.61,0.6946583704589973,0.7193398003386512,24.0,62,94.0,7.4,0.5446390350150271,0.838670567945424,27.9,47,97.0,9.11,0.8910065241883679,-0.45399049973954675,9.149999999999999,open-meteo,2026-08-08T10:04:01+00:00
2026-05-25 20:00:00+00:00,FR,solar,29.2,40,9.3,5.38,0.6819983600624986,-0.7313537016191705,21.1,36,2.0,4.71,0.6819983600624985,0.7313537016191705,24.1,55,8.0,8.7,0.7313537016191705,0.6819983600624985,25.5,42,5.0,11.26,0.90630778703665,-0.42261826174069933,6.975000000000001,open-meteo,2026-08-08T10:04:01+00:00
2026-05-25 21:00:00+00:00,FR,solar,27.6,42,0.0,5.19,0.8290375725550417,-0.5591929034707467,19.4,48,0.0,4.64,0.6946583704589973,0.7193398003386512,22.2,54,0.0,9.2,0.7431448254773942,0.6691306063588582,24.1,46,0.0,9.66,0.9205048534524403,-0.39073112848927377,5.325000000000003,open-meteo,2026-08-08T10:04:01+00:00
2026-05-25 22:00:00+00:00,FR,solar,26.4,47,0.0,6.22,0.7986355100472927,-0.6018150231520484,18.0,55,0.0,4.81,0.838670567945424,0.5446390350150271,20.2,64,0.0,9.8,0.8571673007021123,0.5150380749100542,22.9,48,0.0,8.34,0.9135454576426009,-0.40673664307580026,3.875,open-meteo,2026-08-08T10:04:01+00:00
2026-05-25 23:00:00+00:00,FR,solar,25.1,49,0.0,7.14,0.7313537016191706,-0.6819983600624984,16.5,63,0.0,3.11,0.9135454576426009,0.4067366430758002,20.2,56,0.0,9.4,0.9271838545667874,0.37460659341591196,21.4,51,0.0,7.14,0.90630778703665,-0.42261826174069933,2.799999999999997,open-meteo,2026-08-08T10:04:01+00:00
2026-05-26 00:00:00+00:00,FR,solar,23.7,54,0.0,7.1,0.529919264233205,-0.848048096156426,15.6,69,0.0,3.7,0.848048096156426,0.5299192642332049,19.1,60,0.0,9.4,0.9063077870366499,0.42261826174069944,20.6,51,0.0,8.28,0.9335804264972017,-0.35836794954530027,1.75,open-meteo,2026-08-08T10:04:01+00:00
2026-05-26 01:00:00+00:00,FR,solar,22.6,57,0.0,7.64,0.7193398003386511,-0.6946583704589974,15.0,72,0.0,3.43,0.7986355100472928,0.6018150231520483,17.9,69,0.0,9.9,0.9455185755993167,0.32556815445715676,20.0,52,0.0,8.21,0.9563047559630355,-0.29237170472273666,0.875,open-meteo,2026-08-08T10:04:01+00:00
2026-05-26 02:00:00+00:00,FR,solar,21.2,59,0.0,7.71,0.6946583704589971,-0.7193398003386513,14.3,76,0.0,3.63,0.788010753606722,0.6156614753256583,17.4,63,0.0,9.3,0.992546151641322,0.12186934340514749,18.9,56,0.0,7.13,0.9612616959383189,-0.27563735581699905,0.05000000000000071,open-meteo,2026-08-08T10:04:01+00:00
2026-05-26 03:00:00+00:00,FR,solar,20.4,60,0.0,7.16,0.8090169943749475,-0.587785252292473,13.3,85,0.0,4.08,0.8191520442889918,0.573576436351046,16.6,67,0.0,7.5,0.9902680687415704,-0.13917310096006535,17.7,63,0.0,6.45,0.9563047559630355,-0.29237170472273666,1.0,open-meteo,2026-08-08T10:04:01+00:00
2026-05-26 04:00:00+00:00,FR,solar,19.7,61,0.0,7.86,0.7986355100472927,-0.6018150231520484,13.0,89,1.0,3.04,0.838670567945424,0.5446390350150271,15.6,77,0.0,7.1,0.9961946980917455,-0.08715574274765824,17.0,67,0.0,6.33,0.9271838545667874,-0.37460659341591207,1.6749999999999972,open-meteo,2026-08-08T10:04:01+00:00
2026-05-26 05:00:00+00:00,FR,solar,18.4,69,8.5,8.71,0.7431448254773942,-0.6691306063588582,13.2,92,54.0,2.43,0.766044443118978,0.6427876096865394,16.5,72,54.0,6.6,0.9925461516413221,-0.12186934340514737,16.6,71,9.0,5.74,0.8910065241883679,-0.45399049973954675,1.8250000000000028,open-meteo,2026-08-08T10:04:01+00:00
2026-05-26 06:00:00+00:00,FR,solar,20.5,62,109.8,7.04,0.777145961456971,-0.6293203910498373,17.4,78,182.0,3.06,0.6427876096865393,0.766044443118978,17.6,65,187.0,7.5,0.9659258262890683,-0.25881904510252085,17.3,78,114.0,4.26,0.9205048534524403,-0.39073112848927377,0.1999999999999993,open-meteo,2026-08-08T10:04:01+00:00
2026-05-26 07:00:00+00:00,FR,solar,22.8,56,279.1,4.89,0.7547095802227721,-0.6560590289905072,21.1,57,346.0,2.47,0.5591929034707469,0.8290375725550417,19.1,69,349.0,5.9,0.9781476007338057,-0.20791169081775934,19.7,68,289.0,4.75,0.9902680687415704,-0.13917310096006535,2.6750000000000007,open-meteo,2026-08-08T10:04:01+00:00
2026-05-26 08:00:00+00:00,FR,solar,24.8,51,460.6,4.46,0.6691306063588585,-0.743144825477394,23.5,52,514.0,2.64,0.6691306063588582,0.7431448254773942,22.0,57,509.0,3.5,0.9205048534524403,-0.39073112848927377,21.8,62,474.0,4.12,0.9986295347545738,0.052335956242943966,5.024999999999999,open-meteo,2026-08-08T10:04:01+00:00
2026-05-26 09:00:00+00:00,FR,solar,27.4,46,630.4,2.91,0.6560590289905073,-0.754709580222772,26.4,43,662.0,2.59,0.8746197071393957,0.4848096202463371,24.6,53,668.0,3.7,0.9271838545667874,-0.37460659341591207,24.3,55,646.0,3.14,0.9993908270190958,0.03489949670250108,7.675000000000001,open-meteo,2026-08-08T10:04:01+00:00
2026-05-26 10:00:00+00:00,FR,solar,29.8,40,760.4,1.57,0.45399049973954686,-0.8910065241883678,28.3,41,781.0,2.24,0.8746197071393957,0.4848096202463371,25.3,59,783.0,2.7,0.9205048534524403,-0.39073112848927377,26.5,52,792.0,3.23,0.9993908270190958,-0.034899496702500955,9.475000000000001,open-meteo,2026-08-08T10:04:01+00:00
2026-05-26 11:00:00+00:00,FR,solar,31.8,33,844.7,0.51,0.981627183447664,0.19080899537654492,30.1,37,857.0,1.87,0.6819983600624985,0.7313537016191705,27.4,45,865.0,1.8,0.6156614753256584,-0.7880107536067219,28.4,50,891.0,2.5,0.981627183447664,-0.1908089953765448,11.425000000000004,open-meteo,2026-08-08T10:04:01+00:00
2026-05-26 12:00:00+00:00,FR,solar,33.8,26,888.1,2.02,0.9876883405951378,-0.1564344650402308,30.9,33,886.0,0.75,0.39073112848927377,0.9205048534524404,30.1,28,905.0,2.3,-0.1045284632676535,-0.9945218953682733,30.0,45,940.0,2.72,0.8987940462991669,-0.4383711467890775,13.199999999999996,open-meteo,2026-08-08T10:04:01+00:00
2026-05-26 13:00:00+00:00,FR,solar,34.1,24,887.9,5.76,0.9902680687415704,-0.13917310096006535,31.6,29,865.0,1.18,-0.9135454576426011,0.40673664307579976,29.3,40,888.0,0.5,0.13917310096006533,-0.9902680687415704,31.3,40,935.0,2.65,0.777145961456971,-0.6293203910498373,13.575,open-meteo,2026-08-08T10:04:01+00:00
2026-05-26 14:00:00+00:00,FR,solar,34.4,23,844.1,6.28,0.9876883405951378,-0.1564344650402308,32.0,23,798.0,2.26,-0.8290375725550416,0.559192903470747,30.3,29,819.0,2.6,-0.7880107536067221,-0.6156614753256581,32.2,36,876.0,2.51,0.6293203910498374,-0.7771459614569709,14.225000000000001,open-meteo,2026-08-08T10:04:01+00:00
2026-05-26 15:00:00+00:00,FR,solar,34.7,26,760.2,5.61,0.981627183447664,-0.1908089953765448,31.7,24,688.0,1.95,-0.3090169943749477,0.9510565162951535,31.3,22,719.0,2.7,-0.7431448254773944,-0.6691306063588581,32.7,30,774.0,3.23,0.5735764363510459,-0.8191520442889919,14.600000000000001,open-meteo,2026-08-08T10:04:01+00:00
2026-05-26 16:00:00+00:00,FR,solar,34.6,27,624.0,5.17,0.9659258262890683,-0.25881904510252085,31.4,24,540.0,2.91,-0.3420201433256686,0.9396926207859084,29.2,37,579.0,2.4,-0.9945218953682734,-0.10452846326765336,32.7,28,630.0,3.23,0.5735764363510459,-0.8191520442889919,13.975000000000001,open-meteo,2026-08-08T10:04:01+00:00
2026-05-26 17:00:00+00:00,FR,solar,34.4,28,454.5,5.63,0.9563047559630355,-0.29237170472273666,30.6,27,378.0,2.95,-0.2588190451025207,0.9659258262890683,29.9,29,353.0,3.5,-0.9902680687415703,-0.13917310096006583,32.1,31,457.0,3.13,0.529919264233205,-0.848048096156426,13.75,open-meteo,2026-08-08T10:04:01+00:00
2026-05-26 18:00:00+00:00,FR,solar,33.5,29,277.2,4.27,0.9612616959383189,-0.27563735581699905,29.4,37,210.0,2.61,-0.5591929034707466,0.8290375725550418,28.3,37,253.0,4.8,-0.9563047559630354,0.2923717047227367,30.8,39,271.0,1.71,0.2249510543438652,-0.9743700647852351,12.5,open-meteo,2026-08-08T10:04:01+00:00
2026-05-26 19:00:00+00:00,FR,solar,32.0,29,113.4,4.94,0.9925461516413221,-0.12186934340514737,26.1,46,68.0,2.97,-0.13917310096006588,0.9902680687415703,24.5,68,105.0,5.5,-0.945518575599317,0.3255681544571563,28.9,45,102.0,1.67,0.9986295347545738,-0.05233595624294384,9.875,open-meteo,2026-08-08T10:04:01+00:00
2026-05-26 20:00:00+00:00,FR,solar,30.1,33,10.0,4.0,0.9743700647852352,0.22495105434386492,21.8,61,2.0,2.22,-0.7071067811865477,0.7071067811865474,23.6,56,10.0,5.0,0.052335956242943835,0.9986295347545738,26.2,47,6.0,5.1,0.9993908270190958,-0.034899496702500955,7.425000000000001,open-meteo,2026-08-08T10:04:01+00:00
2026-05-26 21:00:00+00:00,FR,solar,28.1,41,0.0,4.81,0.7071067811865476,-0.7071067811865475,19.9,75,0.0,2.39,-0.3255681544571567,0.9455185755993168,21.6,67,0.0,7.9,0.25881904510252074,0.9659258262890683,24.8,52,0.0,7.29,0.8090169943749475,-0.587785252292473,5.599999999999998,open-meteo,2026-08-08T10:04:01+00:00
2026-05-26 22:00:00+00:00,FR,solar,25.5,51,0.0,5.16,0.6946583704589971,-0.7193398003386513,18.0,81,0.0,1.1,-0.45399049973954697,0.8910065241883678,19.9,83,0.0,7.0,0.573576436351046,0.8191520442889918,23.1,53,0.0,6.63,0.8290375725550417,-0.5591929034707467,3.625,open-meteo,2026-08-08T10:04:01+00:00
2026-05-26 23:00:00+00:00,FR,solar,24.7,55,0.0,5.28,0.6018150231520482,-0.7986355100472929,17.0,85,0.0,0.9,-0.7547095802227722,0.656059028990507,19.0,84,0.0,6.0,0.43837114678907746,0.898794046299167,21.7,55,0.0,5.76,0.8480480961564261,-0.5299192642332048,2.6000000000000014,open-meteo,2026-08-08T10:04:01+00:00
2026-05-27 00:00:00+00:00,FR,solar,24.2,56,0.0,8.47,0.20791169081775931,-0.9781476007338057,15.7,88,0.0,0.98,-0.6018150231520483,0.7986355100472928,18.6,74,0.0,7.7,0.25881904510252074,0.9659258262890683,20.1,60,0.0,4.97,0.8480480961564261,-0.5299192642332048,1.6499999999999986,open-meteo,2026-08-08T10:04:01+00:00
2026-05-27 01:00:00+00:00,FR,solar,22.0,69,0.0,6.26,0.45399049973954686,-0.8910065241883678,15.4,88,0.0,1.74,-0.9612616959383188,0.2756373558169994,17.4,86,0.0,5.4,0.35836794954530027,0.9335804264972017,18.9,63,0.0,4.65,0.8660254037844387,-0.49999999999999983,0.42499999999999716,open-meteo,2026-08-08T10:04:01+00:00
2026-05-27 02:00:00+00:00,FR,solar,21.3,67,0.0,3.18,0.8829475928589269,-0.4694715627858909,14.8,90,0.0,2.11,-0.9271838545667874,0.37460659341591196,17.4,80,0.0,6.7,0.7431448254773942,0.6691306063588582,18.0,65,0.0,3.9,0.8829475928589269,-0.4694715627858909,0.125,open-meteo,2026-08-08T10:04:01+00:00
2026-05-27 03:00:00+00:00,FR,solar,20.7,69,0.0,6.5,0.39073112848927377,-0.9205048534524404,14.3,94,0.0,2.0,-0.9816271834476639,0.1908089953765451,16.7,81,0.0,7.8,0.5591929034707469,0.8290375725550417,17.6,66,0.0,5.39,0.8910065241883679,-0.45399049973954675,0.6749999999999972,open-meteo,2026-08-08T10:04:01+00:00
2026-05-27 04:00:00+00:00,FR,solar,20.0,71,0.0,5.57,0.15643446504023098,-0.9876883405951377,12.7,100,1.0,2.23,-0.9659258262890684,0.2588190451025203,15.3,91,0.0,7.1,0.6691306063588582,0.7431448254773942,16.9,68,0.0,5.04,0.8910065241883679,-0.45399049973954675,1.7749999999999986,open-meteo,2026-08-08T10:04:01+00:00
2026-05-27 05:00:00+00:00,FR,solar,18.9,77,9.3,5.75,0.5150380749100544,-0.8571673007021122,12.7,100,44.0,1.98,-0.9396926207859083,0.342020143325669,16.8,87,54.0,4.3,0.8987940462991669,0.43837114678907746,16.5,71,11.0,4.78,0.8829475928589269,-0.4694715627858909,1.7749999999999986,open-meteo,2026-08-08T10:04:01+00:00
2026-05-27 06:00:00+00:00,FR,solar,20.8,64,111.3,6.99,0.40673664307580043,-0.9135454576426008,16.6,87,170.0,1.74,-0.27563735581699894,0.9612616959383189,18.7,77,187.0,6.4,0.838670567945424,0.5446390350150271,17.9,70,118.0,4.32,0.838670567945424,-0.5446390350150272,0.5,open-meteo,2026-08-08T10:04:01+00:00
2026-05-27 07:00:00+00:00,FR,solar,23.3,56,278.7,5.51,0.20791169081775931,-0.9781476007338057,20.3,72,352.0,1.18,0.08715574274765817,0.9961946980917455,21.4,68,348.0,4.0,0.984807753012208,0.17364817766693041,21.2,60,292.0,3.9,0.8829475928589269,-0.4694715627858909,3.5500000000000007,open-meteo,2026-08-08T10:04:01+00:00
2026-05-27 08:00:00+00:00,FR,solar,25.7,55,458.1,3.31,0.05233595624294381,-0.9986295347545738,24.2,53,521.0,0.93,0.3090169943749474,0.9510565162951535,25.2,45,512.0,2.3,0.9563047559630354,0.29237170472273677,23.5,57,477.0,2.88,0.984807753012208,-0.1736481776669303,6.649999999999999,open-meteo,2026-08-08T10:04:01+00:00
2026-05-27 09:00:00+00:00,FR,solar,28.6,50,625.8,1.8,0.05233595624294381,-0.9986295347545738,26.9,42,673.0,2.11,0.224951054343865,0.9743700647852352,26.6,46,660.0,3.3,0.754709580222772,0.6560590289905073,26.1,49,650.0,2.65,0.9993908270190958,-0.034899496702500955,9.049999999999997,open-meteo,2026-08-08T10:04:01+00:00
2026-05-27 10:00:00+00:00,FR,solar,30.7,48,761.2,1.66,0.838670567945424,-0.5446390350150272,29.0,39,791.0,3.33,0.4694715627858908,0.882947592858927,27.2,53,781.0,2.1,0.6691306063588582,0.7431448254773942,28.8,44,796.0,2.65,1.0,6.123233995736766e-17,10.925,open-meteo,2026-08-08T10:04:01+00:00
2026-05-27 11:00:00+00:00,FR,solar,32.9,37,845.5,2.3,0.8290375725550417,-0.5591929034707467,30.4,36,864.0,4.29,0.8191520442889918,0.573576436351046,30.0,30,862.0,3.2,0.5877852522924731,0.8090169943749475,31.0,36,898.0,3.04,0.9993908270190958,0.03489949670250108,13.075,open-meteo,2026-08-08T10:04:01+00:00
2026-05-27 12:00:00+00:00,FR,solar,34.7,29,888.9,2.52,0.8290375725550417,-0.5591929034707467,31.3,35,887.0,4.0,0.8090169943749475,0.5877852522924731,30.9,25,894.0,3.2,0.5591929034707469,0.8290375725550417,32.4,31,949.0,3.23,1.0,6.123233995736766e-17,14.325000000000003,open-meteo,2026-08-08T10:04:01+00:00
2026-05-27 13:00:00+00:00,FR,solar,36.2,21,888.9,2.27,0.7547095802227721,-0.6560590289905072,31.5,29,752.0,4.53,0.9945218953682733,0.10452846326765346,29.8,32,884.0,4.0,0.8987940462991669,0.43837114678907746,33.2,27,946.0,3.14,0.9975640502598242,-0.06975647374412533,14.674999999999997,open-meteo,2026-08-08T10:04:01+00:00
2026-05-27 14:00:00+00:00,FR,solar,36.7,19,845.5,0.45,0.8910065241883679,0.45399049973954686,32.1,25,773.0,3.11,0.9135454576426009,0.4067366430758002,31.0,28,817.0,4.8,0.6427876096865393,0.766044443118978,33.8,25,890.0,2.86,0.9945218953682733,-0.10452846326765355,15.400000000000006,open-meteo,2026-08-08T10:04:01+00:00
2026-05-27 15:00:00+00:00,FR,solar,37.1,17,761.2,1.97,0.9135454576426009,0.4067366430758002,31.8,24,551.0,4.18,0.6293203910498374,0.7771459614569709,31.3,27,709.0,4.8,0.374606593415912,0.9271838545667874,33.0,28,784.0,3.72,0.9993908270190958,0.03489949670250108,15.299999999999997,open-meteo,2026-08-08T10:04:01+00:00
2026-05-27 16:00:00+00:00,FR,solar,36.1,25,623.5,2.25,-0.529919264233205,0.8480480961564258,30.9,26,437.0,6.79,0.4539904997395468,0.8910065241883679,29.5,35,567.0,4.9,0.24192189559966773,0.9702957262759965,32.7,27,635.0,3.34,0.9961946980917455,0.08715574274765814,14.299999999999997,open-meteo,2026-08-08T10:04:01+00:00
2026-05-27 17:00:00+00:00,FR,solar,35.8,25,454.7,1.75,-0.40673664307580015,0.9135454576426009,30.2,26,367.0,7.32,0.42261826174069944,0.9063077870366499,29.5,34,411.0,6.6,0.4067366430758002,0.9135454576426009,32.1,31,460.0,3.25,0.9961946980917455,0.08715574274765814,13.899999999999999,open-meteo,2026-08-08T10:04:01+00:00
2026-05-27 18:00:00+00:00,FR,solar,35.0,20,278.5,5.12,0.7771459614569709,0.6293203910498374,29.0,32,198.0,6.18,0.7431448254773942,0.6691306063588582,28.1,47,248.0,6.4,0.35836794954530027,0.9335804264972017,31.0,35,276.0,3.04,0.9659258262890683,-0.25881904510252085,12.774999999999999,open-meteo,2026-08-08T10:04:01+00:00
2026-05-27 19:00:00+00:00,FR,solar,32.3,30,115.9,4.31,-0.37460659341591235,0.9271838545667873,26.3,39,69.0,8.52,0.6156614753256583,0.7880107536067219,25.1,64,101.0,7.0,0.49999999999999994,0.8660254037844387,28.5,48,104.0,2.39,0.9455185755993168,-0.32556815445715664,10.049999999999997,open-meteo,2026-08-08T10:04:01+00:00
2026-05-27 20:00:00+00:00,FR,solar,29.9,34,10.8,3.16,0.1908089953765448,0.981627183447664,24.0,48,2.0,8.45,0.7193398003386511,0.6946583704589973,24.7,60,10.0,6.4,0.6819983600624985,0.7313537016191705,27.0,49,7.0,1.95,0.9510565162951536,-0.30901699437494734,8.399999999999999,open-meteo,2026-08-08T10:04:01+00:00
2026-05-27 21:00:00+00:00,FR,solar,27.8,40,0.0,3.57,0.3090169943749474,0.9510565162951535,22.7,55,0.0,8.43,0.8090169943749475,0.5877852522924731,23.3,61,0.0,6.9,0.7071067811865475,0.7071067811865476,25.3,53,0.0,1.25,0.6293203910498374,-0.7771459614569709,6.774999999999999,open-meteo,2026-08-08T10:04:01+00:00
2026-05-27 22:00:00+00:00,FR,solar,25.6,48,0.0,3.75,0.15643446504023087,0.9876883405951378,21.8,61,0.0,8.37,0.8746197071393957,0.4848096202463371,21.2,60,0.0,7.5,0.8910065241883679,0.45399049973954686,24.5,52,0.0,1.0,0.19080899537654497,-0.9816271834476639,5.275000000000002,open-meteo,2026-08-08T10:04:01+00:00
2026-05-27 23:00:00+00:00,FR,solar,24.6,53,0.0,6.45,0.3255681544571567,0.9455185755993168,20.6,67,0.0,8.69,0.8660254037844386,0.5000000000000001,21.3,61,0.0,7.6,0.984807753012208,0.17364817766693041,24.3,49,0.0,1.28,0.06975647374412552,-0.9975640502598242,4.699999999999999,open-meteo,2026-08-08T10:04:01+00:00
2026-05-28 00:00:00+00:00,FR,solar,23.8,53,0.0,6.75,0.6427876096865393,0.766044443118978,19.8,69,0.0,7.05,0.8910065241883679,0.45399049973954686,20.2,60,0.0,8.0,0.9781476007338056,0.20791169081775945,23.5,53,0.0,0.6,-0.15643446504023073,-0.9876883405951378,3.8249999999999993,open-meteo,2026-08-08T10:04:01+00:00
2026-05-28 01:00:00+00:00,FR,solar,22.7,60,0.0,6.31,0.9659258262890683,0.25881904510252074,19.1,71,0.0,7.24,0.8660254037844386,0.5000000000000001,18.6,62,0.0,8.7,1.0,6.123233995736766e-17,23.0,53,0.0,0.69,-0.9902680687415704,0.13917310096006547,2.8500000000000014,open-meteo,2026-08-08T10:04:01+00:00
2026-05-28 02:00:00+00:00,FR,solar,21.5,69,0.0,2.28,0.9659258262890683,0.25881904510252074,18.1,72,0.0,7.01,0.8829475928589269,0.46947156278589086,18.8,67,0.0,8.7,0.981627183447664,-0.1908089953765448,21.3,58,0.0,1.48,-0.13917310096006588,0.9902680687415703,1.9250000000000007,open-meteo,2026-08-08T10:04:01+00:00
2026-05-28 03:00:00+00:00,FR,solar,20.6,73,0.0,4.33,0.766044443118978,0.6427876096865394,17.0,73,0.0,6.75,0.9135454576426009,0.4067366430758002,18.8,61,0.0,9.2,0.9781476007338057,-0.20791169081775934,20.0,64,0.0,0.9,-0.7547095802227722,0.656059028990507,1.1000000000000014,open-meteo,2026-08-08T10:04:01+00:00
2026-05-28 04:00:00+00:00,FR,solar,20.5,74,0.0,4.34,0.788010753606722,0.6156614753256583,16.0,74,1.0,5.74,0.8910065241883679,0.45399049973954686,17.4,66,0.0,9.4,0.9925461516413221,-0.12186934340514737,19.1,70,0.0,0.81,-0.24192189559966787,0.9702957262759965,0.25,open-meteo,2026-08-08T10:04:01+00:00
2026-05-28 05:00:00+00:00,FR,solar,20.0,79,9.3,3.04,0.6946583704589973,0.7193398003386512,16.6,71,56.0,5.87,0.8829475928589269,0.46947156278589086,17.9,69,55.0,8.4,0.9702957262759965,-0.24192189559966779,18.7,73,11.0,1.0,0.981627183447664,0.19080899537654492,0.3000000000000007,open-meteo,2026-08-08T10:04:01+00:00
2026-05-28 06:00:00+00:00,FR,solar,22.0,76,104.4,3.8,1.0,6.123233995736766e-17,18.8,58,186.0,4.79,0.8571673007021123,0.5150380749100542,19.1,60,186.0,7.3,0.9876883405951378,-0.1564344650402308,20.4,71,116.0,0.81,0.9702957262759965,0.24192189559966767,2.0749999999999993,open-meteo,2026-08-08T10:04:01+00:00
2026-05-28 07:00:00+00:00,FR,solar,25.3,62,267.9,4.49,0.9781476007338057,-0.20791169081775934,21.0,50,349.0,3.51,0.9205048534524404,0.3907311284892737,19.9,66,345.0,5.6,0.9510565162951536,-0.30901699437494734,23.3,78,289.0,1.75,0.8910065241883679,0.45399049973954686,4.3749999999999964,open-meteo,2026-08-08T10:04:01+00:00
2026-05-28 08:00:00+00:00,FR,solar,28.8,49,455.4,2.21,0.9510565162951536,-0.30901699437494734,23.1,45,515.0,4.19,0.9335804264972017,0.3583679495453004,22.9,51,503.0,5.7,0.9455185755993168,-0.32556815445715664,26.5,58,471.0,1.27,1.0,6.123233995736766e-17,7.325000000000003,open-meteo,2026-08-08T10:04:01+00:00
2026-05-28 09:00:00+00:00,FR,solar,31.6,40,623.5,1.3,0.9975640502598242,-0.06975647374412533,25.6,38,662.0,3.64,0.9135454576426009,0.4067366430758002,24.8,47,653.0,4.5,0.9135454576426009,-0.40673664307580026,28.7,46,642.0,0.92,0.8480480961564261,-0.5299192642332048,9.675,open-meteo,2026-08-08T10:04:01+00:00
2026-05-28 10:00:00+00:00,FR,solar,34.1,29,762.0,2.67,0.9743700647852352,-0.22495105434386503,27.3,35,781.0,3.68,0.8746197071393957,0.4848096202463371,25.2,54,759.0,4.1,0.9781476007338057,-0.20791169081775934,30.7,44,785.0,1.02,0.9563047559630355,-0.29237170472273666,11.325000000000003,open-meteo,2026-08-08T10:04:01+00:00
2026-05-28 11:00:00+00:00,FR,solar,35.7,22,846.1,2.4,0.9563047559630355,-0.29237170472273666,28.7,32,860.0,3.95,0.7431448254773942,0.6691306063588582,27.8,41,852.0,3.7,0.8987940462991669,-0.4383711467890775,32.6,38,883.0,2.27,0.992546151641322,0.12186934340514749,13.200000000000003,open-meteo,2026-08-08T10:04:01+00:00
2026-05-28 12:00:00+00:00,FR,solar,36.5,20,889.5,2.96,0.9781476007338057,-0.20791169081775934,29.2,33,889.0,3.83,0.6427876096865393,0.766044443118978,28.8,39,886.0,3.0,0.9743700647852352,-0.22495105434386503,33.4,30,938.0,3.94,0.9945218953682733,0.10452846326765346,13.975000000000001,open-meteo,2026-08-08T10:04:01+00:00
2026-05-28 13:00:00+00:00,FR,solar,36.9,20,889.7,4.44,0.9702957262759965,0.24192189559966767,29.8,32,866.0,3.7,0.5299192642332049,0.848048096156426,28.2,46,873.0,2.7,0.984807753012208,0.17364817766693041,34.0,27,940.0,3.92,0.9998476951563913,0.0174524064372836,14.225000000000001,open-meteo,2026-08-08T10:04:01+00:00
2026-05-28 14:00:00+00:00,FR,solar,37.0,19,846.5,4.52,0.9510565162951535,0.30901699437494745,29.9,31,797.0,3.82,0.6691306063588582,0.7431448254773942,30.0,36,812.0,2.3,0.6560590289905073,-0.754709580222772,34.1,26,886.0,4.48,0.984807753012208,-0.1736481776669303,14.75,open-meteo,2026-08-08T10:04:01+00:00
2026-05-28 15:00:00+00:00,FR,solar,36.3,19,739.0,4.33,0.992546151641322,0.12186934340514749,29.9,31,687.0,3.69,0.374606593415912,0.9271838545667874,30.2,35,706.0,2.6,0.9986295347545738,0.052335956242943966,34.0,29,773.0,4.91,0.9986295347545738,-0.05233595624294384,14.599999999999994,open-meteo,2026-08-08T10:04:01+00:00
2026-05-28 16:00:00+00:00,FR,solar,36.9,18,616.5,4.3,0.8571673007021123,0.5150380749100542,29.2,29,546.0,4.62,0.35836794954530027,0.9335804264972017,28.8,45,570.0,1.1,0.25881904510252074,0.9659258262890683,33.8,23,631.0,5.0,1.0,6.123233995736766e-17,14.174999999999997,open-meteo,2026-08-08T10:04:01+00:00
2026-05-28 17:00:00+00:00,FR,solar,36.3,19,464.5,4.95,0.6819983600624985,0.7313537016191705,28.4,30,384.0,5.18,0.48480962024633706,0.8746197071393957,29.5,39,411.0,3.1,0.3255681544571566,-0.9455185755993168,33.3,25,458.0,5.66,0.8660254037844386,0.5000000000000001,13.874999999999996,open-meteo,2026-08-08T10:04:01+00:00
2026-05-28 18:00:00+00:00,FR,solar,35.1,22,283.8,4.6,0.7193398003386511,0.6946583704589973,27.1,33,217.0,4.38,0.6427876096865393,0.766044443118978,28.5,47,239.0,3.3,0.984807753012208,-0.1736481776669303,32.1,32,276.0,4.69,0.8987940462991669,0.43837114678907746,12.700000000000003,open-meteo,2026-08-08T10:04:01+00:00
2026-05-28 19:00:00+00:00,FR,solar,33.5,27,115.7,3.26,0.6427876096865393,0.766044443118978,24.7,41,72.0,5.27,0.7431448254773942,0.6691306063588582,25.0,73,103.0,3.1,0.9659258262890683,-0.25881904510252085,29.9,34,106.0,6.4,0.766044443118978,0.6427876096865394,10.274999999999999,open-meteo,2026-08-08T10:04:01+00:00
2026-05-28 20:00:00+00:00,FR,solar,31.6,33,11.6,4.24,0.5591929034707469,0.8290375725550417,21.3,51,2.0,4.76,0.848048096156426,0.5299192642332049,23.9,62,10.0,2.7,0.2923717047227366,-0.9563047559630355,27.2,39,7.0,4.02,0.7071067811865475,0.7071067811865476,8.000000000000004,open-meteo,2026-08-08T10:04:01+00:00
2026-05-28 21:00:00+00:00,FR,solar,29.6,37,0.0,4.21,0.4694715627858908,0.882947592858927,19.5,62,0.0,3.64,0.9135454576426009,0.4067366430758002,21.9,70,0.0,3.2,0.7986355100472927,-0.6018150231520484,24.6,48,0.0,4.69,0.8746197071393957,0.4848096202463371,5.899999999999999,open-meteo,2026-08-08T10:04:01+00:00
2026-05-28 22:00:00+00:00,FR,solar,27.6,44,0.0,5.97,0.6427876096865393,0.766044443118978,18.2,68,0.0,2.72,0.8987940462991669,0.43837114678907746,19.7,87,0.0,4.4,0.6946583704589971,-0.7193398003386513,23.5,49,0.0,4.95,0.9063077870366499,0.42261826174069944,4.25,open-meteo,2026-08-08T10:04:01+00:00
2026-05-28 23:00:00+00:00,FR,solar,26.6,47,0.0,6.47,0.6293203910498374,0.7771459614569709,16.9,73,0.0,3.23,1.0,6.123233995736766e-17,19.8,71,0.0,2.6,-0.13917310096006552,-0.9902680687415703,22.6,51,0.0,5.39,0.9455185755993167,0.32556815445715676,3.4750000000000014,open-meteo,2026-08-08T10:04:01+00:00
2026-05-29 00:00:00+00:00,FR,solar,25.6,50,0.0,6.0,0.9135454576426009,0.4067366430758002,16.5,77,0.0,2.36,0.9961946980917455,-0.08715574274765824,19.5,69,0.0,5.0,0.766044443118978,-0.6427876096865394,21.4,57,0.0,5.92,0.8910065241883679,0.45399049973954686,2.75,open-meteo,2026-08-08T10:04:01+00:00
2026-05-29 01:00:00+00:00,FR,solar,24.2,60,0.0,4.83,0.8290375725550417,0.5591929034707468,15.0,84,0.0,2.4,0.9781476007338056,0.20791169081775945,17.9,91,0.0,6.2,0.6293203910498374,-0.7771459614569709,21.2,57,0.0,6.13,0.9743700647852352,0.22495105434386492,1.5749999999999993,open-meteo,2026-08-08T10:04:01+00:00
2026-05-29 02:00:00+00:00,FR,solar,23.0,65,0.0,6.35,0.838670567945424,0.5446390350150271,14.3,87,0.0,2.76,0.9945218953682733,0.10452846326765346,18.7,79,0.0,5.4,0.13917310096006533,-0.9902680687415704,20.5,60,0.0,6.11,0.9945218953682733,0.10452846326765346,1.125,open-meteo,2026-08-08T10:04:01+00:00
2026-05-29 03:00:00+00:00,FR,solar,22.5,67,0.0,6.2,0.9510565162951535,0.30901699437494745,13.9,87,0.0,2.42,0.9702957262759965,-0.24192189559966779,17.1,81,0.0,3.8,0.01745240643728344,-0.9998476951563913,19.3,65,0.0,5.59,0.9998476951563913,0.0174524064372836,0.1999999999999993,open-meteo,2026-08-08T10:04:01+00:00
2026-05-29 04:00:00+00:00,FR,solar,22.3,62,0.0,6.14,0.9925461516413221,-0.12186934340514737,13.5,86,1.0,1.97,0.9945218953682733,-0.10452846326765355,16.2,90,1.0,5.3,0.01745240643728344,-0.9998476951563913,18.6,68,0.0,5.24,0.9902680687415704,-0.13917310096006535,0.3500000000000014,open-meteo,2026-08-08T10:04:01+00:00
2026-05-29 05:00:00+00:00,FR,solar,20.3,74,10.0,3.57,0.981627183447664,0.19080899537654492,13.7,86,56.0,2.07,0.9961946980917455,-0.08715574274765824,17.4,82,54.0,2.7,-0.0348994967025009,-0.9993908270190958,18.3,72,12.0,3.41,0.9510565162951536,-0.30901699437494734,0.5749999999999993,open-meteo,2026-08-08T10:04:01+00:00
2026-05-29 06:00:00+00:00,FR,solar,21.4,68,113.6,2.47,0.529919264233205,-0.848048096156426,18.1,60,186.0,2.0,0.981627183447664,-0.1908089953765448,18.4,75,182.0,5.3,-0.06975647374412527,-0.9975640502598242,18.0,87,121.0,2.3,-0.7660444431189779,-0.6427876096865395,0.9750000000000014,open-meteo,2026-08-08T10:04:01+00:00
2026-05-29 07:00:00+00:00,FR,solar,23.9,62,279.3,3.91,-0.5299192642332048,-0.8480480961564261,21.7,42,349.0,1.57,0.9975640502598242,0.06975647374412523,21.0,74,324.0,3.9,-0.13917310096006552,-0.9902680687415703,19.7,87,290.0,3.76,-0.9659258262890683,-0.25881904510252063,3.5749999999999993,open-meteo,2026-08-08T10:04:01+00:00
2026-05-29 08:00:00+00:00,FR,solar,25.5,64,456.8,3.61,-0.7193398003386512,-0.6946583704589973,24.7,28,516.0,1.9,0.9781476007338056,0.20791169081775945,24.9,55,503.0,2.5,0.12186934340514755,-0.992546151641322,21.5,86,457.0,3.93,-0.9455185755993168,-0.32556815445715664,6.149999999999999,open-meteo,2026-08-08T10:04:01+00:00
2026-05-29 09:00:00+00:00,FR,solar,27.6,58,625.0,4.03,-0.7193398003386512,-0.6946583704589973,27.2,23,666.0,3.14,0.9993908270190958,-0.034899496702500955,27.2,46,648.0,2.3,-0.08715574274765794,-0.9961946980917455,23.3,79,628.0,3.85,-0.9659258262890683,-0.25881904510252063,8.325,open-meteo,2026-08-08T10:04:01+00:00
2026-05-29 10:00:00+00:00,FR,solar,29.0,55,762.7,3.08,-0.8090169943749473,-0.5877852522924732,28.7,24,786.0,2.45,0.9612616959383189,0.27563735581699916,27.7,50,753.0,2.2,-0.46947156278589086,-0.8829475928589269,25.3,70,775.0,3.61,-0.9743700647852351,-0.22495105434386525,9.675,open-meteo,2026-08-08T10:04:01+00:00
2026-05-29 11:00:00+00:00,FR,solar,30.5,49,846.8,2.64,-0.874619707139396,-0.48480962024633684,30.1,24,861.0,3.12,0.6946583704589973,0.7193398003386512,28.2,44,828.0,2.3,-0.13917310096006552,-0.9902680687415703,27.3,62,880.0,3.64,-0.9702957262759965,-0.24192189559966779,11.024999999999999,open-meteo,2026-08-08T10:04:01+00:00
2026-05-29 12:00:00+00:00,FR,solar,31.9,42,890.2,2.69,-0.9659258262890683,-0.25881904510252063,30.7,24,890.0,3.35,0.788010753606722,0.6156614753256583,30.3,38,494.0,2.5,-0.5299192642332048,-0.8480480961564261,29.0,54,931.0,4.12,-0.9510565162951535,-0.30901699437494756,12.474999999999998,open-meteo,2026-08-08T10:04:01+00:00
2026-05-29 13:00:00+00:00,FR,solar,32.5,39,876.5,3.31,-0.9986295347545738,-0.052335956242944306,31.4,22,866.0,2.89,0.8829475928589269,0.46947156278589086,29.7,48,819.0,1.3,-0.882947592858927,-0.46947156278589075,30.3,44,924.0,3.87,-0.9876883405951377,-0.15643446504023104,12.974999999999998,open-meteo,2026-08-08T10:04:01+00:00
2026-05-29 14:00:00+00:00,FR,solar,33.2,26,806.3,0.63,0.3090169943749474,0.9510565162951535,31.9,21,797.0,2.92,0.9702957262759965,0.24192189559966767,30.4,44,785.0,1.6,-0.9902680687415704,0.13917310096006547,31.0,41,867.0,3.35,-0.9659258262890683,-0.25881904510252063,13.625,open-meteo,2026-08-08T10:04:01+00:00
2026-05-29 15:00:00+00:00,FR,solar,30.8,51,732.1,7.54,-0.9945218953682734,-0.10452846326765336,31.5,22,683.0,3.02,0.9743700647852352,0.22495105434386492,31.1,38,643.0,2.2,-0.9659258262890683,-0.25881904510252063,30.6,43,762.0,2.37,-0.913545457642601,-0.4067366430758001,13.0,open-meteo,2026-08-08T10:04:01+00:00
2026-05-29 16:00:00+00:00,FR,solar,29.3,55,569.4,5.4,-0.9993908270190958,0.03489949670250128,31.1,22,526.0,2.81,0.9781476007338056,0.20791169081775945,29.7,48,462.0,2.2,-0.9659258262890684,0.2588190451025203,30.5,44,617.0,3.37,-0.8987940462991668,-0.43837114678907774,12.150000000000002,open-meteo,2026-08-08T10:04:01+00:00
2026-05-29 17:00:00+00:00,FR,solar,27.5,63,315.6,6.22,-0.9961946980917455,0.08715574274765789,30.3,23,354.0,2.46,0.8746197071393957,0.4848096202463371,29.9,48,297.0,3.2,-0.9902680687415703,-0.13917310096006583,30.0,47,449.0,4.03,-0.874619707139396,-0.48480962024633684,11.424999999999997,open-meteo,2026-08-08T10:04:01+00:00
2026-05-29 18:00:00+00:00,FR,solar,25.7,70,243.8,5.3,-0.9998476951563913,-0.017452406437283498,28.8,28,193.0,3.03,0.8746197071393957,0.4848096202463371,29.2,49,188.0,4.1,-0.3090169943749477,0.9510565162951535,29.1,50,257.0,4.49,-0.8090169943749473,-0.5877852522924732,10.200000000000003,open-meteo,2026-08-08T10:04:01+00:00
2026-05-29 19:00:00+00:00,FR,solar,22.7,80,106.7,6.65,-0.9925461516413221,-0.12186934340514717,25.5,37,70.0,3.78,0.8571673007021123,0.5150380749100542,25.3,74,96.0,3.3,-0.9743700647852352,0.22495105434386492,26.6,61,84.0,7.62,-0.8987940462991668,-0.43837114678907774,7.024999999999999,open-meteo,2026-08-08T10:04:01+00:00
2026-05-29 20:00:00+00:00,FR,solar,21.0,86,11.6,6.49,-0.984807753012208,-0.17364817766693033,22.0,45,3.0,3.76,0.7771459614569709,0.6293203910498374,24.7,71,9.0,2.8,-0.8191520442889918,0.573576436351046,23.7,70,6.0,8.62,-0.9902680687415704,0.13917310096006547,4.850000000000001,open-meteo,2026-08-08T10:04:01+00:00
2026-05-29 21:00:00+00:00,FR,solar,20.2,90,0.0,6.2,-0.984807753012208,-0.17364817766693033,20.2,57,0.0,2.67,0.8090169943749475,0.5877852522924731,22.8,74,0.0,2.8,0.35836794954530027,0.9335804264972017,20.8,81,0.0,7.3,-0.9781476007338056,0.20791169081775945,3.0,open-meteo,2026-08-08T10:04:01+00:00
2026-05-29 22:00:00+00:00,FR,solar,20.1,90,0.0,4.88,-0.981627183447664,-0.1908089953765446,19.0,64,0.0,2.54,0.8829475928589269,0.46947156278589086,21.1,86,0.0,1.3,-0.27563735581699894,0.9612616959383189,18.8,89,0.0,6.94,-0.9876883405951378,0.15643446504023067,1.75,open-meteo,2026-08-08T10:04:01+00:00
2026-05-29 23:00:00+00:00,FR,solar,20.1,89,0.0,6.48,-0.9743700647852351,-0.22495105434386525,17.7,69,0.0,1.08,1.0,6.123233995736766e-17,21.9,80,0.0,5.4,-0.22495105434386534,0.9743700647852351,17.8,94,0.0,6.88,-0.9975640502598243,0.06975647374412522,1.375,open-meteo,2026-08-08T10:04:01+00:00
2026-05-30 00:00:00+00:00,FR,solar,20.0,89,0.0,5.68,-0.9702957262759965,-0.24192189559966779,17.3,71,0.0,1.9,0.9781476007338057,-0.20791169081775934,20.4,81,0.0,2.5,0.37460659341591224,-0.9271838545667873,17.2,95,0.0,7.17,-0.9975640502598243,0.06975647374412522,0.7249999999999979,open-meteo,2026-08-08T10:04:01+00:00
2026-05-30 01:00:00+00:00,FR,solar,20.1,89,0.0,5.48,-0.9659258262890683,-0.25881904510252063,16.9,76,0.0,2.32,0.8829475928589269,-0.4694715627858909,19.4,93,0.0,1.6,-0.6427876096865396,0.7660444431189778,17.0,96,0.0,7.15,-1.0,-1.8369701987210297e-16,0.3500000000000014,open-meteo,2026-08-08T10:04:01+00:00
2026-05-30 02:00:00+00:00,FR,solar,19.6,89,0.0,5.24,-0.9743700647852351,-0.22495105434386525,16.4,73,0.0,2.66,0.9945218953682733,-0.10452846326765355,20.0,87,0.0,3.7,0.9510565162951535,0.30901699437494745,16.9,96,0.0,6.76,-0.9993908270190958,-0.03489949670250076,0.22500000000000142,open-meteo,2026-08-08T10:04:01+00:00
2026-05-30 03:00:00+00:00,FR,solar,19.9,89,0.0,5.38,-0.984807753012208,-0.17364817766693033,16.3,77,0.0,5.21,0.9612616959383189,-0.27563735581699905,19.6,88,0.0,6.9,-0.3090169943749477,0.9510565162951535,16.6,96,0.0,5.63,-0.9925461516413221,-0.12186934340514717,0.10000000000000142,open-meteo,2026-08-08T10:04:01+00:00
2026-05-30 04:00:00+00:00,FR,solar,19.9,87,0.0,4.18,-0.9335804264972015,-0.3583679495453007,17.3,73,2.0,3.0,0.6156614753256584,-0.7880107536067219,18.3,96,1.0,2.2,-0.017452406437283637,-0.9998476951563913,16.5,97,0.0,5.32,-0.9743700647852351,-0.22495105434386525,0.0,open-meteo,2026-08-08T10:04:01+00:00
2026-05-30 05:00:00+00:00,FR,solar,19.5,87,3.1,3.86,-0.8571673007021121,-0.5150380749100544,17.3,74,51.0,0.57,0.5150380749100544,-0.8571673007021122,19.3,92,53.0,3.3,0.15643446504023098,-0.9876883405951377,16.5,97,7.0,5.54,-0.9743700647852351,-0.22495105434386525,0.14999999999999858,open-meteo,2026-08-08T10:04:01+00:00
2026-05-30 06:00:00+00:00,FR,solar,19.7,86,43.2,4.47,-0.8290375725550418,-0.5591929034707466,19.9,70,154.0,1.43,0.9612616959383189,0.27563735581699916,21.4,76,141.0,5.3,0.9998476951563913,0.0174524064372836,17.4,91,59.0,5.27,-0.984807753012208,-0.17364817766693033,1.5999999999999979,open-meteo,2026-08-08T10:04:01+00:00
2026-05-30 07:00:00+00:00,FR,solar,20.3,83,137.3,4.6,-0.8290375725550418,-0.5591929034707466,22.1,58,345.0,2.07,0.9961946980917455,0.08715574274765814,20.2,77,271.0,5.3,0.9743700647852352,0.22495105434386492,18.8,84,155.0,4.71,-0.9975640502598242,-0.06975647374412558,2.3500000000000014,open-meteo,2026-08-08T10:04:01+00:00
2026-05-30 08:00:00+00:00,FR,solar,21.1,80,291.1,4.57,-0.874619707139396,-0.48480962024633684,25.0,44,511.0,0.78,-2.4492935982947064e-16,1.0,23.9,60,322.0,9.5,0.9781476007338057,-0.20791169081775934,20.3,78,321.0,4.06,-0.9902680687415703,-0.13917310096006583,4.574999999999999,open-meteo,2026-08-08T10:04:01+00:00
2026-05-30 09:00:00+00:00,FR,solar,22.4,76,484.6,3.89,-0.9510565162951535,-0.30901699437494756,27.6,35,656.0,1.18,-0.6691306063588581,0.7431448254773944,26.8,55,638.0,3.1,0.9702957262759965,-0.24192189559966779,22.0,73,537.0,2.29,-0.984807753012208,-0.17364817766693033,6.699999999999999,open-meteo,2026-08-08T10:04:01+00:00
2026-05-30 10:00:00+00:00,FR,solar,23.4,71,694.3,3.86,-0.8571673007021121,-0.5150380749100544,29.3,33,776.0,2.57,-0.3090169943749477,0.9510565162951535,24.9,60,766.0,7.0,0.8480480961564261,-0.5299192642332048,23.5,68,718.0,2.61,-0.9743700647852351,-0.22495105434386525,7.274999999999999,open-meteo,2026-08-08T10:04:01+00:00
2026-05-30 11:00:00+00:00,FR,solar,24.6,68,780.1,4.11,-0.8987940462991668,-0.43837114678907774,30.8,30,849.0,2.71,-0.22495105434386534,0.9743700647852351,28.4,43,847.0,7.6,0.8910065241883679,-0.45399049973954675,24.4,67,792.0,2.87,-0.9902680687415703,-0.13917310096006583,9.050000000000004,open-meteo,2026-08-08T10:04:01+00:00
2026-05-30 12:00:00+00:00,FR,solar,25.2,65,854.9,4.88,-0.8987940462991668,-0.43837114678907774,31.1,30,869.0,3.54,0.7431448254773942,0.6691306063588582,30.8,41,883.0,2.9,0.8191520442889917,-0.5735764363510462,25.2,64,869.0,1.79,-0.9876883405951377,-0.15643446504023104,10.075,open-meteo,2026-08-08T10:04:01+00:00
2026-05-30 13:00:00+00:00,FR,solar,24.6,67,857.1,4.65,-0.9455185755993168,-0.32556815445715664,31.5,28,827.0,2.43,0.7313537016191705,0.6819983600624985,30.6,42,792.0,1.8,-0.17364817766693047,-0.984807753012208,26.4,61,884.0,2.45,-0.9993908270190958,0.03489949670250128,10.274999999999999,open-meteo,2026-08-08T10:04:01+00:00
2026-05-30 14:00:00+00:00,FR,solar,24.1,69,781.6,4.94,-0.9335804264972015,-0.3583679495453007,32.0,28,759.0,3.07,0.8571673007021123,0.5150380749100542,29.9,41,808.0,5.1,0.9510565162951536,-0.30901699437494734,27.3,59,816.0,3.26,-0.992546151641322,0.12186934340514768,10.325,open-meteo,2026-08-08T10:04:01+00:00
2026-05-30 15:00:00+00:00,FR,solar,23.6,70,744.4,5.43,-0.9743700647852351,-0.22495105434386525,30.7,33,620.0,5.26,0.8746197071393957,0.4848096202463371,32.2,32,708.0,3.2,-0.48480962024633695,-0.8746197071393959,26.7,58,729.0,4.08,-0.984807753012208,-0.17364817766693033,10.3,open-meteo,2026-08-08T10:04:01+00:00
2026-05-30 16:00:00+00:00,FR,solar,22.9,71,579.5,5.49,-0.984807753012208,-0.17364817766693033,30.7,32,532.0,3.02,0.9743700647852352,0.22495105434386492,31.2,40,546.0,2.7,-0.874619707139396,-0.48480962024633684,25.3,65,552.0,6.67,-0.984807753012208,-0.17364817766693033,9.524999999999999,open-meteo,2026-08-08T10:04:01+00:00
2026-05-30 17:00:00+00:00,FR,solar,22.1,73,455.2,4.74,-0.9510565162951535,-0.30901699437494756,30.3,33,376.0,2.79,0.9510565162951535,0.30901699437494745,31.8,35,393.0,4.5,-0.46947156278589086,-0.8829475928589269,23.8,68,415.0,7.85,-0.9986295347545738,0.052335956242943946,9.0,open-meteo,2026-08-08T10:04:01+00:00
2026-05-30 18:00:00+00:00,FR,solar,21.1,76,277.0,5.23,-0.8987940462991668,-0.43837114678907774,29.1,38,181.0,3.33,0.9993908270190958,0.03489949670250108,29.6,43,211.0,4.4,-0.7660444431189779,-0.6427876096865395,20.9,74,239.0,7.36,-0.9975640502598242,-0.06975647374412558,7.175000000000004,open-meteo,2026-08-08T10:04:01+00:00
2026-05-30 19:00:00+00:00,FR,solar,20.5,81,72.0,5.41,-0.9455185755993168,-0.32556815445715664,26.7,45,58.0,3.74,0.9945218953682733,0.10452846326765346,23.2,62,79.0,3.9,-0.9975640502598243,0.06975647374412522,20.2,77,94.0,6.27,-0.9998476951563913,0.01745240643728313,4.650000000000002,open-meteo,2026-08-08T10:04:01+00:00
2026-05-30 20:00:00+00:00,FR,solar,20.1,85,5.2,4.5,-0.7986355100472928,-0.6018150231520483,24.2,55,3.0,2.94,0.9993908270190958,0.03489949670250108,24.6,49,6.0,2.1,0.9335804264972017,0.3583679495453004,18.8,83,7.0,7.05,-1.0,-1.8369701987210297e-16,3.9250000000000007,open-meteo,2026-08-08T10:04:01+00:00
2026-05-30 21:00:00+00:00,FR,solar,19.8,89,0.0,3.75,-0.7193398003386512,-0.6946583704589973,22.0,67,0.0,2.77,0.9205048534524403,-0.39073112848927377,24.3,61,0.0,4.4,-0.9335804264972017,0.3583679495453004,17.5,90,0.0,6.57,-0.984807753012208,-0.17364817766693033,2.8999999999999986,open-meteo,2026-08-08T10:04:01+00:00
2026-05-30 22:00:00+00:00,FR,solar,19.2,90,0.0,5.19,-0.46947156278589086,-0.8829475928589269,21.4,67,0.0,3.32,0.8290375725550417,-0.5591929034707467,19.1,87,0.0,6.8,0.9455185755993168,-0.32556815445715664,16.6,92,0.0,6.8,-0.9781476007338056,-0.2079116908177598,1.0749999999999993,open-meteo,2026-08-08T10:04:01+00:00
2026-05-30 23:00:00+00:00,FR,solar,19.3,90,0.0,5.87,-0.6946583704589974,-0.7193398003386511,20.1,73,0.0,2.45,1.2246467991473532e-16,-1.0,21.8,68,0.0,5.9,0.766044443118978,-0.6427876096865394,16.3,96,0.0,7.04,-0.961261695938319,-0.2756373558169989,1.375,open-meteo,2026-08-08T10:04:01+00:00
2026-05-31 00:00:00+00:00,FR,solar,19.4,90,0.0,4.34,-0.8987940462991668,-0.43837114678907774,20.2,70,0.0,3.08,0.15643446504023098,-0.9876883405951377,21.0,70,0.0,3.7,-0.9961946980917455,-0.08715574274765825,16.6,95,0.0,6.51,-0.9510565162951535,-0.30901699437494756,1.2999999999999972,open-meteo,2026-08-08T10:04:01+00:00
2026-05-31 01:00:00+00:00,FR,solar,18.8,92,0.0,3.4,-0.6819983600624984,-0.7313537016191706,19.6,71,0.0,3.72,0.03489949670250114,-0.9993908270190958,18.1,82,0.0,4.0,-0.29237170472273677,-0.9563047559630354,17.0,90,0.0,5.99,-0.981627183447664,-0.1908089953765446,0.375,open-meteo,2026-08-08T10:04:01+00:00
2026-05-31 02:00:00+00:00,FR,solar,18.2,94,0.0,4.16,-0.4067366430758002,-0.9135454576426009,19.8,70,0.0,2.9,-0.2079116908177595,-0.9781476007338056,19.5,75,0.0,6.5,-0.29237170472273677,-0.9563047559630354,16.8,90,0.0,4.61,-0.9781476007338056,-0.2079116908177598,0.5749999999999993,open-meteo,2026-08-08T10:04:01+00:00
2026-05-31 03:00:00+00:00,FR,solar,18.1,96,0.0,3.45,-0.5000000000000001,-0.8660254037844386,18.9,72,0.0,0.81,0.9702957262759965,0.24192189559966767,18.8,75,0.0,6.8,-0.9335804264972017,0.3583679495453004,16.6,90,0.0,3.86,-0.8910065241883678,-0.45399049973954697,0.10000000000000142,open-meteo,2026-08-08T10:04:01+00:00
2026-05-31 04:00:00+00:00,FR,solar,18.4,96,0.0,3.16,-0.9510565162951535,-0.30901699437494756,18.0,81,2.0,1.96,1.2246467991473532e-16,-1.0,16.8,95,1.0,4.7,-0.7193398003386512,0.6946583704589973,16.7,88,0.0,3.97,-0.8386705679454242,-0.544639035015027,0.5249999999999986,open-meteo,2026-08-08T10:04:01+00:00
2026-05-31 05:00:00+00:00,FR,solar,18.5,91,6.9,3.01,-0.9945218953682734,-0.10452846326765336,18.0,83,58.0,3.46,-0.90630778703665,-0.42261826174069916,18.2,65,27.0,5.2,-0.8829475928589271,0.4694715627858904,16.8,89,2.0,4.57,-0.8191520442889916,-0.5735764363510464,0.125,open-meteo,2026-08-08T10:04:01+00:00
2026-05-31 06:00:00+00:00,FR,solar,19.0,80,61.0,2.9,-0.9993908270190958,-0.03489949670250076,20.0,67,145.0,6.79,-0.882947592858927,-0.46947156278589075,17.7,58,98.0,5.3,-0.992546151641322,0.12186934340514768,16.7,89,17.0,4.3,-0.8660254037844384,-0.5000000000000004,0.3500000000000014,open-meteo,2026-08-08T10:04:01+00:00
2026-05-31 07:00:00+00:00,FR,solar,19.9,73,229.9,3.42,-0.9925461516413221,-0.12186934340514717,20.8,72,234.0,6.79,-0.5446390350150271,-0.838670567945424,17.0,76,271.0,5.8,-0.9975640502598243,0.06975647374412522,17.1,90,65.0,4.47,-0.874619707139396,-0.48480962024633684,0.7000000000000028,open-meteo,2026-08-08T10:04:01+00:00
2026-05-31 08:00:00+00:00,FR,solar,21.2,67,385.8,4.32,-0.9961946980917455,0.08715574274765789,22.7,67,343.0,5.42,-0.9743700647852351,-0.22495105434386525,19.5,55,340.0,6.0,-0.9945218953682734,0.10452846326765299,17.4,90,101.0,4.84,-0.9335804264972015,-0.3583679495453007,2.1999999999999993,open-meteo,2026-08-08T10:04:01+00:00
2026-05-31 09:00:00+00:00,FR,solar,22.3,63,530.9,4.11,-0.9975640502598243,0.06975647374412522,24.3,59,475.0,6.35,-0.9876883405951378,0.15643446504023067,20.3,56,487.0,6.4,-0.9743700647852352,0.22495105434386492,17.8,90,98.0,3.97,-0.961261695938319,-0.2756373558169989,3.1750000000000007,open-meteo,2026-08-08T10:04:01+00:00
2026-05-31 10:00:00+00:00,FR,solar,23.8,57,265.4,4.28,-0.9816271834476639,0.1908089953765451,26.3,50,690.0,6.66,-1.0,-1.8369701987210297e-16,19.5,68,387.0,6.4,-0.9848077530122081,0.17364817766692997,18.7,86,137.0,4.24,-0.992546151641322,0.12186934340514768,4.074999999999999,open-meteo,2026-08-08T10:04:01+00:00
2026-05-31 11:00:00+00:00,FR,solar,23.9,54,540.9,5.22,-0.9396926207859083,0.342020143325669,26.6,46,686.0,8.47,-0.9945218953682734,0.10452846326765299,22.1,53,305.0,7.1,-0.9848077530122081,0.17364817766692997,19.9,80,327.0,4.52,-0.9743700647852352,0.22495105434386492,5.125,open-meteo,2026-08-08T10:04:01+00:00
2026-05-31 12:00:00+00:00,FR,solar,24.3,48,709.1,5.19,-0.9063077870366498,0.4226182617406996,26.1,47,790.0,9.01,-0.9902680687415704,0.13917310096006547,18.6,52,235.0,7.4,-0.8480480961564262,0.5299192642332047,19.8,77,326.0,4.69,-0.9816271834476639,0.1908089953765451,4.199999999999999,open-meteo,2026-08-08T10:04:01+00:00
2026-05-31 13:00:00+00:00,FR,solar,24.9,45,864.0,5.13,-0.8386705679454243,0.5446390350150266,25.4,44,643.0,10.2,-0.9781476007338056,0.20791169081775945,17.4,70,60.0,6.8,-0.9743700647852352,0.22495105434386492,20.6,75,396.0,4.03,-0.9510565162951536,0.30901699437494723,4.074999999999996,open-meteo,2026-08-08T10:04:01+00:00
2026-05-31 14:00:00+00:00,FR,solar,24.5,47,849.3,5.16,-0.8090169943749476,0.5877852522924729,25.1,43,538.0,10.39,-0.9335804264972017,0.3583679495453004,20.0,60,170.0,6.3,-0.9563047559630354,0.2923717047227367,20.9,74,277.0,3.6,-0.9271838545667874,0.37460659341591196,4.625,open-meteo,2026-08-08T10:04:01+00:00
2026-05-31 15:00:00+00:00,FR,solar,25.2,42,760.8,5.28,-0.8910065241883679,0.45399049973954664,24.7,35,543.0,8.69,-0.992546151641322,0.12186934340514768,17.2,78,290.0,4.4,-0.9998476951563913,-0.017452406437283498,21.1,70,333.0,3.92,-0.9743700647852352,0.22495105434386492,4.049999999999997,open-meteo,2026-08-08T10:04:01+00:00
2026-05-31 16:00:00+00:00,FR,solar,24.6,43,630.4,6.02,-0.8090169943749476,0.5877852522924729,23.5,40,252.0,7.89,-0.8829475928589271,0.4694715627858904,18.4,75,36.0,4.0,-0.9063077870366498,0.4226182617406996,21.3,70,376.0,4.9,-1.0,-1.8369701987210297e-16,3.9499999999999993,open-meteo,2026-08-08T10:04:01+00:00
2026-05-31 17:00:00+00:00,FR,solar,23.7,48,463.9,5.75,-0.8571673007021123,0.5150380749100542,22.2,47,141.0,7.08,-0.7431448254773946,0.6691306063588578,20.0,71,126.0,5.5,-0.945518575599317,0.3255681544571563,21.0,68,263.0,4.61,-0.9993908270190958,0.03489949670250128,3.7250000000000014,open-meteo,2026-08-08T10:04:01+00:00
2026-05-31 18:00:00+00:00,FR,solar,22.8,51,288.0,5.47,-0.8571673007021123,0.5150380749100542,21.6,42,93.0,7.15,-0.8090169943749476,0.5877852522924729,17.9,84,27.0,4.2,-0.9945218953682734,0.10452846326765299,21.3,65,208.0,4.66,-0.9902680687415704,0.13917310096006547,2.900000000000002,open-meteo,2026-08-08T10:04:01+00:00
2026-05-31 19:00:00+00:00,FR,solar,20.9,60,120.9,5.11,-0.8571673007021123,0.5150380749100542,20.3,53,34.0,7.09,-0.7547095802227722,0.656059028990507,17.6,87,4.0,4.7,-1.0,-1.8369701987210297e-16,20.4,70,76.0,5.19,-0.9998476951563913,0.01745240643728313,1.8000000000000007,open-meteo,2026-08-08T10:04:01+00:00
2026-05-31 20:00:00+00:00,FR,solar,19.3,69,13.1,3.73,-0.9396926207859083,0.342020143325669,19.0,58,1.0,6.64,-0.7986355100472932,0.6018150231520479,17.6,89,1.0,4.7,-0.9816271834476639,0.1908089953765451,18.6,81,7.0,6.47,-0.9993908270190958,0.03489949670250128,0.625,open-meteo,2026-08-08T10:04:01+00:00
2026-05-31 21:00:00+00:00,FR,solar,18.2,78,0.0,4.25,-0.9135454576426011,0.40673664307579976,18.2,66,0.0,5.48,-0.8746197071393956,0.4848096202463373,17.0,85,0.0,5.7,-0.9816271834476639,0.1908089953765451,18.0,80,0.0,5.61,-0.9781476007338056,0.20791169081775945,0.14999999999999858,open-meteo,2026-08-08T10:04:01+00:00
2026-05-31 22:00:00+00:00,FR,solar,17.6,82,0.0,3.72,-0.8571673007021123,0.5150380749100542,17.5,67,0.0,5.79,-0.9135454576426011,0.40673664307579976,16.3,84,0.0,6.6,-0.9396926207859083,0.342020143325669,17.1,84,0.0,5.04,-0.8910065241883679,0.45399049973954664,0.875,open-meteo,2026-08-08T10:04:01+00:00
2026-05-31 23:00:00+00:00,FR,solar,16.9,85,0.0,3.41,-0.8480480961564262,0.5299192642332047,16.9,69,0.0,4.9,-0.9781476007338056,0.20791169081775945,15.8,83,0.0,6.0,-0.7431448254773946,0.6691306063588578,16.4,86,0.0,4.99,-0.7313537016191703,0.6819983600624987,1.5,open-meteo,2026-08-08T10:04:01+00:00
2026-06-01 00:00:00+00:00,FR,solar,16.4,87,0.0,3.06,-0.7880107536067218,0.6156614753256585,16.9,73,0.0,4.35,-0.9902680687415704,0.13917310096006547,13.8,95,0.0,5.2,-0.9135454576426011,0.40673664307579976,15.9,86,0.0,4.99,-0.6819983600624984,0.7313537016191707,2.2500000000000018,open-meteo,2026-08-08T10:04:01+00:00
2026-06-01 01:00:00+00:00,FR,solar,16.2,89,0.0,2.06,-0.4848096202463369,0.8746197071393959,16.5,76,0.0,4.95,-0.9902680687415704,0.13917310096006547,12.4,96,0.0,4.6,-0.9975640502598243,0.06975647374412522,15.7,88,0.0,4.55,-0.6018150231520483,0.7986355100472928,2.8000000000000007,open-meteo,2026-08-08T10:04:01+00:00
2026-06-01 02:00:00+00:00,FR,solar,16.5,90,0.0,1.53,0.5299192642332049,0.848048096156426,15.3,83,0.0,5.39,-0.9063077870366498,0.4226182617406996,12.6,93,0.0,5.5,-0.9998476951563913,0.01745240643728313,15.5,89,0.0,3.51,-0.5000000000000004,0.8660254037844384,3.0250000000000004,open-meteo,2026-08-08T10:04:01+00:00
2026-06-01 03:00:00+00:00,FR,solar,15.9,92,0.0,0.71,0.7071067811865475,0.7071067811865476,13.7,91,0.0,4.47,-0.8746197071393956,0.4848096202463373,12.1,97,0.0,6.4,-0.9961946980917455,0.08715574274765789,14.4,93,0.0,2.65,-0.06975647374412564,0.9975640502598242,3.9749999999999996,open-meteo,2026-08-08T10:04:01+00:00
2026-06-01 04:00:00+00:00,FR,solar,15.5,93,0.0,0.36,-0.8290375725550416,0.559192903470747,12.8,93,2.0,4.95,-0.9063077870366498,0.4226182617406996,10.8,98,1.0,5.2,-0.9998476951563913,0.01745240643728313,13.9,94,0.0,2.26,0.03489949670250097,0.9993908270190958,4.75,open-meteo,2026-08-08T10:04:01+00:00
2026-06-01 05:00:00+00:00,FR,solar,15.7,93,6.2,1.03,-0.4848096202463369,0.8746197071393959,13.3,86,63.0,5.22,-0.9205048534524405,0.3907311284892735,12.5,93,57.0,6.6,-0.9961946980917455,0.08715574274765789,13.5,97,11.0,1.21,0.24192189559966773,0.9702957262759965,4.25,open-meteo,2026-08-08T10:04:01+00:00
2026-06-01 06:00:00+00:00,FR,solar,17.0,89,77.2,1.8,-0.8290375725550416,0.559192903470747,15.4,70,197.0,2.95,-0.9335804264972017,0.3583679495453004,13.6,89,172.0,2.9,-0.9816271834476639,0.1908089953765451,14.2,99,95.0,1.5,-0.529919264233205,0.8480480961564258,2.9499999999999993,open-meteo,2026-08-08T10:04:01+00:00
2026-06-01 07:00:00+00:00,FR,solar,19.1,83,182.9,0.41,-0.9702957262759965,-0.24192189559966779,16.9,63,347.0,3.2,-0.9205048534524405,0.3907311284892735,14.6,85,240.0,2.0,-0.9876883405951378,0.15643446504023067,16.5,91,229.0,1.18,-0.7431448254773946,0.6691306063588578,1.2250000000000014,open-meteo,2026-08-08T10:04:01+00:00
2026-06-01 08:00:00+00:00,FR,solar,20.8,73,371.9,1.06,-0.754709580222772,-0.6560590289905073,18.4,60,498.0,3.25,-0.9961946980917455,0.08715574274765789,17.1,77,419.0,2.0,-0.9876883405951378,0.15643446504023067,18.4,83,370.0,0.71,-0.5591929034707466,0.8290375725550418,0.6750000000000007,open-meteo,2026-08-08T10:04:01+00:00
2026-06-01 09:00:00+00:00,FR,solar,21.9,65,416.1,1.03,-0.874619707139396,-0.48480962024633684,19.9,52,606.0,3.24,-0.9986295347545738,0.052335956242943946,18.7,67,561.0,0.8,-0.7193398003386512,-0.6946583704589973,20.4,70,522.0,0.98,0.10452846326765347,0.9945218953682733,2.2250000000000014,open-meteo,2026-08-08T10:04:01+00:00
2026-06-01 10:00:00+00:00,FR,solar,23.1,61,631.2,1.34,-0.8910065241883679,0.45399049973954664,21.5,46,753.0,2.95,-0.9945218953682734,0.10452846326765299,19.7,64,684.0,1.3,-0.6427876096865393,-0.766044443118978,21.6,62,508.0,0.63,-0.6293203910498378,0.7771459614569706,3.4750000000000014,open-meteo,2026-08-08T10:04:01+00:00
2026-06-01 11:00:00+00:00,FR,solar,23.4,60,449.7,1.42,-0.7771459614569708,0.6293203910498375,22.8,41,847.0,2.26,-0.9510565162951536,0.30901699437494723,21.9,50,750.0,2.1,-0.7313537016191703,-0.6819983600624986,22.8,57,607.0,0.53,-0.37460659341591235,0.9271838545667873,4.724999999999998,open-meteo,2026-08-08T10:04:01+00:00
2026-06-01 12:00:00+00:00,FR,solar,24.5,56,751.5,1.36,-0.9563047559630354,0.2923717047227367,23.2,40,869.0,1.55,-0.9510565162951536,0.30901699437494723,22.5,47,763.0,3.2,-0.6691306063588582,-0.7431448254773942,24.8,48,716.0,0.42,0.7071067811865475,0.7071067811865476,5.75,open-meteo,2026-08-08T10:04:01+00:00
2026-06-01 13:00:00+00:00,FR,solar,24.8,56,721.5,1.17,-0.8571673007021123,0.5150380749100542,24.1,39,820.0,1.59,-0.9816271834476639,0.1908089953765451,22.4,51,665.0,2.1,-0.9455185755993168,-0.32556815445715664,25.8,46,798.0,0.29,-2.4492935982947064e-16,1.0,6.275000000000002,open-meteo,2026-08-08T10:04:01+00:00
2026-06-01 14:00:00+00:00,FR,solar,25.1,56,659.0,3.07,-0.945518575599317,0.3255681544571563,24.4,37,743.0,1.67,-0.9335804264972017,0.3583679495453004,24.2,40,770.0,2.4,-0.754709580222772,-0.6560590289905073,26.4,46,807.0,0.9,-0.22495105434386534,0.9743700647852351,7.024999999999999,open-meteo,2026-08-08T10:04:01+00:00
2026-06-01 15:00:00+00:00,FR,solar,24.2,61,321.0,4.58,-0.529919264233205,0.8480480961564258,24.6,39,637.0,2.28,-0.9063077870366498,0.4226182617406996,24.2,40,670.0,3.1,-0.6946583704589974,-0.7193398003386511,26.3,47,620.0,1.28,-0.9975640502598243,0.06975647374412522,6.824999999999999,open-meteo,2026-08-08T10:04:01+00:00
2026-06-01 16:00:00+00:00,FR,solar,24.1,59,570.2,3.56,-0.6156614753256582,0.7880107536067221,24.4,38,507.0,2.59,-0.7986355100472932,0.6018150231520479,23.2,47,557.0,2.0,-0.848048096156426,-0.529919264233205,25.8,48,514.0,2.59,-0.9816271834476639,0.1908089953765451,6.375,open-meteo,2026-08-08T10:04:01+00:00
2026-06-01 17:00:00+00:00,FR,solar,23.8,59,449.7,4.74,-0.7193398003386512,0.6946583704589973,23.5,39,362.0,3.43,-0.5150380749100545,0.8571673007021121,24.3,39,387.0,3.7,-0.5299192642332048,-0.8480480961564261,25.5,48,369.0,3.04,-0.9335804264972017,0.3583679495453004,6.274999999999999,open-meteo,2026-08-08T10:04:01+00:00
2026-06-01 18:00:00+00:00,FR,solar,23.3,60,267.9,5.46,-0.6560590289905074,0.7547095802227719,23.1,44,209.0,1.77,-0.5591929034707466,0.8290375725550418,23.0,45,223.0,4.4,-0.5150380749100542,-0.8571673007021123,25.1,49,239.0,3.15,-0.8090169943749476,0.5877852522924729,5.625,open-meteo,2026-08-08T10:04:01+00:00
2026-06-01 19:00:00+00:00,FR,solar,21.7,66,112.7,4.05,-0.544639035015027,0.838670567945424,21.4,49,74.0,2.89,-0.8829475928589271,0.4694715627858904,20.4,72,106.0,3.0,-0.32556815445715676,-0.9455185755993167,23.8,54,96.0,3.44,-0.9396926207859083,0.342020143325669,3.8249999999999993,open-meteo,2026-08-08T10:04:01+00:00
2026-06-01 20:00:00+00:00,FR,solar,20.2,74,13.9,4.04,-0.6691306063588581,0.7431448254773944,19.0,60,4.0,2.61,-0.8290375725550416,0.559192903470747,19.8,55,13.0,5.5,-0.275637355816999,-0.9612616959383189,21.8,62,8.0,4.51,-1.0,-1.8369701987210297e-16,2.1999999999999993,open-meteo,2026-08-08T10:04:01+00:00
2026-06-01 21:00:00+00:00,FR,solar,18.9,80,0.0,2.36,-0.5877852522924734,0.8090169943749473,17.3,76,0.0,0.57,-0.8571673007021123,0.5150380749100542,17.8,67,0.0,4.0,0.258819045102521,-0.9659258262890682,20.2,70,0.0,5.68,-0.7071067811865477,0.7071067811865474,0.5500000000000007,open-meteo,2026-08-08T10:04:01+00:00
2026-06-01 22:00:00+00:00,FR,solar,18.0,83,0.0,0.86,0.5877852522924732,-0.8090169943749473,16.2,80,0.0,0.62,-0.9510565162951535,-0.30901699437494756,17.0,76,0.0,6.2,0.40673664307580043,-0.9135454576426008,18.7,81,0.0,6.31,-0.10452846326765342,0.9945218953682733,0.5249999999999986,open-meteo,2026-08-08T10:04:01+00:00
2026-06-01 23:00:00+00:00,FR,solar,17.0,86,0.0,3.19,-0.8480480961564262,0.5299192642332047,15.0,87,0.0,1.15,-0.34202014332566866,-0.9396926207859084,17.5,69,0.0,6.0,0.17364817766693028,-0.984807753012208,17.5,89,0.0,5.28,-0.2588190451025207,0.9659258262890683,1.25,open-meteo,2026-08-08T10:04:01+00:00
2026-06-02 00:00:00+00:00,FR,solar,16.6,89,0.0,4.08,-0.8571673007021123,0.5150380749100542,14.8,86,0.0,1.87,0.10452846326765373,-0.9945218953682733,17.8,78,0.0,8.2,0.24192189559966773,-0.9702957262759965,17.0,90,0.0,4.5,-0.19080899537654467,0.981627183447664,1.4499999999999993,open-meteo,2026-08-08T10:04:01+00:00
2026-06-02 01:00:00+00:00,FR,solar,16.3,93,0.0,3.64,-0.9335804264972017,0.3583679495453004,14.2,85,0.0,2.18,-0.13917310096006552,-0.9902680687415703,15.8,96,0.0,8.1,0.15643446504023098,-0.9876883405951377,16.6,91,0.0,3.02,-0.22495105434386534,0.9743700647852351,2.2750000000000004,open-meteo,2026-08-08T10:04:01+00:00
2026-06-02 02:00:00+00:00,FR,solar,17.6,91,0.0,3.91,-0.9986295347545738,-0.052335956242944306,14.0,86,0.0,2.36,0.0871557427476582,-0.9961946980917455,16.9,88,0.0,3.3,-0.7071067811865475,-0.7071067811865477,15.9,96,0.0,2.89,-0.9135454576426011,0.40673664307579976,1.8999999999999986,open-meteo,2026-08-08T10:04:01+00:00
2026-06-02 03:00:00+00:00,FR,solar,17.3,91,0.0,4.1,-0.8290375725550418,-0.5591929034707466,14.1,87,0.0,3.77,0.15643446504023098,-0.9876883405951377,16.1,91,0.0,4.7,0.7193398003386511,-0.6946583704589974,16.2,95,0.0,4.11,-0.9781476007338056,0.20791169081775945,2.0749999999999993,open-meteo,2026-08-08T10:04:01+00:00
2026-06-02 04:00:00+00:00,FR,solar,17.3,88,0.0,5.98,-0.9510565162951535,-0.30901699437494756,14.6,77,2.0,4.53,0.10452846326765373,-0.9945218953682733,15.3,94,0.0,6.3,0.9455185755993168,-0.32556815445715664,16.6,94,0.0,4.77,-0.9876883405951378,0.15643446504023067,2.049999999999999,open-meteo,2026-08-08T10:04:01+00:00
2026-06-02 05:00:00+00:00,FR,solar,17.9,81,10.8,6.31,-0.9659258262890683,-0.25881904510252063,16.1,75,38.0,5.49,-0.052335956242943564,-0.9986295347545738,15.9,86,13.0,6.3,-0.13917310096006552,-0.9902680687415703,16.6,95,7.0,5.52,-0.9945218953682734,0.10452846326765299,1.375,open-meteo,2026-08-08T10:04:01+00:00
2026-06-02 06:00:00+00:00,FR,solar,18.5,78,43.2,7.07,-0.8910065241883678,-0.45399049973954697,17.4,74,98.0,7.87,-0.29237170472273677,-0.9563047559630354,16.2,90,47.0,7.1,-0.48480962024633695,-0.8746197071393959,17.2,93,36.0,5.51,-0.9961946980917455,-0.08715574274765825,0.6750000000000007,open-meteo,2026-08-08T10:04:01+00:00
2026-06-02 07:00:00+00:00,FR,solar,19.2,81,120.4,7.54,-0.9271838545667873,-0.3746065934159123,16.9,84,67.0,7.46,-0.2419218955996675,-0.9702957262759965,18.2,82,111.0,5.9,-0.7660444431189779,-0.6427876096865395,18.0,83,141.0,8.33,-1.0,-1.8369701987210297e-16,0.07499999999999929,open-meteo,2026-08-08T10:04:01+00:00
2026-06-02 08:00:00+00:00,FR,solar,18.7,91,98.0,7.74,-0.8386705679454243,0.5446390350150266,17.0,82,91.0,7.5,0.12186934340514755,-0.992546151641322,18.0,79,259.0,7.7,-0.8571673007021121,-0.5150380749100544,18.2,78,234.0,7.37,-0.9702957262759965,-0.24192189559966779,0.02499999999999858,open-meteo,2026-08-08T10:04:01+00:00
2026-06-02 09:00:00+00:00,FR,solar,20.3,72,407.4,6.85,-0.8746197071393956,0.4848096202463373,20.0,76,522.0,6.37,-0.39073112848927355,-0.9205048534524404,18.5,80,162.0,6.5,-0.754709580222772,-0.6560590289905073,18.4,79,211.0,9.17,-0.984807753012208,-0.17364817766693033,1.2999999999999972,open-meteo,2026-08-08T10:04:01+00:00
2026-06-02 10:00:00+00:00,FR,solar,18.8,84,474.5,7.93,-0.9961946980917455,0.08715574274765789,20.9,67,502.0,7.75,-0.8191520442889916,-0.5735764363510464,16.1,97,20.0,5.2,-0.8660254037844384,-0.5000000000000004,19.1,78,274.0,9.15,-0.9961946980917455,-0.08715574274765825,0.7250000000000014,open-meteo,2026-08-08T10:04:01+00:00
2026-06-02 11:00:00+00:00,FR,solar,20.3,67,373.3,9.19,-0.9271838545667874,0.37460659341591196,20.7,65,387.0,8.05,-0.7986355100472928,-0.6018150231520483,15.3,95,55.0,4.5,-0.8571673007021121,-0.5150380749100544,20.2,74,563.0,9.24,-0.9961946980917455,0.08715574274765789,1.125,open-meteo,2026-08-08T10:04:01+00:00
2026-06-02 12:00:00+00:00,FR,solar,20.2,60,638.3,10.31,-0.9902680687415704,0.13917310096006547,20.1,65,411.0,5.9,-0.8090169943749473,-0.5877852522924732,16.3,96,126.0,9.1,-0.4067366430758002,-0.9135454576426009,20.3,71,552.0,8.79,-0.992546151641322,0.12186934340514768,1.2249999999999979,open-meteo,2026-08-08T10:04:01+00:00
2026-06-02 13:00:00+00:00,FR,solar,19.4,70,487.7,7.58,-0.9902680687415704,0.13917310096006547,17.6,83,89.0,5.92,-0.4539904997395467,-0.8910065241883679,15.1,97,51.0,7.1,-1.0,-1.8369701987210297e-16,21.0,64,659.0,9.76,-0.9945218953682734,0.10452846326765299,0.2749999999999986,open-meteo,2026-08-08T10:04:01+00:00
2026-06-02 14:00:00+00:00,FR,solar,21.2,53,614.4,10.14,-0.9848077530122081,0.17364817766692997,19.5,74,350.0,6.2,-0.6293203910498376,-0.7771459614569708,17.2,85,398.0,6.4,-0.992546151641322,0.12186934340514768,21.6,56,663.0,10.39,-0.9902680687415704,0.13917310096006547,1.875,open-meteo,2026-08-08T10:04:01+00:00
2026-06-02 15:00:00+00:00,FR,solar,21.1,56,543.2,9.14,-0.9848077530122081,0.17364817766692997,20.7,60,324.0,7.27,-0.8910065241883678,-0.45399049973954697,17.8,82,488.0,5.2,-0.7660444431189779,-0.6427876096865395,21.1,56,657.0,10.27,-0.9743700647852352,0.22495105434386492,2.174999999999997,open-meteo,2026-08-08T10:04:01+00:00
2026-06-02 16:00:00+00:00,FR,solar,19.9,61,180.6,9.6,-0.9902680687415704,0.13917310096006547,15.6,74,187.0,8.4,-0.9563047559630354,0.2923717047227367,16.0,72,142.0,6.1,-0.9816271834476639,0.1908089953765451,20.7,56,578.0,10.32,-0.9781476007338056,0.20791169081775945,0.05000000000000071,open-meteo,2026-08-08T10:04:01+00:00
2026-06-02 17:00:00+00:00,FR,solar,19.3,65,381.2,9.51,-0.9659258262890684,0.2588190451025203,16.4,82,139.0,3.43,-0.7986355100472928,-0.6018150231520483,17.8,70,337.0,6.6,-1.0,-1.8369701987210297e-16,19.8,59,446.0,10.13,-0.9876883405951378,0.15643446504023067,0.3249999999999993,open-meteo,2026-08-08T10:04:01+00:00
2026-06-02 18:00:00+00:00,FR,solar,18.9,66,181.3,8.02,-0.9975640502598243,0.06975647374412522,17.1,84,89.0,7.97,-0.9335804264972015,-0.3583679495453007,17.1,75,223.0,6.0,-0.9986295347545738,0.052335956242943946,18.5,65,275.0,9.38,-0.992546151641322,0.12186934340514768,0.10000000000000142,open-meteo,2026-08-08T10:04:01+00:00
2026-06-02 19:00:00+00:00,FR,solar,17.4,75,91.0,7.45,-0.9781476007338056,0.20791169081775945,14.0,79,36.0,4.77,-0.9455185755993168,-0.32556815445715664,15.6,64,96.0,4.2,-0.8746197071393956,0.4848096202463373,17.5,70,87.0,8.79,-0.992546151641322,0.12186934340514768,1.875,open-meteo,2026-08-08T10:04:01+00:00
2026-06-02 20:00:00+00:00,FR,solar,17.1,75,14.9,7.3,-0.9998476951563913,0.01745240643728313,13.2,85,2.0,6.54,-0.6427876096865393,-0.766044443118978,15.3,78,11.0,6.7,-0.992546151641322,0.12186934340514768,16.5,75,7.0,8.15,-0.9975640502598243,0.06975647374412522,2.4749999999999996,open-meteo,2026-08-08T10:04:01+00:00
2026-06-02 21:00:00+00:00,FR,solar,16.9,73,0.0,6.8,-0.9993908270190958,0.03489949670250128,13.1,89,0.0,5.94,-0.7880107536067221,-0.6156614753256581,14.3,84,0.0,8.1,-0.874619707139396,-0.48480962024633684,15.2,80,0.0,7.75,-0.9986295347545738,-0.052335956242944306,3.125,open-meteo,2026-08-08T10:04:01+00:00
2026-06-02 22:00:00+00:00,FR,solar,16.6,75,0.0,4.81,-0.9975640502598243,0.06975647374412522,12.7,92,0.0,5.3,-0.882947592858927,-0.46947156278589075,13.7,86,0.0,7.3,-0.9271838545667873,-0.3746065934159123,14.6,84,0.0,7.84,-0.9743700647852351,-0.22495105434386525,3.5999999999999996,open-meteo,2026-08-08T10:04:01+00:00
2026-06-02 23:00:00+00:00,FR,solar,16.5,77,0.0,4.91,-0.9975640502598243,0.06975647374412522,12.5,92,0.0,6.89,-0.8660254037844384,-0.5000000000000004,13.3,93,0.0,6.5,-0.9205048534524403,-0.3907311284892738,14.4,86,0.0,7.22,-0.9510565162951535,-0.30901699437494756,3.825000000000001,open-meteo,2026-08-08T10:04:01+00:00
2026-06-03 00:00:00+00:00,FR,solar,16.3,81,0.0,5.5,-0.9998476951563913,-0.017452406437283498,12.5,88,0.0,8.09,-0.981627183447664,-0.1908089953765446,13.3,92,0.0,7.9,-0.8571673007021121,-0.5150380749100544,14.0,86,0.0,7.13,-0.9510565162951535,-0.30901699437494756,3.9749999999999996,open-meteo,2026-08-08T10:04:01+00:00
2026-06-03 01:00:00+00:00,FR,solar,16.6,77,0.0,5.41,-0.9781476007338056,-0.2079116908177598,12.1,89,0.0,5.74,-0.7986355100472928,-0.6018150231520483,12.8,86,0.0,8.0,-0.9271838545667873,-0.3746065934159123,13.9,88,0.0,6.9,-0.9205048534524403,-0.3907311284892738,4.15,open-meteo,2026-08-08T10:04:01+00:00
2026-06-03 02:00:00+00:00,FR,solar,15.9,82,0.0,4.23,-0.992546151641322,0.12186934340514768,12.0,87,0.0,4.71,-0.7313537016191703,-0.6819983600624986,12.7,90,0.0,7.2,-0.9271838545667873,-0.3746065934159123,13.9,90,0.0,6.32,-0.8660254037844384,-0.5000000000000004,4.375000000000002,open-meteo,2026-08-08T10:04:01+00:00
2026-06-03 03:00:00+00:00,FR,solar,15.7,87,0.0,4.39,-0.9781476007338056,-0.2079116908177598,12.2,93,0.0,5.88,-0.8660254037844384,-0.5000000000000004,12.8,91,0.0,6.8,-0.913545457642601,-0.4067366430758001,13.3,92,0.0,7.16,-0.8660254037844384,-0.5000000000000004,4.5,open-meteo,2026-08-08T10:04:01+00:00
2026-06-03 04:00:00+00:00,FR,solar,15.8,82,0.0,5.28,-0.9455185755993168,-0.32556815445715664,12.7,92,1.0,7.55,-0.9205048534524403,-0.3907311284892738,12.6,88,1.0,7.7,-0.8660254037844384,-0.5000000000000004,13.2,93,0.0,7.19,-0.874619707139396,-0.48480962024633684,4.425000000000001,open-meteo,2026-08-08T10:04:01+00:00
2026-06-03 05:00:00+00:00,FR,solar,15.2,89,7.7,4.24,-0.9659258262890683,-0.25881904510252063,12.8,90,34.0,8.86,-0.9396926207859084,-0.34202014332566855,12.4,92,6.0,6.9,-0.8290375725550418,-0.5591929034707466,13.3,93,10.0,6.69,-0.848048096156426,-0.529919264233205,4.574999999999999,open-meteo,2026-08-08T10:04:01+00:00
2026-06-03 06:00:00+00:00,FR,solar,15.9,88,105.1,5.82,-0.913545457642601,-0.4067366430758001,13.4,85,100.0,8.74,-0.9205048534524403,-0.3907311284892738,13.1,91,28.0,7.4,-0.8290375725550418,-0.5591929034707466,14.5,89,89.0,5.52,-0.8386705679454242,-0.544639035015027,3.7750000000000004,open-meteo,2026-08-08T10:04:01+00:00
2026-06-03 07:00:00+00:00,FR,solar,17.6,80,246.3,3.94,-0.8660254037844384,-0.5000000000000004,13.9,79,243.0,8.52,-0.9563047559630353,-0.2923717047227371,14.5,82,102.0,6.4,-0.8386705679454242,-0.544639035015027,15.7,85,200.0,5.22,-0.8290375725550418,-0.5591929034707466,2.5749999999999993,open-meteo,2026-08-08T10:04:01+00:00
2026-06-03 08:00:00+00:00,FR,solar,18.7,72,243.8,5.89,-0.9659258262890683,-0.25881904510252063,14.4,75,214.0,8.15,-0.9510565162951535,-0.30901699437494756,15.1,79,307.0,6.5,-0.754709580222772,-0.6560590289905073,17.1,79,343.0,5.48,-0.874619707139396,-0.48480962024633684,1.6749999999999972,open-meteo,2026-08-08T10:04:01+00:00
2026-06-03 09:00:00+00:00,FR,solar,19.8,65,311.7,6.87,-0.9743700647852351,-0.22495105434386525,14.9,79,129.0,7.36,-0.90630778703665,-0.42261826174069916,14.5,84,269.0,5.9,-0.7660444431189779,-0.6427876096865395,18.3,70,479.0,5.47,-0.9659258262890683,-0.25881904510252063,1.125,open-meteo,2026-08-08T10:04:01+00:00
2026-06-03 10:00:00+00:00,FR,solar,19.3,66,197.5,7.91,-0.9510565162951535,-0.30901699437494756,15.8,74,294.0,7.9,-0.8660254037844384,-0.5000000000000004,16.5,72,424.0,7.9,-0.6156614753256582,-0.788010753606722,19.7,62,585.0,5.36,-0.9876883405951377,-0.15643446504023104,0.1750000000000007,open-meteo,2026-08-08T10:04:01+00:00
2026-06-03 11:00:00+00:00,FR,solar,18.9,70,203.7,6.29,-0.9510565162951535,-0.30901699437494756,16.7,66,326.0,7.81,-0.9510565162951535,-0.30901699437494756,17.7,62,618.0,8.0,-0.5735764363510462,-0.8191520442889918,20.7,56,605.0,5.99,-0.9975640502598242,-0.06975647374412558,0.5,open-meteo,2026-08-08T10:04:01+00:00
2026-06-03 12:00:00+00:00,FR,solar,19.8,67,380.4,7.61,-0.90630778703665,-0.42261826174069916,16.5,66,224.0,9.77,-0.8987940462991668,-0.43837114678907774,17.9,62,460.0,8.2,-0.5735764363510462,-0.8191520442889918,21.7,54,723.0,5.6,-0.9975640502598242,-0.06975647374412558,0.9749999999999979,open-meteo,2026-08-08T10:04:01+00:00
2026-06-03 13:00:00+00:00,FR,solar,19.0,73,240.7,8.15,-0.8386705679454242,-0.544639035015027,16.7,64,252.0,8.68,-0.90630778703665,-0.42261826174069916,18.7,63,659.0,9.7,-0.5591929034707467,-0.8290375725550418,22.5,52,671.0,5.53,-0.9925461516413221,-0.12186934340514717,1.2250000000000014,open-meteo,2026-08-08T10:04:01+00:00
2026-06-03 14:00:00+00:00,FR,solar,19.1,73,124.2,8.2,-0.8660254037844384,-0.5000000000000004,18.6,58,427.0,6.99,-0.8571673007021121,-0.5150380749100544,19.4,59,534.0,10.3,-0.5591929034707467,-0.8290375725550418,22.9,52,621.0,5.98,-0.9998476951563913,0.01745240643728313,2.0,open-meteo,2026-08-08T10:04:01+00:00
2026-06-03 15:00:00+00:00,FR,solar,19.4,69,165.9,6.71,-0.8386705679454242,-0.544639035015027,19.3,52,380.0,8.94,-0.7880107536067221,-0.6156614753256581,17.4,71,123.0,10.8,-0.48480962024633695,-0.8746197071393959,22.5,55,619.0,6.0,-0.9961946980917455,-0.08715574274765825,1.6499999999999986,open-meteo,2026-08-08T10:04:01+00:00
2026-06-03 16:00:00+00:00,FR,solar,19.8,68,276.2,7.11,-0.8987940462991668,-0.43837114678907774,20.0,43,356.0,9.54,-0.8290375725550418,-0.5591929034707466,16.7,81,34.0,9.8,-0.374606593415912,-0.9271838545667874,22.5,55,472.0,6.08,-0.9998476951563913,0.01745240643728313,1.75,open-meteo,2026-08-08T10:04:01+00:00
2026-06-03 17:00:00+00:00,FR,solar,19.8,70,166.5,6.62,-0.874619707139396,-0.48480962024633684,19.6,51,296.0,9.63,-0.6946583704589974,-0.7193398003386511,16.7,80,9.0,11.1,-0.374606593415912,-0.9271838545667874,22.5,54,434.0,6.18,-0.9975640502598242,-0.06975647374412558,1.6500000000000021,open-meteo,2026-08-08T10:04:01+00:00
2026-06-03 18:00:00+00:00,FR,solar,19.4,73,162.0,5.81,-0.8910065241883678,-0.45399049973954697,18.9,57,75.0,7.19,-0.48480962024633695,-0.8746197071393959,16.7,83,9.0,11.4,-0.43837114678907746,-0.8987940462991669,21.8,55,253.0,5.21,-0.9975640502598242,-0.06975647374412558,1.1999999999999993,open-meteo,2026-08-08T10:04:01+00:00
2026-06-03 19:00:00+00:00,FR,solar,18.9,77,79.5,5.41,-0.882947592858927,-0.46947156278589075,18.6,56,27.0,8.46,-0.46947156278589086,-0.8829475928589269,16.6,88,4.0,12.5,-0.5735764363510462,-0.8191520442889918,20.5,61,112.0,4.71,-0.9975640502598242,-0.06975647374412558,0.6499999999999986,open-meteo,2026-08-08T10:04:01+00:00
2026-06-03 20:00:00+00:00,FR,solar,18.4,79,3.1,5.1,-0.7431448254773944,-0.6691306063588581,17.9,60,2.0,8.28,-0.4539904997395467,-0.8910065241883679,16.6,87,1.0,11.0,-0.6018150231520484,-0.7986355100472928,19.2,67,9.0,4.21,-1.0,-1.8369701987210297e-16,0.02499999999999858,open-meteo,2026-08-08T10:04:01+00:00
2026-06-03 21:00:00+00:00,FR,solar,17.9,82,0.0,5.64,-0.6018150231520484,-0.7986355100472928,17.4,69,0.0,8.7,-0.39073112848927355,-0.9205048534524404,16.5,89,0.0,10.4,-0.46947156278589086,-0.8829475928589269,17.6,74,0.0,3.55,-0.9945218953682734,0.10452846326765299,0.6499999999999986,open-meteo,2026-08-08T10:04:01+00:00
2026-06-03 22:00:00+00:00,FR,solar,17.9,83,0.0,4.46,-0.7193398003386512,-0.6946583704589973,17.1,68,0.0,9.69,-0.4067366430758002,-0.9135454576426009,16.1,93,0.0,7.7,-0.5299192642332048,-0.8480480961564261,16.5,79,0.0,3.87,-0.9876883405951377,-0.15643446504023104,1.1000000000000014,open-meteo,2026-08-08T10:04:01+00:00
2026-06-03 23:00:00+00:00,FR,solar,17.8,86,0.0,5.31,-0.7313537016191703,-0.6819983600624986,16.7,70,0.0,9.65,-0.48480962024633695,-0.8746197071393959,16.0,97,0.0,8.5,-0.7193398003386512,-0.6946583704589973,15.9,83,0.0,4.59,-0.981627183447664,-0.1908089953765446,1.3999999999999986,open-meteo,2026-08-08T10:04:01+00:00
2026-06-04 00:00:00+00:00,FR,solar,17.6,89,0.0,5.32,-0.754709580222772,-0.6560590289905073,16.9,72,0.0,9.57,-0.39073112848927355,-0.9205048534524404,15.7,92,0.0,8.0,-0.6946583704589974,-0.7193398003386511,16.1,83,0.0,4.12,-0.9986295347545738,-0.052335956242944306,1.4249999999999972,open-meteo,2026-08-08T10:04:01+00:00
2026-06-04 01:00:00+00:00,FR,solar,17.4,90,0.0,6.54,-0.9945218953682734,-0.10452846326765336,16.9,72,0.0,9.43,-0.5446390350150271,-0.838670567945424,15.5,93,0.0,8.7,-0.7193398003386512,-0.6946583704589973,16.2,84,0.0,4.32,-0.9986295347545738,0.052335956242943946,1.5,open-meteo,2026-08-08T10:04:01+00:00
2026-06-04 02:00:00+00:00,FR,solar,17.0,93,0.0,5.22,-0.9781476007338056,-0.2079116908177598,16.5,74,0.0,9.43,-0.5735764363510462,-0.8191520442889918,15.3,92,0.0,7.6,-0.6018150231520484,-0.7986355100472928,15.7,86,0.0,4.06,-0.9902680687415704,0.13917310096006547,1.875,open-meteo,2026-08-08T10:04:01+00:00
2026-06-04 03:00:00+00:00,FR,solar,17.0,93,0.0,5.19,-0.9455185755993168,-0.32556815445715664,16.4,78,0.0,8.78,-0.5446390350150271,-0.838670567945424,14.5,86,0.0,8.1,-0.5591929034707467,-0.8290375725550418,15.9,86,0.0,4.06,-0.9659258262890684,0.2588190451025203,2.0500000000000007,open-meteo,2026-08-08T10:04:01+00:00
2026-06-04 04:00:00+00:00,FR,solar,16.9,89,0.0,6.8,-0.9396926207859084,-0.34202014332566855,16.4,77,1.0,9.44,-0.5150380749100542,-0.8571673007021123,14.4,89,0.0,9.3,-0.5299192642332048,-0.8480480961564261,16.1,86,0.0,3.54,-0.9961946980917455,0.08715574274765789,2.0500000000000007,open-meteo,2026-08-08T10:04:01+00:00
2026-06-04 05:00:00+00:00,FR,solar,17.0,87,3.7,7.53,-0.981627183447664,-0.1908089953765446,16.4,78,11.0,8.59,-0.5299192642332048,-0.8480480961564261,14.2,88,5.0,9.4,-0.5150380749100542,-0.8571673007021123,16.4,85,2.0,3.83,-0.9975640502598242,-0.06975647374412558,2.0000000000000018,open-meteo,2026-08-08T10:04:01+00:00
2026-06-04 06:00:00+00:00,FR,solar,16.7,88,14.7,6.8,-0.9998476951563913,0.01745240643728313,16.9,75,58.0,10.07,-0.7986355100472928,-0.6018150231520483,14.5,87,12.0,9.4,-0.6018150231520484,-0.7986355100472928,16.6,86,11.0,4.51,-0.9993908270190958,-0.03489949670250076,1.8250000000000028,open-meteo,2026-08-08T10:04:01+00:00
2026-06-04 07:00:00+00:00,FR,solar,16.6,89,71.0,6.71,-0.9396926207859084,-0.34202014332566855,17.1,73,130.0,9.18,-0.7660444431189779,-0.6427876096865395,14.6,89,28.0,9.1,-0.4539904997395467,-0.8910065241883679,16.5,89,18.0,5.4,-0.9975640502598242,-0.06975647374412558,1.7999999999999972,open-meteo,2026-08-08T10:04:01+00:00
2026-06-04 08:00:00+00:00,FR,solar,16.4,91,117.1,7.54,-0.9659258262890683,-0.25881904510252063,16.5,77,80.0,7.83,-0.6819983600624984,-0.7313537016191706,15.2,84,76.0,8.8,-0.5591929034707467,-0.8290375725550418,16.4,89,30.0,6.37,-0.9998476951563913,-0.017452406437283498,1.875,open-meteo,2026-08-08T10:04:01+00:00
2026-06-04 09:00:00+00:00,FR,solar,16.9,88,122.7,6.91,-0.9986295347545738,-0.052335956242944306,17.4,74,103.0,7.94,-0.6293203910498376,-0.7771459614569708,15.1,86,127.0,9.9,-0.587785252292473,-0.8090169943749475,16.1,90,56.0,6.96,-1.0,-1.8369701987210297e-16,1.625,open-meteo,2026-08-08T10:04:01+00:00
2026-06-04 10:00:00+00:00,FR,solar,18.4,71,207.6,9.07,-0.992546151641322,0.12186934340514768,18.2,70,242.0,9.27,-0.6293203910498376,-0.7771459614569708,14.8,95,66.0,9.6,-0.587785252292473,-0.8090169943749475,16.3,86,103.0,7.84,-0.9998476951563913,-0.017452406437283498,1.0750000000000028,open-meteo,2026-08-08T10:04:01+00:00
2026-06-04 11:00:00+00:00,FR,solar,18.7,67,299.4,8.91,-0.9993908270190958,-0.03489949670250076,18.1,67,278.0,9.72,-0.6018150231520484,-0.7986355100472928,16.0,79,200.0,11.3,-0.7071067811865475,-0.7071067811865477,16.4,85,158.0,8.46,-0.9961946980917455,0.08715574274765789,0.7000000000000028,open-meteo,2026-08-08T10:04:01+00:00
2026-06-04 12:00:00+00:00,FR,solar,18.4,69,260.8,7.51,-0.9993908270190958,0.03489949670250128,17.3,71,146.0,9.99,-0.7431448254773944,-0.6691306063588581,17.7,73,316.0,9.4,-0.7771459614569706,-0.6293203910498378,16.4,88,227.0,7.87,-0.9961946980917455,0.08715574274765789,0.5499999999999972,open-meteo,2026-08-08T10:04:01+00:00
2026-06-04 13:00:00+00:00,FR,solar,17.9,74,203.7,8.0,-0.9998476951563913,-0.017452406437283498,17.6,72,161.0,8.69,-0.7660444431189779,-0.6427876096865395,14.8,91,326.0,10.1,-0.7313537016191703,-0.6819983600624986,16.5,86,279.0,8.55,-0.9961946980917455,0.08715574274765789,1.3000000000000007,open-meteo,2026-08-08T10:04:01+00:00
2026-06-04 14:00:00+00:00,FR,solar,19.0,64,492.3,7.41,-0.9986295347545738,0.052335956242943946,15.6,90,79.0,8.15,-0.8910065241883678,-0.45399049973954697,19.3,56,443.0,10.3,-0.8090169943749473,-0.5877852522924732,16.1,87,222.0,8.26,-0.9961946980917455,0.08715574274765789,0.5,open-meteo,2026-08-08T10:04:01+00:00
2026-06-04 15:00:00+00:00,FR,solar,18.6,66,514.7,7.72,-0.9975640502598242,-0.06975647374412558,16.2,81,172.0,8.86,-0.34202014332566866,-0.9396926207859084,15.4,78,139.0,6.5,-0.913545457642601,-0.4067366430758001,16.6,84,186.0,8.13,-0.9998476951563913,-0.017452406437283498,1.3000000000000007,open-meteo,2026-08-08T10:04:01+00:00
2026-06-04 16:00:00+00:00,FR,solar,18.9,60,355.5,8.32,-0.9848077530122081,0.17364817766692997,16.3,84,122.0,7.6,-0.374606593415912,-0.9271838545667874,17.0,65,273.0,11.1,-0.9925461516413221,-0.12186934340514717,16.0,84,229.0,8.33,-0.9993908270190958,-0.03489949670250076,0.9499999999999993,open-meteo,2026-08-08T10:04:01+00:00
2026-06-04 17:00:00+00:00,FR,solar,18.6,56,193.7,9.12,-0.9876883405951378,0.15643446504023067,15.4,79,55.0,9.13,-0.8386705679454242,-0.544639035015027,16.3,64,171.0,9.2,-0.9659258262890683,-0.25881904510252063,15.6,84,153.0,7.64,-1.0,-1.8369701987210297e-16,1.5250000000000021,open-meteo,2026-08-08T10:04:01+00:00
2026-06-04 18:00:00+00:00,FR,solar,18.0,59,267.7,8.08,-0.9781476007338056,0.20791169081775945,14.4,90,29.0,3.82,-0.48480962024633695,-0.8746197071393959,14.6,85,250.0,7.8,-0.8571673007021121,-0.5150380749100544,15.5,85,90.0,7.45,-0.9998476951563913,-0.017452406437283498,2.375,open-meteo,2026-08-08T10:04:01+00:00
2026-06-04 19:00:00+00:00,FR,solar,16.8,63,110.5,7.03,-0.9659258262890684,0.2588190451025203,14.2,91,16.0,5.92,-0.2079116908177595,-0.9781476007338056,14.6,95,101.0,3.8,-0.9986295347545738,0.052335956242943946,15.0,90,78.0,6.48,-0.984807753012208,-0.17364817766693033,2.8499999999999996,open-meteo,2026-08-08T10:04:01+00:00
2026-06-04 20:00:00+00:00,FR,solar,15.8,67,14.7,6.32,-0.9816271834476639,0.1908089953765451,13.9,91,2.0,7.58,-0.5446390350150271,-0.838670567945424,14.9,80,3.0,6.5,-0.7313537016191703,-0.6819983600624986,14.2,94,9.0,6.85,-0.9876883405951377,-0.15643446504023104,3.3000000000000007,open-meteo,2026-08-08T10:04:01+00:00
2026-06-04 21:00:00+00:00,FR,solar,15.1,71,0.0,4.9,-0.9563047559630354,0.2923717047227367,12.5,85,0.0,7.38,-0.6427876096865393,-0.766044443118978,13.7,87,0.0,9.5,-0.8660254037844384,-0.5000000000000004,13.9,87,0.0,6.96,-0.9993908270190958,0.03489949670250128,4.200000000000001,open-meteo,2026-08-08T10:04:01+00:00
2026-06-04 22:00:00+00:00,FR,solar,14.4,74,0.0,4.2,-0.9998476951563913,0.01745240643728313,12.5,94,0.0,7.71,-0.43837114678907746,-0.8987940462991669,13.2,94,0.0,6.1,-0.8386705679454242,-0.544639035015027,13.5,87,0.0,6.18,-0.9986295347545738,-0.052335956242944306,4.600000000000001,open-meteo,2026-08-08T10:04:01+00:00
2026-06-04 23:00:00+00:00,FR,solar,14.1,71,0.0,4.9,-0.9993908270190958,0.03489949670250128,12.2,89,0.0,6.55,-0.6293203910498376,-0.7771459614569708,12.9,88,0.0,7.2,-0.9271838545667873,-0.3746065934159123,13.3,86,0.0,4.96,-0.9876883405951377,-0.15643446504023104,4.875,open-meteo,2026-08-08T10:04:01+00:00
2026-06-05 00:00:00+00:00,FR,solar,13.2,76,0.0,4.69,-0.9816271834476639,0.1908089953765451,11.2,93,0.0,5.96,-0.6691306063588582,-0.7431448254773942,11.6,87,0.0,7.5,-0.8987940462991668,-0.43837114678907774,12.9,88,0.0,4.56,-0.9876883405951377,-0.15643446504023104,5.775,open-meteo,2026-08-08T10:04:01+00:00
2026-06-05 01:00:00+00:00,FR,solar,12.9,78,0.0,3.41,-0.9986295347545738,0.052335956242943946,11.2,93,0.0,5.62,-0.7313537016191703,-0.6819983600624986,11.5,95,0.0,7.9,-0.8571673007021121,-0.5150380749100544,12.6,89,0.0,4.25,-0.9902680687415703,-0.13917310096006583,5.949999999999999,open-meteo,2026-08-08T10:04:01+00:00
2026-06-05 02:00:00+00:00,FR,solar,11.3,94,0.0,2.25,-0.848048096156426,-0.529919264233205,10.8,92,0.0,5.6,-0.8090169943749473,-0.5877852522924732,10.8,92,0.0,7.5,-0.8290375725550418,-0.5591929034707466,12.3,90,0.0,4.02,-0.9986295347545738,-0.052335956242944306,6.699999999999999,open-meteo,2026-08-08T10:04:01+00:00
2026-06-05 03:00:00+00:00,FR,solar,11.1,92,0.0,5.12,-0.9563047559630353,-0.2923717047227371,10.5,91,0.0,6.03,-0.848048096156426,-0.529919264233205,10.8,94,0.0,7.3,-0.8910065241883678,-0.45399049973954697,11.5,93,0.0,3.88,-0.984807753012208,-0.17364817766693033,7.024999999999999,open-meteo,2026-08-08T10:04:01+00:00
2026-06-05 04:00:00+00:00,FR,solar,11.2,92,0.0,2.75,-0.9455185755993168,-0.32556815445715664,10.2,92,2.0,5.43,-0.8290375725550418,-0.5591929034707466,9.9,93,0.0,8.0,-0.8386705679454242,-0.544639035015027,11.3,94,0.0,3.96,-0.9876883405951377,-0.15643446504023104,7.350000000000001,open-meteo,2026-08-08T10:04:01+00:00
2026-06-05 05:00:00+00:00,FR,solar,11.5,92,6.2,4.08,-0.587785252292473,-0.8090169943749475,10.5,91,50.0,5.57,-0.882947592858927,-0.46947156278589075,10.9,89,62.0,6.4,-0.8660254037844384,-0.5000000000000004,11.5,95,12.0,3.72,-0.9993908270190958,0.03489949670250128,6.9,open-meteo,2026-08-08T10:04:01+00:00
2026-06-05 06:00:00+00:00,FR,solar,12.5,93,62.5,3.55,-0.7660444431189779,-0.6427876096865395,11.8,87,181.0,5.4,-0.874619707139396,-0.48480962024633684,12.1,88,144.0,5.8,-0.90630778703665,-0.42261826174069916,12.2,93,106.0,3.35,-0.9659258262890684,0.2588190451025203,5.850000000000001,open-meteo,2026-08-08T10:04:01+00:00
2026-06-05 07:00:00+00:00,FR,solar,14.5,87,264.7,3.36,-0.39073112848927355,-0.9205048534524404,13.1,79,284.0,6.8,-0.9659258262890683,-0.25881904510252063,12.8,85,182.0,5.7,-0.9702957262759965,-0.24192189559966779,13.6,86,289.0,2.55,-0.9205048534524405,0.3907311284892735,4.499999999999998,open-meteo,2026-08-08T10:04:01+00:00
2026-06-05 08:00:00+00:00,FR,solar,16.5,71,466.0,1.7,-0.6427876096865393,-0.766044443118978,14.3,73,400.0,6.3,-0.9781476007338056,-0.2079116908177598,13.3,76,447.0,4.5,-0.984807753012208,-0.17364817766693033,15.1,77,485.0,2.88,-0.9510565162951536,0.30901699437494723,3.1999999999999993,open-meteo,2026-08-08T10:04:01+00:00
2026-06-05 09:00:00+00:00,FR,solar,17.7,60,428.2,0.95,0.9510565162951535,0.30901699437494745,15.6,68,537.0,6.2,-0.9510565162951535,-0.30901699437494756,14.9,71,571.0,5.6,-0.9743700647852351,-0.22495105434386525,16.6,64,648.0,2.54,-0.9612616959383188,0.2756373558169994,1.8000000000000007,open-meteo,2026-08-08T10:04:01+00:00
2026-06-05 10:00:00+00:00,FR,solar,18.0,56,373.6,1.55,-0.9659258262890683,-0.25881904510252063,16.6,60,671.0,6.99,-0.9659258262890683,-0.25881904510252063,16.5,65,430.0,4.9,-0.9659258262890683,-0.25881904510252063,17.7,59,761.0,2.18,-0.9902680687415704,0.13917310096006547,0.8000000000000007,open-meteo,2026-08-08T10:04:01+00:00
2026-06-05 11:00:00+00:00,FR,solar,19.6,50,493.8,3.26,-0.7660444431189781,0.6427876096865393,17.4,54,696.0,6.13,-0.9743700647852351,-0.22495105434386525,17.3,57,634.0,4.2,-0.9205048534524403,-0.3907311284892738,18.5,56,844.0,2.08,-0.9902680687415703,-0.13917310096006583,0.1999999999999993,open-meteo,2026-08-08T10:04:01+00:00
2026-06-05 12:00:00+00:00,FR,solar,19.2,54,509.3,2.21,0.3090169943749475,-0.9510565162951535,17.4,52,701.0,5.59,-0.9271838545667873,-0.3746065934159123,16.9,62,488.0,4.5,-0.8571673007021121,-0.5150380749100544,19.1,51,827.0,1.83,-0.961261695938319,-0.2756373558169989,0.14999999999999858,open-meteo,2026-08-08T10:04:01+00:00
2026-06-05 13:00:00+00:00,FR,solar,19.7,51,750.8,3.32,-0.275637355816999,-0.9612616959383189,17.9,47,406.0,4.12,-0.90630778703665,-0.42261826174069916,16.9,61,410.0,4.4,-0.874619707139396,-0.48480962024633684,19.5,48,609.0,2.02,-0.9702957262759965,-0.24192189559966779,0.5,open-meteo,2026-08-08T10:04:01+00:00
2026-06-05 14:00:00+00:00,FR,solar,19.8,53,711.4,1.43,-0.9781476007338056,0.20791169081775945,18.8,46,496.0,4.03,-0.9510565162951535,-0.30901699437494756,17.2,54,715.0,5.8,-0.8571673007021121,-0.5150380749100544,20.0,47,652.0,1.79,-0.9876883405951377,-0.15643446504023104,0.9499999999999993,open-meteo,2026-08-08T10:04:01+00:00
2026-06-05 15:00:00+00:00,FR,solar,21.4,43,692.3,1.02,-0.19080899537654472,-0.981627183447664,18.0,49,297.0,4.84,-0.9925461516413221,-0.12186934340514717,18.0,54,396.0,3.9,-0.8660254037844384,-0.5000000000000004,20.4,49,640.0,1.52,-0.9659258262890683,-0.25881904510252063,1.4499999999999993,open-meteo,2026-08-08T10:04:01+00:00
2026-06-05 16:00:00+00:00,FR,solar,19.9,49,479.0,2.9,-0.9993908270190958,0.03489949670250128,18.8,48,531.0,1.61,-0.6156614753256582,0.7880107536067221,16.8,65,102.0,4.8,-0.9998476951563913,0.01745240643728313,20.4,50,512.0,2.86,-0.9945218953682734,-0.10452846326765336,0.9750000000000014,open-meteo,2026-08-08T10:04:01+00:00
2026-06-05 17:00:00+00:00,FR,solar,19.8,51,328.5,3.33,-0.8386705679454243,0.5446390350150266,17.5,57,184.0,2.78,-0.7771459614569708,0.6293203910498375,18.0,50,410.0,4.4,-0.874619707139396,-0.48480962024633684,20.1,50,453.0,2.11,-0.9271838545667874,0.37460659341591196,0.8500000000000014,open-meteo,2026-08-08T10:04:01+00:00
2026-06-05 18:00:00+00:00,FR,solar,19.1,53,216.8,2.02,-0.8386705679454243,0.5446390350150266,17.9,51,115.0,3.1,-0.8191520442889918,0.573576436351046,16.4,61,249.0,2.4,-0.8910065241883678,-0.45399049973954697,19.9,49,233.0,0.4,-0.9702957262759965,-0.24192189559966779,0.3249999999999993,open-meteo,2026-08-08T10:04:01+00:00
2026-06-05 19:00:00+00:00,FR,solar,18.3,58,104.4,2.1,-0.9063077870366498,0.4226182617406996,16.5,58,81.0,3.15,-0.4383711467890778,0.8987940462991668,16.0,79,114.0,2.3,-0.275637355816999,-0.9612616959383189,19.1,58,90.0,0.28,-0.7071067811865477,0.7071067811865474,0.5249999999999986,open-meteo,2026-08-08T10:04:01+00:00
2026-06-05 20:00:00+00:00,FR,solar,17.1,60,12.3,3.01,0.0697564737441253,0.9975640502598242,14.1,72,5.0,2.48,0.15643446504023087,0.9876883405951378,14.5,65,8.0,3.1,-0.6156614753256582,-0.788010753606722,17.7,63,9.0,0.88,-2.4492935982947064e-16,1.0,2.1499999999999986,open-meteo,2026-08-08T10:04:01+00:00
2026-06-05 21:00:00+00:00,FR,solar,16.3,64,0.0,3.31,0.9986295347545738,-0.05233595624294384,11.8,87,0.0,1.98,0.15643446504023087,0.9876883405951378,11.7,87,0.0,4.2,0.5591929034707469,-0.8290375725550416,16.3,68,0.0,1.62,0.9063077870366499,0.42261826174069944,3.9750000000000014,open-meteo,2026-08-08T10:04:01+00:00
2026-06-05 22:00:00+00:00,FR,solar,15.6,66,0.0,3.93,0.9925461516413221,-0.12186934340514737,9.8,96,0.0,1.4,-0.4226182617406992,0.90630778703665,11.1,83,0.0,4.2,1.2246467991473532e-16,-1.0,14.9,72,0.0,3.8,0.8191520442889917,-0.5735764363510462,5.15,open-meteo,2026-08-08T10:04:01+00:00
2026-06-05 23:00:00+00:00,FR,solar,14.2,74,0.0,4.12,0.9205048534524403,-0.39073112848927377,9.2,95,0.0,1.21,-0.24192189559966787,0.9702957262759965,10.8,86,0.0,5.2,0.2249510543438652,-0.9743700647852351,14.1,77,0.0,4.45,0.6427876096865395,-0.7660444431189779,5.924999999999999,open-meteo,2026-08-08T10:04:01+00:00
2026-06-06 00:00:00+00:00,FR,solar,13.1,80,0.0,4.27,0.838670567945424,-0.5446390350150272,8.0,100,0.0,1.73,0.7313537016191705,0.6819983600624985,9.6,94,0.0,7.3,0.05233595624294381,-0.9986295347545738,13.9,80,0.0,3.92,0.529919264233205,-0.848048096156426,6.85,open-meteo,2026-08-08T10:04:01+00:00
2026-06-06 01:00:00+00:00,FR,solar,13.2,85,0.0,6.78,0.37460659341591224,-0.9271838545667873,7.9,100,0.0,0.53,0.9271838545667874,0.37460659341591196,9.3,90,0.0,7.6,0.37460659341591224,-0.9271838545667873,13.6,82,0.0,5.0,0.4694715627858907,-0.882947592858927,7.0,open-meteo,2026-08-08T10:04:01+00:00
2026-06-06 02:00:00+00:00,FR,solar,12.4,88,0.0,6.86,0.13917310096006533,-0.9902680687415704,7.9,100,0.0,1.19,0.9876883405951378,-0.1564344650402308,10.3,85,0.0,7.7,0.2249510543438652,-0.9743700647852351,13.6,81,0.0,5.58,0.5150380749100544,-0.8571673007021122,6.949999999999999,open-meteo,2026-08-08T10:04:01+00:00
2026-06-06 03:00:00+00:00,FR,solar,12.2,90,0.0,7.92,-0.06975647374412527,-0.9975640502598242,7.8,100,0.0,2.11,0.9271838545667874,-0.37460659341591207,9.8,89,0.0,7.1,0.3583679495453002,-0.9335804264972017,13.3,81,0.0,5.84,0.5735764363510459,-0.8191520442889919,7.225,open-meteo,2026-08-08T10:04:01+00:00
2026-06-06 04:00:00+00:00,FR,solar,12.1,89,0.0,8.71,-0.15643446504023073,-0.9876883405951378,7.5,100,2.0,1.74,0.6156614753256584,-0.7880107536067219,9.7,86,1.0,8.1,0.13917310096006533,-0.9902680687415704,12.9,82,0.0,5.63,0.5735764363510459,-0.8191520442889919,7.449999999999999,open-meteo,2026-08-08T10:04:01+00:00
2026-06-06 05:00:00+00:00,FR,solar,12.2,87,8.5,9.85,-0.48480962024633695,-0.8746197071393959,8.2,100,43.0,2.39,0.5735764363510459,-0.8191520442889919,11.0,83,17.0,7.8,0.3583679495453002,-0.9335804264972017,12.9,83,13.0,5.14,0.5150380749100544,-0.8571673007021122,6.925000000000001,open-meteo,2026-08-08T10:04:01+00:00
2026-06-06 06:00:00+00:00,FR,solar,14.9,77,116.3,9.49,-0.5735764363510462,-0.8191520442889918,10.5,91,116.0,2.72,0.49999999999999994,-0.8660254037844387,12.7,77,186.0,6.9,0.3090169943749475,-0.9510565162951535,14.3,83,112.0,3.76,0.12186934340514755,-0.992546151641322,4.900000000000002,open-meteo,2026-08-08T10:04:01+00:00
2026-06-06 07:00:00+00:00,FR,solar,18.1,67,189.0,7.36,-0.8571673007021121,-0.5150380749100544,12.7,85,186.0,3.23,0.03489949670250114,-0.9993908270190958,13.7,75,322.0,5.2,0.12186934340514755,-0.992546151641322,16.7,73,220.0,4.1,-0.7660444431189779,-0.6427876096865395,2.6999999999999993,open-meteo,2026-08-08T10:04:01+00:00
2026-06-06 08:00:00+00:00,FR,solar,18.8,66,392.7,9.73,-0.9975640502598242,-0.06975647374412558,16.6,72,421.0,3.35,-0.12186934340514731,-0.9925461516413221,15.9,59,266.0,7.2,-0.48480962024633695,-0.8746197071393959,18.7,71,444.0,4.73,-0.9743700647852351,-0.22495105434386525,0.5,open-meteo,2026-08-08T10:04:01+00:00
2026-06-06 09:00:00+00:00,FR,solar,18.9,69,291.1,8.1,-0.9998476951563913,-0.017452406437283498,19.2,53,561.0,5.8,-0.5000000000000001,-0.8660254037844386,16.2,63,71.0,5.8,0.258819045102521,-0.9659258262890682,20.7,66,641.0,6.25,-0.9876883405951378,0.15643446504023067,0.75,open-meteo,2026-08-08T10:04:01+00:00
2026-06-06 10:00:00+00:00,FR,solar,19.5,67,603.4,9.0,-0.9998476951563913,0.01745240643728313,20.5,47,749.0,5.63,-0.5735764363510462,-0.8191520442889918,16.8,62,290.0,6.6,0.13917310096006533,-0.9902680687415704,21.3,63,584.0,8.09,-0.9816271834476639,0.1908089953765451,1.5249999999999986,open-meteo,2026-08-08T10:04:01+00:00
2026-06-06 11:00:00+00:00,FR,solar,19.8,63,812.7,8.35,-0.9945218953682734,0.10452846326765299,20.1,47,550.0,5.87,-0.46947156278589086,-0.8829475928589269,17.9,58,116.0,8.1,-0.275637355816999,-0.9612616959383189,21.7,61,690.0,8.29,-0.9702957262759966,0.24192189559966745,1.875,open-meteo,2026-08-08T10:04:01+00:00
2026-06-06 12:00:00+00:00,FR,solar,21.8,49,860.3,8.3,-1.0,-1.8369701987210297e-16,21.4,43,420.0,7.54,-0.46947156278589086,-0.8829475928589269,17.2,66,66.0,7.1,-0.19080899537654472,-0.981627183447664,21.8,58,829.0,8.49,-0.945518575599317,0.3255681544571563,2.5500000000000007,open-meteo,2026-08-08T10:04:01+00:00
2026-06-06 13:00:00+00:00,FR,solar,22.0,46,827.4,8.12,-0.9848077530122081,0.17364817766692997,22.3,38,588.0,6.76,-0.6293203910498376,-0.7771459614569708,14.7,83,29.0,9.4,-0.2588190451025208,-0.9659258262890683,22.0,54,818.0,8.48,-0.9271838545667874,0.37460659341591196,2.25,open-meteo,2026-08-08T10:04:01+00:00
2026-06-06 14:00:00+00:00,FR,solar,21.8,45,853.6,8.0,-0.9998476951563913,-0.017452406437283498,20.4,40,231.0,8.06,-0.656059028990507,-0.7547095802227721,14.4,93,43.0,7.6,-0.35836794954530043,-0.9335804264972016,21.7,52,846.0,8.41,-0.898794046299167,0.4383711467890774,1.5749999999999993,open-meteo,2026-08-08T10:04:01+00:00
2026-06-06 15:00:00+00:00,FR,solar,21.8,45,771.8,7.8,-0.9998476951563913,0.01745240643728313,21.3,38,203.0,8.59,-0.8191520442889916,-0.5735764363510464,17.3,80,445.0,8.4,-0.6156614753256582,-0.788010753606722,21.3,52,770.0,7.22,-0.9335804264972017,0.3583679495453004,2.4250000000000007,open-meteo,2026-08-08T10:04:01+00:00
2026-06-06 16:00:00+00:00,FR,solar,21.2,47,648.1,6.87,-0.9902680687415704,0.13917310096006547,20.9,43,157.0,9.99,-0.9335804264972015,-0.3583679495453007,17.4,81,293.0,6.8,-0.587785252292473,-0.8090169943749475,20.9,53,609.0,6.63,-0.9612616959383188,0.2756373558169994,2.099999999999998,open-meteo,2026-08-08T10:04:01+00:00
2026-06-06 17:00:00+00:00,FR,solar,20.7,49,477.6,6.46,-0.9612616959383188,0.2756373558169994,18.7,63,113.0,5.7,-0.9961946980917455,-0.08715574274765825,18.3,64,96.0,7.6,-0.913545457642601,-0.4067366430758001,20.3,54,448.0,5.98,-0.9848077530122081,0.17364817766692997,1.5,open-meteo,2026-08-08T10:04:01+00:00
2026-06-06 18:00:00+00:00,FR,solar,19.6,53,299.4,5.77,-0.9876883405951378,0.15643446504023067,18.7,64,166.0,7.49,-0.9945218953682734,-0.10452846326765336,17.5,78,160.0,5.8,-0.992546151641322,0.12186934340514768,19.6,54,284.0,5.32,-0.9743700647852352,0.22495105434386492,0.8500000000000014,open-meteo,2026-08-08T10:04:01+00:00
2026-06-06 19:00:00+00:00,FR,solar,18.3,60,129.6,4.33,-0.992546151641322,0.12186934340514768,17.2,74,54.0,8.12,-0.9902680687415703,-0.13917310096006583,16.3,90,19.0,5.9,-0.7771459614569706,-0.6293203910498378,18.3,59,117.0,5.25,-0.9702957262759966,0.24192189559966745,0.4750000000000014,open-meteo,2026-08-08T10:04:01+00:00
2026-06-06 20:00:00+00:00,FR,solar,16.8,66,17.0,3.81,-0.9986295347545738,0.052335956242943946,16.0,78,5.0,7.97,-0.961261695938319,-0.2756373558169989,16.4,70,13.0,5.4,-0.981627183447664,-0.1908089953765446,16.7,68,11.0,5.71,-0.9612616959383188,0.2756373558169994,1.5250000000000021,open-meteo,2026-08-08T10:04:01+00:00
2026-06-06 21:00:00+00:00,FR,solar,15.7,72,0.0,4.14,-0.9902680687415703,-0.13917310096006583,15.4,78,0.0,8.72,-0.9998476951563913,-0.017452406437283498,13.9,88,0.0,6.7,-0.8571673007021121,-0.5150380749100544,15.6,71,0.0,5.02,-0.9335804264972017,0.3583679495453004,2.8499999999999996,open-meteo,2026-08-08T10:04:01+00:00
2026-06-06 22:00:00+00:00,FR,solar,15.2,74,0.0,3.93,-0.9659258262890683,-0.25881904510252063,14.6,76,0.0,8.12,-0.9902680687415703,-0.13917310096006583,14.4,88,0.0,5.8,-0.9659258262890683,-0.25881904510252063,14.5,75,0.0,5.16,-0.8386705679454243,0.5446390350150266,3.325000000000001,open-meteo,2026-08-08T10:04:01+00:00
2026-06-06 23:00:00+00:00,FR,solar,14.9,76,0.0,3.77,-0.981627183447664,-0.1908089953765446,13.8,74,0.0,7.44,-0.961261695938319,-0.2756373558169989,13.9,73,0.0,6.9,-0.913545457642601,-0.4067366430758001,13.6,79,0.0,4.92,-0.6946583704589976,0.7193398003386509,3.9499999999999993,open-meteo,2026-08-08T10:04:01+00:00
2026-06-07 00:00:00+00:00,FR,solar,14.6,79,0.0,2.88,-0.9396926207859084,-0.34202014332566855,12.7,80,0.0,7.16,-0.9563047559630353,-0.2923717047227371,12.7,89,0.0,6.5,-0.9986295347545738,-0.052335956242944306,13.1,80,0.0,4.41,-0.6018150231520483,0.7986355100472928,4.725,open-meteo,2026-08-08T10:04:01+00:00
2026-06-07 01:00:00+00:00,FR,solar,14.2,82,0.0,2.5,-0.961261695938319,-0.2756373558169989,11.8,84,0.0,6.69,-0.848048096156426,-0.529919264233205,12.1,81,0.0,7.8,-0.9986295347545738,0.052335956242943946,12.8,80,0.0,3.07,-0.37460659341591235,0.9271838545667873,5.274999999999999,open-meteo,2026-08-08T10:04:01+00:00
2026-06-07 02:00:00+00:00,FR,solar,12.6,89,0.0,3.44,-0.8987940462991668,-0.43837114678907774,11.5,86,0.0,6.91,-0.848048096156426,-0.529919264233205,11.7,75,0.0,7.6,-0.9986295347545738,0.052335956242943946,12.2,83,0.0,2.0,0.1908089953765448,0.981627183447664,6.0,open-meteo,2026-08-08T10:04:01+00:00
2026-06-07 03:00:00+00:00,FR,solar,12.5,90,0.0,0.91,-0.9945218953682734,0.10452846326765299,11.3,82,0.0,6.66,-0.8090169943749473,-0.5877852522924732,10.7,88,0.0,7.4,-0.9816271834476639,0.1908089953765451,11.6,86,0.0,2.85,0.754709580222772,0.6560590289905073,6.475,open-meteo,2026-08-08T10:04:01+00:00
2026-06-07 04:00:00+00:00,FR,solar,12.4,89,0.0,1.14,-0.2588190451025207,0.9659258262890683,10.7,85,3.0,7.1,-0.8191520442889916,-0.5735764363510464,9.7,86,2.0,7.3,-0.9659258262890683,-0.25881904510252063,11.5,87,0.0,3.45,0.8191520442889918,0.573576436351046,6.925000000000001,open-meteo,2026-08-08T10:04:01+00:00
2026-06-07 05:00:00+00:00,FR,solar,11.7,92,11.6,1.12,0.17364817766693033,0.984807753012208,11.0,84,53.0,7.1,-0.8987940462991668,-0.43837114678907774,10.8,80,65.0,7.2,-0.9659258262890683,-0.25881904510252063,12.1,85,11.0,4.57,0.9205048534524404,0.3907311284892737,6.6,open-meteo,2026-08-08T10:04:01+00:00
2026-06-07 06:00:00+00:00,FR,solar,13.1,88,115.5,3.34,0.9876883405951378,-0.1564344650402308,12.8,76,182.0,5.48,-0.8910065241883678,-0.45399049973954697,11.9,82,200.0,5.5,-0.913545457642601,-0.4067366430758001,13.2,81,88.0,5.37,0.9659258262890683,0.25881904510252074,5.25,open-meteo,2026-08-08T10:04:01+00:00
2026-06-07 07:00:00+00:00,FR,solar,16.1,75,280.7,3.4,0.9702957262759965,-0.24192189559966779,14.3,70,366.0,4.39,-0.913545457642601,-0.4067366430758001,13.1,74,362.0,4.7,-0.9396926207859084,-0.34202014332566855,14.7,76,234.0,4.92,0.9743700647852352,0.22495105434386492,3.4499999999999993,open-meteo,2026-08-08T10:04:01+00:00
2026-06-07 08:00:00+00:00,FR,solar,18.1,65,457.4,3.67,0.981627183447664,-0.1908089953765448,15.8,65,482.0,4.48,-0.9205048534524403,-0.3907311284892738,15.8,53,524.0,5.1,-0.984807753012208,-0.17364817766693033,16.2,67,413.0,5.4,0.9781476007338056,0.20791169081775945,1.5249999999999986,open-meteo,2026-08-08T10:04:01+00:00
2026-06-07 09:00:00+00:00,FR,solar,19.5,58,616.7,4.08,0.981627183447664,-0.1908089953765448,17.4,54,599.0,5.73,-0.9563047559630353,-0.2923717047227371,15.4,60,649.0,5.4,-0.9743700647852351,-0.22495105434386525,18.0,59,571.0,5.35,0.9702957262759965,0.24192189559966767,0.4250000000000007,open-meteo,2026-08-08T10:04:01+00:00
2026-06-07 10:00:00+00:00,FR,solar,21.2,50,764.7,4.63,0.9702957262759965,-0.24192189559966779,18.2,51,726.0,5.56,-0.9702957262759965,-0.24192189559966779,16.3,58,758.0,3.9,-0.9510565162951535,-0.30901699437494756,19.4,55,702.0,5.13,0.9743700647852352,0.22495105434386492,0.7749999999999986,open-meteo,2026-08-08T10:04:01+00:00
2026-06-07 11:00:00+00:00,FR,solar,22.3,47,850.7,4.43,0.9945218953682733,-0.10452846326765355,18.6,49,645.0,4.73,-0.9945218953682734,-0.10452846326765336,18.4,47,768.0,4.1,-0.9335804264972015,-0.3583679495453007,20.9,52,823.0,4.95,0.9902680687415704,0.13917310096006547,2.0500000000000007,open-meteo,2026-08-08T10:04:01+00:00
2026-06-07 12:00:00+00:00,FR,solar,23.4,46,894.9,4.28,0.981627183447664,-0.1908089953765448,19.9,43,669.0,4.66,-0.9659258262890683,-0.25881904510252063,18.5,50,843.0,3.1,-0.9986295347545738,-0.052335956242944306,22.4,51,920.0,5.39,1.0,6.123233995736766e-17,3.049999999999997,open-meteo,2026-08-08T10:04:01+00:00
2026-06-07 13:00:00+00:00,FR,solar,24.6,44,896.0,3.58,0.9205048534524403,-0.39073112848927377,20.9,45,877.0,3.75,-0.9396926207859084,-0.34202014332566855,18.3,57,852.0,2.6,-0.9205048534524403,-0.3907311284892738,23.5,51,928.0,5.29,0.9993908270190958,0.03489949670250108,3.8249999999999993,open-meteo,2026-08-08T10:04:01+00:00
2026-06-07 14:00:00+00:00,FR,solar,25.6,43,854.4,3.76,0.8746197071393959,-0.484809620246337,21.1,42,808.0,3.82,-0.9998476951563913,-0.017452406437283498,20.5,41,722.0,3.3,-0.7431448254773944,-0.6691306063588581,24.5,50,875.0,5.2,0.9993908270190958,0.03489949670250108,4.925000000000001,open-meteo,2026-08-08T10:04:01+00:00
2026-06-07 15:00:00+00:00,FR,solar,26.7,41,772.4,3.89,0.8987940462991669,-0.4383711467890775,21.9,35,700.0,2.76,-0.9945218953682734,-0.10452846326765336,20.1,48,706.0,1.2,-0.6946583704589974,-0.7193398003386511,24.8,49,772.0,4.9,0.9993908270190958,0.03489949670250108,5.3749999999999964,open-meteo,2026-08-08T10:04:01+00:00
2026-06-07 16:00:00+00:00,FR,solar,26.8,41,636.6,4.04,0.7431448254773942,-0.6691306063588582,21.5,39,568.0,2.97,-0.9563047559630354,0.2923717047227367,19.3,57,581.0,1.4,-0.7880107536067218,0.6156614753256585,25.1,49,632.0,4.8,1.0,6.123233995736766e-17,5.174999999999997,open-meteo,2026-08-08T10:04:01+00:00
2026-06-07 17:00:00+00:00,FR,solar,26.7,42,468.9,3.19,0.7547095802227721,-0.6560590289905072,21.0,40,403.0,2.88,-0.9848077530122081,0.17364817766692997,20.8,45,418.0,1.7,-0.5446390350150271,-0.838670567945424,24.9,50,465.0,4.7,1.0,6.123233995736766e-17,5.350000000000001,open-meteo,2026-08-08T10:04:01+00:00
2026-06-07 18:00:00+00:00,FR,solar,25.9,44,296.5,3.14,0.8571673007021123,-0.5150380749100543,20.4,41,236.0,2.37,-0.6156614753256582,0.7880107536067221,19.3,57,231.0,2.1,0.5446390350150273,-0.8386705679454239,24.6,53,285.0,4.91,0.9961946980917455,0.08715574274765814,4.549999999999997,open-meteo,2026-08-08T10:04:01+00:00
2026-06-07 19:00:00+00:00,FR,solar,24.7,51,130.2,2.45,0.9781476007338057,-0.20791169081775934,18.7,48,88.0,3.76,-0.7771459614569708,0.6293203910498375,17.0,78,105.0,2.2,0.6946583704589973,0.7193398003386512,23.3,59,117.0,4.5,0.981627183447664,0.19080899537654492,2.9250000000000007,open-meteo,2026-08-08T10:04:01+00:00
2026-06-07 20:00:00+00:00,FR,solar,22.9,53,17.7,2.94,0.984807753012208,0.17364817766693041,15.8,48,6.0,3.13,-0.529919264233205,0.8480480961564258,16.3,60,17.0,4.9,0.3255681544571566,-0.9455185755993168,21.4,65,11.0,3.86,0.8910065241883679,0.45399049973954686,1.1000000000000014,open-meteo,2026-08-08T10:04:01+00:00
2026-06-07 21:00:00+00:00,FR,solar,21.6,59,0.0,2.1,0.9063077870366499,0.42261826174069944,12.8,71,0.0,2.83,0.5591929034707469,0.8290375725550417,14.0,79,0.0,4.4,0.9510565162951536,-0.30901699437494734,20.0,68,0.0,3.9,0.8829475928589269,0.46947156278589086,0.8999999999999986,open-meteo,2026-08-08T10:04:01+00:00
2026-06-07 22:00:00+00:00,FR,solar,20.9,59,0.0,3.26,0.8910065241883679,0.45399049973954686,11.5,88,0.0,3.64,0.8090169943749475,0.5877852522924731,13.3,86,0.0,5.0,0.9743700647852352,-0.22495105434386503,19.5,69,0.0,3.7,0.848048096156426,0.5299192642332049,1.6999999999999993,open-meteo,2026-08-08T10:04:01+00:00
2026-06-07 23:00:00+00:00,FR,solar,18.4,76,0.0,5.92,-0.27563735581699894,0.9612616959383189,11.0,90,0.0,3.48,0.984807753012208,0.17364817766693041,13.2,76,0.0,4.7,0.6819983600624986,-0.7313537016191705,19.2,70,0.0,3.78,0.8571673007021123,0.5150380749100542,2.5500000000000007,open-meteo,2026-08-08T10:04:01+00:00
2026-06-08 00:00:00+00:00,FR,solar,17.5,79,0.0,5.19,-0.4694715627858908,0.882947592858927,10.8,88,0.0,2.94,1.0,6.123233995736766e-17,12.3,82,0.0,7.7,0.8191520442889917,-0.5735764363510462,18.4,73,0.0,2.64,0.5150380749100542,0.8571673007021123,3.25,open-meteo,2026-08-08T10:04:01+00:00
2026-06-08 01:00:00+00:00,FR,solar,16.7,81,0.0,6.18,-0.4848096202463369,0.8746197071393959,10.7,87,0.0,2.36,0.9563047559630355,-0.29237170472273666,12.1,90,0.0,7.0,0.6946583704589971,-0.7193398003386513,18.0,75,0.0,1.71,-0.22495105434386534,0.9743700647852351,3.625,open-meteo,2026-08-08T10:04:01+00:00
2026-06-08 02:00:00+00:00,FR,solar,16.5,81,0.0,1.3,-0.3907311284892739,0.9205048534524403,11.3,85,0.0,2.91,0.9396926207859084,-0.3420201433256687,12.2,77,0.0,6.5,0.5735764363510459,-0.8191520442889919,16.3,87,0.0,4.22,-0.9271838545667873,-0.3746065934159123,3.9250000000000007,open-meteo,2026-08-08T10:04:01+00:00
2026-06-08 03:00:00+00:00,FR,solar,15.8,87,0.0,4.74,-0.4226182617406992,0.90630778703665,10.6,88,0.0,2.51,0.777145961456971,-0.6293203910498373,11.0,84,0.0,7.7,0.5877852522924732,-0.8090169943749473,16.5,93,0.0,6.22,-0.9925461516413221,-0.12186934340514717,4.525,open-meteo,2026-08-08T10:04:01+00:00
2026-06-08 04:00:00+00:00,FR,solar,16.1,86,0.0,5.39,-0.8571673007021123,0.5150380749100542,8.9,98,3.0,2.64,0.37460659341591224,-0.9271838545667873,11.0,89,1.0,7.3,0.17364817766693028,-0.984807753012208,15.9,97,0.0,6.28,-0.9816271834476639,0.1908089953765451,5.025,open-meteo,2026-08-08T10:04:01+00:00
2026-06-08 05:00:00+00:00,FR,solar,15.9,93,12.3,4.6,-0.9998476951563913,0.01745240643728313,10.1,97,52.0,3.02,0.4226182617406995,-0.9063077870366499,11.7,78,41.0,5.8,0.05233595624294381,-0.9986295347545738,15.7,93,9.0,5.95,-0.9396926207859083,0.342020143325669,4.649999999999999,open-meteo,2026-08-08T10:04:01+00:00
2026-06-08 06:00:00+00:00,FR,solar,16.7,91,108.8,3.89,-0.9510565162951536,0.30901699437494723,13.8,83,131.0,3.59,0.2923717047227366,-0.9563047559630355,12.3,76,80.0,5.4,0.24192189559966773,-0.9702957262759965,16.0,91,75.0,5.11,-0.9563047559630354,0.2923717047227367,3.3000000000000007,open-meteo,2026-08-08T10:04:01+00:00
2026-06-08 07:00:00+00:00,FR,solar,17.8,84,272.2,3.89,-0.9510565162951536,0.30901699437494723,17.1,66,282.0,3.33,0.24192189559966773,-0.9702957262759965,13.6,76,115.0,6.0,0.03489949670250114,-0.9993908270190958,17.1,87,180.0,4.75,-0.9702957262759966,0.24192189559966745,1.5999999999999979,open-meteo,2026-08-08T10:04:01+00:00
2026-06-08 08:00:00+00:00,FR,solar,18.3,76,175.3,3.81,-0.9702957262759966,0.24192189559966745,19.7,57,409.0,3.25,-0.08715574274765794,-0.9961946980917455,16.6,58,186.0,2.4,0.5446390350150273,-0.8386705679454239,18.4,82,327.0,4.9,-0.9612616959383188,0.2756373558169994,0.25,open-meteo,2026-08-08T10:04:01+00:00
2026-06-08 09:00:00+00:00,FR,solar,18.9,72,389.1,3.3,-1.0,-1.8369701987210297e-16,20.9,59,498.0,2.27,0.12186934340514755,-0.992546151641322,16.7,65,227.0,2.6,0.7193398003386511,-0.6946583704589974,19.5,76,407.0,4.66,-0.9271838545667874,0.37460659341591196,1.0,open-meteo,2026-08-08T10:04:01+00:00
2026-06-08 10:00:00+00:00,FR,solar,19.8,68,489.0,4.4,-1.0,-1.8369701987210297e-16,22.8,53,521.0,2.76,-0.1045284632676535,-0.9945218953682733,17.4,70,231.0,3.9,0.7071067811865476,-0.7071067811865475,20.7,72,502.0,4.4,-0.9335804264972017,0.3583679495453004,2.1750000000000007,open-meteo,2026-08-08T10:04:01+00:00
2026-06-08 11:00:00+00:00,FR,solar,21.4,61,684.4,4.8,-0.9993908270190958,-0.03489949670250076,23.0,53,416.0,4.21,-0.46947156278589086,-0.8829475928589269,20.8,48,343.0,4.3,0.06975647374412552,-0.9975640502598242,21.3,68,463.0,4.69,-0.9816271834476639,0.1908089953765451,3.625,open-meteo,2026-08-08T10:04:01+00:00
2026-06-08 12:00:00+00:00,FR,solar,22.2,55,700.4,6.01,-0.9986295347545738,-0.052335956242944306,21.7,62,358.0,4.32,-0.5446390350150271,-0.838670567945424,21.5,52,382.0,5.8,-0.2588190451025208,-0.9659258262890683,21.4,69,390.0,5.18,-0.9659258262890684,0.2588190451025203,3.700000000000003,open-meteo,2026-08-08T10:04:01+00:00
2026-06-08 13:00:00+00:00,FR,solar,22.6,55,772.2,5.9,-0.9993908270190958,0.03489949670250128,19.6,80,196.0,5.92,-0.32556815445715676,-0.9455185755993167,21.3,58,414.0,6.2,-0.6018150231520484,-0.7986355100472928,21.7,66,340.0,6.09,-0.898794046299167,0.4383711467890774,3.3000000000000007,open-meteo,2026-08-08T10:04:01+00:00
2026-06-08 14:00:00+00:00,FR,solar,22.2,56,694.4,6.17,-0.9396926207859083,0.342020143325669,19.1,84,199.0,5.59,-0.19080899537654472,-0.981627183447664,21.9,54,286.0,6.8,-0.8290375725550418,-0.5591929034707466,21.3,66,360.0,6.96,-0.7771459614569708,0.6293203910498375,3.125,open-meteo,2026-08-08T10:04:01+00:00
2026-06-08 15:00:00+00:00,FR,solar,22.5,51,708.9,6.91,-0.9848077530122081,0.17364817766692997,18.6,83,186.0,6.9,-0.39073112848927355,-0.9205048534524404,21.6,60,450.0,6.8,-0.9993908270190958,-0.03489949670250076,20.5,68,367.0,5.97,-0.8660254037844386,0.5000000000000001,2.8000000000000007,open-meteo,2026-08-08T10:04:01+00:00
2026-06-08 16:00:00+00:00,FR,solar,21.7,53,598.0,6.55,-0.9781476007338056,0.20791169081775945,19.3,81,246.0,6.59,-0.39073112848927355,-0.9205048534524404,20.4,62,280.0,5.9,-0.9945218953682734,-0.10452846326765336,20.6,64,207.0,5.7,-0.945518575599317,0.3255681544571563,2.5,open-meteo,2026-08-08T10:04:01+00:00
2026-06-08 17:00:00+00:00,FR,solar,21.1,53,448.9,6.65,-0.992546151641322,0.12186934340514768,19.5,79,194.0,8.13,-0.587785252292473,-0.8090169943749475,20.1,54,55.0,7.7,-0.8910065241883679,0.45399049973954664,20.9,63,233.0,6.26,-0.9563047559630354,0.2923717047227367,2.3999999999999986,open-meteo,2026-08-08T10:04:01+00:00
2026-06-08 18:00:00+00:00,FR,solar,20.0,58,289.9,7.14,-0.9945218953682734,0.10452846326765299,20.0,79,167.0,7.76,-0.43837114678907746,-0.8987940462991669,14.5,95,237.0,6.4,-0.9702957262759965,-0.24192189559966779,20.2,63,246.0,6.66,-0.9563047559630354,0.2923717047227367,0.6750000000000007,open-meteo,2026-08-08T10:04:01+00:00
2026-06-08 19:00:00+00:00,FR,solar,18.6,64,134.3,5.91,-0.9986295347545738,-0.052335956242944306,18.7,84,49.0,8.81,-0.43837114678907746,-0.8987940462991669,14.5,81,8.0,7.5,-0.7880107536067218,0.6156614753256585,18.9,65,103.0,6.7,-0.9659258262890684,0.2588190451025203,0.32500000000000284,open-meteo,2026-08-08T10:04:01+00:00
2026-06-08 20:00:00+00:00,FR,solar,17.7,71,15.4,4.75,-0.9271838545667873,-0.3746065934159123,18.3,73,2.0,9.88,-0.981627183447664,-0.1908089953765446,14.2,67,8.0,5.4,-0.9816271834476639,0.1908089953765451,17.0,72,12.0,7.19,-0.9563047559630354,0.2923717047227367,1.1999999999999993,open-meteo,2026-08-08T10:04:01+00:00
2026-06-08 21:00:00+00:00,FR,solar,17.1,77,0.0,5.1,-0.8987940462991668,-0.43837114678907774,16.4,79,0.0,7.84,-0.9998476951563913,-0.017452406437283498,12.5,98,0.0,5.8,-0.9396926207859084,-0.34202014332566855,15.5,76,0.0,7.25,-0.945518575599317,0.3255681544571563,2.625,open-meteo,2026-08-08T10:04:01+00:00
2026-06-08 22:00:00+00:00,FR,solar,16.8,82,0.0,7.34,-0.882947592858927,-0.46947156278589075,15.1,84,0.0,6.97,-0.9986295347545738,0.052335956242943946,12.0,96,0.0,6.0,-0.9455185755993168,-0.32556815445715664,14.8,80,0.0,6.82,-0.9781476007338056,0.20791169081775945,3.3249999999999993,open-meteo,2026-08-08T10:04:01+00:00
2026-06-08 23:00:00+00:00,FR,solar,16.4,83,0.0,5.41,-0.8290375725550416,0.559192903470747,13.6,91,0.0,6.59,-0.9205048534524405,0.3907311284892735,11.0,94,0.0,6.0,-0.848048096156426,-0.529919264233205,14.5,85,0.0,6.37,-0.9998476951563913,-0.017452406437283498,4.125,open-meteo,2026-08-08T10:04:01+00:00
2026-06-09 00:00:00+00:00,FR,solar,15.9,82,0.0,4.81,-0.7071067811865477,0.7071067811865474,13.3,88,0.0,5.68,-0.8090169943749476,0.5877852522924729,12.0,92,0.0,6.0,-0.9998476951563913,0.01745240643728313,13.9,90,0.0,6.12,-0.9925461516413221,-0.12186934340514717,4.225,open-meteo,2026-08-08T10:04:01+00:00
2026-06-09 01:00:00+00:00,FR,solar,15.3,75,0.0,4.56,-0.6156614753256582,0.7880107536067221,12.5,92,0.0,4.87,-0.9659258262890684,0.2588190451025203,10.9,95,0.0,8.6,-0.984807753012208,-0.17364817766693033,14.0,92,0.0,5.85,-0.9876883405951377,-0.15643446504023104,4.824999999999999,open-meteo,2026-08-08T10:04:01+00:00
2026-06-09 02:00:00+00:00,FR,solar,14.2,80,0.0,4.02,-0.5735764363510465,0.8191520442889916,12.3,94,0.0,5.06,-0.9659258262890684,0.2588190451025203,10.5,95,0.0,7.5,-0.9743700647852351,-0.22495105434386525,14.3,92,0.0,5.41,-0.9961946980917455,-0.08715574274765825,5.175000000000001,open-meteo,2026-08-08T10:04:01+00:00
2026-06-09 03:00:00+00:00,FR,solar,13.4,81,0.0,3.69,-0.6560590289905074,0.7547095802227719,12.1,93,0.0,5.59,-0.9993908270190958,0.03489949670250128,10.5,94,0.0,7.0,-0.981627183447664,-0.1908089953765446,14.5,93,0.0,3.85,-0.992546151641322,0.12186934340514768,5.375,open-meteo,2026-08-08T10:04:01+00:00
2026-06-09 04:00:00+00:00,FR,solar,13.4,81,0.0,3.76,-0.4226182617406992,0.90630778703665,11.8,93,1.0,5.59,-0.9659258262890683,-0.25881904510252063,9.6,95,1.0,7.3,-0.984807753012208,-0.17364817766693033,14.7,94,0.0,3.15,-0.8090169943749476,0.5877852522924729,5.625,open-meteo,2026-08-08T10:04:01+00:00
2026-06-09 05:00:00+00:00,FR,solar,11.9,86,4.8,4.05,-0.6427876096865396,0.7660444431189778,11.8,93,18.0,5.78,-0.9993908270190958,0.03489949670250128,10.2,92,67.0,6.4,-0.981627183447664,-0.1908089953765446,14.9,89,1.0,4.83,0.10452846326765347,0.9945218953682733,5.799999999999999,open-meteo,2026-08-08T10:04:01+00:00
2026-06-09 06:00:00+00:00,FR,solar,13.1,83,104.9,3.31,-0.4226182617406992,0.90630778703665,12.2,88,62.0,5.57,-0.9848077530122081,0.17364817766692997,11.3,89,203.0,5.2,-0.984807753012208,-0.17364817766693033,14.5,78,18.0,4.54,-0.12186934340514723,0.9925461516413221,5.225000000000001,open-meteo,2026-08-08T10:04:01+00:00
2026-06-09 07:00:00+00:00,FR,solar,15.6,65,247.7,3.1,-0.034899496702500823,0.9993908270190958,12.8,82,196.0,5.17,-0.945518575599317,0.3255681544571563,12.3,84,357.0,5.8,-0.9781476007338056,-0.2079116908177598,14.4,76,68.0,4.41,0.01745240643728351,0.9998476951563913,4.225,open-meteo,2026-08-08T10:04:01+00:00
2026-06-09 08:00:00+00:00,FR,solar,16.3,61,407.4,3.0,-0.034899496702500823,0.9993908270190958,13.7,76,362.0,5.24,-0.9902680687415704,0.13917310096006547,13.6,76,523.0,5.7,-0.9945218953682734,-0.10452846326765336,15.0,76,117.0,3.72,0.03489949670250097,0.9993908270190958,3.3499999999999996,open-meteo,2026-08-08T10:04:01+00:00
2026-06-09 09:00:00+00:00,FR,solar,16.6,59,421.3,3.42,-0.6156614753256582,0.7880107536067221,14.7,64,498.0,6.59,-0.9961946980917455,-0.08715574274765825,14.9,62,476.0,5.9,-0.981627183447664,-0.1908089953765446,16.4,66,175.0,4.0,-0.29237170472273716,0.9563047559630353,2.3499999999999996,open-meteo,2026-08-08T10:04:01+00:00
2026-06-09 10:00:00+00:00,FR,solar,18.5,53,624.2,4.18,-0.35836794954530077,0.9335804264972015,16.0,58,669.0,6.41,-0.9945218953682734,-0.10452846326765336,15.3,52,767.0,5.9,-0.9659258262890683,-0.25881904510252063,17.5,60,438.0,3.73,-0.5000000000000004,0.8660254037844384,1.1750000000000007,open-meteo,2026-08-08T10:04:01+00:00
2026-06-09 11:00:00+00:00,FR,solar,19.5,48,627.3,4.22,-0.08715574274765832,0.9961946980917455,17.1,51,814.0,6.12,-0.9925461516413221,-0.12186934340514717,16.7,47,837.0,6.5,-0.90630778703665,-0.42261826174069916,18.9,54,680.0,3.67,-0.6946583704589976,0.7193398003386509,0.04999999999999716,open-meteo,2026-08-08T10:04:01+00:00
2026-06-09 12:00:00+00:00,FR,solar,19.9,47,479.2,2.56,-0.7771459614569708,0.6293203910498375,18.1,43,799.0,5.98,-1.0,-1.8369701987210297e-16,16.8,51,816.0,6.5,-0.90630778703665,-0.42261826174069916,19.2,51,712.0,3.34,-0.6427876096865396,0.7660444431189778,0.5,open-meteo,2026-08-08T10:04:01+00:00
2026-06-09 13:00:00+00:00,FR,solar,21.4,39,286.5,3.58,-0.5000000000000004,0.8660254037844384,18.8,42,850.0,6.86,-0.984807753012208,-0.17364817766693033,15.7,63,681.0,7.9,-0.587785252292473,-0.8090169943749475,18.9,50,409.0,2.53,-0.8090169943749476,0.5877852522924729,0.7000000000000028,open-meteo,2026-08-08T10:04:01+00:00
2026-06-09 14:00:00+00:00,FR,solar,21.8,37,370.2,4.48,-0.6293203910498378,0.7771459614569706,18.4,41,727.0,6.73,-0.9335804264972015,-0.3583679495453007,18.1,46,742.0,7.0,-0.848048096156426,-0.529919264233205,18.9,48,249.0,2.85,-0.9612616959383188,0.2756373558169994,1.3000000000000007,open-meteo,2026-08-08T10:04:01+00:00
2026-06-09 15:00:00+00:00,FR,solar,21.4,40,488.4,5.11,-0.6427876096865396,0.7660444431189778,18.6,38,500.0,7.69,-0.981627183447664,-0.1908089953765446,16.8,50,417.0,6.8,-0.9455185755993168,-0.32556815445715664,20.0,43,237.0,3.02,-0.8090169943749476,0.5877852522924729,1.1999999999999993,open-meteo,2026-08-08T10:04:01+00:00
2026-06-09 16:00:00+00:00,FR,solar,21.0,43,479.9,6.23,-0.7431448254773946,0.6691306063588578,18.2,41,431.0,6.09,-0.9975640502598242,-0.06975647374412558,16.9,55,140.0,8.7,-0.8290375725550418,-0.5591929034707466,20.3,43,411.0,2.76,-0.8910065241883679,0.45399049973954664,1.1000000000000014,open-meteo,2026-08-08T10:04:01+00:00
2026-06-09 17:00:00+00:00,FR,solar,20.2,44,457.6,6.65,-0.6946583704589976,0.7193398003386509,18.0,43,359.0,5.11,-0.9781476007338056,-0.2079116908177598,17.1,50,46.0,8.1,-0.9993908270190958,0.03489949670250128,20.2,44,319.0,2.88,-0.9510565162951535,-0.30901699437494756,0.875,open-meteo,2026-08-08T10:04:01+00:00
2026-06-09 18:00:00+00:00,FR,solar,18.7,49,301.9,6.61,-0.6293203910498378,0.7771459614569706,17.4,47,218.0,5.38,-0.984807753012208,-0.17364817766693033,13.9,86,41.0,3.7,-0.39073112848927355,-0.9205048534524404,20.1,44,150.0,2.57,-0.6427876096865396,0.7660444431189778,0.4750000000000014,open-meteo,2026-08-08T10:04:01+00:00
2026-06-09 19:00:00+00:00,FR,solar,17.5,56,134.5,5.71,-0.544639035015027,0.838670567945424,15.9,53,69.0,5.13,-0.9743700647852352,0.22495105434386492,13.2,91,73.0,4.1,-0.913545457642601,-0.4067366430758001,19.1,48,32.0,0.31,-0.9510565162951535,-0.30901699437494756,1.5750000000000028,open-meteo,2026-08-08T10:04:01+00:00
2026-06-09 20:00:00+00:00,FR,solar,16.3,63,19.3,3.69,-0.6560590289905074,0.7547095802227719,13.6,64,7.0,5.31,-0.9961946980917455,0.08715574274765789,12.0,97,10.0,4.8,-0.7660444431189779,-0.6427876096865395,16.5,74,3.0,6.17,-0.8386705679454242,-0.544639035015027,3.4000000000000004,open-meteo,2026-08-08T10:04:01+00:00
2026-06-09 21:00:00+00:00,FR,solar,15.4,69,0.0,4.03,-0.8660254037844386,0.5000000000000001,11.9,71,0.0,4.82,-0.9961946980917455,-0.08715574274765825,12.5,95,0.0,4.5,-0.7071067811865475,-0.7071067811865477,16.8,54,0.0,4.21,-0.3090169943749477,0.9510565162951535,3.8500000000000014,open-meteo,2026-08-08T10:04:01+00:00
2026-06-09 22:00:00+00:00,FR,solar,14.3,74,0.0,3.49,-0.9135454576426011,0.40673664307579976,11.5,72,0.0,3.28,-0.9563047559630353,-0.2923717047227371,10.8,93,0.0,5.4,-0.9271838545667873,-0.3746065934159123,14.8,62,0.0,5.63,-0.22495105434386534,0.9743700647852351,5.149999999999999,open-meteo,2026-08-08T10:04:01+00:00
2026-06-09 23:00:00+00:00,FR,solar,13.4,78,0.0,3.86,-0.9563047559630354,0.2923717047227367,10.5,76,0.0,2.86,-0.9271838545667873,-0.3746065934159123,10.9,96,0.0,4.8,-0.9205048534524403,-0.3907311284892738,13.3,72,0.0,5.06,-0.37460659341591235,0.9271838545667873,5.975000000000001,open-meteo,2026-08-08T10:04:01+00:00
2026-06-10 00:00:00+00:00,FR,solar,12.9,79,0.0,4.21,-0.9510565162951536,0.30901699437494723,9.8,81,0.0,3.47,-0.961261695938319,-0.2756373558169989,10.6,96,0.0,6.2,-0.961261695938319,-0.2756373558169989,12.4,77,0.0,4.9,-0.27563735581699894,0.9612616959383189,6.574999999999999,open-meteo,2026-08-08T10:04:01+00:00
2026-06-10 01:00:00+00:00,FR,solar,12.9,79,0.0,2.94,-0.9510565162951536,0.30901699437494723,9.8,80,0.0,3.53,-0.9986295347545738,-0.052335956242944306,9.5,97,0.0,6.7,-0.848048096156426,-0.529919264233205,12.1,80,0.0,4.55,-0.3255681544571567,0.9455185755993168,6.924999999999999,open-meteo,2026-08-08T10:04:01+00:00
2026-06-10 02:00:00+00:00,FR,solar,11.9,85,0.0,2.0,-0.7986355100472932,0.6018150231520479,9.5,81,0.0,1.57,-1.0,-1.8369701987210297e-16,9.9,96,0.0,4.3,-0.981627183447664,-0.1908089953765446,12.0,81,0.0,3.99,-0.4226182617406992,0.90630778703665,7.175000000000001,open-meteo,2026-08-08T10:04:01+00:00
2026-06-10 03:00:00+00:00,FR,solar,11.0,90,0.0,2.33,-0.7313537016191703,0.6819983600624987,9.0,86,0.0,2.06,-0.90630778703665,-0.42261826174069916,10.6,96,0.0,4.4,-0.9612616959383188,0.2756373558169994,12.3,82,0.0,3.14,-0.6293203910498378,0.7771459614569706,7.274999999999999,open-meteo,2026-08-08T10:04:01+00:00
2026-06-10 04:00:00+00:00,FR,solar,11.1,90,0.0,3.73,-0.9396926207859083,0.342020143325669,8.9,87,2.0,1.77,-0.9455185755993168,-0.32556815445715664,10.7,94,0.0,4.2,-0.9961946980917455,0.08715574274765789,12.1,85,0.0,2.72,-0.7880107536067218,0.6156614753256585,7.300000000000001,open-meteo,2026-08-08T10:04:01+00:00
2026-06-10 05:00:00+00:00,FR,solar,11.3,90,12.3,4.56,-0.9659258262890683,-0.25881904510252063,9.5,87,25.0,1.84,-0.9063077870366498,0.4226182617406996,11.1,96,31.0,4.5,-0.9271838545667874,0.37460659341591196,11.7,90,14.0,2.81,-0.8746197071393956,0.4848096202463373,7.100000000000001,open-meteo,2026-08-08T10:04:01+00:00
2026-06-10 06:00:00+00:00,FR,solar,12.5,89,100.3,5.48,-0.7880107536067221,-0.6156614753256581,10.6,82,53.0,0.88,-0.8910065241883678,-0.45399049973954697,12.2,84,100.0,2.4,-1.0,-1.8369701987210297e-16,12.9,86,118.0,3.9,-0.9510565162951536,0.30901699437494723,5.950000000000001,open-meteo,2026-08-08T10:04:01+00:00
2026-06-10 07:00:00+00:00,FR,solar,13.6,90,191.2,3.33,-0.5446390350150271,-0.838670567945424,12.3,78,200.0,2.26,-0.9510565162951535,-0.30901699437494756,13.1,75,263.0,3.6,-0.9961946980917455,0.08715574274765789,14.3,82,255.0,3.06,-0.992546151641322,0.12186934340514768,4.675000000000001,open-meteo,2026-08-08T10:04:01+00:00
2026-06-10 08:00:00+00:00,FR,solar,14.8,85,360.3,2.83,-0.7071067811865475,-0.7071067811865477,13.1,80,201.0,2.76,-0.9945218953682734,-0.10452846326765336,14.0,69,384.0,4.3,-0.9876883405951377,-0.15643446504023104,15.7,76,385.0,3.44,-0.9961946980917455,0.08715574274765789,3.6000000000000014,open-meteo,2026-08-08T10:04:01+00:00
2026-06-10 09:00:00+00:00,FR,solar,17.0,73,578.9,2.68,-0.8910065241883679,0.45399049973954664,13.1,81,245.0,3.85,-0.9925461516413221,-0.12186934340514717,15.3,60,665.0,3.7,-0.9998476951563913,0.01745240643728313,17.1,65,515.0,3.63,-0.9993908270190958,0.03489949670250128,2.3749999999999982,open-meteo,2026-08-08T10:04:01+00:00
2026-06-10 10:00:00+00:00,FR,solar,17.8,65,396.6,3.45,-0.9563047559630354,0.2923717047227367,12.6,83,102.0,3.11,-0.882947592858927,-0.46947156278589075,15.6,56,758.0,3.8,-0.9975640502598243,0.06975647374412522,18.0,60,525.0,3.55,-0.9945218953682734,-0.10452846326765336,2.0,open-meteo,2026-08-08T10:04:01+00:00
2026-06-10 11:00:00+00:00,FR,solar,17.6,62,797.8,3.67,-0.8746197071393956,0.4848096202463373,13.4,73,235.0,3.69,-0.9271838545667873,-0.3746065934159123,15.0,70,658.0,3.5,-0.9902680687415703,-0.13917310096006583,18.3,57,488.0,4.02,-0.9998476951563913,0.01745240643728313,1.9250000000000007,open-meteo,2026-08-08T10:04:01+00:00
2026-06-10 12:00:00+00:00,FR,solar,18.9,56,727.4,4.22,-0.9961946980917455,0.08715574274765789,14.8,66,429.0,3.0,-0.9816271834476639,0.1908089953765451,17.3,48,718.0,6.0,-0.9945218953682734,0.10452846326765299,19.1,55,443.0,4.31,-1.0,-1.8369701987210297e-16,0.4750000000000014,open-meteo,2026-08-08T10:04:01+00:00
2026-06-10 13:00:00+00:00,FR,solar,18.8,57,490.7,4.4,-1.0,-1.8369701987210297e-16,16.1,59,555.0,4.64,-0.992546151641322,0.12186934340514768,15.4,56,618.0,5.1,-0.9205048534524405,0.3907311284892735,19.1,55,418.0,4.63,-0.9743700647852352,0.22495105434386492,0.6499999999999986,open-meteo,2026-08-08T10:04:01+00:00
2026-06-10 14:00:00+00:00,FR,solar,19.9,52,778.5,3.4,-1.0,-1.8369701987210297e-16,16.5,60,575.0,4.77,-0.9876883405951378,0.15643446504023067,16.6,54,581.0,7.0,-0.9335804264972017,0.3583679495453004,20.1,51,565.0,4.75,-0.9271838545667874,0.37460659341591196,0.2749999999999986,open-meteo,2026-08-08T10:04:01+00:00
2026-06-10 15:00:00+00:00,FR,solar,20.9,44,595.1,5.83,-0.9271838545667874,0.37460659341591196,16.0,64,320.0,4.54,-0.9925461516413221,-0.12186934340514717,14.0,75,285.0,6.4,-0.9063077870366498,0.4226182617406996,20.4,49,619.0,4.27,-0.8480480961564262,0.5299192642332047,0.1750000000000007,open-meteo,2026-08-08T10:04:01+00:00
2026-06-10 16:00:00+00:00,FR,solar,20.6,45,522.6,6.07,-0.9396926207859083,0.342020143325669,15.5,61,325.0,2.64,-0.2588190451025208,-0.9659258262890683,12.4,94,449.0,1.5,-0.9271838545667874,0.37460659341591196,20.2,48,437.0,4.56,-0.8829475928589271,0.4694715627858904,0.8249999999999993,open-meteo,2026-08-08T10:04:01+00:00
2026-06-10 17:00:00+00:00,FR,solar,19.9,49,392.0,5.5,-0.8910065241883679,0.45399049973954664,16.0,68,325.0,2.71,-0.656059028990507,-0.7547095802227721,12.9,87,79.0,4.5,-0.9975640502598243,0.06975647374412522,20.0,48,329.0,4.65,-0.9063077870366498,0.4226182617406996,0.8000000000000007,open-meteo,2026-08-08T10:04:01+00:00
2026-06-10 18:00:00+00:00,FR,solar,18.9,52,203.5,5.88,-0.8480480961564262,0.5299192642332047,14.7,64,133.0,5.43,-0.8290375725550418,-0.5591929034707466,14.7,70,25.0,4.2,-0.9063077870366498,0.4226182617406996,19.4,49,248.0,4.89,-0.8386705679454243,0.5446390350150266,1.0750000000000028,open-meteo,2026-08-08T10:04:01+00:00
2026-06-10 19:00:00+00:00,FR,solar,17.7,58,106.7,5.35,-0.8386705679454243,0.5446390350150266,13.5,73,50.0,4.65,-0.9510565162951535,-0.30901699437494756,11.4,93,13.0,4.2,-0.9659258262890684,0.2588190451025203,18.3,53,103.0,5.49,-0.7660444431189781,0.6427876096865393,2.7749999999999986,open-meteo,2026-08-08T10:04:01+00:00
2026-06-10 20:00:00+00:00,FR,solar,16.2,67,18.5,3.69,-0.8386705679454243,0.5446390350150266,12.8,83,4.0,8.84,-0.984807753012208,-0.17364817766693033,11.3,98,7.0,3.2,-0.9902680687415703,-0.13917310096006583,16.1,62,13.0,7.01,-0.7547095802227722,0.656059028990507,3.9000000000000004,open-meteo,2026-08-08T10:04:01+00:00
2026-06-10 21:00:00+00:00,FR,solar,15.1,72,0.0,3.19,-0.7547095802227722,0.656059028990507,12.5,86,0.0,6.48,-0.8910065241883679,0.45399049973954664,9.6,95,0.0,5.4,-0.9335804264972015,-0.3583679495453007,14.6,69,0.0,7.83,-0.6946583704589976,0.7193398003386509,5.049999999999999,open-meteo,2026-08-08T10:04:01+00:00
2026-06-10 22:00:00+00:00,FR,solar,14.0,75,0.0,3.47,-0.8386705679454243,0.5446390350150266,11.3,88,0.0,2.61,-0.8290375725550416,0.559192903470747,10.1,92,0.0,8.0,-0.874619707139396,-0.48480962024633684,13.4,75,0.0,7.23,-0.6560590289905074,0.7547095802227719,5.800000000000001,open-meteo,2026-08-08T10:04:01+00:00
2026-06-10 23:00:00+00:00,FR,solar,13.1,80,0.0,3.22,-0.8090169943749476,0.5877852522924729,10.2,93,0.0,3.02,-0.90630778703665,-0.42261826174069916,10.4,98,0.0,7.7,-0.90630778703665,-0.42261826174069916,12.6,81,0.0,6.24,-0.6691306063588581,0.7431448254773944,6.425000000000001,open-meteo,2026-08-08T10:04:01+00:00
2026-06-11 00:00:00+00:00,FR,solar,12.1,85,0.0,3.14,-0.6018150231520483,0.7986355100472928,9.5,94,0.0,3.29,-0.7986355100472928,-0.6018150231520483,9.0,98,0.0,5.9,-0.9975640502598242,-0.06975647374412558,11.8,86,0.0,5.8,-0.6018150231520483,0.7986355100472928,7.399999999999999,open-meteo,2026-08-08T10:04:01+00:00
2026-06-11 01:00:00+00:00,FR,solar,11.4,89,0.0,2.77,-0.22495105434386534,0.9743700647852351,9.3,93,0.0,3.08,-0.7986355100472928,-0.6018150231520483,8.1,98,0.0,6.4,-0.9998476951563913,-0.017452406437283498,11.2,89,0.0,5.14,-0.5150380749100545,0.8571673007021121,8.0,open-meteo,2026-08-08T10:04:01+00:00
2026-06-11 02:00:00+00:00,FR,solar,11.0,91,0.0,4.0,-0.01745240643728356,0.9998476951563913,9.5,94,0.0,3.22,-0.9396926207859084,-0.34202014332566855,9.3,97,0.0,7.1,-0.9396926207859084,-0.34202014332566855,10.8,89,0.0,4.56,-0.4226182617406992,0.90630778703665,7.85,open-meteo,2026-08-08T10:04:01+00:00
2026-06-11 03:00:00+00:00,FR,solar,11.0,91,0.0,2.53,0.3090169943749474,0.9510565162951535,8.8,97,0.0,4.23,-0.9743700647852351,-0.22495105434386525,8.3,97,0.0,7.4,-0.9659258262890683,-0.25881904510252063,9.9,92,0.0,3.11,-0.4694715627858908,0.882947592858927,8.5,open-meteo,2026-08-08T10:04:01+00:00
2026-06-11 04:00:00+00:00,FR,solar,11.5,88,0.0,1.26,0.9510565162951535,0.30901699437494745,8.3,97,3.0,3.66,-0.9902680687415703,-0.13917310096006583,7.9,97,1.0,7.9,-0.984807753012208,-0.17364817766693033,9.5,94,0.0,2.11,-0.37460659341591235,0.9271838545667873,8.7,open-meteo,2026-08-08T10:04:01+00:00
2026-06-11 05:00:00+00:00,FR,solar,12.3,84,11.4,1.7,1.0,6.123233995736766e-17,8.5,96,62.0,3.86,-0.8910065241883678,-0.45399049973954697,9.8,95,62.0,5.9,-0.9876883405951377,-0.15643446504023104,9.1,97,15.0,1.12,-0.6156614753256582,0.7880107536067221,8.075,open-meteo,2026-08-08T10:04:01+00:00
2026-06-11 06:00:00+00:00,FR,solar,11.9,85,80.2,2.34,0.3420201433256689,-0.9396926207859083,10.2,92,139.0,3.5,-0.9510565162951535,-0.30901699437494756,10.2,90,194.0,5.6,-0.9702957262759965,-0.24192189559966779,10.2,96,118.0,1.1,-0.9848077530122081,0.17364817766692997,7.375,open-meteo,2026-08-08T10:04:01+00:00
2026-06-11 07:00:00+00:00,FR,solar,13.7,79,229.7,3.2,0.24192189559966773,-0.9702957262759965,12.1,80,296.0,4.63,-0.9945218953682734,-0.10452846326765336,10.5,91,298.0,4.5,-0.9335804264972015,-0.3583679495453007,13.0,84,274.0,1.21,-0.9702957262759965,-0.24192189559966779,5.675000000000001,open-meteo,2026-08-08T10:04:01+00:00
2026-06-11 08:00:00+00:00,FR,solar,17.0,65,429.0,2.28,-0.2588190451025208,-0.9659258262890683,13.2,73,427.0,5.31,-0.9961946980917455,0.08715574274765789,13.8,81,452.0,3.6,-0.981627183447664,-0.1908089953765446,15.2,73,436.0,1.27,-0.9205048534524403,-0.3907311284892738,3.1999999999999993,open-meteo,2026-08-08T10:04:01+00:00
2026-06-11 09:00:00+00:00,FR,solar,18.8,57,542.4,0.6,-1.0,-1.8369701987210297e-16,14.2,63,516.0,5.32,-0.9945218953682734,0.10452846326765299,14.3,76,555.0,3.4,-0.9993908270190958,-0.03489949670250076,17.2,59,598.0,0.9,-0.9743700647852352,0.22495105434386492,1.875,open-meteo,2026-08-08T10:04:01+00:00
2026-06-11 10:00:00+00:00,FR,solar,19.6,52,609.4,0.9,-1.0,-1.8369701987210297e-16,15.3,62,540.0,5.49,-1.0,-1.8369701987210297e-16,15.2,69,500.0,4.2,-0.9702957262759965,-0.24192189559966779,18.3,57,701.0,1.46,-0.9396926207859083,0.342020143325669,0.8999999999999986,open-meteo,2026-08-08T10:04:01+00:00
2026-06-11 11:00:00+00:00,FR,solar,20.0,49,684.4,2.65,-0.981627183447664,-0.1908089953765446,16.2,55,606.0,5.2,-0.9986295347545738,0.052335956242943946,16.5,56,611.0,5.8,-0.9659258262890683,-0.25881904510252063,19.3,54,619.0,1.76,-1.0,-1.8369701987210297e-16,0.0,open-meteo,2026-08-08T10:04:01+00:00
2026-06-11 12:00:00+00:00,FR,solar,21.3,46,778.5,2.75,-0.8386705679454243,0.5446390350150266,16.4,53,464.0,5.46,-0.9876883405951377,-0.15643446504023104,16.4,55,524.0,5.9,-0.9986295347545738,0.052335956242943946,20.5,50,722.0,0.75,-0.9205048534524403,-0.3907311284892738,0.6499999999999986,open-meteo,2026-08-08T10:04:01+00:00
2026-06-11 13:00:00+00:00,FR,solar,21.8,45,557.1,4.0,-0.9998476951563913,0.01745240643728313,17.4,45,503.0,5.59,-0.9993908270190958,-0.03489949670250076,16.2,60,436.0,5.5,-0.9945218953682734,-0.10452846326765336,21.9,45,788.0,1.86,-1.0,-1.8369701987210297e-16,1.3250000000000028,open-meteo,2026-08-08T10:04:01+00:00
2026-06-11 14:00:00+00:00,FR,solar,22.6,43,721.5,3.81,-0.9205048534524405,0.3907311284892735,17.2,47,360.0,6.02,-0.961261695938319,-0.2756373558169989,16.4,57,487.0,5.3,-0.9205048534524403,-0.3907311284892738,23.0,43,843.0,2.5,-0.8571673007021123,0.5150380749100542,1.7999999999999972,open-meteo,2026-08-08T10:04:01+00:00
2026-06-11 15:00:00+00:00,FR,solar,23.3,42,766.0,4.11,-0.9510565162951536,0.30901699437494723,17.3,45,359.0,4.38,-0.9848077530122081,0.17364817766692997,15.9,62,202.0,6.4,-0.9876883405951377,-0.15643446504023104,23.2,42,751.0,2.86,-0.8571673007021123,0.5150380749100542,1.9250000000000007,open-meteo,2026-08-08T10:04:01+00:00
2026-06-11 16:00:00+00:00,FR,solar,23.0,43,645.8,5.06,-0.7880107536067218,0.6156614753256585,17.3,47,232.0,5.86,-0.9335804264972015,-0.3583679495453007,15.3,67,42.0,4.5,-0.9993908270190958,-0.03489949670250076,23.3,42,638.0,2.88,-0.8191520442889918,0.573576436351046,1.7249999999999979,open-meteo,2026-08-08T10:04:01+00:00
2026-06-11 17:00:00+00:00,FR,solar,22.0,46,484.0,5.39,-0.7660444431189781,0.6427876096865393,16.5,50,150.0,6.44,-0.9876883405951377,-0.15643446504023104,14.1,81,20.0,3.9,-0.9563047559630353,-0.2923717047227371,23.0,42,475.0,2.77,-0.7071067811865477,0.7071067811865474,0.8999999999999986,open-meteo,2026-08-08T10:04:01+00:00
2026-06-11 18:00:00+00:00,FR,solar,20.7,49,307.7,6.09,-0.7431448254773946,0.6691306063588578,16.2,52,70.0,5.04,-0.9743700647852351,-0.22495105434386525,13.2,88,9.0,5.8,-0.9396926207859084,-0.34202014332566855,22.5,42,295.0,2.59,-0.6018150231520483,0.7986355100472928,0.14999999999999858,open-meteo,2026-08-08T10:04:01+00:00
2026-06-11 19:00:00+00:00,FR,solar,18.9,55,139.1,5.56,-0.6156614753256582,0.7880107536067221,15.6,58,27.0,5.59,-0.9659258262890683,-0.25881904510252063,12.8,94,4.0,6.7,-0.8090169943749473,-0.5877852522924732,21.5,47,128.0,2.98,-0.3907311284892739,0.9205048534524403,0.8000000000000007,open-meteo,2026-08-08T10:04:01+00:00
2026-06-11 20:00:00+00:00,FR,solar,17.1,61,20.8,4.44,-0.5877852522924734,0.8090169943749473,15.1,56,1.0,5.92,-0.7771459614569706,-0.6293203910498378,12.9,86,1.0,8.4,-0.7071067811865475,-0.7071067811865477,18.9,58,14.0,4.24,-0.12186934340514723,0.9925461516413221,2.0,open-meteo,2026-08-08T10:04:01+00:00
2026-06-11 21:00:00+00:00,FR,solar,15.8,68,0.0,3.61,-0.6691306063588581,0.7431448254773944,14.5,59,0.0,7.41,-0.874619707139396,-0.48480962024633684,12.9,86,0.0,9.0,-0.6819983600624984,-0.7313537016191706,17.1,65,0.0,5.0,0.03489949670250097,0.9993908270190958,2.924999999999999,open-meteo,2026-08-08T10:04:01+00:00
2026-06-11 22:00:00+00:00,FR,solar,14.9,73,0.0,3.97,-0.5591929034707466,0.8290375725550418,14.2,62,0.0,6.81,-0.8660254037844384,-0.5000000000000004,12.9,86,0.0,8.9,-0.7880107536067221,-0.6156614753256581,15.8,73,0.0,5.99,0.1908089953765448,0.981627183447664,3.5500000000000007,open-meteo,2026-08-08T10:04:01+00:00
2026-06-11 23:00:00+00:00,FR,solar,14.0,78,0.0,4.41,-0.22495105434386534,0.9743700647852351,14.2,64,0.0,6.57,-0.8910065241883678,-0.45399049973954697,13.4,78,0.0,9.1,-0.8660254037844384,-0.5000000000000004,14.7,76,0.0,5.16,0.24192189559966773,0.9702957262759965,3.9250000000000007,open-meteo,2026-08-08T10:04:01+00:00
2026-06-12 00:00:00+00:00,FR,solar,13.6,80,0.0,4.81,-0.06975647374412564,0.9975640502598242,14.3,70,0.0,6.93,-0.7313537016191703,-0.6819983600624986,13.5,88,0.0,8.9,-0.9271838545667873,-0.3746065934159123,13.7,81,0.0,4.94,0.24192189559966773,0.9702957262759965,4.225000000000001,open-meteo,2026-08-08T10:04:01+00:00
2026-06-12 01:00:00+00:00,FR,solar,13.1,83,0.0,4.8,-2.4492935982947064e-16,1.0,14.5,70,0.0,7.53,-0.7771459614569706,-0.6293203910498378,13.4,87,0.0,9.6,-0.874619707139396,-0.48480962024633684,13.0,84,0.0,4.4,0.35836794954530027,0.9335804264972017,4.5,open-meteo,2026-08-08T10:04:01+00:00
2026-06-12 02:00:00+00:00,FR,solar,11.8,89,0.0,3.75,0.15643446504023087,0.9876883405951378,14.8,71,0.0,8.29,-0.8386705679454242,-0.544639035015027,14.7,86,0.0,8.9,-0.913545457642601,-0.4067366430758001,12.1,86,0.0,3.26,0.35836794954530027,0.9335804264972017,4.65,open-meteo,2026-08-08T10:04:01+00:00
2026-06-12 03:00:00+00:00,FR,solar,11.2,90,0.0,4.92,-0.08715574274765832,0.9961946980917455,14.8,77,0.0,9.36,-0.9510565162951535,-0.30901699437494756,14.4,89,0.0,8.4,-0.9702957262759965,-0.24192189559966779,11.3,88,0.0,3.17,0.374606593415912,0.9271838545667874,5.074999999999999,open-meteo,2026-08-08T10:04:01+00:00
2026-06-12 04:00:00+00:00,FR,solar,10.4,93,0.0,4.53,0.10452846326765347,0.9945218953682733,14.8,78,0.0,9.45,-0.9455185755993168,-0.32556815445715664,14.5,93,0.0,8.9,-0.9743700647852351,-0.22495105434386525,11.1,88,0.0,2.53,0.5877852522924731,0.8090169943749475,5.299999999999999,open-meteo,2026-08-08T10:04:01+00:00
2026-06-12 05:00:00+00:00,FR,solar,10.3,92,13.9,1.98,0.7071067811865475,0.7071067811865476,15.0,79,8.0,8.9,-0.9563047559630353,-0.2923717047227371,15.1,90,2.0,8.9,-0.9743700647852351,-0.22495105434386525,11.2,88,15.0,1.82,0.8090169943749475,0.5877852522924731,5.100000000000001,open-meteo,2026-08-08T10:04:01+00:00
2026-06-12 06:00:00+00:00,FR,solar,13.0,87,123.5,0.85,0.9335804264972017,0.3583679495453004,15.1,79,16.0,9.8,-0.9781476007338056,-0.2079116908177598,14.8,95,9.0,8.3,-0.9659258262890683,-0.25881904510252063,12.7,87,128.0,1.58,0.8660254037844386,0.5000000000000001,4.099999999999998,open-meteo,2026-08-08T10:04:01+00:00
2026-06-12 07:00:00+00:00,FR,solar,16.4,77,289.5,0.78,0.766044443118978,-0.6427876096865394,15.7,80,89.0,9.09,-0.981627183447664,-0.1908089953765446,15.0,94,12.0,9.0,-0.9659258262890683,-0.25881904510252063,15.4,74,298.0,0.75,0.9205048534524404,0.3907311284892737,2.3750000000000018,open-meteo,2026-08-08T10:04:01+00:00
2026-06-12 08:00:00+00:00,FR,solar,18.5,66,467.0,0.85,0.9335804264972017,-0.35836794954530027,16.5,78,157.0,9.27,-0.9743700647852351,-0.22495105434386525,15.6,90,18.0,8.4,-0.9702957262759965,-0.24192189559966779,17.6,64,481.0,0.81,0.9702957262759965,0.24192189559966767,0.9499999999999993,open-meteo,2026-08-08T10:04:01+00:00
2026-06-12 09:00:00+00:00,FR,solar,20.7,51,636.6,1.21,0.9135454576426009,0.4067366430758002,17.0,80,172.0,9.3,-0.9781476007338056,-0.2079116908177598,16.0,90,48.0,8.5,-0.9925461516413221,-0.12186934340514717,20.1,57,652.0,0.57,0.8571673007021123,0.5150380749100542,0.45000000000000284,open-meteo,2026-08-08T10:04:01+00:00
2026-06-12 10:00:00+00:00,FR,solar,22.6,44,767.0,1.46,0.27563735581699916,0.9612616959383189,16.4,83,60.0,9.29,-0.9702957262759965,-0.24192189559966779,16.1,91,209.0,8.2,-0.9902680687415703,-0.13917310096006583,22.1,51,791.0,0.62,-0.3090169943749477,0.9510565162951535,1.3000000000000007,open-meteo,2026-08-08T10:04:01+00:00
2026-06-12 11:00:00+00:00,FR,solar,24.3,39,851.1,1.14,0.25881904510252074,0.9659258262890683,16.8,82,100.0,9.36,-0.9510565162951535,-0.30901699437494756,18.6,74,220.0,9.3,-0.9925461516413221,-0.12186934340514717,24.0,46,891.0,0.62,-0.3090169943749477,0.9510565162951535,2.9250000000000007,open-meteo,2026-08-08T10:04:01+00:00
2026-06-12 12:00:00+00:00,FR,solar,25.9,36,896.0,1.77,-0.27563735581699894,0.9612616959383189,17.5,77,131.0,10.5,-0.9702957262759965,-0.24192189559966779,18.2,78,296.0,8.5,-0.9993908270190958,0.03489949670250128,25.7,41,944.0,1.11,0.7071067811865475,0.7071067811865476,3.8249999999999993,open-meteo,2026-08-08T10:04:01+00:00
2026-06-12 13:00:00+00:00,FR,solar,26.9,37,897.6,2.15,-0.37460659341591235,0.9271838545667873,17.9,74,177.0,9.9,-0.8987940462991668,-0.43837114678907774,18.1,81,328.0,7.5,-1.0,-1.8369701987210297e-16,27.0,38,942.0,1.96,0.7986355100472928,0.6018150231520483,4.475000000000001,open-meteo,2026-08-08T10:04:01+00:00
2026-06-12 14:00:00+00:00,FR,solar,27.8,35,856.9,2.81,0.0697564737441253,0.9975640502598242,17.9,75,110.0,9.86,-0.961261695938319,-0.2756373558169989,19.3,72,206.0,7.1,-0.9925461516413221,-0.12186934340514717,27.8,35,890.0,1.9,0.8191520442889918,0.573576436351046,5.199999999999999,open-meteo,2026-08-08T10:04:01+00:00
2026-06-12 15:00:00+00:00,FR,solar,28.7,34,775.8,3.0,0.6018150231520483,0.7986355100472928,18.2,74,125.0,9.2,-0.9455185755993168,-0.32556815445715664,20.1,72,171.0,6.9,-1.0,-1.8369701987210297e-16,28.0,38,789.0,2.73,0.9659258262890683,0.25881904510252074,5.75,open-meteo,2026-08-08T10:04:01+00:00
2026-06-12 16:00:00+00:00,FR,solar,28.6,34,658.2,4.92,0.48480962024633706,0.8746197071393957,19.4,69,194.0,9.7,-0.9781476007338056,-0.2079116908177598,19.8,75,223.0,7.6,-0.9998476951563913,0.01745240643728313,27.6,36,649.0,3.05,0.9945218953682733,0.10452846326765346,5.850000000000001,open-meteo,2026-08-08T10:04:01+00:00
2026-06-12 17:00:00+00:00,FR,solar,27.8,36,493.1,4.65,0.4694715627858908,0.882947592858927,19.3,70,142.0,8.83,-0.9455185755993168,-0.32556815445715664,20.7,69,149.0,7.2,-0.9902680687415703,-0.13917310096006583,27.6,38,482.0,3.43,1.0,6.123233995736766e-17,5.850000000000001,open-meteo,2026-08-08T10:04:01+00:00
2026-06-12 18:00:00+00:00,FR,solar,27.3,37,313.9,3.54,0.13917310096006544,0.9902680687415704,19.3,72,120.0,8.68,-0.8910065241883678,-0.45399049973954697,20.7,71,58.0,6.7,-0.9993908270190958,-0.03489949670250076,26.9,35,301.0,4.37,0.8290375725550417,0.5591929034707468,5.549999999999997,open-meteo,2026-08-08T10:04:01+00:00
2026-06-12 19:00:00+00:00,FR,solar,25.4,43,142.6,5.95,0.29237170472273677,0.9563047559630354,18.8,74,47.0,8.08,-0.8571673007021121,-0.5150380749100544,19.5,80,26.0,6.1,-0.9961946980917455,-0.08715574274765825,25.3,39,130.0,4.57,0.8571673007021123,0.5150380749100542,4.25,open-meteo,2026-08-08T10:04:01+00:00
2026-06-12 20:00:00+00:00,FR,solar,23.3,52,21.6,5.26,0.35836794954530027,0.9335804264972017,18.0,77,6.0,7.7,-0.8571673007021121,-0.5150380749100544,20.3,74,5.0,6.2,-0.9975640502598242,-0.06975647374412558,22.2,49,15.0,4.76,0.7986355100472928,0.6018150231520483,2.9499999999999993,open-meteo,2026-08-08T10:04:01+00:00
2026-06-12 21:00:00+00:00,FR,solar,21.9,60,0.0,5.87,0.24192189559966773,0.9702957262759965,17.6,81,0.0,8.03,-0.7880107536067221,-0.6156614753256581,19.2,78,0.0,6.4,-0.992546151641322,0.12186934340514768,20.6,54,0.0,5.55,0.7431448254773942,0.6691306063588582,1.8250000000000028,open-meteo,2026-08-08T10:04:01+00:00
2026-06-12 22:00:00+00:00,FR,solar,20.3,65,0.0,4.63,0.10452846326765347,0.9945218953682733,16.7,84,0.0,8.66,-0.7880107536067221,-0.6156614753256581,18.4,81,0.0,7.4,-0.9961946980917455,-0.08715574274765825,19.3,59,0.0,5.0,0.7431448254773942,0.6691306063588582,0.6750000000000007,open-meteo,2026-08-08T10:04:01+00:00
2026-06-12 23:00:00+00:00,FR,solar,19.2,72,0.0,5.25,0.3090169943749474,0.9510565162951535,16.2,85,0.0,9.47,-0.7771459614569706,-0.6293203910498378,17.9,82,0.0,7.4,-0.9998476951563913,-0.017452406437283498,18.5,63,0.0,4.92,0.7193398003386511,0.6946583704589973,0.05000000000000071,open-meteo,2026-08-08T10:04:01+00:00
2026-06-13 00:00:00+00:00,FR,solar,18.1,77,0.0,5.74,0.39073112848927377,0.9205048534524404,16.5,87,0.0,9.05,-0.8090169943749473,-0.5877852522924732,17.3,86,0.0,7.0,-0.9876883405951378,0.15643446504023067,17.3,71,0.0,5.54,0.6946583704589973,0.7193398003386512,0.6999999999999993,open-meteo,2026-08-08T10:04:01+00:00
2026-06-13 01:00:00+00:00,FR,solar,17.1,85,0.0,6.48,0.4539904997395468,0.8910065241883679,16.3,89,0.0,8.95,-0.874619707139396,-0.48480962024633684,17.3,83,0.0,7.3,-0.9702957262759966,0.24192189559966745,16.6,75,0.0,5.42,0.754709580222772,0.6560590289905073,1.1749999999999972,open-meteo,2026-08-08T10:04:01+00:00
2026-06-13 02:00:00+00:00,FR,solar,16.6,86,0.0,5.73,0.7193398003386511,0.6946583704589973,16.2,90,0.0,9.03,-0.9659258262890683,-0.25881904510252063,16.3,85,0.0,6.8,-0.9743700647852352,0.22495105434386492,16.3,77,0.0,5.53,0.7986355100472928,0.6018150231520483,1.6500000000000021,open-meteo,2026-08-08T10:04:01+00:00
2026-06-13 03:00:00+00:00,FR,solar,16.0,87,0.0,5.95,0.7431448254773942,0.6691306063588582,16.0,91,0.0,8.13,-0.9743700647852351,-0.22495105434386525,15.9,81,0.0,6.0,-0.9781476007338056,0.20791169081775945,16.3,76,0.0,6.34,0.848048096156426,0.5299192642332049,1.9499999999999993,open-meteo,2026-08-08T10:04:01+00:00
2026-06-13 04:00:00+00:00,FR,solar,15.8,88,0.0,7.89,0.7771459614569709,0.6293203910498374,15.6,93,2.0,7.88,-0.9945218953682734,-0.10452846326765336,15.1,84,1.0,5.8,-0.9876883405951378,0.15643446504023067,15.6,78,0.0,6.23,0.9135454576426009,0.4067366430758002,2.4749999999999996,open-meteo,2026-08-08T10:04:01+00:00
2026-06-13 05:00:00+00:00,FR,solar,15.9,89,13.9,7.94,0.8090169943749475,0.5877852522924731,16.1,92,26.0,6.04,-0.9743700647852351,-0.22495105434386525,15.6,78,49.0,6.0,-0.9781476007338056,0.20791169081775945,15.5,79,16.0,5.95,0.9396926207859083,0.3420201433256688,2.2249999999999996,open-meteo,2026-08-08T10:04:01+00:00
2026-06-13 06:00:00+00:00,FR,solar,17.6,82,125.0,6.91,0.984807753012208,0.17364817766693041,16.9,80,107.0,7.55,-0.9986295347545738,0.052335956242943946,15.7,78,147.0,5.9,-0.9816271834476639,0.1908089953765451,17.2,75,131.0,5.5,0.981627183447664,0.19080899537654492,1.1499999999999986,open-meteo,2026-08-08T10:04:01+00:00
2026-06-13 07:00:00+00:00,FR,solar,21.0,66,294.0,6.21,0.9986295347545738,0.052335956242943966,17.6,74,296.0,7.17,-0.9975640502598242,-0.06975647374412558,16.3,76,241.0,4.5,-0.992546151641322,0.12186934340514768,20.5,63,302.0,5.93,0.9902680687415704,0.13917310096006547,0.8500000000000014,open-meteo,2026-08-08T10:04:01+00:00
2026-06-13 08:00:00+00:00,FR,solar,24.1,55,474.5,6.21,0.9975640502598242,-0.06975647374412533,18.6,69,486.0,6.49,-0.981627183447664,-0.1908089953765446,18.0,65,506.0,4.5,-0.9975640502598243,0.06975647374412522,22.9,56,487.0,4.42,0.9743700647852352,0.22495105434386492,2.8999999999999986,open-meteo,2026-08-08T10:04:01+00:00
2026-06-13 09:00:00+00:00,FR,solar,26.7,46,643.5,6.26,0.9902680687415704,-0.13917310096006535,20.6,60,636.0,6.38,-0.9510565162951535,-0.30901699437494756,18.8,59,664.0,5.1,-0.9945218953682734,0.10452846326765299,24.9,51,657.0,5.12,0.9961946980917455,0.08715574274765814,4.75,open-meteo,2026-08-08T10:04:01+00:00
2026-06-13 10:00:00+00:00,FR,solar,28.9,39,767.0,6.15,0.9925461516413221,-0.12186934340514737,22.4,52,765.0,6.96,-0.9702957262759965,-0.24192189559966779,19.6,62,783.0,5.9,-0.9998476951563913,0.01745240643728313,27.1,44,804.0,5.01,0.9975640502598242,0.06975647374412523,6.5,open-meteo,2026-08-08T10:04:01+00:00
2026-06-13 11:00:00+00:00,FR,solar,30.8,29,851.1,6.3,0.9993908270190958,0.03489949670250108,24.0,42,860.0,7.23,-0.9876883405951377,-0.15643446504023104,21.8,49,867.0,7.0,-0.9975640502598243,0.06975647374412522,29.2,34,909.0,4.77,0.9876883405951378,0.15643446504023092,8.45,open-meteo,2026-08-08T10:04:01+00:00
2026-06-13 12:00:00+00:00,FR,solar,32.1,24,896.0,6.83,0.9961946980917455,0.08715574274765814,25.2,40,894.0,7.3,-0.9925461516413221,-0.12186934340514717,22.4,46,902.0,7.0,-0.992546151641322,0.12186934340514768,30.8,26,965.0,5.4,0.9781476007338056,0.20791169081775945,9.624999999999996,open-meteo,2026-08-08T10:04:01+00:00
2026-06-13 13:00:00+00:00,FR,solar,32.8,24,897.8,6.91,0.9986295347545738,-0.05233595624294384,26.2,38,874.0,8.27,-0.9961946980917455,-0.08715574274765825,22.5,49,889.0,6.2,-0.9902680687415704,0.13917310096006547,32.0,24,960.0,5.99,0.9659258262890683,0.25881904510252074,10.375,open-meteo,2026-08-08T10:04:01+00:00
2026-06-13 14:00:00+00:00,FR,solar,33.6,19,857.3,6.7,0.9998476951563913,-0.017452406437283477,26.6,38,813.0,9.01,-0.9902680687415704,0.13917310096006547,24.4,37,825.0,6.9,-0.9743700647852352,0.22495105434386492,32.6,25,901.0,5.18,0.9659258262890683,0.25881904510252074,11.299999999999997,open-meteo,2026-08-08T10:04:01+00:00
2026-06-13 15:00:00+00:00,FR,solar,34.2,17,776.6,6.72,0.9975640502598242,-0.06975647374412533,26.7,37,705.0,8.99,-0.9816271834476639,0.1908089953765451,24.5,40,728.0,5.8,-0.9205048534524405,0.3907311284892735,32.5,23,797.0,5.64,0.9396926207859083,0.3420201433256688,11.475000000000001,open-meteo,2026-08-08T10:04:01+00:00
2026-06-13 16:00:00+00:00,FR,solar,34.2,16,647.4,5.26,0.9876883405951378,-0.1564344650402308,26.3,40,561.0,9.03,-0.9743700647852352,0.22495105434386492,23.6,41,589.0,5.8,-0.945518575599317,0.3255681544571563,32.2,26,638.0,6.3,0.6946583704589973,0.7193398003386512,11.075,open-meteo,2026-08-08T10:04:01+00:00
2026-06-13 17:00:00+00:00,FR,solar,33.7,16,446.0,5.12,0.9975640502598242,-0.06975647374412533,25.5,40,399.0,8.72,-0.9998476951563913,-0.017452406437283498,24.0,35,437.0,6.7,-0.9335804264972017,0.3583679495453004,31.8,21,469.0,6.31,0.8090169943749475,0.5877852522924731,10.75,open-meteo,2026-08-08T10:04:01+00:00
2026-06-13 18:00:00+00:00,FR,solar,33.0,18,300.0,5.5,0.9998476951563913,-0.017452406437283477,25.0,42,238.0,7.65,-0.9986295347545738,0.052335956242943946,22.7,42,276.0,6.6,-0.8571673007021123,0.5150380749100542,30.9,24,288.0,6.08,0.6156614753256583,0.7880107536067219,9.899999999999999,open-meteo,2026-08-08T10:04:01+00:00
2026-06-13 19:00:00+00:00,FR,solar,31.7,20,141.8,3.5,1.0,6.123233995736766e-17,23.2,48,91.0,7.84,-0.9998476951563913,-0.017452406437283498,20.1,53,127.0,6.2,-0.7986355100472932,0.6018150231520479,29.1,26,120.0,5.41,0.6691306063588582,0.7431448254773942,8.024999999999999,open-meteo,2026-08-08T10:04:01+00:00
2026-06-13 20:00:00+00:00,FR,solar,29.6,23,22.2,5.46,0.8191520442889918,0.573576436351046,20.8,56,9.0,7.62,-0.9902680687415704,0.13917310096006547,18.8,52,22.0,5.8,-0.5591929034707466,0.8290375725550418,25.3,38,14.0,4.92,0.7193398003386511,0.6946583704589973,5.625,open-meteo,2026-08-08T10:04:01+00:00
2026-06-13 21:00:00+00:00,FR,solar,28.6,23,0.0,7.16,0.838670567945424,0.5446390350150271,19.7,62,0.0,7.62,-0.9510565162951536,0.30901699437494723,16.5,61,0.0,6.8,-0.6819983600624984,0.7313537016191707,23.4,42,0.0,5.0,0.6691306063588582,0.7431448254773942,4.049999999999997,open-meteo,2026-08-08T10:04:01+00:00
2026-06-13 22:00:00+00:00,FR,solar,27.0,28,0.0,7.14,0.7986355100472928,0.6018150231520483,18.0,64,0.0,7.57,-0.6560590289905074,0.7547095802227719,14.8,72,0.0,6.6,-0.6819983600624984,0.7313537016191707,22.5,44,0.0,4.13,0.8571673007021123,0.5150380749100542,2.5749999999999993,open-meteo,2026-08-08T10:04:01+00:00
2026-06-13 23:00:00+00:00,FR,solar,26.6,29,0.0,6.13,0.8290375725550417,0.5591929034707468,16.1,66,0.0,7.98,-0.7986355100472932,0.6018150231520479,14.1,77,0.0,6.3,-0.6691306063588581,0.7431448254773944,21.5,48,0.0,5.58,0.8571673007021123,0.5150380749100542,1.5750000000000028,open-meteo,2026-08-08T10:04:01+00:00
2026-06-14 00:00:00+00:00,FR,solar,25.7,32,0.0,7.79,0.838670567945424,0.5446390350150271,14.9,64,0.0,5.85,-0.7660444431189781,0.6427876096865393,12.8,86,0.0,6.4,-0.7986355100472932,0.6018150231520479,22.4,47,0.0,7.72,0.8746197071393957,0.4848096202463371,0.9500000000000028,open-meteo,2026-08-08T10:04:01+00:00
2026-06-14 01:00:00+00:00,FR,solar,24.0,37,0.0,6.43,0.9659258262890683,0.25881904510252074,13.0,72,0.0,4.61,-0.8746197071393956,0.4848096202463373,11.6,90,0.0,5.9,-0.8829475928589271,0.4694715627858904,21.7,50,0.0,7.94,0.8746197071393957,0.4848096202463371,0.4250000000000007,open-meteo,2026-08-08T10:04:01+00:00
2026-06-14 02:00:00+00:00,FR,solar,23.0,40,0.0,6.36,0.8660254037844386,0.5000000000000001,12.1,75,0.0,3.75,-0.8386705679454243,0.5446390350150266,11.5,93,0.0,6.3,-0.9702957262759966,0.24192189559966745,20.9,53,0.0,7.67,0.8910065241883679,0.45399049973954686,1.125,open-meteo,2026-08-08T10:04:01+00:00
2026-06-14 03:00:00+00:00,FR,solar,22.6,41,0.0,7.21,0.9563047559630354,0.29237170472273677,10.8,82,0.0,2.69,-0.8386705679454243,0.5446390350150266,10.6,95,0.0,7.0,-0.9135454576426011,0.40673664307579976,19.9,55,0.0,7.55,0.9205048534524404,0.3907311284892737,2.0249999999999986,open-meteo,2026-08-08T10:04:01+00:00
2026-06-14 04:00:00+00:00,FR,solar,21.9,42,0.0,6.95,0.9205048534524404,0.3907311284892737,10.0,84,3.0,2.52,-0.9743700647852352,0.22495105434386492,10.2,95,2.0,6.3,-0.6946583704589976,0.7193398003386509,19.3,54,0.0,7.96,0.9455185755993167,0.32556815445715676,2.650000000000002,open-meteo,2026-08-08T10:04:01+00:00
2026-06-14 05:00:00+00:00,FR,solar,20.6,48,13.9,7.88,0.9396926207859083,0.3420201433256688,10.4,84,65.0,2.71,-0.9743700647852351,-0.22495105434386525,11.4,91,66.0,5.1,-0.5735764363510465,0.8191520442889916,19.2,54,16.0,8.02,0.9510565162951535,0.30901699437494745,2.6000000000000014,open-meteo,2026-08-08T10:04:01+00:00
2026-06-14 06:00:00+00:00,FR,solar,22.5,42,125.0,7.71,0.9205048534524404,0.3907311284892737,12.8,77,195.0,2.63,-0.8910065241883678,-0.45399049973954697,13.0,81,196.0,3.8,-0.29237170472273716,0.9563047559630353,20.8,50,129.0,8.0,0.9563047559630354,0.29237170472273677,0.7250000000000014,open-meteo,2026-08-08T10:04:01+00:00
2026-06-14 07:00:00+00:00,FR,solar,25.2,36,293.2,8.3,0.9659258262890683,0.25881904510252074,15.3,69,357.0,2.08,-0.9455185755993168,-0.32556815445715664,14.7,70,352.0,3.8,-0.45399049973954697,0.8910065241883678,22.3,49,301.0,7.73,0.9659258262890683,0.25881904510252074,1.375,open-meteo,2026-08-08T10:04:01+00:00
2026-06-14 08:00:00+00:00,FR,solar,27.2,32,472.8,8.75,0.981627183447664,0.19080899537654492,17.5,61,521.0,4.25,-0.9659258262890684,0.2588190451025203,16.7,57,514.0,4.0,-0.4848096202463369,0.8746197071393959,24.4,44,483.0,6.01,0.9455185755993167,0.32556815445715676,3.450000000000003,open-meteo,2026-08-08T10:04:01+00:00
2026-06-14 09:00:00+00:00,FR,solar,28.7,29,643.5,8.75,0.9945218953682733,0.10452846326765346,19.1,60,665.0,4.28,-0.9612616959383188,0.2756373558169994,17.7,54,667.0,3.5,-0.544639035015027,0.838670567945424,26.9,39,654.0,5.36,0.9510565162951535,0.30901699437494745,5.100000000000001,open-meteo,2026-08-08T10:04:01+00:00
2026-06-14 10:00:00+00:00,FR,solar,30.5,26,766.6,9.0,0.9998476951563913,-0.017452406437283477,20.2,52,726.0,5.64,-0.9563047559630354,0.2923717047227367,18.0,50,781.0,3.8,-0.6156614753256582,0.7880107536067221,29.1,35,794.0,5.61,0.9455185755993167,0.32556815445715676,6.450000000000003,open-meteo,2026-08-08T10:04:01+00:00
2026-06-14 11:00:00+00:00,FR,solar,32.2,19,851.1,10.23,0.9876883405951378,-0.1564344650402308,21.0,48,786.0,5.97,-0.9205048534524405,0.3907311284892735,19.9,39,864.0,4.1,-0.6427876096865396,0.7660444431189778,31.0,32,896.0,5.99,0.9659258262890683,0.25881904510252074,8.024999999999999,open-meteo,2026-08-08T10:04:01+00:00
2026-06-14 12:00:00+00:00,FR,solar,33.4,14,896.0,9.11,0.9986295347545738,-0.05233595624294384,21.5,45,826.0,6.15,-0.9271838545667874,0.37460659341591196,20.2,39,896.0,3.8,-0.6560590289905074,0.7547095802227719,32.0,27,951.0,6.19,0.9961946980917455,0.08715574274765814,8.774999999999999,open-meteo,2026-08-08T10:04:01+00:00
2026-06-14 13:00:00+00:00,FR,solar,34.1,13,898.3,8.6,0.9998476951563913,0.0174524064372836,22.3,42,808.0,5.71,-0.9271838545667874,0.37460659341591196,20.5,39,783.0,3.3,-0.5877852522924734,0.8090169943749473,32.8,25,931.0,5.59,0.9993908270190958,-0.034899496702500955,9.425,open-meteo,2026-08-08T10:04:01+00:00
2026-06-14 14:00:00+00:00,FR,solar,34.3,13,857.6,7.1,1.0,6.123233995736766e-17,22.3,41,797.0,6.02,-0.7986355100472932,0.6018150231520479,21.9,31,782.0,4.0,-0.5591929034707466,0.8290375725550418,33.3,22,899.0,5.53,0.9925461516413221,-0.12186934340514737,9.95,open-meteo,2026-08-08T10:04:01+00:00
2026-06-14 15:00:00+00:00,FR,solar,34.8,13,776.8,7.2,0.9998476951563913,-0.017452406437283477,22.1,44,697.0,5.89,-0.6946583704589976,0.7193398003386509,21.5,37,567.0,3.9,-0.4848096202463369,0.8746197071393959,32.8,17,805.0,5.79,0.9975640502598242,-0.06975647374412533,9.8,open-meteo,2026-08-08T10:04:01+00:00
2026-06-14 16:00:00+00:00,FR,solar,34.7,14,661.3,6.21,0.9986295347545738,0.052335956242943966,21.8,46,547.0,6.03,-0.7313537016191703,0.6819983600624987,20.9,39,575.0,4.2,-0.7431448254773946,0.6691306063588578,32.7,19,668.0,6.29,0.9975640502598242,-0.06975647374412533,9.525000000000002,open-meteo,2026-08-08T10:04:01+00:00
2026-06-14 17:00:00+00:00,FR,solar,34.4,13,495.4,6.2,1.0,6.123233995736766e-17,20.9,43,393.0,7.28,-0.7431448254773946,0.6691306063588578,21.7,35,406.0,4.3,-0.5000000000000004,0.8660254037844384,32.0,19,498.0,5.85,0.9702957262759965,0.24192189559966767,9.25,open-meteo,2026-08-08T10:04:01+00:00
2026-06-14 18:00:00+00:00,FR,solar,33.7,15,317.3,5.87,0.9702957262759965,-0.24192189559966779,19.9,48,223.0,6.41,-0.6293203910498378,0.7771459614569706,20.3,42,259.0,4.2,-0.29237170472273716,0.9563047559630353,30.8,21,315.0,5.79,0.9975640502598242,0.06975647374412523,8.175,open-meteo,2026-08-08T10:04:01+00:00
2026-06-14 19:00:00+00:00,FR,solar,32.2,18,144.1,4.56,0.8987940462991669,-0.4383711467890775,18.4,52,80.0,6.58,-0.7193398003386512,0.6946583704589973,18.4,58,96.0,4.1,0.29237170472273677,0.9563047559630354,28.2,30,135.0,4.5,0.981627183447664,-0.1908089953765448,6.300000000000001,open-meteo,2026-08-08T10:04:01+00:00
2026-06-14 20:00:00+00:00,FR,solar,29.9,23,22.4,3.7,0.9993908270190958,-0.034899496702500955,16.6,58,9.0,6.37,-0.7071067811865477,0.7071067811865474,16.8,60,22.0,5.5,0.39073112848927377,0.9205048534524404,25.1,36,16.0,3.16,0.9612616959383189,0.27563735581699916,4.100000000000001,open-meteo,2026-08-08T10:04:01+00:00
2026-06-14 21:00:00+00:00,FR,solar,28.5,25,0.0,6.0,0.7986355100472928,0.6018150231520483,14.7,68,0.0,4.57,-0.5150380749100545,0.8571673007021121,14.5,66,0.0,6.3,0.4067366430758002,0.9135454576426009,23.5,41,0.0,3.82,0.8746197071393957,0.4848096202463371,2.3000000000000007,open-meteo,2026-08-08T10:04:01+00:00
2026-06-14 22:00:00+00:00,FR,solar,26.1,26,0.0,6.67,0.8660254037844386,0.5000000000000001,13.6,74,0.0,4.87,-0.4226182617406992,0.90630778703665,13.5,76,0.0,5.8,0.4067366430758002,0.9135454576426009,22.5,40,0.0,4.69,0.8987940462991669,0.43837114678907746,0.9250000000000007,open-meteo,2026-08-08T10:04:01+00:00
2026-06-14 23:00:00+00:00,FR,solar,25.2,29,0.0,6.43,0.9335804264972017,0.3583679495453004,12.6,79,0.0,4.06,-0.2588190451025207,0.9659258262890683,13.1,77,0.0,6.1,0.6691306063588582,0.7431448254773942,21.6,41,0.0,5.09,0.9205048534524404,0.3907311284892737,0.125,open-meteo,2026-08-08T10:04:01+00:00
2026-06-15 00:00:00+00:00,FR,solar,25.0,28,0.0,6.77,0.9743700647852352,0.22495105434386492,11.1,86,0.0,2.7,0.3255681544571567,0.9455185755993168,12.0,76,0.0,7.1,0.788010753606722,0.6156614753256583,21.3,42,0.0,5.75,0.8660254037844386,0.5000000000000001,0.6499999999999986,open-meteo,2026-08-08T10:04:01+00:00
2026-06-15 01:00:00+00:00,FR,solar,23.5,33,0.0,5.48,0.9659258262890683,0.25881904510252074,9.2,96,0.0,1.1,0.4539904997395468,0.8910065241883679,12.0,76,0.0,6.3,0.8910065241883679,0.45399049973954686,21.0,43,0.0,6.01,0.9945218953682733,0.10452846326765346,1.5749999999999993,open-meteo,2026-08-08T10:04:01+00:00
2026-06-15 02:00:00+00:00,FR,solar,22.2,36,0.0,5.95,0.8910065241883679,0.45399049973954686,9.0,95,0.0,1.18,0.4067366430758002,0.9135454576426009,11.1,80,0.0,5.7,0.9612616959383189,0.27563735581699916,19.8,49,0.0,4.42,0.9743700647852352,0.22495105434386492,2.4750000000000014,open-meteo,2026-08-08T10:04:01+00:00
2026-06-15 03:00:00+00:00,FR,solar,20.9,40,0.0,5.49,0.984807753012208,0.17364817766693041,7.6,100,0.0,1.46,0.6691306063588582,0.7431448254773942,10.4,82,0.0,4.9,0.9986295347545738,0.052335956242943966,19.3,53,0.0,1.87,0.9945218953682733,0.10452846326765346,3.4499999999999993,open-meteo,2026-08-08T10:04:01+00:00
2026-06-15 04:00:00+00:00,FR,solar,20.2,44,0.0,6.66,0.9902680687415704,-0.13917310096006535,6.4,100,3.0,1.18,0.6691306063588582,0.7431448254773942,10.9,79,2.0,4.8,1.0,6.123233995736766e-17,16.3,66,0.0,0.69,0.13917310096006533,-0.9902680687415704,4.550000000000001,open-meteo,2026-08-08T10:04:01+00:00
2026-06-15 05:00:00+00:00,FR,solar,19.4,49,13.1,5.46,0.9135454576426009,-0.40673664307580026,7.1,100,51.0,0.79,-0.12186934340514723,0.9925461516413221,11.8,74,40.0,4.7,0.8829475928589269,-0.4694715627858909,15.3,68,16.0,1.93,-0.8660254037844384,-0.5000000000000004,4.600000000000001,open-meteo,2026-08-08T10:04:01+00:00
2026-06-15 06:00:00+00:00,FR,solar,20.7,48,122.9,6.59,0.8660254037844387,-0.49999999999999983,10.6,90,181.0,1.08,0.08715574274765817,0.9961946980917455,12.3,72,93.0,4.0,0.9205048534524403,-0.39073112848927377,16.7,77,129.0,2.85,-0.8910065241883678,-0.45399049973954697,2.9250000000000007,open-meteo,2026-08-08T10:04:01+00:00
2026-06-15 07:00:00+00:00,FR,solar,23.5,40,291.7,5.22,0.9396926207859084,-0.3420201433256687,14.0,76,354.0,0.84,-0.8090169943749476,0.5877852522924729,13.7,66,248.0,2.8,0.9702957262759965,-0.24192189559966779,19.8,82,297.0,3.38,-0.9271838545667873,-0.3746065934159123,0.25,open-meteo,2026-08-08T10:04:01+00:00
2026-06-15 08:00:00+00:00,FR,solar,26.3,33,472.0,4.68,0.9612616959383189,-0.27563735581699905,16.4,64,517.0,1.77,0.052335956242943835,0.9986295347545738,13.9,59,223.0,2.6,0.9335804264972017,-0.35836794954530027,22.1,77,477.0,2.14,-0.961261695938319,-0.2756373558169989,1.6750000000000007,open-meteo,2026-08-08T10:04:01+00:00
2026-06-15 09:00:00+00:00,FR,solar,28.6,30,642.0,4.91,0.838670567945424,-0.5446390350150272,17.7,55,652.0,1.0,0.1908089953765448,0.981627183447664,15.9,56,128.0,2.7,0.9986295347545738,-0.05233595624294384,24.9,62,647.0,1.69,-0.984807753012208,-0.17364817766693033,3.7749999999999986,open-meteo,2026-08-08T10:04:01+00:00
2026-06-15 10:00:00+00:00,FR,solar,30.6,25,766.4,4.46,0.7193398003386511,-0.6946583704589974,19.2,49,753.0,1.12,-0.6156614753256582,0.7880107536067221,17.1,52,239.0,3.4,0.8910065241883679,-0.45399049973954675,27.3,49,787.0,1.92,-0.9659258262890683,-0.25881904510252063,5.550000000000001,open-meteo,2026-08-08T10:04:01+00:00
2026-06-15 11:00:00+00:00,FR,solar,32.3,21,850.9,3.55,0.37460659341591224,-0.9271838545667873,20.7,35,852.0,2.1,-0.7986355100472932,0.6018150231520479,17.1,46,350.0,3.4,0.8090169943749475,-0.587785252292473,29.2,42,893.0,1.9,-0.9781476007338056,-0.2079116908177598,6.824999999999999,open-meteo,2026-08-08T10:04:01+00:00
2026-06-15 12:00:00+00:00,FR,solar,33.0,21,896.0,4.07,-0.4226182617406993,-0.90630778703665,21.8,35,883.0,2.04,-0.8191520442889918,0.573576436351046,19.0,48,454.0,2.4,0.9998476951563913,-0.017452406437283477,30.7,36,946.0,1.47,-0.9975640502598242,-0.06975647374412558,8.125,open-meteo,2026-08-08T10:04:01+00:00
2026-06-15 13:00:00+00:00,FR,solar,34.9,12,898.3,1.14,0.6156614753256584,-0.7880107536067219,22.7,34,847.0,2.55,-0.8480480961564262,0.5299192642332047,20.7,45,866.0,1.5,0.8660254037844386,0.5000000000000001,32.1,29,949.0,1.61,-0.6156614753256582,-0.788010753606722,9.600000000000001,open-meteo,2026-08-08T10:04:01+00:00
2026-06-15 14:00:00+00:00,FR,solar,32.7,33,857.8,6.02,-0.981627183447664,-0.1908089953765446,22.7,37,667.0,2.34,-0.544639035015027,0.838670567945424,20.5,43,649.0,4.4,0.9563047559630355,-0.29237170472273666,32.8,26,891.0,3.51,-0.8660254037844384,-0.5000000000000004,9.175,open-meteo,2026-08-08T10:04:01+00:00
2026-06-15 15:00:00+00:00,FR,solar,29.8,43,777.4,7.4,-0.9993908270190958,0.03489949670250128,23.3,37,508.0,0.44,-0.45399049973954697,0.8910065241883678,22.1,44,316.0,2.9,0.8191520442889917,-0.5735764363510462,32.1,29,778.0,2.12,-0.8290375725550418,-0.5591929034707466,8.825000000000003,open-meteo,2026-08-08T10:04:01+00:00
2026-06-15 16:00:00+00:00,FR,solar,29.1,46,652.0,6.9,-0.9993908270190958,0.03489949670250128,24.0,36,496.0,2.67,-0.5877852522924734,0.8090169943749473,21.9,47,509.0,2.0,0.984807753012208,0.17364817766693041,32.3,25,651.0,1.71,-0.8571673007021121,-0.5150380749100544,8.825,open-meteo,2026-08-08T10:04:01+00:00
2026-06-15 17:00:00+00:00,FR,solar,27.8,51,488.6,6.12,-0.9961946980917455,-0.08715574274765825,23.6,36,366.0,1.33,-0.9563047559630354,0.2923717047227367,23.0,41,190.0,3.7,0.4226182617406995,-0.9063077870366499,32.0,23,482.0,1.25,-0.7771459614569706,-0.6293203910498378,8.600000000000001,open-meteo,2026-08-08T10:04:01+00:00
2026-06-15 18:00:00+00:00,FR,solar,25.9,60,313.3,7.14,-0.9945218953682734,-0.10452846326765336,23.2,39,200.0,2.08,-0.9902680687415703,-0.13917310096006583,21.6,50,117.0,4.5,0.8571673007021123,-0.5150380749100543,29.4,43,265.0,6.93,-0.9063077870366498,0.4226182617406996,7.024999999999999,open-meteo,2026-08-08T10:04:01+00:00
2026-06-15 19:00:00+00:00,FR,solar,23.4,69,142.7,6.17,-0.9902680687415703,-0.13917310096006583,21.7,46,84.0,1.89,-0.9335804264972015,-0.3583679495453007,19.2,63,60.0,6.1,0.9271838545667874,-0.37460659341591207,27.1,53,120.0,7.59,-0.9816271834476639,0.1908089953765451,4.850000000000001,open-meteo,2026-08-08T10:04:01+00:00
2026-06-15 20:00:00+00:00,FR,solar,20.5,83,23.3,6.45,-0.9743700647852351,-0.22495105434386525,20.3,49,9.0,1.36,-0.5000000000000001,-0.8660254037844386,19.7,53,15.0,6.0,0.5591929034707469,-0.8290375725550416,23.6,70,15.0,7.78,-0.9945218953682734,0.10452846326765299,3.0249999999999986,open-meteo,2026-08-08T10:04:01+00:00
2026-06-15 21:00:00+00:00,FR,solar,19.3,88,0.0,7.28,-0.961261695938319,-0.2756373558169989,18.1,64,0.0,1.08,-0.08715574274765794,-0.9961946980917455,18.2,56,0.0,6.9,0.5150380749100544,-0.8571673007021122,20.2,84,0.0,8.53,-0.9998476951563913,-0.017452406437283498,0.9500000000000028,open-meteo,2026-08-08T10:04:01+00:00
2026-06-15 22:00:00+00:00,FR,solar,19.1,87,0.0,6.54,-0.9205048534524403,-0.3907311284892738,16.2,69,0.0,2.26,0.3090169943749475,-0.9510565162951535,17.5,60,0.0,7.6,0.2923717047227366,-0.9563047559630355,18.4,90,0.0,7.96,-0.9975640502598242,-0.06975647374412558,0.20000000000000284,open-meteo,2026-08-08T10:04:01+00:00
2026-06-15 23:00:00+00:00,FR,solar,19.0,87,0.0,6.74,-0.9335804264972015,-0.3583679495453007,16.2,70,0.0,2.67,0.13917310096006533,-0.9902680687415704,18.3,55,0.0,8.2,-0.43837114678907746,-0.8987940462991669,17.6,93,0.0,7.54,-0.9876883405951377,-0.15643446504023104,0.22500000000000142,open-meteo,2026-08-08T10:04:01+00:00
2026-06-16 00:00:00+00:00,FR,solar,19.2,86,0.0,5.99,-0.882947592858927,-0.46947156278589075,14.8,76,0.0,4.21,0.01745240643728344,-0.9998476951563913,18.4,53,0.0,8.7,-0.6691306063588582,-0.7431448254773942,17.1,94,0.0,7.46,-0.984807753012208,-0.17364817766693033,0.625,open-meteo,2026-08-08T10:04:01+00:00
2026-06-16 01:00:00+00:00,FR,solar,19.3,84,0.0,6.41,-0.8290375725550418,-0.5591929034707466,16.1,69,0.0,5.02,-0.2079116908177595,-0.9781476007338056,18.2,67,0.0,6.4,-0.374606593415912,-0.9271838545667874,16.9,94,0.0,7.83,-0.9876883405951377,-0.15643446504023104,0.375,open-meteo,2026-08-08T10:04:01+00:00
2026-06-16 02:00:00+00:00,FR,solar,19.3,82,0.0,6.76,-0.913545457642601,-0.4067366430758001,16.5,66,0.0,5.98,-0.3090169943749473,-0.9510565162951536,19.3,54,0.0,10.1,-0.34202014332566866,-0.9396926207859084,16.9,94,0.0,7.14,-0.9876883405951377,-0.15643446504023104,0.0,open-meteo,2026-08-08T10:04:01+00:00
2026-06-16 03:00:00+00:00,FR,solar,19.2,83,0.0,5.77,-0.882947592858927,-0.46947156278589075,16.2,68,0.0,5.06,-0.587785252292473,-0.8090169943749475,18.8,69,0.0,6.4,-0.6946583704589974,-0.7193398003386511,17.2,93,0.0,6.67,-0.984807753012208,-0.17364817766693033,0.14999999999999858,open-meteo,2026-08-08T10:04:01+00:00
2026-06-16 04:00:00+00:00,FR,solar,19.3,83,0.0,4.97,-0.90630778703665,-0.42261826174069916,16.1,71,1.0,5.6,-0.8090169943749473,-0.5877852522924732,18.3,71,0.0,3.7,-0.9986295347545738,0.052335956242943946,17.0,94,0.0,6.25,-0.9702957262759965,-0.24192189559966779,0.3249999999999993,open-meteo,2026-08-08T10:04:01+00:00
2026-06-16 05:00:00+00:00,FR,solar,19.1,82,12.3,4.88,-0.8987940462991668,-0.43837114678907774,16.7,76,22.0,3.33,-0.4067366430758002,-0.9135454576426009,17.5,85,4.0,5.3,-0.7880107536067221,-0.6156614753256581,17.0,95,11.0,6.06,-0.9702957262759965,-0.24192189559966779,0.4250000000000007,open-meteo,2026-08-08T10:04:01+00:00
2026-06-16 06:00:00+00:00,FR,solar,19.4,81,74.8,4.47,-0.7660444431189779,-0.6427876096865395,18.3,71,71.0,4.43,-0.08715574274765794,-0.9961946980917455,16.4,95,14.0,3.1,0.9396926207859084,-0.3420201433256687,17.8,88,88.0,4.21,-0.9510565162951535,-0.30901699437494756,0.02499999999999858,open-meteo,2026-08-08T10:04:01+00:00
2026-06-16 07:00:00+00:00,FR,solar,20.0,78,225.5,4.47,-0.8910065241883678,-0.45399049973954697,19.8,68,166.0,2.33,0.37460659341591224,-0.9271838545667873,18.6,79,19.0,8.7,0.4226182617406995,-0.9063077870366499,18.9,82,190.0,4.61,-0.9781476007338056,-0.2079116908177598,1.3249999999999993,open-meteo,2026-08-08T10:04:01+00:00
2026-06-16 08:00:00+00:00,FR,solar,20.9,73,408.2,4.21,-0.882947592858927,-0.46947156278589075,20.5,69,195.0,3.9,0.6293203910498374,-0.7771459614569709,20.1,70,82.0,10.0,0.12186934340514755,-0.992546151641322,20.0,77,320.0,4.44,-0.9702957262759965,-0.24192189559966779,2.375,open-meteo,2026-08-08T10:04:01+00:00
2026-06-16 09:00:00+00:00,FR,solar,22.0,69,580.2,4.16,-0.913545457642601,-0.4067366430758001,22.7,59,181.0,3.26,0.6946583704589971,-0.7193398003386513,18.8,78,242.0,6.2,0.3090169943749475,-0.9510565162951535,21.4,73,528.0,3.29,-0.8910065241883678,-0.45399049973954697,3.2250000000000014,open-meteo,2026-08-08T10:04:01+00:00
2026-06-16 10:00:00+00:00,FR,solar,23.3,64,669.8,3.92,-0.9455185755993168,-0.32556815445715664,23.1,62,218.0,3.68,0.6691306063588585,-0.743144825477394,21.5,67,421.0,3.7,-0.913545457642601,-0.4067366430758001,23.1,67,709.0,2.77,-0.9205048534524403,-0.3907311284892738,4.75,open-meteo,2026-08-08T10:04:01+00:00
2026-06-16 11:00:00+00:00,FR,solar,24.5,59,844.1,3.52,-0.9659258262890683,-0.25881904510252063,24.4,62,454.0,5.14,0.6427876096865395,-0.7660444431189779,24.6,59,762.0,6.6,-0.9563047559630353,-0.2923717047227371,24.9,62,836.0,2.54,-0.961261695938319,-0.2756373558169989,6.600000000000001,open-meteo,2026-08-08T10:04:01+00:00
2026-06-16 12:00:00+00:00,FR,solar,25.6,55,896.0,2.15,-0.9271838545667873,-0.3746065934159123,27.9,38,616.0,10.26,-0.29237170472273677,-0.9563047559630354,23.5,60,602.0,4.0,-0.9335804264972015,-0.3583679495453007,25.2,61,894.0,1.68,-0.9925461516413221,-0.12186934340514717,7.550000000000001,open-meteo,2026-08-08T10:04:01+00:00
2026-06-16 13:00:00+00:00,FR,solar,26.6,51,898.3,1.55,-0.9659258262890683,-0.25881904510252063,29.4,33,463.0,7.22,-0.7431448254773944,-0.6691306063588581,26.6,52,437.0,4.7,-0.9781476007338056,0.20791169081775945,26.6,57,890.0,1.47,-1.0,-1.8369701987210297e-16,9.299999999999997,open-meteo,2026-08-08T10:04:01+00:00
2026-06-16 14:00:00+00:00,FR,solar,27.8,47,858.2,1.35,-0.7431448254773944,-0.6691306063588581,29.1,26,370.0,9.46,-0.984807753012208,-0.17364817766693033,27.6,42,338.0,7.6,-0.9902680687415704,0.13917310096006547,27.7,53,821.0,1.38,-0.9975640502598243,0.06975647374412522,10.05,open-meteo,2026-08-08T10:04:01+00:00
2026-06-16 15:00:00+00:00,FR,solar,28.2,44,773.0,1.84,-0.9271838545667873,-0.3746065934159123,29.4,24,561.0,7.8,-0.9781476007338056,-0.2079116908177598,26.4,47,602.0,6.5,-0.9945218953682734,0.10452846326765299,27.4,55,741.0,0.9,-0.9743700647852352,0.22495105434386492,9.850000000000001,open-meteo,2026-08-08T10:04:01+00:00
2026-06-16 16:00:00+00:00,FR,solar,28.8,43,638.9,2.86,-0.5877852522924734,0.8090169943749473,29.6,28,515.0,7.84,-0.9876883405951377,-0.15643446504023104,25.9,51,567.0,4.6,-0.6819983600624984,0.7313537016191707,27.8,55,537.0,0.98,-0.7986355100472928,-0.6018150231520483,10.025000000000002,open-meteo,2026-08-08T10:04:01+00:00
2026-06-16 17:00:00+00:00,FR,solar,28.7,44,476.9,2.82,-0.45399049973954697,0.8910065241883678,29.5,29,397.0,8.15,-0.9510565162951536,0.30901699437494723,26.2,40,430.0,5.3,-0.9781476007338056,0.20791169081775945,28.2,53,454.0,1.97,-0.4539904997395467,-0.8910065241883679,10.150000000000002,open-meteo,2026-08-08T10:04:01+00:00
2026-06-16 18:00:00+00:00,FR,solar,28.1,44,303.8,3.49,-0.22495105434386534,0.9743700647852351,28.0,38,190.0,8.18,-0.9945218953682734,0.10452846326765299,24.3,55,274.0,6.0,-0.7313537016191703,0.6819983600624987,27.4,54,292.0,2.16,1.2246467991473532e-16,-1.0,8.950000000000003,open-meteo,2026-08-08T10:04:01+00:00
2026-06-16 19:00:00+00:00,FR,solar,26.5,51,138.9,4.27,-0.27563735581699894,0.9612616959383189,25.9,48,83.0,5.23,-0.7880107536067218,0.6156614753256585,21.1,66,127.0,5.8,-0.7313537016191703,0.6819983600624987,26.0,60,127.0,1.83,0.2756373558169992,-0.9612616959383189,6.875,open-meteo,2026-08-08T10:04:01+00:00
2026-06-16 20:00:00+00:00,FR,solar,23.8,62,22.4,2.98,0.24192189559966773,0.9702957262759965,23.3,59,9.0,6.63,-0.6156614753256582,0.7880107536067221,21.4,57,23.0,6.1,-0.6946583704589976,0.7193398003386509,24.1,68,16.0,1.28,0.9975640502598242,-0.06975647374412533,5.149999999999999,open-meteo,2026-08-08T10:04:01+00:00
2026-06-16 21:00:00+00:00,FR,solar,21.8,71,0.0,3.44,0.13917310096006544,0.9902680687415704,21.6,70,0.0,7.23,-0.4226182617406992,0.90630778703665,19.1,70,0.0,6.9,-0.5877852522924734,0.8090169943749473,22.3,74,0.0,4.08,0.8660254037844386,0.5000000000000001,3.200000000000003,open-meteo,2026-08-08T10:04:01+00:00
2026-06-16 22:00:00+00:00,FR,solar,20.5,76,0.0,3.42,0.12186934340514748,0.992546151641322,19.9,72,0.0,4.73,-0.6427876096865396,0.7660444431189778,17.1,77,0.0,6.2,-0.6427876096865396,0.7660444431189778,21.2,77,0.0,4.08,0.8910065241883679,0.45399049973954686,1.6750000000000007,open-meteo,2026-08-08T10:04:01+00:00
2026-06-16 23:00:00+00:00,FR,solar,19.6,80,0.0,3.67,0.29237170472273677,0.9563047559630354,17.5,87,0.0,3.49,-0.7880107536067218,0.6156614753256585,17.1,74,0.0,5.3,-0.4848096202463369,0.8746197071393959,20.3,81,0.0,4.13,0.9271838545667874,0.37460659341591196,0.625,open-meteo,2026-08-08T10:04:01+00:00
2026-06-17 00:00:00+00:00,FR,solar,19.1,79,0.0,3.44,0.43837114678907746,0.898794046299167,16.0,91,0.0,2.59,-0.9063077870366498,0.4226182617406996,15.6,88,0.0,5.2,-0.4226182617406992,0.90630778703665,19.6,85,0.0,4.56,0.9063077870366499,0.42261826174069944,0.42499999999999716,open-meteo,2026-08-08T10:04:01+00:00
2026-06-17 01:00:00+00:00,FR,solar,18.4,83,0.0,3.31,0.48480962024633706,0.8746197071393957,15.7,91,0.0,2.75,-0.9993908270190958,-0.03489949670250076,14.2,87,0.0,5.1,-0.40673664307580015,0.9135454576426009,19.4,85,0.0,4.73,0.8910065241883679,0.45399049973954686,1.0750000000000028,open-meteo,2026-08-08T10:04:01+00:00
2026-06-17 02:00:00+00:00,FR,solar,17.8,87,0.0,3.76,0.6427876096865393,0.766044443118978,15.7,89,0.0,2.95,-0.9975640502598242,-0.06975647374412558,14.1,88,0.0,3.7,-0.4694715627858908,0.882947592858927,18.9,86,0.0,4.34,0.9063077870366499,0.42261826174069944,1.375,open-meteo,2026-08-08T10:04:01+00:00
2026-06-17 03:00:00+00:00,FR,solar,17.5,88,0.0,2.83,0.7071067811865475,0.7071067811865476,14.8,92,0.0,2.84,-1.0,-1.8369701987210297e-16,13.2,96,0.0,4.0,-0.6427876096865396,0.7660444431189778,18.2,89,0.0,3.88,0.9335804264972017,0.3583679495453004,2.0749999999999993,open-meteo,2026-08-08T10:04:01+00:00
2026-06-17 04:00:00+00:00,FR,solar,17.0,91,0.0,3.8,0.4539904997395468,0.8910065241883679,14.6,91,2.0,2.76,-0.9945218953682734,0.10452846326765299,12.7,93,2.0,3.3,-0.8829475928589271,0.4694715627858904,17.9,90,0.0,3.59,0.981627183447664,0.19080899537654492,2.450000000000001,open-meteo,2026-08-08T10:04:01+00:00
2026-06-17 05:00:00+00:00,FR,solar,16.9,91,13.1,3.61,0.6691306063588582,0.7431448254773942,15.4,88,52.0,2.76,-0.9945218953682734,0.10452846326765299,14.3,88,60.0,2.3,-0.9743700647852352,0.22495105434386492,18.0,90,15.0,3.44,0.9961946980917455,0.08715574274765814,1.8500000000000014,open-meteo,2026-08-08T10:04:01+00:00
2026-06-17 06:00:00+00:00,FR,solar,18.6,83,117.1,3.38,0.8290375725550417,0.5591929034707468,18.1,77,162.0,2.05,-0.9563047559630354,0.2923717047227367,16.5,81,179.0,1.9,-0.848048096156426,-0.529919264233205,20.2,88,122.0,3.82,1.0,6.123233995736766e-17,0.3500000000000014,open-meteo,2026-08-08T10:04:01+00:00
2026-06-17 07:00:00+00:00,FR,solar,21.3,72,279.5,1.9,0.9510565162951535,0.30901699437494745,20.9,64,322.0,0.93,-0.9510565162951536,0.30901699437494723,18.4,71,344.0,1.6,-0.9335804264972015,-0.3583679495453007,22.7,77,286.0,3.63,1.0,6.123233995736766e-17,2.8249999999999993,open-meteo,2026-08-08T10:04:01+00:00
2026-06-17 08:00:00+00:00,FR,solar,24.5,61,452.9,1.8,0.9986295347545738,-0.05233595624294384,23.4,54,495.0,1.79,-0.9876883405951378,0.15643446504023067,21.7,54,498.0,2.2,-0.9993908270190958,0.03489949670250128,25.0,71,462.0,3.14,1.0,6.123233995736766e-17,5.649999999999999,open-meteo,2026-08-08T10:04:01+00:00
2026-06-17 09:00:00+00:00,FR,solar,26.8,54,616.5,1.8,0.9986295347545738,0.052335956242943966,25.3,42,583.0,2.2,-0.9335804264972017,0.3583679495453004,22.5,45,636.0,1.8,-0.9961946980917455,0.08715574274765789,27.2,62,628.0,3.48,0.984807753012208,-0.1736481776669303,7.449999999999999,open-meteo,2026-08-08T10:04:01+00:00
2026-06-17 10:00:00+00:00,FR,solar,28.9,46,755.4,1.9,1.0,6.123233995736766e-17,27.4,35,717.0,2.42,-0.8480480961564262,0.5299192642332047,23.4,53,763.0,1.4,-0.9702957262759965,-0.24192189559966779,29.3,53,769.0,3.79,0.984807753012208,-0.1736481776669303,9.249999999999996,open-meteo,2026-08-08T10:04:01+00:00
2026-06-17 11:00:00+00:00,FR,solar,30.5,40,850.7,2.1,0.9986295347545738,-0.05233595624294384,28.5,36,790.0,3.65,-0.8571673007021123,0.5150380749100542,26.4,42,844.0,2.5,-0.9998476951563913,0.01745240643728313,31.3,43,870.0,3.64,0.9702957262759965,-0.24192189559966779,11.175,open-meteo,2026-08-08T10:04:01+00:00
2026-06-17 12:00:00+00:00,FR,solar,32.1,36,895.8,2.35,0.9781476007338056,0.20791169081775945,29.4,35,874.0,2.79,-0.9848077530122081,0.17364817766692997,26.5,43,885.0,0.4,-0.5591929034707467,-0.8290375725550418,32.6,39,924.0,3.21,0.9781476007338057,-0.20791169081775934,12.149999999999999,open-meteo,2026-08-08T10:04:01+00:00
2026-06-17 13:00:00+00:00,FR,solar,33.8,33,898.3,2.2,0.9986295347545738,-0.05233595624294384,30.1,32,861.0,2.45,-0.9612616959383188,0.2756373558169994,26.7,50,872.0,0.7,-0.9135454576426011,0.40673664307579976,33.9,35,926.0,2.67,0.9902680687415704,-0.13917310096006535,13.125,open-meteo,2026-08-08T10:04:01+00:00
2026-06-17 14:00:00+00:00,FR,solar,34.8,31,858.2,2.69,0.9271838545667874,-0.37460659341591207,30.6,32,791.0,2.7,-0.7193398003386512,0.6946583704589973,28.9,37,811.0,2.2,-0.9961946980917455,-0.08715574274765825,35.0,30,877.0,1.77,0.9945218953682733,-0.10452846326765355,14.325000000000003,open-meteo,2026-08-08T10:04:01+00:00
2026-06-17 15:00:00+00:00,FR,solar,35.4,31,770.1,2.47,0.9702957262759965,-0.24192189559966779,30.7,28,621.0,3.42,-0.913545457642601,-0.4067366430758001,28.9,39,714.0,1.8,-0.90630778703665,-0.42261826174069916,35.3,29,779.0,2.75,0.9993908270190958,0.03489949670250108,14.575000000000003,open-meteo,2026-08-08T10:04:01+00:00
2026-06-17 16:00:00+00:00,FR,solar,35.3,30,636.6,3.23,0.9612616959383189,-0.27563735581699905,30.3,30,528.0,2.55,-0.9993908270190958,-0.03489949670250076,28.2,46,439.0,1.4,-0.9876883405951378,0.15643446504023067,35.4,29,642.0,2.87,0.9902680687415704,-0.13917310096006535,14.299999999999997,open-meteo,2026-08-08T10:04:01+00:00
2026-06-17 17:00:00+00:00,FR,solar,35.1,31,476.1,3.13,0.9925461516413221,-0.12186934340514737,29.8,29,391.0,2.65,-1.0,-1.8369701987210297e-16,29.2,40,428.0,1.3,-0.9659258262890683,-0.25881904510252063,34.6,26,470.0,5.0,0.981627183447664,0.19080899537654492,14.175000000000004,open-meteo,2026-08-08T10:04:01+00:00
2026-06-17 18:00:00+00:00,FR,solar,34.6,33,302.5,3.64,0.9612616959383189,-0.27563735581699905,29.2,33,225.0,1.87,-0.6819983600624984,0.7313537016191707,27.8,47,272.0,1.4,-0.034899496702500823,0.9993908270190958,33.8,29,301.0,4.47,0.9659258262890683,-0.25881904510252085,13.349999999999998,open-meteo,2026-08-08T10:04:01+00:00
2026-06-17 19:00:00+00:00,FR,solar,31.3,43,138.9,4.3,-0.20791169081775987,0.9781476007338056,27.5,39,78.0,2.29,-0.5150380749100545,0.8571673007021121,25.7,80,127.0,1.0,0.6427876096865393,0.766044443118978,31.8,32,131.0,5.43,0.8987940462991669,-0.4383711467890775,11.075,open-meteo,2026-08-08T10:04:01+00:00
2026-06-17 20:00:00+00:00,FR,solar,29.1,51,22.2,5.41,0.20791169081775934,0.9781476007338057,23.6,56,9.0,2.97,0.29237170472273677,0.9563047559630354,24.3,58,23.0,0.9,0.45399049973954686,-0.8910065241883678,28.7,38,17.0,5.3,0.9455185755993168,-0.32556815445715664,8.425,open-meteo,2026-08-08T10:04:01+00:00
2026-06-17 21:00:00+00:00,FR,solar,28.2,54,0.0,4.72,0.5299192642332049,0.848048096156426,20.9,67,0.0,3.99,0.9063077870366499,0.42261826174069944,21.8,68,0.0,5.0,0.8987940462991669,-0.4383711467890775,26.3,49,0.0,4.66,0.9659258262890683,-0.25881904510252085,6.299999999999997,open-meteo,2026-08-08T10:04:01+00:00
2026-06-17 22:00:00+00:00,FR,solar,27.0,51,0.0,5.2,0.39073112848927377,0.9205048534524404,19.4,75,0.0,3.23,0.8191520442889918,0.573576436351046,20.6,79,0.0,5.9,0.8480480961564261,-0.5299192642332048,24.7,56,0.0,4.67,0.838670567945424,-0.5446390350150272,4.925000000000001,open-meteo,2026-08-08T10:04:01+00:00
2026-06-17 23:00:00+00:00,FR,solar,26.2,51,0.0,5.22,0.5877852522924731,0.8090169943749475,18.1,82,0.0,3.33,0.9135454576426009,0.4067366430758002,19.6,77,0.0,3.2,-0.6946583704589976,0.7193398003386509,22.4,68,0.0,4.04,-0.9205048534524403,-0.3907311284892738,3.5749999999999993,open-meteo,2026-08-08T10:04:01+00:00
2026-06-18 00:00:00+00:00,FR,solar,24.8,55,0.0,2.94,-0.984807753012208,-0.17364817766693033,17.7,84,0.0,2.86,0.9271838545667874,0.37460659341591196,18.5,83,0.0,2.6,0.40673664307580043,-0.9135454576426008,21.5,86,0.0,5.71,-0.9271838545667873,-0.3746065934159123,2.625,open-meteo,2026-08-08T10:04:01+00:00
2026-06-18 01:00:00+00:00,FR,solar,23.3,70,0.0,3.81,-0.9702957262759966,0.24192189559966745,16.7,89,0.0,2.33,0.9659258262890683,0.25881904510252074,17.4,96,0.0,1.0,0.10452846326765373,-0.9945218953682733,20.0,95,0.0,6.45,-0.913545457642601,-0.4067366430758001,1.3500000000000014,open-meteo,2026-08-08T10:04:01+00:00
2026-06-18 02:00:00+00:00,FR,solar,21.9,76,0.0,3.01,-0.9945218953682734,0.10452846326765299,16.4,89,0.0,1.57,0.9975640502598242,-0.06975647374412533,17.5,95,0.0,2.8,-0.6293203910498378,0.7771459614569706,19.2,98,0.0,6.23,-0.913545457642601,-0.4067366430758001,0.75,open-meteo,2026-08-08T10:04:01+00:00
2026-06-18 03:00:00+00:00,FR,solar,21.2,79,0.0,2.51,-0.9205048534524403,-0.3907311284892738,16.1,88,0.0,2.0,0.981627183447664,-0.1908089953765448,15.9,99,0.0,0.3,0.5446390350150271,0.838670567945424,19.0,98,0.0,5.13,-0.913545457642601,-0.4067366430758001,0.04999999999999716,open-meteo,2026-08-08T10:04:01+00:00
2026-06-18 04:00:00+00:00,FR,solar,20.7,81,0.0,3.06,-0.7880107536067221,-0.6156614753256581,16.1,87,3.0,1.95,0.9510565162951536,-0.30901699437494734,15.2,98,2.0,1.2,0.9993908270190958,-0.034899496702500955,18.9,98,0.0,4.03,-0.8987940462991668,-0.43837114678907774,0.2749999999999986,open-meteo,2026-08-08T10:04:01+00:00
2026-06-18 05:00:00+00:00,FR,solar,20.1,83,13.1,1.34,-0.4539904997395467,-0.8910065241883679,16.0,91,64.0,2.12,0.8290375725550417,-0.5591929034707467,17.0,96,64.0,0.2,-0.24192189559966787,0.9702957262759965,19.0,98,9.0,2.5,-0.8571673007021121,-0.5150380749100544,0.02499999999999858,open-meteo,2026-08-08T10:04:01+00:00
2026-06-18 06:00:00+00:00,FR,solar,21.1,81,115.0,2.52,0.8290375725550417,-0.5591929034707467,20.2,70,190.0,2.04,0.8191520442889917,-0.5735764363510462,19.0,85,192.0,1.8,0.9396926207859084,-0.3420201433256687,19.5,95,82.0,1.36,-0.5000000000000001,-0.8660254037844386,1.9499999999999993,open-meteo,2026-08-08T10:04:01+00:00
2026-06-18 07:00:00+00:00,FR,solar,23.2,72,275.7,5.32,0.8829475928589269,-0.4694715627858909,24.2,57,350.0,1.41,0.8290375725550417,-0.5591929034707467,21.0,77,347.0,1.4,0.2923717047227366,-0.9563047559630355,21.1,88,230.0,1.8,0.48480962024633717,-0.8746197071393957,4.375,open-meteo,2026-08-08T10:04:01+00:00
2026-06-18 08:00:00+00:00,FR,solar,25.6,65,449.8,4.22,0.5877852522924732,-0.8090169943749473,27.2,54,516.0,1.33,0.5877852522924732,-0.8090169943749473,25.0,58,504.0,0.9,0.3420201433256689,-0.9396926207859083,23.3,82,450.0,2.46,0.8746197071393959,-0.484809620246337,7.274999999999999,open-meteo,2026-08-08T10:04:01+00:00
2026-06-18 09:00:00+00:00,FR,solar,28.1,58,612.7,3.89,0.4383711467890773,-0.898794046299167,30.2,45,664.0,1.58,-0.12186934340514731,-0.9925461516413221,27.1,54,647.0,0.5,-0.13917310096006552,-0.9902680687415703,25.6,75,613.0,3.07,0.9563047559630355,-0.29237170472273666,9.75,open-meteo,2026-08-08T10:04:01+00:00
2026-06-18 10:00:00+00:00,FR,solar,30.4,51,751.7,4.34,0.6156614753256584,-0.7880107536067219,32.2,36,777.0,1.86,0.05233595624294381,-0.9986295347545738,28.3,54,761.0,0.7,0.9455185755993168,-0.32556815445715664,28.3,66,727.0,3.48,0.984807753012208,-0.1736481776669303,11.8,open-meteo,2026-08-08T10:04:01+00:00
2026-06-18 11:00:00+00:00,FR,solar,33.2,42,850.5,4.25,0.49999999999999994,-0.8660254037844387,33.7,31,758.0,2.46,-0.874619707139396,-0.48480962024633684,32.3,33,845.0,2.3,-0.052335956242943564,-0.9986295347545738,31.0,52,801.0,3.85,0.9925461516413221,-0.12186934340514737,14.549999999999997,open-meteo,2026-08-08T10:04:01+00:00
2026-06-18 12:00:00+00:00,FR,solar,35.3,34,895.8,3.83,0.3420201433256689,-0.9396926207859083,34.1,28,838.0,1.67,0.6427876096865395,-0.7660444431189779,32.8,34,883.0,1.7,0.3090169943749475,-0.9510565162951535,33.2,40,900.0,4.4,0.9563047559630355,-0.29237170472273666,15.850000000000001,open-meteo,2026-08-08T10:04:01+00:00
2026-06-18 13:00:00+00:00,FR,solar,37.2,25,898.5,4.37,0.3420201433256689,-0.9396926207859083,34.9,25,814.0,1.39,-0.6293203910498376,-0.7771459614569708,32.7,33,861.0,2.0,-0.6946583704589974,-0.7193398003386511,34.4,34,912.0,4.69,0.8987940462991669,-0.4383711467890775,16.799999999999997,open-meteo,2026-08-08T10:04:01+00:00
2026-06-18 14:00:00+00:00,FR,solar,38.0,22,858.0,2.86,0.20791169081775931,-0.9781476007338057,35.2,24,729.0,2.01,-0.6819983600624984,-0.7313537016191706,34.5,28,797.0,2.9,-0.4226182617406993,-0.90630778703665,35.3,29,847.0,4.19,0.838670567945424,-0.5446390350150272,17.75,open-meteo,2026-08-08T10:04:01+00:00
2026-06-18 15:00:00+00:00,FR,solar,38.0,21,662.0,4.36,0.9876883405951378,-0.1564344650402308,34.9,24,680.0,3.24,0.05233595624294381,-0.9986295347545738,34.8,27,712.0,3.3,0.12186934340514755,-0.992546151641322,35.3,27,741.0,4.6,0.8910065241883679,-0.45399049973954675,17.75,open-meteo,2026-08-08T10:04:01+00:00
2026-06-18 16:00:00+00:00,FR,solar,36.9,23,368.1,4.49,0.9781476007338057,-0.20791169081775934,34.5,25,542.0,1.31,0.9743700647852352,0.22495105434386492,33.8,32,579.0,1.1,0.7431448254773942,-0.6691306063588582,34.8,27,572.0,3.9,0.90630778703665,-0.42261826174069933,17.0,open-meteo,2026-08-08T10:04:01+00:00
2026-06-18 17:00:00+00:00,FR,solar,36.1,24,396.6,3.94,0.9135454576426009,0.4067366430758002,33.8,27,319.0,3.17,-0.374606593415912,-0.9271838545667874,35.2,26,358.0,5.0,-0.052335956242943564,-0.9986295347545738,34.3,22,410.0,5.22,0.5591929034707469,-0.8290375725550416,16.85,open-meteo,2026-08-08T10:04:01+00:00
2026-06-18 18:00:00+00:00,FR,solar,36.0,24,294.9,4.65,0.9876883405951378,-0.1564344650402308,32.4,29,233.0,5.89,0.7313537016191706,-0.6819983600624984,20.5,88,167.0,13.9,-0.9876883405951378,0.15643446504023067,32.6,23,285.0,5.28,0.766044443118978,-0.6427876096865394,12.375,open-meteo,2026-08-08T10:04:01+00:00
2026-06-18 19:00:00+00:00,FR,solar,34.9,26,142.2,3.12,0.6427876096865395,-0.7660444431189779,30.5,31,97.0,7.68,0.6156614753256584,-0.7880107536067219,20.0,88,6.0,1.7,-0.6691306063588581,0.7431448254773944,30.1,29,127.0,5.58,0.9510565162951536,-0.30901699437494734,10.875,open-meteo,2026-08-08T10:04:01+00:00
2026-06-18 20:00:00+00:00,FR,solar,31.2,42,23.1,6.46,-0.13917310096006588,0.9902680687415703,27.2,40,10.0,4.61,0.40673664307580043,-0.9135454576426008,20.9,96,3.0,13.1,-0.9335804264972017,0.3583679495453004,27.2,37,16.0,7.5,0.9396926207859084,-0.3420201433256687,8.625,open-meteo,2026-08-08T10:04:01+00:00
2026-06-18 21:00:00+00:00,FR,solar,28.7,50,0.0,4.24,-0.2588190451025207,0.9659258262890683,24.1,58,0.0,3.51,0.39073112848927377,-0.9205048534524404,19.9,96,0.0,8.3,0.4694715627858907,-0.882947592858927,26.1,42,0.0,7.84,0.8829475928589269,-0.4694715627858909,6.699999999999996,open-meteo,2026-08-08T10:04:01+00:00
2026-06-18 22:00:00+00:00,FR,solar,27.8,54,0.0,5.5,-2.4492935982947064e-16,1.0,22.2,65,0.0,3.33,0.24192189559966773,-0.9702957262759965,20.3,89,0.0,5.8,0.9396926207859084,-0.3420201433256687,24.5,47,0.0,8.69,0.8660254037844387,-0.49999999999999983,5.699999999999999,open-meteo,2026-08-08T10:04:01+00:00
2026-06-18 23:00:00+00:00,FR,solar,27.3,55,0.0,2.42,-0.40673664307580015,0.9135454576426009,23.3,64,0.0,13.98,-0.4383711467890778,0.8987940462991668,20.3,93,0.0,8.5,0.9945218953682733,-0.10452846326765355,22.7,53,0.0,6.18,0.90630778703665,-0.42261826174069933,5.400000000000002,open-meteo,2026-08-08T10:04:01+00:00
2026-06-19 00:00:00+00:00,FR,solar,26.0,55,0.0,5.32,-0.4383711467890778,0.8987940462991668,22.3,66,0.0,8.94,-0.2588190451025207,0.9659258262890683,19.5,96,0.0,10.0,0.49999999999999994,-0.8660254037844387,21.3,59,0.0,4.94,0.777145961456971,-0.6293203910498373,4.274999999999999,open-meteo,2026-08-08T10:04:01+00:00
2026-06-19 01:00:00+00:00,FR,solar,24.6,62,0.0,3.05,-0.9205048534524405,0.3907311284892735,20.9,69,0.0,6.84,0.48480962024633706,0.8746197071393957,18.6,97,0.0,6.4,0.4694715627858907,-0.882947592858927,20.1,64,0.0,3.88,0.6819983600624986,-0.7313537016191705,3.049999999999997,open-meteo,2026-08-08T10:04:01+00:00
2026-06-19 02:00:00+00:00,FR,solar,23.8,72,0.0,1.3,-0.529919264233205,0.8480480961564258,20.5,71,0.0,6.27,0.7771459614569709,0.6293203910498374,19.0,97,0.0,7.9,0.9396926207859084,-0.3420201433256687,18.7,72,0.0,2.15,-0.6819983600624984,-0.7313537016191706,2.5,open-meteo,2026-08-08T10:04:01+00:00
2026-06-19 03:00:00+00:00,FR,solar,23.3,76,0.0,3.14,0.9876883405951378,0.15643446504023092,18.7,81,0.0,5.31,0.9975640502598242,0.06975647374412523,18.8,96,0.0,5.2,0.39073112848927377,-0.9205048534524404,18.8,96,0.0,2.4,-0.9781476007338056,-0.2079116908177598,1.8999999999999986,open-meteo,2026-08-08T10:04:01+00:00
2026-06-19 04:00:00+00:00,FR,solar,21.6,84,0.0,2.86,-0.2079116908177595,-0.9781476007338056,18.6,79,3.0,5.06,0.8090169943749475,-0.587785252292473,18.5,97,2.0,5.8,0.6819983600624986,-0.7313537016191705,19.5,100,0.0,1.67,-0.882947592858927,-0.46947156278589075,1.5500000000000007,open-meteo,2026-08-08T10:04:01+00:00
2026-06-19 05:00:00+00:00,FR,solar,21.3,86,13.3,2.35,0.9781476007338057,-0.20791169081775934,20.1,76,61.0,4.16,0.7313537016191706,-0.6819983600624984,19.5,95,62.0,7.4,0.6691306063588585,-0.743144825477394,19.5,100,6.0,1.67,-0.6427876096865393,-0.766044443118978,2.1000000000000014,open-meteo,2026-08-08T10:04:01+00:00
2026-06-19 06:00:00+00:00,FR,solar,21.8,86,111.7,3.52,0.258819045102521,-0.9659258262890682,22.6,64,163.0,2.65,0.6293203910498374,-0.7771459614569709,21.4,87,178.0,7.2,0.3583679495453002,-0.9335804264972017,19.6,100,48.0,2.02,-0.48480962024633695,-0.8746197071393959,3.3500000000000014,open-meteo,2026-08-08T10:04:01+00:00
2026-06-19 07:00:00+00:00,FR,solar,23.3,79,276.4,2.67,-0.22495105434386498,-0.9743700647852352,25.5,57,329.0,2.11,0.2249510543438652,-0.9743700647852351,22.6,86,344.0,5.2,0.5735764363510459,-0.8191520442889919,20.6,95,117.0,1.68,-0.12186934340514731,-0.9925461516413221,5.0,open-meteo,2026-08-08T10:04:01+00:00
2026-06-19 08:00:00+00:00,FR,solar,24.9,72,452.2,2.97,-0.34202014332566866,-0.9396926207859084,29.3,36,496.0,6.33,-0.374606593415912,-0.9271838545667874,25.1,75,407.0,4.1,0.37460659341591224,-0.9271838545667873,22.4,85,277.0,1.37,1.2246467991473532e-16,-1.0,7.425000000000004,open-meteo,2026-08-08T10:04:01+00:00
2026-06-19 09:00:00+00:00,FR,solar,26.9,65,616.5,2.63,0.15643446504023098,-0.9876883405951377,31.3,32,599.0,5.35,-0.13917310096006552,-0.9902680687415703,28.5,59,642.0,4.7,0.05233595624294381,-0.9986295347545738,24.2,79,554.0,1.29,0.9876883405951378,-0.1564344650402308,9.725000000000001,open-meteo,2026-08-08T10:04:01+00:00
2026-06-19 10:00:00+00:00,FR,solar,28.5,58,755.4,1.65,-0.2419218955996675,-0.9702957262759965,32.9,32,754.0,4.44,-0.2419218955996675,-0.9702957262759965,28.6,61,747.0,2.7,-0.017452406437283637,-0.9998476951563913,26.5,70,738.0,1.57,1.0,6.123233995736766e-17,11.125,open-meteo,2026-08-08T10:04:01+00:00
2026-06-19 11:00:00+00:00,FR,solar,31.0,47,850.1,2.06,-0.39073112848927355,-0.9205048534524404,34.9,30,813.0,3.81,-0.3090169943749473,-0.9510565162951536,30.1,55,415.0,3.6,0.8191520442889917,-0.5735764363510462,28.9,61,852.0,1.39,0.9902680687415704,0.13917310096006547,13.225000000000001,open-meteo,2026-08-08T10:04:01+00:00
2026-06-19 12:00:00+00:00,FR,solar,33.4,32,895.4,1.88,-0.4226182617406993,-0.90630778703665,35.1,29,705.0,3.85,-0.12186934340514731,-0.9925461516413221,28.5,56,555.0,3.0,0.01745240643728351,0.9998476951563913,31.4,50,909.0,1.88,0.9876883405951378,0.15643446504023092,14.100000000000001,open-meteo,2026-08-08T10:04:01+00:00
2026-06-19 13:00:00+00:00,FR,solar,33.4,33,898.5,2.6,-0.39073112848927355,-0.9205048534524404,34.8,25,677.0,6.56,1.2246467991473532e-16,-1.0,32.6,46,383.0,4.3,0.2923717047227366,-0.9563047559630355,33.1,44,891.0,2.35,0.9993908270190958,0.03489949670250108,15.474999999999994,open-meteo,2026-08-08T10:04:01+00:00
2026-06-19 14:00:00+00:00,FR,solar,33.8,34,859.0,2.44,-0.8191520442889916,-0.5735764363510464,34.3,22,486.0,5.48,-0.32556815445715676,-0.9455185755993167,34.2,42,697.0,4.5,0.9510565162951535,0.30901699437494745,34.3,41,868.0,2.55,0.9975640502598242,-0.06975647374412533,16.15,open-meteo,2026-08-08T10:04:01+00:00
2026-06-19 15:00:00+00:00,FR,solar,34.5,37,769.3,2.86,-0.4226182617406993,-0.90630778703665,35.3,13,510.0,4.43,-0.3090169943749473,-0.9510565162951536,31.0,48,419.0,3.9,0.6427876096865393,0.766044443118978,34.5,36,775.0,3.9,0.9781476007338057,-0.20791169081775934,15.825000000000003,open-meteo,2026-08-08T10:04:01+00:00
2026-06-19 16:00:00+00:00,FR,solar,34.7,36,631.2,2.69,-0.9659258262890683,-0.25881904510252063,35.5,14,494.0,1.74,-0.7880107536067221,-0.6156614753256581,32.7,45,417.0,1.3,0.40673664307580043,-0.9135454576426008,34.6,33,638.0,4.24,0.9455185755993168,-0.32556815445715664,16.375,open-meteo,2026-08-08T10:04:01+00:00
2026-06-19 17:00:00+00:00,FR,solar,34.6,36,459.9,2.24,-0.8910065241883679,0.45399049973954664,34.8,17,370.0,6.17,1.2246467991473532e-16,-1.0,27.0,54,432.0,8.4,-0.22495105434386534,0.9743700647852351,34.2,33,460.0,4.38,0.8910065241883679,-0.45399049973954675,14.650000000000006,open-meteo,2026-08-08T10:04:01+00:00
2026-06-19 18:00:00+00:00,FR,solar,33.5,37,288.4,3.61,-0.7193398003386512,0.6946583704589973,33.6,20,214.0,6.57,0.17364817766693028,-0.984807753012208,28.9,51,236.0,7.7,-0.5000000000000004,0.8660254037844384,33.4,32,274.0,6.09,0.8829475928589269,-0.4694715627858909,14.350000000000001,open-meteo,2026-08-08T10:04:01+00:00
2026-06-19 19:00:00+00:00,FR,solar,30.3,44,138.7,5.21,-0.05233595624294437,0.9986295347545738,30.8,29,71.0,8.94,0.258819045102521,-0.9659258262890682,24.4,71,121.0,10.1,-0.12186934340514723,0.9925461516413221,31.4,37,126.0,7.29,0.8571673007021123,-0.5150380749100543,11.225000000000001,open-meteo,2026-08-08T10:04:01+00:00
2026-06-19 20:00:00+00:00,FR,solar,28.5,44,23.1,4.02,-0.3255681544571567,0.9455185755993168,28.8,32,8.0,10.71,-0.06975647374412527,-0.9975640502598242,23.5,65,24.0,6.3,0.9396926207859083,0.3420201433256688,28.3,46,16.0,6.77,0.9271838545667874,-0.37460659341591207,9.274999999999999,open-meteo,2026-08-08T10:04:01+00:00
2026-06-19 21:00:00+00:00,FR,solar,22.0,79,0.0,7.94,-0.9945218953682734,0.10452846326765299,27.3,33,0.0,8.45,-0.08715574274765794,-0.9961946980917455,25.2,67,0.0,8.7,0.7986355100472928,0.6018150231520483,25.7,54,0.0,5.55,0.8480480961564261,-0.5299192642332048,7.050000000000001,open-meteo,2026-08-08T10:04:01+00:00
2026-06-19 22:00:00+00:00,FR,solar,24.0,63,0.0,5.2,-0.9993908270190958,-0.03489949670250076,25.4,47,0.0,7.85,-0.06975647374412527,-0.9975640502598242,21.5,86,0.0,5.5,0.9335804264972017,0.3583679495453004,23.9,63,0.0,4.23,0.7431448254773942,-0.6691306063588582,5.700000000000003,open-meteo,2026-08-08T10:04:01+00:00
2026-06-19 23:00:00+00:00,FR,solar,22.0,72,0.0,3.41,-0.529919264233205,0.8480480961564258,24.2,52,0.0,8.72,-0.017452406437283637,-0.9998476951563913,22.4,69,0.0,5.7,0.20791169081775934,0.9781476007338057,22.1,70,0.0,3.75,0.6560590289905073,-0.754709580222772,4.674999999999997,open-meteo,2026-08-08T10:04:01+00:00
2026-06-20 00:00:00+00:00,FR,solar,21.8,72,0.0,5.02,0.6946583704589973,0.7193398003386512,23.9,50,0.0,8.53,-0.052335956242943564,-0.9986295347545738,22.7,90,0.0,4.2,0.9993908270190958,-0.034899496702500955,20.8,86,0.0,4.62,-0.9335804264972015,-0.3583679495453007,4.300000000000001,open-meteo,2026-08-08T10:04:01+00:00
2026-06-20 01:00:00+00:00,FR,solar,21.4,76,0.0,4.72,0.5877852522924731,0.8090169943749475,22.9,53,0.0,8.0,-0.12186934340514731,-0.9925461516413221,20.0,92,0.0,1.8,0.6018150231520483,0.7986355100472928,19.2,91,0.0,5.48,-0.874619707139396,-0.48480962024633684,2.875,open-meteo,2026-08-08T10:04:01+00:00
2026-06-20 02:00:00+00:00,FR,solar,20.8,81,0.0,4.62,0.3090169943749474,0.9510565162951535,22.4,53,0.0,7.27,-0.06975647374412527,-0.9975640502598242,21.6,73,0.0,15.9,0.8191520442889917,-0.5735764363510462,18.5,96,0.0,5.35,-0.913545457642601,-0.4067366430758001,2.825000000000003,open-meteo,2026-08-08T10:04:01+00:00
2026-06-20 03:00:00+00:00,FR,solar,20.5,82,0.0,3.11,-0.6691306063588582,-0.7431448254773942,21.7,58,0.0,7.64,-0.15643446504023073,-0.9876883405951378,20.6,84,0.0,4.7,-0.5591929034707466,0.8290375725550418,18.4,95,0.0,3.78,-0.9563047559630353,-0.2923717047227371,2.3000000000000007,open-meteo,2026-08-08T10:04:01+00:00
2026-06-20 04:00:00+00:00,FR,solar,20.2,77,0.0,2.69,-0.9659258262890684,0.2588190451025203,20.6,62,3.0,7.3,-0.2588190451025208,-0.9659258262890683,18.8,94,2.0,6.7,-0.7313537016191703,0.6819983600624987,18.0,97,0.0,3.04,-0.8386705679454242,-0.544639035015027,1.3999999999999986,open-meteo,2026-08-08T10:04:01+00:00
2026-06-20 05:00:00+00:00,FR,solar,19.6,86,13.3,2.66,-0.5591929034707466,0.8290375725550418,21.1,60,65.0,6.2,-0.3090169943749473,-0.9510565162951536,18.9,92,63.0,4.7,-0.7193398003386512,0.6946583704589973,18.3,98,11.0,3.0,-0.6156614753256582,-0.788010753606722,1.4750000000000014,open-meteo,2026-08-08T10:04:01+00:00
2026-06-20 06:00:00+00:00,FR,solar,20.2,85,107.3,2.5,-0.034899496702500823,0.9993908270190958,23.2,52,177.0,5.49,-0.275637355816999,-0.9612616959383189,21.1,80,190.0,3.6,-0.6156614753256582,0.7880107536067221,19.0,94,77.0,1.37,1.2246467991473532e-16,-1.0,2.875,open-meteo,2026-08-08T10:04:01+00:00
2026-06-20 07:00:00+00:00,FR,solar,22.2,78,266.2,2.91,0.754709580222772,0.6560590289905073,25.6,47,340.0,4.52,-0.3090169943749473,-0.9510565162951536,21.2,80,343.0,2.7,-0.05233595624294437,0.9986295347545738,20.9,85,199.0,1.85,0.529919264233205,-0.848048096156426,4.475000000000001,open-meteo,2026-08-08T10:04:01+00:00
2026-06-20 08:00:00+00:00,FR,solar,24.9,67,447.5,1.39,0.9335804264972017,0.3583679495453004,28.2,41,499.0,4.03,-0.43837114678907746,-0.8987940462991669,24.0,67,510.0,1.3,-0.882947592858927,-0.46947156278589075,22.9,79,429.0,1.88,0.6293203910498374,-0.7771459614569709,7.0,open-meteo,2026-08-08T10:04:01+00:00
2026-06-20 09:00:00+00:00,FR,solar,27.0,61,611.9,1.17,-0.5150380749100542,-0.8571673007021123,32.3,31,654.0,3.68,-0.90630778703665,-0.42261826174069916,26.7,58,647.0,2.1,0.052335956242943835,0.9986295347545738,25.7,69,610.0,1.62,0.90630778703665,-0.42261826174069933,9.925,open-meteo,2026-08-08T10:04:01+00:00
2026-06-20 10:00:00+00:00,FR,solar,29.1,56,747.1,1.82,-0.9876883405951377,-0.15643446504023104,33.8,30,764.0,4.95,-0.9902680687415703,-0.13917310096006583,26.3,62,756.0,2.1,-0.529919264233205,0.8480480961564258,28.2,58,762.0,1.68,0.9925461516413221,-0.12186934340514737,11.350000000000001,open-meteo,2026-08-08T10:04:01+00:00
2026-06-20 11:00:00+00:00,FR,solar,30.8,50,832.6,2.21,-0.3090169943749477,0.9510565162951535,35.0,25,858.0,4.84,-0.9925461516413221,-0.12186934340514717,29.4,48,829.0,1.5,-0.898794046299167,0.4383711467890774,30.6,46,866.0,1.9,0.9781476007338057,-0.20791169081775934,13.449999999999996,open-meteo,2026-08-08T10:04:01+00:00
2026-06-20 12:00:00+00:00,FR,solar,32.2,45,879.8,0.1,-1.0,-1.8369701987210297e-16,35.7,23,892.0,4.19,-0.981627183447664,-0.1908089953765446,32.6,39,877.0,2.9,-0.913545457642601,-0.4067366430758001,32.8,43,922.0,0.71,0.9612616959383189,-0.27563735581699905,15.325000000000003,open-meteo,2026-08-08T10:04:01+00:00
2026-06-20 13:00:00+00:00,FR,solar,33.2,42,752.3,1.33,-0.9743700647852351,-0.22495105434386525,36.3,23,874.0,4.05,-0.9925461516413221,-0.12186934340514717,30.6,48,864.0,0.8,-0.27563735581699894,0.9612616959383189,34.2,38,920.0,0.84,0.8090169943749475,-0.587785252292473,15.575000000000003,open-meteo,2026-08-08T10:04:01+00:00
2026-06-20 14:00:00+00:00,FR,solar,34.4,37,827.9,1.17,-0.8571673007021121,-0.5150380749100544,36.2,23,733.0,6.22,-0.992546151641322,0.12186934340514768,33.4,34,810.0,3.1,-0.6293203910498376,-0.7771459614569708,35.1,35,826.0,1.47,1.0,6.123233995736766e-17,16.775,open-meteo,2026-08-08T10:04:01+00:00
2026-06-20 15:00:00+00:00,FR,solar,35.4,32,721.6,3.29,-0.9396926207859084,-0.34202014332566855,36.8,15,699.0,3.24,-0.9986295347545738,0.052335956242943946,33.9,34,709.0,3.9,-0.8910065241883678,-0.45399049973954697,34.9,36,667.0,2.64,0.9659258262890683,0.25881904510252074,17.25,open-meteo,2026-08-08T10:04:01+00:00
2026-06-20 16:00:00+00:00,FR,solar,35.1,31,584.1,1.97,-0.9135454576426011,0.40673664307579976,29.3,36,319.0,8.35,-0.6293203910498376,-0.7771459614569708,32.2,43,538.0,2.6,-0.898794046299167,0.4383711467890774,35.2,34,471.0,3.27,0.9876883405951378,0.15643446504023092,14.950000000000003,open-meteo,2026-08-08T10:04:01+00:00
2026-06-20 17:00:00+00:00,FR,solar,34.9,31,477.4,3.14,-0.15643446504023112,0.9876883405951377,26.9,48,189.0,4.59,-0.9396926207859084,-0.34202014332566855,32.9,37,429.0,4.9,-0.374606593415912,-0.9271838545667874,34.8,30,342.0,3.25,0.9961946980917455,-0.08715574274765824,14.375,open-meteo,2026-08-08T10:04:01+00:00
2026-06-20 18:00:00+00:00,FR,solar,34.5,29,268.7,2.79,-0.2588190451025207,0.9659258262890683,26.2,51,105.0,4.56,-0.9876883405951377,-0.15643446504023104,27.9,40,246.0,12.3,0.45399049973954686,-0.8910065241883678,33.7,32,235.0,3.97,0.9612616959383189,-0.27563735581699905,12.575,open-meteo,2026-08-08T10:04:01+00:00
2026-06-20 19:00:00+00:00,FR,solar,33.8,31,128.9,2.33,-0.4226182617406992,0.90630778703665,25.8,45,21.0,10.39,-0.9998476951563913,0.01745240643728313,29.8,59,5.0,5.7,-0.9743700647852352,0.22495105434386492,31.9,36,105.0,4.13,0.9975640502598242,-0.06975647374412533,12.324999999999996,open-meteo,2026-08-08T10:04:01+00:00
2026-06-20 20:00:00+00:00,FR,solar,30.2,54,23.3,5.14,0.224951054343865,0.9743700647852352,23.5,63,3.0,16.59,-0.9743700647852352,0.22495105434386492,27.6,60,7.0,4.9,0.9986295347545738,-0.05233595624294384,29.0,44,16.0,4.66,0.9902680687415704,0.13917310096006547,9.575000000000003,open-meteo,2026-08-08T10:04:01+00:00
2026-06-20 21:00:00+00:00,FR,solar,28.7,57,0.0,4.79,0.48480962024633706,0.8746197071393957,23.7,61,0.0,12.02,-0.5735764363510465,0.8191520442889916,21.9,71,0.0,6.5,0.8746197071393957,0.4848096202463371,27.2,58,0.0,6.3,0.9961946980917455,-0.08715574274765824,7.375,open-meteo,2026-08-08T10:04:01+00:00
2026-06-20 22:00:00+00:00,FR,solar,27.1,64,0.0,4.34,0.43837114678907746,0.898794046299167,22.7,67,0.0,7.15,-0.5877852522924734,0.8090169943749473,23.2,72,0.0,7.5,1.0,6.123233995736766e-17,26.2,61,0.0,6.45,0.9563047559630355,-0.29237170472273666,6.800000000000001,open-meteo,2026-08-08T10:04:01+00:00
2026-06-20 23:00:00+00:00,FR,solar,25.9,70,0.0,5.0,0.3420201433256687,0.9396926207859084,21.4,78,0.0,4.56,-0.9659258262890684,0.2588190451025203,21.7,72,0.0,4.0,0.0697564737441253,0.9975640502598242,25.1,59,0.0,4.19,0.9612616959383189,-0.27563735581699905,5.524999999999999,open-meteo,2026-08-08T10:04:01+00:00
2026-06-21 00:00:00+00:00,FR,solar,25.0,72,0.0,6.36,0.6018150231520483,0.7986355100472928,22.6,66,0.0,3.28,0.2923717047227366,-0.9563047559630355,21.1,85,0.0,1.1,0.6427876096865395,-0.7660444431189779,23.7,65,0.0,5.96,0.9876883405951378,-0.1564344650402308,5.100000000000001,open-meteo,2026-08-08T10:04:01+00:00
2026-06-21 01:00:00+00:00,FR,solar,24.9,73,0.0,3.74,0.27563735581699916,0.9612616959383189,22.2,69,0.0,2.97,-0.29237170472273677,-0.9563047559630354,19.7,90,0.0,5.7,0.4383711467890773,-0.898794046299167,22.6,67,0.0,6.91,0.9925461516413221,-0.12186934340514737,4.350000000000001,open-meteo,2026-08-08T10:04:01+00:00
2026-06-21 02:00:00+00:00,FR,solar,24.1,76,0.0,2.64,0.90630778703665,-0.42261826174069933,21.8,72,0.0,3.47,-0.275637355816999,-0.9612616959383189,18.8,86,0.0,2.7,1.0,6.123233995736766e-17,22.0,67,0.0,7.25,0.9876883405951378,-0.1564344650402308,3.6750000000000007,open-meteo,2026-08-08T10:04:01+00:00
2026-06-21 03:00:00+00:00,FR,solar,23.6,75,0.0,2.7,1.0,6.123233995736766e-17,21.6,69,0.0,3.88,0.7071067811865475,0.7071067811865476,19.7,93,0.0,3.8,0.9612616959383189,0.27563735581699916,21.5,67,0.0,7.75,0.9876883405951378,-0.1564344650402308,3.6000000000000014,open-meteo,2026-08-08T10:04:01+00:00
2026-06-21 04:00:00+00:00,FR,solar,23.6,75,0.0,6.67,0.8660254037844387,-0.49999999999999983,20.4,79,3.0,3.53,0.9455185755993167,0.32556815445715676,18.7,95,0.0,3.5,0.7431448254773942,0.6691306063588582,20.9,67,0.0,7.81,0.9510565162951536,-0.30901699437494734,2.8999999999999986,open-meteo,2026-08-08T10:04:01+00:00
2026-06-21 05:00:00+00:00,FR,solar,23.0,80,13.3,7.55,0.8480480961564261,-0.5299192642332048,20.7,80,63.0,2.15,0.9135454576426009,0.4067366430758002,19.2,86,61.0,2.8,0.9993908270190958,0.03489949670250108,20.6,69,15.0,8.09,0.9455185755993168,-0.32556815445715664,2.875,open-meteo,2026-08-08T10:04:01+00:00
2026-06-21 06:00:00+00:00,FR,solar,24.6,71,116.3,6.18,0.8746197071393959,-0.484809620246337,22.8,71,187.0,1.73,0.6819983600624985,0.7313537016191705,22.6,76,188.0,4.1,0.9271838545667874,-0.37460659341591207,21.4,71,119.0,7.75,0.9510565162951536,-0.30901699437494734,4.850000000000001,open-meteo,2026-08-08T10:04:01+00:00
2026-06-21 07:00:00+00:00,FR,solar,26.6,56,266.2,5.27,0.838670567945424,-0.5446390350150272,24.9,64,342.0,1.58,-0.9271838545667874,0.37460659341591196,23.0,81,341.0,2.8,0.9781476007338056,0.20791169081775945,23.5,66,279.0,6.58,0.9659258262890683,-0.25881904510252085,6.5,open-meteo,2026-08-08T10:04:01+00:00
2026-06-21 08:00:00+00:00,FR,solar,28.7,50,452.2,4.31,0.6946583704589971,-0.7193398003386513,26.7,56,477.0,1.2,-0.5735764363510465,0.8191520442889916,25.9,61,494.0,1.5,0.984807753012208,-0.1736481776669303,25.7,60,458.0,4.66,0.9659258262890683,-0.25881904510252085,8.75,open-meteo,2026-08-08T10:04:01+00:00
2026-06-21 09:00:00+00:00,FR,solar,31.3,44,616.5,4.18,0.6691306063588585,-0.743144825477394,29.1,46,469.0,1.73,0.7313537016191705,0.6819983600624985,28.5,49,643.0,0.2,0.9876883405951378,-0.1564344650402308,28.6,54,625.0,4.21,0.9510565162951536,-0.30901699437494734,11.375,open-meteo,2026-08-08T10:04:01+00:00
2026-06-21 10:00:00+00:00,FR,solar,33.3,37,756.2,3.94,0.8910065241883679,-0.45399049973954675,31.3,40,577.0,0.62,0.3090169943749474,0.9510565162951535,27.8,60,752.0,0.2,-0.9205048534524403,-0.3907311284892738,31.4,47,767.0,4.3,0.9781476007338057,-0.20791169081775934,12.949999999999996,open-meteo,2026-08-08T10:04:01+00:00
2026-06-21 11:00:00+00:00,FR,solar,35.8,30,849.3,4.79,0.9205048534524403,-0.39073112848927377,32.8,37,620.0,1.46,-0.6691306063588582,-0.7431448254773942,33.1,29,841.0,0.4,0.5591929034707469,-0.8290375725550416,33.8,40,870.0,4.43,0.9961946980917455,-0.08715574274765824,15.875,open-meteo,2026-08-08T10:04:01+00:00
2026-06-21 12:00:00+00:00,FR,solar,37.7,24,895.3,5.41,0.9612616959383189,-0.27563735581699905,33.8,34,674.0,1.47,1.2246467991473532e-16,-1.0,32.8,41,884.0,3.8,-0.6156614753256582,0.7880107536067221,35.8,36,925.0,4.54,0.9925461516413221,-0.12186934340514737,17.025,open-meteo,2026-08-08T10:04:01+00:00
2026-06-21 13:00:00+00:00,FR,solar,38.7,21,898.5,6.55,0.9925461516413221,-0.12186934340514737,35.2,29,686.0,2.46,0.39073112848927377,-0.9205048534524404,32.3,43,867.0,1.5,0.12186934340514755,-0.992546151641322,37.2,32,929.0,4.93,0.9925461516413221,-0.12186934340514737,17.85,open-meteo,2026-08-08T10:04:01+00:00
2026-06-21 14:00:00+00:00,FR,solar,39.3,20,859.2,6.85,0.9925461516413221,-0.12186934340514737,35.3,28,649.0,2.38,-0.15643446504023073,-0.9876883405951378,35.2,28,806.0,4.0,0.42261826174069944,0.9063077870366499,38.3,29,880.0,5.24,0.9902680687415704,-0.13917310096006535,19.025,open-meteo,2026-08-08T10:04:01+00:00
2026-06-21 15:00:00+00:00,FR,solar,39.9,20,778.5,7.81,0.9993908270190958,-0.034899496702500955,35.5,26,556.0,0.62,-0.9510565162951535,-0.30901699437494756,33.5,42,426.0,4.9,-0.24192189559966787,0.9702957262759965,38.5,28,784.0,6.03,0.9925461516413221,-0.12186934340514737,18.85,open-meteo,2026-08-08T10:04:01+00:00
2026-06-21 16:00:00+00:00,FR,solar,40.0,19,646.6,7.6,0.9876883405951378,-0.1564344650402308,34.8,30,405.0,5.02,-0.9335804264972017,0.3583679495453004,32.7,43,574.0,3.0,-0.7193398003386512,-0.6946583704589973,38.3,28,637.0,6.41,0.9455185755993168,-0.32556815445715664,18.450000000000003,open-meteo,2026-08-08T10:04:01+00:00
2026-06-21 17:00:00+00:00,FR,solar,39.7,19,486.9,8.35,0.9563047559630355,-0.29237170472273666,34.4,33,377.0,3.68,-0.8746197071393956,0.4848096202463373,32.7,44,430.0,5.7,0.4539904997395468,0.8910065241883679,37.6,30,480.0,6.94,0.9455185755993168,-0.32556815445715664,18.1,open-meteo,2026-08-08T10:04:01+00:00
2026-06-21 18:00:00+00:00,FR,solar,39.1,19,314.2,7.69,0.9743700647852352,-0.22495105434386503,33.4,32,238.0,3.72,-0.8910065241883679,0.45399049973954664,31.4,53,271.0,6.1,0.42261826174069944,0.9063077870366499,36.7,29,303.0,7.22,0.9510565162951536,-0.30901699437494734,17.150000000000006,open-meteo,2026-08-08T10:04:01+00:00
2026-06-21 19:00:00+00:00,FR,solar,37.6,22,146.6,6.37,0.9271838545667874,-0.37460659341591207,31.6,41,97.0,2.19,-0.8910065241883679,0.45399049973954664,28.3,66,115.0,7.9,0.20791169081775934,0.9781476007338057,34.0,35,133.0,7.28,0.9396926207859084,-0.3420201433256687,14.875,open-meteo,2026-08-08T10:04:01+00:00
2026-06-21 20:00:00+00:00,FR,solar,35.6,27,24.7,6.22,0.9135454576426009,-0.40673664307580026,29.1,49,10.0,2.6,-0.3420201433256686,0.9396926207859084,27.9,68,23.0,6.6,0.24192189559966773,0.9702957262759965,30.4,42,17.0,6.85,0.9455185755993168,-0.32556815445715664,12.75,open-meteo,2026-08-08T10:04:01+00:00
2026-06-21 21:00:00+00:00,FR,solar,33.8,31,0.0,7.56,0.9510565162951536,-0.30901699437494734,25.7,59,0.0,1.96,-0.6018150231520483,0.7986355100472928,26.7,78,0.0,6.7,0.29237170472273677,0.9563047559630354,27.9,49,0.0,7.41,0.8746197071393959,-0.484809620246337,10.524999999999999,open-meteo,2026-08-08T10:04:01+00:00
2026-06-21 22:00:00+00:00,FR,solar,32.0,38,0.0,5.64,0.8910065241883679,-0.45399049973954675,24.2,66,0.0,2.24,0.48480962024633706,0.8746197071393957,24.6,82,0.0,6.8,0.6691306063588582,0.7431448254773942,26.1,55,0.0,7.06,0.8746197071393959,-0.484809620246337,8.725000000000001,open-meteo,2026-08-08T10:04:01+00:00
2026-06-21 23:00:00+00:00,FR,solar,30.6,41,0.0,5.73,0.8746197071393959,-0.484809620246337,22.8,68,0.0,3.92,0.224951054343865,0.9743700647852352,24.3,84,0.0,6.4,0.6018150231520483,0.7986355100472928,24.8,58,0.0,7.25,0.9455185755993168,-0.32556815445715664,7.625,open-meteo,2026-08-08T10:04:01+00:00
2026-06-22 00:00:00+00:00,FR,solar,29.6,45,0.0,8.23,0.8987940462991669,-0.4383711467890775,20.3,78,0.0,3.18,0.5591929034707469,0.8290375725550417,24.1,84,0.0,7.8,0.8660254037844386,0.5000000000000001,24.2,61,0.0,8.27,0.9455185755993168,-0.32556815445715664,6.550000000000001,open-meteo,2026-08-08T10:04:01+00:00
2026-06-22 01:00:00+00:00,FR,solar,28.1,51,0.0,7.21,0.9563047559630355,-0.29237170472273666,19.5,84,0.0,3.34,0.5299192642332049,0.848048096156426,22.4,93,0.0,5.0,0.838670567945424,0.5446390350150271,23.6,62,0.0,8.43,0.9510565162951536,-0.30901699437494734,5.399999999999999,open-meteo,2026-08-08T10:04:01+00:00
2026-06-22 02:00:00+00:00,FR,solar,27.4,54,0.0,7.12,0.9135454576426009,-0.40673664307580026,19.7,84,0.0,3.51,0.49999999999999994,0.8660254037844387,21.7,95,0.0,5.5,0.9781476007338056,0.20791169081775945,23.1,63,0.0,8.01,0.9271838545667874,-0.37460659341591207,4.975000000000001,open-meteo,2026-08-08T10:04:01+00:00
2026-06-22 03:00:00+00:00,FR,solar,26.7,56,0.0,6.69,0.8191520442889917,-0.5735764363510462,19.1,87,0.0,2.51,0.7771459614569709,0.6293203910498374,21.9,90,0.0,4.9,0.9659258262890683,0.25881904510252074,21.9,70,0.0,6.66,0.9396926207859084,-0.3420201433256687,4.399999999999999,open-meteo,2026-08-08T10:04:01+00:00
2026-06-22 04:00:00+00:00,FR,solar,26.2,54,0.0,6.15,0.6946583704589971,-0.7193398003386513,18.3,92,3.0,1.46,0.7431448254773942,0.6691306063588582,21.1,95,2.0,5.3,0.9945218953682733,-0.10452846326765355,21.0,73,0.0,5.64,0.9563047559630355,-0.29237170472273666,3.6499999999999986,open-meteo,2026-08-08T10:04:01+00:00
2026-06-22 05:00:00+00:00,FR,solar,25.5,56,12.9,7.72,0.6560590289905073,-0.754709580222772,19.7,89,64.0,1.96,0.7986355100472928,0.6018150231520483,21.5,95,62.0,3.6,0.9993908270190958,-0.034899496702500955,20.6,75,15.0,5.56,0.9702957262759965,-0.24192189559966779,3.825000000000003,open-meteo,2026-08-08T10:04:01+00:00
2026-06-22 06:00:00+00:00,FR,solar,26.1,56,119.0,6.02,0.8090169943749475,-0.587785252292473,23.3,76,190.0,1.77,0.8290375725550417,0.5591929034707468,24.6,75,188.0,3.7,0.9510565162951535,0.30901699437494745,22.0,71,120.0,5.37,0.9659258262890683,-0.25881904510252085,6.0,open-meteo,2026-08-08T10:04:01+00:00
2026-06-22 07:00:00+00:00,FR,solar,27.9,51,281.6,5.64,0.8910065241883679,-0.45399049973954675,26.6,62,347.0,0.66,0.4539904997395468,0.8910065241883679,25.8,72,338.0,2.6,0.9205048534524404,0.3907311284892737,23.6,68,284.0,6.28,0.981627183447664,-0.1908089953765448,7.975000000000001,open-meteo,2026-08-08T10:04:01+00:00
2026-06-22 08:00:00+00:00,FR,solar,30.2,45,456.8,4.1,0.8290375725550417,-0.5591929034707467,29.4,51,509.0,1.28,0.0697564737441253,0.9975640502598242,28.8,57,493.0,2.2,0.6560590289905073,0.754709580222772,26.0,63,461.0,4.9,0.9998476951563913,-0.017452406437283477,10.599999999999998,open-meteo,2026-08-08T10:04:01+00:00
2026-06-22 09:00:00+00:00,FR,solar,32.6,38,621.9,3.0,0.8987940462991669,-0.4383711467890775,31.8,45,655.0,2.11,0.374606593415912,0.9271838545667874,31.2,43,638.0,2.9,0.6427876096865393,0.766044443118978,29.2,54,630.0,3.34,0.9961946980917455,-0.08715574274765824,13.200000000000003,open-meteo,2026-08-08T10:04:01+00:00
2026-06-22 10:00:00+00:00,FR,solar,35.4,33,761.0,2.42,0.9135454576426009,-0.40673664307580026,33.8,38,771.0,2.32,0.4694715627858908,0.882947592858927,31.2,46,754.0,3.1,0.27563735581699916,0.9612616959383189,32.3,46,775.0,3.53,0.9986295347545738,-0.05233595624294384,15.174999999999997,open-meteo,2026-08-08T10:04:01+00:00
2026-06-22 11:00:00+00:00,FR,solar,38.0,25,849.0,3.3,0.9993908270190958,-0.034899496702500955,35.2,34,848.0,2.23,0.25881904510252074,0.9659258262890683,34.0,33,835.0,3.6,0.29237170472273677,0.9563047559630354,35.0,37,877.0,4.13,0.9975640502598242,-0.06975647374412533,17.549999999999997,open-meteo,2026-08-08T10:04:01+00:00
2026-06-22 12:00:00+00:00,FR,solar,39.5,22,895.1,2.77,0.9743700647852352,0.22495105434386492,35.7,32,854.0,1.59,0.1908089953765448,0.981627183447664,34.4,30,873.0,5.1,0.374606593415912,0.9271838545667874,37.4,29,931.0,4.51,0.9993908270190958,-0.034899496702500955,18.75,open-meteo,2026-08-08T10:04:01+00:00
2026-06-22 13:00:00+00:00,FR,solar,40.6,20,898.3,2.0,0.9986295347545738,0.052335956242943966,36.4,30,838.0,2.26,0.03489949670250097,0.9993908270190958,33.5,35,865.0,4.3,0.10452846326765347,0.9945218953682733,39.5,22,935.0,4.54,0.9925461516413221,-0.12186934340514737,19.5,open-meteo,2026-08-08T10:04:01+00:00
2026-06-22 14:00:00+00:00,FR,solar,41.6,17,859.2,3.51,0.9986295347545738,0.052335956242943966,36.9,28,722.0,3.23,0.03489949670250097,0.9993908270190958,35.7,27,804.0,4.8,0.42261826174069944,0.9063077870366499,40.7,20,885.0,4.9,0.9781476007338057,-0.20791169081775934,20.725,open-meteo,2026-08-08T10:04:01+00:00
2026-06-22 15:00:00+00:00,FR,solar,41.7,16,779.9,4.62,0.9510565162951536,-0.30901699437494734,36.6,27,615.0,4.61,0.03489949670250097,0.9993908270190958,35.1,29,708.0,5.4,0.20791169081775934,0.9781476007338057,40.9,20,788.0,5.06,0.9659258262890683,-0.25881904510252085,20.575000000000003,open-meteo,2026-08-08T10:04:01+00:00
2026-06-22 16:00:00+00:00,FR,solar,41.8,15,653.0,5.54,0.9925461516413221,-0.12186934340514737,36.0,25,475.0,4.06,0.6018150231520483,0.7986355100472928,33.4,39,578.0,5.4,0.224951054343865,0.9743700647852352,40.5,20,650.0,5.27,0.9510565162951536,-0.30901699437494734,19.924999999999997,open-meteo,2026-08-08T10:04:01+00:00
2026-06-22 17:00:00+00:00,FR,solar,41.4,14,493.1,5.57,0.9876883405951378,-0.1564344650402308,35.5,27,365.0,4.8,-2.4492935982947064e-16,1.0,32.9,37,416.0,6.8,0.1908089953765448,0.981627183447664,39.6,21,484.0,5.22,0.9205048534524403,-0.39073112848927377,19.35,open-meteo,2026-08-08T10:04:01+00:00
2026-06-22 18:00:00+00:00,FR,solar,40.4,17,318.7,5.06,0.9510565162951536,-0.30901699437494734,34.2,31,237.0,5.04,0.13917310096006544,0.9902680687415704,31.5,47,268.0,6.5,0.43837114678907746,0.898794046299167,38.0,23,307.0,5.44,0.9205048534524403,-0.39073112848927377,18.025,open-meteo,2026-08-08T10:04:01+00:00
2026-06-22 19:00:00+00:00,FR,solar,38.9,19,148.9,4.81,0.9781476007338057,-0.20791169081775934,32.0,35,98.0,5.59,0.052335956242943835,0.9986295347545738,28.8,54,128.0,6.7,0.052335956242943835,0.9986295347545738,34.8,32,136.0,5.23,0.9945218953682733,-0.10452846326765355,15.625,open-meteo,2026-08-08T10:04:01+00:00
2026-06-22 20:00:00+00:00,FR,solar,36.5,26,25.5,4.78,0.9612616959383189,-0.27563735581699905,29.7,39,10.0,6.04,0.224951054343865,0.9743700647852352,27.6,57,24.0,5.7,0.4539904997395468,0.8910065241883679,31.7,38,18.0,5.48,0.984807753012208,-0.1736481776669303,13.375000000000004,open-meteo,2026-08-08T10:04:01+00:00
2026-06-22 21:00:00+00:00,FR,solar,34.4,30,0.0,3.71,0.8910065241883679,-0.45399049973954675,26.9,45,0.0,5.55,0.35836794954530027,0.9335804264972017,25.7,69,0.0,4.7,0.39073112848927377,0.9205048534524404,28.6,48,0.0,6.44,0.8829475928589269,-0.4694715627858909,10.899999999999999,open-meteo,2026-08-08T10:04:01+00:00
2026-06-22 22:00:00+00:00,FR,solar,32.3,38,0.0,3.38,0.9455185755993168,-0.32556815445715664,26.1,54,0.0,6.32,0.4067366430758002,0.9135454576426009,24.3,72,0.0,7.9,0.35836794954530027,0.9335804264972017,27.0,49,0.0,6.17,0.8090169943749475,-0.587785252292473,9.425,open-meteo,2026-08-08T10:04:01+00:00
2026-06-22 23:00:00+00:00,FR,solar,31.1,40,0.0,5.2,1.0,6.123233995736766e-17,25.7,55,0.0,6.15,0.6018150231520483,0.7986355100472928,23.6,79,0.0,7.4,0.6293203910498374,0.7771459614569709,25.8,51,0.0,6.36,0.90630778703665,-0.42261826174069933,8.55,open-meteo,2026-08-08T10:04:01+00:00
2026-06-23 00:00:00+00:00,FR,solar,29.7,43,0.0,5.43,0.9743700647852352,0.22495105434386492,24.6,59,0.0,6.94,0.5877852522924731,0.8090169943749475,22.8,81,0.0,7.4,0.6427876096865393,0.766044443118978,24.3,60,0.0,4.47,0.8987940462991669,-0.4383711467890775,7.349999999999998,open-meteo,2026-08-08T10:04:01+00:00
2026-06-23 01:00:00+00:00,FR,solar,27.7,50,0.0,6.24,0.7547095802227721,-0.6560590289905072,24.1,66,0.0,7.47,0.6156614753256583,0.7880107536067219,22.4,74,0.0,7.5,0.9335804264972017,0.3583679495453004,23.6,60,0.0,5.71,0.9612616959383189,-0.27563735581699905,6.449999999999996,open-meteo,2026-08-08T10:04:01+00:00
2026-06-23 02:00:00+00:00,FR,solar,26.8,55,0.0,5.46,0.9702957262759965,-0.24192189559966779,22.7,73,0.0,5.07,0.754709580222772,0.6560590289905073,21.7,82,0.0,7.5,0.992546151641322,0.12186934340514749,22.6,64,0.0,4.66,0.9271838545667874,-0.37460659341591207,5.450000000000003,open-meteo,2026-08-08T10:04:01+00:00
2026-06-23 03:00:00+00:00,FR,solar,25.8,59,0.0,5.39,0.6427876096865395,-0.7660444431189779,21.9,76,0.0,5.4,0.7071067811865475,0.7071067811865476,21.0,82,0.0,6.3,0.981627183447664,0.19080899537654492,22.0,66,0.0,4.47,0.8987940462991669,-0.4383711467890775,4.675000000000001,open-meteo,2026-08-08T10:04:01+00:00
2026-06-23 04:00:00+00:00,FR,solar,25.5,57,0.0,7.02,0.8090169943749475,-0.587785252292473,20.3,85,3.0,3.41,0.9510565162951535,0.30901699437494745,20.1,83,2.0,6.9,1.0,6.123233995736766e-17,20.8,71,0.0,5.14,0.9902680687415704,-0.13917310096006535,3.6750000000000007,open-meteo,2026-08-08T10:04:01+00:00
2026-06-23 05:00:00+00:00,FR,solar,25.0,59,12.3,8.14,0.4383711467890773,-0.898794046299167,21.3,82,63.0,3.6,0.8746197071393957,0.4848096202463371,21.5,83,62.0,5.5,0.9876883405951378,0.15643446504023092,20.6,71,14.0,6.18,0.9993908270190958,-0.034899496702500955,4.100000000000001,open-meteo,2026-08-08T10:04:01+00:00
2026-06-23 06:00:00+00:00,FR,solar,26.7,51,119.0,7.57,0.7313537016191706,-0.6819983600624984,24.7,66,189.0,2.64,0.8571673007021123,0.5150380749100542,23.4,72,189.0,6.1,0.9876883405951378,-0.1564344650402308,23.2,64,124.0,6.78,0.981627183447664,-0.1908089953765448,6.5,open-meteo,2026-08-08T10:04:01+00:00
2026-06-23 07:00:00+00:00,FR,solar,28.9,44,283.0,5.62,0.777145961456971,-0.6293203910498373,26.8,59,349.0,1.98,0.3420201433256687,0.9396926207859084,24.4,69,342.0,3.7,0.9961946980917455,0.08715574274765814,25.0,61,288.0,7.19,0.981627183447664,-0.1908089953765448,8.274999999999999,open-meteo,2026-08-08T10:04:01+00:00
2026-06-23 08:00:00+00:00,FR,solar,32.3,36,460.1,4.08,0.8090169943749475,-0.587785252292473,29.0,53,508.0,1.62,0.9063077870366499,0.42261826174069944,27.8,56,495.0,2.9,0.8660254037844386,0.5000000000000001,27.4,55,468.0,6.64,0.9902680687415704,-0.13917310096006535,11.125,open-meteo,2026-08-08T10:04:01+00:00
2026-06-23 09:00:00+00:00,FR,solar,35.1,31,625.8,2.97,0.6691306063588585,-0.743144825477394,31.5,46,653.0,2.23,0.6156614753256583,0.7880107536067219,29.9,50,635.0,6.9,0.10452846326765347,0.9945218953682733,31.0,43,636.0,4.51,0.9998476951563913,-0.017452406437283477,13.875,open-meteo,2026-08-08T10:04:01+00:00
2026-06-23 10:00:00+00:00,FR,solar,37.7,25,763.3,2.51,0.9205048534524403,-0.39073112848927377,33.5,41,761.0,2.37,0.12186934340514748,0.992546151641322,29.3,47,620.0,4.4,0.20791169081775934,0.9781476007338057,33.8,34,777.0,5.1,0.9986295347545738,-0.05233595624294384,15.575000000000003,open-meteo,2026-08-08T10:04:01+00:00
2026-06-23 11:00:00+00:00,FR,solar,39.3,22,848.8,4.28,0.981627183447664,-0.1908089953765448,35.0,35,805.0,4.28,-0.3420201433256686,0.9396926207859084,30.7,33,202.0,3.5,0.5877852522924731,0.8090169943749475,36.5,29,880.0,5.32,0.9945218953682733,-0.10452846326765355,17.375,open-meteo,2026-08-08T10:04:01+00:00
2026-06-23 12:00:00+00:00,FR,solar,40.5,18,894.7,4.69,0.981627183447664,-0.1908089953765448,34.9,29,769.0,4.71,-0.35836794954530077,0.9335804264972015,30.0,31,309.0,4.6,0.6018150231520483,0.7986355100472928,39.2,21,932.0,5.69,0.981627183447664,-0.1908089953765448,18.150000000000006,open-meteo,2026-08-08T10:04:01+00:00
2026-06-23 13:00:00+00:00,FR,solar,41.5,16,898.3,5.38,0.984807753012208,-0.1736481776669303,35.6,30,748.0,3.63,0.03489949670250097,0.9993908270190958,29.3,45,179.0,2.4,0.766044443118978,0.6427876096865394,40.5,19,936.0,5.23,0.9945218953682733,-0.10452846326765355,18.724999999999994,open-meteo,2026-08-08T10:04:01+00:00
2026-06-23 14:00:00+00:00,FR,solar,41.9,15,859.4,5.44,0.9396926207859084,-0.3420201433256687,35.5,26,760.0,3.99,0.4694715627858908,0.882947592858927,30.7,32,661.0,3.2,0.8746197071393957,0.4848096202463371,41.1,17,890.0,5.2,0.9986295347545738,-0.05233595624294384,19.300000000000004,open-meteo,2026-08-08T10:04:01+00:00
2026-06-23 15:00:00+00:00,FR,solar,42.7,12,780.1,5.22,0.9781476007338057,-0.20791169081775934,35.6,28,666.0,4.9,0.27563735581699916,0.9612616959383189,32.4,27,483.0,3.2,0.8829475928589269,0.46947156278589086,41.1,19,791.0,5.5,0.981627183447664,0.19080899537654492,19.950000000000003,open-meteo,2026-08-08T10:04:01+00:00
2026-06-23 16:00:00+00:00,FR,solar,42.5,12,664.4,5.5,0.9998476951563913,-0.017452406437283477,35.0,29,501.0,3.52,0.224951054343865,0.9743700647852352,33.0,28,574.0,2.5,0.9702957262759965,0.24192189559966767,40.8,17,655.0,6.77,0.9702957262759965,0.24192189559966767,19.825000000000003,open-meteo,2026-08-08T10:04:01+00:00
2026-06-23 17:00:00+00:00,FR,solar,41.9,12,499.8,6.45,0.9925461516413221,-0.12186934340514737,34.1,27,331.0,4.44,0.374606593415912,0.9271838545667874,32.5,28,431.0,2.3,0.8571673007021123,0.5150380749100542,39.7,14,493.0,6.04,0.9743700647852352,0.22495105434386492,19.049999999999997,open-meteo,2026-08-08T10:04:01+00:00
2026-06-23 18:00:00+00:00,FR,solar,41.3,13,323.5,5.51,0.9781476007338057,-0.20791169081775934,32.9,31,245.0,4.65,0.6691306063588582,0.7431448254773942,32.3,33,275.0,1.8,0.4694715627858908,0.882947592858927,38.0,19,313.0,5.98,0.984807753012208,0.17364817766693041,18.125,open-meteo,2026-08-08T10:04:01+00:00
2026-06-23 19:00:00+00:00,FR,solar,39.7,15,152.0,4.43,0.90630778703665,-0.42261826174069933,30.5,39,100.0,5.61,0.6946583704589973,0.7193398003386512,29.8,42,128.0,4.4,0.8746197071393957,0.4848096202463371,34.3,32,139.0,3.46,0.9902680687415704,-0.13917310096006535,15.575000000000003,open-meteo,2026-08-08T10:04:01+00:00
2026-06-23 20:00:00+00:00,FR,solar,37.3,19,25.5,2.83,0.9902680687415704,-0.13917310096006535,28.5,40,11.0,5.93,0.5150380749100542,0.8571673007021123,27.9,41,25.0,3.3,0.7771459614569709,0.6293203910498374,32.2,38,19.0,2.08,0.7071067811865476,-0.7071067811865475,13.474999999999998,open-meteo,2026-08-08T10:04:01+00:00
2026-06-23 21:00:00+00:00,FR,solar,35.1,27,0.0,5.0,0.20791169081775934,0.9781476007338057,26.5,44,0.0,5.97,0.6560590289905073,0.754709580222772,26.0,52,0.0,6.4,0.9781476007338056,0.20791169081775945,30.4,42,0.0,2.22,0.7547095802227721,-0.6560590289905072,11.5,open-meteo,2026-08-08T10:04:01+00:00
2026-06-23 22:00:00+00:00,FR,solar,33.6,29,0.0,7.32,0.08715574274765817,0.9961946980917455,24.3,51,0.0,4.39,0.48480962024633706,0.8746197071393957,23.9,64,0.0,6.6,0.9986295347545738,0.052335956242943966,29.8,41,0.0,1.94,0.7547095802227721,-0.6560590289905072,9.900000000000002,open-meteo,2026-08-08T10:04:01+00:00
2026-06-23 23:00:00+00:00,FR,solar,32.9,33,0.0,8.02,0.5877852522924731,0.8090169943749475,22.8,58,0.0,4.1,0.6427876096865393,0.766044443118978,23.1,65,0.0,6.1,0.9743700647852352,-0.22495105434386503,28.6,43,0.0,1.02,0.9563047559630355,-0.29237170472273666,8.850000000000001,open-meteo,2026-08-08T10:04:01+00:00
2026-06-24 00:00:00+00:00,FR,solar,32.2,32,0.0,7.66,0.6560590289905073,0.754709580222772,21.9,65,0.0,3.72,0.8191520442889918,0.573576436351046,22.7,67,0.0,7.1,0.981627183447664,-0.1908089953765448,27.5,45,0.0,0.75,0.9205048534524403,-0.39073112848927377,8.075,open-meteo,2026-08-08T10:04:01+00:00
2026-06-24 01:00:00+00:00,FR,solar,29.7,37,0.0,7.37,0.9902680687415704,0.13917310096006547,21.5,71,0.0,4.12,0.9986295347545738,0.052335956242943966,20.7,84,0.0,6.4,0.90630778703665,-0.42261826174069933,24.8,54,0.0,2.86,0.37460659341591224,-0.9271838545667873,6.175000000000001,open-meteo,2026-08-08T10:04:01+00:00
2026-06-24 02:00:00+00:00,FR,solar,28.6,44,0.0,6.67,0.9455185755993167,0.32556815445715676,21.3,73,0.0,4.47,0.8987940462991669,0.43837114678907746,21.5,69,0.0,8.3,0.8290375725550417,-0.5591929034707467,24.5,53,0.0,1.81,0.9743700647852352,-0.22495105434386503,5.975000000000001,open-meteo,2026-08-08T10:04:01+00:00
2026-06-24 03:00:00+00:00,FR,solar,27.6,45,0.0,5.72,0.8910065241883679,-0.45399049973954675,20.0,81,0.0,3.67,0.9876883405951378,0.15643446504023092,20.8,82,0.0,6.6,0.7313537016191706,-0.6819983600624984,23.3,61,0.0,3.63,0.9986295347545738,0.052335956242943966,4.925000000000001,open-meteo,2026-08-08T10:04:01+00:00
2026-06-24 04:00:00+00:00,FR,solar,26.9,49,0.0,6.5,1.0,6.123233995736766e-17,19.4,85,3.0,3.92,0.9998476951563913,0.0174524064372836,19.5,88,2.0,6.2,0.6293203910498374,-0.7771459614569709,22.3,67,0.0,3.43,1.0,6.123233995736766e-17,4.024999999999999,open-meteo,2026-08-08T10:04:01+00:00
2026-06-24 05:00:00+00:00,FR,solar,26.0,53,12.3,6.61,0.9986295347545738,-0.05233595624294384,20.6,82,64.0,3.08,0.9876883405951378,0.15643446504023092,21.1,80,61.0,5.9,0.5877852522924732,-0.8090169943749473,21.8,73,14.0,3.35,0.9335804264972017,-0.35836794954530027,4.375,open-meteo,2026-08-08T10:04:01+00:00
2026-06-24 06:00:00+00:00,FR,solar,27.2,53,118.2,6.82,0.9271838545667874,-0.37460659341591207,24.2,66,192.0,2.63,0.8910065241883679,0.45399049973954686,22.9,78,176.0,6.5,0.6156614753256584,-0.7880107536067219,22.8,80,123.0,3.49,0.788010753606722,-0.6156614753256583,6.274999999999999,open-meteo,2026-08-08T10:04:01+00:00
2026-06-24 07:00:00+00:00,FR,solar,29.3,47,281.6,3.76,0.90630778703665,-0.42261826174069933,27.0,55,351.0,2.01,0.6819983600624985,0.7313537016191705,24.4,68,325.0,5.0,0.7193398003386511,-0.6946583704589974,26.2,66,288.0,2.86,0.788010753606722,-0.6156614753256583,8.724999999999998,open-meteo,2026-08-08T10:04:01+00:00
2026-06-24 08:00:00+00:00,FR,solar,31.5,42,456.0,2.64,0.8746197071393959,-0.484809620246337,29.5,48,514.0,2.2,0.848048096156426,0.5299192642332049,28.9,53,494.0,2.4,0.7313537016191706,-0.6819983600624984,28.3,60,467.0,3.5,0.981627183447664,-0.1908089953765448,11.55,open-meteo,2026-08-08T10:04:01+00:00
2026-06-24 09:00:00+00:00,FR,solar,34.2,35,621.1,3.16,0.981627183447664,-0.1908089953765448,32.4,38,661.0,2.79,0.9510565162951535,0.30901699437494745,32.5,37,639.0,3.1,0.7431448254773942,-0.6691306063588582,30.7,47,635.0,3.63,0.9993908270190958,0.03489949670250108,14.449999999999996,open-meteo,2026-08-08T10:04:01+00:00
2026-06-24 10:00:00+00:00,FR,solar,36.7,30,760.8,3.47,0.9781476007338057,-0.20791169081775934,34.3,32,780.0,2.71,0.9743700647852352,0.22495105434386492,33.2,36,755.0,1.5,0.6156614753256584,-0.7880107536067219,33.6,38,776.0,3.55,0.9945218953682733,-0.10452846326765355,16.450000000000003,open-meteo,2026-08-08T10:04:01+00:00
2026-06-24 11:00:00+00:00,FR,solar,39.3,23,848.2,3.45,0.9563047559630355,-0.29237170472273666,35.7,28,857.0,2.69,0.984807753012208,0.17364817766693041,36.3,26,838.0,2.8,0.7986355100472927,-0.6018150231520484,36.5,30,877.0,4.0,0.981627183447664,-0.1908089953765448,18.950000000000003,open-meteo,2026-08-08T10:04:01+00:00
2026-06-24 12:00:00+00:00,FR,solar,40.5,19,894.5,4.57,0.984807753012208,-0.1736481776669303,36.3,27,888.0,3.04,0.9335804264972017,0.3583679495453004,37.7,25,878.0,2.6,0.6560590289905073,-0.754709580222772,38.4,26,931.0,4.62,0.9563047559630355,-0.29237170472273666,20.225,open-meteo,2026-08-08T10:04:01+00:00
2026-06-24 13:00:00+00:00,FR,solar,41.7,15,898.3,6.39,0.9563047559630355,-0.29237170472273666,37.0,24,872.0,3.21,0.8571673007021123,0.5150380749100542,37.4,27,865.0,1.0,-0.656059028990507,-0.7547095802227721,39.6,21,934.0,4.77,0.9876883405951378,-0.1564344650402308,20.924999999999997,open-meteo,2026-08-08T10:04:01+00:00
2026-06-24 14:00:00+00:00,FR,solar,41.7,14,859.4,6.28,0.9702957262759965,-0.24192189559966779,37.4,22,809.0,3.35,0.788010753606722,0.6156614753256583,38.6,22,808.0,2.8,0.5877852522924732,-0.8090169943749473,40.2,18,888.0,5.01,0.9986295347545738,-0.05233595624294384,21.474999999999994,open-meteo,2026-08-08T10:04:01+00:00
2026-06-24 15:00:00+00:00,FR,solar,41.9,15,780.3,5.78,0.9205048534524403,-0.39073112848927377,37.3,22,707.0,4.12,0.8829475928589269,0.46947156278589086,38.2,23,608.0,2.3,0.7193398003386511,-0.6946583704589974,40.4,18,792.0,4.8,0.9781476007338057,-0.20791169081775934,21.449999999999996,open-meteo,2026-08-08T10:04:01+00:00
2026-06-24 16:00:00+00:00,FR,solar,42.0,14,655.1,6.2,0.9335804264972017,-0.35836794954530027,36.7,24,568.0,3.6,0.9271838545667874,0.37460659341591196,37.7,26,514.0,1.6,-0.992546151641322,0.12186934340514768,39.8,17,654.0,5.76,0.9510565162951535,0.30901699437494745,21.049999999999997,open-meteo,2026-08-08T10:04:01+00:00
2026-06-24 17:00:00+00:00,FR,solar,41.5,15,494.6,5.73,0.9945218953682733,-0.10452846326765355,36.6,22,410.0,4.95,0.8910065241883679,0.45399049973954686,37.8,23,432.0,0.9,0.5735764363510459,-0.8191520442889919,38.9,19,490.0,5.41,0.848048096156426,0.5299192642332049,20.699999999999996,open-meteo,2026-08-08T10:04:01+00:00
2026-06-24 18:00:00+00:00,FR,solar,40.8,15,318.5,3.86,0.9335804264972017,-0.35836794954530027,35.4,24,249.0,4.04,0.9205048534524404,0.3907311284892737,36.0,28,177.0,2.8,0.9135454576426009,-0.40673664307580026,37.5,23,309.0,3.9,0.9781476007338056,0.20791169081775945,19.424999999999997,open-meteo,2026-08-08T10:04:01+00:00
2026-06-24 19:00:00+00:00,FR,solar,39.4,17,146.8,2.68,0.8910065241883679,-0.45399049973954675,32.5,29,103.0,4.91,0.9986295347545738,-0.05233595624294384,34.7,30,28.0,3.1,-0.45399049973954697,0.8910065241883678,34.2,38,137.0,2.95,0.9659258262890683,-0.25881904510252085,17.200000000000003,open-meteo,2026-08-08T10:04:01+00:00
2026-06-24 20:00:00+00:00,FR,solar,36.9,22,25.5,1.75,0.8571673007021123,0.5150380749100542,28.7,40,12.0,4.84,0.992546151641322,0.12186934340514749,32.4,33,25.0,5.4,0.9455185755993167,0.32556815445715676,31.8,45,17.0,2.59,0.48480962024633717,-0.8746197071393957,14.450000000000003,open-meteo,2026-08-08T10:04:01+00:00
2026-06-24 21:00:00+00:00,FR,solar,35.9,23,0.0,3.34,0.7771459614569709,0.6293203910498374,26.3,53,0.0,3.73,0.9702957262759965,-0.24192189559966779,29.9,40,0.0,4.1,0.9961946980917455,-0.08715574274765824,29.9,44,0.0,4.08,0.5735764363510459,-0.8191520442889919,12.5,open-meteo,2026-08-08T10:04:01+00:00
2026-06-24 22:00:00+00:00,FR,solar,34.1,28,0.0,5.0,0.7986355100472928,0.6018150231520483,25.2,57,0.0,3.88,0.9335804264972017,-0.35836794954530027,27.7,46,0.0,6.7,0.9271838545667874,-0.37460659341591207,29.6,42,0.0,3.6,0.7071067811865476,-0.7071067811865475,11.149999999999999,open-meteo,2026-08-08T10:04:01+00:00
2026-06-24 23:00:00+00:00,FR,solar,32.6,32,0.0,5.55,0.4694715627858908,0.882947592858927,24.9,55,0.0,2.69,0.984807753012208,-0.1736481776669303,27.3,63,0.0,7.4,0.9612616959383189,0.27563735581699916,27.1,42,0.0,5.39,0.7986355100472927,-0.6018150231520484,9.975000000000001,open-meteo,2026-08-08T10:04:01+00:00
2026-06-25 00:00:00+00:00,FR,solar,31.2,35,0.0,5.41,0.42261826174069944,0.9063077870366499,23.8,59,0.0,3.26,0.992546151641322,0.12186934340514749,25.7,65,0.0,3.6,0.9902680687415704,-0.13917310096006535,25.5,50,0.0,6.88,0.8987940462991669,-0.4383711467890775,8.55,open-meteo,2026-08-08T10:04:01+00:00
2026-06-25 01:00:00+00:00,FR,solar,29.4,42,0.0,4.9,0.9563047559630354,0.29237170472273677,22.2,65,0.0,3.83,0.9986295347545738,0.052335956242943966,24.3,65,0.0,6.4,0.9902680687415704,-0.13917310096006535,24.5,54,0.0,5.96,0.9876883405951378,-0.1564344650402308,7.099999999999998,open-meteo,2026-08-08T10:04:01+00:00
2026-06-25 02:00:00+00:00,FR,solar,28.0,44,0.0,6.5,0.9998476951563913,0.0174524064372836,22.0,64,0.0,4.05,0.992546151641322,0.12186934340514749,24.8,65,0.0,8.4,0.9945218953682733,-0.10452846326765355,23.5,60,0.0,5.87,0.9659258262890683,-0.25881904510252085,6.574999999999999,open-meteo,2026-08-08T10:04:01+00:00
2026-06-25 03:00:00+00:00,FR,solar,27.2,47,0.0,6.62,0.788010753606722,-0.6156614753256583,21.8,67,0.0,4.42,0.9743700647852352,0.22495105434386492,23.7,66,0.0,8.8,0.9876883405951378,-0.1564344650402308,23.2,63,0.0,10.44,0.9781476007338057,-0.20791169081775934,5.975000000000001,open-meteo,2026-08-08T10:04:01+00:00
2026-06-25 04:00:00+00:00,FR,solar,26.8,48,0.0,6.45,0.8660254037844387,-0.49999999999999983,21.1,72,3.0,3.77,0.9876883405951378,0.15643446504023092,22.4,68,2.0,7.3,0.838670567945424,-0.5446390350150272,22.7,64,0.0,10.22,0.9510565162951536,-0.30901699437494734,5.2500000000000036,open-meteo,2026-08-08T10:04:01+00:00
2026-06-25 05:00:00+00:00,FR,solar,26.6,50,12.3,5.23,0.7071067811865476,-0.7071067811865475,22.0,70,65.0,3.16,0.992546151641322,0.12186934340514749,23.9,64,61.0,6.3,0.9902680687415704,-0.13917310096006535,22.4,67,13.0,9.26,0.9205048534524403,-0.39073112848927377,5.725000000000001,open-meteo,2026-08-08T10:04:01+00:00
2026-06-25 06:00:00+00:00,FR,solar,27.4,49,115.5,5.3,0.7193398003386511,-0.6946583704589974,26.0,51,195.0,3.26,0.9612616959383189,0.27563735581699916,25.3,62,188.0,5.6,0.9743700647852352,-0.22495105434386503,22.8,71,117.0,7.33,0.9205048534524403,-0.39073112848927377,7.375,open-meteo,2026-08-08T10:04:01+00:00
2026-06-25 07:00:00+00:00,FR,solar,29.0,45,278.5,5.12,0.777145961456971,-0.6293203910498373,28.6,45,353.0,2.18,0.8090169943749475,0.5877852522924731,26.5,54,339.0,4.8,0.981627183447664,-0.1908089953765448,24.4,69,282.0,6.2,0.9612616959383189,-0.27563735581699905,9.125,open-meteo,2026-08-08T10:04:01+00:00
2026-06-25 08:00:00+00:00,FR,solar,30.6,41,452.0,4.76,0.777145961456971,-0.6293203910498373,31.4,40,515.0,3.13,0.9396926207859083,0.3420201433256688,30.8,40,497.0,3.9,0.90630778703665,-0.42261826174069933,26.6,65,459.0,5.59,0.9659258262890683,-0.25881904510252085,11.850000000000001,open-meteo,2026-08-08T10:04:01+00:00
2026-06-25 09:00:00+00:00,FR,solar,32.4,38,615.7,3.97,0.8290375725550417,-0.5591929034707467,34.1,33,663.0,4.03,0.9975640502598242,0.06975647374412523,33.5,33,582.0,3.5,0.9612616959383189,-0.27563735581699905,29.3,56,626.0,5.09,0.9612616959383189,-0.27563735581699905,14.325000000000003,open-meteo,2026-08-08T10:04:01+00:00
2026-06-25 10:00:00+00:00,FR,solar,34.6,34,754.8,3.62,0.8829475928589269,-0.4694715627858909,35.9,28,781.0,4.23,0.9961946980917455,-0.08715574274765824,34.4,31,735.0,4.0,0.9781476007338057,-0.20791169081775934,31.8,49,767.0,4.71,0.9563047559630355,-0.29237170472273666,16.175000000000004,open-meteo,2026-08-08T10:04:01+00:00
2026-06-25 11:00:00+00:00,FR,solar,36.9,29,847.4,2.4,0.7071067811865476,-0.7071067811865475,37.2,25,858.0,4.9,0.9998476951563913,0.0174524064372836,36.9,26,835.0,5.3,0.9563047559630355,-0.29237170472273666,34.1,42,865.0,3.77,0.90630778703665,-0.42261826174069933,18.275,open-meteo,2026-08-08T10:04:01+00:00
2026-06-25 12:00:00+00:00,FR,solar,38.9,25,894.1,2.38,-0.2588190451025208,-0.9659258262890683,37.8,22,890.0,5.4,0.9975640502598242,0.06975647374412523,37.9,22,864.0,5.1,0.984807753012208,-0.1736481776669303,36.0,39,918.0,3.11,0.9135454576426009,-0.40673664307580026,19.65,open-meteo,2026-08-08T10:04:01+00:00
2026-06-25 13:00:00+00:00,FR,solar,39.7,21,898.1,1.3,0.529919264233205,-0.848048096156426,38.3,22,875.0,5.88,1.0,6.123233995736766e-17,38.0,22,798.0,5.3,0.9659258262890683,0.25881904510252074,37.5,33,918.0,1.88,0.8829475928589269,-0.4694715627858909,20.375,open-meteo,2026-08-08T10:04:01+00:00
2026-06-25 14:00:00+00:00,FR,solar,40.5,20,859.4,2.78,0.6156614753256584,-0.7880107536067219,38.5,21,813.0,5.49,0.9998476951563913,0.0174524064372836,38.8,20,759.0,5.1,0.9945218953682733,-0.10452846326765355,38.6,28,871.0,1.47,1.0,6.123233995736766e-17,21.1,open-meteo,2026-08-08T10:04:01+00:00
2026-06-25 15:00:00+00:00,FR,solar,40.8,22,620.6,3.23,0.9271838545667874,-0.37460659341591207,38.2,19,711.0,5.54,0.9902680687415704,0.13917310096006547,38.4,21,702.0,6.6,0.9902680687415704,0.13917310096006547,38.9,27,782.0,3.73,0.9986295347545738,0.052335956242943966,21.075000000000003,open-meteo,2026-08-08T10:04:01+00:00
2026-06-25 16:00:00+00:00,FR,solar,36.9,24,523.0,10.07,-0.8480480961564262,0.5299192642332047,37.9,20,574.0,6.21,0.9945218953682733,0.10452846326765346,37.1,22,553.0,6.8,0.9271838545667874,0.37460659341591196,39.1,24,647.0,3.35,0.9335804264972017,-0.35836794954530027,19.75,open-meteo,2026-08-08T10:04:01+00:00
2026-06-25 17:00:00+00:00,FR,solar,34.9,28,216.6,8.49,-0.9902680687415704,0.13917310096006547,37.1,20,415.0,6.03,0.992546151641322,0.12186934340514749,37.4,25,380.0,7.1,0.9510565162951535,0.30901699437494745,37.8,25,380.0,4.88,0.9271838545667874,-0.37460659341591207,18.799999999999997,open-meteo,2026-08-08T10:04:01+00:00
2026-06-25 18:00:00+00:00,FR,solar,35.0,28,104.2,3.08,0.224951054343865,0.9743700647852352,35.8,18,252.0,7.17,0.9975640502598242,0.06975647374412523,36.3,25,231.0,6.6,0.9335804264972017,0.3583679495453004,35.2,36,109.0,0.31,0.3090169943749475,-0.9510565162951535,17.575000000000003,open-meteo,2026-08-08T10:04:01+00:00
2026-06-25 19:00:00+00:00,FR,solar,32.5,36,75.6,6.26,-0.3420201433256686,0.9396926207859084,33.0,27,105.0,7.46,0.9702957262759965,-0.24192189559966779,34.3,28,114.0,6.1,0.8987940462991669,0.43837114678907746,31.2,52,53.0,3.44,-0.3420201433256686,0.9396926207859084,14.75,open-meteo,2026-08-08T10:04:01+00:00
2026-06-25 20:00:00+00:00,FR,solar,28.7,48,21.4,5.58,-0.8090169943749476,0.5877852522924729,30.1,33,12.0,6.99,0.981627183447664,-0.1908089953765448,32.5,34,24.0,5.2,0.766044443118978,0.6427876096865394,29.1,54,14.0,3.35,0.992546151641322,0.12186934340514749,12.100000000000001,open-meteo,2026-08-08T10:04:01+00:00
2026-06-25 21:00:00+00:00,FR,solar,28.2,48,0.0,9.34,-0.9612616959383188,0.2756373558169994,27.9,43,0.0,7.4,0.981627183447664,-0.1908089953765448,30.0,45,0.0,7.4,0.8829475928589269,0.46947156278589086,29.6,53,0.0,6.4,0.48480962024633717,-0.8746197071393957,10.924999999999997,open-meteo,2026-08-08T10:04:01+00:00
2026-06-25 22:00:00+00:00,FR,solar,25.8,62,0.0,9.14,-0.9961946980917455,-0.08715574274765825,26.6,51,0.0,6.3,0.9335804264972017,-0.35836794954530027,28.6,48,0.0,8.6,0.9510565162951535,0.30901699437494745,25.4,68,0.0,9.33,-0.9563047559630354,0.2923717047227367,8.600000000000001,open-meteo,2026-08-08T10:04:01+00:00
2026-06-25 23:00:00+00:00,FR,solar,23.5,84,0.0,6.23,-0.8660254037844384,-0.5000000000000004,26.1,53,0.0,4.54,0.838670567945424,-0.5446390350150272,27.8,47,0.0,7.9,0.9993908270190958,0.03489949670250108,23.0,86,0.0,9.78,-0.992546151641322,0.12186934340514768,7.100000000000001,open-meteo,2026-08-08T10:04:01+00:00
2026-06-26 00:00:00+00:00,FR,solar,23.2,86,0.0,9.32,-0.20791169081775987,0.9781476007338056,24.9,57,0.0,3.69,0.9563047559630355,-0.29237170472273666,26.2,53,0.0,6.6,0.9975640502598242,-0.06975647374412533,21.7,95,0.0,9.7,-0.9781476007338056,0.20791169081775945,6.0,open-meteo,2026-08-08T10:04:01+00:00
2026-06-26 01:00:00+00:00,FR,solar,24.1,73,0.0,5.2,-0.8660254037844386,0.5000000000000001,24.0,60,0.0,2.73,0.9659258262890683,-0.25881904510252085,25.3,54,0.0,8.8,0.981627183447664,-0.1908089953765448,21.6,95,0.0,5.4,-0.9781476007338056,0.20791169081775945,5.75,open-meteo,2026-08-08T10:04:01+00:00
2026-06-26 02:00:00+00:00,FR,solar,22.8,86,0.0,4.62,-0.9510565162951536,0.30901699437494723,23.3,64,0.0,1.86,0.9510565162951536,-0.30901699437494734,25.3,52,0.0,9.3,0.9998476951563913,0.0174524064372836,21.3,94,0.0,5.6,-0.9975640502598242,-0.06975647374412558,5.175000000000001,open-meteo,2026-08-08T10:04:01+00:00
2026-06-26 03:00:00+00:00,FR,solar,22.5,87,0.0,2.77,-0.9743700647852351,-0.22495105434386525,21.9,72,0.0,4.11,0.9781476007338057,-0.20791169081775934,24.5,53,0.0,9.5,0.9781476007338057,-0.20791169081775934,20.1,93,0.0,4.91,-0.9961946980917455,-0.08715574274765825,4.25,open-meteo,2026-08-08T10:04:01+00:00
2026-06-26 04:00:00+00:00,FR,solar,22.5,88,0.0,1.75,-0.9743700647852351,-0.22495105434386525,21.9,70,3.0,3.92,0.8480480961564261,-0.5299192642332048,23.5,50,2.0,9.3,0.9659258262890683,-0.25881904510252085,19.9,95,0.0,3.69,-0.981627183447664,-0.1908089953765446,3.950000000000003,open-meteo,2026-08-08T10:04:01+00:00
2026-06-26 05:00:00+00:00,FR,solar,22.7,88,6.2,1.84,-0.874619707139396,-0.48480962024633684,22.4,73,64.0,4.25,0.4383711467890773,-0.898794046299167,24.6,55,59.0,8.5,0.9455185755993168,-0.32556815445715664,19.9,96,11.0,3.87,-0.9876883405951377,-0.15643446504023104,4.399999999999999,open-meteo,2026-08-08T10:04:01+00:00
2026-06-26 06:00:00+00:00,FR,solar,23.2,86,60.4,2.06,-0.9205048534524403,-0.3907311284892738,27.0,58,194.0,3.58,0.15643446504023098,-0.9876883405951377,24.8,56,174.0,7.5,0.6293203910498374,-0.7771459614569709,20.6,92,93.0,4.12,-0.9986295347545738,-0.052335956242944306,5.899999999999999,open-meteo,2026-08-08T10:04:01+00:00
2026-06-26 07:00:00+00:00,FR,solar,24.5,79,256.0,2.33,-0.984807753012208,-0.17364817766693033,30.1,48,350.0,3.55,0.10452846326765373,-0.9945218953682733,26.5,56,316.0,6.4,0.5446390350150273,-0.8386705679454239,21.5,87,213.0,3.35,-0.992546151641322,0.12186934340514768,7.649999999999999,open-meteo,2026-08-08T10:04:01+00:00
2026-06-26 08:00:00+00:00,FR,solar,26.1,72,436.0,2.11,-0.9961946980917455,-0.08715574274765825,32.7,39,512.0,5.1,0.05233595624294381,-0.9986295347545738,29.8,43,486.0,2.4,0.8746197071393959,-0.484809620246337,23.1,80,365.0,1.77,-0.9945218953682734,-0.10452846326765336,9.925000000000004,open-meteo,2026-08-08T10:04:01+00:00
2026-06-26 09:00:00+00:00,FR,solar,28.1,63,599.0,1.71,-0.992546151641322,0.12186934340514768,35.6,31,649.0,5.33,-0.12186934340514731,-0.9925461516413221,32.9,36,623.0,2.8,-0.9510565162951535,-0.30901699437494756,25.3,72,524.0,0.93,-0.3090169943749473,-0.9510565162951536,12.474999999999998,open-meteo,2026-08-08T10:04:01+00:00
2026-06-26 10:00:00+00:00,FR,solar,29.6,57,737.8,1.64,-0.7880107536067218,0.6156614753256585,37.4,27,775.0,5.11,-0.2079116908177595,-0.9781476007338056,33.2,39,747.0,4.0,-0.9902680687415703,-0.13917310096006583,26.5,69,721.0,0.4,0.24192189559966773,-0.9702957262759965,13.675,open-meteo,2026-08-08T10:04:01+00:00
2026-06-26 11:00:00+00:00,FR,solar,31.7,48,844.9,1.66,-0.8386705679454243,0.5446390350150266,39.0,23,852.0,5.61,-0.2079116908177595,-0.9781476007338056,36.3,27,823.0,2.5,-0.9135454576426011,0.40673664307579976,28.1,64,838.0,0.22,0.45399049973954686,-0.8910065241883678,15.774999999999999,open-meteo,2026-08-08T10:04:01+00:00
2026-06-26 12:00:00+00:00,FR,solar,33.0,44,893.7,1.0,-0.9945218953682734,0.10452846326765299,39.0,24,883.0,5.35,-0.2419218955996675,-0.9702957262759965,37.2,25,872.0,2.6,-0.9612616959383188,0.2756373558169994,29.9,57,911.0,0.57,0.8571673007021123,-0.5150380749100543,16.775,open-meteo,2026-08-08T10:04:01+00:00
2026-06-26 13:00:00+00:00,FR,solar,34.4,39,897.6,0.5,0.6018150231520483,0.7986355100472928,39.3,21,814.0,6.69,0.19080899537654497,-0.9816271834476639,37.9,26,842.0,2.5,-0.7431448254773946,0.6691306063588578,31.2,53,916.0,0.28,0.7071067811865476,-0.7071067811865475,17.699999999999996,open-meteo,2026-08-08T10:04:01+00:00
2026-06-26 14:00:00+00:00,FR,solar,35.1,37,857.3,3.59,0.9743700647852352,0.22495105434386492,39.7,21,641.0,4.19,-0.19080899537654472,-0.981627183447664,38.7,23,789.0,4.5,-0.9396926207859083,0.342020143325669,32.3,51,869.0,0.35,0.8290375725550417,0.5591929034707468,18.450000000000003,open-meteo,2026-08-08T10:04:01+00:00
2026-06-26 15:00:00+00:00,FR,solar,35.1,37,767.0,2.2,0.49999999999999994,0.8660254037844387,31.7,44,468.0,15.3,-0.992546151641322,0.12186934340514768,37.7,29,662.0,6.7,-0.6293203910498378,0.7771459614569706,32.9,49,772.0,0.28,0.7071067811865475,0.7071067811865476,16.35,open-meteo,2026-08-08T10:04:01+00:00
2026-06-26 16:00:00+00:00,FR,solar,35.6,37,628.1,1.77,-0.6819983600624984,0.7313537016191707,31.2,37,393.0,12.34,-0.8290375725550416,0.559192903470747,36.4,33,467.0,7.6,-0.529919264233205,0.8480480961564258,33.2,49,637.0,0.49,0.6018150231520482,-0.7986355100472929,16.099999999999994,open-meteo,2026-08-08T10:04:01+00:00
2026-06-26 17:00:00+00:00,FR,solar,34.3,43,472.4,4.17,-0.7193398003386512,0.6946583704589973,31.7,36,317.0,7.79,-0.7660444431189781,0.6427876096865393,34.9,28,416.0,7.5,-0.29237170472273716,0.9563047559630353,33.2,50,475.0,0.9,-0.9743700647852351,-0.22495105434386525,15.525000000000006,open-meteo,2026-08-08T10:04:01+00:00
2026-06-26 18:00:00+00:00,FR,solar,32.9,45,307.9,4.94,-0.5877852522924734,0.8090169943749473,33.1,37,225.0,5.8,-0.5000000000000004,0.8660254037844384,33.4,33,273.0,4.0,0.9063077870366499,0.42261826174069944,32.7,51,299.0,0.83,-0.7071067811865475,-0.7071067811865477,15.025000000000006,open-meteo,2026-08-08T10:04:01+00:00
2026-06-26 19:00:00+00:00,FR,solar,31.2,49,144.5,4.88,-0.3907311284892739,0.9205048534524403,32.4,42,94.0,3.26,0.754709580222772,0.6560590289905073,31.4,46,8.0,7.2,-0.24192189559966787,0.9702957262759965,31.0,62,134.0,1.08,-0.9961946980917455,-0.08715574274765825,13.5,open-meteo,2026-08-08T10:04:01+00:00
2026-06-26 20:00:00+00:00,FR,solar,29.0,54,24.5,4.92,-0.6156614753256582,0.7880107536067221,30.3,43,11.0,3.9,0.9781476007338057,-0.20791169081775934,31.5,42,24.0,5.8,0.0,1.0,28.3,69,18.0,4.22,-0.37460659341591235,0.9271838545667873,11.774999999999999,open-meteo,2026-08-08T10:04:01+00:00
2026-06-26 21:00:00+00:00,FR,solar,27.6,60,0.0,4.16,-0.45399049973954697,0.8910065241883678,27.3,56,0.0,2.81,0.9781476007338056,0.20791169081775945,24.0,80,0.0,6.4,0.9998476951563913,-0.017452406437283477,26.9,70,0.0,5.02,0.20791169081775934,0.9781476007338057,8.450000000000003,open-meteo,2026-08-08T10:04:01+00:00
2026-06-26 22:00:00+00:00,FR,solar,27.0,63,0.0,3.93,-0.12186934340514723,0.9925461516413221,25.7,61,0.0,2.84,0.9993908270190958,-0.034899496702500955,28.4,54,0.0,5.6,0.27563735581699916,0.9612616959383189,26.0,72,0.0,5.11,0.5299192642332049,0.848048096156426,8.774999999999999,open-meteo,2026-08-08T10:04:01+00:00
2026-06-26 23:00:00+00:00,FR,solar,26.2,64,0.0,4.51,-0.06975647374412564,0.9975640502598242,25.2,64,0.0,1.48,0.9902680687415704,-0.13917310096006535,28.2,53,0.0,5.5,0.9396926207859083,0.3420201433256688,25.4,73,0.0,5.21,0.6560590289905073,0.754709580222772,8.25,open-meteo,2026-08-08T10:04:01+00:00
2026-06-27 00:00:00+00:00,FR,solar,25.8,63,0.0,3.61,0.24192189559966773,0.9702957262759965,24.2,69,0.0,1.4,0.9781476007338057,-0.20791169081775934,22.6,85,0.0,3.2,0.5591929034707469,0.8290375725550417,24.5,77,0.0,5.19,0.8090169943749475,0.5877852522924731,6.274999999999999,open-meteo,2026-08-08T10:04:01+00:00
2026-06-27 01:00:00+00:00,FR,solar,25.5,66,0.0,3.19,0.6560590289905073,0.754709580222772,24.0,67,0.0,1.01,0.8746197071393959,-0.484809620246337,25.8,66,0.0,4.1,0.8910065241883679,0.45399049973954686,24.1,78,0.0,5.26,0.8746197071393957,0.4848096202463371,6.850000000000001,open-meteo,2026-08-08T10:04:01+00:00
2026-06-27 02:00:00+00:00,FR,solar,24.9,75,0.0,3.04,0.7193398003386511,0.6946583704589973,22.6,73,0.0,1.55,0.8191520442889917,-0.5735764363510462,26.2,60,0.0,3.2,0.27563735581699916,0.9612616959383189,23.7,80,0.0,4.99,0.9612616959383189,0.27563735581699916,6.350000000000001,open-meteo,2026-08-08T10:04:01+00:00
2026-06-27 03:00:00+00:00,FR,solar,24.6,77,0.0,2.91,0.8910065241883679,0.45399049973954686,21.7,74,0.0,1.88,0.4694715627858907,-0.882947592858927,21.6,78,0.0,4.7,0.0,1.0,22.7,84,0.0,3.86,0.8910065241883679,-0.45399049973954675,4.650000000000002,open-meteo,2026-08-08T10:04:01+00:00
2026-06-27 04:00:00+00:00,FR,solar,23.8,77,0.0,2.83,0.7071067811865475,0.7071067811865476,21.3,80,3.0,2.73,0.258819045102521,-0.9659258262890682,23.6,68,1.0,6.7,0.48480962024633706,0.8746197071393957,22.1,84,0.0,3.12,0.6560590289905073,-0.754709580222772,4.700000000000003,open-meteo,2026-08-08T10:04:01+00:00
2026-06-27 05:00:00+00:00,FR,solar,23.9,82,10.8,2.42,0.788010753606722,0.6156614753256583,22.6,76,62.0,3.53,1.2246467991473532e-16,-1.0,23.5,81,58.0,4.2,0.5446390350150271,0.838670567945424,21.7,85,14.0,2.24,0.48480962024633717,-0.8746197071393957,4.925000000000001,open-meteo,2026-08-08T10:04:01+00:00
2026-06-27 06:00:00+00:00,FR,solar,25.3,76,110.3,0.42,0.7071067811865475,0.7071067811865476,26.9,59,188.0,3.94,-0.1045284632676535,-0.9945218953682733,23.1,79,182.0,4.9,0.5446390350150271,0.838670567945424,23.0,88,119.0,1.82,-0.587785252292473,-0.8090169943749475,6.575000000000003,open-meteo,2026-08-08T10:04:01+00:00
2026-06-27 07:00:00+00:00,FR,solar,26.1,73,268.5,2.02,-0.9876883405951377,-0.15643446504023104,30.9,45,337.0,3.23,1.2246467991473532e-16,-1.0,27.2,62,335.0,5.3,0.9781476007338056,0.20791169081775945,24.4,87,281.0,2.5,-0.8987940462991668,-0.43837114678907774,9.149999999999999,open-meteo,2026-08-08T10:04:01+00:00
2026-06-27 08:00:00+00:00,FR,solar,27.8,65,439.0,2.18,-0.961261695938319,-0.2756373558169989,34.4,31,508.0,4.88,-0.17364817766693047,-0.984807753012208,27.6,55,352.0,7.5,-0.6819983600624984,0.7313537016191707,26.1,82,451.0,3.01,-0.9455185755993168,-0.32556815445715664,10.975000000000001,open-meteo,2026-08-08T10:04:01+00:00
2026-06-27 09:00:00+00:00,FR,solar,29.9,58,600.3,2.16,-0.8290375725550418,-0.5591929034707466,36.5,29,654.0,4.61,-0.06975647374412527,-0.9975640502598242,30.0,53,109.0,2.2,0.374606593415912,0.9271838545667874,28.2,75,616.0,2.48,-0.9510565162951535,-0.30901699437494756,13.150000000000002,open-meteo,2026-08-08T10:04:01+00:00
2026-06-27 10:00:00+00:00,FR,solar,32.1,53,741.5,2.28,-0.874619707139396,-0.48480962024633684,38.4,25,769.0,6.01,0.10452846326765373,-0.9945218953682733,28.0,57,752.0,3.9,0.4067366430758002,0.9135454576426009,30.2,67,758.0,3.19,-0.9510565162951535,-0.30901699437494756,14.174999999999997,open-meteo,2026-08-08T10:04:01+00:00
2026-06-27 11:00:00+00:00,FR,solar,33.8,48,841.8,4.16,-0.8910065241883678,-0.45399049973954697,39.3,23,825.0,6.27,0.03489949670250114,-0.9993908270190958,30.0,52,424.0,7.3,0.7313537016191705,0.6819983600624985,32.0,60,860.0,3.45,-0.9925461516413221,-0.12186934340514717,15.774999999999999,open-meteo,2026-08-08T10:04:01+00:00
2026-06-27 12:00:00+00:00,FR,solar,34.9,43,887.5,4.88,-0.9205048534524403,-0.3907311284892738,40.2,20,836.0,6.77,-0.052335956242943564,-0.9986295347545738,34.6,39,813.0,1.5,0.984807753012208,0.17364817766693041,34.0,49,914.0,2.67,-0.9902680687415704,0.13917310096006547,17.924999999999997,open-meteo,2026-08-08T10:04:01+00:00
2026-06-27 13:00:00+00:00,FR,solar,36.3,38,885.8,5.62,-0.9961946980917455,-0.08715574274765825,40.4,15,871.0,7.25,-0.22495105434386498,-0.9743700647852352,32.7,51,809.0,3.6,-0.9743700647852351,-0.22495105434386525,35.5,40,917.0,2.45,-0.9612616959383188,0.2756373558169994,18.224999999999994,open-meteo,2026-08-08T10:04:01+00:00
2026-06-27 14:00:00+00:00,FR,solar,35.4,40,857.3,5.9,-0.9993908270190958,-0.03489949670250076,40.6,14,809.0,8.25,0.2756373558169992,-0.9612616959383189,35.3,44,797.0,3.3,0.5150380749100542,0.8571673007021123,36.2,39,866.0,2.06,-0.9986295347545738,0.052335956242943946,18.875,open-meteo,2026-08-08T10:04:01+00:00
2026-06-27 15:00:00+00:00,FR,solar,34.7,30,767.7,7.35,-0.9781476007338056,-0.2079116908177598,40.3,16,649.0,6.09,-0.19080899537654472,-0.981627183447664,37.4,35,705.0,5.5,-0.9961946980917455,-0.08715574274765825,36.2,37,745.0,2.84,-0.9993908270190958,0.03489949670250128,19.150000000000006,open-meteo,2026-08-08T10:04:01+00:00
2026-06-27 16:00:00+00:00,FR,solar,34.7,29,651.2,7.0,-1.0,-1.8369701987210297e-16,40.1,16,484.0,7.36,-0.5446390350150271,-0.838670567945424,36.1,40,566.0,6.2,-0.7193398003386512,0.6946583704589973,35.9,38,609.0,3.02,-0.9743700647852352,0.22495105434386492,18.700000000000003,open-meteo,2026-08-08T10:04:01+00:00
2026-06-27 17:00:00+00:00,FR,solar,33.0,38,486.1,6.68,-0.9563047559630354,0.2923717047227367,39.2,17,356.0,7.23,-0.4226182617406993,-0.90630778703665,29.5,86,422.0,8.0,-0.12186934340514723,0.9925461516413221,35.1,38,456.0,4.8,-0.9396926207859083,0.342020143325669,16.200000000000003,open-meteo,2026-08-08T10:04:01+00:00
2026-06-27 18:00:00+00:00,FR,solar,31.2,45,299.4,5.69,-0.9135454576426011,0.40673664307579976,37.8,18,251.0,7.94,-0.22495105434386498,-0.9743700647852352,35.4,38,268.0,4.8,-0.9063077870366498,0.4226182617406996,34.0,40,247.0,4.59,-0.8290375725550416,0.559192903470747,16.6,open-meteo,2026-08-08T10:04:01+00:00
2026-06-27 19:00:00+00:00,FR,solar,28.7,54,145.8,5.17,-0.7313537016191703,0.6819983600624987,35.0,22,106.0,7.18,-0.08715574274765794,-0.9961946980917455,30.0,67,128.0,6.1,0.838670567945424,0.5446390350150271,31.9,41,107.0,8.37,-0.3090169943749477,0.9510565162951535,13.399999999999999,open-meteo,2026-08-08T10:04:01+00:00
2026-06-27 20:00:00+00:00,FR,solar,26.9,63,24.5,3.26,-0.7313537016191703,0.6819983600624987,31.9,22,12.0,7.36,-0.17364817766693047,-0.984807753012208,27.4,85,24.0,2.9,0.35836794954530027,0.9335804264972017,28.9,48,14.0,7.13,-0.3090169943749477,0.9510565162951535,10.774999999999999,open-meteo,2026-08-08T10:04:01+00:00
2026-06-27 21:00:00+00:00,FR,solar,25.6,67,0.0,4.27,-0.8386705679454243,0.5446390350150266,29.0,27,0.0,6.38,0.06975647374412552,-0.9975640502598242,29.7,62,0.0,3.9,-0.3090169943749477,0.9510565162951535,27.3,52,0.0,8.25,-0.7193398003386512,0.6946583704589973,9.899999999999999,open-meteo,2026-08-08T10:04:01+00:00
2026-06-27 22:00:00+00:00,FR,solar,24.8,62,0.0,5.81,-0.7431448254773946,0.6691306063588578,27.1,33,0.0,6.18,0.03489949670250114,-0.9993908270190958,27.2,69,0.0,1.3,-0.7313537016191703,-0.6819983600624986,24.8,69,0.0,6.73,-0.9335804264972017,0.3583679495453004,7.975000000000001,open-meteo,2026-08-08T10:04:01+00:00
2026-06-27 23:00:00+00:00,FR,solar,22.0,85,0.0,5.72,-0.945518575599317,0.3255681544571563,26.6,37,0.0,6.77,-0.17364817766693047,-0.984807753012208,25.0,80,0.0,6.4,-0.9902680687415704,0.13917310096006547,23.3,83,0.0,6.76,-0.9998476951563913,0.01745240643728313,6.224999999999998,open-meteo,2026-08-08T10:04:01+00:00
2026-06-28 00:00:00+00:00,FR,solar,22.2,88,0.0,6.33,-0.9335804264972015,-0.3583679495453007,27.7,37,0.0,11.9,-0.08715574274765794,-0.9961946980917455,23.7,75,0.0,1.9,0.25881904510252074,0.9659258262890683,22.5,87,0.0,7.13,-0.9612616959383188,0.2756373558169994,6.024999999999999,open-meteo,2026-08-08T10:04:01+00:00
2026-06-28 01:00:00+00:00,FR,solar,22.0,83,0.0,3.57,-0.981627183447664,-0.1908089953765446,27.0,39,0.0,6.56,-0.9998476951563913,0.01745240643728313,21.0,88,0.0,1.7,-0.656059028990507,-0.7547095802227721,21.4,88,0.0,7.81,-0.9135454576426011,0.40673664307579976,4.850000000000001,open-meteo,2026-08-08T10:04:01+00:00
2026-06-28 02:00:00+00:00,FR,solar,21.0,90,0.0,4.8,0.9993908270190958,0.03489949670250108,23.9,65,0.0,5.97,-0.3907311284892739,0.9205048534524403,21.1,91,0.0,2.5,0.8290375725550417,0.5591929034707468,20.8,87,0.0,6.93,-0.7193398003386512,0.6946583704589973,3.6999999999999993,open-meteo,2026-08-08T10:04:01+00:00
2026-06-28 03:00:00+00:00,FR,solar,20.7,85,0.0,2.22,0.13917310096006544,0.9902680687415704,23.6,66,0.0,1.24,0.3090169943749474,0.9510565162951535,22.0,81,0.0,5.6,-0.7071067811865475,-0.7071067811865477,20.8,94,0.0,5.04,-0.8910065241883679,0.45399049973954664,3.7749999999999986,open-meteo,2026-08-08T10:04:01+00:00
2026-06-28 04:00:00+00:00,FR,solar,20.0,89,0.0,3.51,-0.9961946980917455,-0.08715574274765825,22.4,75,2.0,1.12,-0.6156614753256582,-0.788010753606722,18.7,95,1.0,3.0,-0.6293203910498378,0.7771459614569706,20.5,94,0.0,3.45,-0.992546151641322,0.12186934340514768,2.3999999999999986,open-meteo,2026-08-08T10:04:01+00:00
2026-06-28 05:00:00+00:00,FR,solar,19.8,92,10.8,5.51,-0.9986295347545738,0.052335956242943946,22.8,77,59.0,2.59,-0.874619707139396,-0.48480962024633684,20.5,96,59.0,3.3,-0.9986295347545738,-0.052335956242944306,20.3,93,12.0,3.82,-0.9998476951563913,-0.017452406437283498,2.8500000000000014,open-meteo,2026-08-08T10:04:01+00:00
2026-06-28 06:00:00+00:00,FR,solar,20.6,93,104.9,1.61,-0.8660254037844386,0.5000000000000001,25.4,64,184.0,0.92,-0.5299192642332048,-0.8480480961564261,22.9,77,184.0,5.1,-0.9986295347545738,0.052335956242943946,21.4,90,106.0,2.24,-0.9205048534524405,0.3907311284892735,4.575000000000003,open-meteo,2026-08-08T10:04:01+00:00
2026-06-28 07:00:00+00:00,FR,solar,22.2,83,134.3,1.44,-0.5591929034707466,0.8290375725550418,27.2,60,314.0,1.32,-0.7431448254773944,-0.6691306063588581,23.5,69,336.0,2.6,-0.9961946980917455,0.08715574274765789,22.6,83,250.0,0.88,-0.8910065241883679,0.45399049973954664,5.875,open-meteo,2026-08-08T10:04:01+00:00
2026-06-28 08:00:00+00:00,FR,solar,23.5,77,396.6,1.08,-0.8290375725550416,0.559192903470747,28.7,56,436.0,3.29,-0.7986355100472928,-0.6018150231520483,25.5,64,424.0,3.7,-0.9743700647852351,-0.22495105434386525,24.0,75,428.0,1.19,-0.9876883405951378,0.15643446504023067,7.425000000000001,open-meteo,2026-08-08T10:04:01+00:00
2026-06-28 09:00:00+00:00,FR,solar,24.4,70,517.7,0.67,-0.45399049973954697,0.8910065241883678,32.2,41,555.0,7.28,-0.9396926207859084,-0.34202014332566855,28.0,54,446.0,5.4,-0.9271838545667873,-0.3746065934159123,24.8,71,553.0,1.39,-0.9902680687415703,-0.13917310096006583,9.349999999999998,open-meteo,2026-08-08T10:04:01+00:00
2026-06-28 10:00:00+00:00,FR,solar,24.6,69,457.0,4.61,0.4539904997395468,0.8910065241883679,29.8,48,735.0,9.53,-0.9975640502598242,-0.06975647374412558,26.5,69,259.0,4.4,-0.882947592858927,-0.46947156278589075,25.7,65,500.0,1.31,-0.9743700647852352,0.22495105434386492,8.650000000000002,open-meteo,2026-08-08T10:04:01+00:00
2026-06-28 11:00:00+00:00,FR,solar,25.9,63,766.2,2.09,-0.29237170472273716,0.9563047559630353,30.0,45,506.0,6.58,-0.9975640502598243,0.06975647374412522,27.0,56,142.0,2.3,-0.9998476951563913,0.01745240643728313,27.3,60,641.0,0.93,-0.9510565162951535,-0.30901699437494756,9.55,open-meteo,2026-08-08T10:04:01+00:00
2026-06-28 12:00:00+00:00,FR,solar,26.9,57,845.7,4.39,-0.20791169081775987,0.9781476007338056,30.6,44,228.0,6.99,-0.9816271834476639,0.1908089953765451,27.0,61,474.0,3.0,-0.945518575599317,0.3255681544571563,28.4,54,658.0,0.98,0.9945218953682733,-0.10452846326765355,10.225000000000001,open-meteo,2026-08-08T10:04:01+00:00
2026-06-28 13:00:00+00:00,FR,solar,28.5,52,870.9,3.06,0.1908089953765448,0.981627183447664,31.6,38,591.0,6.47,-0.8480480961564262,0.5299192642332047,28.2,50,695.0,3.6,-0.898794046299167,0.4383711467890774,29.6,50,680.0,0.42,0.7071067811865475,0.7071067811865476,11.475000000000001,open-meteo,2026-08-08T10:04:01+00:00
2026-06-28 14:00:00+00:00,FR,solar,29.1,51,778.5,3.7,-0.034899496702500823,0.9993908270190958,26.0,64,415.0,4.12,-0.9998476951563913,0.01745240643728313,29.7,45,809.0,3.9,-0.945518575599317,0.3255681544571563,30.2,49,629.0,1.9,-0.5735764363510465,0.8191520442889916,10.75,open-meteo,2026-08-08T10:04:01+00:00
2026-06-28 15:00:00+00:00,FR,solar,29.0,51,634.8,3.7,-0.3255681544571567,0.9455185755993168,25.3,71,408.0,3.71,-0.9781476007338056,-0.2079116908177598,28.8,54,700.0,4.4,-0.8090169943749476,0.5877852522924729,30.5,49,505.0,3.56,-0.13917310096006588,0.9902680687415703,10.399999999999999,open-meteo,2026-08-08T10:04:01+00:00
2026-06-28 16:00:00+00:00,FR,solar,27.6,55,250.0,8.01,-0.7547095802227722,0.656059028990507,28.5,62,420.0,3.71,-0.9781476007338056,0.20791169081775945,28.5,56,542.0,5.3,-0.8480480961564262,0.5299192642332047,30.0,48,435.0,4.82,-0.40673664307580015,0.9135454576426009,10.649999999999999,open-meteo,2026-08-08T10:04:01+00:00
2026-06-28 17:00:00+00:00,FR,solar,26.1,61,434.4,8.05,-0.529919264233205,0.8480480961564258,29.1,57,383.0,4.47,-0.8746197071393956,0.4848096202463373,28.8,53,244.0,5.6,-0.6293203910498378,0.7771459614569706,28.0,55,155.0,5.81,-0.10452846326765342,0.9945218953682733,10.0,open-meteo,2026-08-08T10:04:01+00:00
2026-06-28 18:00:00+00:00,FR,solar,24.5,63,226.9,8.1,-0.5735764363510465,0.8191520442889916,31.2,34,240.0,4.76,-0.7986355100472932,0.6018150231520479,27.5,54,259.0,5.6,-0.6293203910498378,0.7771459614569706,26.4,58,61.0,7.26,-0.5735764363510465,0.8191520442889916,9.399999999999999,open-meteo,2026-08-08T10:04:01+00:00
2026-06-28 19:00:00+00:00,FR,solar,23.3,67,54.8,5.33,-0.5591929034707466,0.8290375725550418,29.7,44,95.0,4.67,-0.6293203910498378,0.7771459614569706,24.7,66,128.0,9.5,-0.2588190451025207,0.9659258262890683,21.5,88,5.0,8.31,0.6946583704589971,-0.7193398003386513,6.800000000000001,open-meteo,2026-08-08T10:04:01+00:00
2026-06-28 20:00:00+00:00,FR,solar,22.7,68,10.0,5.3,-0.6946583704589976,0.7193398003386509,27.2,52,11.0,4.59,-0.3420201433256686,0.9396926207859084,22.9,72,1.0,8.8,-0.27563735581699894,0.9612616959383189,21.1,87,1.0,7.99,0.1908089953765448,0.981627183447664,5.475000000000001,open-meteo,2026-08-08T10:04:01+00:00
2026-06-28 21:00:00+00:00,FR,solar,22.5,68,0.0,1.25,-0.874619707139396,-0.48480962024633684,26.4,54,0.0,6.47,-2.4492935982947064e-16,1.0,22.0,70,0.0,7.0,0.0,1.0,20.9,91,0.0,6.44,0.5446390350150271,0.838670567945424,4.950000000000003,open-meteo,2026-08-08T10:04:01+00:00
2026-06-28 22:00:00+00:00,FR,solar,20.9,86,0.0,2.33,-0.9063077870366498,0.4226182617406996,25.2,62,0.0,7.4,0.1908089953765448,0.981627183447664,19.8,89,0.0,8.2,0.052335956242943835,0.9986295347545738,20.6,91,0.0,5.08,0.8290375725550417,0.5591929034707468,3.625,open-meteo,2026-08-08T10:04:01+00:00
2026-06-28 23:00:00+00:00,FR,solar,20.7,89,0.0,2.15,-0.37460659341591235,0.9271838545667873,23.2,79,0.0,15.9,-0.9986295347545738,0.052335956242943946,21.1,73,0.0,6.7,-0.15643446504023112,0.9876883405951377,19.7,86,0.0,5.19,0.5877852522924731,0.8090169943749475,3.1750000000000007,open-meteo,2026-08-08T10:04:01+00:00
2026-06-29 00:00:00+00:00,FR,solar,20.7,89,0.0,4.6,-0.6691306063588581,0.7431448254773944,20.6,94,0.0,2.39,0.3255681544571567,0.9455185755993168,20.9,75,0.0,7.0,-0.45399049973954697,0.8910065241883678,19.0,91,0.0,4.12,0.3090169943749474,0.9510565162951535,2.299999999999997,open-meteo,2026-08-08T10:04:01+00:00
2026-06-29 01:00:00+00:00,FR,solar,21.2,77,0.0,5.69,-0.5150380749100545,0.8571673007021121,21.0,92,0.0,4.51,0.9993908270190958,0.03489949670250108,18.8,89,0.0,9.3,-0.4694715627858908,0.882947592858927,19.2,89,0.0,3.64,-0.24192189559966787,0.9702957262759965,2.0500000000000007,open-meteo,2026-08-08T10:04:01+00:00
2026-06-29 02:00:00+00:00,FR,solar,20.4,79,0.0,6.94,-0.4226182617406992,0.90630778703665,21.5,88,0.0,3.85,0.9659258262890683,0.25881904510252074,18.9,78,0.0,8.5,-0.4383711467890778,0.8987940462991668,19.3,91,0.0,3.61,-0.7313537016191703,0.6819983600624987,2.0249999999999986,open-meteo,2026-08-08T10:04:01+00:00
2026-06-29 03:00:00+00:00,FR,solar,19.9,79,0.0,5.29,-0.37460659341591235,0.9271838545667873,20.6,89,0.0,0.62,-0.3090169943749473,-0.9510565162951536,18.3,82,0.0,8.4,-0.5735764363510465,0.8191520442889916,19.1,95,0.0,6.07,-0.3090169943749477,0.9510565162951535,1.4750000000000014,open-meteo,2026-08-08T10:04:01+00:00
2026-06-29 04:00:00+00:00,FR,solar,19.7,79,0.0,4.02,-0.5735764363510465,0.8191520442889916,20.5,92,1.0,3.2,-0.4539904997395467,-0.8910065241883679,15.9,87,1.0,6.7,-0.4848096202463369,0.8746197071393959,19.0,96,0.0,6.04,-0.13917310096006588,0.9902680687415703,0.7749999999999986,open-meteo,2026-08-08T10:04:01+00:00
2026-06-29 05:00:00+00:00,FR,solar,19.6,78,8.5,4.6,-0.5591929034707466,0.8290375725550418,20.5,89,28.0,0.98,-0.7986355100472928,-0.6018150231520483,16.9,72,48.0,5.9,-0.45399049973954697,0.8910065241883678,19.1,96,10.0,4.5,-0.27563735581699894,0.9612616959383189,1.0249999999999986,open-meteo,2026-08-08T10:04:01+00:00
2026-06-29 06:00:00+00:00,FR,solar,19.9,78,103.4,4.75,-0.37460659341591235,0.9271838545667873,21.3,85,66.0,2.36,-0.29237170472273716,0.9563047559630353,17.3,74,118.0,6.6,-0.544639035015027,0.838670567945424,19.7,89,95.0,4.91,-0.3907311284892739,0.9205048534524403,1.5500000000000007,open-meteo,2026-08-08T10:04:01+00:00
2026-06-29 07:00:00+00:00,FR,solar,21.4,73,265.2,5.14,-0.12186934340514723,0.9925461516413221,22.0,81,150.0,2.37,-0.992546151641322,0.12186934340514768,17.2,76,235.0,4.8,-0.5591929034707466,0.8290375725550418,20.5,84,198.0,3.78,-0.35836794954530077,0.9335804264972015,2.2749999999999986,open-meteo,2026-08-08T10:04:01+00:00
2026-06-29 08:00:00+00:00,FR,solar,22.9,66,439.8,3.42,-0.12186934340514723,0.9925461516413221,23.0,77,162.0,3.72,-2.4492935982947064e-16,1.0,19.2,63,362.0,4.5,-0.5000000000000004,0.8660254037844384,21.6,79,357.0,3.24,-0.4226182617406992,0.90630778703665,3.674999999999997,open-meteo,2026-08-08T10:04:01+00:00
2026-06-29 09:00:00+00:00,FR,solar,24.3,60,580.2,2.94,-0.1736481776669304,0.984807753012208,23.8,73,297.0,2.75,0.0697564737441253,0.9975640502598242,21.2,60,548.0,3.7,-0.4848096202463369,0.8746197071393959,22.7,73,575.0,2.86,-0.6156614753256582,0.7880107536067221,5.0,open-meteo,2026-08-08T10:04:01+00:00
2026-06-29 10:00:00+00:00,FR,solar,25.6,54,611.1,2.53,-0.3090169943749477,0.9510565162951535,25.1,66,483.0,4.3,0.49999999999999994,0.8660254037844387,21.4,57,728.0,4.0,-0.3907311284892739,0.9205048534524403,24.3,66,730.0,2.1,-0.6018150231520483,0.7986355100472928,6.099999999999998,open-meteo,2026-08-08T10:04:01+00:00
2026-06-29 11:00:00+00:00,FR,solar,26.9,49,720.1,2.97,-0.6691306063588581,0.7431448254773944,25.7,62,495.0,2.5,0.5150380749100542,0.8571673007021123,24.5,48,770.0,3.2,0.12186934340514748,0.992546151641322,25.5,60,710.0,2.26,-0.5591929034707466,0.8290375725550418,7.649999999999999,open-meteo,2026-08-08T10:04:01+00:00
2026-06-29 12:00:00+00:00,FR,solar,28.2,43,882.1,2.88,-0.5591929034707466,0.8290375725550418,23.4,76,435.0,2.36,0.7071067811865476,-0.7071067811865475,25.5,47,861.0,3.8,-0.3255681544571567,0.9455185755993168,26.8,54,715.0,2.15,-0.5000000000000004,0.8660254037844384,7.974999999999998,open-meteo,2026-08-08T10:04:01+00:00
2026-06-29 13:00:00+00:00,FR,solar,29.4,40,876.4,2.22,-0.5877852522924734,0.8090169943749473,23.6,76,161.0,3.22,-0.34202014332566866,-0.9396926207859084,25.2,50,839.0,2.4,-0.37460659341591235,0.9271838545667873,27.6,50,729.0,2.17,-0.3090169943749477,0.9510565162951535,8.450000000000003,open-meteo,2026-08-08T10:04:01+00:00
2026-06-29 14:00:00+00:00,FR,solar,29.8,40,781.6,4.0,-0.9986295347545738,-0.052335956242944306,24.6,71,312.0,1.81,-0.754709580222772,-0.6560590289905073,27.3,38,806.0,4.1,0.24192189559966773,0.9702957262759965,28.4,47,650.0,1.29,-0.15643446504023112,0.9876883405951377,9.524999999999999,open-meteo,2026-08-08T10:04:01+00:00
2026-06-29 15:00:00+00:00,FR,solar,29.4,40,663.8,4.97,-0.8660254037844386,0.5000000000000001,24.6,70,320.0,1.12,0.258819045102521,-0.9659258262890682,27.5,38,697.0,4.1,-0.529919264233205,0.8480480961564258,28.6,47,484.0,2.16,-2.4492935982947064e-16,1.0,9.524999999999999,open-meteo,2026-08-08T10:04:01+00:00
2026-06-29 16:00:00+00:00,FR,solar,28.3,41,645.8,6.95,-0.6427876096865396,0.7660444431189778,25.4,67,293.0,1.25,0.6293203910498374,-0.7771459614569709,26.2,40,598.0,3.9,-0.45399049973954697,0.8910065241883678,28.9,44,588.0,1.1,0.4539904997395468,0.8910065241883679,9.200000000000003,open-meteo,2026-08-08T10:04:01+00:00
2026-06-29 17:00:00+00:00,FR,solar,27.5,44,490.7,6.04,-0.6293203910498378,0.7771459614569706,26.5,60,324.0,1.77,0.9986295347545738,-0.05233595624294384,27.0,37,445.0,4.5,-0.27563735581699894,0.9612616959383189,28.2,45,348.0,4.8,0.20791169081775934,0.9781476007338057,9.3,open-meteo,2026-08-08T10:04:01+00:00
2026-06-29 18:00:00+00:00,FR,solar,26.1,48,316.6,6.5,-0.6018150231520483,0.7986355100472928,26.1,57,185.0,1.28,0.848048096156426,0.5299192642332049,26.1,38,279.0,5.6,-0.4226182617406992,0.90630778703665,27.6,47,201.0,3.53,0.3255681544571567,0.9455185755993168,8.475000000000001,open-meteo,2026-08-08T10:04:01+00:00
2026-06-29 19:00:00+00:00,FR,solar,24.0,54,146.8,6.18,-0.6293203910498378,0.7771459614569706,25.5,61,65.0,1.2,0.573576436351046,0.8191520442889918,23.7,41,134.0,5.7,-0.22495105434386534,0.9743700647852351,26.5,53,123.0,5.21,0.3420201433256687,0.9396926207859084,6.925000000000001,open-meteo,2026-08-08T10:04:01+00:00
2026-06-29 20:00:00+00:00,FR,solar,22.2,61,25.5,4.82,-0.6691306063588581,0.7431448254773944,24.6,69,8.0,2.1,0.4694715627858908,0.882947592858927,22.4,47,26.0,6.3,0.20791169081775934,0.9781476007338057,24.9,56,16.0,4.59,0.27563735581699916,0.9612616959383189,5.524999999999999,open-meteo,2026-08-08T10:04:01+00:00
2026-06-29 21:00:00+00:00,FR,solar,21.0,64,0.0,4.53,-0.7313537016191703,0.6819983600624987,24.0,51,0.0,4.73,0.224951054343865,0.9743700647852352,22.0,47,0.0,6.4,-0.3420201433256686,0.9396926207859084,22.9,66,0.0,7.35,-2.4492935982947064e-16,1.0,4.475000000000001,open-meteo,2026-08-08T10:04:01+00:00
2026-06-29 22:00:00+00:00,FR,solar,20.2,69,0.0,3.94,-0.5877852522924734,0.8090169943749473,22.9,59,0.0,4.51,0.4539904997395468,0.8910065241883679,19.0,55,0.0,6.9,-0.37460659341591235,0.9271838545667873,21.7,69,0.0,8.24,-0.05233595624294437,0.9986295347545738,2.9499999999999993,open-meteo,2026-08-08T10:04:01+00:00
2026-06-29 23:00:00+00:00,FR,solar,19.5,73,0.0,3.54,-0.6819983600624984,0.7313537016191707,21.8,65,0.0,4.93,0.35836794954530027,0.9335804264972017,18.5,55,0.0,6.2,-0.27563735581699894,0.9612616959383189,20.6,71,0.0,7.94,-0.034899496702500823,0.9993908270190958,2.1000000000000014,open-meteo,2026-08-08T10:04:01+00:00
2026-06-30 00:00:00+00:00,FR,solar,19.0,78,0.0,3.96,-0.6819983600624984,0.7313537016191707,21.3,71,0.0,5.0,0.573576436351046,0.8191520442889918,17.8,66,0.0,5.8,0.13917310096006544,0.9902680687415704,19.9,72,0.0,6.56,-2.4492935982947064e-16,1.0,1.5,open-meteo,2026-08-08T10:04:01+00:00
2026-06-30 01:00:00+00:00,FR,solar,18.8,80,0.0,3.35,-0.45399049973954697,0.8910065241883678,21.1,69,0.0,5.43,0.5591929034707469,0.8290375725550417,15.9,78,0.0,6.1,0.4539904997395468,0.8910065241883679,18.9,78,0.0,4.51,-2.4492935982947064e-16,1.0,0.6750000000000007,open-meteo,2026-08-08T10:04:01+00:00
2026-06-30 02:00:00+00:00,FR,solar,18.1,81,0.0,4.05,-0.7660444431189781,0.6427876096865393,20.8,71,0.0,5.06,0.6819983600624985,0.7313537016191705,15.6,76,0.0,4.5,0.4694715627858908,0.882947592858927,17.8,85,0.0,2.12,-0.8290375725550416,0.559192903470747,0.07500000000000284,open-meteo,2026-08-08T10:04:01+00:00
2026-06-30 03:00:00+00:00,FR,solar,17.9,84,0.0,4.75,-0.7547095802227722,0.656059028990507,20.1,75,0.0,4.32,0.6293203910498374,0.7771459614569709,15.8,79,0.0,4.6,0.9135454576426009,0.4067366430758002,16.9,90,0.0,2.67,-0.8829475928589271,0.4694715627858904,0.32500000000000284,open-meteo,2026-08-08T10:04:01+00:00
2026-06-30 04:00:00+00:00,FR,solar,17.8,88,0.0,4.74,-0.8191520442889918,0.573576436351046,19.5,79,2.0,4.45,0.6427876096865393,0.766044443118978,14.2,84,1.0,4.6,0.8987940462991669,0.43837114678907746,16.6,91,0.0,3.6,-0.9271838545667874,0.37460659341591196,0.9750000000000014,open-meteo,2026-08-08T10:04:01+00:00
2026-06-30 05:00:00+00:00,FR,solar,17.9,87,11.0,4.58,-0.5877852522924734,0.8090169943749473,20.0,76,44.0,4.02,0.5591929034707469,0.8290375725550417,15.3,78,55.0,4.0,0.981627183447664,0.19080899537654492,16.9,87,11.0,3.9,-0.9781476007338056,0.20791169081775945,0.4750000000000014,open-meteo,2026-08-08T10:04:01+00:00
2026-06-30 06:00:00+00:00,FR,solar,19.2,85,110.1,3.22,-0.8660254037844386,0.5000000000000001,21.2,70,164.0,3.07,0.5150380749100542,0.8571673007021123,18.3,67,152.0,4.4,0.9975640502598242,0.06975647374412523,17.7,84,101.0,4.34,-0.9945218953682734,0.10452846326765299,1.1000000000000014,open-meteo,2026-08-08T10:04:01+00:00
2026-06-30 07:00:00+00:00,FR,solar,21.4,74,270.8,3.71,-0.8910065241883679,0.45399049973954664,22.7,64,300.0,2.88,0.573576436351046,0.8191520442889918,19.1,66,312.0,0.9,-0.20791169081775987,0.9781476007338056,18.9,79,222.0,3.83,-0.9986295347545738,0.052335956242943946,2.5249999999999986,open-meteo,2026-08-08T10:04:01+00:00
2026-06-30 08:00:00+00:00,FR,solar,23.3,64,443.7,4.4,-0.9563047559630354,0.2923717047227367,24.5,59,433.0,2.88,0.573576436351046,0.8191520442889918,20.8,55,365.0,0.9,-0.37460659341591235,0.9271838545667873,20.4,75,358.0,3.92,-0.9998476951563913,0.01745240643728313,4.25,open-meteo,2026-08-08T10:04:01+00:00
2026-06-30 09:00:00+00:00,FR,solar,24.8,56,556.3,4.4,-0.9563047559630354,0.2923717047227367,26.2,55,589.0,2.37,0.49999999999999994,0.8660254037844387,24.3,44,592.0,2.1,-0.6293203910498378,0.7771459614569706,22.6,70,470.0,4.13,-0.9702957262759966,0.24192189559966745,6.475000000000001,open-meteo,2026-08-08T10:04:01+00:00
2026-06-30 10:00:00+00:00,FR,solar,26.5,49,728.4,4.39,-0.8660254037844386,0.5000000000000001,27.8,49,754.0,2.67,0.4694715627858908,0.882947592858927,24.4,46,276.0,1.8,-0.4383711467890778,0.8987940462991668,24.6,62,622.0,4.25,-0.898794046299167,0.4383711467890774,7.824999999999996,open-meteo,2026-08-08T10:04:01+00:00
2026-06-30 11:00:00+00:00,FR,solar,27.9,45,827.2,4.24,-0.945518575599317,0.3255681544571563,28.5,44,641.0,2.23,0.25881904510252074,0.9659258262890683,27.0,36,359.0,3.1,-0.6691306063588581,0.7431448254773944,26.1,56,640.0,4.12,-0.9063077870366498,0.4226182617406996,9.375,open-meteo,2026-08-08T10:04:01+00:00
2026-06-30 12:00:00+00:00,FR,solar,28.9,42,891.8,5.15,-0.8746197071393956,0.4848096202463373,28.9,44,636.0,2.5,0.1908089953765448,0.981627183447664,26.9,41,692.0,4.2,-0.7431448254773946,0.6691306063588578,27.4,48,706.0,3.51,-0.8090169943749476,0.5877852522924729,10.024999999999999,open-meteo,2026-08-08T10:04:01+00:00
2026-06-30 13:00:00+00:00,FR,solar,29.3,42,833.3,5.88,-0.9510565162951536,0.30901699437494723,29.7,42,552.0,1.88,-0.15643446504023112,0.9876883405951377,26.4,42,405.0,5.5,-0.4226182617406992,0.90630778703665,28.5,45,726.0,3.26,-0.8386705679454243,0.5446390350150266,10.475000000000001,open-meteo,2026-08-08T10:04:01+00:00
2026-06-30 14:00:00+00:00,FR,solar,29.0,41,835.6,6.94,-0.9659258262890684,0.2588190451025203,30.0,40,654.0,5.63,-0.6427876096865396,0.7660444431189778,26.9,37,439.0,5.7,0.052335956242943835,0.9986295347545738,29.0,43,688.0,3.69,-0.9271838545667874,0.37460659341591196,10.725000000000001,open-meteo,2026-08-08T10:04:01+00:00
2026-06-30 15:00:00+00:00,FR,solar,27.9,44,730.1,7.01,-0.9702957262759966,0.24192189559966745,29.7,39,608.0,4.61,-0.7880107536067218,0.6156614753256585,25.3,44,675.0,6.8,-0.35836794954530077,0.9335804264972015,28.8,43,610.0,3.9,-0.9510565162951536,0.30901699437494723,9.924999999999997,open-meteo,2026-08-08T10:04:01+00:00
2026-06-30 16:00:00+00:00,FR,solar,27.0,46,617.3,7.08,-0.9743700647852352,0.22495105434386492,30.1,37,491.0,2.17,-0.9510565162951536,0.30901699437494723,22.9,52,416.0,7.4,-0.19080899537654467,0.981627183447664,28.2,46,376.0,5.08,-0.8829475928589271,0.4694715627858904,9.05,open-meteo,2026-08-08T10:04:01+00:00
2026-06-30 17:00:00+00:00,FR,solar,25.4,49,483.8,7.32,-0.9702957262759966,0.24192189559966745,29.1,39,288.0,6.1,-0.7431448254773946,0.6691306063588578,23.6,43,153.0,6.4,-0.05233595624294437,0.9986295347545738,27.7,48,405.0,6.2,-0.8191520442889918,0.573576436351046,8.45,open-meteo,2026-08-08T10:04:01+00:00
2026-06-30 18:00:00+00:00,FR,solar,24.0,56,315.8,6.59,-0.9271838545667874,0.37460659341591196,28.0,41,208.0,6.82,-0.6293203910498378,0.7771459614569706,24.0,46,187.0,5.7,0.052335956242943835,0.9986295347545738,26.0,52,296.0,7.54,-0.7880107536067218,0.6156614753256585,7.5,open-meteo,2026-08-08T10:04:01+00:00
2026-06-30 19:00:00+00:00,FR,solar,22.2,55,147.4,6.69,-0.8480480961564262,0.5299192642332047,26.3,40,93.0,8.22,-0.37460659341591235,0.9271838545667873,22.0,53,125.0,5.4,0.15643446504023087,0.9876883405951378,23.8,56,127.0,8.66,-0.7880107536067218,0.6156614753256585,5.574999999999999,open-meteo,2026-08-08T10:04:01+00:00
2026-06-30 20:00:00+00:00,FR,solar,20.5,67,25.5,5.37,-0.8746197071393956,0.4848096202463373,24.1,48,11.0,9.3,-0.29237170472273716,0.9563047559630353,20.0,64,19.0,5.9,0.15643446504023087,0.9876883405951378,21.5,63,17.0,8.49,-0.8090169943749476,0.5877852522924729,3.5249999999999986,open-meteo,2026-08-08T10:04:01+00:00
2026-06-30 21:00:00+00:00,FR,solar,19.5,72,0.0,4.61,-0.8660254037844386,0.5000000000000001,23.0,55,0.0,7.1,-0.10452846326765342,0.9945218953682733,20.3,52,0.0,4.8,0.13917310096006544,0.9902680687415704,19.8,69,0.0,7.78,-0.8090169943749476,0.5877852522924729,2.6499999999999986,open-meteo,2026-08-08T10:04:01+00:00
2026-06-30 22:00:00+00:00,FR,solar,18.9,73,0.0,4.09,-0.9271838545667874,0.37460659341591196,21.8,62,0.0,6.27,0.01745240643728351,0.9998476951563913,18.7,69,0.0,6.4,-0.12186934340514723,0.9925461516413221,18.5,76,0.0,7.62,-0.7986355100472932,0.6018150231520479,1.4750000000000014,open-meteo,2026-08-08T10:04:01+00:00
2026-06-30 23:00:00+00:00,FR,solar,18.5,77,0.0,4.05,-0.9612616959383188,0.2756373558169994,21.5,59,0.0,4.97,0.374606593415912,0.9271838545667874,17.8,76,0.0,6.6,0.08715574274765817,0.9961946980917455,17.4,83,0.0,6.94,-0.8571673007021123,0.5150380749100542,0.7999999999999972,open-meteo,2026-08-08T10:04:01+00:00
2026-07-01 00:00:00+00:00,FR,solar,18.0,79,0.0,4.24,-0.945518575599317,0.3255681544571563,21.3,60,0.0,3.66,0.3420201433256687,0.9396926207859084,18.5,70,0.0,5.9,0.0697564737441253,0.9975640502598242,16.7,87,0.0,6.58,-0.8829475928589271,0.4694715627858904,0.625,open-meteo,2026-08-08T10:04:01+00:00
2026-07-01 01:00:00+00:00,FR,solar,18.4,77,0.0,4.38,-0.8191520442889918,0.573576436351046,20.1,67,0.0,3.9,0.42261826174069944,0.9063077870366499,16.1,81,0.0,6.1,0.052335956242943835,0.9986295347545738,16.2,89,0.0,5.8,-0.8660254037844386,0.5000000000000001,0.3000000000000007,open-meteo,2026-08-08T10:04:01+00:00
2026-07-01 02:00:00+00:00,FR,solar,17.7,80,0.0,3.72,-0.8571673007021123,0.5150380749100542,19.0,72,0.0,2.88,0.3090169943749474,0.9510565162951535,15.8,78,0.0,6.5,-0.20791169081775987,0.9781476007338056,15.8,91,0.0,5.08,-0.9063077870366498,0.4226182617406996,0.9250000000000007,open-meteo,2026-08-08T10:04:01+00:00
2026-07-01 03:00:00+00:00,FR,solar,17.4,81,0.0,2.96,-0.9781476007338056,-0.2079116908177598,17.5,80,0.0,3.11,-0.22495105434386534,0.9743700647852351,15.6,80,0.0,6.7,-0.40673664307580015,0.9135454576426009,15.6,92,0.0,4.61,-0.9135454576426011,0.40673664307579976,1.4750000000000014,open-meteo,2026-08-08T10:04:01+00:00
2026-07-01 04:00:00+00:00,FR,solar,17.3,82,0.0,3.54,-0.9902680687415703,-0.13917310096006583,16.6,85,2.0,2.09,-0.19080899537654467,0.981627183447664,14.5,75,1.0,7.0,-0.5877852522924734,0.8090169943749473,15.4,92,0.0,4.96,-0.9510565162951536,0.30901699437494723,2.049999999999999,open-meteo,2026-08-08T10:04:01+00:00
2026-07-01 05:00:00+00:00,FR,solar,17.3,82,3.9,3.52,-0.8191520442889918,0.573576436351046,18.1,70,36.0,7.24,-0.6427876096865396,0.7660444431189778,15.0,75,60.0,6.3,-0.6427876096865396,0.7660444431189778,15.5,90,11.0,4.91,-0.9986295347545738,0.052335956242943946,1.5249999999999986,open-meteo,2026-08-08T10:04:01+00:00
2026-07-01 06:00:00+00:00,FR,solar,18.3,79,97.0,2.82,-0.9205048534524405,0.3907311284892735,16.9,81,47.0,1.39,-0.6293203910498378,0.7771459614569706,16.1,75,192.0,6.1,-0.7071067811865477,0.7071067811865474,16.8,83,115.0,4.54,-0.9925461516413221,-0.12186934340514717,0.9749999999999979,open-meteo,2026-08-08T10:04:01+00:00
2026-07-01 07:00:00+00:00,FR,solar,20.1,71,240.7,3.75,-0.6691306063588581,0.7431448254773944,18.6,75,161.0,2.58,-0.9876883405951378,0.15643446504023067,17.7,71,350.0,5.6,-0.6156614753256582,0.7880107536067221,18.5,76,254.0,4.16,-0.9902680687415703,-0.13917310096006583,0.7250000000000014,open-meteo,2026-08-08T10:04:01+00:00
2026-07-01 08:00:00+00:00,FR,solar,21.4,64,395.8,4.62,-0.6293203910498378,0.7771459614569706,21.6,67,508.0,3.13,-0.8480480961564262,0.5299192642332047,19.2,64,512.0,5.8,-0.7071067811865477,0.7071067811865474,19.4,72,252.0,4.86,-0.945518575599317,0.3255681544571563,2.3999999999999986,open-meteo,2026-08-08T10:04:01+00:00
2026-07-01 09:00:00+00:00,FR,solar,23.0,54,569.3,5.1,-0.7431448254773946,0.6691306063588578,23.3,57,650.0,4.71,-0.7313537016191703,0.6819983600624987,20.8,57,657.0,4.7,-0.7431448254773946,0.6691306063588578,21.1,65,442.0,5.02,-0.9335804264972017,0.3583679495453004,4.049999999999997,open-meteo,2026-08-08T10:04:01+00:00
2026-07-01 10:00:00+00:00,FR,solar,24.2,49,625.8,5.31,-0.6819983600624984,0.7313537016191707,24.4,50,618.0,5.41,-0.8191520442889918,0.573576436351046,21.1,57,708.0,5.6,-0.8386705679454243,0.5446390350150266,22.6,58,598.0,5.04,-0.8746197071393956,0.4848096202463373,5.074999999999996,open-meteo,2026-08-08T10:04:01+00:00
2026-07-01 11:00:00+00:00,FR,solar,25.1,46,696.8,5.42,-0.6156614753256582,0.7880107536067221,25.7,39,834.0,6.69,-0.8191520442889918,0.573576436351046,22.8,48,811.0,5.2,-0.8480480961564262,0.5299192642332047,23.7,53,584.0,5.0,-0.8191520442889918,0.573576436351046,6.324999999999999,open-meteo,2026-08-08T10:04:01+00:00
2026-07-01 12:00:00+00:00,FR,solar,25.4,44,680.6,6.58,-0.5877852522924734,0.8090169943749473,26.1,35,814.0,5.9,-0.8480480961564262,0.5299192642332047,23.8,43,837.0,5.0,-0.7880107536067218,0.6156614753256585,24.2,50,611.0,5.2,-0.7313537016191703,0.6819983600624987,6.875,open-meteo,2026-08-08T10:04:01+00:00
2026-07-01 13:00:00+00:00,FR,solar,26.4,42,760.0,6.01,-0.6946583704589976,0.7193398003386509,26.7,32,822.0,5.25,-0.8386705679454243,0.5446390350150266,24.3,43,746.0,4.4,-0.8191520442889918,0.573576436351046,25.1,47,600.0,5.27,-0.7313537016191703,0.6819983600624987,7.625,open-meteo,2026-08-08T10:04:01+00:00
2026-07-01 14:00:00+00:00,FR,solar,26.5,42,685.4,5.97,-0.7660444431189781,0.6427876096865393,26.4,29,700.0,8.38,-0.7071067811865477,0.7071067811865474,25.2,40,767.0,4.6,-0.8910065241883679,0.45399049973954664,25.6,45,574.0,5.06,-0.7193398003386512,0.6946583704589973,7.924999999999997,open-meteo,2026-08-08T10:04:01+00:00
2026-07-01 15:00:00+00:00,FR,solar,26.1,45,591.8,5.81,-0.7547095802227722,0.656059028990507,26.4,30,652.0,8.94,-0.6819983600624984,0.7313537016191707,25.1,40,649.0,5.0,-0.8386705679454243,0.5446390350150266,25.7,45,642.0,5.41,-0.7431448254773946,0.6691306063588578,7.824999999999999,open-meteo,2026-08-08T10:04:01+00:00
2026-07-01 16:00:00+00:00,FR,solar,25.7,46,465.3,6.96,-0.8191520442889918,0.573576436351046,26.5,30,550.0,6.87,-0.7431448254773946,0.6691306063588578,24.7,42,537.0,6.9,-0.8910065241883679,0.45399049973954664,25.7,44,560.0,5.2,-0.7313537016191703,0.6819983600624987,7.650000000000002,open-meteo,2026-08-08T10:04:01+00:00
2026-07-01 17:00:00+00:00,FR,solar,24.4,48,433.6,7.18,-0.7771459614569708,0.6293203910498375,25.8,32,413.0,7.65,-0.7660444431189781,0.6427876096865393,24.5,43,434.0,6.4,-0.7880107536067218,0.6156614753256585,25.1,46,389.0,5.92,-0.7771459614569708,0.6293203910498375,6.950000000000003,open-meteo,2026-08-08T10:04:01+00:00
2026-07-01 18:00:00+00:00,FR,solar,23.2,53,322.3,6.98,-0.8746197071393956,0.4848096202463373,24.9,34,255.0,5.31,-0.6156614753256582,0.7880107536067221,23.8,46,198.0,6.5,-0.8191520442889918,0.573576436351046,24.2,50,268.0,6.61,-0.8191520442889918,0.573576436351046,6.024999999999999,open-meteo,2026-08-08T10:04:01+00:00
2026-07-01 19:00:00+00:00,FR,solar,21.6,61,152.0,6.0,-0.8660254037844386,0.5000000000000001,23.8,36,106.0,6.53,-0.4383711467890778,0.8987940462991668,22.3,50,134.0,6.5,-0.8829475928589271,0.4694715627858904,22.9,55,126.0,6.9,-0.8191520442889918,0.573576436351046,4.649999999999999,open-meteo,2026-08-08T10:04:01+00:00
2026-07-01 20:00:00+00:00,FR,solar,20.1,67,25.5,4.89,-0.7547095802227722,0.656059028990507,21.8,42,12.0,6.66,-0.3420201433256686,0.9396926207859084,21.5,56,25.0,7.5,-0.7547095802227722,0.656059028990507,20.8,63,18.0,7.49,-0.7431448254773946,0.6691306063588578,3.0500000000000007,open-meteo,2026-08-08T10:04:01+00:00
2026-07-01 21:00:00+00:00,FR,solar,19.1,75,0.0,4.1,-0.8290375725550416,0.559192903470747,19.9,51,0.0,5.83,-0.4848096202463369,0.8746197071393959,19.6,58,0.0,6.5,-0.7071067811865477,0.7071067811865474,19.2,66,0.0,7.9,-0.6018150231520483,0.7986355100472928,1.4499999999999993,open-meteo,2026-08-08T10:04:01+00:00
2026-07-01 22:00:00+00:00,FR,solar,18.3,79,0.0,4.33,-0.945518575599317,0.3255681544571563,18.7,57,0.0,5.61,-0.4226182617406992,0.90630778703665,18.4,65,0.0,6.3,-0.6819983600624984,0.7313537016191707,17.8,72,0.0,7.49,-0.6018150231520483,0.7986355100472928,0.3000000000000007,open-meteo,2026-08-08T10:04:01+00:00
2026-07-01 23:00:00+00:00,FR,solar,17.8,83,0.0,4.84,-0.9510565162951536,0.30901699437494723,17.2,63,0.0,4.84,-0.529919264233205,0.8480480961564258,17.8,74,0.0,5.8,-0.7193398003386512,0.6946583704589973,16.8,77,0.0,6.66,-0.6819983600624984,0.7313537016191707,0.6000000000000014,open-meteo,2026-08-08T10:04:01+00:00
2026-07-02 00:00:00+00:00,FR,solar,17.4,87,0.0,5.06,-0.9063077870366498,0.4226182617406996,16.2,72,0.0,3.56,-0.13917310096006588,0.9902680687415703,16.2,81,0.0,5.7,-0.7193398003386512,0.6946583704589973,16.0,80,0.0,6.17,-0.6946583704589976,0.7193398003386509,1.5500000000000007,open-meteo,2026-08-08T10:04:01+00:00
2026-07-02 01:00:00+00:00,FR,solar,17.0,90,0.0,5.52,-0.7431448254773946,0.6691306063588578,15.3,76,0.0,3.67,-0.5591929034707466,0.8290375725550418,15.2,87,0.0,5.8,-0.8386705679454243,0.5446390350150266,15.2,86,0.0,5.19,-0.8090169943749476,0.5877852522924729,2.3249999999999993,open-meteo,2026-08-08T10:04:01+00:00
2026-07-02 02:00:00+00:00,FR,solar,16.5,92,0.0,4.61,-0.5000000000000004,0.8660254037844384,14.8,79,0.0,3.11,-0.4694715627858908,0.882947592858927,14.7,92,0.0,5.9,-0.8910065241883679,0.45399049973954664,14.7,89,0.0,5.05,-0.9510565162951536,0.30901699437494723,2.8249999999999993,open-meteo,2026-08-08T10:04:01+00:00
2026-07-02 03:00:00+00:00,FR,solar,16.2,93,0.0,3.92,-0.10452846326765342,0.9945218953682733,14.3,83,0.0,2.89,-0.4694715627858908,0.882947592858927,13.8,95,0.0,6.1,-0.9743700647852352,0.22495105434386492,14.2,94,0.0,4.62,-0.9335804264972017,0.3583679495453004,3.375,open-meteo,2026-08-08T10:04:01+00:00
2026-07-02 04:00:00+00:00,FR,solar,15.7,94,0.0,3.8,-0.034899496702500823,0.9993908270190958,13.8,88,2.0,3.05,-0.6691306063588581,0.7431448254773944,13.2,95,1.0,5.8,-1.0,-1.8369701987210297e-16,14.0,95,0.0,4.04,-0.9702957262759966,0.24192189559966745,3.8249999999999993,open-meteo,2026-08-08T10:04:01+00:00
2026-07-02 05:00:00+00:00,FR,solar,15.4,94,10.0,4.54,0.13917310096006544,0.9902680687415704,15.0,83,60.0,4.32,-0.7771459614569708,0.6293203910498375,14.3,87,58.0,6.1,-0.984807753012208,-0.17364817766693033,14.0,96,11.0,3.92,-0.9986295347545738,0.052335956242943946,3.3249999999999993,open-meteo,2026-08-08T10:04:01+00:00
2026-07-02 06:00:00+00:00,FR,solar,17.3,87,112.1,4.3,0.20791169081775934,0.9781476007338057,17.2,74,190.0,2.97,-0.9902680687415704,0.13917310096006547,15.9,80,188.0,4.9,-0.9998476951563913,0.01745240643728313,15.8,92,113.0,4.13,-0.9975640502598243,0.06975647374412522,1.4499999999999993,open-meteo,2026-08-08T10:04:01+00:00
2026-07-02 07:00:00+00:00,FR,solar,20.2,69,275.3,2.82,0.39073112848927377,0.9205048534524404,19.7,66,346.0,3.24,-0.9986295347545738,0.052335956242943946,17.7,68,346.0,4.4,-0.9975640502598242,-0.06975647374412558,17.7,86,282.0,3.04,-0.9975640502598243,0.06975647374412522,0.8249999999999993,open-meteo,2026-08-08T10:04:01+00:00
2026-07-02 08:00:00+00:00,FR,solar,22.9,52,454.5,2.21,0.08715574274765817,0.9961946980917455,22.0,57,508.0,3.83,-0.9743700647852352,0.22495105434386492,19.9,51,507.0,4.8,-0.9455185755993168,-0.32556815445715664,19.6,78,463.0,3.34,-0.9961946980917455,0.08715574274765789,3.1000000000000014,open-meteo,2026-08-08T10:04:01+00:00
2026-07-02 09:00:00+00:00,FR,solar,24.7,46,624.2,3.52,-0.2588190451025207,0.9659258262890683,23.9,52,649.0,4.91,-0.9961946980917455,0.08715574274765789,21.7,46,657.0,5.2,-0.9510565162951535,-0.30901699437494756,21.9,69,634.0,3.38,-0.9848077530122081,0.17364817766692997,5.049999999999997,open-meteo,2026-08-08T10:04:01+00:00
2026-07-02 10:00:00+00:00,FR,solar,26.1,42,756.8,4.4,-0.29237170472273716,0.9563047559630353,24.8,46,718.0,5.49,-0.9993908270190958,-0.03489949670250076,21.6,57,757.0,5.5,-0.9925461516413221,-0.12186934340514717,23.9,60,757.0,3.35,-0.9659258262890684,0.2588190451025203,6.100000000000001,open-meteo,2026-08-08T10:04:01+00:00
2026-07-02 11:00:00+00:00,FR,solar,27.6,36,843.4,4.52,-0.4226182617406992,0.90630778703665,25.8,38,848.0,5.71,-0.9945218953682734,-0.10452846326765336,22.3,57,715.0,7.3,-0.9961946980917455,0.08715574274765789,25.5,50,801.0,3.51,-0.8090169943749476,0.5877852522924729,7.300000000000001,open-meteo,2026-08-08T10:04:01+00:00
2026-07-02 12:00:00+00:00,FR,solar,28.9,34,891.0,4.55,-0.3255681544571567,0.9455185755993168,26.1,39,895.0,5.59,-0.9993908270190958,-0.03489949670250076,20.1,70,95.0,5.8,-0.9998476951563913,0.01745240643728313,26.8,43,857.0,3.88,-0.7071067811865477,0.7071067811865474,7.474999999999998,open-meteo,2026-08-08T10:04:01+00:00
2026-07-02 13:00:00+00:00,FR,solar,29.3,38,895.6,5.32,-0.4383711467890778,0.8987940462991668,26.9,37,872.0,6.18,-0.9993908270190958,0.03489949670250128,20.3,71,60.0,6.3,-1.0,-1.8369701987210297e-16,27.8,41,917.0,4.23,-0.7193398003386512,0.6946583704589973,8.075,open-meteo,2026-08-08T10:04:01+00:00
2026-07-02 14:00:00+00:00,FR,solar,29.7,35,858.0,4.94,-0.529919264233205,0.8480480961564258,27.4,36,807.0,7.32,-0.9612616959383188,0.2756373558169994,22.1,63,395.0,6.5,-0.9781476007338056,0.20791169081775945,28.4,39,850.0,4.78,-0.7313537016191703,0.6819983600624987,8.899999999999999,open-meteo,2026-08-08T10:04:01+00:00
2026-07-02 15:00:00+00:00,FR,solar,29.5,32,779.7,6.08,-0.5877852522924734,0.8090169943749473,27.5,38,659.0,7.41,-0.9510565162951536,0.30901699437494723,22.2,66,217.0,8.7,-0.8910065241883679,0.45399049973954664,28.7,39,786.0,5.07,-0.7547095802227722,0.656059028990507,8.975000000000001,open-meteo,2026-08-08T10:04:01+00:00
2026-07-02 16:00:00+00:00,FR,solar,28.5,34,661.3,7.36,-0.7313537016191703,0.6819983600624987,26.1,43,453.0,8.68,-0.9135454576426011,0.40673664307579976,20.5,74,126.0,6.8,-0.9063077870366498,0.4226182617406996,28.8,41,647.0,5.22,-0.6427876096865396,0.7660444431189778,7.974999999999998,open-meteo,2026-08-08T10:04:01+00:00
2026-07-02 17:00:00+00:00,FR,solar,26.3,43,499.2,7.21,-0.7193398003386512,0.6946583704589973,25.7,45,276.0,9.19,-0.8571673007021123,0.5150380749100542,20.6,73,134.0,5.7,-0.7986355100472932,0.6018150231520479,28.2,44,467.0,5.7,-0.4848096202463369,0.8746197071393959,7.199999999999999,open-meteo,2026-08-08T10:04:01+00:00
2026-07-02 18:00:00+00:00,FR,solar,24.6,54,320.8,7.14,-0.6946583704589976,0.7193398003386509,24.2,52,127.0,8.8,-0.6946583704589976,0.7193398003386509,20.0,77,52.0,5.0,-0.8660254037844386,0.5000000000000001,27.4,44,293.0,6.12,-0.6427876096865396,0.7660444431189778,6.049999999999997,open-meteo,2026-08-08T10:04:01+00:00
2026-07-02 19:00:00+00:00,FR,solar,22.7,66,149.7,7.01,-0.7431448254773946,0.6691306063588578,22.7,58,65.0,6.89,-0.6427876096865396,0.7660444431189778,20.4,73,60.0,4.5,-0.6946583704589976,0.7193398003386509,24.8,50,132.0,8.37,-0.8910065241883679,0.45399049973954664,4.649999999999999,open-meteo,2026-08-08T10:04:01+00:00
2026-07-02 20:00:00+00:00,FR,solar,21.2,75,25.5,6.24,-0.7547095802227722,0.656059028990507,21.1,65,10.0,7.19,-0.4694715627858908,0.882947592858927,19.4,80,25.0,3.8,-0.9702957262759966,0.24192189559966745,22.1,59,19.0,8.0,-0.8571673007021123,0.5150380749100542,2.9499999999999993,open-meteo,2026-08-08T10:04:01+00:00
2026-07-02 21:00:00+00:00,FR,solar,20.1,82,0.0,5.37,-0.7071067811865477,0.7071067811865474,19.8,72,0.0,5.25,-0.544639035015027,0.838670567945424,17.6,90,0.0,5.4,-0.8090169943749476,0.5877852522924729,20.1,65,0.0,7.81,-0.8660254037844386,0.5000000000000001,1.4000000000000021,open-meteo,2026-08-08T10:04:01+00:00
2026-07-02 22:00:00+00:00,FR,solar,19.5,86,0.0,5.72,-0.8090169943749476,0.5877852522924729,18.6,78,0.0,4.73,-0.45399049973954697,0.8910065241883678,17.3,82,0.0,7.6,-0.6560590289905074,0.7547095802227719,19.0,76,0.0,7.18,-0.8480480961564262,0.5299192642332047,0.6000000000000014,open-meteo,2026-08-08T10:04:01+00:00
2026-07-02 23:00:00+00:00,FR,solar,19.5,86,0.0,4.53,-0.7071067811865477,0.7071067811865474,17.7,83,0.0,4.46,-0.3255681544571567,0.9455185755993168,17.2,83,0.0,6.2,-0.6156614753256582,0.7880107536067221,18.3,84,0.0,6.98,-0.7880107536067218,0.6156614753256585,0.1750000000000007,open-meteo,2026-08-08T10:04:01+00:00
2026-07-03 00:00:00+00:00,FR,solar,19.7,85,0.0,3.92,-0.6156614753256582,0.7880107536067221,16.8,87,0.0,3.47,-0.37460659341591235,0.9271838545667873,16.3,89,0.0,6.8,-0.5591929034707466,0.8290375725550418,17.7,89,0.0,5.55,-0.8480480961564262,0.5299192642332047,0.375,open-meteo,2026-08-08T10:04:01+00:00
2026-07-03 01:00:00+00:00,FR,solar,19.7,85,0.0,4.28,-0.6018150231520483,0.7986355100472928,16.3,91,0.0,2.77,-0.13917310096006588,0.9902680687415703,15.0,95,0.0,4.5,0.5877852522924731,0.8090169943749475,17.1,94,0.0,4.5,-0.9612616959383188,0.2756373558169994,0.9750000000000014,open-meteo,2026-08-08T10:04:01+00:00
2026-07-03 02:00:00+00:00,FR,solar,19.7,85,0.0,4.34,-0.4383711467890778,0.8987940462991668,16.3,92,0.0,3.21,0.20791169081775934,0.9781476007338057,14.3,98,0.0,3.5,0.788010753606722,0.6156614753256583,16.7,96,0.0,4.54,-0.9702957262759966,0.24192189559966745,1.25,open-meteo,2026-08-08T10:04:01+00:00
2026-07-03 03:00:00+00:00,FR,solar,19.5,86,0.0,3.64,-0.7986355100472932,0.6018150231520479,16.3,92,0.0,3.91,0.374606593415912,0.9271838545667874,13.8,99,0.0,4.7,0.9063077870366499,0.42261826174069944,16.6,96,0.0,4.93,-0.9563047559630354,0.2923717047227367,1.4500000000000028,open-meteo,2026-08-08T10:04:01+00:00
2026-07-03 04:00:00+00:00,FR,solar,19.2,86,0.0,2.62,-0.6819983600624984,0.7313537016191707,16.1,93,2.0,5.37,0.6156614753256583,0.7880107536067219,12.3,99,1.0,3.8,0.9998476951563913,-0.017452406437283477,16.8,97,0.0,4.82,-0.9743700647852352,0.22495105434386492,1.9000000000000021,open-meteo,2026-08-08T10:04:01+00:00
2026-07-03 05:00:00+00:00,FR,solar,19.2,88,2.9,2.55,-0.6691306063588581,0.7431448254773944,16.6,92,61.0,5.16,0.6293203910498374,0.7771459614569709,13.1,98,51.0,4.5,0.9945218953682733,-0.10452846326765355,17.2,95,7.0,4.75,-0.9902680687415704,0.13917310096006547,1.4750000000000014,open-meteo,2026-08-08T10:04:01+00:00
2026-07-03 06:00:00+00:00,FR,solar,19.5,85,27.0,3.14,-0.5150380749100545,0.8571673007021121,18.1,81,197.0,4.55,0.6018150231520483,0.7986355100472928,16.0,82,191.0,4.1,0.8910065241883679,-0.45399049973954675,18.2,91,61.0,4.9,-0.9781476007338056,0.20791169081775945,0.05000000000000071,open-meteo,2026-08-08T10:04:01+00:00
2026-07-03 07:00:00+00:00,FR,solar,20.1,84,85.6,2.34,-0.6427876096865396,0.7660444431189778,19.6,62,349.0,3.88,0.7313537016191705,0.6819983600624985,17.7,77,275.0,2.3,0.9135454576426009,-0.40673664307580026,19.4,84,148.0,4.62,-0.9563047559630354,0.2923717047227367,1.2000000000000028,open-meteo,2026-08-08T10:04:01+00:00
2026-07-03 08:00:00+00:00,FR,solar,20.8,82,112.7,2.21,-0.9961946980917455,0.08715574274765789,21.1,51,521.0,3.43,0.6018150231520483,0.7986355100472928,19.5,65,437.0,1.3,0.8480480961564261,-0.5299192642332048,20.8,76,270.0,4.4,-0.9563047559630354,0.2923717047227367,2.5500000000000007,open-meteo,2026-08-08T10:04:01+00:00
2026-07-03 09:00:00+00:00,FR,solar,21.9,75,193.1,0.81,-0.992546151641322,0.12186934340514768,22.5,44,635.0,2.73,0.35836794954530027,0.9335804264972017,21.4,52,588.0,0.1,-0.8910065241883678,-0.45399049973954697,22.3,71,396.0,2.95,-0.9659258262890684,0.2588190451025203,4.024999999999999,open-meteo,2026-08-08T10:04:01+00:00
2026-07-03 10:00:00+00:00,FR,solar,23.9,65,313.5,1.8,-0.945518575599317,0.3255681544571563,23.9,39,798.0,2.26,0.08715574274765817,0.9961946980917455,22.0,47,636.0,1.5,-0.9659258262890684,0.2588190451025203,23.9,64,498.0,2.33,-0.9271838545667874,0.37460659341591196,5.424999999999997,open-meteo,2026-08-08T10:04:01+00:00
2026-07-03 11:00:00+00:00,FR,solar,25.7,58,668.4,1.12,-0.8910065241883679,0.45399049973954664,25.1,34,822.0,2.9,-0.20791169081775987,0.9781476007338056,23.5,38,686.0,4.1,-0.7880107536067218,0.6156614753256585,25.2,58,579.0,2.2,-0.8480480961564262,0.5299192642332047,6.875,open-meteo,2026-08-08T10:04:01+00:00
2026-07-03 12:00:00+00:00,FR,solar,27.2,53,835.1,2.13,-0.7547095802227722,0.656059028990507,25.7,24,893.0,3.42,-0.45399049973954697,0.8910065241883678,24.6,34,719.0,3.8,-0.8386705679454243,0.5446390350150266,25.5,58,547.0,2.61,-0.8290375725550416,0.559192903470747,7.75,open-meteo,2026-08-08T10:04:01+00:00
2026-07-03 13:00:00+00:00,FR,solar,27.7,53,807.1,4.3,-0.9998476951563913,-0.017452406437283498,26.5,25,905.0,3.76,-0.2588190451025207,0.9659258262890683,24.9,36,789.0,4.0,-0.7880107536067218,0.6156614753256585,27.0,52,644.0,2.02,-0.24192189559966787,0.9702957262759965,8.524999999999999,open-meteo,2026-08-08T10:04:01+00:00
2026-07-03 14:00:00+00:00,FR,solar,28.6,49,751.0,3.49,-0.9743700647852352,0.22495105434386492,26.7,25,842.0,3.76,-0.2588190451025207,0.9659258262890683,26.0,29,840.0,4.3,-0.8571673007021123,0.5150380749100542,27.8,50,616.0,2.27,0.12186934340514748,0.992546151641322,9.274999999999999,open-meteo,2026-08-08T10:04:01+00:00
2026-07-03 15:00:00+00:00,FR,solar,30.0,41,667.4,2.97,-0.6691306063588581,0.7431448254773944,26.7,23,734.0,3.9,-0.20791169081775987,0.9781476007338056,26.1,28,743.0,4.1,-0.9135454576426011,0.40673664307579976,27.8,50,606.0,2.06,-0.05233595624294437,0.9986295347545738,9.650000000000002,open-meteo,2026-08-08T10:04:01+00:00
2026-07-03 16:00:00+00:00,FR,solar,28.2,52,628.1,7.04,-0.9205048534524405,0.3907311284892735,26.5,27,593.0,3.34,-0.08715574274765832,0.9961946980917455,26.2,30,588.0,4.1,-0.5591929034707466,0.8290375725550418,27.6,48,454.0,2.65,-2.4492935982947064e-16,1.0,9.125,open-meteo,2026-08-08T10:04:01+00:00
2026-07-03 17:00:00+00:00,FR,solar,27.3,53,483.0,6.4,-0.8746197071393956,0.4848096202463373,25.6,29,428.0,4.71,-0.35836794954530077,0.9335804264972015,26.3,27,454.0,5.1,-0.8090169943749476,0.5877852522924729,27.6,47,267.0,2.9,0.20791169081775934,0.9781476007338057,8.700000000000003,open-meteo,2026-08-08T10:04:01+00:00
2026-07-03 18:00:00+00:00,FR,solar,26.8,52,316.2,6.33,-0.8571673007021123,0.5150380749100542,25.6,22,260.0,4.12,-0.05233595624294437,0.9986295347545738,25.6,27,292.0,5.9,-0.544639035015027,0.838670567945424,27.2,49,211.0,2.64,-0.2588190451025207,0.9659258262890683,8.3,open-meteo,2026-08-08T10:04:01+00:00
2026-07-03 19:00:00+00:00,FR,solar,25.3,57,148.1,5.53,-0.7547095802227722,0.656059028990507,24.5,28,101.0,4.52,-0.22495105434386534,0.9743700647852351,23.0,39,139.0,5.9,0.3090169943749474,0.9510565162951535,26.0,57,96.0,2.59,-0.4848096202463369,0.8746197071393959,6.699999999999999,open-meteo,2026-08-08T10:04:01+00:00
2026-07-03 20:00:00+00:00,FR,solar,23.7,62,24.5,5.38,-0.7313537016191703,0.6819983600624987,22.2,36,10.0,5.59,-0.19080899537654467,0.981627183447664,21.0,41,26.0,7.0,0.20791169081775934,0.9781476007338057,23.8,62,13.0,6.2,-0.8191520442889918,0.573576436351046,4.675000000000001,open-meteo,2026-08-08T10:04:01+00:00
2026-07-03 21:00:00+00:00,FR,solar,22.2,68,0.0,4.48,-0.7771459614569708,0.6293203910498375,20.7,45,0.0,6.1,-0.3255681544571567,0.9455185755993168,19.9,41,0.0,6.4,0.3090169943749474,0.9510565162951535,22.0,74,0.0,8.62,-0.6427876096865396,0.7660444431189778,3.1999999999999993,open-meteo,2026-08-08T10:04:01+00:00
2026-07-03 22:00:00+00:00,FR,solar,21.1,70,0.0,4.62,-0.6293203910498378,0.7771459614569706,19.6,48,0.0,6.37,-0.24192189559966787,0.9702957262759965,17.7,46,0.0,6.6,0.39073112848927377,0.9205048534524404,20.9,78,0.0,8.52,-0.5000000000000004,0.8660254037844384,1.8250000000000028,open-meteo,2026-08-08T10:04:01+00:00
2026-07-03 23:00:00+00:00,FR,solar,20.2,73,0.0,4.36,-0.6018150231520483,0.7986355100472928,17.9,55,0.0,4.46,-0.15643446504023112,0.9876883405951377,16.5,56,0.0,5.7,0.788010753606722,0.6156614753256583,20.3,79,0.0,6.93,-0.3907311284892739,0.9205048534524403,0.7249999999999979,open-meteo,2026-08-08T10:04:01+00:00
2026-07-04 00:00:00+00:00,FR,solar,19.5,74,0.0,3.78,-0.6018150231520483,0.7986355100472928,15.0,70,0.0,2.27,0.12186934340514748,0.992546151641322,15.7,57,0.0,5.6,0.788010753606722,0.6156614753256583,19.6,83,0.0,5.65,-0.4694715627858908,0.882947592858927,0.5499999999999972,open-meteo,2026-08-08T10:04:01+00:00
2026-07-04 01:00:00+00:00,FR,solar,18.6,79,0.0,5.02,-0.08715574274765832,0.9961946980917455,13.6,76,0.0,2.11,-0.22495105434386534,0.9743700647852351,14.4,60,0.0,5.8,0.992546151641322,0.12186934340514749,18.5,88,0.0,3.46,-0.7071067811865477,0.7071067811865474,1.7250000000000014,open-meteo,2026-08-08T10:04:01+00:00
2026-07-04 02:00:00+00:00,FR,solar,17.8,84,0.0,6.33,0.20791169081775934,0.9781476007338057,12.9,79,0.0,2.83,-0.24192189559966787,0.9702957262759965,13.5,66,0.0,4.9,0.9876883405951378,-0.1564344650402308,17.5,92,0.0,3.45,-0.992546151641322,0.12186934340514768,2.5749999999999993,open-meteo,2026-08-08T10:04:01+00:00
2026-07-04 03:00:00+00:00,FR,solar,17.4,86,0.0,7.16,0.4694715627858908,0.882947592858927,12.1,85,0.0,1.64,0.29237170472273677,0.9563047559630354,11.5,75,0.0,2.6,0.8746197071393959,-0.484809620246337,16.8,95,0.0,2.84,-0.9993908270190958,0.03489949670250128,3.5500000000000007,open-meteo,2026-08-08T10:04:01+00:00
2026-07-04 04:00:00+00:00,FR,solar,17.4,86,0.0,7.14,0.7193398003386511,0.6946583704589973,11.3,89,2.0,2.16,0.08715574274765817,0.9961946980917455,10.7,78,1.0,1.2,-0.052335956242943564,-0.9986295347545738,16.4,96,0.0,2.94,-0.9993908270190958,-0.03489949670250076,4.050000000000001,open-meteo,2026-08-08T10:04:01+00:00
2026-07-04 05:00:00+00:00,FR,solar,17.5,87,9.3,6.8,0.754709580222772,0.6560590289905073,11.7,87,60.0,0.9,0.224951054343865,0.9743700647852352,11.8,80,58.0,2.2,-0.7547095802227722,0.656059028990507,16.3,96,11.0,2.46,-0.9961946980917455,-0.08715574274765825,3.6750000000000007,open-meteo,2026-08-08T10:04:01+00:00
2026-07-04 06:00:00+00:00,FR,solar,19.7,75,113.2,4.94,0.8090169943749475,0.5877852522924731,14.9,73,190.0,1.47,-0.6018150231520483,0.7986355100472928,14.3,64,189.0,2.6,-0.8090169943749476,0.5877852522924729,17.3,96,115.0,1.86,-0.9986295347545738,-0.052335956242944306,1.4499999999999993,open-meteo,2026-08-08T10:04:01+00:00
2026-07-04 07:00:00+00:00,FR,solar,23.4,54,279.9,4.25,0.8660254037844386,0.5000000000000001,18.3,59,353.0,1.81,-0.7547095802227722,0.656059028990507,17.2,52,353.0,2.1,-0.992546151641322,0.12186934340514768,19.8,88,283.0,1.18,-0.9961946980917455,-0.08715574274765825,1.6750000000000007,open-meteo,2026-08-08T10:04:01+00:00
2026-07-04 08:00:00+00:00,FR,solar,26.6,39,459.1,4.59,0.9612616959383189,0.27563735581699916,20.9,48,522.0,1.24,-0.9510565162951536,0.30901699437494723,20.3,40,516.0,1.5,-0.9781476007338056,-0.2079116908177598,22.1,77,466.0,0.59,-1.0,-1.8369701987210297e-16,4.475000000000001,open-meteo,2026-08-08T10:04:01+00:00
2026-07-04 09:00:00+00:00,FR,solar,28.6,34,629.6,4.21,0.8829475928589269,0.46947156278589086,23.1,37,673.0,1.89,-0.9335804264972017,0.3583679495453004,22.4,32,667.0,2.5,-0.9848077530122081,0.17364817766692997,24.8,64,639.0,0.49,1.0,6.123233995736766e-17,6.724999999999998,open-meteo,2026-08-08T10:04:01+00:00
2026-07-04 10:00:00+00:00,FR,solar,30.1,28,755.0,5.13,0.838670567945424,0.5446390350150271,24.9,30,798.0,2.2,-0.9335804264972017,0.3583679495453004,23.7,30,788.0,2.8,-0.9659258262890683,-0.25881904510252063,27.3,48,785.0,1.64,0.9563047559630354,0.29237170472273677,8.5,open-meteo,2026-08-08T10:04:01+00:00
2026-07-04 11:00:00+00:00,FR,solar,31.3,25,842.0,4.76,0.7771459614569709,0.6293203910498374,26.6,24,880.0,2.29,-0.9848077530122081,0.17364817766692997,25.7,25,874.0,4.7,-0.9998476951563913,0.01745240643728313,29.0,38,892.0,2.89,0.8829475928589269,0.46947156278589086,10.150000000000002,open-meteo,2026-08-08T10:04:01+00:00
2026-07-04 12:00:00+00:00,FR,solar,32.3,23,889.5,4.36,0.6018150231520483,0.7986355100472928,27.5,26,915.0,2.47,-0.992546151641322,0.12186934340514768,26.2,25,916.0,5.3,-0.9702957262759966,0.24192189559966745,30.2,37,945.0,2.51,0.9335804264972017,0.3583679495453004,11.05,open-meteo,2026-08-08T10:04:01+00:00
2026-07-04 13:00:00+00:00,FR,solar,33.2,21,894.9,4.38,0.7071067811865475,0.7071067811865476,28.5,23,895.0,3.64,-0.9702957262759966,0.24192189559966745,26.3,29,900.0,5.4,-0.9563047559630354,0.2923717047227367,31.1,26,951.0,2.94,0.7986355100472928,0.6018150231520483,11.774999999999999,open-meteo,2026-08-08T10:04:01+00:00
2026-07-04 14:00:00+00:00,FR,solar,33.9,19,857.3,4.53,0.6560590289905073,0.754709580222772,29.2,20,827.0,5.75,-0.9876883405951378,0.15643446504023067,27.9,24,840.0,6.2,-0.9659258262890684,0.2588190451025203,31.9,28,907.0,3.15,0.8090169943749475,0.5877852522924731,12.725000000000001,open-meteo,2026-08-08T10:04:01+00:00
2026-07-04 15:00:00+00:00,FR,solar,34.3,17,778.9,4.88,0.573576436351046,0.8191520442889918,29.1,21,728.0,6.15,-0.9271838545667874,0.37460659341591196,28.2,27,738.0,6.3,-0.9781476007338056,0.20791169081775945,31.5,26,805.0,4.1,0.766044443118978,0.6427876096865394,12.774999999999999,open-meteo,2026-08-08T10:04:01+00:00
2026-07-04 16:00:00+00:00,FR,solar,34.4,16,665.9,5.82,0.48480962024633706,0.8746197071393957,28.7,17,590.0,7.5,-0.8746197071393956,0.4848096202463373,27.9,33,602.0,6.2,-0.9702957262759966,0.24192189559966745,32.0,27,668.0,3.51,0.8910065241883679,0.45399049973954686,12.75,open-meteo,2026-08-08T10:04:01+00:00
2026-07-04 17:00:00+00:00,FR,solar,34.3,14,514.7,6.49,0.48480962024633706,0.8746197071393957,27.9,25,430.0,7.02,-0.9205048534524405,0.3907311284892735,28.2,37,446.0,5.7,-0.9205048534524405,0.3907311284892735,31.7,22,500.0,5.85,0.6427876096865393,0.766044443118978,12.524999999999999,open-meteo,2026-08-08T10:04:01+00:00
2026-07-04 18:00:00+00:00,FR,solar,33.3,17,334.7,6.74,0.3090169943749474,0.9510565162951535,27.5,25,257.0,6.46,-0.9271838545667874,0.37460659341591196,26.3,47,283.0,7.9,-0.7880107536067218,0.6156614753256585,30.8,25,320.0,3.14,0.7771459614569709,0.6293203910498374,11.474999999999998,open-meteo,2026-08-08T10:04:01+00:00
2026-07-04 19:00:00+00:00,FR,solar,31.7,20,158.2,7.32,0.08715574274765817,0.9961946980917455,26.5,28,105.0,5.11,-0.9563047559630354,0.2923717047227367,24.2,52,134.0,7.2,-0.7660444431189781,0.6427876096865393,28.9,39,143.0,1.67,0.35836794954530027,0.9335804264972017,9.825000000000003,open-meteo,2026-08-08T10:04:01+00:00
2026-07-04 20:00:00+00:00,FR,solar,28.4,28,27.0,6.97,-0.13917310096006588,0.9902680687415703,23.3,35,11.0,7.84,-0.9396926207859083,0.342020143325669,22.2,61,25.0,6.8,-0.7771459614569708,0.6293203910498375,25.7,40,19.0,5.25,-0.15643446504023112,0.9876883405951377,6.900000000000002,open-meteo,2026-08-08T10:04:01+00:00
2026-07-04 21:00:00+00:00,FR,solar,26.3,32,0.0,5.67,-0.15643446504023112,0.9876883405951377,21.1,45,0.0,6.1,-0.8660254037844386,0.5000000000000001,20.6,68,0.0,6.5,-0.7071067811865477,0.7071067811865474,23.9,37,0.0,6.38,0.052335956242943835,0.9986295347545738,4.975000000000001,open-meteo,2026-08-08T10:04:01+00:00
2026-07-04 22:00:00+00:00,FR,solar,24.6,38,0.0,5.63,-0.10452846326765342,0.9945218953682733,19.6,53,0.0,4.46,-0.945518575599317,0.3255681544571563,19.1,75,0.0,5.9,-0.6946583704589976,0.7193398003386509,23.0,38,0.0,6.46,0.17364817766693033,0.984807753012208,3.575000000000003,open-meteo,2026-08-08T10:04:01+00:00
2026-07-04 23:00:00+00:00,FR,solar,23.3,43,0.0,5.4,-2.4492935982947064e-16,1.0,18.6,56,0.0,5.17,-0.9063077870366498,0.4226182617406996,18.2,82,0.0,5.6,-0.7313537016191703,0.6819983600624987,21.9,40,0.0,7.01,0.3420201433256687,0.9396926207859084,2.5,open-meteo,2026-08-08T10:04:01+00:00
2026-07-05 00:00:00+00:00,FR,solar,22.2,51,0.0,6.95,0.12186934340514748,0.992546151641322,17.2,66,0.0,5.15,-0.9335804264972017,0.3583679495453004,17.5,85,0.0,5.7,-0.8910065241883679,0.45399049973954664,20.8,44,0.0,6.07,0.17364817766693033,0.984807753012208,1.4250000000000007,open-meteo,2026-08-08T10:04:01+00:00
2026-07-05 01:00:00+00:00,FR,solar,21.0,59,0.0,7.56,0.43837114678907746,0.898794046299167,16.4,70,0.0,5.47,-0.9659258262890684,0.2588190451025203,16.6,90,0.0,6.0,-0.9781476007338056,0.20791169081775945,20.0,44,0.0,6.17,0.3090169943749474,0.9510565162951535,0.5,open-meteo,2026-08-08T10:04:01+00:00
2026-07-05 02:00:00+00:00,FR,solar,19.9,67,0.0,6.93,0.7193398003386511,0.6946583704589973,15.9,79,0.0,6.13,-0.9743700647852352,0.22495105434386492,16.3,92,0.0,6.9,-0.9975640502598243,0.06975647374412522,19.4,44,0.0,6.18,0.4539904997395468,0.8910065241883679,0.125,open-meteo,2026-08-08T10:04:01+00:00
2026-07-05 03:00:00+00:00,FR,solar,19.3,65,0.0,7.34,0.8746197071393957,0.4848096202463371,15.1,85,0.0,5.36,-0.9876883405951378,0.15643446504023067,15.7,93,0.0,6.7,-0.9945218953682734,0.10452846326765299,19.0,47,0.0,6.11,0.754709580222772,0.6560590289905073,0.7250000000000014,open-meteo,2026-08-08T10:04:01+00:00
2026-07-05 04:00:00+00:00,FR,solar,18.8,64,0.0,7.75,0.8660254037844386,0.5000000000000001,14.6,89,2.0,5.33,-0.9563047559630354,0.2923717047227367,15.2,95,1.0,6.4,-0.9902680687415704,0.13917310096006547,17.7,54,0.0,4.87,0.8660254037844386,0.5000000000000001,1.4250000000000007,open-meteo,2026-08-08T10:04:01+00:00
2026-07-05 05:00:00+00:00,FR,solar,18.5,62,9.3,7.52,0.8746197071393957,0.4848096202463371,15.5,86,57.0,4.95,-0.8910065241883679,0.45399049973954664,16.0,93,53.0,4.8,-0.9702957262759966,0.24192189559966745,17.6,57,11.0,3.97,0.9396926207859083,0.3420201433256688,1.1000000000000014,open-meteo,2026-08-08T10:04:01+00:00
2026-07-05 06:00:00+00:00,FR,solar,21.0,46,115.2,5.81,0.754709580222772,0.6560590289905073,17.4,80,185.0,2.73,-0.9659258262890684,0.2588190451025203,16.8,87,172.0,4.2,-0.9271838545667874,0.37460659341591196,19.5,55,119.0,2.88,0.9510565162951535,0.30901699437494745,0.6750000000000007,open-meteo,2026-08-08T10:04:01+00:00
2026-07-05 07:00:00+00:00,FR,solar,23.7,37,286.5,4.48,0.7771459614569709,0.6293203910498374,19.6,72,301.0,2.45,-1.0,-1.8369701987210297e-16,18.3,81,276.0,2.6,-0.6427876096865396,0.7660444431189778,22.4,64,290.0,2.73,0.9335804264972017,0.3583679495453004,3.0,open-meteo,2026-08-08T10:04:01+00:00
2026-07-05 08:00:00+00:00,FR,solar,27.4,29,468.4,4.44,0.9205048534524404,0.3907311284892737,21.9,65,468.0,3.0,-0.981627183447664,-0.1908089953765446,20.7,68,494.0,2.3,-0.29237170472273716,0.9563047559630353,24.9,46,475.0,1.62,0.9063077870366499,0.42261826174069944,5.725000000000001,open-meteo,2026-08-08T10:04:01+00:00
2026-07-05 09:00:00+00:00,FR,solar,29.6,25,633.3,4.65,0.9455185755993167,0.32556815445715676,24.6,55,653.0,3.43,-0.9986295347545738,-0.052335956242944306,22.2,60,644.0,2.8,-0.6156614753256582,0.7880107536067221,27.3,40,650.0,2.61,0.9743700647852352,0.22495105434386492,7.925000000000001,open-meteo,2026-08-08T10:04:01+00:00
2026-07-05 10:00:00+00:00,FR,solar,31.5,21,754.1,4.0,0.9998476951563913,0.0174524064372836,25.4,49,597.0,4.96,-0.9510565162951536,0.30901699437494723,23.4,57,753.0,2.5,-0.7547095802227722,0.656059028990507,29.7,31,799.0,2.76,0.9563047559630354,0.29237170472273677,9.5,open-meteo,2026-08-08T10:04:01+00:00
2026-07-05 11:00:00+00:00,FR,solar,32.9,19,841.2,3.49,0.9135454576426009,0.4067366430758002,26.3,46,635.0,6.01,-0.8829475928589271,0.4694715627858904,24.5,52,660.0,4.2,-0.8660254037844386,0.5000000000000001,31.5,25,906.0,3.11,0.9135454576426009,0.4067366430758002,10.8,open-meteo,2026-08-08T10:04:01+00:00
2026-07-05 12:00:00+00:00,FR,solar,34.2,16,888.7,3.32,0.9612616959383189,0.27563735581699916,27.0,43,657.0,6.09,-0.898794046299167,0.4383711467890774,24.5,51,634.0,5.3,-0.8571673007021123,0.5150380749100542,32.6,22,962.0,3.42,0.8910065241883679,0.45399049973954686,11.575000000000003,open-meteo,2026-08-08T10:04:01+00:00
2026-07-05 13:00:00+00:00,FR,solar,35.4,15,894.1,3.82,0.7071067811865475,0.7071067811865476,26.6,45,576.0,7.31,-0.8480480961564262,0.5299192642332047,25.6,48,709.0,5.2,-0.7986355100472932,0.6018150231520479,33.8,19,963.0,3.38,0.8660254037844386,0.5000000000000001,12.349999999999998,open-meteo,2026-08-08T10:04:01+00:00
2026-07-05 14:00:00+00:00,FR,solar,35.9,14,856.5,3.33,0.754709580222772,0.6560590289905073,27.6,37,725.0,7.68,-0.7880107536067218,0.6156614753256585,27.0,44,753.0,5.0,-0.8480480961564262,0.5299192642332047,34.3,19,914.0,3.34,0.848048096156426,0.5299192642332049,13.2,open-meteo,2026-08-08T10:04:01+00:00
2026-07-05 15:00:00+00:00,FR,solar,36.8,15,778.7,4.68,0.7431448254773942,0.6691306063588582,27.1,39,607.0,7.59,-0.8090169943749476,0.5877852522924729,26.5,46,720.0,5.5,-0.8829475928589271,0.4694715627858904,34.4,21,812.0,3.47,0.6819983600624985,0.7313537016191705,13.200000000000003,open-meteo,2026-08-08T10:04:01+00:00
2026-07-05 16:00:00+00:00,FR,solar,36.8,14,665.5,5.8,0.5877852522924731,0.8090169943749475,27.2,39,505.0,7.7,-0.7986355100472932,0.6018150231520479,26.5,43,576.0,6.2,-0.7547095802227722,0.656059028990507,34.5,19,674.0,5.07,0.754709580222772,0.6560590289905073,13.25,open-meteo,2026-08-08T10:04:01+00:00
2026-07-05 17:00:00+00:00,FR,solar,36.3,17,507.5,6.09,0.39073112848927377,0.9205048534524404,26.1,42,360.0,7.42,-0.6691306063588581,0.7431448254773944,26.5,43,440.0,6.3,-0.7431448254773946,0.6691306063588578,33.7,18,506.0,4.25,0.43837114678907746,0.898794046299167,12.650000000000002,open-meteo,2026-08-08T10:04:01+00:00
2026-07-05 18:00:00+00:00,FR,solar,35.5,17,328.1,5.94,0.5446390350150271,0.838670567945424,25.6,44,233.0,6.69,-0.6293203910498378,0.7771459614569706,25.5,45,281.0,7.0,-0.7771459614569708,0.6293203910498375,32.6,20,322.0,4.37,0.6946583704589973,0.7193398003386512,11.799999999999997,open-meteo,2026-08-08T10:04:01+00:00
2026-07-05 19:00:00+00:00,FR,solar,34.0,21,154.9,6.41,0.39073112848927377,0.9205048534524404,24.4,49,100.0,5.24,-0.35836794954530077,0.9335804264972015,23.6,51,119.0,5.9,-0.8386705679454243,0.5446390350150266,30.1,30,144.0,2.8,0.5877852522924731,0.8090169943749475,10.024999999999999,open-meteo,2026-08-08T10:04:01+00:00
2026-07-05 20:00:00+00:00,FR,solar,31.4,30,25.5,6.48,0.3420201433256687,0.9396926207859084,22.2,59,11.0,2.99,-0.529919264233205,0.8480480961564258,22.1,58,24.0,5.5,-0.8480480961564262,0.5299192642332047,27.3,31,19.0,3.64,0.4539904997395468,0.8910065241883679,7.7499999999999964,open-meteo,2026-08-08T10:04:01+00:00
2026-07-05 21:00:00+00:00,FR,solar,29.4,35,0.0,6.24,0.20791169081775934,0.9781476007338057,20.0,66,0.0,5.16,-0.7771459614569708,0.6293203910498375,20.2,65,0.0,5.7,-0.8480480961564262,0.5299192642332047,25.5,33,0.0,3.88,0.35836794954530027,0.9335804264972017,5.774999999999999,open-meteo,2026-08-08T10:04:01+00:00
2026-07-05 22:00:00+00:00,FR,solar,27.7,39,0.0,5.77,0.24192189559966773,0.9702957262759965,19.0,70,0.0,4.13,-0.8090169943749476,0.5877852522924729,19.0,69,0.0,6.5,-0.6156614753256582,0.7880107536067221,24.3,40,0.0,3.84,0.3255681544571567,0.9455185755993168,4.5,open-meteo,2026-08-08T10:04:01+00:00
2026-07-05 23:00:00+00:00,FR,solar,26.3,45,0.0,7.16,0.4694715627858908,0.882947592858927,18.5,71,0.0,5.02,-0.6293203910498378,0.7771459614569706,18.5,75,0.0,5.7,-0.6427876096865396,0.7660444431189778,23.1,43,0.0,4.57,0.5150380749100542,0.8571673007021123,3.6000000000000014,open-meteo,2026-08-08T10:04:01+00:00
2026-07-06 00:00:00+00:00,FR,solar,25.7,45,0.0,6.29,0.6946583704589973,0.7193398003386512,17.3,80,0.0,2.39,-0.3255681544571567,0.9455185755993168,16.9,82,0.0,5.5,-0.5591929034707466,0.8290375725550418,21.8,54,0.0,4.92,0.7193398003386511,0.6946583704589973,2.4250000000000007,open-meteo,2026-08-08T10:04:01+00:00
2026-07-06 01:00:00+00:00,FR,solar,24.3,50,0.0,6.71,0.9063077870366499,0.42261826174069944,15.7,88,0.0,0.6,-0.15643446504023112,0.9876883405951377,15.6,89,0.0,4.9,-0.6156614753256582,0.7880107536067221,21.3,57,0.0,5.28,0.766044443118978,0.6427876096865394,1.2250000000000014,open-meteo,2026-08-08T10:04:01+00:00
2026-07-06 02:00:00+00:00,FR,solar,23.2,52,0.0,6.56,0.9335804264972017,0.3583679495453004,15.4,89,0.0,0.71,-0.9612616959383188,0.2756373558169994,15.1,93,0.0,3.4,-0.529919264233205,0.8480480961564258,21.6,55,0.0,6.61,0.8191520442889918,0.573576436351046,0.8250000000000028,open-meteo,2026-08-08T10:04:01+00:00
2026-07-06 03:00:00+00:00,FR,solar,22.7,49,0.0,5.71,0.981627183447664,0.19080899537654492,14.9,92,0.0,1.49,-0.9205048534524405,0.3907311284892735,14.5,94,0.0,4.3,-0.7986355100472932,0.6018150231520479,21.8,54,0.0,7.26,0.9335804264972017,0.3583679495453004,0.4750000000000014,open-meteo,2026-08-08T10:04:01+00:00
2026-07-06 04:00:00+00:00,FR,solar,21.8,53,0.0,6.26,0.9902680687415704,0.13917310096006547,14.3,94,1.0,2.32,-0.8829475928589271,0.4694715627858904,14.2,95,0.0,3.5,-0.8829475928589271,0.4694715627858904,21.0,56,0.0,6.89,0.9659258262890683,0.25881904510252074,0.1750000000000007,open-meteo,2026-08-08T10:04:01+00:00
2026-07-06 05:00:00+00:00,FR,solar,21.1,58,8.5,6.58,0.9876883405951378,0.15643446504023092,15.0,93,47.0,1.08,-1.0,-1.8369701987210297e-16,14.9,95,47.0,3.2,-0.984807753012208,-0.17364817766693033,20.5,58,11.0,6.75,0.9876883405951378,0.15643446504023092,0.125,open-meteo,2026-08-08T10:04:01+00:00
2026-07-06 06:00:00+00:00,FR,solar,23.5,47,110.3,6.22,0.981627183447664,0.19080899537654492,17.1,83,149.0,1.37,-1.0,-1.8369701987210297e-16,17.4,81,158.0,4.9,-0.961261695938319,-0.2756373558169989,21.3,58,115.0,6.97,0.9986295347545738,0.052335956242943966,1.8249999999999993,open-meteo,2026-08-08T10:04:01+00:00
2026-07-06 07:00:00+00:00,FR,solar,26.4,41,277.6,6.51,0.9975640502598242,-0.06975647374412533,20.1,71,309.0,0.84,-0.9335804264972015,-0.3583679495453007,19.6,73,334.0,3.5,-0.913545457642601,-0.4067366430758001,23.7,52,284.0,6.58,0.9975640502598242,0.06975647374412523,4.449999999999999,open-meteo,2026-08-08T10:04:01+00:00
2026-07-06 08:00:00+00:00,FR,solar,29.6,32,459.9,6.99,0.9876883405951378,-0.1564344650402308,22.2,63,394.0,1.36,-0.8660254037844384,-0.5000000000000004,22.0,62,470.0,2.8,-0.9702957262759965,-0.24192189559966779,25.9,47,467.0,5.94,0.9743700647852352,0.22495105434386492,6.924999999999997,open-meteo,2026-08-08T10:04:01+00:00
2026-07-06 09:00:00+00:00,FR,solar,31.7,27,632.3,6.75,0.9781476007338057,-0.20791169081775934,24.5,52,525.0,2.28,-0.90630778703665,-0.42261826174069916,24.0,52,594.0,3.8,-0.9876883405951377,-0.15643446504023104,28.5,42,641.0,5.07,0.984807753012208,0.17364817766693041,9.175,open-meteo,2026-08-08T10:04:01+00:00
2026-07-06 10:00:00+00:00,FR,solar,33.6,21,752.9,6.51,0.9986295347545738,-0.05233595624294384,26.4,46,690.0,2.95,-0.9975640502598242,-0.06975647374412558,25.4,48,758.0,4.6,-0.9998476951563913,-0.017452406437283498,31.0,36,785.0,5.06,0.9876883405951378,0.15643446504023092,11.100000000000001,open-meteo,2026-08-08T10:04:01+00:00
2026-07-06 11:00:00+00:00,FR,solar,35.2,17,840.3,6.0,0.9993908270190958,-0.034899496702500955,28.2,42,821.0,3.63,-0.9993908270190958,0.03489949670250128,27.7,37,851.0,4.9,-0.9743700647852352,0.22495105434386492,33.0,30,893.0,4.93,0.992546151641322,0.12186934340514749,13.025000000000002,open-meteo,2026-08-08T10:04:01+00:00
2026-07-06 12:00:00+00:00,FR,solar,36.6,14,887.9,6.44,0.9945218953682733,-0.10452846326765355,28.9,38,797.0,4.61,-0.9975640502598243,0.06975647374412522,28.5,35,888.0,5.1,-0.9816271834476639,0.1908089953765451,34.2,23,952.0,5.42,0.9945218953682733,0.10452846326765346,14.049999999999997,open-meteo,2026-08-08T10:04:01+00:00
2026-07-06 13:00:00+00:00,FR,solar,38.0,12,893.3,6.0,0.9993908270190958,-0.034899496702500955,30.1,32,836.0,4.98,-0.9848077530122081,0.17364817766692997,29.3,33,888.0,5.1,-0.9781476007338056,0.20791169081775945,35.4,21,960.0,5.24,0.9902680687415704,0.13917310096006547,15.199999999999996,open-meteo,2026-08-08T10:04:01+00:00
2026-07-06 14:00:00+00:00,FR,solar,38.7,10,856.1,6.04,0.9925461516413221,-0.12186934340514737,30.7,28,771.0,5.24,-0.9563047559630354,0.2923717047227367,30.8,26,829.0,5.6,-0.9781476007338056,0.20791169081775945,36.4,17,914.0,5.38,0.984807753012208,0.17364817766693041,16.15,open-meteo,2026-08-08T10:04:01+00:00
2026-07-06 15:00:00+00:00,FR,solar,38.9,9,778.2,6.3,0.9993908270190958,-0.034899496702500955,30.8,26,716.0,4.69,-0.9816271834476639,0.1908089953765451,31.2,25,723.0,6.1,-0.9876883405951378,0.15643446504023067,36.5,18,817.0,5.16,0.9702957262759965,0.24192189559966767,16.35,open-meteo,2026-08-08T10:04:01+00:00
2026-07-06 16:00:00+00:00,FR,solar,38.9,9,664.9,5.92,0.9961946980917455,-0.08715574274765824,30.3,25,579.0,5.59,-0.9998476951563913,0.01745240643728313,31.2,23,595.0,6.4,-0.9876883405951378,0.15643446504023067,36.8,14,679.0,5.39,0.9455185755993167,0.32556815445715676,16.299999999999997,open-meteo,2026-08-08T10:04:01+00:00
2026-07-06 17:00:00+00:00,FR,solar,38.5,9,519.9,5.43,0.9743700647852352,-0.22495105434386503,30.0,27,419.0,6.32,-0.9925461516413221,-0.12186934340514717,31.0,23,364.0,5.9,-0.9396926207859083,0.342020143325669,36.2,13,511.0,5.4,0.9612616959383189,0.27563735581699916,15.924999999999997,open-meteo,2026-08-08T10:04:01+00:00
2026-07-06 18:00:00+00:00,FR,solar,37.8,12,336.6,4.95,0.9702957262759965,-0.24192189559966779,29.5,30,241.0,3.92,-0.9986295347545738,0.052335956242943946,29.9,27,244.0,6.0,-0.9781476007338056,0.20791169081775945,34.3,17,325.0,4.63,0.9945218953682733,-0.10452846326765355,14.875,open-meteo,2026-08-08T10:04:01+00:00
2026-07-06 19:00:00+00:00,FR,solar,36.5,14,157.4,4.39,0.9135454576426009,-0.40673664307580026,28.2,33,101.0,5.17,-0.984807753012208,-0.17364817766693033,27.8,33,120.0,5.9,-0.9563047559630354,0.2923717047227367,31.0,26,145.0,3.53,0.9986295347545738,0.052335956242943966,12.875,open-meteo,2026-08-08T10:04:01+00:00
2026-07-06 20:00:00+00:00,FR,solar,33.5,17,26.2,4.74,0.9925461516413221,-0.12186934340514737,24.6,41,11.0,5.61,-0.9781476007338056,-0.2079116908177598,25.2,33,24.0,5.5,-0.7431448254773946,0.6691306063588578,28.3,31,19.0,2.86,0.9945218953682733,0.10452846326765346,9.899999999999999,open-meteo,2026-08-08T10:04:01+00:00
2026-07-06 21:00:00+00:00,FR,solar,32.1,16,0.0,6.2,0.9510565162951535,0.30901699437494745,22.2,53,0.0,4.46,-0.9876883405951378,0.15643446504023067,22.9,41,0.0,5.9,-0.7313537016191703,0.6819983600624987,26.9,29,0.0,2.95,0.9659258262890683,0.25881904510252074,8.024999999999999,open-meteo,2026-08-08T10:04:01+00:00
2026-07-06 22:00:00+00:00,FR,solar,30.3,20,0.0,6.74,0.9335804264972017,0.3583679495453004,21.4,56,0.0,4.31,-1.0,-1.8369701987210297e-16,19.3,57,0.0,5.0,-0.6156614753256582,0.7880107536067221,25.7,29,0.0,3.5,0.981627183447664,0.19080899537654492,6.175000000000001,open-meteo,2026-08-08T10:04:01+00:00
2026-07-06 23:00:00+00:00,FR,solar,30.3,18,0.0,7.08,0.9205048534524404,0.3907311284892737,20.6,58,0.0,3.4,-0.9781476007338056,-0.2079116908177598,18.1,54,0.0,5.2,-0.8746197071393956,0.4848096202463373,24.5,31,0.0,4.42,0.9743700647852352,0.22495105434386492,5.375,open-meteo,2026-08-08T10:04:01+00:00
2026-07-07 00:00:00+00:00,FR,solar,28.8,20,0.0,5.46,0.9702957262759965,0.24192189559966767,17.4,71,0.0,3.06,-0.7660444431189779,-0.6427876096865395,18.2,49,0.0,4.7,-0.9396926207859084,-0.34202014332566855,23.5,38,0.0,4.75,0.9702957262759965,0.24192189559966767,3.9750000000000014,open-meteo,2026-08-08T10:04:01+00:00
2026-07-07 01:00:00+00:00,FR,solar,25.9,27,0.0,6.46,0.9612616959383189,-0.27563735581699905,17.0,71,0.0,3.68,-0.6691306063588582,-0.7431448254773942,16.5,58,0.0,5.4,-0.9563047559630353,-0.2923717047227371,22.8,39,0.0,6.65,0.9702957262759965,0.24192189559966767,2.5500000000000007,open-meteo,2026-08-08T10:04:01+00:00
2026-07-07 02:00:00+00:00,FR,solar,24.2,32,0.0,7.2,0.984807753012208,-0.1736481776669303,16.6,73,0.0,3.74,-0.7313537016191703,-0.6819983600624986,17.0,51,0.0,5.0,-0.9876883405951377,-0.15643446504023104,23.1,37,0.0,7.17,0.984807753012208,0.17364817766693041,2.2250000000000014,open-meteo,2026-08-08T10:04:01+00:00
2026-07-07 03:00:00+00:00,FR,solar,24.0,34,0.0,8.33,0.9135454576426009,-0.40673664307580026,16.4,73,0.0,4.44,-0.656059028990507,-0.7547095802227721,18.1,48,0.0,5.7,-0.9986295347545738,-0.052335956242944306,21.9,41,0.0,6.82,0.992546151641322,0.12186934340514749,2.1000000000000014,open-meteo,2026-08-08T10:04:01+00:00
2026-07-07 04:00:00+00:00,FR,solar,22.6,37,0.0,8.38,0.838670567945424,-0.5446390350150272,16.7,70,1.0,4.73,-0.6427876096865393,-0.766044443118978,17.0,62,0.0,7.3,-0.9986295347545738,-0.052335956242944306,20.8,44,0.0,6.6,0.9945218953682733,0.10452846326765346,1.2749999999999986,open-meteo,2026-08-08T10:04:01+00:00
2026-07-07 05:00:00+00:00,FR,solar,22.0,42,8.5,7.29,0.8746197071393959,-0.484809620246337,17.9,66,37.0,4.24,-0.6427876096865393,-0.766044443118978,18.2,51,50.0,7.3,-1.0,-1.8369701987210297e-16,20.1,48,11.0,6.18,0.9975640502598242,0.06975647374412523,1.5499999999999972,open-meteo,2026-08-08T10:04:01+00:00
2026-07-07 06:00:00+00:00,FR,solar,23.9,42,111.9,8.16,0.8571673007021123,-0.5150380749100543,19.9,61,122.0,3.96,-0.7660444431189779,-0.6427876096865395,20.4,51,174.0,8.2,-0.9986295347545738,0.052335956242943946,20.6,54,118.0,5.1,0.9998476951563913,0.0174524064372836,3.1999999999999957,open-meteo,2026-08-08T10:04:01+00:00
2026-07-07 07:00:00+00:00,FR,solar,26.2,35,282.6,6.78,0.7986355100472927,-0.6018150231520484,22.7,51,261.0,3.8,-0.8191520442889916,-0.5735764363510464,22.2,49,300.0,4.5,-0.9961946980917455,-0.08715574274765825,24.1,57,291.0,3.56,0.9902680687415704,-0.13917310096006535,5.799999999999997,open-meteo,2026-08-08T10:04:01+00:00
2026-07-07 08:00:00+00:00,FR,solar,29.5,28,464.5,4.52,0.4694715627858907,-0.882947592858927,26.5,37,403.0,4.93,-0.9335804264972015,-0.3583679495453007,25.0,37,418.0,4.6,-0.9702957262759966,0.24192189559966745,27.5,39,476.0,1.25,0.7071067811865476,-0.7071067811865475,9.125,open-meteo,2026-08-08T10:04:01+00:00
2026-07-07 09:00:00+00:00,FR,solar,31.8,25,631.0,2.24,-0.17364817766693047,-0.984807753012208,28.6,31,564.0,5.3,-0.961261695938319,-0.2756373558169989,26.1,30,410.0,5.2,-0.9510565162951536,0.30901699437494723,29.4,34,648.0,0.84,0.3583679495453002,-0.9335804264972017,10.975000000000001,open-meteo,2026-08-08T10:04:01+00:00
2026-07-07 10:00:00+00:00,FR,solar,34.4,21,751.9,1.65,-0.2419218955996675,-0.9702957262759965,30.3,25,600.0,6.06,-0.9876883405951377,-0.15643446504023104,26.9,39,511.0,5.3,-0.9816271834476639,0.1908089953765451,31.9,29,795.0,0.66,0.8910065241883679,-0.45399049973954675,12.875,open-meteo,2026-08-08T10:04:01+00:00
2026-07-07 11:00:00+00:00,FR,solar,37.0,16,839.1,1.89,0.529919264233205,-0.848048096156426,31.2,23,676.0,6.86,-0.9998476951563913,-0.017452406437283498,27.9,35,666.0,5.4,-0.9816271834476639,0.1908089953765451,34.6,24,900.0,0.89,0.9945218953682733,-0.10452846326765355,14.674999999999997,open-meteo,2026-08-08T10:04:01+00:00
2026-07-07 12:00:00+00:00,FR,solar,38.8,12,887.3,1.02,0.981627183447664,0.19080899537654492,31.6,23,658.0,7.64,-0.9998476951563913,0.01745240643728313,28.8,28,546.0,7.0,-0.9743700647852352,0.22495105434386492,36.0,22,956.0,0.63,0.7771459614569709,0.6293203910498374,15.799999999999997,open-meteo,2026-08-08T10:04:01+00:00
2026-07-07 13:00:00+00:00,FR,solar,39.8,9,892.9,1.61,-0.12186934340514723,0.9925461516413221,32.0,24,635.0,6.86,-0.9993908270190958,0.03489949670250128,29.3,30,491.0,6.9,-0.945518575599317,0.3255681544571563,37.3,17,954.0,0.59,-2.4492935982947064e-16,1.0,16.599999999999994,open-meteo,2026-08-08T10:04:01+00:00
2026-07-07 14:00:00+00:00,FR,solar,40.0,9,855.5,0.76,-0.3907311284892739,0.9205048534524403,32.8,18,691.0,8.84,-0.9848077530122081,0.17364817766692997,30.4,24,577.0,7.4,-0.9396926207859083,0.342020143325669,38.1,13,904.0,1.1,0.4539904997395468,0.8910065241883679,17.324999999999996,open-meteo,2026-08-08T10:04:01+00:00
2026-07-07 15:00:00+00:00,FR,solar,37.8,28,777.4,6.45,-0.9925461516413221,-0.12186934340514717,31.6,17,479.0,8.95,-0.9510565162951536,0.30901699437494723,30.4,23,481.0,7.5,-0.9563047559630354,0.2923717047227367,38.3,12,810.0,0.4,-0.24192189559966787,0.9702957262759965,16.525000000000006,open-meteo,2026-08-08T10:04:01+00:00
2026-07-07 16:00:00+00:00,FR,solar,37.1,30,660.5,5.94,-0.9925461516413221,-0.12186934340514717,31.6,19,462.0,8.96,-0.9396926207859083,0.342020143325669,29.0,26,379.0,7.7,-0.8746197071393956,0.4848096202463373,38.3,16,668.0,1.31,-0.9743700647852352,0.22495105434386492,16.0,open-meteo,2026-08-08T10:04:01+00:00
2026-07-07 17:00:00+00:00,FR,solar,37.2,26,493.2,5.36,-0.9702957262759966,0.24192189559966745,30.9,20,350.0,9.52,-0.9563047559630354,0.2923717047227367,29.0,23,276.0,7.1,-0.8480480961564262,0.5299192642332047,37.6,16,495.0,2.66,-0.9945218953682734,-0.10452846326765336,15.674999999999997,open-meteo,2026-08-08T10:04:01+00:00
2026-07-07 18:00:00+00:00,FR,solar,34.8,33,321.2,6.84,-0.9945218953682734,-0.10452846326765336,29.3,22,190.0,9.9,-0.8910065241883679,0.45399049973954664,28.0,28,207.0,6.6,-0.8191520442889918,0.573576436351046,35.9,19,313.0,3.97,-0.9396926207859084,-0.34202014332566855,14.0,open-meteo,2026-08-08T10:04:01+00:00
2026-07-07 19:00:00+00:00,FR,solar,28.9,63,149.7,7.5,-0.961261695938319,-0.2756373558169989,27.4,27,73.0,7.8,-0.8191520442889918,0.573576436351046,26.3,29,120.0,5.8,-0.8090169943749476,0.5877852522924729,32.7,26,139.0,7.26,-0.984807753012208,-0.17364817766693033,10.825,open-meteo,2026-08-08T10:04:01+00:00
2026-07-07 20:00:00+00:00,FR,solar,25.3,73,23.7,8.02,-0.984807753012208,-0.17364817766693033,24.9,36,8.0,6.58,-0.7193398003386512,0.6946583704589973,23.8,33,23.0,6.1,-0.7880107536067218,0.6156614753256585,28.5,60,17.0,9.42,-0.9781476007338056,0.20791169081775945,7.625,open-meteo,2026-08-08T10:04:01+00:00
2026-07-07 21:00:00+00:00,FR,solar,23.7,88,0.0,9.75,-0.9945218953682734,-0.10452846326765336,21.8,46,0.0,6.79,-0.6819983600624984,0.7313537016191707,21.8,42,0.0,7.2,-0.7431448254773946,0.6691306063588578,24.0,81,0.0,8.49,-0.9816271834476639,0.1908089953765451,4.824999999999999,open-meteo,2026-08-08T10:04:01+00:00
2026-07-07 22:00:00+00:00,FR,solar,23.6,84,0.0,7.13,-0.9961946980917455,-0.08715574274765825,19.3,55,0.0,5.69,-0.7431448254773946,0.6691306063588578,20.1,50,0.0,7.1,-0.6293203910498378,0.7771459614569706,21.5,94,0.0,7.81,-0.9902680687415704,0.13917310096006547,3.125,open-meteo,2026-08-08T10:04:01+00:00
2026-07-07 23:00:00+00:00,FR,solar,23.3,84,0.0,4.51,-0.9975640502598243,0.06975647374412522,17.8,59,0.0,4.85,-0.7071067811865477,0.7071067811865474,18.7,50,0.0,7.3,-0.6018150231520483,0.7986355100472928,20.7,96,0.0,6.21,-0.9781476007338056,0.20791169081775945,2.125,open-meteo,2026-08-08T10:04:01+00:00
2026-07-08 00:00:00+00:00,FR,solar,22.7,85,0.0,2.58,-0.5877852522924734,0.8090169943749473,16.9,67,0.0,3.53,-0.6946583704589976,0.7193398003386509,18.0,57,0.0,7.3,-0.5877852522924734,0.8090169943749473,20.7,96,0.0,5.51,-0.9961946980917455,0.08715574274765789,1.5749999999999993,open-meteo,2026-08-08T10:04:01+00:00
2026-07-08 01:00:00+00:00,FR,solar,22.0,88,0.0,2.55,-0.43837114678907746,-0.8987940462991669,16.2,69,0.0,3.73,-0.3907311284892739,0.9205048534524403,17.4,73,0.0,6.7,-0.5150380749100545,0.8571673007021121,20.3,97,0.0,6.08,-0.9993908270190958,-0.03489949670250076,0.9750000000000014,open-meteo,2026-08-08T10:04:01+00:00
2026-07-08 02:00:00+00:00,FR,solar,20.7,92,0.0,3.54,-0.7071067811865475,-0.7071067811865477,14.5,75,0.0,2.26,-0.08715574274765832,0.9961946980917455,17.5,69,0.0,5.5,-0.3907311284892739,0.9205048534524403,20.0,98,0.0,5.68,-1.0,-1.8369701987210297e-16,0.1750000000000007,open-meteo,2026-08-08T10:04:01+00:00
2026-07-08 03:00:00+00:00,FR,solar,20.2,94,0.0,5.19,-0.7660444431189779,-0.6427876096865395,14.2,80,0.0,1.5,-0.8480480961564262,0.5299192642332047,16.0,72,0.0,5.0,-0.5877852522924734,0.8090169943749473,19.5,99,0.0,5.19,-0.9998476951563913,-0.017452406437283498,0.5249999999999986,open-meteo,2026-08-08T10:04:01+00:00
2026-07-08 04:00:00+00:00,FR,solar,20.5,94,0.0,5.83,-0.8571673007021121,-0.5150380749100544,14.6,77,1.0,1.64,-0.9563047559630354,0.2923717047227367,15.7,80,0.0,3.9,-0.6427876096865396,0.7660444431189778,19.3,99,0.0,5.41,-0.9961946980917455,-0.08715574274765825,0.4750000000000014,open-meteo,2026-08-08T10:04:01+00:00
2026-07-08 05:00:00+00:00,FR,solar,20.8,92,4.6,5.09,-0.9396926207859084,-0.34202014332566855,15.9,71,47.0,2.2,-0.8480480961564262,0.5299192642332047,16.8,79,49.0,3.4,-0.3255681544571567,0.9455185755993168,19.1,99,8.0,5.67,-0.984807753012208,-0.17364817766693033,0.14999999999999858,open-meteo,2026-08-08T10:04:01+00:00
2026-07-08 06:00:00+00:00,FR,solar,21.9,90,66.4,3.96,-0.9335804264972015,-0.3583679495453007,18.4,63,168.0,2.06,-0.9063077870366498,0.4226182617406996,18.7,68,174.0,2.9,-0.5150380749100545,0.8571673007021121,19.8,93,84.0,5.7,-0.9975640502598242,-0.06975647374412558,1.6999999999999993,open-meteo,2026-08-08T10:04:01+00:00
2026-07-08 07:00:00+00:00,FR,solar,23.8,80,185.4,4.47,-0.984807753012208,-0.17364817766693033,21.5,55,330.0,1.55,-0.9510565162951536,0.30901699437494723,21.3,63,329.0,0.9,-0.7313537016191703,0.6819983600624987,21.3,85,238.0,4.31,-0.9998476951563913,0.01745240643728313,3.974999999999998,open-meteo,2026-08-08T10:04:01+00:00
2026-07-08 08:00:00+00:00,FR,solar,25.7,71,429.8,4.7,-0.9998476951563913,0.01745240643728313,24.6,47,500.0,1.58,-0.5000000000000004,0.8660254037844384,23.7,56,475.0,0.4,-0.4383711467890778,0.8987940462991668,23.0,79,436.0,3.83,-0.9986295347545738,0.052335956242943946,6.25,open-meteo,2026-08-08T10:04:01+00:00
2026-07-08 09:00:00+00:00,FR,solar,27.9,59,606.5,3.32,-0.9925461516413221,-0.12186934340514717,26.5,42,649.0,1.47,-0.6018150231520483,0.7986355100472928,26.1,46,614.0,1.9,-0.6427876096865396,0.7660444431189778,24.7,74,612.0,1.28,-0.8480480961564262,0.5299192642332047,8.3,open-meteo,2026-08-08T10:04:01+00:00
2026-07-08 10:00:00+00:00,FR,solar,30.1,50,749.0,2.06,-0.9702957262759966,0.24192189559966745,28.1,39,751.0,2.53,-0.5877852522924734,0.8090169943749473,27.8,44,738.0,2.1,-0.5591929034707466,0.8290375725550418,27.2,64,760.0,1.01,-0.4848096202463369,0.8746197071393959,10.3,open-meteo,2026-08-08T10:04:01+00:00
2026-07-08 11:00:00+00:00,FR,solar,32.1,43,838.2,2.11,-0.9961946980917455,0.08715574274765789,29.5,37,805.0,3.59,-0.5735764363510465,0.8191520442889916,29.1,39,825.0,3.2,-0.05233595624294437,0.9986295347545738,29.6,56,865.0,1.18,-0.08715574274765832,0.9961946980917455,12.075000000000003,open-meteo,2026-08-08T10:04:01+00:00
2026-07-08 12:00:00+00:00,FR,solar,33.6,37,886.6,1.51,-0.9902680687415704,0.13917310096006547,30.3,38,876.0,3.4,-0.7193398003386512,0.6946583704589973,30.0,38,875.0,4.0,-0.45399049973954697,0.8910065241883678,31.4,51,922.0,0.75,-0.3907311284892739,0.9205048534524403,13.325000000000003,open-meteo,2026-08-08T10:04:01+00:00
2026-07-08 13:00:00+00:00,FR,solar,35.2,31,892.4,2.21,-0.9961946980917455,-0.08715574274765825,30.8,36,730.0,4.03,-0.4383711467890778,0.8987940462991668,30.1,40,859.0,3.2,-0.13917310096006588,0.9902680687415703,33.2,44,925.0,0.88,-2.4492935982947064e-16,1.0,14.325000000000003,open-meteo,2026-08-08T10:04:01+00:00
2026-07-08 14:00:00+00:00,FR,solar,35.9,32,854.9,1.8,-0.9986295347545738,0.052335956242943946,30.9,34,721.0,5.99,-0.06975647374412564,0.9975640502598242,31.3,33,719.0,4.2,0.29237170472273677,0.9563047559630354,35.0,33,881.0,1.25,0.7071067811865475,0.7071067811865476,15.274999999999999,open-meteo,2026-08-08T10:04:01+00:00
2026-07-08 15:00:00+00:00,FR,solar,37.4,26,777.2,4.22,-0.8571673007021123,0.5150380749100542,30.6,33,641.0,6.17,-0.1736481776669304,0.984807753012208,30.8,37,715.0,4.3,0.224951054343865,0.9743700647852352,35.9,26,787.0,2.45,0.9612616959383189,0.27563735581699916,15.674999999999997,open-meteo,2026-08-08T10:04:01+00:00
2026-07-08 16:00:00+00:00,FR,solar,36.9,30,653.0,5.08,-0.8480480961564262,0.5299192642332047,30.8,33,536.0,5.45,-0.3090169943749477,0.9510565162951535,30.3,38,553.0,5.1,0.29237170472273677,0.9563047559630354,36.2,18,658.0,1.76,1.0,6.123233995736766e-17,15.549999999999997,open-meteo,2026-08-08T10:04:01+00:00
2026-07-08 17:00:00+00:00,FR,solar,33.2,46,487.1,6.02,-0.9961946980917455,0.08715574274765789,29.7,37,304.0,5.83,-0.13917310096006588,0.9902680687415703,29.8,41,433.0,5.8,0.20791169081775934,0.9781476007338057,35.7,19,495.0,1.55,0.9510565162951536,-0.30901699437494734,14.100000000000001,open-meteo,2026-08-08T10:04:01+00:00
2026-07-08 18:00:00+00:00,FR,solar,33.3,45,311.9,4.55,-0.9876883405951378,0.15643446504023067,28.9,38,245.0,5.73,-0.22495105434386534,0.9743700647852351,29.1,42,275.0,5.9,0.25881904510252074,0.9659258262890683,34.6,27,313.0,1.9,0.9781476007338056,0.20791169081775945,13.475000000000001,open-meteo,2026-08-08T10:04:01+00:00
2026-07-08 19:00:00+00:00,FR,solar,30.4,53,144.1,4.88,-0.7313537016191703,0.6819983600624987,27.4,42,96.0,5.92,-0.20791169081775987,0.9781476007338056,27.1,49,126.0,5.9,0.35836794954530027,0.9335804264972017,31.7,37,137.0,3.0,0.981627183447664,0.19080899537654492,11.150000000000002,open-meteo,2026-08-08T10:04:01+00:00
2026-07-08 20:00:00+00:00,FR,solar,27.6,63,23.1,4.22,-0.8571673007021123,0.5150380749100542,25.3,45,10.0,6.58,-0.05233595624294437,0.9986295347545738,25.3,55,22.0,5.4,0.3255681544571567,0.9455185755993168,28.5,38,17.0,4.35,0.9205048534524404,0.3907311284892737,8.675,open-meteo,2026-08-08T10:04:01+00:00
2026-07-08 21:00:00+00:00,FR,solar,25.7,69,0.0,4.65,-0.4226182617406992,0.90630778703665,24.3,50,0.0,8.13,-2.4492935982947064e-16,1.0,24.0,57,0.0,6.3,0.573576436351046,0.8191520442889918,27.3,39,0.0,4.39,0.8746197071393957,0.4848096202463371,7.324999999999999,open-meteo,2026-08-08T10:04:01+00:00
2026-07-08 22:00:00+00:00,FR,solar,25.1,70,0.0,2.51,-0.8746197071393956,0.4848096202463373,23.0,56,0.0,8.33,0.42261826174069944,0.9063077870366499,22.6,64,0.0,7.0,0.5591929034707469,0.8290375725550417,22.9,72,0.0,2.95,-0.9659258262890683,-0.25881904510252063,5.399999999999999,open-meteo,2026-08-08T10:04:01+00:00
2026-07-08 23:00:00+00:00,FR,solar,23.8,79,0.0,2.48,-0.7313537016191703,0.6819983600624987,21.9,60,0.0,8.05,0.5299192642332049,0.848048096156426,21.3,72,0.0,5.8,0.7071067811865475,0.7071067811865476,21.7,88,0.0,2.22,-0.7547095802227722,0.656059028990507,4.175000000000001,open-meteo,2026-08-08T10:04:01+00:00
2026-07-09 00:00:00+00:00,FR,solar,23.0,85,0.0,2.31,-0.9510565162951536,0.30901699437494723,20.7,64,0.0,8.29,0.6293203910498374,0.7771459614569709,20.7,68,0.0,5.1,0.7313537016191705,0.6819983600624985,19.6,100,0.0,1.46,-0.3420201433256686,0.9396926207859084,3.0,open-meteo,2026-08-08T10:04:01+00:00
2026-07-09 01:00:00+00:00,FR,solar,22.0,94,0.0,3.61,-0.9961946980917455,0.08715574274765789,19.5,69,0.0,6.2,0.9612616959383189,0.27563735581699916,19.7,72,0.0,6.0,0.9702957262759965,0.24192189559966767,19.9,98,0.0,2.16,-0.9986295347545738,-0.052335956242944306,2.2749999999999986,open-meteo,2026-08-08T10:04:01+00:00
2026-07-09 02:00:00+00:00,FR,solar,21.5,95,0.0,4.12,-0.6293203910498378,0.7771459614569706,18.5,74,0.0,5.92,0.9612616959383189,0.27563735581699916,17.9,79,0.0,4.6,0.9876883405951378,0.15643446504023092,19.7,98,0.0,3.79,-0.984807753012208,-0.17364817766693033,1.3999999999999986,open-meteo,2026-08-08T10:04:01+00:00
2026-07-09 03:00:00+00:00,FR,solar,21.0,99,0.0,6.18,-0.9205048534524403,-0.3907311284892738,17.0,81,0.0,4.16,0.9659258262890683,0.25881904510252074,17.5,81,0.0,4.0,0.9271838545667874,0.37460659341591196,19.7,100,0.0,3.52,-0.9743700647852351,-0.22495105434386525,0.8000000000000007,open-meteo,2026-08-08T10:04:01+00:00
2026-07-09 04:00:00+00:00,FR,solar,21.9,96,0.0,4.62,-0.9961946980917455,0.08715574274765789,16.4,84,1.0,4.37,0.9396926207859083,0.3420201433256688,16.6,86,0.0,3.5,0.8746197071393957,0.4848096202463371,19.6,100,0.0,3.28,-0.9563047559630353,-0.2923717047227371,0.625,open-meteo,2026-08-08T10:04:01+00:00
2026-07-09 05:00:00+00:00,FR,solar,21.3,95,3.9,2.98,-0.6427876096865396,0.7660444431189778,17.4,80,53.0,4.78,0.8829475928589269,0.46947156278589086,17.3,81,49.0,5.9,0.9993908270190958,0.03489949670250108,19.7,100,4.0,3.0,-0.981627183447664,-0.1908089953765446,0.9250000000000007,open-meteo,2026-08-08T10:04:01+00:00
2026-07-09 06:00:00+00:00,FR,solar,21.6,92,76.4,3.06,0.6156614753256583,0.7880107536067219,19.5,73,180.0,3.76,0.7771459614569709,0.6293203910498374,19.8,70,178.0,3.8,0.9659258262890683,0.25881904510252074,20.0,97,58.0,2.76,-0.9945218953682734,-0.10452846326765336,2.2250000000000014,open-meteo,2026-08-08T10:04:01+00:00
2026-07-09 07:00:00+00:00,FR,solar,23.4,82,253.9,5.64,0.8660254037844386,0.5000000000000001,21.3,65,340.0,4.06,0.7986355100472928,0.6018150231520483,21.3,65,334.0,2.1,0.9743700647852352,0.22495105434386492,21.5,91,189.0,2.52,-0.9743700647852351,-0.22495105434386525,3.875,open-meteo,2026-08-08T10:04:01+00:00
2026-07-09 08:00:00+00:00,FR,solar,26.1,67,440.6,1.8,1.2246467991473532e-16,-1.0,22.9,59,502.0,3.55,0.7771459614569709,0.6293203910498374,23.3,55,495.0,2.6,0.9781476007338056,0.20791169081775945,23.6,84,415.0,1.67,-0.9986295347545738,-0.052335956242944306,5.975000000000001,open-meteo,2026-08-08T10:04:01+00:00
2026-07-09 09:00:00+00:00,FR,solar,28.2,58,609.6,1.2,0.0871557427476582,-0.9961946980917455,24.8,52,648.0,2.98,0.6946583704589973,0.7193398003386512,25.1,49,644.0,2.2,0.766044443118978,0.6427876096865394,26.2,76,614.0,0.97,-0.7071067811865477,0.7071067811865474,8.075,open-meteo,2026-08-08T10:04:01+00:00
2026-07-09 10:00:00+00:00,FR,solar,30.7,45,749.6,1.2,0.7431448254773942,-0.6691306063588582,26.4,46,766.0,2.88,0.573576436351046,0.8191520442889918,26.1,44,765.0,2.6,0.766044443118978,0.6427876096865394,29.6,62,764.0,1.23,0.48480962024633706,0.8746197071393957,10.199999999999996,open-meteo,2026-08-08T10:04:01+00:00
2026-07-09 11:00:00+00:00,FR,solar,33.5,31,837.4,1.71,0.9335804264972017,-0.35836794954530027,28.0,42,847.0,3.72,0.573576436351046,0.8191520442889918,27.7,34,854.0,2.6,0.8660254037844386,0.5000000000000001,32.7,47,870.0,1.96,0.7986355100472928,0.6018150231520483,12.475000000000001,open-meteo,2026-08-08T10:04:01+00:00
2026-07-09 12:00:00+00:00,FR,solar,35.6,25,885.8,3.28,0.9781476007338056,0.20791169081775945,28.7,41,881.0,3.74,0.6819983600624985,0.7313537016191705,29.1,31,891.0,3.0,0.7431448254773942,0.6691306063588582,34.8,31,929.0,2.68,0.9135454576426009,0.4067366430758002,14.049999999999997,open-meteo,2026-08-08T10:04:01+00:00
2026-07-09 13:00:00+00:00,FR,solar,36.9,22,891.6,1.86,0.8090169943749475,0.5877852522924731,29.7,38,867.0,3.88,0.7071067811865475,0.7071067811865476,29.8,30,882.0,3.3,0.7071067811865475,0.7071067811865476,35.7,29,935.0,2.76,0.9563047559630354,0.29237170472273677,15.024999999999999,open-meteo,2026-08-08T10:04:01+00:00
2026-07-09 14:00:00+00:00,FR,solar,37.9,18,854.2,4.2,0.6156614753256583,0.7880107536067219,30.5,36,808.0,4.25,0.6156614753256583,0.7880107536067219,30.9,25,825.0,3.1,0.5150380749100542,0.8571673007021123,36.7,22,885.0,3.69,0.9563047559630354,0.29237170472273677,16.0,open-meteo,2026-08-08T10:04:01+00:00
2026-07-09 15:00:00+00:00,FR,solar,38.4,15,776.4,4.12,0.6293203910498374,0.7771459614569709,30.8,31,707.0,4.78,0.7313537016191705,0.6819983600624985,31.2,26,727.0,4.9,0.5877852522924731,0.8090169943749475,37.3,19,796.0,3.88,0.7313537016191705,0.6819983600624985,16.424999999999997,open-meteo,2026-08-08T10:04:01+00:00
2026-07-09 16:00:00+00:00,FR,solar,38.6,15,663.4,4.85,0.5299192642332049,0.848048096156426,30.8,30,572.0,4.99,0.7313537016191705,0.6819983600624985,30.8,28,596.0,4.8,0.5150380749100542,0.8571673007021123,36.9,17,652.0,3.85,0.9659258262890683,0.25881904510252074,16.275,open-meteo,2026-08-08T10:04:01+00:00
2026-07-09 17:00:00+00:00,FR,solar,38.5,15,502.3,4.81,0.7313537016191705,0.6819983600624985,30.3,32,414.0,5.11,0.848048096156426,0.5299192642332049,30.7,28,440.0,5.4,0.4539904997395468,0.8910065241883679,36.0,18,453.0,3.67,0.9876883405951378,0.15643446504023092,15.875,open-meteo,2026-08-08T10:04:01+00:00
2026-07-09 18:00:00+00:00,FR,solar,37.7,17,324.3,4.91,0.5446390350150271,0.838670567945424,29.5,35,249.0,4.75,0.9271838545667874,0.37460659341591196,29.3,34,280.0,6.8,0.4067366430758002,0.9135454576426009,35.2,21,285.0,3.53,0.7193398003386511,0.6946583704589973,14.924999999999997,open-meteo,2026-08-08T10:04:01+00:00
2026-07-09 19:00:00+00:00,FR,solar,35.7,23,150.3,4.32,0.224951054343865,0.9743700647852352,27.4,39,101.0,5.49,0.9998476951563913,-0.017452406437283477,27.9,36,129.0,6.1,0.5446390350150271,0.838670567945424,31.8,23,125.0,3.12,0.7193398003386511,0.6946583704589973,12.7,open-meteo,2026-08-08T10:04:01+00:00
2026-07-09 20:00:00+00:00,FR,solar,33.4,29,23.9,5.57,0.35836794954530027,0.9335804264972017,24.7,48,9.0,5.7,0.9961946980917455,-0.08715574274765824,25.7,44,22.0,7.6,0.43837114678907746,0.898794046299167,29.6,27,16.0,1.52,0.7071067811865475,0.7071067811865476,10.350000000000001,open-meteo,2026-08-08T10:04:01+00:00
2026-07-09 21:00:00+00:00,FR,solar,32.1,32,0.0,5.7,0.374606593415912,0.9271838545667874,22.3,57,0.0,5.49,0.9993908270190958,0.03489949670250108,24.0,51,0.0,7.6,0.48480962024633706,0.8746197071393957,28.5,28,0.0,1.61,0.788010753606722,0.6156614753256583,8.725000000000001,open-meteo,2026-08-08T10:04:01+00:00
2026-07-09 22:00:00+00:00,FR,solar,29.9,38,0.0,4.67,-0.1736481776669304,0.984807753012208,21.3,56,0.0,6.17,0.9998476951563913,0.0174524064372836,22.9,55,0.0,7.2,0.754709580222772,0.6560590289905073,27.7,36,0.0,0.88,0.4539904997395468,0.8910065241883679,7.449999999999999,open-meteo,2026-08-08T10:04:01+00:00
2026-07-09 23:00:00+00:00,FR,solar,29.1,39,0.0,6.98,0.4539904997395468,0.8910065241883679,20.5,59,0.0,5.71,0.9945218953682733,0.10452846326765346,22.1,59,0.0,7.7,0.766044443118978,0.6427876096865394,27.4,35,0.0,1.74,-0.6156614753256582,0.7880107536067221,6.774999999999999,open-meteo,2026-08-08T10:04:01+00:00
2026-07-10 00:00:00+00:00,FR,solar,28.2,41,0.0,5.6,0.8191520442889918,0.573576436351046,19.6,64,0.0,5.79,0.9135454576426009,0.4067366430758002,20.5,63,0.0,6.8,0.8829475928589269,0.46947156278589086,22.8,72,0.0,5.87,-0.9659258262890683,-0.25881904510252063,4.774999999999999,open-meteo,2026-08-08T10:04:01+00:00
2026-07-10 01:00:00+00:00,FR,solar,27.0,46,0.0,5.1,0.7431448254773942,0.6691306063588582,19.3,65,0.0,6.42,0.8571673007021123,0.5150380749100542,19.7,60,0.0,7.7,0.9335804264972017,0.3583679495453004,21.2,99,0.0,6.54,-0.9563047559630353,-0.2923717047227371,3.8000000000000007,open-meteo,2026-08-08T10:04:01+00:00
2026-07-10 02:00:00+00:00,FR,solar,23.7,77,0.0,5.94,-0.8090169943749473,-0.5877852522924732,19.0,66,0.0,7.0,0.7986355100472928,0.6018150231520483,19.3,67,0.0,7.4,0.992546151641322,0.12186934340514749,21.4,100,0.0,5.64,-0.9563047559630353,-0.2923717047227371,2.8500000000000014,open-meteo,2026-08-08T10:04:01+00:00
2026-07-10 03:00:00+00:00,FR,solar,22.8,83,0.0,4.74,-0.8191520442889916,-0.5735764363510464,18.6,67,0.0,8.29,0.8191520442889918,0.573576436351046,18.4,67,0.0,7.5,0.981627183447664,0.19080899537654492,21.6,99,0.0,5.67,-0.9510565162951535,-0.30901699437494756,2.3500000000000014,open-meteo,2026-08-08T10:04:01+00:00
2026-07-10 04:00:00+00:00,FR,solar,22.5,88,0.0,2.0,-0.05233595624294437,0.9986295347545738,17.7,70,1.0,7.88,0.788010753606722,0.6156614753256583,18.1,64,0.0,8.0,0.9998476951563913,-0.017452406437283477,21.5,100,0.0,5.33,-0.9563047559630353,-0.2923717047227371,1.9500000000000028,open-meteo,2026-08-08T10:04:01+00:00
2026-07-10 05:00:00+00:00,FR,solar,21.6,96,6.9,3.5,0.03489949670250114,-0.9993908270190958,17.9,73,52.0,7.69,0.8290375725550417,0.5591929034707468,18.8,69,47.0,6.9,1.0,6.123233995736766e-17,21.6,98,5.0,5.3,-0.9781476007338056,-0.2079116908177598,1.9750000000000014,open-meteo,2026-08-08T10:04:01+00:00
2026-07-10 06:00:00+00:00,FR,solar,22.8,91,68.1,4.44,-0.5150380749100542,-0.8571673007021123,19.8,68,178.0,4.76,0.7986355100472928,0.6018150231520483,20.3,61,165.0,5.9,0.9945218953682733,0.10452846326765346,22.1,94,65.0,5.36,-0.9876883405951377,-0.15643446504023104,3.25,open-meteo,2026-08-08T10:04:01+00:00
2026-07-10 07:00:00+00:00,FR,solar,24.5,82,254.1,3.22,-0.8660254037844384,-0.5000000000000004,22.0,61,338.0,4.57,0.8571673007021123,0.5150380749100542,21.5,54,316.0,4.6,0.9945218953682733,0.10452846326765346,23.1,89,209.0,5.24,-0.9335804264972015,-0.3583679495453007,4.774999999999999,open-meteo,2026-08-08T10:04:01+00:00
2026-07-10 08:00:00+00:00,FR,solar,26.9,69,425.9,3.67,-0.9563047559630353,-0.2923717047227371,24.4,54,501.0,5.0,0.8829475928589269,0.46947156278589086,23.8,50,457.0,4.1,0.992546151641322,0.12186934340514749,24.4,84,386.0,5.02,-0.9563047559630353,-0.2923717047227371,6.875,open-meteo,2026-08-08T10:04:01+00:00
2026-07-10 09:00:00+00:00,FR,solar,29.8,57,605.7,2.41,-0.9961946980917455,-0.08715574274765825,27.0,44,645.0,5.65,0.8987940462991669,0.43837114678907746,26.8,43,582.0,3.7,0.9335804264972017,0.3583679495453004,26.0,80,564.0,2.83,-0.9702957262759965,-0.24192189559966779,9.399999999999999,open-meteo,2026-08-08T10:04:01+00:00
2026-07-10 10:00:00+00:00,FR,solar,32.1,46,744.4,1.62,-0.9271838545667874,0.37460659341591196,29.2,36,769.0,5.79,0.9455185755993167,0.32556815445715676,28.0,36,751.0,4.3,0.8910065241883679,0.45399049973954686,27.7,72,659.0,2.75,-0.9993908270190958,-0.03489949670250076,11.25,open-meteo,2026-08-08T10:04:01+00:00
2026-07-10 11:00:00+00:00,FR,solar,34.6,35,836.4,1.84,-0.874619707139396,-0.48480962024633684,31.0,31,856.0,5.8,0.9271838545667874,0.37460659341591196,29.8,31,850.0,4.6,0.838670567945424,0.5446390350150271,29.9,65,850.0,2.16,-0.9986295347545738,0.052335956242943946,13.324999999999996,open-meteo,2026-08-08T10:04:01+00:00
2026-07-10 12:00:00+00:00,FR,solar,36.0,29,885.0,1.65,-0.9702957262759965,-0.24192189559966779,31.9,29,892.0,6.27,0.9063077870366499,0.42261826174069944,31.4,29,863.0,4.6,0.8571673007021123,0.5150380749100542,31.8,52,838.0,1.31,-0.9743700647852351,-0.22495105434386525,14.775000000000006,open-meteo,2026-08-08T10:04:01+00:00
2026-07-10 13:00:00+00:00,FR,solar,34.7,41,890.8,5.88,-0.848048096156426,-0.529919264233205,32.8,28,878.0,6.18,0.8910065241883679,0.45399049973954686,32.1,25,718.0,5.2,0.8910065241883679,0.45399049973954686,32.7,51,751.0,1.12,-0.9659258262890684,0.2588190451025203,15.075000000000003,open-meteo,2026-08-08T10:04:01+00:00
2026-07-10 14:00:00+00:00,FR,solar,35.0,40,845.5,2.63,-0.9876883405951378,0.15643446504023067,33.4,27,818.0,6.37,0.8571673007021123,0.5150380749100542,32.4,26,659.0,6.1,0.766044443118978,0.6427876096865394,34.4,45,786.0,0.84,-0.5877852522924734,0.8090169943749473,15.800000000000004,open-meteo,2026-08-08T10:04:01+00:00
2026-07-10 15:00:00+00:00,FR,solar,34.6,43,769.1,5.45,-0.9925461516413221,-0.12186934340514717,33.4,25,716.0,6.23,0.8660254037844386,0.5000000000000001,32.0,26,669.0,5.8,0.788010753606722,0.6156614753256583,35.0,47,750.0,1.53,-0.8910065241883679,0.45399049973954664,15.75,open-meteo,2026-08-08T10:04:01+00:00
2026-07-10 16:00:00+00:00,FR,solar,35.4,38,567.9,3.61,-0.8290375725550418,-0.5591929034707466,33.1,24,578.0,6.55,0.8191520442889918,0.573576436351046,32.2,28,503.0,6.9,0.6819983600624985,0.7313537016191705,35.9,31,592.0,2.37,0.9135454576426009,0.4067366430758002,16.15,open-meteo,2026-08-08T10:04:01+00:00
2026-07-10 17:00:00+00:00,FR,solar,34.0,42,389.5,6.55,-0.8571673007021121,-0.5150380749100544,32.4,23,421.0,6.47,0.848048096156426,0.5299192642332049,31.9,27,432.0,6.3,0.7193398003386511,0.6946583704589973,32.7,46,368.0,9.02,-0.656059028990507,-0.7547095802227721,14.75,open-meteo,2026-08-08T10:04:01+00:00
2026-07-10 18:00:00+00:00,FR,solar,30.8,58,84.9,6.93,-0.9510565162951535,-0.30901699437494756,31.3,24,255.0,6.93,0.9063077870366499,0.42261826174069944,31.3,29,222.0,6.4,0.7431448254773942,0.6691306063588582,24.2,86,157.0,12.98,-0.08715574274765794,-0.9961946980917455,11.400000000000002,open-meteo,2026-08-08T10:04:01+00:00
2026-07-10 19:00:00+00:00,FR,solar,28.7,52,74.8,3.11,0.5446390350150273,-0.8386705679454239,28.8,30,103.0,7.08,0.9271838545667874,0.37460659341591196,29.7,31,99.0,7.7,0.6691306063588582,0.7431448254773942,25.4,48,25.0,3.97,-0.9396926207859083,0.342020143325669,10.149999999999999,open-meteo,2026-08-08T10:04:01+00:00
2026-07-10 20:00:00+00:00,FR,solar,30.5,31,8.5,15.0,0.9925461516413221,-0.12186934340514737,25.9,34,9.0,7.13,0.9510565162951535,0.30901699437494745,27.7,34,18.0,7.8,0.6946583704589973,0.7193398003386512,23.3,54,6.0,11.5,0.5877852522924731,0.8090169943749475,8.849999999999998,open-meteo,2026-08-08T10:04:01+00:00
2026-07-10 21:00:00+00:00,FR,solar,28.9,40,0.0,14.32,0.20791169081775934,0.9781476007338057,23.7,37,0.0,6.84,0.9743700647852352,0.22495105434386492,26.6,34,0.0,8.7,0.7313537016191705,0.6819983600624985,23.4,58,0.0,10.88,0.6946583704589973,0.7193398003386512,7.649999999999999,open-meteo,2026-08-08T10:04:01+00:00
2026-07-10 22:00:00+00:00,FR,solar,26.0,47,0.0,12.81,0.9993908270190958,0.03489949670250108,22.2,43,0.0,6.49,0.9659258262890683,0.25881904510252074,24.9,36,0.0,8.8,0.7771459614569709,0.6293203910498374,22.2,70,0.0,12.56,0.9205048534524404,0.3907311284892737,5.824999999999999,open-meteo,2026-08-08T10:04:01+00:00
2026-07-10 23:00:00+00:00,FR,solar,25.7,46,0.0,6.81,0.984807753012208,-0.1736481776669303,20.5,48,0.0,5.74,0.8910065241883679,0.45399049973954686,23.5,37,0.0,8.0,0.8746197071393957,0.4848096202463371,21.5,69,0.0,12.67,0.8829475928589269,0.46947156278589086,4.800000000000001,open-meteo,2026-08-08T10:04:01+00:00
2026-07-11 00:00:00+00:00,FR,solar,24.8,49,0.0,2.01,-0.1045284632676535,-0.9945218953682733,20.9,44,0.0,7.68,0.788010753606722,0.6156614753256583,22.9,41,0.0,7.7,0.9135454576426009,0.4067366430758002,21.5,65,0.0,9.81,0.9271838545667874,0.37460659341591196,4.524999999999999,open-meteo,2026-08-08T10:04:01+00:00
2026-07-11 01:00:00+00:00,FR,solar,24.5,56,0.0,5.01,-0.8987940462991668,-0.43837114678907774,21.3,45,0.0,8.16,0.7771459614569709,0.6293203910498374,21.6,48,0.0,7.5,0.9396926207859083,0.3420201433256688,21.3,70,0.0,7.96,0.9702957262759965,-0.24192189559966779,4.175000000000001,open-meteo,2026-08-08T10:04:01+00:00
2026-07-11 02:00:00+00:00,FR,solar,22.8,71,0.0,5.4,0.03489949670250114,-0.9993908270190958,20.2,51,0.0,9.13,0.788010753606722,0.6156614753256583,20.3,51,0.0,7.6,0.9271838545667874,0.37460659341591196,21.1,75,0.0,6.55,0.9271838545667874,-0.37460659341591207,3.1000000000000014,open-meteo,2026-08-08T10:04:01+00:00
2026-07-11 03:00:00+00:00,FR,solar,22.5,73,0.0,0.41,-0.9702957262759965,-0.24192189559966779,19.0,56,0.0,8.46,0.7986355100472928,0.6018150231520483,20.5,52,0.0,7.2,0.9455185755993167,0.32556815445715676,19.8,81,0.0,3.58,0.9876883405951378,-0.1564344650402308,2.4499999999999993,open-meteo,2026-08-08T10:04:01+00:00
2026-07-11 04:00:00+00:00,FR,solar,21.9,77,0.0,3.47,-0.5446390350150271,-0.838670567945424,18.3,59,1.0,7.13,0.7986355100472928,0.6018150231520483,18.9,61,0.0,7.2,0.9063077870366499,0.42261826174069944,19.3,82,0.0,3.46,-0.13917310096006552,-0.9902680687415703,1.6000000000000014,open-meteo,2026-08-08T10:04:01+00:00
2026-07-11 05:00:00+00:00,FR,solar,21.4,83,5.4,7.24,-0.3090169943749473,-0.9510565162951536,18.7,59,51.0,7.73,0.8660254037844386,0.5000000000000001,19.3,63,47.0,7.1,0.8660254037844386,0.5000000000000001,19.5,78,8.0,2.05,-0.29237170472273677,-0.9563047559630354,1.7249999999999979,open-meteo,2026-08-08T10:04:01+00:00
2026-07-11 06:00:00+00:00,FR,solar,22.2,80,40.1,4.74,0.6691306063588582,0.7431448254773942,20.5,57,149.0,4.95,0.9063077870366499,0.42261826174069944,21.6,58,173.0,6.0,0.8910065241883679,0.45399049973954686,19.8,83,100.0,1.1,0.984807753012208,-0.1736481776669303,3.025000000000002,open-meteo,2026-08-08T10:04:01+00:00
2026-07-11 07:00:00+00:00,FR,solar,24.1,70,162.8,3.85,0.4694715627858908,0.882947592858927,22.6,53,255.0,4.24,0.766044443118978,0.6427876096865394,23.6,51,331.0,5.9,0.9659258262890683,0.25881904510252074,22.0,75,222.0,2.36,0.9961946980917455,0.08715574274765814,5.075000000000003,open-meteo,2026-08-08T10:04:01+00:00
2026-07-11 08:00:00+00:00,FR,solar,25.6,64,425.2,4.66,0.5150380749100542,0.8571673007021123,24.8,48,377.0,5.4,0.8746197071393957,0.4848096202463371,25.8,43,489.0,4.9,0.9612616959383189,0.27563735581699916,24.0,66,399.0,2.16,1.0,6.123233995736766e-17,7.050000000000001,open-meteo,2026-08-08T10:04:01+00:00
2026-07-11 09:00:00+00:00,FR,solar,27.7,54,602.0,5.25,0.6427876096865393,0.766044443118978,28.1,39,500.0,5.39,0.8910065241883679,0.45399049973954686,28.0,37,643.0,4.1,0.9702957262759965,0.24192189559966767,25.9,60,610.0,2.95,0.9975640502598242,-0.06975647374412533,9.424999999999997,open-meteo,2026-08-08T10:04:01+00:00
2026-07-11 10:00:00+00:00,FR,solar,30.4,43,746.1,4.52,0.8829475928589269,0.46947156278589086,30.8,33,762.0,5.86,0.9335804264972017,0.3583679495453004,30.0,33,770.0,5.3,0.8746197071393957,0.4848096202463371,28.0,55,749.0,3.33,0.9993908270190958,-0.034899496702500955,11.8,open-meteo,2026-08-08T10:04:01+00:00
2026-07-11 11:00:00+00:00,FR,solar,32.1,37,835.3,4.34,0.9902680687415704,0.13917310096006547,32.5,29,821.0,6.33,0.9612616959383189,0.27563735581699916,31.5,26,790.0,4.8,0.8829475928589269,0.46947156278589086,29.9,55,847.0,3.64,0.9961946980917455,-0.08715574274765824,13.5,open-meteo,2026-08-08T10:04:01+00:00
2026-07-11 12:00:00+00:00,FR,solar,34.0,32,884.1,4.22,0.9961946980917455,0.08715574274765814,33.3,25,902.0,6.08,0.9659258262890683,0.25881904510252074,32.7,23,902.0,4.7,0.8290375725550417,0.5591929034707468,32.8,35,910.0,4.56,0.9659258262890683,-0.25881904510252085,15.200000000000003,open-meteo,2026-08-08T10:04:01+00:00
2026-07-11 13:00:00+00:00,FR,solar,35.8,25,890.0,5.11,0.9986295347545738,-0.05233595624294384,34.1,22,889.0,6.23,0.9455185755993167,0.32556815445715676,33.2,21,890.0,4.6,0.7431448254773942,0.6691306063588582,33.8,35,922.0,5.33,0.9563047559630355,-0.29237170472273666,16.225,open-meteo,2026-08-08T10:04:01+00:00
2026-07-11 14:00:00+00:00,FR,solar,36.5,23,852.8,5.61,0.9986295347545738,0.052335956242943966,34.5,22,828.0,5.43,0.8987940462991669,0.43837114678907746,33.7,21,808.0,5.2,0.6018150231520483,0.7986355100472928,34.7,35,873.0,4.93,0.9335804264972017,-0.35836794954530027,16.85,open-meteo,2026-08-08T10:04:01+00:00
2026-07-11 15:00:00+00:00,FR,solar,37.0,22,775.1,6.18,0.9702957262759965,0.24192189559966767,34.1,21,724.0,6.58,0.838670567945424,0.5446390350150271,34.2,19,736.0,5.3,0.6018150231520483,0.7986355100472928,35.4,34,779.0,4.31,0.9998476951563913,0.0174524064372836,17.174999999999997,open-meteo,2026-08-08T10:04:01+00:00
2026-07-11 16:00:00+00:00,FR,solar,37.0,21,651.2,6.58,0.9563047559630354,0.29237170472273677,33.9,18,585.0,6.96,0.8191520442889918,0.573576436351046,33.7,20,602.0,5.8,0.573576436351046,0.8191520442889918,35.6,26,643.0,6.21,0.9945218953682733,-0.10452846326765355,17.050000000000004,open-meteo,2026-08-08T10:04:01+00:00
2026-07-11 17:00:00+00:00,FR,solar,36.8,21,492.3,6.89,0.9743700647852352,0.22495105434386492,32.8,20,427.0,6.63,0.9612616959383189,0.27563735581699916,33.3,21,446.0,5.7,0.5591929034707469,0.8290375725550417,35.4,25,484.0,5.02,0.9781476007338057,-0.20791169081775934,16.574999999999996,open-meteo,2026-08-08T10:04:01+00:00
2026-07-11 18:00:00+00:00,FR,solar,36.2,23,316.6,6.61,0.9986295347545738,0.052335956242943966,31.9,23,257.0,5.86,0.9335804264972017,0.3583679495453004,31.9,27,282.0,8.2,0.27563735581699916,0.9612616959383189,34.6,19,305.0,6.7,0.9335804264972017,-0.35836794954530027,15.649999999999999,open-meteo,2026-08-08T10:04:01+00:00
2026-07-11 19:00:00+00:00,FR,solar,35.4,24,142.7,5.72,0.9961946980917455,0.08715574274765814,29.3,25,103.0,6.24,0.9271838545667874,0.37460659341591196,30.3,27,129.0,8.0,0.39073112848927377,0.9205048534524404,33.2,23,134.0,7.23,0.9612616959383189,-0.27563735581699905,14.049999999999997,open-meteo,2026-08-08T10:04:01+00:00
2026-07-11 20:00:00+00:00,FR,solar,33.6,28,21.6,8.8,1.0,6.123233995736766e-17,26.2,29,9.0,6.4,0.8910065241883679,0.45399049973954686,27.9,35,21.0,8.1,0.42261826174069944,0.9063077870366499,29.8,33,16.0,8.04,0.9986295347545738,0.052335956242943966,11.374999999999996,open-meteo,2026-08-08T10:04:01+00:00
2026-07-11 21:00:00+00:00,FR,solar,31.3,34,0.0,4.43,0.9510565162951536,-0.30901699437494734,24.3,37,0.0,6.88,0.9563047559630354,0.29237170472273677,26.2,45,0.0,7.8,0.5150380749100542,0.8571673007021123,27.6,43,0.0,11.82,0.984807753012208,-0.1736481776669303,9.350000000000001,open-meteo,2026-08-08T10:04:01+00:00
2026-07-11 22:00:00+00:00,FR,solar,30.0,39,0.0,5.53,0.9743700647852352,-0.22495105434386503,22.9,41,0.0,7.1,0.9396926207859083,0.3420201433256688,25.2,42,0.0,9.2,0.6819983600624985,0.7313537016191705,26.3,46,0.0,10.79,0.9702957262759965,-0.24192189559966779,8.099999999999998,open-meteo,2026-08-08T10:04:01+00:00
2026-07-11 23:00:00+00:00,FR,solar,29.4,36,0.0,7.07,0.90630778703665,-0.42261826174069933,22.9,42,0.0,8.24,0.9063077870366499,0.42261826174069944,23.9,47,0.0,9.0,0.754709580222772,0.6560590289905073,25.4,48,0.0,11.47,0.9396926207859084,-0.3420201433256687,7.399999999999999,open-meteo,2026-08-08T10:04:01+00:00
2026-07-12 00:00:00+00:00,FR,solar,28.1,39,0.0,6.08,0.8910065241883679,-0.45399049973954675,22.4,47,0.0,9.33,0.8910065241883679,0.45399049973954686,23.3,51,0.0,8.6,0.754709580222772,0.6560590289905073,24.6,47,0.0,11.34,0.9396926207859084,-0.3420201433256687,6.600000000000001,open-meteo,2026-08-08T10:04:01+00:00
2026-07-12 01:00:00+00:00,FR,solar,26.9,41,0.0,5.57,0.9335804264972017,-0.35836794954530027,21.7,53,0.0,9.15,0.9335804264972017,0.3583679495453004,22.2,55,0.0,8.0,0.8829475928589269,0.46947156278589086,23.5,53,0.0,10.53,0.9510565162951536,-0.30901699437494734,5.574999999999999,open-meteo,2026-08-08T10:04:01+00:00
2026-07-12 02:00:00+00:00,FR,solar,25.6,46,0.0,5.81,0.981627183447664,-0.1908089953765448,21.0,54,0.0,9.67,0.9396926207859083,0.3420201433256688,21.8,54,0.0,8.1,0.9563047559630354,0.29237170472273677,22.7,60,0.0,10.08,0.9743700647852352,-0.22495105434386503,4.775000000000002,open-meteo,2026-08-08T10:04:01+00:00
2026-07-12 03:00:00+00:00,FR,solar,24.5,49,0.0,5.41,0.9986295347545738,-0.05233595624294384,20.4,53,0.0,10.03,0.9659258262890683,0.25881904510252074,21.1,58,0.0,7.9,0.9743700647852352,0.22495105434386492,22.3,64,0.0,10.89,0.981627183447664,-0.1908089953765448,4.074999999999999,open-meteo,2026-08-08T10:04:01+00:00
2026-07-12 04:00:00+00:00,FR,solar,23.7,53,0.0,6.61,0.9986295347545738,-0.05233595624294384,19.5,53,1.0,8.34,0.9612616959383189,0.27563735581699916,20.0,58,0.0,7.7,0.9961946980917455,0.08715574274765814,22.0,62,0.0,11.06,0.9925461516413221,-0.12186934340514737,3.3000000000000007,open-meteo,2026-08-08T10:04:01+00:00
2026-07-12 05:00:00+00:00,FR,solar,23.3,57,5.4,5.93,0.9945218953682733,-0.10452846326765355,19.9,51,52.0,8.71,0.9563047559630354,0.29237170472273677,20.8,53,41.0,7.8,0.981627183447664,0.19080899537654492,21.8,63,8.0,11.45,0.9925461516413221,-0.12186934340514737,3.4499999999999993,open-meteo,2026-08-08T10:04:01+00:00
2026-07-12 06:00:00+00:00,FR,solar,24.2,56,98.6,6.53,0.9659258262890683,-0.25881904510252085,22.7,43,183.0,7.16,0.9563047559630354,0.29237170472273677,22.1,48,172.0,6.7,0.984807753012208,0.17364817766693041,23.1,59,102.0,10.01,0.9986295347545738,-0.05233595624294384,5.024999999999999,open-meteo,2026-08-08T10:04:01+00:00
2026-07-12 07:00:00+00:00,FR,solar,26.7,49,262.5,8.54,0.9612616959383189,-0.27563735581699905,24.5,39,347.0,7.37,0.9455185755993167,0.32556815445715676,24.3,41,322.0,6.3,0.9998476951563913,-0.017452406437283477,24.6,55,266.0,9.41,0.9993908270190958,-0.034899496702500955,7.024999999999999,open-meteo,2026-08-08T10:04:01+00:00
2026-07-12 08:00:00+00:00,FR,solar,28.9,45,440.6,7.73,0.9335804264972017,-0.35836794954530027,26.5,35,515.0,7.73,0.9781476007338056,0.20791169081775945,26.7,34,430.0,6.1,1.0,6.123233995736766e-17,27.2,47,445.0,9.74,0.9961946980917455,-0.08715574274765824,9.325,open-meteo,2026-08-08T10:04:01+00:00
2026-07-12 09:00:00+00:00,FR,solar,31.3,38,607.8,6.76,0.9135454576426009,-0.40673664307580026,29.1,29,661.0,7.61,0.992546151641322,0.12186934340514749,28.6,30,631.0,6.1,0.9902680687415704,0.13917310096006547,29.6,40,610.0,9.09,0.9925461516413221,-0.12186934340514737,11.649999999999999,open-meteo,2026-08-08T10:04:01+00:00
2026-07-12 10:00:00+00:00,FR,solar,33.6,32,745.9,7.22,0.9961946980917455,-0.08715574274765824,30.8,25,789.0,7.54,0.9876883405951378,0.15643446504023092,30.2,26,695.0,7.2,0.9659258262890683,0.25881904510252074,32.0,35,759.0,8.13,0.9998476951563913,-0.017452406437283477,13.650000000000002,open-meteo,2026-08-08T10:04:01+00:00
2026-07-12 11:00:00+00:00,FR,solar,35.6,27,834.3,8.15,0.9945218953682733,-0.10452846326765355,32.2,21,861.0,7.91,0.9902680687415704,0.13917310096006547,31.3,22,859.0,6.7,0.9455185755993167,0.32556815445715676,34.4,28,857.0,7.65,0.9993908270190958,0.03489949670250108,15.375,open-meteo,2026-08-08T10:04:01+00:00
2026-07-12 12:00:00+00:00,FR,solar,37.4,22,883.1,8.46,0.9925461516413221,-0.12186934340514737,32.6,20,901.0,8.11,0.9781476007338056,0.20791169081775945,32.1,21,892.0,6.7,0.9563047559630354,0.29237170472273677,36.0,26,910.0,7.94,0.9998476951563913,0.0174524064372836,16.525,open-meteo,2026-08-08T10:04:01+00:00
2026-07-12 13:00:00+00:00,FR,solar,38.4,20,889.3,7.09,0.9876883405951378,-0.1564344650402308,33.0,18,867.0,8.17,0.9702957262759965,0.24192189559966767,32.7,21,737.0,7.3,0.9396926207859083,0.3420201433256688,37.0,24,825.0,7.96,0.9975640502598242,0.06975647374412523,17.275000000000006,open-meteo,2026-08-08T10:04:01+00:00
2026-07-12 14:00:00+00:00,FR,solar,39.3,17,852.0,7.32,0.9961946980917455,-0.08715574274765824,33.1,20,755.0,7.96,0.9702957262759965,0.24192189559966767,33.3,19,763.0,7.0,0.9135454576426009,0.4067366430758002,38.2,22,763.0,7.65,0.9993908270190958,0.03489949670250108,17.975,open-meteo,2026-08-08T10:04:01+00:00
2026-07-12 15:00:00+00:00,FR,solar,39.9,15,774.3,7.41,0.9986295347545738,-0.05233595624294384,33.0,21,642.0,8.68,0.9396926207859083,0.3420201433256688,33.1,20,687.0,6.4,0.8660254037844386,0.5000000000000001,38.2,21,757.0,8.74,0.9975640502598242,-0.06975647374412533,18.049999999999997,open-meteo,2026-08-08T10:04:01+00:00
2026-07-12 16:00:00+00:00,FR,solar,39.8,16,655.1,8.77,0.992546151641322,0.12186934340514749,32.4,21,566.0,8.46,0.9612616959383189,0.27563735581699916,33.5,19,300.0,6.4,0.9205048534524404,0.3907311284892737,38.0,23,579.0,8.54,0.9876883405951378,-0.1564344650402308,17.924999999999997,open-meteo,2026-08-08T10:04:01+00:00
2026-07-12 17:00:00+00:00,FR,solar,39.9,15,493.6,8.02,0.9975640502598242,0.06975647374412523,31.7,20,416.0,8.51,0.9781476007338056,0.20791169081775945,33.2,21,415.0,7.5,0.8660254037844386,0.5000000000000001,36.6,26,383.0,9.02,0.9563047559630355,-0.29237170472273666,17.35,open-meteo,2026-08-08T10:04:01+00:00
2026-07-12 18:00:00+00:00,FR,solar,39.2,15,317.1,6.2,0.9993908270190958,-0.034899496702500955,30.9,23,255.0,7.62,0.9902680687415704,0.13917310096006547,32.7,21,219.0,6.5,0.8987940462991669,0.43837114678907746,34.0,30,265.0,8.63,0.9781476007338057,-0.20791169081775934,16.200000000000003,open-meteo,2026-08-08T10:04:01+00:00
2026-07-12 19:00:00+00:00,FR,solar,37.8,19,135.0,4.65,0.8829475928589269,-0.4694715627858909,28.8,26,102.0,8.76,0.9945218953682733,0.10452846326765346,31.1,21,118.0,6.7,0.9612616959383189,0.27563735581699916,31.2,37,127.0,9.38,0.981627183447664,-0.1908089953765448,14.224999999999994,open-meteo,2026-08-08T10:04:01+00:00
2026-07-12 20:00:00+00:00,FR,solar,36.0,19,21.6,7.48,0.9205048534524403,-0.39073112848927377,26.2,30,9.0,9.41,0.9998476951563913,-0.017452406437283477,29.4,28,15.0,7.5,0.8987940462991669,0.43837114678907746,28.2,45,15.0,7.73,0.9781476007338057,-0.20791169081775934,11.95,open-meteo,2026-08-08T10:04:01+00:00
2026-07-12 21:00:00+00:00,FR,solar,29.8,56,0.0,4.74,-0.5735764363510462,-0.8191520442889918,25.1,34,0.0,9.47,0.981627183447664,0.19080899537654492,27.5,31,0.0,7.2,0.8290375725550417,0.5591929034707468,26.2,55,0.0,6.96,0.8191520442889917,-0.5735764363510462,9.150000000000002,open-meteo,2026-08-08T10:04:01+00:00
2026-07-12 22:00:00+00:00,FR,solar,32.1,30,0.0,9.31,0.4694715627858907,-0.882947592858927,24.1,38,0.0,8.83,0.9876883405951378,0.15643446504023092,26.1,42,0.0,8.5,0.7071067811865475,0.7071067811865476,25.2,65,0.0,4.83,-0.3090169943749473,-0.9510565162951536,8.875000000000004,open-meteo,2026-08-08T10:04:01+00:00
2026-07-12 23:00:00+00:00,FR,solar,28.0,60,0.0,6.8,-0.9993908270190958,-0.03489949670250076,23.2,41,0.0,8.39,0.992546151641322,0.12186934340514749,25.1,50,0.0,8.7,0.7986355100472928,0.6018150231520483,23.6,84,0.0,8.46,-0.984807753012208,-0.17364817766693033,6.975000000000001,open-meteo,2026-08-08T10:04:01+00:00
2026-07-13 00:00:00+00:00,FR,solar,26.5,62,0.0,7.11,-0.7771459614569708,0.6293203910498375,22.4,47,0.0,8.19,0.992546151641322,0.12186934340514749,24.0,51,0.0,8.5,0.7986355100472928,0.6018150231520483,23.3,83,0.0,8.77,-0.961261695938319,-0.2756373558169989,6.050000000000001,open-meteo,2026-08-08T10:04:01+00:00
2026-07-13 01:00:00+00:00,FR,solar,26.0,59,0.0,6.85,-0.8290375725550416,0.559192903470747,21.9,48,0.0,8.24,0.9510565162951535,0.30901699437494745,22.9,55,0.0,7.5,0.8290375725550417,0.5591929034707468,22.7,90,0.0,9.05,-0.9396926207859084,-0.34202014332566855,5.375,open-meteo,2026-08-08T10:04:01+00:00
2026-07-13 02:00:00+00:00,FR,solar,25.3,65,0.0,4.94,-0.8090169943749476,0.5877852522924729,21.1,51,0.0,7.77,0.9205048534524404,0.3907311284892737,22.7,52,0.0,7.8,0.754709580222772,0.6560590289905073,22.5,91,0.0,8.64,-0.9510565162951535,-0.30901699437494756,4.900000000000002,open-meteo,2026-08-08T10:04:01+00:00
2026-07-13 03:00:00+00:00,FR,solar,25.0,65,0.0,2.77,-0.898794046299167,0.4383711467890774,19.9,55,0.0,7.55,0.9205048534524404,0.3907311284892737,21.9,58,0.0,7.4,0.838670567945424,0.5446390350150271,22.3,89,0.0,7.28,-0.9563047559630353,-0.2923717047227371,4.274999999999999,open-meteo,2026-08-08T10:04:01+00:00
2026-07-13 04:00:00+00:00,FR,solar,24.3,68,0.0,5.64,-0.7986355100472928,-0.6018150231520483,18.9,60,0.0,7.04,0.9335804264972017,0.3583679495453004,21.3,56,0.0,7.6,0.8746197071393957,0.4848096202463371,22.1,90,0.0,6.42,-0.961261695938319,-0.2756373558169989,3.6499999999999986,open-meteo,2026-08-08T10:04:01+00:00
2026-07-13 05:00:00+00:00,FR,solar,23.5,83,5.4,7.29,-0.90630778703665,-0.42261826174069916,19.8,58,51.0,7.72,0.9135454576426009,0.4067366430758002,21.2,58,32.0,7.5,0.9135454576426009,0.4067366430758002,21.7,90,5.0,6.04,-0.9563047559630353,-0.2923717047227371,3.5500000000000007,open-meteo,2026-08-08T10:04:01+00:00
2026-07-13 06:00:00+00:00,FR,solar,23.9,83,84.7,7.15,-0.9396926207859084,-0.34202014332566855,21.6,52,183.0,7.23,0.8910065241883679,0.45399049973954686,22.5,57,113.0,6.3,0.9455185755993167,0.32556815445715676,21.9,85,71.0,6.2,-0.9510565162951535,-0.30901699437494756,4.475000000000001,open-meteo,2026-08-08T10:04:01+00:00
2026-07-13 07:00:00+00:00,FR,solar,24.6,79,246.9,7.12,-0.874619707139396,-0.48480962024633684,24.1,45,310.0,5.57,0.8290375725550417,0.5591929034707468,23.8,52,148.0,5.9,0.9396926207859083,0.3420201433256688,22.8,82,167.0,6.06,-0.9702957262759965,-0.24192189559966779,5.824999999999999,open-meteo,2026-08-08T10:04:01+00:00
2026-07-13 08:00:00+00:00,FR,solar,25.8,72,418.2,5.72,-0.8090169943749473,-0.5877852522924732,27.5,36,500.0,6.04,0.9563047559630354,0.29237170472273677,26.1,42,402.0,6.1,0.9876883405951378,0.15643446504023092,24.0,78,345.0,5.38,-0.984807753012208,-0.17364817766693033,7.850000000000001,open-meteo,2026-08-08T10:04:01+00:00
2026-07-13 09:00:00+00:00,FR,solar,27.3,65,564.8,5.62,-0.7771459614569706,-0.6293203910498378,29.5,30,658.0,8.43,0.9998476951563913,-0.017452406437283477,27.6,36,359.0,6.1,0.9945218953682733,0.10452846326765346,24.9,75,525.0,5.2,-0.9986295347545738,0.052335956242943946,9.325000000000003,open-meteo,2026-08-08T10:04:01+00:00
2026-07-13 10:00:00+00:00,FR,solar,28.4,60,711.4,5.17,-0.7313537016191703,-0.6819983600624986,30.7,29,720.0,7.43,0.9902680687415704,-0.13917310096006535,30.2,31,509.0,6.9,0.9998476951563913,-0.017452406437283477,26.3,70,664.0,4.61,-0.9998476951563913,-0.017452406437283498,10.899999999999999,open-meteo,2026-08-08T10:04:01+00:00
2026-07-13 11:00:00+00:00,FR,solar,29.0,57,833.1,4.75,-0.9902680687415703,-0.13917310096006583,32.4,23,785.0,7.28,0.9961946980917455,-0.08715574274765824,29.9,28,764.0,5.8,0.9876883405951378,0.15643446504023092,27.5,63,782.0,4.02,-1.0,-1.8369701987210297e-16,11.7,open-meteo,2026-08-08T10:04:01+00:00
2026-07-13 12:00:00+00:00,FR,solar,29.2,56,871.9,4.37,-0.961261695938319,-0.2756373558169989,32.5,24,774.0,6.59,0.981627183447664,-0.1908089953765448,30.7,28,802.0,7.9,0.9876883405951378,0.15643446504023092,28.0,61,738.0,3.14,-0.9702957262759966,0.24192189559966745,12.100000000000001,open-meteo,2026-08-08T10:04:01+00:00
2026-07-13 13:00:00+00:00,FR,solar,31.2,49,888.5,3.93,-0.9925461516413221,-0.12186934340514717,32.3,24,611.0,5.54,0.9743700647852352,-0.22495105434386503,32.9,23,691.0,7.6,0.9781476007338056,0.20791169081775945,29.1,56,561.0,2.86,-0.8571673007021123,0.5150380749100542,13.375,open-meteo,2026-08-08T10:04:01+00:00
2026-07-13 14:00:00+00:00,FR,solar,30.9,50,851.1,4.65,-0.9876883405951377,-0.15643446504023104,33.5,22,605.0,4.83,0.9945218953682733,-0.10452846326765355,31.4,24,804.0,6.6,0.848048096156426,0.5299192642332049,30.7,49,724.0,2.55,-0.9205048534524405,0.3907311284892735,13.625000000000004,open-meteo,2026-08-08T10:04:01+00:00
2026-07-13 15:00:00+00:00,FR,solar,31.2,48,751.5,5.04,-0.9925461516413221,-0.12186934340514717,33.5,24,684.0,4.63,0.9945218953682733,-0.10452846326765355,30.9,23,644.0,4.8,0.7313537016191705,0.6819983600624985,31.4,48,648.0,2.75,-0.9993908270190958,-0.03489949670250076,13.75,open-meteo,2026-08-08T10:04:01+00:00
2026-07-13 16:00:00+00:00,FR,solar,31.3,46,635.8,3.49,-0.9743700647852351,-0.22495105434386525,33.5,22,499.0,4.98,0.984807753012208,-0.1736481776669303,32.6,29,248.0,7.1,0.224951054343865,0.9743700647852352,31.0,49,570.0,4.65,-0.6691306063588581,0.7431448254773944,14.100000000000001,open-meteo,2026-08-08T10:04:01+00:00
2026-07-13 17:00:00+00:00,FR,solar,30.7,46,473.8,4.31,-0.9975640502598243,0.06975647374412522,32.0,27,291.0,3.48,0.984807753012208,-0.1736481776669303,31.6,26,283.0,6.6,0.5299192642332049,0.848048096156426,30.2,52,454.0,5.33,-0.529919264233205,0.8480480961564258,13.125000000000004,open-meteo,2026-08-08T10:04:01+00:00
2026-07-13 18:00:00+00:00,FR,solar,29.7,50,304.0,4.1,-0.9986295347545738,-0.052335956242944306,31.6,27,152.0,6.36,0.8746197071393957,0.4848096202463371,29.7,37,196.0,7.7,0.48480962024633706,0.8746197071393957,29.6,54,291.0,5.13,-0.12186934340514723,0.9925461516413221,12.149999999999999,open-meteo,2026-08-08T10:04:01+00:00
2026-07-13 19:00:00+00:00,FR,solar,28.6,51,115.0,3.68,-0.6819983600624984,0.7313537016191707,29.7,30,76.0,7.91,0.8571673007021123,0.5150380749100542,28.7,41,89.0,7.2,0.4694715627858908,0.882947592858927,28.1,60,113.0,4.63,-0.10452846326765342,0.9945218953682733,10.774999999999999,open-meteo,2026-08-08T10:04:01+00:00
2026-07-13 20:00:00+00:00,FR,solar,26.4,62,20.1,3.13,-0.45399049973954697,0.8910065241883678,27.7,38,7.0,9.14,0.8571673007021123,0.5150380749100542,27.4,45,11.0,7.2,0.5591929034707469,0.8290375725550417,26.0,67,13.0,6.41,-0.10452846326765342,0.9945218953682733,8.875,open-meteo,2026-08-08T10:04:01+00:00
2026-07-13 21:00:00+00:00,FR,solar,24.9,71,0.0,2.91,-0.27563735581699894,0.9612616959383189,26.5,43,0.0,9.35,0.8660254037844386,0.5000000000000001,26.6,47,0.0,6.6,0.42261826174069944,0.9063077870366499,25.0,71,0.0,6.47,-0.01745240643728356,0.9998476951563913,7.75,open-meteo,2026-08-08T10:04:01+00:00
2026-07-13 22:00:00+00:00,FR,solar,23.9,75,0.0,2.14,-0.6018150231520483,0.7986355100472928,25.5,47,0.0,6.1,0.8660254037844386,0.5000000000000001,25.0,51,0.0,5.9,0.1908089953765448,0.981627183447664,24.1,76,0.0,6.68,-0.06975647374412564,0.9975640502598242,6.625,open-meteo,2026-08-08T10:04:01+00:00
2026-07-13 23:00:00+00:00,FR,solar,23.1,78,0.0,2.06,-0.7771459614569708,0.6293203910498375,24.3,50,0.0,4.13,0.9271838545667874,0.37460659341591196,23.4,58,0.0,5.4,0.8829475928589269,0.46947156278589086,23.4,79,0.0,6.91,0.12186934340514748,0.992546151641322,5.550000000000004,open-meteo,2026-08-08T10:04:01+00:00
2026-07-14 00:00:00+00:00,FR,solar,22.6,79,0.0,1.82,-0.15643446504023112,0.9876883405951377,23.4,50,0.0,4.62,0.9335804264972017,0.3583679495453004,23.0,58,0.0,5.1,0.6691306063588582,0.7431448254773942,22.9,81,0.0,5.85,0.24192189559966773,0.9702957262759965,4.975000000000001,open-meteo,2026-08-08T10:04:01+00:00
2026-07-14 01:00:00+00:00,FR,solar,21.8,84,0.0,3.04,-0.29237170472273716,0.9563047559630353,22.9,51,0.0,4.59,0.9396926207859083,0.3420201433256688,22.5,59,0.0,5.8,0.42261826174069944,0.9063077870366499,22.4,82,0.0,5.52,0.42261826174069944,0.9063077870366499,4.399999999999999,open-meteo,2026-08-08T10:04:01+00:00
2026-07-14 02:00:00+00:00,FR,solar,21.7,82,0.0,1.14,0.788010753606722,0.6156614753256583,22.5,56,0.0,2.07,0.8571673007021123,0.5150380749100542,21.4,56,0.0,7.8,0.12186934340514748,0.992546151641322,22.4,82,0.0,5.17,0.6018150231520483,0.7986355100472928,4.0,open-meteo,2026-08-08T10:04:01+00:00
2026-07-14 03:00:00+00:00,FR,solar,21.1,85,0.0,1.73,0.17364817766693033,0.984807753012208,22.7,59,0.0,2.07,-0.5150380749100542,-0.8571673007021123,21.1,64,0.0,6.4,0.13917310096006544,0.9902680687415704,22.6,82,0.0,5.33,0.7193398003386511,0.6946583704589973,3.875,open-meteo,2026-08-08T10:04:01+00:00
2026-07-14 04:00:00+00:00,FR,solar,20.7,88,0.0,2.67,0.224951054343865,0.9743700647852352,22.3,66,0.0,2.58,0.15643446504023098,-0.9876883405951377,19.9,70,0.0,6.1,0.13917310096006544,0.9902680687415704,22.3,83,0.0,4.74,0.788010753606722,0.6156614753256583,3.3000000000000007,open-meteo,2026-08-08T10:04:01+00:00
2026-07-14 05:00:00+00:00,FR,solar,20.4,92,4.6,3.26,0.1908089953765448,0.981627183447664,22.4,64,43.0,4.38,0.8910065241883679,0.45399049973954686,19.5,71,41.0,6.4,0.3255681544571567,0.9455185755993168,21.8,86,6.0,3.34,0.848048096156426,0.5299192642332049,3.0249999999999986,open-meteo,2026-08-08T10:04:01+00:00
2026-07-14 06:00:00+00:00,FR,solar,21.4,89,82.8,2.79,0.25881904510252074,0.9659258262890683,23.6,53,154.0,3.68,0.6691306063588582,0.7431448254773942,20.8,71,160.0,4.5,-0.13917310096006588,0.9902680687415703,22.5,88,89.0,1.74,0.788010753606722,0.6156614753256583,4.074999999999999,open-meteo,2026-08-08T10:04:01+00:00
2026-07-14 07:00:00+00:00,FR,solar,23.7,75,236.9,2.7,0.7771459614569709,0.6293203910498374,25.3,50,269.0,1.85,0.8480480961564261,-0.5299192642332048,22.7,66,306.0,4.3,0.27563735581699916,0.9612616959383189,24.8,75,251.0,0.9,0.6560590289905073,0.754709580222772,6.125,open-meteo,2026-08-08T10:04:01+00:00
2026-07-14 08:00:00+00:00,FR,solar,26.6,58,425.9,2.92,0.788010753606722,0.6156614753256583,26.6,58,399.0,0.71,-0.8290375725550418,-0.5591929034707466,24.7,52,473.0,3.1,0.5446390350150271,0.838670567945424,26.5,71,434.0,1.18,0.9135454576426009,0.4067366430758002,8.100000000000001,open-meteo,2026-08-08T10:04:01+00:00
2026-07-14 09:00:00+00:00,FR,solar,29.1,46,585.8,2.02,0.838670567945424,0.5446390350150271,28.9,39,441.0,0.79,-0.8660254037844386,0.5000000000000001,25.9,55,602.0,3.7,0.24192189559966773,0.9702957262759965,28.7,64,602.0,1.48,0.9902680687415704,-0.13917310096006535,10.150000000000002,open-meteo,2026-08-08T10:04:01+00:00
2026-07-14 10:00:00+00:00,FR,solar,31.3,41,727.4,1.43,0.9781476007338057,-0.20791169081775934,30.9,30,534.0,1.08,0.08715574274765817,0.9961946980917455,30.1,42,743.0,3.0,0.42261826174069944,0.9063077870366499,30.6,57,743.0,1.87,0.9945218953682733,-0.10452846326765355,12.725000000000001,open-meteo,2026-08-08T10:04:01+00:00
2026-07-14 11:00:00+00:00,FR,solar,32.8,41,819.4,2.56,0.8571673007021123,-0.5150380749100543,32.8,28,661.0,1.76,-2.4492935982947064e-16,1.0,31.2,31,787.0,2.4,0.17364817766693033,0.984807753012208,32.2,52,840.0,2.55,1.0,6.123233995736766e-17,14.25,open-meteo,2026-08-08T10:04:01+00:00
2026-07-14 12:00:00+00:00,FR,solar,33.9,40,881.2,3.26,0.7313537016191706,-0.6819983600624984,34.0,21,814.0,1.4,-0.4226182617406992,0.90630778703665,32.9,29,854.0,2.6,0.374606593415912,0.9271838545667874,33.6,47,891.0,2.76,0.9945218953682733,-0.10452846326765355,15.600000000000001,open-meteo,2026-08-08T10:04:01+00:00
2026-07-14 13:00:00+00:00,FR,solar,34.9,37,887.3,1.44,0.8290375725550417,-0.5591929034707467,34.7,22,724.0,0.83,-0.7071067811865477,0.7071067811865474,33.7,28,856.0,2.8,0.12186934340514748,0.992546151641322,34.6,44,906.0,2.65,0.9993908270190958,-0.034899496702500955,16.475,open-meteo,2026-08-08T10:04:01+00:00
2026-07-14 14:00:00+00:00,FR,solar,36.0,34,850.3,2.52,0.8290375725550417,0.5591929034707468,35.2,22,746.0,2.43,-0.6427876096865396,0.7660444431189778,33.8,26,715.0,4.9,0.13917310096006544,0.9902680687415704,35.4,42,857.0,2.65,0.9993908270190958,0.03489949670250108,17.1,open-meteo,2026-08-08T10:04:01+00:00
2026-07-14 15:00:00+00:00,FR,solar,37.1,28,753.9,0.45,0.4539904997395468,0.8910065241883679,34.4,24,542.0,3.68,-0.4226182617406992,0.90630778703665,33.1,30,713.0,6.1,0.08715574274765817,0.9961946980917455,36.0,35,758.0,2.45,0.9993908270190958,-0.034899496702500955,17.15,open-meteo,2026-08-08T10:04:01+00:00
2026-07-14 16:00:00+00:00,FR,solar,37.7,26,636.4,1.43,0.90630778703665,-0.42261826174069933,35.1,22,432.0,3.53,-0.7193398003386512,0.6946583704589973,33.2,31,556.0,6.3,-0.034899496702500823,0.9993908270190958,36.3,35,634.0,1.83,0.9612616959383189,-0.27563735581699905,17.575000000000003,open-meteo,2026-08-08T10:04:01+00:00
2026-07-14 17:00:00+00:00,FR,solar,36.8,30,466.8,4.34,0.8746197071393957,0.4848096202463371,34.1,24,304.0,3.04,-0.544639035015027,0.838670567945424,32.2,32,353.0,6.7,0.12186934340514748,0.992546151641322,36.0,36,469.0,3.11,0.8829475928589269,0.46947156278589086,16.775000000000006,open-meteo,2026-08-08T10:04:01+00:00
2026-07-14 18:00:00+00:00,FR,solar,35.5,32,304.2,6.0,0.49999999999999994,0.8660254037844387,32.9,25,181.0,4.04,0.10452846326765347,0.9945218953682733,31.3,33,264.0,6.4,0.12186934340514748,0.992546151641322,34.8,30,272.0,2.88,0.8191520442889918,0.573576436351046,15.625,open-meteo,2026-08-08T10:04:01+00:00
2026-07-14 19:00:00+00:00,FR,solar,34.3,33,139.7,5.64,0.4539904997395468,0.8910065241883679,31.2,28,74.0,4.81,0.0697564737441253,0.9975640502598242,29.8,38,102.0,6.8,0.13917310096006544,0.9902680687415704,32.6,38,129.0,3.35,0.9335804264972017,0.3583679495453004,13.975000000000001,open-meteo,2026-08-08T10:04:01+00:00
2026-07-14 20:00:00+00:00,FR,solar,31.8,40,19.3,4.33,-0.3255681544571567,0.9455185755993168,28.8,38,5.0,10.38,0.5591929034707469,0.8290375725550417,28.1,40,18.0,8.2,0.224951054343865,0.9743700647852352,30.0,47,15.0,3.1,0.8191520442889918,0.573576436351046,11.675,open-meteo,2026-08-08T10:04:01+00:00
2026-07-14 21:00:00+00:00,FR,solar,30.5,43,0.0,5.62,0.08715574274765817,0.9961946980917455,27.5,41,0.0,9.94,0.754709580222772,0.6560590289905073,27.2,40,0.0,8.2,0.4067366430758002,0.9135454576426009,28.4,53,0.0,3.4,0.7193398003386511,0.6946583704589973,10.399999999999999,open-meteo,2026-08-08T10:04:01+00:00
2026-07-14 22:00:00+00:00,FR,solar,29.9,46,0.0,5.87,0.24192189559966773,0.9702957262759965,26.0,45,0.0,8.8,0.7071067811865475,0.7071067811865476,26.1,39,0.0,8.0,0.5299192642332049,0.848048096156426,27.7,54,0.0,5.74,0.4539904997395468,0.8910065241883679,9.425,open-meteo,2026-08-08T10:04:01+00:00
2026-07-14 23:00:00+00:00,FR,solar,29.0,49,0.0,6.13,0.10452846326765347,0.9945218953682733,24.4,49,0.0,8.13,0.8090169943749475,0.5877852522924731,25.3,35,0.0,8.5,0.7193398003386511,0.6946583704589973,27.3,52,0.0,5.27,0.6819983600624985,0.7313537016191705,8.5,open-meteo,2026-08-08T10:04:01+00:00
2026-07-15 00:00:00+00:00,FR,solar,28.2,51,0.0,4.4,0.35836794954530027,0.9335804264972017,23.5,53,0.0,8.22,0.7771459614569709,0.6293203910498374,24.1,40,0.0,8.7,0.6946583704589973,0.7193398003386512,27.4,58,0.0,3.77,0.9063077870366499,0.42261826174069944,7.800000000000004,open-meteo,2026-08-08T10:04:01+00:00
2026-07-15 01:00:00+00:00,FR,solar,27.2,54,0.0,6.26,0.3420201433256687,0.9396926207859084,22.7,57,0.0,6.37,0.7986355100472928,0.6018150231520483,23.1,47,0.0,7.2,0.7771459614569709,0.6293203910498374,23.5,82,0.0,3.84,-0.6156614753256582,-0.788010753606722,6.125,open-meteo,2026-08-08T10:04:01+00:00
2026-07-15 02:00:00+00:00,FR,solar,25.4,57,0.0,4.93,0.10452846326765347,0.9945218953682733,22.1,60,0.0,5.68,0.7193398003386511,0.6946583704589973,21.9,48,0.0,7.3,0.7071067811865475,0.7071067811865476,22.6,86,0.0,2.15,-0.8660254037844384,-0.5000000000000004,5.0,open-meteo,2026-08-08T10:04:01+00:00
2026-07-15 03:00:00+00:00,FR,solar,24.9,59,0.0,2.21,0.08715574274765817,0.9961946980917455,21.6,60,0.0,5.87,0.5446390350150271,0.838670567945424,21.7,54,0.0,6.9,0.6691306063588582,0.7431448254773942,21.8,90,0.0,4.61,-0.874619707139396,-0.48480962024633684,4.5,open-meteo,2026-08-08T10:04:01+00:00
2026-07-15 04:00:00+00:00,FR,solar,24.3,60,0.0,2.73,-0.40673664307580015,0.9135454576426009,21.2,62,0.0,7.2,0.5591929034707469,0.8290375725550417,20.6,63,0.0,6.9,0.48480962024633706,0.8746197071393957,21.1,93,0.0,6.01,-0.882947592858927,-0.46947156278589075,3.799999999999997,open-meteo,2026-08-08T10:04:01+00:00
2026-07-15 05:00:00+00:00,FR,solar,24.1,69,4.6,4.58,0.5299192642332049,0.848048096156426,21.3,64,21.0,6.75,0.6427876096865393,0.766044443118978,20.7,64,30.0,5.7,0.4539904997395468,0.8910065241883679,21.1,91,6.0,5.39,-0.9993908270190958,-0.03489949670250076,3.8000000000000043,open-meteo,2026-08-08T10:04:01+00:00
2026-07-15 06:00:00+00:00,FR,solar,24.6,70,88.5,2.69,0.9659258262890683,-0.25881904510252085,21.8,63,69.0,5.28,0.766044443118978,0.6427876096865394,21.7,62,127.0,6.1,0.5150380749100542,0.8571673007021123,21.7,83,93.0,5.3,-0.945518575599317,0.3255681544571563,4.450000000000003,open-meteo,2026-08-08T10:04:01+00:00
2026-07-15 07:00:00+00:00,FR,solar,26.5,61,237.7,3.62,0.40673664307580043,-0.9135454576426008,23.0,61,175.0,4.57,0.8571673007021123,0.5150380749100542,22.9,62,287.0,5.2,0.39073112848927377,0.9205048534524404,23.1,77,253.0,4.62,-0.9961946980917455,0.08715574274765789,5.875,open-meteo,2026-08-08T10:04:01+00:00
2026-07-15 08:00:00+00:00,FR,solar,27.5,53,420.3,4.6,-0.7193398003386512,0.6946583704589973,24.2,58,266.0,4.4,0.848048096156426,0.5299192642332049,24.8,54,445.0,4.6,0.5299192642332049,0.848048096156426,24.8,71,430.0,5.42,-0.9563047559630354,0.2923717047227367,7.324999999999999,open-meteo,2026-08-08T10:04:01+00:00
2026-07-15 09:00:00+00:00,FR,solar,27.7,56,528.0,5.35,0.13917310096006544,0.9902680687415704,25.4,54,368.0,4.9,0.7986355100472928,0.6018150231520483,26.7,45,275.0,4.7,0.5299192642332049,0.848048096156426,27.4,60,598.0,4.71,-0.9563047559630354,0.2923717047227367,8.799999999999997,open-meteo,2026-08-08T10:04:01+00:00
2026-07-15 10:00:00+00:00,FR,solar,29.3,47,584.1,4.33,0.3255681544571567,0.9455185755993168,26.8,49,393.0,5.43,0.8290375725550417,0.5591929034707468,27.0,44,369.0,3.9,0.6156614753256583,0.7880107536067219,29.3,54,744.0,4.3,-0.9781476007338056,0.20791169081775945,10.099999999999998,open-meteo,2026-08-08T10:04:01+00:00
2026-07-15 11:00:00+00:00,FR,solar,31.3,39,822.5,4.24,0.7313537016191705,0.6819983600624985,28.6,43,632.0,4.8,0.9396926207859083,0.3420201433256688,26.7,39,441.0,4.1,0.49999999999999994,0.8660254037844387,31.0,49,849.0,4.95,-0.9902680687415704,0.13917310096006547,11.400000000000002,open-meteo,2026-08-08T10:04:01+00:00
2026-07-15 12:00:00+00:00,FR,solar,31.9,37,880.2,1.75,0.9743700647852352,0.22495105434386492,29.0,40,644.0,4.71,0.9335804264972017,0.3583679495453004,27.8,36,341.0,4.6,0.6293203910498374,0.7771459614569709,32.8,47,893.0,5.27,-0.9510565162951536,0.30901699437494723,12.375,open-meteo,2026-08-08T10:04:01+00:00
2026-07-15 13:00:00+00:00,FR,solar,33.4,39,802.5,1.26,-0.3090169943749473,-0.9510565162951536,30.5,38,663.0,3.33,0.9993908270190958,-0.034899496702500955,27.8,40,617.0,5.4,0.5591929034707469,0.8290375725550417,33.6,46,911.0,5.48,-0.945518575599317,0.3255681544571563,13.325000000000003,open-meteo,2026-08-08T10:04:01+00:00
2026-07-15 14:00:00+00:00,FR,solar,34.9,34,751.7,0.58,-0.8571673007021121,-0.5150380749100544,30.7,35,584.0,2.61,0.9743700647852352,0.22495105434386492,29.4,35,222.0,4.3,0.8660254037844386,0.5000000000000001,34.0,44,863.0,6.27,-0.9702957262759966,0.24192189559966745,14.25,open-meteo,2026-08-08T10:04:01+00:00
2026-07-15 15:00:00+00:00,FR,solar,31.4,48,754.1,9.3,-0.9781476007338056,-0.2079116908177598,30.8,33,607.0,2.56,0.7313537016191705,0.6819983600624985,30.6,32,676.0,5.0,0.6427876096865393,0.766044443118978,33.9,44,767.0,5.78,-0.9998476951563913,0.01745240643728313,13.675000000000004,open-meteo,2026-08-08T10:04:01+00:00
2026-07-15 16:00:00+00:00,FR,solar,30.9,52,640.4,7.3,-0.9743700647852351,-0.22495105434386525,31.1,29,498.0,1.08,0.08715574274765817,0.9961946980917455,28.6,34,475.0,3.8,0.8987940462991669,0.43837114678907746,33.5,44,634.0,6.21,-0.9945218953682734,0.10452846326765299,13.024999999999999,open-meteo,2026-08-08T10:04:01+00:00
2026-07-15 17:00:00+00:00,FR,solar,30.9,48,480.7,6.06,-0.9743700647852352,0.22495105434386492,30.5,33,314.0,3.57,0.35836794954530027,0.9335804264972017,29.3,33,303.0,6.0,0.49999999999999994,0.8660254037844387,32.6,48,469.0,6.3,-0.9659258262890684,0.2588190451025203,12.825000000000003,open-meteo,2026-08-08T10:04:01+00:00
2026-07-15 18:00:00+00:00,FR,solar,30.3,45,308.4,5.14,-0.8910065241883679,0.45399049973954664,28.8,37,158.0,5.44,0.9205048534524404,0.3907311284892737,28.9,32,252.0,5.5,0.42261826174069944,0.9063077870366499,31.2,50,281.0,5.83,-0.9563047559630354,0.2923717047227367,11.8,open-meteo,2026-08-08T10:04:01+00:00
2026-07-15 19:00:00+00:00,FR,solar,28.6,52,131.2,5.44,-0.8480480961564262,0.5299192642332047,27.2,45,72.0,6.18,0.9975640502598242,0.06975647374412523,27.2,36,107.0,4.2,0.4539904997395468,0.8910065241883679,29.1,55,112.0,6.19,-0.9205048534524405,0.3907311284892735,10.024999999999999,open-meteo,2026-08-08T10:04:01+00:00
2026-07-15 20:00:00+00:00,FR,solar,26.9,61,18.3,3.18,-0.8829475928589271,0.4694715627858904,25.9,51,5.0,5.03,0.9925461516413221,-0.12186934340514737,25.6,37,15.0,7.5,0.15643446504023087,0.9876883405951378,26.4,63,13.0,7.23,-0.8829475928589271,0.4694715627858904,8.200000000000003,open-meteo,2026-08-08T10:04:01+00:00
2026-07-15 21:00:00+00:00,FR,solar,25.8,67,0.0,2.69,-0.9659258262890683,-0.25881904510252063,23.1,59,0.0,4.32,0.9975640502598242,0.06975647374412523,24.8,36,0.0,7.8,0.4067366430758002,0.9135454576426009,24.5,67,0.0,7.64,-0.8090169943749476,0.5877852522924729,6.550000000000001,open-meteo,2026-08-08T10:04:01+00:00
2026-07-15 22:00:00+00:00,FR,solar,24.9,71,0.0,3.45,-0.8660254037844384,-0.5000000000000004,22.3,64,0.0,2.59,0.8746197071393959,-0.484809620246337,23.6,38,0.0,8.9,0.5299192642332049,0.848048096156426,23.2,73,0.0,5.96,-0.7431448254773946,0.6691306063588578,5.5000000000000036,open-meteo,2026-08-08T10:04:01+00:00
2026-07-15 23:00:00+00:00,FR,solar,23.8,82,0.0,4.78,-0.6018150231520484,-0.7986355100472928,21.1,67,0.0,2.23,0.9659258262890683,-0.25881904510252085,23.1,37,0.0,8.2,0.6293203910498374,0.7771459614569709,21.7,82,0.0,3.92,-0.8480480961564262,0.5299192642332047,4.425000000000001,open-meteo,2026-08-08T10:04:01+00:00
2026-07-16 00:00:00+00:00,FR,solar,23.1,89,0.0,5.22,-0.848048096156426,-0.529919264233205,20.2,75,0.0,1.06,0.9271838545667874,0.37460659341591196,22.5,38,0.0,8.4,0.6427876096865393,0.766044443118978,20.8,90,0.0,3.34,-0.9961946980917455,0.08715574274765789,3.6499999999999986,open-meteo,2026-08-08T10:04:01+00:00
2026-07-16 01:00:00+00:00,FR,solar,22.7,92,0.0,4.9,-0.9396926207859084,-0.34202014332566855,19.9,71,0.0,7.14,-0.15643446504023073,-0.9876883405951378,20.4,48,0.0,6.8,0.573576436351046,0.8191520442889918,20.2,93,0.0,3.58,-0.9876883405951377,-0.15643446504023104,2.799999999999997,open-meteo,2026-08-08T10:04:01+00:00
2026-07-16 02:00:00+00:00,FR,solar,22.6,92,0.0,3.34,-0.9876883405951378,0.15643446504023067,19.5,77,0.0,1.8,-0.48480962024633695,-0.8746197071393959,20.4,44,0.0,7.2,0.8571673007021123,0.5150380749100542,20.1,95,0.0,4.54,-0.9925461516413221,-0.12186934340514717,2.6499999999999986,open-meteo,2026-08-08T10:04:01+00:00
2026-07-16 03:00:00+00:00,FR,solar,22.5,93,0.0,3.14,-0.9876883405951377,-0.15643446504023104,18.2,86,0.0,1.87,-0.1045284632676535,-0.9945218953682733,20.1,45,0.0,7.4,0.8571673007021123,0.5150380749100542,19.9,97,0.0,4.51,-0.9993908270190958,-0.03489949670250076,2.1750000000000007,open-meteo,2026-08-08T10:04:01+00:00
2026-07-16 04:00:00+00:00,FR,solar,22.3,94,0.0,4.0,-0.9998476951563913,0.01745240643728313,17.4,92,0.0,3.66,-0.13917310096006552,-0.9902680687415703,17.0,60,0.0,5.8,0.838670567945424,0.5446390350150271,19.8,98,0.0,3.82,-0.9998476951563913,0.01745240643728313,1.125,open-meteo,2026-08-08T10:04:01+00:00
2026-07-16 05:00:00+00:00,FR,solar,22.5,94,2.3,1.88,-0.9063077870366498,0.4226182617406996,18.0,89,45.0,3.4,-0.2079116908177595,-0.9781476007338056,18.7,59,21.0,7.1,0.9271838545667874,0.37460659341591196,20.0,98,5.0,5.01,-0.9975640502598242,-0.06975647374412558,1.8000000000000007,open-meteo,2026-08-08T10:04:01+00:00
2026-07-16 06:00:00+00:00,FR,solar,22.9,90,37.0,0.73,-0.961261695938319,-0.2756373558169989,20.4,76,169.0,2.26,-0.08715574274765794,-0.9961946980917455,21.2,55,164.0,5.4,0.8987940462991669,0.43837114678907746,20.5,93,77.0,4.6,-1.0,-1.8369701987210297e-16,3.25,open-meteo,2026-08-08T10:04:01+00:00
2026-07-16 07:00:00+00:00,FR,solar,24.0,84,214.3,1.6,-0.9975640502598243,0.06975647374412522,22.5,67,314.0,0.71,0.2756373558169992,-0.9612616959383189,22.3,54,315.0,3.4,0.9743700647852352,0.22495105434386492,21.9,87,179.0,3.58,-0.9876883405951378,0.15643446504023067,4.674999999999997,open-meteo,2026-08-08T10:04:01+00:00
2026-07-16 08:00:00+00:00,FR,solar,25.6,75,419.0,0.28,-0.7071067811865475,-0.7071067811865477,24.9,57,439.0,1.08,0.9961946980917455,-0.08715574274765824,25.0,48,357.0,2.6,0.9876883405951378,0.15643446504023092,23.5,81,300.0,2.77,-0.9902680687415704,0.13917310096006547,6.75,open-meteo,2026-08-08T10:04:01+00:00
2026-07-16 09:00:00+00:00,FR,solar,27.5,65,573.3,1.44,-0.5591929034707467,-0.8290375725550418,27.2,51,596.0,2.16,0.9986295347545738,0.052335956242943966,27.0,48,583.0,2.3,0.8660254037844386,0.5000000000000001,25.6,73,533.0,2.36,-0.7071067811865477,0.7071067811865474,8.825000000000003,open-meteo,2026-08-08T10:04:01+00:00
2026-07-16 10:00:00+00:00,FR,solar,29.2,57,723.8,0.3,-1.0,-1.8369701987210297e-16,28.9,47,700.0,2.6,0.9396926207859084,-0.3420201433256687,28.1,42,566.0,2.0,0.6560590289905073,0.754709580222772,27.3,66,710.0,2.02,-0.9702957262759966,0.24192189559966745,10.374999999999996,open-meteo,2026-08-08T10:04:01+00:00
2026-07-16 11:00:00+00:00,FR,solar,30.9,50,820.2,2.2,-0.6293203910498376,-0.7771459614569708,30.3,41,774.0,1.98,0.9396926207859084,-0.3420201433256687,29.6,38,796.0,2.2,0.7313537016191705,0.6819983600624985,28.8,58,711.0,2.23,-0.9659258262890683,-0.25881904510252063,11.900000000000002,open-meteo,2026-08-08T10:04:01+00:00
2026-07-16 12:00:00+00:00,FR,solar,32.4,44,879.1,2.28,-0.39073112848927355,-0.9205048534524404,31.9,34,818.0,1.58,0.12186934340514755,-0.992546151641322,29.6,38,757.0,2.5,0.6946583704589973,0.7193398003386512,30.3,51,807.0,2.11,-0.9743700647852351,-0.22495105434386525,13.05,open-meteo,2026-08-08T10:04:01+00:00
2026-07-16 13:00:00+00:00,FR,solar,31.4,48,817.7,6.18,-0.9702957262759965,-0.24192189559966779,32.4,32,780.0,1.92,-0.2588190451025208,-0.9659258262890683,31.0,32,556.0,1.7,0.25881904510252074,0.9659258262890683,31.6,48,841.0,2.16,-1.0,-1.8369701987210297e-16,13.600000000000001,open-meteo,2026-08-08T10:04:01+00:00
2026-07-16 14:00:00+00:00,FR,solar,31.2,47,848.6,5.82,-0.9781476007338056,-0.2079116908177598,32.9,32,704.0,1.71,-0.8571673007021123,0.5150380749100542,31.3,31,813.0,2.1,-0.35836794954530077,0.9335804264972015,32.3,46,853.0,3.58,-0.9876883405951378,0.15643446504023067,13.924999999999997,open-meteo,2026-08-08T10:04:01+00:00
2026-07-16 15:00:00+00:00,FR,solar,30.8,49,764.7,5.79,-0.9335804264972015,-0.3583679495453007,32.4,34,520.0,3.69,-0.29237170472273716,0.9563047559630353,29.7,38,570.0,6.6,-0.20791169081775987,0.9781476007338056,32.0,46,764.0,3.92,-1.0,-1.8369701987210297e-16,13.225000000000001,open-meteo,2026-08-08T10:04:01+00:00
2026-07-16 16:00:00+00:00,FR,solar,30.8,48,619.6,5.66,-0.9902680687415704,0.13917310096006547,30.9,38,355.0,7.75,0.8191520442889918,0.573576436351046,29.0,41,567.0,2.4,0.20791169081775931,-0.9781476007338057,32.3,45,630.0,3.92,-0.9986295347545738,-0.052335956242944306,12.75,open-meteo,2026-08-08T10:04:01+00:00
2026-07-16 17:00:00+00:00,FR,solar,29.9,50,477.0,5.46,-0.9135454576426011,0.40673664307579976,25.6,48,168.0,6.73,0.7431448254773942,-0.6691306063588582,30.7,31,184.0,4.8,0.15643446504023087,0.9876883405951378,32.0,45,456.0,4.21,-1.0,-1.8369701987210297e-16,11.55,open-meteo,2026-08-08T10:04:01+00:00
2026-07-16 18:00:00+00:00,FR,solar,28.5,55,303.0,5.8,-0.8480480961564262,0.5299192642332047,22.6,73,71.0,8.45,0.06975647374412552,-0.9975640502598242,29.0,42,24.0,2.5,0.8746197071393957,0.4848096202463371,30.3,53,272.0,6.08,-0.9659258262890684,0.2588190451025203,9.599999999999998,open-meteo,2026-08-08T10:04:01+00:00
2026-07-16 19:00:00+00:00,FR,solar,25.9,65,135.6,6.15,-0.9271838545667874,0.37460659341591196,22.6,56,50.0,2.09,0.19080899537654497,-0.9816271834476639,24.5,69,25.0,8.7,0.43837114678907746,0.898794046299167,28.1,61,86.0,6.99,-0.9271838545667874,0.37460659341591196,7.274999999999999,open-meteo,2026-08-08T10:04:01+00:00
2026-07-16 20:00:00+00:00,FR,solar,24.7,73,18.5,5.43,-0.9945218953682734,0.10452846326765299,21.9,57,7.0,5.52,0.2923717047227366,-0.9563047559630355,22.2,84,10.0,4.0,0.8746197071393957,0.4848096202463371,25.7,69,10.0,5.83,-0.9563047559630354,0.2923717047227367,5.625,open-meteo,2026-08-08T10:04:01+00:00
2026-07-16 21:00:00+00:00,FR,solar,23.9,78,0.0,4.47,-0.7660444431189781,0.6427876096865393,20.9,73,0.0,3.9,0.90630778703665,-0.42261826174069933,25.5,37,0.0,10.6,0.5150380749100542,0.8571673007021123,23.9,77,0.0,10.11,-0.9612616959383188,0.2756373558169994,5.549999999999997,open-meteo,2026-08-08T10:04:01+00:00
2026-07-16 22:00:00+00:00,FR,solar,23.3,82,0.0,6.44,-0.6946583704589976,0.7193398003386509,20.3,88,0.0,5.65,0.777145961456971,-0.6293203910498373,21.7,78,0.0,7.4,0.9902680687415704,0.13917310096006547,22.7,84,0.0,6.82,-0.9612616959383188,0.2756373558169994,4.0,open-meteo,2026-08-08T10:04:01+00:00
2026-07-16 23:00:00+00:00,FR,solar,23.5,83,0.0,4.38,-0.8910065241883679,0.45399049973954664,20.2,83,0.0,2.16,0.777145961456971,-0.6293203910498373,21.6,58,0.0,5.9,0.6018150231520483,0.7986355100472928,21.9,88,0.0,4.84,-0.9335804264972017,0.3583679495453004,3.8000000000000043,open-meteo,2026-08-08T10:04:01+00:00
2026-07-17 00:00:00+00:00,FR,solar,23.0,86,0.0,0.94,-0.5299192642332048,-0.8480480961564261,20.4,82,0.0,3.92,1.2246467991473532e-16,-1.0,21.8,58,0.0,8.7,-0.13917310096006588,0.9902680687415703,21.4,89,0.0,6.27,-0.9993908270190958,0.03489949670250128,3.6499999999999986,open-meteo,2026-08-08T10:04:01+00:00
2026-07-17 01:00:00+00:00,FR,solar,22.2,87,0.0,5.0,-0.9993908270190958,-0.03489949670250076,20.9,81,0.0,8.13,-0.22495105434386498,-0.9743700647852352,20.0,73,0.0,4.1,0.29237170472273677,0.9563047559630354,21.0,91,0.0,3.4,-0.9781476007338056,0.20791169081775945,3.0249999999999986,open-meteo,2026-08-08T10:04:01+00:00
2026-07-17 02:00:00+00:00,FR,solar,21.7,92,0.0,3.59,-0.9743700647852351,-0.22495105434386525,20.8,77,0.0,6.89,-0.2588190451025208,-0.9659258262890683,19.4,68,0.0,6.9,-0.4383711467890778,0.8987940462991668,20.9,92,0.0,2.08,-0.9902680687415703,-0.13917310096006583,2.6999999999999993,open-meteo,2026-08-08T10:04:01+00:00
2026-07-17 03:00:00+00:00,FR,solar,21.6,88,0.0,4.33,-0.9455185755993168,-0.32556815445715664,20.3,83,0.0,8.4,-0.12186934340514731,-0.9925461516413221,20.3,64,0.0,2.2,0.03489949670250097,0.9993908270190958,20.7,95,0.0,3.67,-0.9876883405951377,-0.15643446504023104,2.7250000000000014,open-meteo,2026-08-08T10:04:01+00:00
2026-07-17 04:00:00+00:00,FR,solar,21.3,89,0.0,4.73,-0.9945218953682734,-0.10452846326765336,19.3,95,0.0,1.86,-0.9510565162951536,0.30901699437494723,17.7,94,0.0,6.3,-0.7880107536067218,0.6156614753256585,20.4,95,0.0,5.5,-0.9975640502598243,0.06975647374412522,1.6749999999999972,open-meteo,2026-08-08T10:04:01+00:00
2026-07-17 05:00:00+00:00,FR,solar,21.3,88,3.9,2.75,-0.984807753012208,-0.17364817766693033,19.9,91,13.0,2.59,-0.7986355100472928,-0.6018150231520483,18.6,72,0.0,4.4,-0.4694715627858908,0.882947592858927,20.3,95,3.0,6.19,-0.9961946980917455,0.08715574274765789,2.025000000000002,open-meteo,2026-08-08T10:04:01+00:00
2026-07-17 06:00:00+00:00,FR,solar,21.6,86,49.2,2.41,-0.6691306063588582,-0.7431448254773942,20.1,82,62.0,3.04,-1.0,-1.8369701987210297e-16,18.7,79,109.0,5.2,-0.6018150231520483,0.7986355100472928,20.8,94,66.0,4.27,-0.9876883405951378,0.15643446504023067,2.3000000000000007,open-meteo,2026-08-08T10:04:01+00:00
2026-07-17 07:00:00+00:00,FR,solar,23.1,81,90.3,3.01,-0.9659258262890683,-0.25881904510252063,20.4,81,173.0,2.77,-0.9902680687415703,-0.13917310096006583,18.6,92,258.0,3.8,-0.034899496702500823,0.9993908270190958,21.9,87,185.0,2.85,-0.9975640502598243,0.06975647374412522,3.0,open-meteo,2026-08-08T10:04:01+00:00
2026-07-17 08:00:00+00:00,FR,solar,25.1,66,338.0,4.2,-1.0,-1.8369701987210297e-16,21.4,76,221.0,3.13,-0.848048096156426,-0.529919264233205,21.7,59,454.0,4.0,-0.5591929034707466,0.8290375725550418,23.5,73,372.0,3.25,-0.9961946980917455,0.08715574274765789,4.925000000000001,open-meteo,2026-08-08T10:04:01+00:00
2026-07-17 09:00:00+00:00,FR,solar,26.7,57,534.0,4.4,-1.0,-1.8369701987210297e-16,22.4,72,251.0,2.72,-0.7880107536067221,-0.6156614753256581,22.0,60,624.0,4.1,-0.3090169943749477,0.9510565162951535,24.6,67,451.0,2.98,-0.9876883405951377,-0.15643446504023104,5.924999999999997,open-meteo,2026-08-08T10:04:01+00:00
2026-07-17 10:00:00+00:00,FR,solar,28.1,50,685.0,4.26,-0.9876883405951378,0.15643446504023067,24.4,61,559.0,3.01,-0.9455185755993168,-0.32556815445715664,23.2,68,680.0,2.8,-0.5591929034707466,0.8290375725550418,25.9,62,466.0,3.34,-0.9986295347545738,0.052335956242943946,7.399999999999999,open-meteo,2026-08-08T10:04:01+00:00
2026-07-17 11:00:00+00:00,FR,solar,29.0,45,610.5,4.41,-0.9975640502598243,0.06975647374412522,25.0,58,477.0,4.74,-0.9925461516413221,-0.12186934340514717,26.0,40,611.0,3.3,-0.3255681544571567,0.9455185755993168,26.5,59,497.0,3.38,-0.9848077530122081,0.17364817766692997,8.625,open-meteo,2026-08-08T10:04:01+00:00
2026-07-17 12:00:00+00:00,FR,solar,29.1,43,750.8,4.59,-0.9396926207859083,0.342020143325669,26.9,50,448.0,3.64,-0.9961946980917455,-0.08715574274765825,25.8,39,765.0,2.6,0.08715574274765817,0.9961946980917455,27.9,53,481.0,2.79,-0.9510565162951536,0.30901699437494723,9.424999999999997,open-meteo,2026-08-08T10:04:01+00:00
2026-07-17 13:00:00+00:00,FR,solar,30.0,42,773.1,5.1,-0.898794046299167,0.4383711467890774,28.2,45,670.0,3.98,-0.984807753012208,-0.17364817766693033,21.8,74,554.0,4.9,0.17364817766693033,0.984807753012208,29.1,48,621.0,2.45,-0.9993908270190958,-0.03489949670250076,9.274999999999999,open-meteo,2026-08-08T10:04:01+00:00
2026-07-17 14:00:00+00:00,FR,solar,30.3,40,795.5,5.15,-0.9510565162951536,0.30901699437494723,28.8,43,660.0,4.13,-0.9702957262759965,-0.24192189559966779,26.1,36,456.0,4.7,-0.6427876096865396,0.7660444431189778,30.1,44,685.0,3.08,-0.9876883405951377,-0.15643446504023104,10.825000000000003,open-meteo,2026-08-08T10:04:01+00:00
2026-07-17 15:00:00+00:00,FR,solar,30.2,41,703.9,5.91,-0.945518575599317,0.3255681544571563,29.0,42,452.0,4.75,-0.9902680687415704,0.13917310096006547,26.6,38,282.0,3.2,-0.22495105434386534,0.9743700647852351,30.3,41,618.0,4.43,-0.9961946980917455,-0.08715574274765825,11.025000000000002,open-meteo,2026-08-08T10:04:01+00:00
2026-07-17 16:00:00+00:00,FR,solar,28.9,45,580.2,6.91,-0.8571673007021123,0.5150380749100542,27.4,48,333.0,7.06,-0.9135454576426011,0.40673664307579976,22.7,62,375.0,2.0,0.25881904510252074,0.9659258262890683,30.1,41,573.0,4.51,-1.0,-1.8369701987210297e-16,9.274999999999999,open-meteo,2026-08-08T10:04:01+00:00
2026-07-17 17:00:00+00:00,FR,solar,28.2,47,480.9,6.36,-0.7986355100472932,0.6018150231520479,25.7,56,177.0,7.62,-0.898794046299167,0.4383711467890774,26.6,35,288.0,2.2,-0.7193398003386512,0.6946583704589973,29.0,45,395.0,5.38,-0.9848077530122081,0.17364817766692997,9.375,open-meteo,2026-08-08T10:04:01+00:00
2026-07-17 18:00:00+00:00,FR,solar,26.8,52,304.8,6.2,-0.7880107536067218,0.6156614753256585,24.2,53,80.0,4.66,-0.37460659341591235,0.9271838545667873,26.2,35,245.0,3.2,-0.4383711467890778,0.8987940462991668,28.5,47,261.0,4.87,-0.9659258262890684,0.2588190451025203,8.425,open-meteo,2026-08-08T10:04:01+00:00
2026-07-17 19:00:00+00:00,FR,solar,25.3,57,131.9,5.49,-0.8386705679454243,0.5446390350150266,22.4,66,45.0,2.15,0.9135454576426009,0.4067366430758002,22.1,69,101.0,4.0,-0.6293203910498378,0.7771459614569706,26.9,51,109.0,6.37,-0.7986355100472932,0.6018150231520479,6.175000000000004,open-meteo,2026-08-08T10:04:01+00:00
2026-07-17 20:00:00+00:00,FR,solar,23.8,66,17.7,4.41,-0.8386705679454243,0.5446390350150266,21.7,75,4.0,1.39,-0.6293203910498378,0.7771459614569706,22.5,43,16.0,7.0,0.24192189559966773,0.9702957262759965,24.3,58,12.0,6.88,-0.6560590289905074,0.7547095802227719,5.074999999999999,open-meteo,2026-08-08T10:04:01+00:00
2026-07-17 21:00:00+00:00,FR,solar,22.6,73,0.0,3.94,-0.5000000000000004,0.8660254037844384,20.2,80,0.0,2.56,-0.9925461516413221,-0.12186934340514717,21.6,48,0.0,7.3,0.15643446504023087,0.9876883405951378,22.9,65,0.0,7.41,-0.4383711467890778,0.8987940462991668,3.825000000000003,open-meteo,2026-08-08T10:04:01+00:00
2026-07-17 22:00:00+00:00,FR,solar,21.8,79,0.0,2.77,-0.4383711467890778,0.8987940462991668,19.5,80,0.0,3.94,-0.9702957262759965,-0.24192189559966779,18.7,74,0.0,7.8,0.224951054343865,0.9743700647852352,21.8,70,0.0,6.66,-0.3420201433256686,0.9396926207859084,2.4499999999999993,open-meteo,2026-08-08T10:04:01+00:00
2026-07-17 23:00:00+00:00,FR,solar,21.0,83,0.0,2.53,-0.9510565162951536,0.30901699437494723,18.5,77,0.0,4.43,-0.9961946980917455,0.08715574274765789,19.3,57,0.0,5.9,0.10452846326765347,0.9945218953682733,20.6,76,0.0,5.37,-0.2588190451025207,0.9659258262890683,1.8500000000000014,open-meteo,2026-08-08T10:04:01+00:00
2026-07-18 00:00:00+00:00,FR,solar,20.4,87,0.0,3.54,-0.9612616959383188,0.2756373558169994,17.7,84,0.0,5.04,-0.8746197071393956,0.4848096202463373,18.8,62,0.0,7.4,0.03489949670250097,0.9993908270190958,20.0,79,0.0,5.25,-0.15643446504023112,0.9876883405951377,1.2249999999999979,open-meteo,2026-08-08T10:04:01+00:00
2026-07-18 01:00:00+00:00,FR,solar,19.9,90,0.0,3.98,-0.9063077870366498,0.4226182617406996,16.9,89,0.0,2.67,-0.8090169943749476,0.5877852522924729,16.2,77,0.0,8.1,-0.034899496702500823,0.9993908270190958,19.5,81,0.0,5.04,-0.13917310096006588,0.9902680687415703,0.125,open-meteo,2026-08-08T10:04:01+00:00
2026-07-18 02:00:00+00:00,FR,solar,19.5,92,0.0,3.82,-0.7071067811865477,0.7071067811865474,16.0,94,0.0,2.57,-0.9510565162951535,-0.30901699437494756,16.3,70,0.0,6.3,0.052335956242943835,0.9986295347545738,19.1,83,0.0,4.03,-0.3090169943749477,0.9510565162951535,0.2749999999999986,open-meteo,2026-08-08T10:04:01+00:00
2026-07-18 03:00:00+00:00,FR,solar,19.0,94,0.0,3.86,-0.6018150231520483,0.7986355100472928,15.9,94,0.0,1.8,-0.874619707139396,-0.48480962024633684,15.6,76,0.0,3.4,0.224951054343865,0.9743700647852352,18.2,89,0.0,2.5,-0.4383711467890778,0.8987940462991668,0.8249999999999993,open-meteo,2026-08-08T10:04:01+00:00
2026-07-18 04:00:00+00:00,FR,solar,18.7,94,0.0,1.62,-0.37460659341591235,0.9271838545667873,15.2,96,0.0,2.45,-0.7986355100472928,-0.6018150231520483,14.0,90,0.0,4.4,0.6156614753256583,0.7880107536067219,17.7,92,0.0,2.42,-0.529919264233205,0.8480480961564258,1.6000000000000014,open-meteo,2026-08-08T10:04:01+00:00
2026-07-18 05:00:00+00:00,FR,solar,18.3,95,2.3,3.41,-0.08715574274765832,0.9961946980917455,15.8,95,32.0,2.05,-0.9563047559630353,-0.2923717047227371,14.5,89,36.0,3.9,0.7431448254773942,0.6691306063588582,17.4,94,5.0,2.67,-0.5877852522924734,0.8090169943749473,1.5,open-meteo,2026-08-08T10:04:01+00:00
2026-07-18 06:00:00+00:00,FR,solar,19.6,91,56.3,2.21,0.3090169943749474,0.9510565162951535,17.3,87,87.0,1.59,-0.9816271834476639,0.1908089953765451,16.5,81,159.0,3.2,0.9063077870366499,0.42261826174069944,18.8,93,82.0,2.96,-0.5591929034707466,0.8290375725550418,0.05000000000000071,open-meteo,2026-08-08T10:04:01+00:00
2026-07-18 07:00:00+00:00,FR,solar,21.5,80,166.7,2.75,-0.1736481776669304,0.984807753012208,19.0,81,221.0,1.25,-0.7071067811865477,0.7071067811865474,17.9,75,294.0,1.7,0.9396926207859083,0.3420201433256688,20.8,84,224.0,1.89,-0.35836794954530077,0.9335804264972015,1.8000000000000007,open-meteo,2026-08-08T10:04:01+00:00
2026-07-18 08:00:00+00:00,FR,solar,23.4,70,382.7,3.0,-0.034899496702500823,0.9993908270190958,20.7,73,345.0,1.11,-0.7071067811865477,0.7071067811865474,20.6,58,480.0,1.5,0.573576436351046,0.8191520442889918,22.6,75,359.0,1.48,-0.13917310096006588,0.9902680687415703,3.8249999999999957,open-meteo,2026-08-08T10:04:01+00:00
2026-07-18 09:00:00+00:00,FR,solar,25.3,60,555.6,2.04,-0.19080899537654467,0.981627183447664,23.3,60,538.0,0.31,-0.9510565162951536,0.30901699437494723,22.5,51,630.0,1.7,-0.05233595624294437,0.9986295347545738,24.7,65,491.0,1.02,0.29237170472273677,0.9563047559630354,5.949999999999999,open-meteo,2026-08-08T10:04:01+00:00
2026-07-18 10:00:00+00:00,FR,solar,27.2,51,734.0,1.97,-0.40673664307580015,0.9135454576426009,25.2,49,744.0,1.77,-0.9986295347545738,0.052335956242943946,22.4,58,750.0,2.4,-0.19080899537654467,0.981627183447664,26.5,56,699.0,0.69,-2.4492935982947064e-16,1.0,7.324999999999999,open-meteo,2026-08-08T10:04:01+00:00
2026-07-18 11:00:00+00:00,FR,solar,28.9,44,826.4,2.34,-0.3420201433256686,0.9396926207859084,25.9,41,613.0,3.33,-1.0,-1.8369701987210297e-16,25.0,42,837.0,3.2,-0.6691306063588581,0.7431448254773944,27.9,50,760.0,0.42,0.7071067811865476,-0.7071067811865475,8.924999999999997,open-meteo,2026-08-08T10:04:01+00:00
2026-07-18 12:00:00+00:00,FR,solar,30.3,39,876.9,3.01,-0.10452846326765342,0.9945218953682733,27.7,31,681.0,4.66,-0.9271838545667874,0.37460659341591196,25.5,42,866.0,4.0,-0.8090169943749476,0.5877852522924729,29.4,44,694.0,0.5,0.1908089953765448,0.981627183447664,10.225000000000001,open-meteo,2026-08-08T10:04:01+00:00
2026-07-18 13:00:00+00:00,FR,solar,31.6,33,883.5,3.1,0.25881904510252074,0.9659258262890683,28.2,29,784.0,5.74,-0.9063077870366498,0.4226182617406996,24.3,53,849.0,3.4,-0.5877852522924734,0.8090169943749473,30.3,41,665.0,0.63,-0.7771459614569708,0.6293203910498375,10.599999999999998,open-meteo,2026-08-08T10:04:01+00:00
2026-07-18 14:00:00+00:00,FR,solar,32.0,32,823.3,2.18,0.27563735581699916,0.9612616959383189,28.6,21,814.0,5.94,-0.7880107536067218,0.6156614753256585,26.2,39,812.0,4.8,-0.6946583704589976,0.7193398003386509,31.2,40,577.0,2.51,-0.6293203910498378,0.7771459614569706,11.5,open-meteo,2026-08-08T10:04:01+00:00
2026-07-18 15:00:00+00:00,FR,solar,32.0,30,690.4,3.41,0.6427876096865393,0.766044443118978,28.5,27,710.0,3.38,-0.9271838545667874,0.37460659341591196,26.4,39,672.0,5.3,-0.7193398003386512,0.6946583704589973,31.0,40,613.0,3.84,-0.945518575599317,0.3255681544571563,11.475000000000001,open-meteo,2026-08-08T10:04:01+00:00
2026-07-18 16:00:00+00:00,FR,solar,31.5,38,541.7,5.74,-0.5735764363510465,0.8191520442889916,28.4,24,486.0,5.02,-0.9945218953682734,0.10452846326765299,24.4,50,532.0,5.2,-0.40673664307580015,0.9135454576426009,31.1,39,528.0,2.6,-0.3420201433256686,0.9396926207859084,10.850000000000001,open-meteo,2026-08-08T10:04:01+00:00
2026-07-18 17:00:00+00:00,FR,solar,30.3,45,419.0,6.41,-0.5591929034707466,0.8290375725550418,27.4,24,367.0,7.67,-0.9063077870366498,0.4226182617406996,23.8,50,424.0,6.7,-0.034899496702500823,0.9993908270190958,30.7,40,429.0,2.31,-0.8090169943749476,0.5877852522924729,10.05,open-meteo,2026-08-08T10:04:01+00:00
2026-07-18 18:00:00+00:00,FR,solar,28.8,48,302.5,6.83,-0.529919264233205,0.8480480961564258,26.5,25,235.0,6.43,-0.7880107536067218,0.6156614753256585,22.8,52,264.0,7.4,0.25881904510252074,0.9659258262890683,30.1,38,280.0,1.55,0.573576436351046,0.8191520442889918,9.049999999999997,open-meteo,2026-08-08T10:04:01+00:00
2026-07-18 19:00:00+00:00,FR,solar,26.9,51,136.0,5.99,-0.4694715627858908,0.882947592858927,24.6,37,91.0,7.39,-0.5735764363510465,0.8191520442889916,20.1,66,116.0,7.7,0.03489949670250097,0.9993908270190958,28.4,49,107.0,1.43,0.27563735581699916,0.9612616959383189,7.0,open-meteo,2026-08-08T10:04:01+00:00
2026-07-18 20:00:00+00:00,FR,solar,25.1,61,17.7,4.61,-0.5000000000000004,0.8660254037844384,22.4,47,6.0,7.5,-0.29237170472273716,0.9563047559630353,18.9,63,15.0,7.1,-0.05233595624294437,0.9986295347545738,26.1,54,10.0,2.85,-0.06975647374412564,0.9975640502598242,5.125,open-meteo,2026-08-08T10:04:01+00:00
2026-07-18 21:00:00+00:00,FR,solar,23.8,64,0.0,3.67,-0.4848096202463369,0.8746197071393959,21.2,58,0.0,6.54,-0.22495105434386534,0.9743700647852351,17.5,65,0.0,8.4,0.0,1.0,24.9,55,0.0,3.09,-0.19080899537654467,0.981627183447664,3.8500000000000014,open-meteo,2026-08-08T10:04:01+00:00
2026-07-18 22:00:00+00:00,FR,solar,23.4,58,0.0,3.88,-0.20791169081775987,0.9781476007338056,20.2,62,0.0,5.65,0.15643446504023087,0.9876883405951378,16.6,66,0.0,6.5,-0.05233595624294437,0.9986295347545738,22.9,62,0.0,8.74,-0.06975647374412564,0.9975640502598242,2.7749999999999986,open-meteo,2026-08-08T10:04:01+00:00
2026-07-18 23:00:00+00:00,FR,solar,22.6,58,0.0,3.67,-0.29237170472273716,0.9563047559630353,19.5,65,0.0,4.99,-0.27563735581699894,0.9612616959383189,15.7,71,0.0,6.2,0.01745240643728351,0.9998476951563913,22.3,68,0.0,8.39,0.12186934340514748,0.992546151641322,2.0249999999999986,open-meteo,2026-08-08T10:04:01+00:00
2026-07-19 00:00:00+00:00,FR,solar,22.0,59,0.0,4.3,-2.4492935982947064e-16,1.0,18.4,70,0.0,3.84,-0.10452846326765342,0.9945218953682733,14.5,79,0.0,5.4,0.052335956242943835,0.9986295347545738,22.1,66,0.0,8.31,0.13917310096006544,0.9902680687415704,1.25,open-meteo,2026-08-08T10:04:01+00:00
2026-07-19 01:00:00+00:00,FR,solar,21.2,63,0.0,3.11,-0.06975647374412564,0.9975640502598242,17.8,74,0.0,3.46,-0.13917310096006588,0.9902680687415703,13.1,88,0.0,5.8,-0.22495105434386534,0.9743700647852351,21.2,70,0.0,4.38,0.17364817766693033,0.984807753012208,0.3249999999999993,open-meteo,2026-08-08T10:04:01+00:00
2026-07-19 02:00:00+00:00,FR,solar,20.2,69,0.0,1.93,-0.35836794954530077,0.9335804264972015,17.4,76,0.0,4.38,-0.1736481776669304,0.984807753012208,13.1,85,0.0,6.1,-0.06975647374412564,0.9975640502598242,19.3,79,0.0,1.41,-0.5591929034707466,0.8290375725550418,0.5,open-meteo,2026-08-08T10:04:01+00:00
2026-07-19 03:00:00+00:00,FR,solar,19.9,70,0.0,2.77,0.224951054343865,0.9743700647852352,16.5,77,0.0,4.92,-0.10452846326765342,0.9945218953682733,12.7,91,0.0,6.4,-0.034899496702500823,0.9993908270190958,18.5,85,0.0,1.1,-0.8910065241883679,0.45399049973954664,1.1000000000000014,open-meteo,2026-08-08T10:04:01+00:00
2026-07-19 04:00:00+00:00,FR,solar,19.6,71,0.0,4.4,0.6293203910498374,0.7771459614569709,15.3,79,0.0,4.44,-0.10452846326765342,0.9945218953682733,11.7,95,0.0,6.7,0.01745240643728351,0.9998476951563913,18.3,86,0.0,1.1,-0.8910065241883679,0.45399049973954664,1.7749999999999986,open-meteo,2026-08-08T10:04:01+00:00
2026-07-19 05:00:00+00:00,FR,solar,19.7,74,3.1,4.79,0.8746197071393957,0.4848096202463371,14.8,78,39.0,5.09,-2.4492935982947064e-16,1.0,12.3,89,36.0,6.6,0.0,1.0,18.2,86,4.0,1.25,-0.7771459614569708,0.6293203910498375,1.75,open-meteo,2026-08-08T10:04:01+00:00
2026-07-19 06:00:00+00:00,FR,solar,21.3,71,81.0,4.03,0.8660254037844386,0.5000000000000001,16.0,71,137.0,5.07,0.17364817766693033,0.984807753012208,13.9,84,161.0,5.2,0.0697564737441253,0.9975640502598242,19.3,86,72.0,1.12,-0.7880107536067218,0.6156614753256585,0.375,open-meteo,2026-08-08T10:04:01+00:00
2026-07-19 07:00:00+00:00,FR,solar,23.3,63,243.1,2.31,0.9510565162951535,0.30901699437494745,17.4,65,319.0,5.13,0.4067366430758002,0.9135454576426009,15.2,78,322.0,5.4,0.12186934340514748,0.992546151641322,21.7,75,192.0,1.18,-0.6691306063588581,0.7431448254773944,1.4000000000000021,open-meteo,2026-08-08T10:04:01+00:00
2026-07-19 08:00:00+00:00,FR,solar,26.6,44,420.5,2.92,0.8571673007021123,0.5150380749100542,18.9,56,495.0,5.46,0.35836794954530027,0.9335804264972017,17.3,60,471.0,5.6,0.12186934340514748,0.992546151641322,24.3,62,370.0,0.42,-0.7071067811865477,0.7071067811865474,3.7749999999999986,open-meteo,2026-08-08T10:04:01+00:00
2026-07-19 09:00:00+00:00,FR,solar,28.8,37,590.3,2.77,0.8987940462991669,0.43837114678907746,20.3,51,656.0,4.65,0.3090169943749474,0.9510565162951535,18.8,49,614.0,5.2,0.03489949670250097,0.9993908270190958,26.9,52,559.0,0.14,0.7071067811865476,-0.7071067811865475,5.700000000000003,open-meteo,2026-08-08T10:04:01+00:00
2026-07-19 10:00:00+00:00,FR,solar,30.9,32,736.3,3.34,0.7771459614569709,0.6293203910498374,21.8,40,760.0,3.63,0.3255681544571567,0.9455185755993168,18.9,52,726.0,4.9,-0.034899496702500823,0.9993908270190958,29.2,44,702.0,0.75,0.9205048534524403,-0.39073112848927377,7.199999999999999,open-meteo,2026-08-08T10:04:01+00:00
2026-07-19 11:00:00+00:00,FR,solar,32.2,27,825.8,4.25,0.754709580222772,0.6560590289905073,23.1,37,839.0,4.0,-0.37460659341591235,0.9271838545667873,20.5,41,766.0,3.9,0.01745240643728351,0.9998476951563913,31.2,36,799.0,2.07,0.9961946980917455,-0.08715574274765824,8.750000000000004,open-meteo,2026-08-08T10:04:01+00:00
2026-07-19 12:00:00+00:00,FR,solar,33.0,24,875.6,4.55,0.838670567945424,0.5446390350150271,23.0,33,863.0,7.04,-0.35836794954530077,0.9335804264972015,21.5,38,885.0,3.9,-0.08715574274765832,0.9961946980917455,32.5,33,875.0,2.89,0.9135454576426009,0.4067366430758002,9.5,open-meteo,2026-08-08T10:04:01+00:00
2026-07-19 13:00:00+00:00,FR,solar,33.8,24,882.3,3.94,0.4067366430758002,0.9135454576426009,23.8,33,875.0,4.8,-0.3420201433256686,0.9396926207859084,21.5,42,880.0,3.7,0.0,1.0,33.1,31,888.0,2.67,0.9902680687415704,0.13917310096006547,10.049999999999997,open-meteo,2026-08-08T10:04:01+00:00
2026-07-19 14:00:00+00:00,FR,solar,34.1,22,845.5,5.01,0.43837114678907746,0.898794046299167,24.0,32,824.0,5.14,-0.3090169943749477,0.9510565162951535,22.7,36,788.0,4.2,0.10452846326765347,0.9945218953682733,33.5,29,832.0,5.7,0.8910065241883679,0.45399049973954686,10.575,open-meteo,2026-08-08T10:04:01+00:00
2026-07-19 15:00:00+00:00,FR,solar,34.1,23,767.4,5.69,0.5591929034707469,0.8290375725550417,24.3,32,719.0,4.6,-2.4492935982947064e-16,1.0,22.3,37,704.0,4.4,-0.10452846326765342,0.9945218953682733,33.8,29,761.0,1.98,0.9396926207859084,-0.3420201433256687,10.625,open-meteo,2026-08-08T10:04:01+00:00
2026-07-19 16:00:00+00:00,FR,solar,33.9,23,650.3,6.33,0.6293203910498374,0.7771459614569709,23.7,31,567.0,4.6,-2.4492935982947064e-16,1.0,21.6,38,544.0,5.3,0.052335956242943835,0.9986295347545738,33.5,30,616.0,1.96,0.9986295347545738,0.052335956242943966,10.174999999999997,open-meteo,2026-08-08T10:04:01+00:00
2026-07-19 17:00:00+00:00,FR,solar,33.5,24,486.9,7.39,0.49999999999999994,0.8660254037844387,23.2,32,399.0,4.42,-0.06975647374412564,0.9975640502598242,21.7,37,411.0,5.8,0.20791169081775934,0.9781476007338057,33.1,31,443.0,1.88,-0.15643446504023073,-0.9876883405951378,9.875,open-meteo,2026-08-08T10:04:01+00:00
2026-07-19 18:00:00+00:00,FR,solar,32.3,24,309.6,7.83,0.4694715627858908,0.882947592858927,22.4,34,222.0,4.83,-0.10452846326765342,0.9945218953682733,20.9,38,267.0,6.6,0.13917310096006544,0.9902680687415704,32.3,32,260.0,2.67,0.9902680687415704,0.13917310096006547,8.974999999999998,open-meteo,2026-08-08T10:04:01+00:00
2026-07-19 19:00:00+00:00,FR,solar,30.8,27,137.3,8.19,0.42261826174069944,0.9063077870366499,21.1,37,81.0,5.61,-0.3255681544571567,0.9455185755993168,19.0,46,119.0,6.8,0.1908089953765448,0.981627183447664,30.5,38,106.0,2.59,0.981627183447664,0.19080899537654492,7.350000000000001,open-meteo,2026-08-08T10:04:01+00:00
2026-07-19 20:00:00+00:00,FR,solar,29.3,30,17.0,8.5,0.4539904997395468,0.8910065241883679,19.2,42,6.0,4.32,-0.06975647374412564,0.9975640502598242,18.0,48,15.0,7.7,0.17364817766693033,0.984807753012208,27.8,46,10.0,3.2,0.9205048534524404,0.3907311284892737,5.574999999999999,open-meteo,2026-08-08T10:04:01+00:00
2026-07-19 21:00:00+00:00,FR,solar,28.1,32,0.0,8.71,0.5299192642332049,0.848048096156426,16.8,52,0.0,4.52,0.0697564737441253,0.9975640502598242,16.8,53,0.0,7.3,0.0697564737441253,0.9975640502598242,26.5,37,0.0,7.86,0.39073112848927377,0.9205048534524404,4.050000000000001,open-meteo,2026-08-08T10:04:01+00:00
2026-07-19 22:00:00+00:00,FR,solar,26.9,33,0.0,8.75,0.5150380749100542,0.8571673007021123,16.6,53,0.0,6.89,0.25881904510252074,0.9659258262890683,15.5,60,0.0,6.5,0.08715574274765817,0.9961946980917455,24.5,45,0.0,8.78,0.5446390350150271,0.838670567945424,2.875,open-meteo,2026-08-08T10:04:01+00:00
2026-07-19 23:00:00+00:00,FR,solar,25.8,34,0.0,8.47,0.49999999999999994,0.8660254037844387,16.1,57,0.0,8.03,0.3420201433256687,0.9396926207859084,14.5,61,0.0,6.5,0.17364817766693033,0.984807753012208,23.8,48,0.0,10.92,0.5591929034707469,0.8290375725550417,2.0500000000000007,open-meteo,2026-08-08T10:04:01+00:00
2026-07-20 00:00:00+00:00,FR,solar,24.7,36,0.0,6.93,0.5446390350150271,0.838670567945424,15.3,60,0.0,8.41,0.43837114678907746,0.898794046299167,13.5,67,0.0,6.8,0.13917310096006544,0.9902680687415704,23.3,51,0.0,10.37,0.6018150231520483,0.7986355100472928,1.1999999999999993,open-meteo,2026-08-08T10:04:01+00:00
2026-07-20 01:00:00+00:00,FR,solar,23.6,38,0.0,6.32,0.573576436351046,0.8191520442889918,14.8,60,0.0,6.54,0.4067366430758002,0.9135454576426009,12.3,72,0.0,6.9,0.27563735581699916,0.9612616959383189,22.3,55,0.0,9.94,0.6560590289905073,0.754709580222772,0.25,open-meteo,2026-08-08T10:04:01+00:00
2026-07-20 02:00:00+00:00,FR,solar,22.5,40,0.0,6.16,0.5877852522924731,0.8090169943749475,13.8,65,0.0,6.4,0.4539904997395468,0.8910065241883679,11.8,73,0.0,6.9,0.3255681544571567,0.9455185755993168,21.6,57,0.0,9.63,0.7193398003386511,0.6946583704589973,0.5750000000000028,open-meteo,2026-08-08T10:04:01+00:00
2026-07-20 03:00:00+00:00,FR,solar,21.7,41,0.0,6.38,0.573576436351046,0.8191520442889918,12.8,69,0.0,7.62,0.43837114678907746,0.898794046299167,11.2,80,0.0,7.0,0.29237170472273677,0.9563047559630354,21.4,57,0.0,7.43,0.8090169943749475,0.5877852522924731,1.2250000000000014,open-meteo,2026-08-08T10:04:01+00:00
2026-07-20 04:00:00+00:00,FR,solar,21.2,43,0.0,7.03,0.49999999999999994,0.8660254037844387,12.2,71,0.0,6.36,0.48480962024633706,0.8746197071393957,10.3,85,0.0,7.9,0.374606593415912,0.9271838545667874,20.5,60,0.0,5.96,0.8090169943749475,0.5877852522924731,1.9499999999999993,open-meteo,2026-08-08T10:04:01+00:00
2026-07-20 05:00:00+00:00,FR,solar,20.4,45,3.1,6.55,0.5591929034707469,0.8290375725550417,12.3,71,41.0,7.02,0.49999999999999994,0.8660254037844387,10.5,83,35.0,7.9,0.49999999999999994,0.8660254037844387,20.1,61,4.0,5.78,0.7771459614569709,0.6293203910498374,2.174999999999999,open-meteo,2026-08-08T10:04:01+00:00
2026-07-20 06:00:00+00:00,FR,solar,20.7,44,85.6,5.9,0.6293203910498374,0.7771459614569709,13.7,65,165.0,5.57,0.4694715627858908,0.882947592858927,12.8,76,161.0,5.8,0.5591929034707469,0.8290375725550417,21.0,57,81.0,5.62,0.754709580222772,0.6560590289905073,0.9499999999999993,open-meteo,2026-08-08T10:04:01+00:00
2026-07-20 07:00:00+00:00,FR,solar,21.9,42,247.7,6.37,0.6691306063588582,0.7431448254773942,15.5,59,335.0,5.31,0.6156614753256583,0.7880107536067219,15.1,66,316.0,3.8,0.7431448254773942,0.6691306063588582,23.0,51,213.0,4.79,0.754709580222772,0.6560590289905073,0.875,open-meteo,2026-08-08T10:04:01+00:00
2026-07-20 08:00:00+00:00,FR,solar,23.4,40,423.6,6.33,0.5150380749100542,0.8571673007021123,17.3,53,505.0,5.19,0.5877852522924731,0.8090169943749475,16.2,61,469.0,4.7,0.29237170472273677,0.9563047559630354,25.7,44,368.0,3.12,0.6946583704589973,0.7193398003386512,2.650000000000002,open-meteo,2026-08-08T10:04:01+00:00
2026-07-20 09:00:00+00:00,FR,solar,25.2,37,594.9,5.19,0.5591929034707469,0.8290375725550417,19.2,47,662.0,4.21,0.5877852522924731,0.8090169943749475,17.8,50,613.0,4.9,0.374606593415912,0.9271838545667874,28.5,38,557.0,3.49,0.788010753606722,0.6156614753256583,4.675000000000001,open-meteo,2026-08-08T10:04:01+00:00
2026-07-20 10:00:00+00:00,FR,solar,27.0,33,708.9,5.86,0.4539904997395468,0.8910065241883679,20.7,43,786.0,3.94,0.4539904997395468,0.8910065241883679,19.1,47,709.0,5.6,0.27563735581699916,0.9612616959383189,31.0,29,719.0,3.65,0.8571673007021123,0.5150380749100542,6.450000000000003,open-meteo,2026-08-08T10:04:01+00:00
2026-07-20 11:00:00+00:00,FR,solar,28.4,31,712.2,6.35,0.43837114678907746,0.898794046299167,22.0,39,870.0,4.09,0.29237170472273677,0.9563047559630354,20.1,42,764.0,6.4,0.20791169081775934,0.9781476007338057,32.6,25,817.0,3.73,0.8660254037844386,0.5000000000000001,7.774999999999999,open-meteo,2026-08-08T10:04:01+00:00
2026-07-20 12:00:00+00:00,FR,solar,29.8,28,778.5,5.49,0.5446390350150271,0.838670567945424,22.5,36,906.0,3.92,0.224951054343865,0.9743700647852352,20.5,41,784.0,5.6,0.20791169081775934,0.9781476007338057,33.4,26,877.0,3.82,0.8746197071393957,0.4848096202463371,8.549999999999997,open-meteo,2026-08-08T10:04:01+00:00
2026-07-20 13:00:00+00:00,FR,solar,31.3,23,881.2,5.4,0.6293203910498374,0.7771459614569709,23.2,33,891.0,4.59,0.27563735581699916,0.9612616959383189,21.0,39,675.0,6.3,0.27563735581699916,0.9612616959383189,34.2,26,903.0,3.73,0.8660254037844386,0.5000000000000001,9.425,open-meteo,2026-08-08T10:04:01+00:00
2026-07-20 14:00:00+00:00,FR,solar,32.4,20,763.1,5.25,0.6427876096865393,0.766044443118978,23.4,33,825.0,5.53,0.49999999999999994,0.8660254037844387,21.4,37,759.0,7.0,0.24192189559966773,0.9702957262759965,34.7,25,865.0,3.35,0.788010753606722,0.6156614753256583,9.974999999999998,open-meteo,2026-08-08T10:04:01+00:00
2026-07-20 15:00:00+00:00,FR,solar,32.5,19,520.1,5.76,0.6293203910498374,0.7771459614569709,23.2,33,716.0,5.4,0.374606593415912,0.9271838545667874,21.8,37,692.0,6.9,0.24192189559966773,0.9702957262759965,34.3,27,775.0,3.89,0.8290375725550417,0.5591929034707468,9.95,open-meteo,2026-08-08T10:04:01+00:00
2026-07-20 16:00:00+00:00,FR,solar,32.9,18,637.3,5.1,0.4694715627858908,0.882947592858927,23.0,32,574.0,6.14,0.29237170472273677,0.9563047559630354,21.6,37,566.0,6.0,0.25881904510252074,0.9659258262890683,34.1,26,640.0,3.88,0.7313537016191705,0.6819983600624985,9.899999999999999,open-meteo,2026-08-08T10:04:01+00:00
2026-07-20 17:00:00+00:00,FR,solar,32.9,18,465.1,6.05,0.374606593415912,0.9271838545667874,22.1,36,381.0,4.69,0.43837114678907746,0.898794046299167,20.9,39,435.0,5.5,0.29237170472273677,0.9563047559630354,33.3,25,468.0,4.08,0.4539904997395468,0.8910065241883679,9.3,open-meteo,2026-08-08T10:04:01+00:00
2026-07-20 18:00:00+00:00,FR,solar,31.8,18,307.3,7.01,0.24192189559966773,0.9702957262759965,21.6,32,233.0,5.57,0.4067366430758002,0.9135454576426009,20.6,38,268.0,6.0,0.27563735581699916,0.9612616959383189,31.9,26,266.0,5.3,0.3255681544571567,0.9455185755993168,8.475000000000001,open-meteo,2026-08-08T10:04:01+00:00
2026-07-20 19:00:00+00:00,FR,solar,30.3,21,135.8,7.35,0.25881904510252074,0.9659258262890683,20.3,36,86.0,6.14,0.42261826174069944,0.9063077870366499,18.9,47,114.0,7.0,0.052335956242943835,0.9986295347545738,29.7,29,123.0,6.3,0.25881904510252074,0.9659258262890683,6.800000000000001,open-meteo,2026-08-08T10:04:01+00:00
2026-07-20 20:00:00+00:00,FR,solar,28.8,23,16.2,7.46,0.3090169943749474,0.9510565162951535,18.3,43,6.0,7.53,0.573576436351046,0.8191520442889918,17.6,48,14.0,7.4,0.08715574274765817,0.9961946980917455,27.3,32,12.0,6.18,0.25881904510252074,0.9659258262890683,5.0,open-meteo,2026-08-08T10:04:01+00:00
2026-07-20 21:00:00+00:00,FR,solar,27.6,25,0.0,7.82,0.27563735581699916,0.9612616959383189,17.4,45,0.0,7.69,0.5591929034707469,0.8290375725550417,16.9,53,0.0,8.1,0.15643446504023087,0.9876883405951378,25.9,35,0.0,9.75,0.10452846326765347,0.9945218953682733,3.9499999999999993,open-meteo,2026-08-08T10:04:01+00:00
2026-07-20 22:00:00+00:00,FR,solar,26.1,28,0.0,8.32,0.3420201433256687,0.9396926207859084,16.3,51,0.0,8.25,0.6819983600624985,0.7313537016191705,15.7,58,0.0,8.3,0.27563735581699916,0.9612616959383189,24.9,36,0.0,11.29,0.27563735581699916,0.9612616959383189,2.75,open-meteo,2026-08-08T10:04:01+00:00
2026-07-20 23:00:00+00:00,FR,solar,25.0,29,0.0,7.37,0.3090169943749474,0.9510565162951535,15.4,56,0.0,8.31,0.6946583704589973,0.7193398003386512,15.2,59,0.0,8.5,0.27563735581699916,0.9612616959383189,24.1,38,0.0,10.97,0.3420201433256687,0.9396926207859084,1.9249999999999972,open-meteo,2026-08-08T10:04:01+00:00
2026-07-21 00:00:00+00:00,FR,solar,24.0,31,0.0,8.06,0.39073112848927377,0.9205048534524404,14.1,63,0.0,8.04,0.6819983600624985,0.7313537016191705,14.4,63,0.0,7.5,0.13917310096006544,0.9902680687415704,23.5,39,0.0,8.92,0.29237170472273677,0.9563047559630354,1.0,open-meteo,2026-08-08T10:04:01+00:00
2026-07-21 01:00:00+00:00,FR,solar,22.7,33,0.0,7.98,0.374606593415912,0.9271838545667874,13.4,67,0.0,6.06,0.6293203910498374,0.7771459614569709,13.2,72,0.0,6.9,0.24192189559966773,0.9702957262759965,22.2,44,0.0,4.98,0.17364817766693033,0.984807753012208,0.125,open-meteo,2026-08-08T10:04:01+00:00
2026-07-21 02:00:00+00:00,FR,solar,21.7,36,0.0,7.6,0.4539904997395468,0.8910065241883679,12.6,71,0.0,6.07,0.5150380749100542,0.8571673007021123,12.8,75,0.0,6.0,0.4694715627858908,0.882947592858927,20.4,52,0.0,3.16,0.12186934340514748,0.992546151641322,1.125,open-meteo,2026-08-08T10:04:01+00:00
2026-07-21 03:00:00+00:00,FR,solar,20.9,37,0.0,6.18,0.48480962024633706,0.8746197071393957,12.2,72,0.0,6.63,0.5591929034707469,0.8290375725550417,11.8,78,0.0,6.2,0.3420201433256687,0.9396926207859084,19.4,52,0.0,2.86,0.10452846326765347,0.9945218953682733,1.9250000000000043,open-meteo,2026-08-08T10:04:01+00:00
2026-07-21 04:00:00+00:00,FR,solar,20.2,37,0.0,6.43,0.35836794954530027,0.9335804264972017,11.8,75,0.0,6.98,0.5591929034707469,0.8290375725550417,10.8,87,0.0,6.4,0.3255681544571567,0.9455185755993168,18.3,52,0.0,4.13,0.0697564737441253,0.9975640502598242,2.7250000000000014,open-meteo,2026-08-08T10:04:01+00:00
2026-07-21 05:00:00+00:00,FR,solar,19.3,41,2.3,6.26,0.3420201433256687,0.9396926207859084,12.1,75,37.0,7.9,0.6018150231520483,0.7986355100472928,10.9,85,33.0,5.3,0.24192189559966773,0.9702957262759965,17.6,55,4.0,4.02,-0.05233595624294437,0.9986295347545738,3.0250000000000004,open-meteo,2026-08-08T10:04:01+00:00
2026-07-21 06:00:00+00:00,FR,solar,19.5,43,85.8,5.85,0.3420201433256687,0.9396926207859084,13.9,68,160.0,5.51,0.6293203910498374,0.7771459614569709,12.5,77,155.0,4.1,0.29237170472273677,0.9563047559630354,18.7,51,86.0,4.56,-0.15643446504023112,0.9876883405951377,1.8500000000000014,open-meteo,2026-08-08T10:04:01+00:00
2026-07-21 07:00:00+00:00,FR,solar,20.7,41,250.8,6.76,0.4067366430758002,0.9135454576426009,16.1,61,331.0,5.28,0.6427876096865393,0.766044443118978,14.9,70,313.0,3.2,0.42261826174069944,0.9063077870366499,20.6,46,248.0,2.51,-0.35836794954530077,0.9335804264972015,0.07499999999999929,open-meteo,2026-08-08T10:04:01+00:00
2026-07-21 08:00:00+00:00,FR,solar,22.1,39,433.6,6.31,0.48480962024633706,0.8746197071393957,18.6,52,501.0,5.41,0.7431448254773942,0.6691306063588582,17.3,59,479.0,3.6,0.224951054343865,0.9743700647852352,23.3,40,431.0,2.02,-0.3907311284892739,0.9205048534524403,2.3249999999999993,open-meteo,2026-08-08T10:04:01+00:00
2026-07-21 09:00:00+00:00,FR,solar,24.0,35,607.3,6.14,0.27563735581699916,0.9612616959383189,20.8,44,655.0,5.21,0.6560590289905073,0.754709580222772,19.3,52,632.0,3.5,0.224951054343865,0.9743700647852352,26.0,35,604.0,1.98,-0.8386705679454243,0.5446390350150266,4.524999999999999,open-meteo,2026-08-08T10:04:01+00:00
2026-07-21 10:00:00+00:00,FR,solar,25.9,32,733.6,5.95,0.42261826174069944,0.9063077870366499,22.2,37,779.0,5.39,0.6018150231520483,0.7986355100472928,20.6,45,757.0,5.0,0.17364817766693033,0.984807753012208,28.5,31,751.0,2.31,-0.8090169943749476,0.5877852522924729,6.299999999999997,open-meteo,2026-08-08T10:04:01+00:00
2026-07-21 11:00:00+00:00,FR,solar,27.9,28,823.3,6.5,0.5150380749100542,0.8571673007021123,23.4,33,856.0,5.85,0.5150380749100542,0.8571673007021123,21.6,40,843.0,5.0,0.10452846326765347,0.9945218953682733,30.8,27,859.0,2.63,-0.7071067811865477,0.7071067811865474,7.925000000000001,open-meteo,2026-08-08T10:04:01+00:00
2026-07-21 12:00:00+00:00,FR,solar,29.8,24,873.3,6.44,0.5877852522924731,0.8090169943749475,24.1,29,893.0,5.11,0.5877852522924731,0.8090169943749475,22.4,35,891.0,3.6,-0.1736481776669304,0.984807753012208,32.5,22,918.0,2.81,-0.4848096202463369,0.8746197071393959,9.200000000000003,open-meteo,2026-08-08T10:04:01+00:00
2026-07-21 13:00:00+00:00,FR,solar,31.2,20,880.0,6.13,0.5591929034707469,0.8290375725550417,24.8,31,838.0,5.07,0.17364817766693033,0.984807753012208,22.7,34,884.0,5.5,0.08715574274765817,0.9961946980917455,33.6,20,929.0,3.42,-0.22495105434386534,0.9743700647852351,10.075000000000003,open-meteo,2026-08-08T10:04:01+00:00
2026-07-21 14:00:00+00:00,FR,solar,32.1,18,843.2,6.95,0.49999999999999994,0.8660254037844387,24.8,27,814.0,5.24,0.13917310096006544,0.9902680687415704,23.1,32,825.0,5.7,0.052335956242943835,0.9986295347545738,33.8,20,883.0,4.44,0.24192189559966773,0.9702957262759965,10.45,open-meteo,2026-08-08T10:04:01+00:00
2026-07-21 15:00:00+00:00,FR,solar,32.6,16,764.9,7.26,0.6156614753256583,0.7880107536067219,25.2,23,715.0,4.96,0.6156614753256583,0.7880107536067219,23.4,28,726.0,6.2,0.12186934340514748,0.992546151641322,33.5,19,788.0,4.5,0.1908089953765448,0.981627183447664,10.674999999999997,open-meteo,2026-08-08T10:04:01+00:00
2026-07-21 16:00:00+00:00,FR,solar,32.5,16,650.7,8.03,0.5150380749100542,0.8571673007021123,24.6,27,569.0,5.45,0.3090169943749474,0.9510565162951535,22.8,33,594.0,6.0,0.12186934340514748,0.992546151641322,33.1,19,652.0,4.35,0.24192189559966773,0.9702957262759965,10.25,open-meteo,2026-08-08T10:04:01+00:00
2026-07-21 17:00:00+00:00,FR,solar,32.1,15,500.8,7.8,0.6560590289905073,0.754709580222772,24.2,27,414.0,5.71,0.374606593415912,0.9271838545667874,22.6,34,433.0,5.7,0.25881904510252074,0.9659258262890683,32.3,20,483.0,3.83,0.052335956242943835,0.9986295347545738,9.8,open-meteo,2026-08-08T10:04:01+00:00
2026-07-21 18:00:00+00:00,FR,solar,31.2,16,318.1,8.16,0.5877852522924731,0.8090169943749475,23.6,28,241.0,3.99,0.8829475928589269,0.46947156278589086,22.1,35,269.0,6.1,0.224951054343865,0.9743700647852352,31.0,19,300.0,4.87,0.42261826174069944,0.9063077870366499,8.975000000000001,open-meteo,2026-08-08T10:04:01+00:00
2026-07-21 19:00:00+00:00,FR,solar,29.7,19,140.4,6.86,0.6018150231520483,0.7986355100472928,22.2,30,88.0,4.97,0.374606593415912,0.9271838545667874,20.1,46,115.0,5.8,0.3255681544571567,0.9455185755993168,28.8,20,124.0,6.0,0.43837114678907746,0.898794046299167,7.199999999999999,open-meteo,2026-08-08T10:04:01+00:00
2026-07-21 20:00:00+00:00,FR,solar,28.0,21,16.2,7.68,0.573576436351046,0.8191520442889918,19.2,42,5.0,2.81,0.20791169081775934,0.9781476007338057,18.5,48,13.0,5.9,0.374606593415912,0.9271838545667874,25.9,23,12.0,7.5,0.48480962024633706,0.8746197071393957,4.899999999999999,open-meteo,2026-08-08T10:04:01+00:00
2026-07-21 21:00:00+00:00,FR,solar,26.8,23,0.0,6.98,0.48480962024633706,0.8746197071393957,16.4,55,0.0,2.36,0.08715574274765817,0.9961946980917455,17.7,51,0.0,8.4,0.052335956242943835,0.9986295347545738,24.2,29,0.0,9.64,0.4694715627858908,0.882947592858927,3.275000000000002,open-meteo,2026-08-08T10:04:01+00:00
2026-07-21 22:00:00+00:00,FR,solar,25.1,28,0.0,7.22,0.5150380749100542,0.8571673007021123,14.8,61,0.0,4.57,0.17364817766693033,0.984807753012208,16.9,69,0.0,8.2,-0.01745240643728356,0.9998476951563913,22.8,33,0.0,9.92,0.573576436351046,0.8191520442889918,1.9000000000000021,open-meteo,2026-08-08T10:04:01+00:00
2026-07-21 23:00:00+00:00,FR,solar,24.1,30,0.0,7.27,0.5591929034707469,0.8290375725550417,15.3,54,0.0,6.61,0.5299192642332049,0.848048096156426,16.0,70,0.0,7.8,-0.01745240643728356,0.9998476951563913,21.8,35,0.0,10.31,0.5877852522924731,0.8090169943749475,1.3000000000000007,open-meteo,2026-08-08T10:04:01+00:00
2026-07-22 00:00:00+00:00,FR,solar,23.0,33,0.0,6.96,0.573576436351046,0.8191520442889918,14.8,57,0.0,6.15,0.5150380749100542,0.8571673007021123,15.2,77,0.0,6.5,0.13917310096006544,0.9902680687415704,21.1,37,0.0,7.96,0.6156614753256583,0.7880107536067219,0.5249999999999986,open-meteo,2026-08-08T10:04:01+00:00
2026-07-22 01:00:00+00:00,FR,solar,21.4,36,0.0,6.34,0.6156614753256583,0.7880107536067219,14.7,55,0.0,5.82,0.5446390350150271,0.838670567945424,14.1,82,0.0,6.1,0.10452846326765347,0.9945218953682733,19.4,42,0.0,6.45,0.6691306063588582,0.7431448254773942,0.6000000000000014,open-meteo,2026-08-08T10:04:01+00:00
2026-07-22 02:00:00+00:00,FR,solar,20.3,39,0.0,5.66,0.6691306063588582,0.7431448254773942,13.3,60,0.0,4.21,0.4694715627858908,0.882947592858927,13.3,90,0.0,6.4,0.24192189559966773,0.9702957262759965,18.3,45,0.0,5.47,0.6946583704589973,0.7193398003386512,1.6999999999999993,open-meteo,2026-08-08T10:04:01+00:00
2026-07-22 03:00:00+00:00,FR,solar,19.4,42,0.0,4.64,0.6018150231520483,0.7986355100472928,11.7,70,0.0,4.57,0.573576436351046,0.8191520442889918,12.7,90,0.0,6.4,0.03489949670250097,0.9993908270190958,17.4,49,0.0,5.89,0.7193398003386511,0.6946583704589973,2.700000000000001,open-meteo,2026-08-08T10:04:01+00:00
2026-07-22 04:00:00+00:00,FR,solar,18.8,44,0.0,5.97,0.5150380749100542,0.8571673007021123,11.2,73,0.0,4.16,0.5591929034707469,0.8290375725550417,11.9,95,0.0,6.5,0.13917310096006544,0.9902680687415704,16.5,52,0.0,5.41,0.7193398003386511,0.6946583704589973,3.4000000000000004,open-meteo,2026-08-08T10:04:01+00:00
2026-07-22 05:00:00+00:00,FR,solar,18.0,48,2.3,5.26,0.6293203910498374,0.7771459614569709,10.8,79,37.0,3.43,0.5150380749100542,0.8571673007021123,12.2,96,30.0,6.2,0.12186934340514748,0.992546151641322,15.6,57,4.0,5.01,0.766044443118978,0.6427876096865394,3.8499999999999996,open-meteo,2026-08-08T10:04:01+00:00
2026-07-22 06:00:00+00:00,FR,solar,18.9,45,85.8,4.76,0.6293203910498374,0.7771459614569709,14.1,69,163.0,3.07,0.374606593415912,0.9271838545667874,13.8,87,149.0,5.0,0.0697564737441253,0.9975640502598242,16.3,63,86.0,3.65,0.8571673007021123,0.5150380749100542,2.2250000000000014,open-meteo,2026-08-08T10:04:01+00:00
2026-07-22 07:00:00+00:00,FR,solar,21.0,39,254.1,5.5,0.7986355100472928,0.6018150231520483,18.1,50,328.0,2.05,0.29237170472273677,0.9563047559630354,15.5,81,307.0,4.2,0.10452846326765347,0.9945218953682733,19.9,49,251.0,3.2,0.9205048534524404,0.3907311284892737,0.625,open-meteo,2026-08-08T10:04:01+00:00
2026-07-22 08:00:00+00:00,FR,solar,23.4,34,439.0,5.51,0.8746197071393957,0.4848096202463371,20.4,44,499.0,2.37,0.4067366430758002,0.9135454576426009,17.7,67,469.0,4.2,0.17364817766693033,0.984807753012208,22.6,43,434.0,2.63,0.8910065241883679,0.45399049973954686,3.0249999999999986,open-meteo,2026-08-08T10:04:01+00:00
2026-07-22 09:00:00+00:00,FR,solar,25.6,30,608.2,5.34,0.788010753606722,0.6156614753256583,22.6,37,653.0,1.97,0.10452846326765347,0.9945218953682733,19.0,59,616.0,4.3,0.0697564737441253,0.9975640502598242,25.5,38,608.0,2.46,0.9205048534524404,0.3907311284892737,5.175000000000001,open-meteo,2026-08-08T10:04:01+00:00
2026-07-22 10:00:00+00:00,FR,solar,27.7,26,732.1,5.94,0.838670567945424,0.5446390350150271,24.2,35,773.0,3.02,-0.5877852522924734,0.8090169943749473,19.7,58,679.0,4.7,-0.01745240643728356,0.9998476951563913,28.1,31,752.0,2.41,0.8910065241883679,0.45399049973954686,6.924999999999997,open-meteo,2026-08-08T10:04:01+00:00
2026-07-22 11:00:00+00:00,FR,solar,29.6,22,821.8,6.26,0.8746197071393957,0.4848096202463371,25.3,31,849.0,3.24,-0.4848096202463369,0.8746197071393959,19.4,60,684.0,5.8,-0.08715574274765832,0.9961946980917455,30.3,27,859.0,2.07,0.8571673007021123,0.5150380749100542,8.150000000000002,open-meteo,2026-08-08T10:04:01+00:00
2026-07-22 12:00:00+00:00,FR,solar,31.0,20,871.9,5.8,0.848048096156426,0.5299192642332049,25.6,32,869.0,3.69,-0.6427876096865396,0.7660444431189778,21.3,50,740.0,4.8,-0.06975647374412564,0.9975640502598242,32.0,23,919.0,1.77,0.8290375725550417,0.5591929034707468,9.475000000000001,open-meteo,2026-08-08T10:04:01+00:00
2026-07-22 13:00:00+00:00,FR,solar,32.4,17,878.9,5.47,0.6427876096865393,0.766044443118978,26.5,32,832.0,4.1,-0.7660444431189781,0.6427876096865393,20.9,52,785.0,5.4,0.052335956242943835,0.9986295347545738,33.3,21,927.0,2.12,0.8290375725550417,0.5591929034707468,10.274999999999999,open-meteo,2026-08-08T10:04:01+00:00
2026-07-22 14:00:00+00:00,FR,solar,33.4,15,841.8,5.66,0.7193398003386511,0.6946583704589973,26.7,32,746.0,4.99,-0.6819983600624984,0.7313537016191707,21.9,45,761.0,5.3,0.15643446504023087,0.9876883405951378,34.2,20,880.0,2.67,0.8829475928589269,0.46947156278589086,11.05,open-meteo,2026-08-08T10:04:01+00:00
2026-07-22 15:00:00+00:00,FR,solar,34.0,13,763.5,5.1,0.573576436351046,0.8191520442889918,25.7,36,646.0,6.45,-0.40673664307580015,0.9135454576426009,22.5,41,645.0,5.9,0.13917310096006544,0.9902680687415704,34.6,18,785.0,2.98,0.8910065241883679,0.45399049973954686,11.200000000000003,open-meteo,2026-08-08T10:04:01+00:00
2026-07-22 16:00:00+00:00,FR,solar,34.0,12,649.3,4.83,0.5591929034707469,0.8290375725550417,25.0,39,546.0,6.72,-0.5150380749100545,0.8571673007021121,21.6,47,549.0,6.3,0.1908089953765448,0.981627183447664,34.4,17,650.0,3.08,0.7986355100472928,0.6018150231520483,10.75,open-meteo,2026-08-08T10:04:01+00:00
2026-07-22 17:00:00+00:00,FR,solar,33.7,12,487.7,5.13,0.5446390350150271,0.838670567945424,23.7,40,352.0,6.71,-0.4226182617406992,0.90630778703665,21.7,44,293.0,7.5,0.1908089953765448,0.981627183447664,33.6,18,479.0,2.77,0.848048096156426,0.5299192642332049,10.175000000000004,open-meteo,2026-08-08T10:04:01+00:00
2026-07-22 18:00:00+00:00,FR,solar,33.1,13,298.0,4.79,0.48480962024633706,0.8746197071393957,22.5,37,166.0,6.91,-0.3090169943749477,0.9510565162951535,20.6,46,196.0,8.1,0.13917310096006544,0.9902680687415704,32.4,18,289.0,3.18,0.8290375725550417,0.5591929034707468,9.149999999999999,open-meteo,2026-08-08T10:04:01+00:00
2026-07-22 19:00:00+00:00,FR,solar,31.5,16,123.5,5.96,0.39073112848927377,0.9205048534524404,20.9,45,73.0,7.46,-0.1736481776669304,0.984807753012208,19.2,55,58.0,6.4,0.12186934340514748,0.992546151641322,29.5,23,102.0,3.94,0.8910065241883679,0.45399049973954686,7.274999999999999,open-meteo,2026-08-08T10:04:01+00:00
2026-07-22 20:00:00+00:00,FR,solar,29.8,19,11.6,6.89,0.43837114678907746,0.898794046299167,19.5,52,4.0,7.76,-0.1736481776669304,0.984807753012208,18.3,58,7.0,6.3,0.03489949670250097,0.9993908270190958,26.1,26,10.0,4.1,0.838670567945424,0.5446390350150271,5.424999999999997,open-meteo,2026-08-08T10:04:01+00:00
2026-07-22 21:00:00+00:00,FR,solar,28.5,20,0.0,6.8,0.4694715627858908,0.882947592858927,18.5,55,0.0,6.47,-0.034899496702500823,0.9993908270190958,17.0,65,0.0,6.2,0.15643446504023087,0.9876883405951378,24.8,30,0.0,3.19,0.6819983600624985,0.7313537016191705,4.199999999999999,open-meteo,2026-08-08T10:04:01+00:00
2026-07-22 22:00:00+00:00,FR,solar,26.9,26,0.0,7.08,0.5150380749100542,0.8571673007021123,17.4,57,0.0,6.38,-0.06975647374412564,0.9975640502598242,15.4,73,0.0,6.9,0.29237170472273677,0.9563047559630354,23.4,31,0.0,4.69,0.48480962024633706,0.8746197071393957,2.7749999999999986,open-meteo,2026-08-08T10:04:01+00:00
2026-07-22 23:00:00+00:00,FR,solar,26.0,28,0.0,7.52,0.5446390350150271,0.838670567945424,16.3,63,0.0,6.66,-2.4492935982947064e-16,1.0,15.0,77,0.0,6.8,0.42261826174069944,0.9063077870366499,23.1,32,0.0,5.66,0.39073112848927377,0.9205048534524404,2.1000000000000014,open-meteo,2026-08-08T10:04:01+00:00
2026-07-23 00:00:00+00:00,FR,solar,25.0,31,0.0,7.02,0.4694715627858908,0.882947592858927,15.9,66,0.0,5.69,-0.034899496702500823,0.9993908270190958,13.7,83,0.0,6.8,0.17364817766693033,0.984807753012208,22.4,36,0.0,7.02,0.49999999999999994,0.8660254037844387,1.25,open-meteo,2026-08-08T10:04:01+00:00
2026-07-23 01:00:00+00:00,FR,solar,23.3,37,0.0,5.92,0.49999999999999994,0.8660254037844387,14.8,71,0.0,5.29,-0.01745240643728356,0.9998476951563913,12.6,87,0.0,6.0,0.15643446504023087,0.9876883405951378,21.6,39,0.0,7.24,0.49999999999999994,0.8660254037844387,0.07500000000000284,open-meteo,2026-08-08T10:04:01+00:00
2026-07-23 02:00:00+00:00,FR,solar,22.1,41,0.0,5.51,0.48480962024633706,0.8746197071393957,14.2,75,0.0,5.99,0.1908089953765448,0.981627183447664,12.4,90,0.0,5.9,0.17364817766693033,0.984807753012208,20.2,44,0.0,5.84,0.573576436351046,0.8191520442889918,0.7750000000000021,open-meteo,2026-08-08T10:04:01+00:00
2026-07-23 03:00:00+00:00,FR,solar,21.1,44,0.0,6.22,0.6018150231520483,0.7986355100472928,13.2,80,0.0,3.26,0.27563735581699916,0.9612616959383189,11.6,96,0.0,7.4,0.10452846326765347,0.9945218953682733,18.3,54,0.0,3.88,0.7313537016191705,0.6819983600624985,1.9499999999999993,open-meteo,2026-08-08T10:04:01+00:00
2026-07-23 04:00:00+00:00,FR,solar,20.3,48,0.0,5.61,0.6427876096865393,0.766044443118978,11.6,90,0.0,3.09,0.1908089953765448,0.981627183447664,11.9,93,0.0,7.9,0.43837114678907746,0.898794046299167,17.6,55,0.0,2.43,0.766044443118978,0.6427876096865394,2.6500000000000004,open-meteo,2026-08-08T10:04:01+00:00
2026-07-23 05:00:00+00:00,FR,solar,19.5,52,2.3,6.03,0.6427876096865393,0.766044443118978,11.8,89,36.0,3.38,0.29237170472273677,0.9563047559630354,11.7,93,27.0,7.5,0.4067366430758002,0.9135454576426009,17.4,55,3.0,1.52,0.7071067811865475,0.7071067811865476,2.9000000000000004,open-meteo,2026-08-08T10:04:01+00:00
2026-07-23 06:00:00+00:00,FR,solar,20.4,50,82.8,4.8,0.5877852522924731,0.8090169943749475,14.9,71,161.0,3.41,0.3090169943749474,0.9510565162951535,14.1,78,87.0,4.3,0.6427876096865393,0.766044443118978,17.8,60,85.0,1.18,-0.9135454576426011,0.40673664307579976,1.1999999999999993,open-meteo,2026-08-08T10:04:01+00:00
2026-07-23 07:00:00+00:00,FR,solar,22.5,44,247.7,5.23,0.7071067811865475,0.7071067811865476,16.6,65,326.0,5.43,0.4694715627858908,0.882947592858927,16.2,64,306.0,4.5,0.5591929034707469,0.8290375725550417,21.6,51,250.0,2.11,-0.9271838545667874,0.37460659341591196,1.2250000000000014,open-meteo,2026-08-08T10:04:01+00:00
2026-07-23 08:00:00+00:00,FR,solar,24.5,40,430.6,4.74,0.6691306063588582,0.7431448254773942,18.1,58,454.0,4.13,0.374606593415912,0.9271838545667874,17.4,60,460.0,3.6,0.5591929034707469,0.8290375725550417,24.3,41,434.0,1.71,-0.9135454576426011,0.40673664307579976,3.0749999999999993,open-meteo,2026-08-08T10:04:01+00:00
2026-07-23 09:00:00+00:00,FR,solar,26.7,34,604.2,4.52,0.573576436351046,0.8191520442889918,19.2,53,590.0,3.75,0.3420201433256687,0.9396926207859084,18.2,57,490.0,4.1,0.35836794954530027,0.9335804264972017,27.4,35,611.0,2.37,-0.8660254037844386,0.5000000000000001,4.875,open-meteo,2026-08-08T10:04:01+00:00
2026-07-23 10:00:00+00:00,FR,solar,29.0,29,730.5,5.86,0.6018150231520483,0.7986355100472928,20.7,47,727.0,3.33,0.24192189559966773,0.9702957262759965,19.1,56,661.0,4.2,0.3420201433256687,0.9396926207859084,30.4,29,759.0,2.64,-0.8571673007021123,0.5150380749100542,6.800000000000004,open-meteo,2026-08-08T10:04:01+00:00
2026-07-23 11:00:00+00:00,FR,solar,30.8,26,820.6,5.09,0.7071067811865475,0.7071067811865476,22.0,43,816.0,3.87,0.15643446504023087,0.9876883405951378,19.9,54,725.0,4.3,-2.4492935982947064e-16,1.0,32.7,23,867.0,2.45,-0.7986355100472932,0.6018150231520479,8.349999999999998,open-meteo,2026-08-08T10:04:01+00:00
2026-07-23 12:00:00+00:00,FR,solar,32.6,22,870.9,3.92,0.6156614753256583,0.7880107536067219,22.7,41,872.0,3.06,0.12186934340514748,0.992546151641322,21.7,45,757.0,4.3,0.052335956242943835,0.9986295347545738,34.3,20,929.0,2.1,-0.6018150231520483,0.7986355100472928,9.825,open-meteo,2026-08-08T10:04:01+00:00
2026-07-23 13:00:00+00:00,FR,solar,33.7,19,877.7,4.19,0.5446390350150271,0.838670567945424,23.9,39,864.0,3.14,0.03489949670250097,0.9993908270190958,21.5,50,837.0,4.5,0.15643446504023087,0.9876883405951378,35.3,17,937.0,2.65,-0.7771459614569708,0.6293203910498375,10.599999999999998,open-meteo,2026-08-08T10:04:01+00:00
2026-07-23 14:00:00+00:00,FR,solar,34.5,18,840.3,4.14,0.3420201433256687,0.9396926207859084,24.3,38,800.0,3.77,-0.15643446504023112,0.9876883405951377,22.4,47,720.0,5.0,0.224951054343865,0.9743700647852352,36.0,16,891.0,3.34,-0.7660444431189781,0.6427876096865393,11.299999999999997,open-meteo,2026-08-08T10:04:01+00:00
2026-07-23 15:00:00+00:00,FR,solar,34.8,18,762.2,5.35,0.35836794954530027,0.9335804264972017,24.7,31,703.0,4.93,-0.12186934340514723,0.9925461516413221,22.7,45,567.0,6.4,-0.05233595624294437,0.9986295347545738,35.8,15,793.0,4.09,-0.6946583704589976,0.7193398003386509,11.5,open-meteo,2026-08-08T10:04:01+00:00
2026-07-23 16:00:00+00:00,FR,solar,34.3,17,647.6,5.83,0.374606593415912,0.9271838545667874,24.3,36,555.0,4.95,-0.13917310096006588,0.9902680687415703,21.8,51,484.0,5.9,0.0697564737441253,0.9975640502598242,35.5,15,656.0,3.86,-0.5000000000000004,0.8660254037844384,10.974999999999998,open-meteo,2026-08-08T10:04:01+00:00
2026-07-23 17:00:00+00:00,FR,solar,33.7,17,492.1,6.55,0.27563735581699916,0.9612616959383189,23.8,38,396.0,4.7,0.01745240643728351,0.9998476951563913,21.4,51,399.0,6.1,0.17364817766693033,0.984807753012208,34.7,16,485.0,3.94,-0.45399049973954697,0.8910065241883678,10.400000000000002,open-meteo,2026-08-08T10:04:01+00:00
2026-07-23 18:00:00+00:00,FR,solar,32.7,16,311.7,5.85,0.3420201433256687,0.9396926207859084,23.8,36,230.0,5.72,-0.12186934340514723,0.9925461516413221,21.0,52,187.0,6.2,0.224951054343865,0.9743700647852352,33.5,18,299.0,3.66,-0.13917310096006588,0.9902680687415703,9.75,open-meteo,2026-08-08T10:04:01+00:00
2026-07-23 19:00:00+00:00,FR,solar,31.3,18,135.0,5.24,0.4067366430758002,0.9135454576426009,22.3,41,81.0,5.28,-0.19080899537654467,0.981627183447664,19.6,62,105.0,5.1,0.20791169081775934,0.9781476007338057,30.8,24,120.0,5.42,0.224951054343865,0.9743700647852352,8.0,open-meteo,2026-08-08T10:04:01+00:00
2026-07-23 20:00:00+00:00,FR,solar,29.4,21,14.7,5.64,0.42261826174069944,0.9063077870366499,20.2,47,4.0,4.82,0.08715574274765817,0.9961946980917455,17.7,68,11.0,5.9,0.1908089953765448,0.981627183447664,27.8,28,10.0,7.9,0.39073112848927377,0.9205048534524404,5.774999999999999,open-meteo,2026-08-08T10:04:01+00:00
2026-07-23 21:00:00+00:00,FR,solar,28.2,23,0.0,7.32,0.5299192642332049,0.848048096156426,18.1,54,0.0,5.5,0.1908089953765448,0.981627183447664,16.8,71,0.0,6.6,0.3090169943749474,0.9510565162951535,25.8,31,0.0,6.7,0.35836794954530027,0.9335804264972017,4.224999999999998,open-meteo,2026-08-08T10:04:01+00:00
2026-07-23 22:00:00+00:00,FR,solar,26.8,26,0.0,6.85,0.5591929034707469,0.8290375725550417,16.7,60,0.0,4.96,0.15643446504023087,0.9876883405951378,16.2,73,0.0,7.3,0.4694715627858908,0.882947592858927,24.6,31,0.0,7.1,0.43837114678907746,0.898794046299167,3.075000000000003,open-meteo,2026-08-08T10:04:01+00:00
2026-07-23 23:00:00+00:00,FR,solar,25.5,29,0.0,7.14,0.6018150231520483,0.7986355100472928,16.0,65,0.0,4.9,0.3420201433256687,0.9396926207859084,14.8,83,0.0,7.8,0.4067366430758002,0.9135454576426009,23.8,31,0.0,7.06,0.48480962024633706,0.8746197071393957,2.0249999999999986,open-meteo,2026-08-08T10:04:01+00:00
2026-07-24 00:00:00+00:00,FR,solar,24.2,34,0.0,7.22,0.6819983600624985,0.7313537016191705,14.9,70,0.0,5.52,0.42261826174069944,0.9063077870366499,14.4,83,0.0,8.1,0.5877852522924731,0.8090169943749475,22.9,37,0.0,8.35,0.6293203910498374,0.7771459614569709,1.1000000000000014,open-meteo,2026-08-08T10:04:01+00:00
2026-07-24 01:00:00+00:00,FR,solar,22.5,41,0.0,6.4,0.7771459614569709,0.6293203910498374,14.1,75,0.0,4.59,0.27563735581699916,0.9612616959383189,13.4,86,0.0,7.6,0.6946583704589973,0.7193398003386512,21.6,42,0.0,7.63,0.7431448254773942,0.6691306063588582,0.10000000000000142,open-meteo,2026-08-08T10:04:01+00:00
2026-07-24 02:00:00+00:00,FR,solar,22.0,42,0.0,6.07,0.838670567945424,0.5446390350150271,13.3,79,0.0,5.7,0.6560590289905073,0.754709580222772,13.5,88,0.0,8.3,0.7313537016191705,0.6819983600624985,20.1,48,0.0,6.15,0.8571673007021123,0.5150380749100542,0.7749999999999986,open-meteo,2026-08-08T10:04:01+00:00
2026-07-24 03:00:00+00:00,FR,solar,21.5,44,0.0,6.41,0.8571673007021123,0.5150380749100542,12.8,83,0.0,5.21,0.754709580222772,0.6560590289905073,13.4,90,0.0,9.0,0.8910065241883679,0.45399049973954686,18.7,53,0.0,6.19,0.9205048534524404,0.3907311284892737,1.4000000000000021,open-meteo,2026-08-08T10:04:01+00:00
2026-07-24 04:00:00+00:00,FR,solar,20.8,47,0.0,6.13,0.8829475928589269,0.46947156278589086,12.5,85,0.0,3.96,0.766044443118978,0.6427876096865394,12.1,92,0.0,7.4,0.9743700647852352,0.22495105434386492,18.3,54,0.0,6.41,0.9455185755993167,0.32556815445715676,2.0749999999999993,open-meteo,2026-08-08T10:04:01+00:00
2026-07-24 05:00:00+00:00,FR,solar,20.0,51,1.5,5.82,0.8746197071393957,0.4848096202463371,12.0,88,34.0,3.15,0.8090169943749475,0.5877852522924731,12.4,93,27.0,6.5,0.9510565162951535,0.30901699437494745,17.4,57,3.0,5.61,0.9781476007338056,0.20791169081775945,2.5500000000000007,open-meteo,2026-08-08T10:04:01+00:00
2026-07-24 06:00:00+00:00,FR,solar,20.8,50,79.3,5.61,0.9271838545667874,0.37460659341591196,15.5,72,158.0,3.18,0.5591929034707469,0.8290375725550417,14.7,83,144.0,5.6,0.9659258262890683,0.25881904510252074,19.2,54,83.0,6.01,0.9781476007338056,0.20791169081775945,0.4499999999999993,open-meteo,2026-08-08T10:04:01+00:00
2026-07-24 07:00:00+00:00,FR,solar,22.5,44,232.1,5.35,0.9335804264972017,0.3583679495453004,18.0,60,322.0,2.37,0.6156614753256583,0.7880107536067219,16.3,75,294.0,3.4,0.9902680687415704,-0.13917310096006535,22.3,45,249.0,6.56,0.9702957262759965,0.24192189559966767,1.7749999999999986,open-meteo,2026-08-08T10:04:01+00:00
2026-07-24 08:00:00+00:00,FR,solar,24.6,38,423.8,4.55,0.9455185755993167,0.32556815445715676,20.4,50,489.0,3.27,0.7771459614569709,0.6293203910498374,18.5,65,446.0,2.6,0.9986295347545738,0.052335956242943966,25.2,37,433.0,4.68,0.9612616959383189,0.27563735581699916,4.175000000000001,open-meteo,2026-08-08T10:04:01+00:00
2026-07-24 09:00:00+00:00,FR,solar,27.2,32,599.5,3.98,0.9510565162951535,0.30901699437494745,23.0,42,639.0,2.89,0.8829475928589269,0.46947156278589086,20.7,55,591.0,3.4,0.8987940462991669,0.43837114678907746,27.6,34,608.0,4.54,0.9702957262759965,0.24192189559966767,6.625,open-meteo,2026-08-08T10:04:01+00:00
2026-07-24 10:00:00+00:00,FR,solar,29.9,26,728.8,4.88,0.9659258262890683,0.25881904510252074,24.7,36,750.0,1.58,0.9271838545667874,0.37460659341591196,21.8,52,689.0,3.1,0.9396926207859083,0.3420201433256688,30.6,29,756.0,4.75,0.9902680687415704,0.13917310096006547,8.75,open-meteo,2026-08-08T10:04:01+00:00
2026-07-24 11:00:00+00:00,FR,solar,31.9,22,819.3,4.4,0.9998476951563913,0.0174524064372836,26.1,33,832.0,1.82,0.5877852522924731,0.8090169943749475,23.4,47,787.0,2.6,0.5299192642332049,0.848048096156426,33.3,22,865.0,4.8,1.0,6.123233995736766e-17,10.675,open-meteo,2026-08-08T10:04:01+00:00
2026-07-24 12:00:00+00:00,FR,solar,33.7,17,869.4,4.03,0.9925461516413221,-0.12186934340514737,27.1,31,881.0,2.24,0.48480962024633706,0.8746197071393957,24.6,43,781.0,3.6,0.6819983600624985,0.7313537016191705,34.8,18,925.0,4.32,0.9986295347545738,-0.05233595624294384,12.05,open-meteo,2026-08-08T10:04:01+00:00
2026-07-24 13:00:00+00:00,FR,solar,35.0,15,876.2,2.55,0.981627183447664,-0.1908089953765448,28.0,29,869.0,2.41,0.4539904997395468,0.8910065241883679,25.2,43,820.0,3.4,0.6819983600624985,0.7313537016191705,36.2,17,927.0,3.54,0.9961946980917455,0.08715574274765814,13.100000000000001,open-meteo,2026-08-08T10:04:01+00:00
2026-07-24 14:00:00+00:00,FR,solar,35.8,15,839.1,1.12,0.45399049973954686,-0.8910065241883678,28.4,29,809.0,2.36,0.29237170472273677,0.9563047559630354,25.9,40,730.0,3.4,0.4067366430758002,0.9135454576426009,37.1,16,875.0,2.36,0.9961946980917455,0.08715574274765814,13.799999999999997,open-meteo,2026-08-08T10:04:01+00:00
2026-07-24 15:00:00+00:00,FR,solar,37.3,12,760.6,2.25,-0.35836794954530043,-0.9335804264972016,28.4,29,697.0,3.19,0.6819983600624985,0.7313537016191705,26.2,40,604.0,4.2,0.4694715627858908,0.882947592858927,37.2,17,779.0,1.24,0.9510565162951535,0.30901699437494745,14.274999999999999,open-meteo,2026-08-08T10:04:01+00:00
2026-07-24 16:00:00+00:00,FR,solar,37.4,13,646.0,2.82,-0.9945218953682734,0.10452846326765299,27.7,32,495.0,3.61,0.5446390350150271,0.838670567945424,25.5,43,465.0,4.0,0.3255681544571567,0.9455185755993168,37.4,16,641.0,0.92,-0.8480480961564262,0.5299192642332047,14.0,open-meteo,2026-08-08T10:04:01+00:00
2026-07-24 17:00:00+00:00,FR,solar,37.1,14,480.9,3.83,-0.9659258262890683,-0.25881904510252063,27.4,30,336.0,3.47,0.7313537016191705,0.6819983600624985,25.0,44,307.0,4.0,0.29237170472273677,0.9563047559630354,36.7,16,471.0,4.02,-0.9986295347545738,0.052335956242943946,13.55,open-meteo,2026-08-08T10:04:01+00:00
2026-07-24 18:00:00+00:00,FR,solar,32.6,22,300.0,7.18,-0.9743700647852351,-0.22495105434386525,26.7,25,195.0,2.02,0.7771459614569709,0.6293203910498374,24.4,48,165.0,4.2,0.4539904997395468,0.8910065241883679,30.4,41,260.0,10.05,-0.9743700647852352,0.22495105434386492,10.524999999999999,open-meteo,2026-08-08T10:04:01+00:00
2026-07-24 19:00:00+00:00,FR,solar,30.1,26,127.5,8.63,-0.9510565162951535,-0.30901699437494756,25.1,31,63.0,1.86,1.0,6.123233995736766e-17,21.9,58,85.0,5.4,0.224951054343865,0.9743700647852352,26.6,58,75.0,10.13,-0.9961946980917455,0.08715574274765789,7.924999999999997,open-meteo,2026-08-08T10:04:01+00:00
2026-07-24 20:00:00+00:00,FR,solar,26.6,49,8.5,9.12,-0.8987940462991668,-0.43837114678907774,21.8,44,3.0,3.14,1.0,6.123233995736766e-17,20.0,62,8.0,5.5,0.5299192642332049,0.848048096156426,23.6,70,4.0,9.81,-0.9993908270190958,-0.03489949670250076,5.0,open-meteo,2026-08-08T10:04:01+00:00
2026-07-24 21:00:00+00:00,FR,solar,24.7,63,0.0,9.44,-0.984807753012208,-0.17364817766693033,19.3,57,0.0,3.59,0.981627183447664,0.19080899537654492,18.7,65,0.0,5.7,0.838670567945424,0.5446390350150271,21.6,82,0.0,8.37,-0.961261695938319,-0.2756373558169989,3.075000000000003,open-meteo,2026-08-08T10:04:01+00:00
2026-07-24 22:00:00+00:00,FR,solar,21.4,87,0.0,9.77,-0.7313537016191703,-0.6819983600624986,17.6,68,0.0,3.02,0.9743700647852352,0.22495105434386492,17.5,71,0.0,5.5,0.8191520442889918,0.573576436351046,20.9,85,0.0,8.46,-0.8910065241883678,-0.45399049973954697,1.3500000000000014,open-meteo,2026-08-08T10:04:01+00:00
2026-07-24 23:00:00+00:00,FR,solar,22.1,83,0.0,5.38,-0.5735764363510462,-0.8191520442889918,16.6,73,0.0,1.81,0.9743700647852352,0.22495105434386492,16.3,77,0.0,3.7,0.9876883405951378,0.15643446504023092,20.8,88,0.0,9.46,-0.9335804264972015,-0.3583679495453007,0.9499999999999993,open-meteo,2026-08-08T10:04:01+00:00
2026-07-25 00:00:00+00:00,FR,solar,22.0,84,0.0,8.56,-0.6946583704589974,-0.7193398003386511,14.9,76,0.0,1.93,0.9135454576426009,0.4067366430758002,15.6,79,0.0,4.1,0.9743700647852352,0.22495105434386492,20.7,86,0.0,9.05,-0.9743700647852351,-0.22495105434386525,0.3000000000000007,open-meteo,2026-08-08T10:04:01+00:00
2026-07-25 01:00:00+00:00,FR,solar,22.0,83,0.0,6.72,-0.6819983600624984,-0.7313537016191706,13.5,83,0.0,0.71,0.27563735581699916,0.9612616959383189,14.6,80,0.0,5.3,0.9902680687415704,-0.13917310096006535,20.3,88,0.0,8.84,-0.984807753012208,-0.17364817766693033,0.3999999999999986,open-meteo,2026-08-08T10:04:01+00:00
2026-07-25 02:00:00+00:00,FR,solar,21.4,86,0.0,7.79,-0.8386705679454242,-0.544639035015027,13.1,83,0.0,1.08,-0.08715574274765832,0.9961946980917455,14.0,86,0.0,4.1,0.9925461516413221,-0.12186934340514737,19.7,91,0.0,8.97,-0.981627183447664,-0.1908089953765446,0.9499999999999993,open-meteo,2026-08-08T10:04:01+00:00
2026-07-25 03:00:00+00:00,FR,solar,21.4,87,0.0,8.58,-0.848048096156426,-0.529919264233205,12.2,86,0.0,1.19,-0.15643446504023112,0.9876883405951377,13.3,87,0.0,4.9,0.8910065241883679,-0.45399049973954675,19.7,92,0.0,8.07,-0.984807753012208,-0.17364817766693033,1.3500000000000014,open-meteo,2026-08-08T10:04:01+00:00
2026-07-25 04:00:00+00:00,FR,solar,21.4,84,0.0,8.12,-0.9271838545667873,-0.3746065934159123,11.9,86,0.0,2.07,0.5150380749100542,0.8571673007021123,12.0,91,0.0,2.8,0.9993908270190958,-0.034899496702500955,19.4,93,0.0,8.92,-0.9781476007338056,-0.2079116908177598,1.8250000000000028,open-meteo,2026-08-08T10:04:01+00:00
2026-07-25 05:00:00+00:00,FR,solar,21.4,83,1.5,9.3,-0.9455185755993168,-0.32556815445715664,11.4,89,32.0,0.98,0.6018150231520483,0.7986355100472928,12.3,94,26.0,1.5,0.06975647374412552,-0.9975640502598242,19.4,91,2.0,9.17,-0.984807753012208,-0.17364817766693033,1.875,open-meteo,2026-08-08T10:04:01+00:00
2026-07-25 06:00:00+00:00,FR,solar,22.0,81,72.3,9.62,-0.9563047559630353,-0.2923717047227371,14.1,75,153.0,0.35,-0.5591929034707466,0.8290375725550418,15.1,85,133.0,3.7,0.788010753606722,-0.6156614753256583,20.4,86,62.0,8.41,-0.9659258262890683,-0.25881904510252063,0.10000000000000142,open-meteo,2026-08-08T10:04:01+00:00
2026-07-25 07:00:00+00:00,FR,solar,22.6,78,228.4,8.6,-0.9510565162951535,-0.30901699437494756,18.4,58,316.0,0.98,0.6018150231520483,0.7986355100472928,18.3,68,299.0,1.9,0.2923717047227366,-0.9563047559630355,21.4,81,145.0,8.75,-0.9743700647852351,-0.22495105434386525,2.174999999999997,open-meteo,2026-08-08T10:04:01+00:00
2026-07-25 08:00:00+00:00,FR,solar,23.7,71,403.0,7.74,-0.874619707139396,-0.48480962024633684,22.2,46,471.0,0.22,-0.8910065241883679,0.45399049973954664,20.7,59,462.0,0.6,-0.2419218955996675,-0.9702957262759965,22.1,76,192.0,8.96,-0.984807753012208,-0.17364817766693033,4.174999999999997,open-meteo,2026-08-08T10:04:01+00:00
2026-07-25 09:00:00+00:00,FR,solar,24.2,70,526.2,7.21,-0.8290375725550418,-0.5591929034707466,25.6,33,615.0,0.69,-0.9902680687415704,0.13917310096006547,22.7,51,610.0,0.4,0.4539904997395468,0.8910065241883679,22.9,70,289.0,8.92,-0.9781476007338056,-0.2079116908177598,5.850000000000001,open-meteo,2026-08-08T10:04:01+00:00
2026-07-25 10:00:00+00:00,FR,solar,26.2,60,670.5,6.24,-0.754709580222772,-0.6560590289905073,28.1,27,736.0,1.4,-0.90630778703665,-0.42261826174069916,24.6,47,740.0,2.2,-0.8480480961564262,0.5299192642332047,24.2,63,454.0,8.07,-0.984807753012208,-0.17364817766693033,7.775000000000002,open-meteo,2026-08-08T10:04:01+00:00
2026-07-25 11:00:00+00:00,FR,solar,25.9,58,813.3,5.14,-0.7986355100472928,-0.6018150231520483,29.8,26,845.0,2.24,-0.9205048534524403,-0.3907311284892738,25.9,42,826.0,4.3,-0.8829475928589271,0.4694715627858904,24.5,58,424.0,8.31,-0.9902680687415703,-0.13917310096006583,8.524999999999999,open-meteo,2026-08-08T10:04:01+00:00
2026-07-25 12:00:00+00:00,FR,solar,26.9,51,867.9,4.72,-0.848048096156426,-0.529919264233205,30.5,26,859.0,1.19,-0.9876883405951378,0.15643446504023067,26.6,39,869.0,3.4,-0.8829475928589271,0.4694715627858904,26.1,51,568.0,8.24,-0.9986295347545738,-0.052335956242944306,9.524999999999999,open-meteo,2026-08-08T10:04:01+00:00
2026-07-25 13:00:00+00:00,FR,solar,25.4,58,814.6,3.22,-0.8987940462991668,-0.43837114678907774,31.6,23,866.0,3.63,-0.9993908270190958,0.03489949670250128,27.2,38,864.0,4.1,-0.8090169943749476,0.5877852522924729,27.2,45,742.0,8.35,-0.9975640502598242,-0.06975647374412558,9.850000000000001,open-meteo,2026-08-08T10:04:01+00:00
2026-07-25 14:00:00+00:00,FR,solar,27.4,47,791.7,4.95,-0.7071067811865475,-0.7071067811865477,32.1,22,763.0,2.64,-0.7431448254773944,-0.6691306063588581,28.0,35,803.0,4.2,-0.7547095802227722,0.656059028990507,27.1,41,647.0,8.82,-0.9998476951563913,0.01745240643728313,10.649999999999999,open-meteo,2026-08-08T10:04:01+00:00
2026-07-25 15:00:00+00:00,FR,solar,27.3,48,679.8,5.81,-0.8910065241883678,-0.45399049973954697,31.1,25,686.0,4.79,-0.7547095802227722,0.656059028990507,27.7,34,703.0,4.1,-0.8571673007021123,0.5150380749100542,23.8,64,546.0,7.94,-0.9993908270190958,-0.03489949670250076,9.475000000000001,open-meteo,2026-08-08T10:04:01+00:00
2026-07-25 16:00:00+00:00,FR,solar,26.1,56,622.1,6.14,-0.9455185755993168,-0.32556815445715664,30.6,20,557.0,6.06,-0.8290375725550416,0.559192903470747,27.7,35,573.0,4.6,-0.9135454576426011,0.40673664307579976,23.7,64,535.0,11.16,-0.9925461516413221,-0.12186934340514717,9.025000000000002,open-meteo,2026-08-08T10:04:01+00:00
2026-07-25 17:00:00+00:00,FR,solar,24.4,65,437.7,5.02,-0.9961946980917455,-0.08715574274765825,29.4,28,387.0,6.44,-0.6946583704589976,0.7193398003386509,27.5,35,416.0,4.7,-0.9781476007338056,0.20791169081775945,23.2,65,386.0,10.91,-0.9961946980917455,-0.08715574274765825,8.125,open-meteo,2026-08-08T10:04:01+00:00
2026-07-25 18:00:00+00:00,FR,solar,25.1,62,268.5,5.85,-0.8386705679454243,0.5446390350150266,28.5,29,179.0,6.31,-0.7313537016191703,0.6819983600624987,26.7,35,251.0,6.0,-0.992546151641322,0.12186934340514768,22.6,63,224.0,11.86,-0.9998476951563913,-0.017452406437283498,7.725000000000001,open-meteo,2026-08-08T10:04:01+00:00
2026-07-25 19:00:00+00:00,FR,solar,22.8,66,110.3,7.92,-0.9063077870366498,0.4226182617406996,26.4,38,77.0,5.88,-0.7986355100472932,0.6018150231520479,24.3,47,104.0,7.4,-0.9205048534524405,0.3907311284892735,21.3,70,89.0,9.52,-0.9986295347545738,0.052335956242943946,5.699999999999999,open-meteo,2026-08-08T10:04:01+00:00
2026-07-25 20:00:00+00:00,FR,solar,21.3,76,10.8,8.59,-0.9063077870366498,0.4226182617406996,24.2,43,4.0,6.39,-0.7547095802227722,0.656059028990507,22.6,52,9.0,7.1,-0.7771459614569708,0.6293203910498375,20.3,74,6.0,6.58,-0.9975640502598243,0.06975647374412522,4.099999999999998,open-meteo,2026-08-08T10:04:01+00:00
2026-07-25 21:00:00+00:00,FR,solar,21.0,76,0.0,8.48,-0.9563047559630354,0.2923717047227367,22.3,53,0.0,6.18,-0.6560590289905074,0.7547095802227719,21.2,53,0.0,7.1,-0.8191520442889918,0.573576436351046,19.5,78,0.0,7.7,-0.9659258262890683,-0.25881904510252063,3.0,open-meteo,2026-08-08T10:04:01+00:00
2026-07-25 22:00:00+00:00,FR,solar,20.9,74,0.0,8.05,-0.9702957262759966,0.24192189559966745,20.5,60,0.0,6.21,-0.7880107536067218,0.6156614753256585,19.4,61,0.0,6.2,-0.7986355100472932,0.6018150231520479,19.1,82,0.0,8.92,-0.9998476951563913,-0.017452406437283498,1.9750000000000014,open-meteo,2026-08-08T10:04:01+00:00
2026-07-25 23:00:00+00:00,FR,solar,20.5,74,0.0,7.31,-0.9563047559630354,0.2923717047227367,19.5,63,0.0,5.51,-0.7771459614569708,0.6293203910498375,18.0,65,0.0,7.1,-0.7880107536067218,0.6156614753256585,18.6,82,0.0,9.02,-0.9993908270190958,-0.03489949670250076,1.1499999999999986,open-meteo,2026-08-08T10:04:01+00:00
2026-07-26 00:00:00+00:00,FR,solar,20.4,74,0.0,5.99,-0.9659258262890684,0.2588190451025203,18.3,67,0.0,4.88,-0.7880107536067218,0.6156614753256585,17.3,65,0.0,7.1,-0.9702957262759966,0.24192189559966745,18.2,83,0.0,8.13,-0.9659258262890683,-0.25881904510252063,0.5500000000000007,open-meteo,2026-08-08T10:04:01+00:00
2026-07-26 01:00:00+00:00,FR,solar,19.9,78,0.0,5.23,-0.992546151641322,0.12186934340514768,17.0,73,0.0,3.96,-0.9876883405951378,0.15643446504023067,15.3,75,0.0,8.9,-0.9993908270190958,0.03489949670250128,17.8,88,0.0,5.73,-0.9563047559630353,-0.2923717047227371,0.5,open-meteo,2026-08-08T10:04:01+00:00
2026-07-26 02:00:00+00:00,FR,solar,19.6,79,0.0,4.74,-0.992546151641322,0.12186934340514768,16.6,74,0.0,3.48,-0.9848077530122081,0.17364817766692997,14.3,83,0.0,8.8,-0.9945218953682734,-0.10452846326765336,17.5,93,0.0,7.01,-0.9781476007338056,-0.2079116908177598,1.0,open-meteo,2026-08-08T10:04:01+00:00
2026-07-26 03:00:00+00:00,FR,solar,19.4,80,0.0,4.6,-0.9998476951563913,0.01745240643728313,15.2,82,0.0,3.92,-0.9998476951563913,0.01745240643728313,14.2,83,0.0,8.4,-0.9781476007338056,-0.2079116908177598,17.5,91,0.0,7.51,-0.9659258262890683,-0.25881904510252063,1.4250000000000007,open-meteo,2026-08-08T10:04:01+00:00
2026-07-26 04:00:00+00:00,FR,solar,19.1,80,0.0,5.22,-0.9975640502598243,0.06975647374412522,14.7,83,0.0,3.73,-0.9961946980917455,0.08715574274765789,13.7,90,0.0,9.3,-0.9659258262890683,-0.25881904510252063,17.0,92,0.0,5.76,-0.9510565162951535,-0.30901699437494756,1.875,open-meteo,2026-08-08T10:04:01+00:00
2026-07-26 05:00:00+00:00,FR,solar,18.3,83,0.0,4.44,-0.9902680687415704,0.13917310096006547,14.7,82,31.0,4.23,-0.9961946980917455,0.08715574274765789,13.9,93,25.0,8.5,-0.9510565162951535,-0.30901699437494756,16.8,92,1.0,7.06,-0.913545457642601,-0.4067366430758001,2.0749999999999993,open-meteo,2026-08-08T10:04:01+00:00
2026-07-26 06:00:00+00:00,FR,solar,18.9,81,70.2,3.51,-0.9961946980917455,0.08715574274765789,16.8,74,153.0,3.82,-0.874619707139396,-0.48480962024633684,15.6,90,135.0,6.4,-0.9396926207859084,-0.34202014332566855,17.6,88,71.0,5.64,-0.9563047559630353,-0.2923717047227371,0.7749999999999986,open-meteo,2026-08-08T10:04:01+00:00
2026-07-26 07:00:00+00:00,FR,solar,20.6,71,223.2,4.65,-0.945518575599317,0.3255681544571563,20.7,59,316.0,4.4,-0.848048096156426,-0.529919264233205,17.4,79,257.0,7.1,-0.9563047559630353,-0.2923717047227371,19.0,80,198.0,4.78,-0.981627183447664,-0.1908089953765446,1.4249999999999972,open-meteo,2026-08-08T10:04:01+00:00
2026-07-26 08:00:00+00:00,FR,solar,22.1,61,361.9,5.19,-0.9063077870366498,0.4226182617406996,22.9,45,488.0,7.58,-0.9702957262759965,-0.24192189559966779,17.8,79,268.0,6.1,-0.8090169943749473,-0.5877852522924732,20.1,74,289.0,4.61,-0.9975640502598243,0.06975647374412522,2.7250000000000014,open-meteo,2026-08-08T10:04:01+00:00
2026-07-26 09:00:00+00:00,FR,solar,23.2,55,498.5,5.44,-0.9396926207859083,0.342020143325669,24.2,43,643.0,9.17,-0.9510565162951535,-0.30901699437494756,19.8,71,64.0,7.0,-0.9205048534524403,-0.3907311284892738,21.2,68,375.0,5.46,-0.9876883405951378,0.15643446504023067,4.100000000000001,open-meteo,2026-08-08T10:04:01+00:00
2026-07-26 10:00:00+00:00,FR,solar,24.5,49,649.5,6.38,-0.9702957262759966,0.24192189559966745,25.3,36,768.0,10.2,-0.961261695938319,-0.2756373558169989,18.8,77,167.0,7.4,-0.8191520442889916,-0.5735764363510464,22.6,60,578.0,5.36,-0.9876883405951378,0.15643446504023067,4.799999999999997,open-meteo,2026-08-08T10:04:01+00:00
2026-07-26 11:00:00+00:00,FR,solar,25.1,46,750.0,7.4,-0.9743700647852352,0.22495105434386492,26.2,32,847.0,10.44,-0.9563047559630353,-0.2923717047227371,20.3,70,341.0,7.6,-0.8660254037844384,-0.5000000000000004,24.2,52,752.0,6.21,-0.9945218953682734,0.10452846326765299,5.949999999999999,open-meteo,2026-08-08T10:04:01+00:00
2026-07-26 12:00:00+00:00,FR,solar,25.9,42,821.0,7.31,-0.9986295347545738,0.052335956242943946,26.7,29,879.0,10.39,-0.981627183447664,-0.1908089953765446,22.2,60,176.0,8.4,-0.882947592858927,-0.46947156278589075,25.3,47,876.0,6.39,-0.9975640502598243,0.06975647374412522,7.024999999999999,open-meteo,2026-08-08T10:04:01+00:00
2026-07-26 13:00:00+00:00,FR,solar,26.2,42,873.5,7.41,-0.9993908270190958,0.03489949670250128,25.2,36,564.0,10.96,-0.9925461516413221,-0.12186934340514717,23.3,58,248.0,8.9,-0.848048096156426,-0.529919264233205,26.5,42,879.0,6.27,-1.0,-1.8369701987210297e-16,7.300000000000001,open-meteo,2026-08-08T10:04:01+00:00
2026-07-26 14:00:00+00:00,FR,solar,26.2,43,805.6,6.97,-0.9902680687415704,0.13917310096006547,23.4,50,293.0,10.26,-0.9563047559630353,-0.2923717047227371,22.1,64,264.0,8.8,-0.882947592858927,-0.46947156278589075,27.3,36,830.0,6.51,-0.9925461516413221,-0.12186934340514717,6.7499999999999964,open-meteo,2026-08-08T10:04:01+00:00
2026-07-26 15:00:00+00:00,FR,solar,24.3,53,644.3,8.9,-0.9998476951563913,0.01745240643728313,25.4,40,501.0,10.03,-0.9659258262890683,-0.25881904510252063,21.4,68,218.0,9.5,-0.9205048534524403,-0.3907311284892738,25.9,41,639.0,7.0,-0.9945218953682734,0.10452846326765299,6.25,open-meteo,2026-08-08T10:04:01+00:00
2026-07-26 16:00:00+00:00,FR,solar,23.1,59,300.2,8.21,-0.9986295347545738,-0.052335956242944306,24.6,45,335.0,11.69,-0.9975640502598242,-0.06975647374412558,22.6,66,232.0,7.2,-0.9702957262759965,-0.24192189559966779,26.2,40,461.0,7.1,-0.9945218953682734,0.10452846326765299,6.1250000000000036,open-meteo,2026-08-08T10:04:01+00:00
2026-07-26 17:00:00+00:00,FR,solar,22.1,67,246.9,7.08,-0.9743700647852351,-0.22495105434386525,24.5,46,173.0,12.02,-0.9945218953682734,-0.10452846326765336,22.6,65,169.0,8.0,-0.9659258262890683,-0.25881904510252063,25.7,40,442.0,7.69,-0.9816271834476639,0.1908089953765451,5.725000000000001,open-meteo,2026-08-08T10:04:01+00:00
2026-07-26 18:00:00+00:00,FR,solar,22.1,72,146.4,6.94,-0.9781476007338056,-0.2079116908177598,23.9,48,75.0,9.11,-0.9781476007338056,-0.2079116908177598,23.2,59,37.0,9.5,-0.9743700647852351,-0.22495105434386525,24.3,45,283.0,7.0,-0.9510565162951536,0.30901699437494723,5.375,open-meteo,2026-08-08T10:04:01+00:00
2026-07-26 19:00:00+00:00,FR,solar,21.8,76,88.7,6.04,-0.8910065241883678,-0.45399049973954697,23.5,49,21.0,7.99,-0.981627183447664,-0.1908089953765446,21.2,72,47.0,6.5,-0.9271838545667874,0.37460659341591196,22.6,56,112.0,7.49,-0.9702957262759966,0.24192189559966745,4.274999999999999,open-meteo,2026-08-08T10:04:01+00:00
2026-07-26 20:00:00+00:00,FR,solar,21.2,85,6.9,6.82,-0.9271838545667873,-0.3746065934159123,22.8,53,1.0,9.55,-0.9743700647852351,-0.22495105434386525,19.5,81,7.0,7.7,-0.9659258262890684,0.2588190451025203,20.7,65,8.0,7.38,-0.9961946980917455,0.08715574274765789,3.0500000000000007,open-meteo,2026-08-08T10:04:01+00:00
2026-07-26 21:00:00+00:00,FR,solar,21.0,88,0.0,6.53,-0.90630778703665,-0.42261826174069916,22.4,60,0.0,8.8,-0.9455185755993168,-0.32556815445715664,18.7,77,0.0,8.4,-0.9702957262759966,0.24192189559966745,19.2,71,0.0,7.37,-0.9961946980917455,-0.08715574274765825,2.3249999999999993,open-meteo,2026-08-08T10:04:01+00:00
2026-07-26 22:00:00+00:00,FR,solar,20.7,89,0.0,6.58,-0.913545457642601,-0.4067366430758001,21.5,61,0.0,9.29,-0.9702957262759965,-0.24192189559966779,18.0,73,0.0,8.5,-0.992546151641322,0.12186934340514768,18.6,78,0.0,7.59,-0.981627183447664,-0.1908089953765446,1.7000000000000028,open-meteo,2026-08-08T10:04:01+00:00
2026-07-26 23:00:00+00:00,FR,solar,20.8,90,0.0,6.98,-0.874619707139396,-0.48480962024633684,21.5,63,0.0,8.73,-0.874619707139396,-0.48480962024633684,16.6,78,0.0,8.2,-0.9902680687415703,-0.13917310096006583,18.3,82,0.0,7.19,-0.9563047559630353,-0.2923717047227371,1.3000000000000007,open-meteo,2026-08-08T10:04:01+00:00
2026-07-27 00:00:00+00:00,FR,solar,20.8,89,0.0,6.26,-0.9743700647852352,0.22495105434386492,19.9,84,0.0,6.92,-0.9781476007338056,0.20791169081775945,16.2,77,0.0,9.6,-0.9659258262890683,-0.25881904510252063,18.3,84,0.0,7.67,-0.90630778703665,-0.42261826174069916,0.8000000000000007,open-meteo,2026-08-08T10:04:01+00:00
2026-07-27 01:00:00+00:00,FR,solar,19.7,92,0.0,5.08,-0.5877852522924734,0.8090169943749473,19.2,77,0.0,10.61,-0.9135454576426011,0.40673664307579976,16.2,74,0.0,7.6,-0.984807753012208,-0.17364817766693033,18.6,83,0.0,7.49,-0.8987940462991668,-0.43837114678907774,0.42499999999999716,open-meteo,2026-08-08T10:04:01+00:00
2026-07-27 02:00:00+00:00,FR,solar,19.4,94,0.0,4.22,-0.5877852522924734,0.8090169943749473,17.2,80,0.0,9.3,-0.9781476007338056,0.20791169081775945,15.2,78,0.0,7.5,-0.9902680687415703,-0.13917310096006583,18.4,85,0.0,7.27,-0.8910065241883678,-0.45399049973954697,0.45000000000000284,open-meteo,2026-08-08T10:04:01+00:00
2026-07-27 03:00:00+00:00,FR,solar,19.2,91,0.0,3.61,-0.7193398003386512,0.6946583704589973,15.7,90,0.0,8.27,-0.9961946980917455,0.08715574274765789,14.5,82,0.0,7.0,-0.9975640502598242,-0.06975647374412558,17.7,89,0.0,7.19,-0.913545457642601,-0.4067366430758001,1.2250000000000014,open-meteo,2026-08-08T10:04:01+00:00
2026-07-27 04:00:00+00:00,FR,solar,18.9,91,0.0,3.2,-0.7771459614569708,0.6293203910498375,14.9,92,0.0,8.14,-0.9993908270190958,-0.03489949670250076,15.2,79,0.0,5.8,-0.9902680687415703,-0.13917310096006583,18.0,88,0.0,7.01,-0.8910065241883678,-0.45399049973954697,1.25,open-meteo,2026-08-08T10:04:01+00:00
2026-07-27 05:00:00+00:00,FR,solar,18.4,89,0.0,3.31,-0.4226182617406992,0.90630778703665,15.0,88,29.0,7.07,-0.9975640502598242,-0.06975647374412558,14.1,88,7.0,7.2,-0.9998476951563913,-0.017452406437283498,18.1,88,1.0,5.64,-0.9396926207859084,-0.34202014332566855,1.6000000000000014,open-meteo,2026-08-08T10:04:01+00:00
2026-07-27 06:00:00+00:00,FR,solar,18.6,86,63.3,2.16,-0.5591929034707466,0.8290375725550418,16.2,81,128.0,4.38,-0.984807753012208,-0.17364817766693033,15.3,84,61.0,5.3,-0.9945218953682734,-0.10452846326765336,18.8,87,19.0,4.9,-1.0,-1.8369701987210297e-16,0.7750000000000021,open-meteo,2026-08-08T10:04:01+00:00
2026-07-27 07:00:00+00:00,FR,solar,19.4,80,177.3,1.84,-0.7547095802227722,0.656059028990507,17.6,75,204.0,3.82,-0.9998476951563913,0.01745240643728313,16.9,78,292.0,4.9,-0.9876883405951378,0.15643446504023067,19.8,85,91.0,3.82,-0.9205048534524405,0.3907311284892735,0.4250000000000007,open-meteo,2026-08-08T10:04:01+00:00
2026-07-27 08:00:00+00:00,FR,solar,20.3,71,391.2,3.47,-0.544639035015027,0.838670567945424,19.7,69,369.0,3.63,-0.9986295347545738,0.052335956242943946,19.9,68,295.0,3.2,-0.6691306063588581,0.7431448254773944,21.4,76,256.0,3.55,-0.8829475928589271,0.4694715627858904,2.3249999999999993,open-meteo,2026-08-08T10:04:01+00:00
2026-07-27 09:00:00+00:00,FR,solar,21.4,63,519.9,3.89,-0.4848096202463369,0.8746197071393959,20.4,67,422.0,3.73,-0.9961946980917455,-0.08715574274765825,21.1,58,603.0,3.0,-0.9135454576426011,0.40673664307579976,22.5,70,470.0,4.03,-0.8746197071393956,0.4848096202463373,3.3500000000000014,open-meteo,2026-08-08T10:04:01+00:00
2026-07-27 10:00:00+00:00,FR,solar,22.6,57,690.4,2.12,-0.945518575599317,0.3255681544571563,22.3,59,493.0,4.43,-0.9961946980917455,-0.08715574274765825,22.1,52,691.0,4.3,-0.8571673007021123,0.5150380749100542,23.7,63,540.0,4.34,-0.9510565162951536,0.30901699437494723,4.675000000000001,open-meteo,2026-08-08T10:04:01+00:00
2026-07-27 11:00:00+00:00,FR,solar,24.2,51,785.5,2.66,-0.3420201433256686,0.9396926207859084,24.3,46,744.0,5.72,-0.9925461516413221,-0.12186934340514717,22.8,48,777.0,4.6,-0.8660254037844386,0.5000000000000001,25.0,58,750.0,4.28,-0.9612616959383188,0.2756373558169994,6.074999999999999,open-meteo,2026-08-08T10:04:01+00:00
2026-07-27 12:00:00+00:00,FR,solar,25.4,46,767.0,2.01,-0.9945218953682734,0.10452846326765299,24.2,47,681.0,4.8,-0.9998476951563913,0.01745240643728313,23.7,43,779.0,4.7,-0.8910065241883679,0.45399049973954664,26.0,54,824.0,3.97,-0.9396926207859083,0.342020143325669,6.824999999999999,open-meteo,2026-08-08T10:04:01+00:00
2026-07-27 13:00:00+00:00,FR,solar,26.7,43,858.8,0.92,0.754709580222772,0.6560590289905073,24.4,43,442.0,6.48,-0.9975640502598243,0.06975647374412522,24.0,46,769.0,4.8,-0.7986355100472932,0.6018150231520479,27.0,49,868.0,3.97,-0.9396926207859083,0.342020143325669,7.524999999999999,open-meteo,2026-08-08T10:04:01+00:00
2026-07-27 14:00:00+00:00,FR,solar,27.9,39,834.7,1.68,-0.9563047559630354,0.2923717047227367,23.5,49,360.0,7.32,-0.9781476007338056,0.20791169081775945,24.3,42,746.0,4.7,-0.898794046299167,0.4383711467890774,27.6,47,835.0,3.46,-0.9063077870366498,0.4226182617406996,7.825000000000003,open-meteo,2026-08-08T10:04:01+00:00
2026-07-27 15:00:00+00:00,FR,solar,28.3,40,755.8,2.1,-2.4492935982947064e-16,1.0,25.0,40,482.0,6.59,-0.9205048534524405,0.3907311284892735,25.0,39,525.0,3.7,-0.9063077870366498,0.4226182617406996,27.7,45,728.0,3.29,-0.8660254037844386,0.5000000000000001,8.5,open-meteo,2026-08-08T10:04:01+00:00
2026-07-27 16:00:00+00:00,FR,solar,28.4,40,631.9,3.55,-0.7660444431189781,0.6427876096865393,24.6,41,354.0,5.66,-0.9702957262759966,0.24192189559966745,24.7,42,565.0,3.8,-0.9335804264972017,0.3583679495453004,27.2,46,614.0,3.08,-0.7986355100472932,0.6018150231520479,8.225000000000001,open-meteo,2026-08-08T10:04:01+00:00
2026-07-27 17:00:00+00:00,FR,solar,27.4,42,466.0,6.05,-0.8290375725550416,0.559192903470747,24.2,42,268.0,6.17,-0.8386705679454243,0.5446390350150266,24.5,41,408.0,4.4,-0.9659258262890684,0.2588190451025203,26.8,46,462.0,2.57,-0.7660444431189781,0.6427876096865393,7.724999999999998,open-meteo,2026-08-08T10:04:01+00:00
2026-07-27 18:00:00+00:00,FR,solar,27.4,42,288.6,3.0,0.03489949670250097,0.9993908270190958,23.9,43,207.0,4.78,-0.7313537016191703,0.6819983600624987,24.5,40,246.0,3.7,-0.898794046299167,0.4383711467890774,26.4,44,283.0,1.8,-0.4848096202463369,0.8746197071393959,7.549999999999997,open-meteo,2026-08-08T10:04:01+00:00
2026-07-27 19:00:00+00:00,FR,solar,24.5,52,119.0,6.16,-0.7431448254773946,0.6691306063588578,21.9,51,74.0,4.35,-0.9205048534524405,0.3907311284892735,22.4,49,97.0,4.2,-0.6560590289905074,0.7547095802227719,24.9,47,110.0,3.07,0.4539904997395468,0.8910065241883679,5.424999999999997,open-meteo,2026-08-08T10:04:01+00:00
2026-07-27 20:00:00+00:00,FR,solar,22.4,59,10.0,4.91,-0.544639035015027,0.838670567945424,19.4,59,3.0,4.03,-0.4383711467890778,0.8987940462991668,21.0,49,8.0,6.1,-0.4383711467890778,0.8987940462991668,21.9,57,7.0,3.59,0.9563047559630354,0.29237170472273677,3.174999999999997,open-meteo,2026-08-08T10:04:01+00:00
2026-07-27 21:00:00+00:00,FR,solar,20.8,65,0.0,3.8,-0.5735764363510465,0.8191520442889916,17.7,67,0.0,3.89,-0.5591929034707466,0.8290375725550418,20.1,50,0.0,6.6,-0.5000000000000004,0.8660254037844384,20.0,67,0.0,4.57,0.7071067811865475,0.7071067811865476,1.6499999999999986,open-meteo,2026-08-08T10:04:01+00:00
2026-07-27 22:00:00+00:00,FR,solar,20.0,68,0.0,5.02,0.10452846326765347,0.9945218953682733,15.9,78,0.0,3.19,-0.19080899537654467,0.981627183447664,17.6,54,0.0,7.0,-0.5591929034707466,0.8290375725550418,19.5,68,0.0,5.0,0.7431448254773942,0.6691306063588582,0.25,open-meteo,2026-08-08T10:04:01+00:00
2026-07-27 23:00:00+00:00,FR,solar,19.6,70,0.0,4.1,0.224951054343865,0.9743700647852352,14.4,86,0.0,1.9,-0.20791169081775987,0.9781476007338056,16.4,61,0.0,6.0,-0.5877852522924734,0.8090169943749473,19.1,67,0.0,5.47,0.5877852522924731,0.8090169943749475,0.625,open-meteo,2026-08-08T10:04:01+00:00
2026-07-28 00:00:00+00:00,FR,solar,19.0,75,0.0,4.59,0.3420201433256687,0.9396926207859084,13.1,91,0.0,0.6,0.15643446504023087,0.9876883405951378,15.8,66,0.0,7.1,-0.45399049973954697,0.8910065241883678,17.9,70,0.0,5.14,0.573576436351046,0.8191520442889918,1.5499999999999972,open-meteo,2026-08-08T10:04:01+00:00
2026-07-28 01:00:00+00:00,FR,solar,18.2,78,0.0,5.35,0.35836794954530027,0.9335804264972017,13.2,89,0.0,0.6,0.15643446504023087,0.9876883405951378,14.7,72,0.0,6.1,-0.37460659341591235,0.9271838545667873,17.3,73,0.0,5.17,0.6018150231520483,0.7986355100472928,2.150000000000002,open-meteo,2026-08-08T10:04:01+00:00
2026-07-28 02:00:00+00:00,FR,solar,18.0,77,0.0,6.84,0.6156614753256583,0.7880107536067219,13.2,87,0.0,0.62,-0.3090169943749477,0.9510565162951535,13.5,79,0.0,5.4,-0.45399049973954697,0.8910065241883678,16.4,77,0.0,3.9,0.7771459614569709,0.6293203910498374,2.7249999999999996,open-meteo,2026-08-08T10:04:01+00:00
2026-07-28 03:00:00+00:00,FR,solar,17.6,79,0.0,5.66,0.6946583704589973,0.7193398003386512,11.8,92,0.0,0.62,0.3090169943749474,0.9510565162951535,13.1,85,0.0,3.1,-0.22495105434386534,0.9743700647852351,15.8,76,0.0,3.29,0.8660254037844386,0.5000000000000001,3.4250000000000007,open-meteo,2026-08-08T10:04:01+00:00
2026-07-28 04:00:00+00:00,FR,solar,17.0,82,0.0,4.94,0.848048096156426,0.5299192642332049,11.2,97,0.0,0.75,0.9205048534524404,0.3907311284892737,12.6,86,0.0,2.2,-0.4848096202463369,0.8746197071393959,15.3,79,0.0,3.38,0.9563047559630354,0.29237170472273677,3.9750000000000014,open-meteo,2026-08-08T10:04:01+00:00
2026-07-28 05:00:00+00:00,FR,solar,16.3,87,0.0,4.54,0.9702957262759965,0.24192189559966767,11.5,100,23.0,1.0,0.981627183447664,0.19080899537654492,11.9,93,21.0,2.0,-0.6946583704589974,-0.7193398003386511,15.1,80,1.0,3.44,0.9961946980917455,0.08715574274765814,4.299999999999999,open-meteo,2026-08-08T10:04:01+00:00
2026-07-28 06:00:00+00:00,FR,solar,17.6,84,69.4,5.16,0.9876883405951378,0.15643446504023092,14.6,85,129.0,1.71,0.9743700647852352,0.22495105434386492,14.2,87,134.0,0.8,-0.3090169943749473,-0.9510565162951536,16.3,78,74.0,3.54,0.9961946980917455,-0.08715574274765824,2.3249999999999993,open-meteo,2026-08-08T10:04:01+00:00
2026-07-28 07:00:00+00:00,FR,solar,21.2,64,230.9,3.61,0.9986295347545738,-0.05233595624294384,19.5,59,302.0,1.77,0.9455185755993167,0.32556815445715676,17.1,71,289.0,1.2,0.6156614753256584,-0.7880107536067219,19.9,66,234.0,3.76,0.9925461516413221,-0.12186934340514737,1.4250000000000007,open-meteo,2026-08-08T10:04:01+00:00
2026-07-28 08:00:00+00:00,FR,solar,23.9,52,413.0,3.26,0.981627183447664,-0.1908089953765448,22.6,49,469.0,1.47,0.9975640502598242,0.06975647374412523,20.0,57,448.0,1.9,0.6018150231520482,-0.7986355100472929,22.8,57,418.0,2.84,0.9993908270190958,-0.034899496702500955,4.324999999999999,open-meteo,2026-08-08T10:04:01+00:00
2026-07-28 09:00:00+00:00,FR,solar,26.4,44,586.2,2.6,0.9205048534524403,-0.39073112848927377,24.8,40,620.0,2.95,0.9659258262890683,-0.25881904510252085,22.3,49,601.0,2.6,0.6018150231520482,-0.7986355100472929,25.6,50,593.0,3.11,0.9743700647852352,-0.22495105434386503,6.774999999999999,open-meteo,2026-08-08T10:04:01+00:00
2026-07-28 10:00:00+00:00,FR,solar,28.7,38,722.2,3.12,0.766044443118978,-0.6427876096865394,26.5,36,743.0,2.69,0.984807753012208,-0.1736481776669303,24.3,46,722.0,1.5,0.9396926207859084,-0.3420201433256687,27.9,44,739.0,3.69,0.9563047559630355,-0.29237170472273666,8.850000000000001,open-meteo,2026-08-08T10:04:01+00:00
2026-07-28 11:00:00+00:00,FR,solar,30.5,33,813.1,3.48,0.777145961456971,-0.6293203910498373,28.3,32,826.0,2.36,0.9961946980917455,-0.08715574274765824,25.9,39,811.0,0.9,-0.13917310096006552,-0.9902680687415703,29.9,40,847.0,3.75,0.9396926207859084,-0.3420201433256687,10.649999999999999,open-meteo,2026-08-08T10:04:01+00:00
2026-07-28 12:00:00+00:00,FR,solar,31.9,30,863.4,3.22,0.8090169943749475,-0.587785252292473,29.6,29,863.0,2.45,0.9612616959383189,0.27563735581699916,27.2,33,853.0,0.9,0.6293203910498374,-0.7771459614569709,31.9,34,907.0,3.59,0.8987940462991669,-0.4383711467890775,12.149999999999999,open-meteo,2026-08-08T10:04:01+00:00
2026-07-28 13:00:00+00:00,FR,solar,33.6,27,870.4,1.3,-0.39073112848927355,-0.9205048534524404,30.8,26,851.0,2.55,0.9205048534524404,0.3907311284892737,28.5,35,850.0,1.3,0.9743700647852352,0.22495105434386492,33.5,31,913.0,2.91,0.838670567945424,-0.5446390350150272,13.600000000000001,open-meteo,2026-08-08T10:04:01+00:00
2026-07-28 14:00:00+00:00,FR,solar,35.2,23,832.9,1.72,-0.8090169943749473,-0.5877852522924732,31.5,24,790.0,2.91,0.838670567945424,0.5446390350150271,29.3,32,792.0,0.5,0.6691306063588582,0.7431448254773942,34.7,29,866.0,1.55,0.3090169943749475,-0.9510565162951535,14.674999999999997,open-meteo,2026-08-08T10:04:01+00:00
2026-07-28 15:00:00+00:00,FR,solar,35.9,22,754.1,1.43,-0.2079116908177595,-0.9781476007338056,31.6,23,686.0,3.86,0.8660254037844386,0.5000000000000001,29.9,30,693.0,0.8,-0.13917310096006588,0.9902680687415703,35.2,27,772.0,1.49,-0.39073112848927355,-0.9205048534524404,15.150000000000006,open-meteo,2026-08-08T10:04:01+00:00
2026-07-28 16:00:00+00:00,FR,solar,37.1,19,638.1,2.5,-0.961261695938319,-0.2756373558169989,31.4,22,546.0,4.19,0.9612616959383189,0.27563735581699916,30.1,32,561.0,1.9,0.4067366430758002,0.9135454576426009,35.5,27,635.0,2.04,-0.5735764363510462,-0.8191520442889918,15.524999999999999,open-meteo,2026-08-08T10:04:01+00:00
2026-07-28 17:00:00+00:00,FR,solar,36.5,18,473.8,2.13,-0.6560590289905074,0.7547095802227719,30.8,21,386.0,4.06,0.9659258262890683,0.25881904510252074,30.2,31,402.0,1.6,0.6156614753256583,0.7880107536067219,35.0,27,466.0,2.57,-0.6427876096865393,-0.766044443118978,15.125,open-meteo,2026-08-08T10:04:01+00:00
2026-07-28 18:00:00+00:00,FR,solar,35.3,22,292.4,2.84,-0.9848077530122081,0.17364817766692997,29.9,23,219.0,4.21,0.9510565162951535,0.30901699437494745,29.6,33,241.0,0.6,0.5446390350150271,0.838670567945424,34.1,30,283.0,2.58,0.15643446504023098,-0.9876883405951377,14.224999999999994,open-meteo,2026-08-08T10:04:01+00:00
2026-07-28 19:00:00+00:00,FR,solar,33.1,26,119.0,2.56,-0.6293203910498378,0.7771459614569706,27.1,29,72.0,6.35,0.9876883405951378,0.15643446504023092,26.9,51,94.0,2.1,0.7771459614569709,0.6293203910498374,31.9,37,108.0,3.5,0.19080899537654497,-0.9816271834476639,11.75,open-meteo,2026-08-08T10:04:01+00:00
2026-07-28 20:00:00+00:00,FR,solar,29.9,34,10.0,2.73,-0.40673664307580015,0.9135454576426009,23.5,37,2.0,6.08,0.9993908270190958,0.03489949670250108,24.5,46,7.0,2.4,0.8746197071393957,0.4848096202463371,28.3,46,7.0,3.99,0.4226182617406995,-0.9063077870366499,8.55,open-meteo,2026-08-08T10:04:01+00:00
2026-07-28 21:00:00+00:00,FR,solar,27.2,42,0.0,3.98,-0.3090169943749477,0.9510565162951535,22.1,41,0.0,7.06,0.9986295347545738,-0.05233595624294384,21.6,56,0.0,3.6,0.9902680687415704,0.13917310096006547,26.7,49,0.0,5.68,0.5877852522924732,-0.8090169943749473,6.400000000000002,open-meteo,2026-08-08T10:04:01+00:00
2026-07-28 22:00:00+00:00,FR,solar,25.5,46,0.0,3.61,0.3255681544571567,0.9455185755993168,21.0,47,0.0,6.49,0.981627183447664,-0.1908089953765448,20.0,62,0.0,5.9,0.9925461516413221,-0.12186934340514737,25.6,50,0.0,4.74,0.49999999999999994,-0.8660254037844387,5.024999999999999,open-meteo,2026-08-08T10:04:01+00:00
2026-07-28 23:00:00+00:00,FR,solar,23.9,50,0.0,2.73,0.4067366430758002,0.9135454576426009,20.1,54,0.0,4.3,0.9781476007338057,-0.20791169081775934,19.9,58,0.0,6.4,0.9961946980917455,-0.08715574274765824,24.9,50,0.0,5.27,0.6819983600624986,-0.7313537016191705,4.199999999999999,open-meteo,2026-08-08T10:04:01+00:00
2026-07-29 00:00:00+00:00,FR,solar,22.6,55,0.0,3.57,0.1908089953765448,0.981627183447664,18.9,62,0.0,3.69,0.9563047559630355,-0.29237170472273666,18.4,63,0.0,4.7,0.90630778703665,-0.42261826174069933,24.2,54,0.0,3.46,0.48480962024633717,-0.8746197071393957,3.0249999999999986,open-meteo,2026-08-08T10:04:01+00:00
2026-07-29 01:00:00+00:00,FR,solar,20.8,60,0.0,2.15,-0.37460659341591235,0.9271838545667873,18.1,66,0.0,2.15,0.9135454576426009,-0.40673664307580026,17.6,71,0.0,5.8,0.5591929034707469,-0.8290375725550416,24.0,55,0.0,2.7,0.3255681544571566,-0.9455185755993168,2.125,open-meteo,2026-08-08T10:04:01+00:00
2026-07-29 02:00:00+00:00,FR,solar,19.5,71,0.0,1.8,0.9455185755993167,0.32556815445715676,16.6,72,0.0,1.83,0.9612616959383189,-0.27563735581699905,17.3,67,0.0,5.2,0.49999999999999994,-0.8660254037844387,22.5,59,0.0,2.29,0.5150380749100544,-0.8571673007021122,0.9750000000000014,open-meteo,2026-08-08T10:04:01+00:00
2026-07-29 03:00:00+00:00,FR,solar,18.8,74,0.0,0.9,-1.0,-1.8369701987210297e-16,15.5,79,0.0,1.92,0.9659258262890683,-0.25881904510252085,16.5,70,0.0,4.6,0.6018150231520482,-0.7986355100472929,20.9,67,0.0,2.94,0.7986355100472927,-0.6018150231520484,0.07500000000000284,open-meteo,2026-08-08T10:04:01+00:00
2026-07-29 04:00:00+00:00,FR,solar,18.8,71,0.0,2.93,0.13917310096006544,0.9902680687415704,15.0,83,0.0,1.82,0.8090169943749475,-0.587785252292473,15.4,78,0.0,5.0,0.5735764363510459,-0.8191520442889919,20.0,72,0.0,3.42,0.8910065241883679,-0.45399049973954675,0.7000000000000028,open-meteo,2026-08-08T10:04:01+00:00
2026-07-29 05:00:00+00:00,FR,solar,18.0,76,0.0,1.82,0.9876883405951378,0.15643446504023092,15.7,81,26.0,2.2,0.529919264233205,-0.848048096156426,15.8,76,20.0,4.2,0.9986295347545738,-0.05233595624294384,19.1,77,1.0,4.5,0.9612616959383189,-0.27563735581699905,0.8500000000000014,open-meteo,2026-08-08T10:04:01+00:00
2026-07-29 06:00:00+00:00,FR,solar,19.6,74,67.9,1.8,1.0,6.123233995736766e-17,18.4,67,142.0,2.45,0.2756373558169992,-0.9612616959383189,18.0,65,133.0,5.7,0.9876883405951378,-0.1564344650402308,20.1,79,72.0,5.61,0.9781476007338057,-0.20791169081775934,1.0249999999999986,open-meteo,2026-08-08T10:04:01+00:00
2026-07-29 07:00:00+00:00,FR,solar,23.5,60,228.6,4.2,0.9998476951563913,0.0174524064372836,23.2,49,302.0,2.95,0.10452846326765373,-0.9945218953682733,20.1,60,287.0,4.8,0.9743700647852352,-0.22495105434386503,23.4,69,231.0,6.78,0.981627183447664,-0.1908089953765448,4.550000000000004,open-meteo,2026-08-08T10:04:01+00:00
2026-07-29 08:00:00+00:00,FR,solar,26.9,52,408.2,3.79,0.9781476007338057,-0.20791169081775934,26.8,45,468.0,2.19,-0.17364817766693047,-0.984807753012208,23.2,50,451.0,2.0,0.9702957262759965,-0.24192189559966779,26.3,61,413.0,5.02,0.9945218953682733,-0.10452846326765355,7.800000000000001,open-meteo,2026-08-08T10:04:01+00:00
2026-07-29 09:00:00+00:00,FR,solar,29.5,44,581.0,3.72,0.9135454576426009,-0.40673664307580026,30.9,38,620.0,2.57,-0.3090169943749473,-0.9510565162951536,26.4,42,602.0,0.8,0.8910065241883679,-0.45399049973954675,30.0,48,587.0,4.82,0.9961946980917455,-0.08715574274765824,11.2,open-meteo,2026-08-08T10:04:01+00:00
2026-07-29 10:00:00+00:00,FR,solar,33.1,34,720.3,3.26,0.6819983600624986,-0.7313537016191705,33.5,33,743.0,2.45,-0.6018150231520484,-0.7986355100472928,28.9,39,728.0,0.7,0.9563047559630354,0.29237170472273677,33.3,40,733.0,4.73,0.9945218953682733,-0.10452846326765355,14.200000000000003,open-meteo,2026-08-08T10:04:01+00:00
2026-07-29 11:00:00+00:00,FR,solar,36.2,24,811.5,2.87,0.48480962024633717,-0.8746197071393957,35.3,28,823.0,2.92,-0.7660444431189779,-0.6427876096865395,31.4,29,813.0,0.6,-0.17364817766693047,-0.984807753012208,36.3,32,840.0,5.11,0.9781476007338057,-0.20791169081775934,16.799999999999997,open-meteo,2026-08-08T10:04:01+00:00
2026-07-29 12:00:00+00:00,FR,solar,38.7,19,861.9,2.16,0.2249510543438652,-0.9743700647852351,36.0,25,819.0,6.19,-0.981627183447664,-0.1908089953765446,33.2,24,858.0,2.6,-0.6293203910498376,-0.7771459614569708,37.8,30,899.0,4.59,0.9396926207859084,-0.3420201433256687,18.424999999999997,open-meteo,2026-08-08T10:04:01+00:00
2026-07-29 13:00:00+00:00,FR,solar,39.7,19,868.8,4.02,-0.32556815445715676,-0.9455185755993167,36.5,23,837.0,5.92,-0.961261695938319,-0.2756373558169989,34.1,22,854.0,2.6,-0.9702957262759965,-0.24192189559966779,39.5,26,902.0,4.34,0.8829475928589269,-0.4694715627858909,19.450000000000003,open-meteo,2026-08-08T10:04:01+00:00
2026-07-29 14:00:00+00:00,FR,solar,41.0,17,831.2,3.14,-0.8571673007021121,-0.5150380749100544,36.6,23,777.0,5.39,-0.9998476951563913,0.01745240643728313,34.7,21,799.0,4.8,-0.9702957262759965,-0.24192189559966779,40.8,21,855.0,3.64,0.8090169943749475,-0.587785252292473,20.275,open-meteo,2026-08-08T10:04:01+00:00
2026-07-29 15:00:00+00:00,FR,solar,39.4,21,751.9,7.18,-0.9876883405951377,-0.15643446504023104,36.7,19,681.0,8.43,-1.0,-1.8369701987210297e-16,35.3,18,698.0,3.6,-0.9998476951563913,-0.017452406437283498,40.8,21,759.0,3.2,0.8910065241883679,-0.45399049973954675,20.049999999999997,open-meteo,2026-08-08T10:04:01+00:00
2026-07-29 16:00:00+00:00,FR,solar,38.2,24,622.5,6.74,-0.9945218953682734,-0.10452846326765336,36.1,20,545.0,6.08,-0.9998476951563913,0.01745240643728313,35.3,20,565.0,2.1,-0.9993908270190958,-0.03489949670250076,40.9,20,619.0,3.43,0.6018150231520482,-0.7986355100472929,19.625,open-meteo,2026-08-08T10:04:01+00:00
2026-07-29 17:00:00+00:00,FR,solar,37.3,24,459.1,5.98,-0.984807753012208,-0.17364817766693033,35.6,18,385.0,8.4,-0.992546151641322,0.12186934340514768,35.0,20,405.0,2.3,-0.6946583704589974,-0.7193398003386511,40.0,20,450.0,4.03,0.48480962024633717,-0.8746197071393957,18.975,open-meteo,2026-08-08T10:04:01+00:00
2026-07-29 18:00:00+00:00,FR,solar,35.5,27,282.6,5.1,-0.9612616959383188,0.2756373558169994,34.5,17,218.0,7.28,-0.9396926207859083,0.342020143325669,34.8,17,241.0,2.1,-0.9876883405951377,-0.15643446504023104,36.2,34,262.0,6.3,-0.7193398003386512,0.6946583704589973,17.25,open-meteo,2026-08-08T10:04:01+00:00
2026-07-29 19:00:00+00:00,FR,solar,32.7,33,113.4,5.29,-0.9659258262890684,0.2588190451025203,31.2,23,71.0,6.38,-0.9986295347545738,0.052335956242943946,31.3,24,94.0,5.8,-0.06975647374412527,-0.9975640502598242,32.4,40,91.0,7.33,-0.8660254037844386,0.5000000000000001,13.899999999999999,open-meteo,2026-08-08T10:04:01+00:00
2026-07-29 20:00:00+00:00,FR,solar,29.7,39,8.5,4.84,-0.992546151641322,0.12186934340514768,27.1,33,2.0,3.76,-0.992546151641322,0.12186934340514768,27.7,30,6.0,6.1,0.4226182617406995,-0.9063077870366499,28.6,51,5.0,7.73,-0.9876883405951378,0.15643446504023067,10.274999999999999,open-meteo,2026-08-08T10:04:01+00:00
2026-07-29 21:00:00+00:00,FR,solar,27.0,47,0.0,5.63,-0.9945218953682734,0.10452846326765299,25.1,43,0.0,1.27,-0.9205048534524403,-0.3907311284892738,25.5,28,0.0,8.0,-0.4226182617406993,-0.90630778703665,25.6,63,0.0,8.14,-0.9986295347545738,-0.052335956242944306,7.799999999999997,open-meteo,2026-08-08T10:04:01+00:00
2026-07-29 22:00:00+00:00,FR,solar,24.9,55,0.0,4.24,-0.9902680687415704,0.13917310096006547,23.4,48,0.0,2.42,-0.35836794954530043,-0.9335804264972016,23.5,39,0.0,6.7,-0.3907311284892739,0.9205048534524403,22.8,78,0.0,7.58,-0.9945218953682734,-0.10452846326765336,5.649999999999999,open-meteo,2026-08-08T10:04:01+00:00
2026-07-29 23:00:00+00:00,FR,solar,23.4,62,0.0,4.21,-0.9510565162951535,-0.30901699437494756,22.2,50,0.0,3.23,-0.2419218955996675,-0.9702957262759965,23.1,52,0.0,8.8,-0.2588190451025207,0.9659258262890683,21.3,90,0.0,7.3,-0.9925461516413221,-0.12186934340514717,4.4999999999999964,open-meteo,2026-08-08T10:04:01+00:00
2026-07-30 00:00:00+00:00,FR,solar,22.5,77,0.0,3.61,-0.7431448254773944,-0.6691306063588581,21.1,57,0.0,3.76,-0.2588190451025208,-0.9659258262890683,22.3,52,0.0,8.0,-0.08715574274765832,0.9961946980917455,20.9,89,0.0,6.19,-0.9961946980917455,-0.08715574274765825,3.700000000000003,open-meteo,2026-08-08T10:04:01+00:00
2026-07-30 01:00:00+00:00,FR,solar,21.8,84,0.0,4.24,-0.9659258262890683,-0.25881904510252063,20.8,57,0.0,4.23,-0.08715574274765794,-0.9961946980917455,20.2,62,0.0,2.7,0.42261826174069944,0.9063077870366499,20.7,90,0.0,5.4,-0.9975640502598242,-0.06975647374412558,2.875,open-meteo,2026-08-08T10:04:01+00:00
2026-07-30 02:00:00+00:00,FR,solar,21.6,90,0.0,4.59,-0.961261695938319,-0.2756373558169989,20.0,53,0.0,4.14,0.12186934340514755,-0.992546151641322,19.2,67,0.0,1.9,-0.8480480961564262,0.5299192642332047,20.5,90,0.0,5.89,-0.9975640502598242,-0.06975647374412558,2.3249999999999993,open-meteo,2026-08-08T10:04:01+00:00
2026-07-30 03:00:00+00:00,FR,solar,21.3,91,0.0,4.91,-0.9975640502598242,-0.06975647374412558,18.7,59,0.0,4.23,0.2249510543438652,-0.9743700647852351,18.5,68,0.0,4.4,-2.4492935982947064e-16,1.0,20.4,90,0.0,5.49,-0.9998476951563913,-0.017452406437283498,1.7250000000000014,open-meteo,2026-08-08T10:04:01+00:00
2026-07-30 04:00:00+00:00,FR,solar,21.1,91,0.0,5.9,-0.9993908270190958,-0.03489949670250076,19.2,55,0.0,5.11,0.06975647374412552,-0.9975640502598242,17.6,75,0.0,2.0,0.788010753606722,0.6156614753256583,20.4,91,0.0,5.31,-0.9975640502598242,-0.06975647374412558,1.5749999999999993,open-meteo,2026-08-08T10:04:01+00:00
2026-07-30 05:00:00+00:00,FR,solar,21.3,86,0.0,4.0,-0.7986355100472932,0.6018150231520479,21.0,48,24.0,6.57,0.05233595624294381,-0.9986295347545738,16.8,83,19.0,2.2,0.5299192642332049,0.848048096156426,20.4,91,1.0,4.8,-0.9993908270190958,-0.03489949670250076,1.875,open-meteo,2026-08-08T10:04:01+00:00
2026-07-30 06:00:00+00:00,FR,solar,21.6,85,52.5,2.75,-0.3255681544571567,0.9455185755993168,25.0,37,139.0,6.46,0.17364817766693028,-0.984807753012208,19.4,71,128.0,3.3,0.24192189559966773,0.9702957262759965,20.7,86,42.0,3.77,-0.9876883405951377,-0.15643446504023104,3.6750000000000007,open-meteo,2026-08-08T10:04:01+00:00
2026-07-30 07:00:00+00:00,FR,solar,22.4,80,99.5,1.43,0.4226182617406995,-0.9063077870366499,28.4,37,298.0,5.13,0.2249510543438652,-0.9743700647852351,21.2,65,235.0,6.4,-0.5150380749100545,0.8571673007021121,21.6,81,116.0,2.84,-1.0,-1.8369701987210297e-16,5.399999999999999,open-meteo,2026-08-08T10:04:01+00:00
2026-07-30 08:00:00+00:00,FR,solar,23.3,75,128.1,4.12,-0.48480962024633695,-0.8746197071393959,32.1,33,458.0,7.26,-0.0348994967025009,-0.9993908270190958,22.5,61,242.0,7.3,-0.5735764363510465,0.8191520442889916,22.6,78,243.0,1.96,-1.0,-1.8369701987210297e-16,7.125,open-meteo,2026-08-08T10:04:01+00:00
2026-07-30 09:00:00+00:00,FR,solar,26.0,58,560.2,5.12,-0.29237170472273677,-0.9563047559630354,34.1,27,540.0,9.17,-0.3090169943749473,-0.9510565162951536,23.0,60,81.0,8.0,-0.992546151641322,0.12186934340514768,23.9,71,403.0,1.23,-0.48480962024633695,-0.8746197071393959,8.75,open-meteo,2026-08-08T10:04:01+00:00
2026-07-30 10:00:00+00:00,FR,solar,28.3,41,706.8,3.16,-0.9510565162951535,-0.30901699437494756,32.8,27,413.0,16.12,-0.984807753012208,-0.17364817766693033,22.0,65,69.0,6.1,-0.981627183447664,-0.1908089953765446,25.6,65,589.0,1.75,-0.8910065241883678,-0.45399049973954697,9.174999999999997,open-meteo,2026-08-08T10:04:01+00:00
2026-07-30 11:00:00+00:00,FR,solar,29.5,39,809.8,2.61,-0.848048096156426,-0.529919264233205,30.2,34,534.0,9.34,-0.9848077530122081,0.17364817766692997,19.5,86,56.0,3.4,-0.9986295347545738,-0.052335956242944306,27.3,60,741.0,2.08,-0.9902680687415703,-0.13917310096006583,8.625,open-meteo,2026-08-08T10:04:01+00:00
2026-07-30 12:00:00+00:00,FR,solar,31.0,38,860.1,3.62,-0.7771459614569706,-0.6293203910498378,30.0,33,556.0,11.31,-0.9876883405951378,0.15643446504023067,19.3,87,76.0,4.1,-0.544639035015027,0.838670567945424,28.4,56,872.0,2.55,-0.9993908270190958,-0.03489949670250076,9.174999999999997,open-meteo,2026-08-08T10:04:01+00:00
2026-07-30 13:00:00+00:00,FR,solar,31.4,45,867.1,3.41,-0.7660444431189779,-0.6427876096865395,28.4,42,452.0,5.61,-0.9781476007338056,0.20791169081775945,21.1,77,242.0,4.2,0.6156614753256584,-0.7880107536067219,30.0,52,883.0,2.26,-0.9993908270190958,0.03489949670250128,9.725000000000001,open-meteo,2026-08-08T10:04:01+00:00
2026-07-30 14:00:00+00:00,FR,solar,32.0,43,829.5,5.57,-0.9876883405951377,-0.15643446504023104,28.0,46,317.0,2.31,-0.587785252292473,-0.8090169943749475,23.3,69,530.0,4.1,0.8290375725550417,-0.5591929034707467,31.2,47,840.0,2.16,-0.9986295347545738,0.052335956242943946,10.625,open-meteo,2026-08-08T10:04:01+00:00
2026-07-30 15:00:00+00:00,FR,solar,31.2,45,747.7,4.41,-0.9743700647852351,-0.22495105434386525,30.0,36,408.0,3.29,-0.39073112848927355,-0.9205048534524404,26.2,55,680.0,0.8,-0.5299192642332048,-0.8480480961564261,31.2,50,736.0,2.29,-0.9848077530122081,0.17364817766692997,11.650000000000002,open-meteo,2026-08-08T10:04:01+00:00
2026-07-30 16:00:00+00:00,FR,solar,31.3,43,615.0,4.74,-0.9510565162951536,0.30901699437494723,32.8,29,532.0,4.1,-0.6427876096865393,-0.766044443118978,26.3,51,549.0,2.8,-0.9961946980917455,0.08715574274765789,31.5,49,610.0,1.68,-0.992546151641322,0.12186934340514768,12.474999999999998,open-meteo,2026-08-08T10:04:01+00:00
2026-07-30 17:00:00+00:00,FR,solar,29.1,50,452.2,5.16,-0.8090169943749476,0.5877852522924729,31.2,34,375.0,4.37,-0.27563735581699894,0.9612616959383189,26.4,60,397.0,3.1,-0.9659258262890683,-0.25881904510252063,31.4,50,446.0,1.77,-0.9986295347545738,0.052335956242943946,11.524999999999999,open-meteo,2026-08-08T10:04:01+00:00
2026-07-30 18:00:00+00:00,FR,solar,27.6,55,265.2,5.03,-0.7547095802227722,0.656059028990507,31.6,30,209.0,5.97,-0.9205048534524405,0.3907311284892735,26.7,55,221.0,2.4,-0.8660254037844386,0.5000000000000001,30.3,53,267.0,2.36,-0.9961946980917455,0.08715574274765789,11.05,open-meteo,2026-08-08T10:04:01+00:00
2026-07-30 19:00:00+00:00,FR,solar,25.7,60,104.0,5.28,-0.6018150231520483,0.7986355100472928,28.6,40,65.0,5.43,-0.4383711467890778,0.8987940462991668,23.6,69,89.0,1.9,-0.3420201433256686,0.9396926207859084,28.9,59,98.0,2.42,-0.848048096156426,-0.529919264233205,8.700000000000003,open-meteo,2026-08-08T10:04:01+00:00
2026-07-30 20:00:00+00:00,FR,solar,23.8,68,7.7,4.55,-0.6427876096865396,0.7660444431189778,25.7,48,1.0,3.67,0.15643446504023087,0.9876883405951378,22.0,80,5.0,1.0,0.9975640502598242,0.06975647374412523,26.6,65,5.0,7.0,-0.7193398003386512,0.6946583704589973,6.524999999999999,open-meteo,2026-08-08T10:04:01+00:00
2026-07-30 21:00:00+00:00,FR,solar,22.2,75,0.0,3.4,-0.6819983600624984,0.7313537016191707,23.2,54,0.0,5.21,0.754709580222772,0.6560590289905073,20.6,78,0.0,0.9,0.7771459614569709,0.6293203910498374,24.2,72,0.0,6.86,-0.6946583704589976,0.7193398003386509,4.550000000000001,open-meteo,2026-08-08T10:04:01+00:00
2026-07-30 22:00:00+00:00,FR,solar,21.3,78,0.0,2.06,-0.7771459614569708,0.6293203910498375,21.9,59,0.0,3.1,0.9510565162951535,0.30901699437494745,19.0,79,0.0,3.2,0.9986295347545738,-0.05233595624294384,22.3,79,0.0,6.81,-0.7660444431189781,0.6427876096865393,3.125,open-meteo,2026-08-08T10:04:01+00:00
2026-07-30 23:00:00+00:00,FR,solar,20.4,77,0.0,3.54,-0.6819983600624984,0.7313537016191707,20.3,66,0.0,0.29,1.2246467991473532e-16,-1.0,18.8,76,0.0,7.7,-0.2588190451025207,0.9659258262890683,21.0,85,0.0,5.23,-0.7880107536067218,0.6156614753256585,2.125,open-meteo,2026-08-08T10:04:01+00:00
2026-07-31 00:00:00+00:00,FR,solar,19.8,80,0.0,4.79,-0.4383711467890778,0.8987940462991668,19.3,73,0.0,1.14,-0.5150380749100542,-0.8571673007021123,19.8,71,0.0,7.5,-0.3255681544571567,0.9455185755993168,20.3,87,0.0,4.53,-0.7771459614569708,0.6293203910498375,1.8000000000000007,open-meteo,2026-08-08T10:04:01+00:00
2026-07-31 01:00:00+00:00,FR,solar,19.6,79,0.0,2.28,-0.2588190451025207,0.9659258262890683,19.0,74,0.0,1.21,-0.9702957262759965,-0.24192189559966779,18.4,79,0.0,8.3,-0.13917310096006588,0.9902680687415703,19.9,88,0.0,4.23,-0.7431448254773946,0.6691306063588578,1.2250000000000014,open-meteo,2026-08-08T10:04:01+00:00
2026-07-31 02:00:00+00:00,FR,solar,19.2,83,0.0,3.54,-0.13917310096006588,0.9902680687415703,16.9,84,0.0,2.15,-0.9135454576426011,0.40673664307579976,18.5,74,0.0,6.9,-0.40673664307580015,0.9135454576426009,19.5,88,0.0,3.9,-0.7771459614569708,0.6293203910498375,0.5249999999999986,open-meteo,2026-08-08T10:04:01+00:00
2026-07-31 03:00:00+00:00,FR,solar,19.0,88,0.0,2.33,-0.1736481776669304,0.984807753012208,16.3,88,0.0,1.59,-0.7313537016191703,0.6819983600624987,18.8,75,0.0,6.3,-0.3090169943749477,0.9510565162951535,19.8,85,0.0,3.41,-0.7771459614569708,0.6293203910498375,0.47499999999999787,open-meteo,2026-08-08T10:04:01+00:00
2026-07-31 04:00:00+00:00,FR,solar,19.3,86,0.0,2.32,-0.992546151641322,0.12186934340514768,15.2,93,0.0,1.96,-0.9986295347545738,0.052335956242943946,17.8,77,0.0,6.1,-0.40673664307580015,0.9135454576426009,19.6,85,0.0,3.35,-0.7880107536067218,0.6156614753256585,0.02499999999999858,open-meteo,2026-08-08T10:04:01+00:00
2026-07-31 05:00:00+00:00,FR,solar,19.3,87,0.0,2.47,-0.9702957262759966,0.24192189559966745,16.4,87,22.0,1.98,-0.9876883405951377,-0.15643446504023104,17.8,77,8.0,6.4,-0.544639035015027,0.838670567945424,19.3,84,0.0,3.7,-0.8480480961564262,0.5299192642332047,0.1999999999999993,open-meteo,2026-08-08T10:04:01+00:00
2026-07-31 06:00:00+00:00,FR,solar,19.7,86,54.0,2.41,-0.9961946980917455,-0.08715574274765825,19.5,72,134.0,1.77,-0.9945218953682734,0.10452846326765299,18.4,76,52.0,4.6,-0.544639035015027,0.838670567945424,19.1,80,21.0,3.15,-0.8090169943749476,0.5877852522924729,1.1750000000000007,open-meteo,2026-08-08T10:04:01+00:00
2026-07-31 07:00:00+00:00,FR,solar,20.8,80,101.1,3.22,-0.992546151641322,0.12186934340514768,23.5,57,291.0,1.55,-0.9510565162951536,0.30901699437494723,19.0,78,97.0,4.7,-0.6946583704589976,0.7193398003386509,19.8,76,82.0,2.7,-0.945518575599317,0.3255681544571563,2.7749999999999986,open-meteo,2026-08-08T10:04:01+00:00
2026-07-31 08:00:00+00:00,FR,solar,22.6,69,374.2,2.9,-0.9993908270190958,0.03489949670250128,27.0,46,444.0,1.92,-0.9659258262890684,0.2588190451025203,20.0,74,160.0,4.1,-0.8386705679454243,0.5446390350150266,20.9,71,167.0,3.01,-0.945518575599317,0.3255681544571563,4.625,open-meteo,2026-08-08T10:04:01+00:00
2026-07-31 09:00:00+00:00,FR,solar,24.6,58,554.8,3.63,-0.9902680687415704,0.13917310096006547,29.4,42,603.0,2.18,-0.9902680687415703,-0.13917310096006583,21.7,65,459.0,3.9,-0.8480480961564262,0.5299192642332047,22.1,67,336.0,3.02,-0.9063077870366498,0.4226182617406996,6.450000000000003,open-meteo,2026-08-08T10:04:01+00:00
2026-07-31 10:00:00+00:00,FR,solar,26.0,54,574.8,3.91,-0.9743700647852352,0.22495105434386492,30.4,41,622.0,5.26,-0.913545457642601,-0.4067366430758001,23.1,60,599.0,4.4,-0.945518575599317,0.3255681544571563,24.3,61,497.0,3.68,-0.8746197071393956,0.4848096202463373,7.949999999999999,open-meteo,2026-08-08T10:04:01+00:00
2026-07-31 11:00:00+00:00,FR,solar,26.1,53,416.7,4.41,-0.9743700647852352,0.22495105434386492,30.8,40,521.0,7.25,-0.9876883405951377,-0.15643446504023104,24.1,54,713.0,5.0,-0.8386705679454243,0.5446390350150266,26.1,60,642.0,3.54,-0.9702957262759966,0.24192189559966745,8.774999999999999,open-meteo,2026-08-08T10:04:01+00:00
2026-07-31 12:00:00+00:00,FR,solar,25.8,53,280.1,5.47,-0.9876883405951378,0.15643446504023067,31.4,39,678.0,5.89,-0.9986295347545738,-0.052335956242944306,25.3,50,671.0,4.2,-0.9271838545667874,0.37460659341591196,26.9,57,744.0,4.16,-0.9659258262890684,0.2588190451025203,9.350000000000001,open-meteo,2026-08-08T10:04:01+00:00
2026-07-31 13:00:00+00:00,FR,solar,26.8,50,504.8,4.84,-0.992546151641322,0.12186934340514768,31.1,39,656.0,6.76,-0.9998476951563913,-0.017452406437283498,26.3,46,516.0,4.1,-0.8746197071393956,0.4848096202463373,27.6,53,662.0,4.19,-0.9335804264972017,0.3583679495453004,9.950000000000003,open-meteo,2026-08-08T10:04:01+00:00
2026-07-31 14:00:00+00:00,FR,solar,26.8,50,390.4,5.57,-0.9876883405951378,0.15643446504023067,31.0,39,667.0,6.2,-0.9335804264972017,0.3583679495453004,26.5,42,785.0,4.4,-0.9063077870366498,0.4226182617406996,28.5,49,593.0,3.83,-0.9743700647852352,0.22495105434386492,10.2,open-meteo,2026-08-08T10:04:01+00:00
2026-07-31 15:00:00+00:00,FR,solar,26.7,49,381.4,6.4,-0.9993908270190958,0.03489949670250128,29.9,39,522.0,6.32,-0.8660254037844386,0.5000000000000001,26.9,45,550.0,3.6,-0.9563047559630354,0.2923717047227367,28.0,50,512.0,4.75,-0.9902680687415704,0.13917310096006547,9.875,open-meteo,2026-08-08T10:04:01+00:00
2026-07-31 16:00:00+00:00,FR,solar,26.6,49,461.2,6.22,-0.898794046299167,0.4383711467890774,28.8,45,467.0,5.96,-0.5877852522924734,0.8090169943749473,26.4,41,483.0,4.1,-0.8660254037844386,0.5000000000000001,28.2,50,467.0,4.75,-0.9702957262759966,0.24192189559966745,9.500000000000004,open-meteo,2026-08-08T10:04:01+00:00
2026-07-31 17:00:00+00:00,FR,solar,25.5,55,444.4,6.0,-0.9135454576426011,0.40673664307579976,28.0,45,336.0,5.85,-0.7660444431189781,0.6427876096865393,26.9,41,380.0,3.6,-0.9659258262890684,0.2588190451025203,27.4,53,320.0,6.35,-0.9563047559630354,0.2923717047227367,8.950000000000003,open-meteo,2026-08-08T10:04:01+00:00
2026-07-31 18:00:00+00:00,FR,solar,24.2,59,271.6,6.53,-0.8910065241883679,0.45399049973954664,26.7,54,150.0,3.99,-0.8829475928589271,0.4694715627858904,26.1,46,174.0,4.9,-0.4226182617406992,0.90630778703665,25.1,60,201.0,6.48,-0.9396926207859083,0.342020143325669,7.524999999999999,open-meteo,2026-08-08T10:04:01+00:00
2026-07-31 19:00:00+00:00,FR,solar,22.6,66,104.2,5.72,-0.8910065241883679,0.45399049973954664,25.8,56,41.0,2.5,-0.6691306063588581,0.7431448254773944,23.4,60,51.0,6.5,-0.01745240643728356,0.9998476951563913,24.0,63,79.0,6.19,-0.9205048534524405,0.3907311284892735,5.950000000000003,open-meteo,2026-08-08T10:04:01+00:00
2026-07-31 20:00:00+00:00,FR,solar,20.9,74,6.9,4.16,-0.8910065241883679,0.45399049973954664,24.8,55,1.0,4.53,-0.7771459614569708,0.6293203910498375,22.5,63,5.0,7.3,-0.19080899537654467,0.981627183447664,22.2,69,5.0,7.1,-0.8191520442889918,0.573576436351046,4.600000000000001,open-meteo,2026-08-08T10:04:01+00:00
2026-07-31 21:00:00+00:00,FR,solar,20.0,79,0.0,3.23,-0.9612616959383188,0.2756373558169994,22.4,73,0.0,2.48,-0.15643446504023073,-0.9876883405951378,21.3,64,0.0,7.0,-0.034899496702500823,0.9993908270190958,20.6,74,0.0,6.66,-0.6819983600624984,0.7313537016191707,3.075000000000003,open-meteo,2026-08-08T10:04:01+00:00
2026-07-31 22:00:00+00:00,FR,solar,19.3,81,0.0,2.61,-0.9975640502598243,0.06975647374412522,21.3,80,0.0,5.21,-0.43837114678907746,-0.8987940462991669,20.3,64,0.0,7.7,0.24192189559966773,0.9702957262759965,19.2,79,0.0,5.42,-0.6560590289905074,0.7547095802227719,2.025000000000002,open-meteo,2026-08-08T10:04:01+00:00
2026-07-31 23:00:00+00:00,FR,solar,18.9,82,0.0,2.52,-0.992546151641322,0.12186934340514768,20.6,84,0.0,5.42,-0.34202014332566866,-0.9396926207859084,19.0,66,0.0,6.1,0.224951054343865,0.9743700647852352,17.9,86,0.0,4.23,-0.6691306063588581,0.7431448254773944,1.1000000000000014,open-meteo,2026-08-08T10:04:01+00:00
2026-08-01 00:00:00+00:00,FR,solar,18.3,85,0.0,2.45,-0.9781476007338056,0.20791169081775945,20.4,84,0.0,3.51,-0.587785252292473,-0.8090169943749475,18.5,65,0.0,6.8,-0.05233595624294437,0.9986295347545738,17.4,90,0.0,3.74,-0.7071067811865477,0.7071067811865474,0.6499999999999986,open-meteo,2026-08-08T10:04:01+00:00
2026-08-01 01:00:00+00:00,FR,solar,17.7,86,0.0,3.3,-0.9993908270190958,0.03489949670250128,19.8,87,0.0,2.5,-0.981627183447664,-0.1908089953765446,17.7,67,0.0,5.9,0.374606593415912,0.9271838545667874,16.6,94,0.0,3.96,-0.7660444431189781,0.6427876096865393,0.04999999999999716,open-meteo,2026-08-08T10:04:01+00:00
2026-08-01 02:00:00+00:00,FR,solar,17.0,90,0.0,3.4,-0.9135454576426011,0.40673664307579976,18.9,90,0.0,4.22,-0.9271838545667874,0.37460659341591196,16.7,72,0.0,6.6,0.43837114678907746,0.898794046299167,16.0,95,0.0,3.63,-0.7880107536067218,0.6156614753256585,0.8500000000000014,open-meteo,2026-08-08T10:04:01+00:00
2026-08-01 03:00:00+00:00,FR,solar,16.5,90,0.0,4.0,-1.0,-1.8369701987210297e-16,18.4,86,0.0,3.12,-0.7547095802227722,0.656059028990507,17.4,66,0.0,5.9,0.3255681544571567,0.9455185755993168,15.5,97,0.0,2.85,-0.7547095802227722,0.656059028990507,1.0500000000000007,open-meteo,2026-08-08T10:04:01+00:00
2026-08-01 04:00:00+00:00,FR,solar,16.3,89,0.0,4.98,-0.9271838545667873,-0.3746065934159123,18.7,75,0.0,2.85,-0.7547095802227722,0.656059028990507,16.4,71,0.0,3.8,0.13917310096006544,0.9902680687415704,15.2,100,0.0,2.5,-0.6691306063588581,0.7431448254773944,1.3500000000000014,open-meteo,2026-08-08T10:04:01+00:00
2026-08-01 05:00:00+00:00,FR,solar,15.7,94,0.0,4.6,-0.9993908270190958,-0.03489949670250076,18.7,73,13.0,1.49,-0.3907311284892739,0.9205048534524403,16.1,76,6.0,4.8,0.17364817766693033,0.984807753012208,15.5,100,0.0,2.36,-0.6691306063588581,0.7431448254773944,1.5,open-meteo,2026-08-08T10:04:01+00:00
2026-08-01 06:00:00+00:00,FR,solar,16.5,92,58.6,3.52,-0.992546151641322,0.12186934340514768,19.8,69,80.0,1.47,0.0697564737441253,0.9975640502598242,17.4,70,41.0,3.8,-0.19080899537654467,0.981627183447664,16.0,100,47.0,2.84,-0.6946583704589976,0.7193398003386509,0.5750000000000028,open-meteo,2026-08-08T10:04:01+00:00
2026-08-01 07:00:00+00:00,FR,solar,19.2,82,197.3,1.6,-1.0,-1.8369701987210297e-16,22.2,62,217.0,1.24,-0.3090169943749477,0.9510565162951535,17.8,70,223.0,2.9,0.374606593415912,0.9271838545667874,18.6,86,199.0,2.02,-0.7771459614569708,0.6293203910498375,1.4500000000000028,open-meteo,2026-08-08T10:04:01+00:00
2026-08-01 08:00:00+00:00,FR,solar,21.6,67,369.0,2.28,-0.7880107536067218,0.6156614753256585,23.5,59,296.0,1.47,-0.6018150231520483,0.7986355100472928,21.1,58,446.0,2.7,0.3255681544571567,0.9455185755993168,20.5,76,397.0,1.77,-0.8290375725550416,0.559192903470747,3.6750000000000007,open-meteo,2026-08-08T10:04:01+00:00
2026-08-01 09:00:00+00:00,FR,solar,23.6,57,561.7,0.4,-2.4492935982947064e-16,1.0,25.8,52,342.0,2.08,0.13917310096006544,0.9902680687415704,22.9,52,599.0,3.0,-0.5150380749100545,0.8571673007021121,22.8,66,565.0,1.71,-0.8571673007021123,0.5150380749100542,5.775000000000002,open-meteo,2026-08-08T10:04:01+00:00
2026-08-01 10:00:00+00:00,FR,solar,25.3,53,708.3,0.54,0.37460659341591224,-0.9271838545667873,27.4,46,600.0,2.39,0.3255681544571567,0.9455185755993168,23.7,50,728.0,1.7,-0.7071067811865477,0.7071067811865474,24.5,59,723.0,2.09,-0.9816271834476639,0.1908089953765451,7.225000000000001,open-meteo,2026-08-08T10:04:01+00:00
2026-08-01 11:00:00+00:00,FR,solar,27.1,47,804.6,0.72,0.8290375725550417,0.5591929034707468,28.5,41,682.0,1.47,0.6018150231520483,0.7986355100472928,26.0,39,816.0,2.4,-0.01745240643728356,0.9998476951563913,26.3,49,831.0,2.09,-0.9816271834476639,0.1908089953765451,8.974999999999998,open-meteo,2026-08-08T10:04:01+00:00
2026-08-01 12:00:00+00:00,FR,solar,28.5,43,857.1,0.36,0.8290375725550417,0.5591929034707468,28.5,41,557.0,1.06,0.5591929034707469,0.8290375725550417,26.4,28,863.0,1.5,-0.8386705679454243,0.5446390350150266,28.1,41,893.0,1.61,-0.7880107536067218,0.6156614753256585,9.875,open-meteo,2026-08-08T10:04:01+00:00
2026-08-01 13:00:00+00:00,FR,solar,30.3,40,863.8,3.5,0.5150380749100542,0.8571673007021123,28.9,38,461.0,3.12,-0.7547095802227722,0.656059028990507,26.2,39,865.0,2.2,-0.8480480961564262,0.5299192642332047,29.3,38,898.0,1.39,-0.6293203910498378,0.7771459614569706,10.675,open-meteo,2026-08-08T10:04:01+00:00
2026-08-01 14:00:00+00:00,FR,solar,30.9,39,806.3,2.26,0.224951054343865,0.9743700647852352,30.1,34,603.0,3.69,-0.7660444431189781,0.6427876096865393,27.9,26,799.0,2.9,-0.37460659341591235,0.9271838545667873,30.0,38,851.0,1.57,-0.9975640502598243,0.06975647374412522,11.725000000000001,open-meteo,2026-08-08T10:04:01+00:00
2026-08-01 15:00:00+00:00,FR,solar,31.3,37,719.1,3.05,0.39073112848927377,0.9205048534524404,29.9,32,566.0,2.36,-0.9961946980917455,0.08715574274765789,27.1,26,687.0,2.8,-0.529919264233205,0.8480480961564258,30.5,38,755.0,2.55,-1.0,-1.8369701987210297e-16,11.700000000000003,open-meteo,2026-08-08T10:04:01+00:00
2026-08-01 16:00:00+00:00,FR,solar,31.5,36,603.4,2.88,0.3420201433256687,0.9396926207859084,29.1,34,381.0,4.3,-0.7071067811865477,0.7071067811865474,26.8,30,499.0,2.3,-0.6946583704589976,0.7193398003386509,30.4,38,617.0,2.65,-0.9975640502598243,0.06975647374412522,11.450000000000003,open-meteo,2026-08-08T10:04:01+00:00
2026-08-01 17:00:00+00:00,FR,solar,29.8,39,439.2,6.66,-0.8386705679454243,0.5446390350150266,28.8,36,299.0,3.81,-0.6946583704589976,0.7193398003386509,26.2,28,344.0,5.2,0.1908089953765448,0.981627183447664,29.9,39,448.0,2.95,-0.9945218953682734,-0.10452846326765336,10.674999999999997,open-meteo,2026-08-08T10:04:01+00:00
2026-08-01 18:00:00+00:00,FR,solar,28.1,44,270.6,5.69,-0.9135454576426011,0.40673664307579976,27.6,39,150.0,5.47,-0.2588190451025207,0.9659258262890683,25.0,33,176.0,6.7,0.13917310096006544,0.9902680687415704,29.5,41,267.0,3.14,-0.9993908270190958,-0.03489949670250076,9.55,open-meteo,2026-08-08T10:04:01+00:00
2026-08-01 19:00:00+00:00,FR,solar,26.4,49,103.4,4.46,-0.9876883405951378,0.15643446504023067,25.9,44,42.0,5.74,0.13917310096006544,0.9902680687415704,22.7,36,48.0,6.4,0.20791169081775934,0.9781476007338057,27.5,47,96.0,3.53,-0.9993908270190958,0.03489949670250128,7.625,open-meteo,2026-08-08T10:04:01+00:00
2026-08-01 20:00:00+00:00,FR,solar,25.0,50,6.2,4.11,-0.9510565162951536,0.30901699437494723,24.4,46,1.0,5.92,0.4539904997395468,0.8910065241883679,21.7,31,2.0,6.1,0.15643446504023087,0.9876883405951378,24.9,58,4.0,2.9,-0.9781476007338056,-0.2079116908177598,6.0,open-meteo,2026-08-08T10:04:01+00:00
2026-08-01 21:00:00+00:00,FR,solar,23.7,52,0.0,3.22,-0.8660254037844386,0.5000000000000001,23.4,51,0.0,4.6,0.4539904997395468,0.8910065241883679,21.0,36,0.0,6.7,0.374606593415912,0.9271838545667874,23.1,64,0.0,6.11,-0.9271838545667874,0.37460659341591196,4.799999999999997,open-meteo,2026-08-08T10:04:01+00:00
2026-08-01 22:00:00+00:00,FR,solar,23.0,54,0.0,3.0,-0.8660254037844386,0.5000000000000001,22.5,55,0.0,3.45,0.573576436351046,0.8191520442889918,19.0,44,0.0,8.0,0.7986355100472928,0.6018150231520483,21.5,71,0.0,5.87,-0.8386705679454243,0.5446390350150266,3.5,open-meteo,2026-08-08T10:04:01+00:00
2026-08-01 23:00:00+00:00,FR,solar,22.0,57,0.0,2.62,-0.6819983600624984,0.7313537016191707,20.9,60,0.0,3.9,0.8829475928589269,0.46947156278589086,18.6,39,0.0,8.9,0.8829475928589269,0.46947156278589086,20.4,75,0.0,5.21,-0.898794046299167,0.4383711467890774,2.4750000000000014,open-meteo,2026-08-08T10:04:01+00:00
2026-08-02 00:00:00+00:00,FR,solar,21.1,60,0.0,2.78,-0.5000000000000004,0.8660254037844384,19.9,65,0.0,4.03,0.9510565162951535,0.30901699437494745,17.6,42,0.0,7.9,0.848048096156426,0.5299192642332049,19.6,79,0.0,5.17,-0.9848077530122081,0.17364817766692997,1.5500000000000007,open-meteo,2026-08-08T10:04:01+00:00
2026-08-02 01:00:00+00:00,FR,solar,20.3,63,0.0,3.54,0.13917310096006544,0.9902680687415704,20.0,67,0.0,6.51,0.9335804264972017,0.3583679495453004,16.6,41,0.0,8.7,0.9455185755993167,0.32556815445715676,19.0,81,0.0,5.13,-0.9925461516413221,-0.12186934340514717,0.9750000000000014,open-meteo,2026-08-08T10:04:01+00:00
2026-08-02 02:00:00+00:00,FR,solar,19.4,64,0.0,4.28,0.6018150231520483,0.7986355100472928,19.2,71,0.0,5.95,0.9396926207859083,0.3420201433256688,15.5,45,0.0,6.9,0.9563047559630354,0.29237170472273677,18.3,86,0.0,5.24,-0.9563047559630353,-0.2923717047227371,0.09999999999999787,open-meteo,2026-08-08T10:04:01+00:00
2026-08-02 03:00:00+00:00,FR,solar,18.8,67,0.0,3.54,0.8746197071393957,0.4848096202463371,17.9,77,0.0,4.82,0.8746197071393957,0.4848096202463371,15.6,46,0.0,8.9,0.9455185755993167,0.32556815445715676,17.6,91,0.0,4.43,-0.90630778703665,-0.42261826174069916,0.5249999999999986,open-meteo,2026-08-08T10:04:01+00:00
2026-08-02 04:00:00+00:00,FR,solar,18.1,79,0.0,0.81,0.49999999999999994,0.8660254037844387,17.5,74,0.0,5.3,0.9063077870366499,0.42261826174069944,14.4,46,0.0,6.7,0.9510565162951535,0.30901699437494745,17.3,92,0.0,4.6,-0.8910065241883678,-0.45399049973954697,1.1750000000000007,open-meteo,2026-08-08T10:04:01+00:00
2026-08-02 05:00:00+00:00,FR,solar,17.6,90,0.0,0.9,-2.4492935982947064e-16,1.0,18.3,67,16.0,6.15,0.9271838545667874,0.37460659341591196,13.5,57,16.0,7.1,0.9743700647852352,0.22495105434386492,17.3,94,0.0,4.53,-0.9271838545667873,-0.3746065934159123,1.3249999999999993,open-meteo,2026-08-08T10:04:01+00:00
2026-08-02 06:00:00+00:00,FR,solar,18.5,89,57.1,0.81,0.49999999999999994,0.8660254037844387,19.6,61,101.0,4.68,0.9612616959383189,0.27563735581699916,16.5,54,127.0,7.3,0.9510565162951535,0.30901699437494745,18.3,92,54.0,4.48,-0.984807753012208,-0.17364817766693033,0.22500000000000142,open-meteo,2026-08-08T10:04:01+00:00
2026-08-02 07:00:00+00:00,FR,solar,21.4,75,210.6,2.25,-0.848048096156426,-0.529919264233205,22.3,56,259.0,4.13,0.9702957262759965,0.24192189559966767,18.8,47,285.0,5.5,0.9612616959383189,0.27563735581699916,19.9,88,180.0,2.87,-0.9902680687415703,-0.13917310096006583,2.6000000000000014,open-meteo,2026-08-08T10:04:01+00:00
2026-08-02 08:00:00+00:00,FR,solar,24.3,59,388.1,1.7,-0.7071067811865475,-0.7071067811865477,24.8,51,454.0,4.23,0.9743700647852352,0.22495105434386492,21.4,39,453.0,3.3,0.9876883405951378,0.15643446504023092,22.2,80,354.0,2.07,-0.9961946980917455,-0.08715574274765825,5.175000000000001,open-meteo,2026-08-08T10:04:01+00:00
2026-08-02 09:00:00+00:00,FR,solar,27.3,48,557.1,1.44,-0.8290375725550418,-0.5591929034707466,27.8,45,612.0,4.16,0.9902680687415704,0.13917310096006547,24.0,37,605.0,1.4,0.9993908270190958,-0.034899496702500955,25.1,68,535.0,1.08,-1.0,-1.8369701987210297e-16,8.049999999999997,open-meteo,2026-08-08T10:04:01+00:00
2026-08-02 10:00:00+00:00,FR,solar,29.9,41,702.2,0.36,-0.5591929034707467,-0.8290375725550418,29.8,41,723.0,3.93,0.9975640502598242,0.06975647374412523,25.6,39,728.0,2.7,0.8829475928589269,0.46947156278589086,27.5,58,670.0,0.0,-1.0,-1.8369701987210297e-16,10.200000000000003,open-meteo,2026-08-08T10:04:01+00:00
2026-08-02 11:00:00+00:00,FR,solar,32.2,34,804.4,0.92,0.7547095802227721,-0.6560590289905072,31.6,36,763.0,3.5,0.981627183447664,-0.1908089953765448,27.4,33,812.0,2.4,0.9396926207859083,0.3420201433256688,29.8,50,764.0,0.88,1.0,6.123233995736766e-17,12.25,open-meteo,2026-08-08T10:04:01+00:00
2026-08-02 12:00:00+00:00,FR,solar,33.6,31,855.1,1.28,0.777145961456971,-0.6293203910498373,32.4,30,853.0,3.94,0.9702957262759965,-0.24192189559966779,28.8,32,823.0,1.1,0.9925461516413221,-0.12186934340514737,31.9,42,861.0,1.55,0.9510565162951535,0.30901699437494745,13.674999999999997,open-meteo,2026-08-08T10:04:01+00:00
2026-08-02 13:00:00+00:00,FR,solar,34.9,29,861.9,0.91,0.9945218953682733,-0.10452846326765355,33.4,26,844.0,2.82,0.9396926207859084,-0.3420201433256687,29.6,34,823.0,1.9,0.766044443118978,0.6427876096865394,33.3,37,888.0,1.2,0.8191520442889918,0.573576436351046,14.799999999999997,open-meteo,2026-08-08T10:04:01+00:00
2026-08-02 14:00:00+00:00,FR,solar,35.6,28,823.9,0.5,1.2246467991473532e-16,-1.0,33.4,26,780.0,3.35,0.9925461516413221,-0.12186934340514737,30.4,30,790.0,1.5,0.9925461516413221,-0.12186934340514737,34.3,34,842.0,0.63,0.6293203910498374,0.7771459614569709,15.424999999999997,open-meteo,2026-08-08T10:04:01+00:00
2026-08-02 15:00:00+00:00,FR,solar,37.3,28,739.2,3.45,-0.9271838545667874,0.37460659341591196,33.9,26,672.0,2.97,0.9563047559630354,0.29237170472273677,31.2,27,691.0,0.9,0.8910065241883679,-0.45399049973954675,34.9,33,744.0,0.75,-0.3907311284892739,0.9205048534524403,16.324999999999996,open-meteo,2026-08-08T10:04:01+00:00
2026-08-02 16:00:00+00:00,FR,solar,34.6,31,604.2,7.62,-0.9563047559630354,0.2923717047227367,33.6,27,530.0,2.35,0.9993908270190958,0.03489949670250108,31.0,29,553.0,1.7,-0.06975647374412564,0.9975640502598242,35.2,35,603.0,1.46,-0.9396926207859084,-0.34202014332566855,15.600000000000001,open-meteo,2026-08-08T10:04:01+00:00
2026-08-02 17:00:00+00:00,FR,solar,32.5,33,442.1,6.54,-0.9205048534524405,0.3907311284892735,32.8,30,360.0,4.4,0.9335804264972017,-0.35836794954530027,31.0,27,303.0,0.9,0.992546151641322,0.12186934340514749,34.7,35,430.0,3.63,-1.0,-1.8369701987210297e-16,14.75,open-meteo,2026-08-08T10:04:01+00:00
2026-08-02 18:00:00+00:00,FR,solar,30.8,36,264.5,6.11,-0.9335804264972017,0.3583679495453004,31.6,30,195.0,7.05,0.9998476951563913,-0.017452406437283477,30.3,29,196.0,2.5,-0.6819983600624984,0.7313537016191707,33.6,38,251.0,5.31,-0.9961946980917455,0.08715574274765789,13.575000000000003,open-meteo,2026-08-08T10:04:01+00:00
2026-08-02 19:00:00+00:00,FR,solar,28.1,43,99.5,5.2,-0.9998476951563913,-0.017452406437283498,29.5,34,59.0,7.78,0.9945218953682733,0.10452846326765346,26.3,44,76.0,5.3,-0.3907311284892739,0.9205048534524403,29.7,50,91.0,7.44,-0.9510565162951536,0.30901699437494723,10.400000000000002,open-meteo,2026-08-08T10:04:01+00:00
2026-08-02 20:00:00+00:00,FR,solar,26.1,48,5.4,5.01,-0.9986295347545738,-0.052335956242944306,27.2,39,1.0,9.05,0.9961946980917455,0.08715574274765814,24.7,42,3.0,6.1,0.17364817766693033,0.984807753012208,26.6,60,4.0,8.01,-0.9781476007338056,0.20791169081775945,8.149999999999999,open-meteo,2026-08-08T10:04:01+00:00
2026-08-02 21:00:00+00:00,FR,solar,24.5,53,0.0,4.08,-0.981627183447664,-0.1908089953765446,26.2,40,0.0,8.72,1.0,6.123233995736766e-17,24.1,53,0.0,8.2,-0.01745240643728356,0.9998476951563913,23.9,70,0.0,7.97,-0.9961946980917455,0.08715574274765789,6.675000000000004,open-meteo,2026-08-08T10:04:01+00:00
2026-08-02 22:00:00+00:00,FR,solar,23.6,58,0.0,3.62,-0.9945218953682734,-0.10452846326765336,24.9,43,0.0,7.35,0.9993908270190958,0.03489949670250108,22.4,56,0.0,8.8,0.224951054343865,0.9743700647852352,22.2,79,0.0,8.03,-0.9998476951563913,-0.017452406437283498,5.275000000000002,open-meteo,2026-08-08T10:04:01+00:00
2026-08-02 23:00:00+00:00,FR,solar,22.7,63,0.0,3.55,-0.984807753012208,-0.17364817766693033,23.7,45,0.0,6.58,0.9986295347545738,0.052335956242943966,21.5,60,0.0,7.0,0.374606593415912,0.9271838545667874,20.8,89,0.0,6.99,-0.9945218953682734,-0.10452846326765336,4.175000000000001,open-meteo,2026-08-08T10:04:01+00:00
2026-08-03 00:00:00+00:00,FR,solar,21.7,76,0.0,4.43,-0.90630778703665,-0.42261826174069916,23.0,47,0.0,6.38,0.9986295347545738,0.052335956242943966,20.8,54,0.0,6.1,0.5150380749100542,0.8571673007021123,20.2,94,0.0,6.33,-0.9902680687415703,-0.13917310096006583,3.4250000000000007,open-meteo,2026-08-08T10:04:01+00:00
2026-08-03 01:00:00+00:00,FR,solar,21.0,85,0.0,4.75,-0.656059028990507,-0.7547095802227721,21.0,53,0.0,4.22,0.9975640502598242,-0.06975647374412533,19.2,55,0.0,3.0,0.6946583704589973,0.7193398003386512,19.8,96,0.0,6.28,-0.981627183447664,-0.1908089953765446,2.25,open-meteo,2026-08-08T10:04:01+00:00
2026-08-03 02:00:00+00:00,FR,solar,20.8,89,0.0,4.25,-0.656059028990507,-0.7547095802227721,19.6,59,0.0,2.71,0.9743700647852352,-0.22495105434386503,18.4,66,0.0,3.4,0.9998476951563913,-0.017452406437283477,19.6,97,0.0,5.87,-0.9659258262890683,-0.25881904510252063,1.6000000000000014,open-meteo,2026-08-08T10:04:01+00:00
2026-08-03 03:00:00+00:00,FR,solar,20.5,90,0.0,4.17,-0.7193398003386512,-0.6946583704589973,18.9,61,0.0,2.26,0.9993908270190958,0.03489949670250108,17.5,59,0.0,2.4,0.8910065241883679,-0.45399049973954675,19.3,97,0.0,5.11,-0.9396926207859084,-0.34202014332566855,1.0500000000000007,open-meteo,2026-08-08T10:04:01+00:00
2026-08-03 04:00:00+00:00,FR,solar,20.3,91,0.0,4.06,-0.7880107536067221,-0.6156614753256581,18.2,63,0.0,2.6,0.9396926207859084,-0.3420201433256687,17.2,59,0.0,5.7,1.0,6.123233995736766e-17,19.3,97,0.0,5.05,-0.9510565162951535,-0.30901699437494756,0.75,open-meteo,2026-08-08T10:04:01+00:00
2026-08-03 05:00:00+00:00,FR,solar,20.2,91,0.0,5.2,-0.7880107536067221,-0.6156614753256581,18.4,63,19.0,2.28,0.90630778703665,-0.42261826174069933,18.2,62,14.0,6.8,0.9998476951563913,-0.017452406437283477,19.3,96,0.0,3.57,-0.9335804264972015,-0.3583679495453007,1.0249999999999986,open-meteo,2026-08-08T10:04:01+00:00
2026-08-03 06:00:00+00:00,FR,solar,20.5,92,29.3,3.61,-0.8290375725550418,-0.5591929034707466,21.9,48,121.0,2.91,0.9396926207859084,-0.3420201433256687,20.0,55,110.0,5.6,0.9743700647852352,-0.22495105434386503,20.0,93,45.0,2.39,-0.8191520442889916,-0.5735764363510464,2.6000000000000014,open-meteo,2026-08-08T10:04:01+00:00
2026-08-03 07:00:00+00:00,FR,solar,21.7,87,107.3,2.24,0.17364817766693033,0.984807753012208,25.8,40,275.0,2.31,0.9781476007338057,-0.20791169081775934,21.9,48,266.0,6.4,0.981627183447664,-0.1908089953765448,21.3,88,148.0,1.5,-0.848048096156426,-0.529919264233205,4.675000000000001,open-meteo,2026-08-08T10:04:01+00:00
2026-08-03 08:00:00+00:00,FR,solar,23.4,74,245.4,4.13,-0.992546151641322,0.12186934340514768,29.4,37,420.0,1.87,0.7313537016191706,-0.6819983600624984,24.9,38,327.0,4.6,0.9612616959383189,-0.27563735581699905,22.8,80,309.0,1.1,-0.8910065241883678,-0.45399049973954697,7.1249999999999964,open-meteo,2026-08-08T10:04:01+00:00
2026-08-03 09:00:00+00:00,FR,solar,25.3,62,526.8,2.26,-0.7071067811865477,0.7071067811865474,32.3,35,562.0,3.26,0.2756373558169992,-0.9612616959383189,27.7,38,442.0,3.3,0.9925461516413221,-0.12186934340514737,23.7,75,481.0,1.27,-1.0,-1.8369701987210297e-16,9.25,open-meteo,2026-08-08T10:04:01+00:00
2026-08-03 10:00:00+00:00,FR,solar,26.6,57,656.6,0.64,-0.7771459614569706,-0.6293203910498378,34.9,32,720.0,3.19,0.3090169943749475,-0.9510565162951535,29.9,34,534.0,2.6,0.9902680687415704,-0.13917310096006535,25.2,69,433.0,1.12,0.788010753606722,-0.6156614753256583,11.150000000000002,open-meteo,2026-08-08T10:04:01+00:00
2026-08-03 11:00:00+00:00,FR,solar,27.9,54,747.7,1.0,-0.6018150231520484,-0.7986355100472928,36.7,27,807.0,4.27,0.529919264233205,-0.848048096156426,32.5,30,767.0,2.9,0.9335804264972017,-0.35836794954530027,26.5,65,439.0,1.41,0.5591929034707469,-0.8290375725550416,12.899999999999999,open-meteo,2026-08-08T10:04:01+00:00
2026-08-03 12:00:00+00:00,FR,solar,28.4,53,839.3,0.4,1.2246467991473532e-16,-1.0,37.4,25,825.0,5.31,0.39073112848927377,-0.9205048534524404,34.6,26,822.0,3.3,0.9135454576426009,-0.40673664307580026,24.6,68,531.0,4.62,0.9563047559630354,0.29237170472273677,13.25,open-meteo,2026-08-08T10:04:01+00:00
2026-08-03 13:00:00+00:00,FR,solar,29.9,53,769.1,1.52,-0.9205048534524403,-0.3907311284892738,37.4,27,733.0,5.99,0.3583679495453002,-0.9335804264972017,35.7,28,815.0,2.2,0.5591929034707469,-0.8290375725550416,26.9,62,561.0,3.92,0.9986295347545738,-0.05233595624294384,14.475000000000001,open-meteo,2026-08-08T10:04:01+00:00
2026-08-03 14:00:00+00:00,FR,solar,30.5,49,533.2,1.25,-0.48480962024633695,-0.8746197071393959,36.0,28,402.0,6.56,0.01745240643728344,-0.9998476951563913,36.2,28,653.0,2.0,-0.5000000000000001,-0.8660254037844386,28.1,59,727.0,2.98,0.9205048534524403,-0.39073112848927377,14.700000000000003,open-meteo,2026-08-08T10:04:01+00:00
2026-08-03 15:00:00+00:00,FR,solar,30.3,50,523.9,1.2,-0.9961946980917455,-0.08715574274765825,36.1,24,380.0,5.69,-0.7431448254773944,-0.6691306063588581,36.4,26,579.0,3.1,-0.7660444431189779,-0.6427876096865395,27.9,59,436.0,1.18,-0.7431448254773944,-0.6691306063588581,14.675000000000004,open-meteo,2026-08-08T10:04:01+00:00
2026-08-03 16:00:00+00:00,FR,solar,29.6,50,541.7,5.02,-0.9961946980917455,-0.08715574274765825,37.0,21,445.0,4.09,-0.19080899537654472,-0.981627183447664,25.6,56,465.0,8.7,0.8746197071393957,0.4848096202463371,27.9,61,209.0,1.1,-0.4539904997395467,-0.8910065241883679,12.024999999999999,open-meteo,2026-08-08T10:04:01+00:00
2026-08-03 17:00:00+00:00,FR,solar,28.0,56,381.2,5.22,-0.9781476007338056,0.20791169081775945,35.6,22,280.0,5.59,-0.0348994967025009,-0.9993908270190958,35.6,26,379.0,6.6,-0.9945218953682734,0.10452846326765299,27.6,61,167.0,1.12,0.788010753606722,-0.6156614753256583,13.700000000000003,open-meteo,2026-08-08T10:04:01+00:00
2026-08-03 18:00:00+00:00,FR,solar,26.9,58,171.3,4.98,-0.9848077530122081,0.17364817766692997,35.0,22,111.0,5.03,0.12186934340514755,-0.992546151641322,20.9,94,139.0,17.2,-0.7771459614569706,-0.6293203910498378,26.0,75,114.0,3.25,0.0871557427476582,-0.9961946980917455,9.2,open-meteo,2026-08-08T10:04:01+00:00
2026-08-03 19:00:00+00:00,FR,solar,25.2,64,69.3,5.26,-0.9335804264972017,0.3583679495453004,28.4,56,43.0,10.32,-0.7071067811865477,0.7071067811865474,22.1,87,2.0,9.0,0.01745240643728344,-0.9998476951563913,25.2,79,66.0,3.19,-0.6819983600624984,-0.7313537016191706,7.224999999999998,open-meteo,2026-08-08T10:04:01+00:00
2026-08-03 20:00:00+00:00,FR,solar,23.3,71,4.6,4.3,-0.8571673007021123,0.5150380749100542,26.3,61,0.0,6.22,-0.4694715627858908,0.882947592858927,20.7,94,0.0,8.3,0.0697564737441253,0.9975640502598242,23.3,87,3.0,1.63,0.838670567945424,-0.5446390350150272,5.399999999999999,open-meteo,2026-08-08T10:04:01+00:00
2026-08-03 21:00:00+00:00,FR,solar,22.5,75,0.0,3.08,-0.5877852522924734,0.8090169943749473,25.8,59,0.0,4.78,-0.981627183447664,-0.1908089953765446,20.6,94,0.0,7.6,0.9743700647852352,0.22495105434386492,23.2,81,0.0,3.18,-0.8290375725550416,0.559192903470747,5.025000000000002,open-meteo,2026-08-08T10:04:01+00:00
2026-08-03 22:00:00+00:00,FR,solar,22.0,79,0.0,2.7,-0.9993908270190958,-0.03489949670250076,25.0,65,0.0,2.5,0.7431448254773942,0.6691306063588582,19.8,99,0.0,1.7,0.6427876096865395,-0.7660444431189779,22.3,86,0.0,4.78,-0.6819983600624984,0.7313537016191707,4.274999999999999,open-meteo,2026-08-08T10:04:01+00:00
2026-08-03 23:00:00+00:00,FR,solar,21.0,86,0.0,2.38,-0.9659258262890684,0.2588190451025203,24.2,69,0.0,9.45,-0.08715574274765794,-0.9961946980917455,19.5,99,0.0,3.0,0.5877852522924731,0.8090169943749475,21.4,88,0.0,4.52,-0.6560590289905074,0.7547095802227719,3.5249999999999986,open-meteo,2026-08-08T10:04:01+00:00
2026-08-04 00:00:00+00:00,FR,solar,20.6,89,0.0,1.5,-0.9975640502598243,0.06975647374412522,22.2,76,0.0,6.38,0.3090169943749475,-0.9510565162951535,19.1,98,0.0,3.7,0.7193398003386511,-0.6946583704589974,20.6,89,0.0,3.83,-0.6427876096865396,0.7660444431189778,2.625,open-meteo,2026-08-08T10:04:01+00:00
2026-08-04 01:00:00+00:00,FR,solar,20.7,88,0.0,1.66,-0.9063077870366498,0.4226182617406996,22.2,77,0.0,4.57,-0.6819983600624984,-0.7313537016191706,19.0,97,0.0,7.2,0.01745240643728344,-0.9998476951563913,19.9,92,0.0,3.73,-0.24192189559966787,0.9702957262759965,2.4499999999999993,open-meteo,2026-08-08T10:04:01+00:00
2026-08-04 02:00:00+00:00,FR,solar,19.9,89,0.0,3.69,-0.9743700647852352,0.22495105434386492,22.2,71,0.0,6.41,-0.6293203910498376,-0.7771459614569708,19.1,95,0.0,6.6,-0.4067366430758002,-0.9135454576426009,19.4,94,0.0,2.67,-0.4694715627858908,0.882947592858927,2.1499999999999986,open-meteo,2026-08-08T10:04:01+00:00
2026-08-04 03:00:00+00:00,FR,solar,19.6,89,0.0,4.1,-0.9998476951563913,0.01745240643728313,22.1,76,0.0,5.13,-0.7431448254773944,-0.6691306063588581,18.5,97,0.0,2.9,-0.46947156278589086,-0.8829475928589269,19.1,96,0.0,2.49,-0.7071067811865477,0.7071067811865474,1.8250000000000028,open-meteo,2026-08-08T10:04:01+00:00
2026-08-04 04:00:00+00:00,FR,solar,19.7,89,0.0,3.9,-1.0,-1.8369701987210297e-16,21.4,77,0.0,5.24,-0.9563047559630353,-0.2923717047227371,19.8,95,0.0,9.1,-0.587785252292473,-0.8090169943749475,18.9,97,0.0,2.45,-0.7986355100472932,0.6018150231520479,1.9499999999999957,open-meteo,2026-08-08T10:04:01+00:00
2026-08-04 05:00:00+00:00,FR,solar,19.0,94,0.0,3.31,-0.9961946980917455,0.08715574274765789,20.9,81,15.0,3.02,-0.90630778703665,-0.42261826174069916,19.0,98,2.0,5.7,0.05233595624294381,-0.9986295347545738,18.6,97,0.0,2.85,-0.9612616959383188,0.2756373558169994,1.375,open-meteo,2026-08-08T10:04:01+00:00
2026-08-04 06:00:00+00:00,FR,solar,19.5,94,44.2,1.77,-0.961261695938319,-0.2756373558169989,21.9,81,105.0,3.86,-0.4539904997395467,-0.8910065241883679,20.2,96,54.0,5.2,-0.9563047559630353,-0.2923717047227371,19.7,90,43.0,4.05,-0.992546151641322,0.12186934340514768,2.3249999999999993,open-meteo,2026-08-08T10:04:01+00:00
2026-08-04 07:00:00+00:00,FR,solar,21.3,81,150.5,1.71,-0.992546151641322,0.12186934340514768,23.3,78,207.0,1.97,-0.1045284632676535,-0.9945218953682733,20.5,95,70.0,6.8,-0.7660444431189779,-0.6427876096865395,20.8,85,155.0,2.85,-0.9975640502598243,0.06975647374412522,3.474999999999998,open-meteo,2026-08-08T10:04:01+00:00
2026-08-04 08:00:00+00:00,FR,solar,23.3,68,304.0,2.35,-0.9781476007338056,0.20791169081775945,24.8,75,344.0,2.36,-0.7431448254773944,-0.6691306063588581,21.6,93,84.0,6.5,-0.6018150231520484,-0.7986355100472928,22.3,79,288.0,2.4,-0.9781476007338056,0.20791169081775945,5.0,open-meteo,2026-08-08T10:04:01+00:00
2026-08-04 09:00:00+00:00,FR,solar,24.9,59,530.9,2.79,-0.9659258262890684,0.2588190451025203,26.1,66,436.0,1.14,0.8571673007021123,-0.5150380749100543,21.8,94,24.0,2.3,-0.1045284632676535,-0.9945218953682733,24.2,70,418.0,2.31,-0.9781476007338056,0.20791169081775945,6.25,open-meteo,2026-08-08T10:04:01+00:00
2026-08-04 10:00:00+00:00,FR,solar,26.5,53,686.0,2.42,-0.8660254037844386,0.5000000000000001,27.9,57,466.0,3.23,-0.5735764363510462,-0.8191520442889918,22.0,94,382.0,2.8,-0.5000000000000001,-0.8660254037844386,25.7,64,560.0,1.88,-0.9876883405951377,-0.15643446504023104,7.525000000000002,open-meteo,2026-08-08T10:04:01+00:00
2026-08-04 11:00:00+00:00,FR,solar,28.3,46,791.7,2.72,-0.8090169943749476,0.5877852522924729,28.2,59,399.0,1.47,-0.9975640502598242,-0.06975647374412558,21.3,97,39.0,4.0,-0.22495105434386498,-0.9743700647852352,27.3,56,671.0,1.58,-0.9271838545667873,-0.3746065934159123,8.274999999999999,open-meteo,2026-08-08T10:04:01+00:00
2026-08-04 12:00:00+00:00,FR,solar,29.6,42,841.6,2.91,-0.6560590289905074,0.7547095802227719,31.4,46,732.0,2.43,-0.7660444431189779,-0.6427876096865395,25.0,74,132.0,4.3,-0.48480962024633695,-0.8746197071393959,29.0,51,770.0,2.65,-0.9975640502598242,-0.06975647374412558,10.75,open-meteo,2026-08-08T10:04:01+00:00
2026-08-04 13:00:00+00:00,FR,solar,30.3,40,705.2,2.47,-0.35836794954530077,0.9335804264972015,32.6,39,811.0,2.84,-0.6946583704589974,-0.7193398003386511,22.2,91,51.0,5.4,0.777145961456971,-0.6293203910498373,30.3,47,849.0,2.65,-0.9975640502598242,-0.06975647374412558,10.850000000000001,open-meteo,2026-08-08T10:04:01+00:00
2026-08-04 14:00:00+00:00,FR,solar,30.8,39,537.0,3.07,-0.3255681544571567,0.9455185755993168,32.7,37,589.0,8.5,-0.8987940462991668,-0.43837114678907774,23.7,85,173.0,6.1,0.6427876096865395,-0.7660444431189779,31.0,45,837.0,3.06,-0.9925461516413221,-0.12186934340514717,11.55,open-meteo,2026-08-08T10:04:01+00:00
2026-08-04 15:00:00+00:00,FR,solar,30.1,43,487.7,5.1,-0.7431448254773946,0.6691306063588578,32.6,38,570.0,4.99,-0.7313537016191703,-0.6819983600624986,23.1,97,162.0,4.2,0.19080899537654497,-0.9816271834476639,30.8,44,739.0,3.83,-0.9975640502598243,0.06975647374412522,11.150000000000002,open-meteo,2026-08-08T10:04:01+00:00
2026-08-04 16:00:00+00:00,FR,solar,29.2,46,467.8,5.3,-0.5877852522924734,0.8090169943749473,32.5,34,448.0,5.64,-0.9396926207859084,-0.34202014332566855,26.0,74,485.0,3.4,-0.46947156278589086,-0.8829475928589269,30.9,43,545.0,3.94,-0.9945218953682734,0.10452846326765299,11.649999999999999,open-meteo,2026-08-08T10:04:01+00:00
2026-08-04 17:00:00+00:00,FR,solar,28.5,49,332.6,5.73,-0.6819983600624984,0.7313537016191707,31.5,38,291.0,7.35,-0.9993908270190958,-0.03489949670250076,25.4,84,348.0,5.1,0.4383711467890773,-0.898794046299167,30.2,46,381.0,4.59,-0.9612616959383188,0.2756373558169994,10.900000000000002,open-meteo,2026-08-08T10:04:01+00:00
2026-08-04 18:00:00+00:00,FR,solar,27.1,55,220.1,7.43,-0.7313537016191703,0.6819983600624987,30.0,44,188.0,6.37,-0.9993908270190958,0.03489949670250128,26.7,81,217.0,2.1,0.777145961456971,-0.6293203910498373,29.0,49,245.0,4.6,-0.8910065241883679,0.45399049973954664,10.2,open-meteo,2026-08-08T10:04:01+00:00
2026-08-04 19:00:00+00:00,FR,solar,25.7,60,91.8,5.73,-0.6819983600624984,0.7313537016191707,28.5,48,53.0,5.78,-0.9993908270190958,0.03489949670250128,24.9,85,75.0,4.8,-0.4067366430758002,-0.9135454576426009,27.3,54,87.0,5.71,-0.8191520442889918,0.573576436351046,8.599999999999998,open-meteo,2026-08-08T10:04:01+00:00
2026-08-04 20:00:00+00:00,FR,solar,23.8,69,4.6,4.75,-0.7547095802227722,0.656059028990507,26.4,60,0.0,5.29,-0.7771459614569708,0.6293203910498375,22.9,88,2.0,8.2,-0.34202014332566866,-0.9396926207859084,24.9,65,3.0,7.49,-0.6819983600624984,0.7313537016191707,6.5,open-meteo,2026-08-08T10:04:01+00:00
2026-08-04 21:00:00+00:00,FR,solar,22.5,79,0.0,3.72,-0.8571673007021123,0.5150380749100542,25.0,65,0.0,4.35,-0.9205048534524405,0.3907311284892735,22.6,79,0.0,9.2,-0.882947592858927,-0.46947156278589075,23.8,69,0.0,8.15,-0.5735764363510465,0.8191520442889916,5.474999999999998,open-meteo,2026-08-08T10:04:01+00:00
2026-08-04 22:00:00+00:00,FR,solar,21.7,84,0.0,3.81,-0.9205048534524405,0.3907311284892735,23.5,73,0.0,3.16,-0.9925461516413221,-0.12186934340514717,21.4,84,0.0,9.4,-0.8290375725550418,-0.5591929034707466,22.6,75,0.0,6.89,-0.5000000000000004,0.8660254037844384,4.299999999999997,open-meteo,2026-08-08T10:04:01+00:00
2026-08-04 23:00:00+00:00,FR,solar,21.1,88,0.0,3.28,-0.9781476007338056,0.20791169081775945,22.7,77,0.0,3.26,-0.7193398003386512,-0.6946583704589973,20.4,86,0.0,3.8,-0.9902680687415703,-0.13917310096006583,21.5,80,0.0,5.28,-0.5150380749100545,0.8571673007021121,3.424999999999997,open-meteo,2026-08-08T10:04:01+00:00
2026-08-05 00:00:00+00:00,FR,solar,20.6,91,0.0,2.96,-0.9781476007338056,0.20791169081775945,22.9,73,0.0,4.5,-0.34202014332566866,-0.9396926207859084,20.7,86,0.0,6.0,-0.6691306063588581,0.7431448254773944,20.8,84,0.0,4.35,-0.5150380749100545,0.8571673007021121,3.25,open-meteo,2026-08-08T10:04:01+00:00
2026-08-05 01:00:00+00:00,FR,solar,20.1,94,0.0,3.75,-0.9876883405951378,0.15643446504023067,22.0,77,0.0,4.24,-0.6427876096865393,-0.766044443118978,19.3,90,0.0,5.5,-0.4848096202463369,0.8746197071393959,20.1,88,0.0,3.69,-0.6427876096865396,0.7660444431189778,2.375,open-meteo,2026-08-08T10:04:01+00:00
2026-08-05 02:00:00+00:00,FR,solar,19.7,96,0.0,3.61,-0.9702957262759966,0.24192189559966745,21.5,80,0.0,3.74,-0.9945218953682734,-0.10452846326765336,18.7,91,0.0,4.8,-0.35836794954530077,0.9335804264972015,19.9,90,0.0,3.61,-0.7547095802227722,0.656059028990507,1.9500000000000028,open-meteo,2026-08-08T10:04:01+00:00
2026-08-05 03:00:00+00:00,FR,solar,19.5,96,0.0,2.42,-0.9925461516413221,-0.12186934340514717,20.3,81,0.0,3.56,-0.9902680687415703,-0.13917310096006583,18.7,91,0.0,4.0,-0.9961946980917455,-0.08715574274765825,20.3,89,0.0,3.12,-0.7547095802227722,0.656059028990507,1.6999999999999993,open-meteo,2026-08-08T10:04:01+00:00
2026-08-05 04:00:00+00:00,FR,solar,18.8,98,0.0,2.41,-0.7431448254773944,-0.6691306063588581,19.8,83,0.0,3.33,-0.7071067811865475,-0.7071067811865477,18.9,87,0.0,7.0,-0.754709580222772,-0.6560590289905073,20.2,89,0.0,3.05,-0.7071067811865477,0.7071067811865474,1.4250000000000007,open-meteo,2026-08-08T10:04:01+00:00
2026-08-05 05:00:00+00:00,FR,solar,19.1,99,0.0,4.33,-0.32556815445715676,-0.9455185755993167,19.5,82,17.0,4.61,-0.874619707139396,-0.48480962024633684,18.3,89,12.0,7.4,-0.7771459614569706,-0.6293203910498378,20.1,90,0.0,2.94,-0.7986355100472932,0.6018150231520479,1.25,open-meteo,2026-08-08T10:04:01+00:00
2026-08-05 06:00:00+00:00,FR,solar,19.9,96,12.5,3.39,-0.7071067811865475,-0.7071067811865477,21.3,71,122.0,3.92,-0.848048096156426,-0.529919264233205,19.3,84,96.0,7.3,-0.9975640502598243,0.06975647374412522,20.1,91,27.0,3.0,-0.7880107536067218,0.6156614753256585,2.1499999999999986,open-meteo,2026-08-08T10:04:01+00:00
2026-08-05 07:00:00+00:00,FR,solar,21.7,87,92.6,1.97,-0.913545457642601,-0.4067366430758001,24.1,58,276.0,4.46,-0.8386705679454242,-0.544639035015027,21.1,77,266.0,5.4,-0.9925461516413221,-0.12186934340514717,20.9,88,99.0,2.01,-0.7313537016191703,0.6819983600624987,3.950000000000003,open-meteo,2026-08-08T10:04:01+00:00
2026-08-05 08:00:00+00:00,FR,solar,23.1,77,233.0,2.83,-0.6691306063588581,0.7431448254773944,25.9,52,425.0,5.19,-0.9271838545667873,-0.3746065934159123,22.1,73,429.0,5.0,-0.8910065241883678,-0.45399049973954697,22.0,80,141.0,1.97,-0.45399049973954697,0.8910065241883678,5.274999999999999,open-meteo,2026-08-08T10:04:01+00:00
2026-08-05 09:00:00+00:00,FR,solar,24.2,69,347.8,2.55,-0.7071067811865477,0.7071067811865474,27.2,48,524.0,5.8,-0.9271838545667873,-0.3746065934159123,23.1,70,580.0,5.0,-0.754709580222772,-0.6560590289905073,23.9,70,269.0,1.86,0.052335956242943835,0.9986295347545738,6.600000000000001,open-meteo,2026-08-08T10:04:01+00:00
2026-08-05 10:00:00+00:00,FR,solar,25.5,58,384.1,3.39,-0.7071067811865477,0.7071067811865474,28.3,43,640.0,6.41,-0.9205048534524403,-0.3907311284892738,23.3,64,428.0,5.2,-0.7431448254773944,-0.6691306063588581,25.0,64,402.0,0.98,0.10452846326765347,0.9945218953682733,7.524999999999999,open-meteo,2026-08-08T10:04:01+00:00
2026-08-05 11:00:00+00:00,FR,solar,26.2,53,710.6,1.97,-0.8660254037844386,0.5000000000000001,29.2,39,637.0,7.41,-0.9396926207859084,-0.34202014332566855,24.0,63,609.0,5.9,-0.7986355100472928,-0.6018150231520483,25.9,59,463.0,1.39,-0.7771459614569708,0.6293203910498375,8.325000000000003,open-meteo,2026-08-08T10:04:01+00:00
2026-08-05 12:00:00+00:00,FR,solar,26.9,47,333.5,2.83,-0.8480480961564262,0.5299192642332047,29.0,38,619.0,7.84,-0.882947592858927,-0.46947156278589075,24.8,60,586.0,5.6,-0.7771459614569706,-0.6293203910498378,26.6,57,389.0,2.2,-0.9335804264972017,0.3583679495453004,8.825000000000003,open-meteo,2026-08-08T10:04:01+00:00
2026-08-05 13:00:00+00:00,FR,solar,28.5,43,770.6,2.64,-0.9063077870366498,0.4226182617406996,29.3,37,556.0,8.37,-0.9510565162951535,-0.30901699437494756,25.7,46,578.0,7.0,-0.9455185755993168,-0.32556815445715664,27.6,54,464.0,2.72,-0.898794046299167,0.4383711467890774,9.774999999999999,open-meteo,2026-08-08T10:04:01+00:00
2026-08-05 14:00:00+00:00,FR,solar,28.6,44,518.3,4.03,-0.9205048534524405,0.3907311284892735,29.7,35,608.0,7.67,-0.984807753012208,-0.17364817766693033,25.4,48,579.0,6.3,-0.8660254037844384,-0.5000000000000004,28.5,50,561.0,2.76,-0.8910065241883679,0.45399049973954664,10.049999999999997,open-meteo,2026-08-08T10:04:01+00:00
2026-08-05 15:00:00+00:00,FR,solar,28.0,46,510.0,4.1,-0.5591929034707466,0.8290375725550418,28.6,36,334.0,7.18,-0.9961946980917455,-0.08715574274765825,26.8,37,647.0,6.4,-0.9659258262890683,-0.25881904510252063,28.5,53,523.0,2.37,-0.9135454576426011,0.40673664307579976,9.975000000000001,open-meteo,2026-08-08T10:04:01+00:00
2026-08-05 16:00:00+00:00,FR,solar,28.0,44,395.1,4.61,-0.6560590289905074,0.7547095802227719,29.7,33,383.0,6.76,-1.0,-1.8369701987210297e-16,26.5,37,539.0,6.3,-0.9135454576426011,0.40673664307579976,28.4,51,369.0,2.12,-0.8290375725550416,0.559192903470747,10.149999999999999,open-meteo,2026-08-08T10:04:01+00:00
2026-08-05 17:00:00+00:00,FR,solar,27.1,45,430.0,5.67,-0.7547095802227722,0.656059028990507,28.9,35,329.0,6.86,-0.9993908270190958,0.03489949670250128,25.7,38,384.0,5.1,-0.9975640502598243,0.06975647374412522,28.0,52,225.0,3.26,-0.7547095802227722,0.656059028990507,9.425,open-meteo,2026-08-08T10:04:01+00:00
2026-08-05 18:00:00+00:00,FR,solar,26.1,47,254.1,5.52,-0.7193398003386512,0.6946583704589973,27.6,36,194.0,8.18,-0.9945218953682734,0.10452846326765299,24.5,48,218.0,6.7,-0.9271838545667874,0.37460659341591196,26.5,57,126.0,4.52,-0.5000000000000004,0.8660254037844384,8.175,open-meteo,2026-08-08T10:04:01+00:00
2026-08-05 19:00:00+00:00,FR,solar,24.3,52,91.0,5.14,-0.6018150231520483,0.7986355100472928,25.9,39,51.0,7.87,-0.9702957262759966,0.24192189559966745,22.4,54,73.0,5.2,-0.898794046299167,0.4383711467890774,25.5,60,49.0,4.52,-0.3090169943749477,0.9510565162951535,6.524999999999999,open-meteo,2026-08-08T10:04:01+00:00
2026-08-05 20:00:00+00:00,FR,solar,22.7,63,3.9,4.13,-0.529919264233205,0.8480480961564258,23.6,44,0.0,8.3,-0.992546151641322,0.12186934340514768,20.1,63,2.0,6.4,-0.6819983600624984,0.7313537016191707,24.5,61,1.0,6.04,-0.22495105434386534,0.9743700647852351,4.725000000000001,open-meteo,2026-08-08T10:04:01+00:00
2026-08-05 21:00:00+00:00,FR,solar,21.6,68,0.0,3.41,-0.529919264233205,0.8480480961564258,21.7,55,0.0,5.49,-0.9998476951563913,0.01745240643728313,19.9,59,0.0,6.2,-0.6293203910498378,0.7771459614569706,23.5,62,0.0,6.29,0.0697564737441253,0.9975640502598242,3.674999999999997,open-meteo,2026-08-08T10:04:01+00:00
2026-08-05 22:00:00+00:00,FR,solar,21.5,70,0.0,3.89,-0.4383711467890778,0.8987940462991668,20.3,60,0.0,6.92,-0.9781476007338056,0.20791169081775945,18.4,65,0.0,6.0,-0.4694715627858908,0.882947592858927,22.0,63,0.0,6.72,0.13917310096006544,0.9902680687415704,2.549999999999997,open-meteo,2026-08-08T10:04:01+00:00
2026-08-05 23:00:00+00:00,FR,solar,20.7,70,0.0,4.32,-0.22495105434386534,0.9743700647852351,19.6,59,0.0,6.9,-0.7771459614569708,0.6293203910498375,16.4,76,0.0,5.6,-0.6560590289905074,0.7547095802227719,20.6,67,0.0,7.4,0.1908089953765448,0.981627183447664,1.3249999999999993,open-meteo,2026-08-08T10:04:01+00:00
2026-08-06 00:00:00+00:00,FR,solar,20.0,74,0.0,4.37,-0.19080899537654467,0.981627183447664,18.4,68,0.0,4.5,-0.6946583704589976,0.7193398003386509,16.0,73,0.0,3.7,-0.6560590289905074,0.7547095802227719,20.2,71,0.0,7.02,0.13917310096006544,0.9902680687415704,0.6499999999999986,open-meteo,2026-08-08T10:04:01+00:00
2026-08-06 01:00:00+00:00,FR,solar,19.9,76,0.0,4.7,-0.034899496702500823,0.9993908270190958,17.4,74,0.0,3.75,-0.544639035015027,0.838670567945424,14.3,83,0.0,3.5,-0.7193398003386512,0.6946583704589973,19.7,73,0.0,7.09,0.10452846326765347,0.9945218953682733,0.1750000000000007,open-meteo,2026-08-08T10:04:01+00:00
2026-08-06 02:00:00+00:00,FR,solar,19.6,77,0.0,5.12,0.10452846326765347,0.9945218953682733,16.6,78,0.0,4.95,-0.5591929034707466,0.8290375725550418,13.2,88,0.0,4.7,-0.8386705679454243,0.5446390350150266,19.4,75,0.0,6.49,0.08715574274765817,0.9961946980917455,0.7999999999999972,open-meteo,2026-08-08T10:04:01+00:00
2026-08-06 03:00:00+00:00,FR,solar,19.2,79,0.0,3.98,0.20791169081775934,0.9781476007338057,16.8,74,0.0,5.0,-0.4383711467890778,0.8987940462991668,13.9,75,0.0,5.2,-0.9205048534524405,0.3907311284892735,19.4,73,0.0,5.53,0.12186934340514748,0.992546151641322,0.6750000000000007,open-meteo,2026-08-08T10:04:01+00:00
2026-08-06 04:00:00+00:00,FR,solar,18.8,81,0.0,3.89,0.3090169943749474,0.9510565162951535,16.5,68,0.0,4.23,-0.22495105434386534,0.9743700647852351,13.0,85,0.0,5.3,-0.9961946980917455,0.08715574274765789,19.1,71,0.0,4.66,0.13917310096006544,0.9902680687415704,1.1499999999999986,open-meteo,2026-08-08T10:04:01+00:00
2026-08-06 05:00:00+00:00,FR,solar,18.3,82,0.0,4.1,0.224951054343865,0.9743700647852352,15.8,68,15.0,3.99,-0.4226182617406992,0.90630778703665,12.5,90,9.0,6.3,-0.9659258262890684,0.2588190451025203,18.9,68,0.0,4.38,0.17364817766693033,0.984807753012208,1.625,open-meteo,2026-08-08T10:04:01+00:00
2026-08-06 06:00:00+00:00,FR,solar,18.8,80,30.1,3.79,0.3090169943749474,0.9510565162951535,17.2,62,101.0,2.94,-0.6018150231520483,0.7986355100472928,14.8,79,113.0,4.8,-0.9848077530122081,0.17364817766692997,19.1,67,30.0,4.28,0.27563735581699916,0.9612616959383189,0.5249999999999986,open-meteo,2026-08-08T10:04:01+00:00
2026-08-06 07:00:00+00:00,FR,solar,19.7,73,172.8,3.4,0.24192189559966773,0.9702957262759965,19.2,47,204.0,3.0,-0.6156614753256582,0.7880107536067221,16.6,74,244.0,2.7,-0.9848077530122081,0.17364817766692997,19.7,64,102.0,3.88,0.27563735581699916,0.9612616959383189,0.8000000000000007,open-meteo,2026-08-08T10:04:01+00:00
2026-08-06 08:00:00+00:00,FR,solar,20.6,67,311.7,2.46,0.4539904997395468,0.8910065241883679,21.2,37,375.0,3.12,-0.7193398003386512,0.6946583704589973,18.1,73,343.0,2.0,-0.9335804264972017,0.3583679495453004,20.7,59,205.0,3.29,0.17364817766693033,0.984807753012208,2.1499999999999986,open-meteo,2026-08-08T10:04:01+00:00
2026-08-06 09:00:00+00:00,FR,solar,22.4,55,546.3,2.0,0.052335956242943835,0.9986295347545738,23.5,35,500.0,2.92,-0.7660444431189781,0.6427876096865393,19.8,53,442.0,3.1,-0.9396926207859083,0.342020143325669,22.3,50,338.0,3.33,0.24192189559966773,0.9702957262759965,4.0,open-meteo,2026-08-08T10:04:01+00:00
2026-08-06 10:00:00+00:00,FR,solar,24.2,45,656.8,2.1,-2.4492935982947064e-16,1.0,25.1,35,670.0,3.23,-0.8191520442889918,0.573576436351046,19.7,58,686.0,4.0,-0.9396926207859083,0.342020143325669,24.1,44,481.0,2.73,0.25881904510252074,0.9659258262890683,5.274999999999999,open-meteo,2026-08-08T10:04:01+00:00
2026-08-06 11:00:00+00:00,FR,solar,25.8,43,793.2,2.37,-0.4694715627858908,0.882947592858927,26.1,33,722.0,3.78,-0.8571673007021123,0.5150380749100542,21.0,51,753.0,3.8,-0.9510565162951536,0.30901699437494723,25.8,40,645.0,2.18,0.13917310096006544,0.9902680687415704,6.675000000000001,open-meteo,2026-08-08T10:04:01+00:00
2026-08-06 12:00:00+00:00,FR,solar,27.2,39,866.5,2.42,-0.7880107536067218,0.6156614753256585,26.3,33,586.0,4.91,-0.9205048534524405,0.3907311284892735,22.4,43,787.0,4.8,-0.898794046299167,0.4383711467890774,27.2,37,751.0,1.77,0.10452846326765347,0.9945218953682733,7.775000000000002,open-meteo,2026-08-08T10:04:01+00:00
2026-08-06 13:00:00+00:00,FR,solar,28.6,34,874.2,2.53,-0.9510565162951536,0.30901699437494723,26.9,31,741.0,4.74,-0.9135454576426011,0.40673664307579976,22.7,41,834.0,4.8,-0.9063077870366498,0.4226182617406996,28.3,35,755.0,1.83,-0.27563735581699894,0.9612616959383189,8.625,open-meteo,2026-08-08T10:04:01+00:00
2026-08-06 14:00:00+00:00,FR,solar,29.7,29,831.0,4.78,-0.7986355100472932,0.6018150231520479,27.4,30,685.0,5.1,-0.7880107536067218,0.6156614753256585,23.2,37,782.0,4.1,-0.8571673007021123,0.5150380749100542,29.0,37,704.0,2.37,-0.6156614753256582,0.7880107536067221,9.325,open-meteo,2026-08-08T10:04:01+00:00
2026-08-06 15:00:00+00:00,FR,solar,29.0,34,737.7,2.92,-0.5150380749100545,0.8571673007021121,26.7,31,631.0,6.01,-0.8290375725550416,0.559192903470747,23.7,33,689.0,4.2,-0.8290375725550416,0.559192903470747,29.3,38,639.0,2.84,-0.6946583704589976,0.7193398003386509,9.175,open-meteo,2026-08-08T10:04:01+00:00
2026-08-06 16:00:00+00:00,FR,solar,29.3,36,596.5,2.48,-0.6427876096865396,0.7660444431189778,25.7,35,514.0,6.89,-0.6427876096865396,0.7660444431189778,23.4,33,552.0,4.4,-0.8090169943749476,0.5877852522924729,29.0,39,561.0,2.98,-0.7193398003386512,0.6946583704589973,8.850000000000001,open-meteo,2026-08-08T10:04:01+00:00
2026-08-06 17:00:00+00:00,FR,solar,28.8,35,422.6,4.7,-0.45399049973954697,0.8910065241883678,24.6,37,359.0,7.7,-0.7431448254773946,0.6691306063588578,23.0,33,390.0,5.0,-0.7431448254773946,0.6691306063588578,28.3,40,381.0,2.88,-0.8191520442889918,0.573576436351046,8.175,open-meteo,2026-08-08T10:04:01+00:00
2026-08-06 18:00:00+00:00,FR,solar,26.8,41,256.4,4.5,-0.6018150231520483,0.7986355100472928,23.8,40,191.0,7.18,-0.6293203910498378,0.7771459614569706,22.5,31,223.0,5.6,-0.544639035015027,0.838670567945424,27.7,42,220.0,2.08,-0.7547095802227722,0.656059028990507,7.199999999999999,open-meteo,2026-08-08T10:04:01+00:00
2026-08-06 19:00:00+00:00,FR,solar,24.6,49,89.5,5.08,-0.8090169943749476,0.5877852522924729,22.2,42,51.0,7.01,-0.45399049973954697,0.8910065241883678,20.1,37,74.0,5.9,-0.5000000000000004,0.8660254037844384,26.2,49,54.0,2.31,-0.20791169081775987,0.9781476007338056,5.275000000000002,open-meteo,2026-08-08T10:04:01+00:00
2026-08-06 20:00:00+00:00,FR,solar,22.5,58,0.8,3.92,-0.6156614753256582,0.7880107536067221,20.4,45,0.0,7.59,-0.3420201433256686,0.9396926207859084,18.2,38,2.0,7.7,-0.5735764363510465,0.8191520442889916,23.6,53,1.0,7.53,-0.6293203910498378,0.7771459614569706,3.174999999999997,open-meteo,2026-08-08T10:04:01+00:00
2026-08-06 21:00:00+00:00,FR,solar,21.0,63,0.0,3.97,-0.5591929034707466,0.8290375725550418,19.3,47,0.0,5.55,-0.35836794954530077,0.9335804264972015,17.8,38,0.0,7.8,-0.37460659341591235,0.9271838545667873,21.8,54,0.0,6.63,-0.40673664307580015,0.9135454576426009,1.9749999999999979,open-meteo,2026-08-08T10:04:01+00:00
2026-08-06 22:00:00+00:00,FR,solar,20.6,62,0.0,3.04,-0.6946583704589976,0.7193398003386509,17.4,55,0.0,5.47,-0.2588190451025207,0.9659258262890683,16.3,44,0.0,7.3,0.17364817766693033,0.984807753012208,20.2,59,0.0,6.15,-0.15643446504023112,0.9876883405951377,0.625,open-meteo,2026-08-08T10:04:01+00:00
2026-08-06 23:00:00+00:00,FR,solar,19.5,69,0.0,2.55,-0.898794046299167,0.4383711467890774,16.5,60,0.0,5.09,-0.19080899537654467,0.981627183447664,15.2,53,0.0,7.8,0.5150380749100542,0.8571673007021123,18.9,66,0.0,5.19,-0.19080899537654467,0.981627183447664,0.4750000000000014,open-meteo,2026-08-08T10:04:01+00:00
2026-08-07 00:00:00+00:00,FR,solar,18.7,72,0.0,3.72,-0.8571673007021123,0.5150380749100542,15.1,66,0.0,3.11,0.224951054343865,0.9743700647852352,15.0,58,0.0,6.7,0.5877852522924731,0.8090169943749475,17.8,73,0.0,3.7,-0.529919264233205,0.8480480961564258,1.3500000000000014,open-meteo,2026-08-08T10:04:01+00:00
2026-08-07 01:00:00+00:00,FR,solar,18.2,75,0.0,3.49,-0.8910065241883679,0.45399049973954664,13.2,75,0.0,3.28,0.29237170472273677,0.9563047559630354,12.8,66,0.0,6.1,0.6691306063588582,0.7431448254773942,16.5,80,0.0,3.17,-0.9271838545667874,0.37460659341591196,2.8249999999999993,open-meteo,2026-08-08T10:04:01+00:00
2026-08-07 02:00:00+00:00,FR,solar,17.4,82,0.0,3.52,-0.8191520442889918,0.573576436351046,13.7,70,0.0,5.77,0.35836794954530027,0.9335804264972017,12.4,62,0.0,6.0,0.9205048534524404,0.3907311284892737,15.9,83,0.0,4.03,-0.9975640502598243,0.06975647374412522,3.1500000000000004,open-meteo,2026-08-08T10:04:01+00:00
2026-08-07 03:00:00+00:00,FR,solar,17.1,85,0.0,3.19,-0.7547095802227722,0.656059028990507,14.0,69,0.0,5.26,0.48480962024633706,0.8746197071393957,11.9,70,0.0,5.7,0.848048096156426,0.5299192642332049,15.5,86,0.0,4.63,-0.9945218953682734,-0.10452846326765336,3.375,open-meteo,2026-08-08T10:04:01+00:00
2026-08-07 04:00:00+00:00,FR,solar,16.7,88,0.0,3.26,-0.19080899537654467,0.981627183447664,13.1,73,0.0,5.49,0.573576436351046,0.8191520442889918,10.9,70,0.0,5.4,0.984807753012208,0.17364817766693041,15.3,86,0.0,4.44,-0.9945218953682734,-0.10452846326765336,4.0,open-meteo,2026-08-08T10:04:01+00:00
2026-08-07 05:00:00+00:00,FR,solar,16.0,91,0.0,4.75,0.49999999999999994,0.8660254037844387,13.0,74,15.0,4.96,0.49999999999999994,0.8660254037844387,10.0,80,8.0,4.1,0.984807753012208,0.17364817766693041,14.7,90,0.0,4.04,-0.9945218953682734,-0.10452846326765336,4.574999999999999,open-meteo,2026-08-08T10:04:01+00:00
2026-08-07 06:00:00+00:00,FR,solar,16.9,84,47.1,3.78,0.7986355100472928,0.6018150231520483,14.8,67,124.0,4.34,0.42261826174069944,0.9063077870366499,12.8,70,73.0,3.9,0.9743700647852352,0.22495105434386492,15.8,88,53.0,3.26,-0.9925461516413221,-0.12186934340514717,2.9250000000000007,open-meteo,2026-08-08T10:04:01+00:00
2026-08-07 07:00:00+00:00,FR,solar,20.2,63,200.6,2.73,0.9135454576426009,0.4067366430758002,17.0,57,288.0,4.37,0.5591929034707469,0.8290375725550417,13.9,63,184.0,2.0,0.8660254037844386,0.5000000000000001,18.2,77,208.0,2.47,-0.9925461516413221,-0.12186934340514717,0.6750000000000007,open-meteo,2026-08-08T10:04:01+00:00
2026-08-07 08:00:00+00:00,FR,solar,23.3,46,378.9,2.6,0.9993908270190958,-0.034899496702500955,19.3,49,449.0,4.62,0.5877852522924731,0.8090169943749475,17.1,51,392.0,1.9,0.766044443118978,0.6427876096865394,20.7,70,390.0,1.57,-1.0,-1.8369701987210297e-16,2.1000000000000014,open-meteo,2026-08-08T10:04:01+00:00
2026-08-07 09:00:00+00:00,FR,solar,25.5,39,553.2,1.2,0.9961946980917455,0.08715574274765814,21.7,43,604.0,3.78,0.5150380749100542,0.8571673007021123,19.3,43,593.0,2.6,0.9510565162951535,0.30901699437494745,23.6,59,564.0,0.88,-1.0,-1.8369701987210297e-16,4.524999999999999,open-meteo,2026-08-08T10:04:01+00:00
2026-08-07 10:00:00+00:00,FR,solar,27.9,34,702.2,2.0,0.7986355100472928,0.6018150231520483,24.1,37,744.0,3.57,0.35836794954530027,0.9335804264972017,20.4,38,672.0,1.8,0.4067366430758002,0.9135454576426009,26.3,49,711.0,0.29,-1.0,-1.8369701987210297e-16,6.675000000000001,open-meteo,2026-08-08T10:04:01+00:00
2026-08-07 11:00:00+00:00,FR,solar,29.6,29,813.5,2.68,0.8910065241883679,0.45399049973954686,25.6,33,831.0,4.04,0.39073112848927377,0.9205048534524404,21.4,32,806.0,2.9,0.24192189559966773,0.9702957262759965,28.5,42,819.0,0.88,0.8910065241883679,0.45399049973954686,8.274999999999999,open-meteo,2026-08-08T10:04:01+00:00
2026-08-07 12:00:00+00:00,FR,solar,30.9,27,875.0,3.44,0.8090169943749475,0.5877852522924731,26.7,29,866.0,3.33,0.4694715627858908,0.882947592858927,23.0,28,835.0,2.1,0.13917310096006544,0.9902680687415704,30.3,38,879.0,1.47,0.7986355100472928,0.6018150231520483,9.724999999999998,open-meteo,2026-08-08T10:04:01+00:00
2026-08-07 13:00:00+00:00,FR,solar,31.8,25,883.5,3.22,0.8660254037844386,0.5000000000000001,27.5,28,852.0,3.19,0.3090169943749474,0.9510565162951535,23.0,26,838.0,3.1,0.08715574274765817,0.9961946980917455,31.4,35,884.0,1.52,0.7071067811865475,0.7071067811865476,10.424999999999997,open-meteo,2026-08-08T10:04:01+00:00
2026-08-07 14:00:00+00:00,FR,solar,32.8,23,838.7,2.72,0.5877852522924731,0.8090169943749475,27.4,27,785.0,4.19,-0.27563735581699894,0.9612616959383189,23.6,29,738.0,3.7,0.5150380749100542,0.8571673007021123,31.9,34,835.0,0.97,0.7071067811865475,0.7071067811865476,10.924999999999997,open-meteo,2026-08-08T10:04:01+00:00
2026-08-07 15:00:00+00:00,FR,solar,33.2,23,743.8,2.04,0.981627183447664,0.19080899537654492,27.7,23,677.0,3.06,0.12186934340514748,0.992546151641322,24.6,27,690.0,3.5,0.573576436351046,0.8191520442889918,32.4,33,738.0,0.44,0.4539904997395468,0.8910065241883679,11.475000000000001,open-meteo,2026-08-08T10:04:01+00:00
2026-08-07 16:00:00+00:00,FR,solar,33.9,21,604.9,2.62,0.766044443118978,0.6427876096865394,27.4,21,535.0,2.02,-0.3907311284892739,0.9205048534524403,23.9,27,552.0,4.1,0.24192189559966773,0.9702957262759965,32.8,33,600.0,1.32,0.6691306063588582,0.7431448254773942,11.499999999999996,open-meteo,2026-08-08T10:04:01+00:00
2026-08-07 17:00:00+00:00,FR,solar,33.5,22,436.5,0.99,0.7071067811865475,0.7071067811865476,26.3,28,364.0,4.57,0.39073112848927377,0.9205048534524404,23.1,34,391.0,4.6,0.3255681544571567,0.9455185755993168,31.9,35,431.0,2.05,0.9563047559630355,-0.29237170472273666,10.700000000000003,open-meteo,2026-08-08T10:04:01+00:00
2026-08-07 18:00:00+00:00,FR,solar,32.9,22,255.4,3.64,0.6018150231520483,0.7986355100472928,25.7,26,193.0,4.57,0.39073112848927377,0.9205048534524404,23.1,33,219.0,5.0,0.25881904510252074,0.9659258262890683,31.1,33,249.0,2.74,1.0,6.123233995736766e-17,10.199999999999996,open-meteo,2026-08-08T10:04:01+00:00
2026-08-07 19:00:00+00:00,FR,solar,31.1,25,88.0,6.22,0.43837114678907746,0.898794046299167,23.3,32,50.0,5.33,0.29237170472273677,0.9563047559630354,20.2,39,71.0,7.0,0.03489949670250097,0.9993908270190958,28.3,42,81.0,3.33,0.9993908270190958,0.03489949670250108,7.725000000000001,open-meteo,2026-08-08T10:04:01+00:00
2026-08-07 20:00:00+00:00,FR,solar,28.7,30,0.8,6.17,0.3420201433256687,0.9396926207859084,20.7,35,0.0,5.04,0.4067366430758002,0.9135454576426009,18.0,47,1.0,7.9,0.29237170472273677,0.9563047559630354,26.3,47,1.0,2.55,0.9993908270190958,-0.034899496702500955,5.425000000000001,open-meteo,2026-08-08T10:04:01+00:00
2026-08-07 21:00:00+00:00,FR,solar,26.6,36,0.0,5.55,0.24192189559966773,0.9702957262759965,19.0,37,0.0,5.25,0.5446390350150271,0.838670567945424,17.7,47,0.0,7.3,0.5150380749100542,0.8571673007021123,24.5,50,0.0,3.15,0.9961946980917455,0.08715574274765814,3.9499999999999993,open-meteo,2026-08-08T10:04:01+00:00
2026-08-07 22:00:00+00:00,FR,solar,25.2,41,0.0,4.12,0.39073112848927377,0.9205048534524404,17.4,42,0.0,5.27,0.6819983600624985,0.7313537016191705,16.6,47,0.0,9.5,0.6946583704589973,0.7193398003386512,24.3,48,0.0,2.77,0.9902680687415704,-0.13917310096006535,2.875,open-meteo,2026-08-08T10:04:01+00:00
2026-08-07 23:00:00+00:00,FR,solar,24.0,47,0.0,4.84,0.3090169943749474,0.9510565162951535,17.1,42,0.0,6.49,0.6156614753256583,0.7880107536067219,16.2,52,0.0,10.6,0.7986355100472928,0.6018150231520483,23.2,48,0.0,1.86,0.9986295347545738,0.052335956242943966,2.125,open-meteo,2026-08-08T10:04:01+00:00
2026-08-08 00:00:00+00:00,FR,solar,23.3,51,0.0,5.39,0.6427876096865393,0.766044443118978,16.7,46,0.0,7.01,0.838670567945424,0.5446390350150271,15.4,55,0.0,9.6,0.8191520442889918,0.573576436351046,19.7,63,0.0,2.23,-0.7880107536067221,-0.6156614753256581,0.7749999999999986,open-meteo,2026-08-08T10:04:01+00:00
2026-08-08 01:00:00+00:00,FR,solar,22.9,41,0.0,4.83,0.766044443118978,0.6427876096865394,16.2,53,0.0,6.96,0.7771459614569709,0.6293203910498374,14.6,56,0.0,8.4,0.9396926207859083,0.3420201433256688,19.4,76,0.0,5.21,-0.961261695938319,-0.2756373558169989,0.2749999999999986,open-meteo,2026-08-08T10:04:01+00:00
2026-08-08 02:00:00+00:00,FR,solar,22.0,43,0.0,5.19,0.9455185755993167,0.32556815445715676,15.2,59,0.0,6.6,0.754709580222772,0.6560590289905073,13.8,64,0.0,8.7,0.9205048534524404,0.3907311284892737,19.0,78,0.0,5.28,-0.9271838545667873,-0.3746065934159123,0.5,open-meteo,2026-08-08T10:04:01+00:00
2026-08-08 03:00:00+00:00,FR,solar,21.3,48,0.0,5.36,0.9876883405951378,0.15643446504023092,14.2,64,0.0,6.53,0.754709580222772,0.6560590289905073,13.2,68,0.0,8.1,0.9563047559630354,0.29237170472273677,18.4,85,0.0,5.43,-0.8987940462991668,-0.43837114678907774,1.2250000000000014,open-meteo,2026-08-08T10:04:01+00:00
2026-08-08 04:00:00+00:00,FR,solar,21.2,39,0.0,5.06,0.9510565162951535,0.30901699437494745,13.7,66,0.0,6.84,0.788010753606722,0.6156614753256583,12.3,68,0.0,7.9,0.984807753012208,0.17364817766693041,17.8,91,0.0,4.88,-0.9271838545667873,-0.3746065934159123,1.75,open-meteo,2026-08-08T10:04:01+00:00
2026-08-08 05:00:00+00:00,FR,solar,20.1,46,0.0,4.68,0.9612616959383189,-0.27563735581699905,13.3,68,13.0,5.74,0.7986355100472928,0.6018150231520483,11.7,78,9.0,7.1,0.9945218953682733,0.10452846326765346,17.4,94,0.0,4.3,-0.913545457642601,-0.4067366430758001,2.3749999999999982,open-meteo,2026-08-08T10:04:01+00:00
2026-08-08 06:00:00+00:00,FR,solar,19.9,52,44.0,4.24,0.6819983600624986,-0.7313537016191705,15.2,59,119.0,5.6,0.8090169943749475,0.5877852522924731,14.3,69,111.0,7.2,0.9975640502598242,0.06975647374412523,18.2,94,49.0,3.04,-0.8386705679454242,-0.544639035015027,1.1000000000000014,open-meteo,2026-08-08T10:04:01+00:00
2026-08-08 07:00:00+00:00,FR,solar,22.1,69,193.7,3.14,-0.15643446504023073,-0.9876883405951378,17.9,52,281.0,4.35,0.8090169943749475,0.5877852522924731,16.8,56,268.0,6.2,0.9998476951563913,0.0174524064372836,20.7,85,202.0,2.29,-0.7313537016191703,-0.6819983600624986,1.375,open-meteo,2026-08-08T10:04:01+00:00
2026-08-08 08:00:00+00:00,FR,solar,25.4,58,370.4,1.7,-0.052335956242943564,-0.9986295347545738,20.8,44,451.0,4.13,0.8571673007021123,0.5150380749100542,18.8,50,439.0,4.6,0.9975640502598242,-0.06975647374412533,23.3,74,384.0,1.18,-0.7431448254773944,-0.6691306063588581,4.074999999999999,open-meteo,2026-08-08T10:04:01+00:00
2026-08-08 09:00:00+00:00,FR,solar,28.8,44,542.4,1.75,-0.22495105434386498,-0.9743700647852352,24.0,37,607.0,4.17,0.8660254037844386,0.5000000000000001,21.3,44,592.0,4.0,0.9945218953682733,-0.10452846326765355,26.1,63,559.0,0.77,-0.6427876096865393,-0.766044443118978,7.049999999999997,open-meteo,2026-08-08T10:04:01+00:00
2026-08-08 10:00:00+00:00,FR,solar,31.8,35,688.3,2.02,0.15643446504023098,-0.9876883405951377,26.7,31,734.0,4.65,0.8829475928589269,0.46947156278589086,23.8,36,721.0,3.0,0.984807753012208,-0.1736481776669303,28.9,51,706.0,0.6,0.15643446504023098,-0.9876883405951377,9.799999999999997,open-meteo,2026-08-08T10:04:01+00:00
2026-08-08 11:00:00+00:00,FR,solar,33.8,29,795.3,2.8,0.03489949670250114,-0.9993908270190958,28.7,28,820.0,4.52,0.9135454576426009,0.4067366430758002,25.6,29,811.0,2.2,0.9998476951563913,0.0174524064372836,31.5,42,813.0,0.84,0.8090169943749475,-0.587785252292473,11.899999999999999,open-meteo,2026-08-08T10:04:01+00:00
2026-08-08 12:00:00+00:00,FR,solar,35.1,26,855.7,3.44,0.4383711467890773,-0.898794046299167,30.3,26,856.0,3.66,0.9396926207859083,0.3420201433256688,26.8,26,838.0,2.3,0.9986295347545738,0.052335956242943966,33.5,35,870.0,1.74,0.9612616959383189,-0.27563735581699905,13.425,open-meteo,2026-08-08T10:04:01+00:00
2026-08-08 13:00:00+00:00,FR,solar,36.2,24,865.9,3.22,0.3420201433256689,-0.9396926207859083,31.5,25,840.0,2.14,0.9612616959383189,0.27563735581699916,27.6,23,722.0,2.3,0.9876883405951378,0.15643446504023092,34.6,32,861.0,1.98,0.838670567945424,-0.5446390350150272,14.475000000000001,open-meteo,2026-08-08T10:04:01+00:00
2026-08-08 14:00:00+00:00,FR,solar,37.1,24,821.4,2.82,-0.19080899537654472,-0.981627183447664,31.8,22,755.0,1.71,0.40673664307580043,-0.9135454576426008,28.3,21,723.0,1.9,0.9902680687415704,0.13917310096006547,35.4,31,785.0,2.12,0.5591929034707469,-0.8290375725550416,15.149999999999999,open-meteo,2026-08-08T10:04:01+00:00
2026-08-08 15:00:00+00:00,FR,solar,37.5,22,726.7,1.64,-0.5150380749100542,-0.8571673007021123,32.0,19,658.0,1.84,-0.90630778703665,-0.42261826174069916,28.8,20,657.0,1.5,0.9743700647852352,0.22495105434386492,35.8,31,724.0,2.1,0.6018150231520482,-0.7986355100472929,15.524999999999999,open-meteo,2026-08-08T10:04:01+00:00
2026-08-08 16:00:00+00:00,FR,solar,35.5,30,589.5,5.16,-0.8090169943749476,0.5877852522924729,31.8,23,521.0,1.12,-0.9659258262890683,-0.25881904510252063,29.0,19,543.0,1.4,0.9702957262759965,0.24192189559966767,35.7,32,585.0,2.37,0.788010753606722,-0.6156614753256583,15.0,open-meteo,2026-08-08T10:04:01+00:00
2026-08-08 17:00:00+00:00,FR,solar,35.5,29,424.4,2.33,-0.5150380749100545,0.8571673007021121,31.3,24,355.0,1.11,-0.7071067811865477,0.7071067811865474,28.9,20,380.0,0.9,0.8660254037844386,0.5000000000000001,35.1,33,382.0,2.64,0.8571673007021123,-0.5150380749100543,14.699999999999996,open-meteo,2026-08-08T10:04:01+00:00
2026-08-08 18:00:00+00:00,FR,solar,35.6,28,246.9,1.36,-0.9563047559630354,0.2923717047227367,30.4,25,186.0,1.62,0.9702957262759965,0.24192189559966767,27.5,34,191.0,1.5,-0.10452846326765342,0.9945218953682733,33.5,37,165.0,3.72,0.8191520442889917,-0.5735764363510462,13.75,open-meteo,2026-08-08T10:04:01+00:00
2026-08-08 19:00:00+00:00,FR,solar,31.2,39,78.7,8.37,-0.9063077870366498,0.4226182617406996,27.4,36,45.0,2.77,0.9205048534524403,-0.39073112848927377,24.8,32,64.0,3.9,0.3090169943749474,0.9510565162951535,30.9,46,51.0,3.4,0.6946583704589971,-0.7193398003386513,10.574999999999996,open-meteo,2026-08-08T10:04:01+00:00
2026-08-08 20:00:00+00:00,FR,solar,28.7,42,2.3,5.31,-0.7313537016191703,0.6819983600624987,24.0,44,0.0,0.62,0.9510565162951536,-0.30901699437494734,22.1,36,1.0,4.4,0.9063077870366499,0.42261826174069944,30.0,49,1.0,1.53,0.766044443118978,-0.6427876096865394,8.200000000000003,open-meteo,2026-08-08T10:04:01+00:00
2026-08-08 21:00:00+00:00,FR,solar,23.3,87,0.0,14.01,-0.7771459614569706,-0.6293203910498378,22.8,48,0.0,0.96,0.40673664307580043,-0.9135454576426008,20.3,45,0.0,7.2,0.7193398003386511,0.6946583704589973,28.9,50,0.0,1.24,0.3090169943749475,-0.9510565162951535,5.825000000000003,open-meteo,2026-08-08T10:04:01+00:00
2026-08-08 22:00:00+00:00,FR,solar,20.7,93,0.0,11.83,-0.9563047559630354,0.2923717047227367,20.1,57,0.0,1.02,0.2923717047227366,-0.9563047559630355,19.5,45,0.0,7.6,0.788010753606722,0.6156614753256583,26.4,57,0.0,4.19,-0.961261695938319,-0.2756373558169989,3.674999999999997,open-meteo,2026-08-08T10:04:01+00:00
2026-08-08 23:00:00+00:00,FR,solar,21.3,82,0.0,2.8,-0.9993908270190958,0.03489949670250128,19.2,58,0.0,1.19,0.15643446504023098,-0.9876883405951377,19.0,43,0.0,6.9,0.8987940462991669,0.43837114678907746,25.6,60,0.0,5.28,-0.9271838545667874,0.37460659341591196,3.2749999999999986,open-meteo,2026-08-08T10:04:01+00:00
2026-08-09 00:00:00+00:00,FR,solar,22.2,71,0.0,7.09,0.15643446504023087,0.9876883405951378,18.4,61,0.0,1.49,-0.39073112848927355,-0.9205048534524404,18.0,46,0.0,6.3,1.0,6.123233995736766e-17,23.9,68,0.0,5.24,-0.29237170472273716,0.9563047559630353,2.625,open-meteo,2026-08-08T10:04:01+00:00
2026-08-09 01:00:00+00:00,FR,solar,21.0,81,0.0,7.25,0.258819045102521,-0.9659258262890682,18.1,59,0.0,1.88,-0.7771459614569706,-0.6293203910498378,17.5,49,0.0,5.0,0.9975640502598242,-0.06975647374412533,23.0,70,0.0,4.77,0.3255681544571567,0.9455185755993168,1.8999999999999986,open-meteo,2026-08-08T10:04:01+00:00
2026-08-09 02:00:00+00:00,FR,solar,21.0,83,0.0,7.08,0.7313537016191706,-0.6819983600624984,16.8,66,0.0,1.9,-0.8191520442889916,-0.5735764363510464,17.0,51,0.0,4.6,0.90630778703665,-0.42261826174069933,22.5,69,0.0,5.75,0.7193398003386511,0.6946583704589973,1.3249999999999993,open-meteo,2026-08-08T10:04:01+00:00
2026-08-09 03:00:00+00:00,FR,solar,21.5,77,0.0,3.83,-0.12186934340514731,-0.9925461516413221,16.4,67,0.0,1.88,-0.6293203910498376,-0.7771459614569708,16.4,54,0.0,4.5,0.8191520442889917,-0.5735764363510462,21.1,74,0.0,5.17,0.8910065241883679,0.45399049973954686,0.8500000000000014,open-meteo,2026-08-08T10:04:01+00:00
2026-08-09 04:00:00+00:00,FR,solar,21.6,74,0.0,2.37,-0.882947592858927,-0.46947156278589075,16.3,68,0.0,2.2,-0.35836794954530043,-0.9335804264972016,16.2,55,0.0,3.5,0.6819983600624986,-0.7313537016191705,21.0,71,0.0,5.35,0.9135454576426009,0.4067366430758002,0.7750000000000021,open-meteo,2026-08-08T10:04:01+00:00
2026-08-09 05:00:00+00:00,FR,solar,20.9,79,0.0,3.65,-0.15643446504023112,0.9876883405951377,16.5,69,12.0,2.07,-0.08715574274765794,-0.9961946980917455,15.9,63,8.0,1.9,0.3090169943749475,-0.9510565162951535,20.8,69,0.0,4.24,0.9455185755993167,0.32556815445715676,0.5249999999999986,open-meteo,2026-08-08T10:04:01+00:00
2026-08-09 06:00:00+00:00,FR,solar,21.2,80,23.9,2.68,-0.45399049973954697,0.8910065241883678,17.6,66,111.0,2.36,0.0871557427476582,-0.9961946980917455,16.8,73,80.0,1.4,-0.9998476951563913,0.01745240643728313,21.4,69,48.0,2.5,0.8571673007021123,0.5150380749100542,1.25,open-meteo,2026-08-08T10:04:01+00:00
2026-08-09 07:00:00+00:00,FR,solar,21.9,79,105.7,7.02,0.5877852522924731,0.8090169943749475,22.5,46,267.0,1.97,0.45399049973954686,-0.8910065241883678,20.0,53,174.0,6.6,-0.9961946980917455,-0.08715574274765825,24.7,63,196.0,2.77,-0.529919264233205,0.8480480961564258,4.275000000000002,open-meteo,2026-08-08T10:04:01+00:00
2026-08-09 08:00:00+00:00,FR,solar,24.0,69,319.4,4.74,0.7431448254773942,-0.6691306063588582,27.6,30,432.0,0.57,0.8571673007021123,-0.5150380749100543,21.4,51,160.0,0.7,-0.5446390350150271,-0.838670567945424,26.7,51,347.0,5.49,-0.27563735581699894,0.9612616959383189,6.925000000000001,open-meteo,2026-08-08T10:04:01+00:00
2026-08-09 09:00:00+00:00,FR,solar,24.6,68,262.3,2.58,0.8090169943749475,-0.587785252292473,30.8,21,571.0,1.1,-0.17364817766693047,-0.984807753012208,19.4,78,40.0,6.3,0.19080899537654497,-0.9816271834476639,27.9,45,400.0,7.01,0.12186934340514748,0.992546151641322,7.675000000000004,open-meteo,2026-08-08T10:04:01+00:00
2026-08-09 10:00:00+00:00,FR,solar,26.2,60,517.7,7.25,0.8829475928589269,0.46947156278589086,32.8,19,606.0,2.65,-0.6293203910498376,-0.7771459614569708,19.2,70,87.0,7.2,0.05233595624294381,-0.9986295347545738,29.4,41,412.0,5.31,0.39073112848927377,0.9205048534524404,8.899999999999999,open-meteo,2026-08-08T10:04:01+00:00
2026-08-09 11:00:00+00:00,FR,solar,31.3,39,684.4,3.04,0.9563047559630355,-0.29237170472273666,33.2,18,493.0,5.84,-0.9205048534524403,-0.3907311284892738,19.2,75,90.0,4.1,0.8910065241883679,-0.45399049973954675,32.1,35,783.0,3.07,0.374606593415912,0.9271838545667874,10.950000000000003,open-meteo,2026-08-08T10:04:01+00:00
2026-08-09 12:00:00+00:00,FR,solar,32.2,39,800.9,3.05,-0.656059028990507,-0.7547095802227721,24.1,50,135.0,5.02,-0.9335804264972017,0.3583679495453004,22.9,67,586.0,4.3,0.9271838545667874,-0.37460659341591207,34.1,31,871.0,3.1,0.573576436351046,0.8191520442889918,10.325000000000003,open-meteo,2026-08-08T10:04:01+00:00
2026-08-09 13:00:00+00:00,FR,solar,32.6,40,842.6,3.93,-0.9659258262890683,-0.25881904510252063,24.9,51,294.0,2.77,0.7431448254773942,0.6691306063588582,26.1,52,812.0,3.6,0.8746197071393959,-0.484809620246337,35.0,30,877.0,1.58,0.8660254037844386,0.5000000000000001,11.649999999999999,open-meteo,2026-08-08T10:04:01+00:00
2026-08-09 14:00:00+00:00,FR,solar,33.7,37,812.5,1.96,-0.9659258262890684,0.2588190451025203,27.3,44,578.0,3.34,0.9961946980917455,0.08715574274765814,27.9,44,756.0,2.9,0.45399049973954686,-0.8910065241883678,35.8,29,813.0,0.83,0.7071067811865475,0.7071067811865476,13.175,open-meteo,2026-08-08T10:04:01+00:00
2026-08-09 15:00:00+00:00,FR,solar,33.2,37,719.1,4.49,-0.9563047559630354,0.2923717047227367,28.1,43,433.0,3.64,0.9135454576426009,-0.40673664307580026,29.3,42,654.0,3.0,-0.052335956242943564,-0.9986295347545738,36.1,28,682.0,1.33,0.29237170472273677,0.9563047559630354,13.675000000000004,open-meteo,2026-08-08T10:04:01+00:00
2026-08-09 16:00:00+00:00,FR,solar,33.1,39,584.9,6.51,-0.7071067811865477,0.7071067811865474,29.1,38,442.0,4.67,0.6293203910498374,-0.7771459614569709,29.8,42,520.0,3.0,-0.34202014332566866,-0.9396926207859084,36.2,29,532.0,1.57,0.9975640502598242,-0.06975647374412533,14.049999999999997,open-meteo,2026-08-08T10:04:01+00:00
2026-08-09 17:00:00+00:00,FR,solar,30.6,46,419.8,6.44,-0.6819983600624984,0.7313537016191707,29.4,38,305.0,3.76,0.6293203910498374,-0.7771459614569709,30.2,38,361.0,3.6,-0.961261695938319,-0.2756373558169989,35.7,31,408.0,2.36,-0.9961946980917455,0.08715574274765789,13.475000000000001,open-meteo,2026-08-08T10:04:01+00:00
2026-08-09 18:00:00+00:00,FR,solar,29.2,49,207.6,5.94,-0.7071067811865477,0.7071067811865474,28.3,44,121.0,3.88,0.9335804264972017,-0.35836794954530027,28.8,47,192.0,4.3,-0.43837114678907746,-0.8987940462991669,31.3,43,175.0,7.41,-0.898794046299167,0.4383711467890774,11.399999999999999,open-meteo,2026-08-08T10:04:01+00:00
2026-08-09 19:00:00+00:00,FR,solar,26.2,60,47.8,7.3,-0.8090169943749473,-0.5877852522924732,25.8,55,32.0,2.46,0.0871557427476582,-0.9961946980917455,26.7,56,58.0,4.6,-0.08715574274765794,-0.9961946980917455,28.1,56,30.0,2.85,-0.8910065241883679,0.45399049973954664,8.700000000000003,open-meteo,2026-08-08T10:04:01+00:00
2026-08-09 20:00:00+00:00,FR,solar,24.4,65,1.5,5.45,-0.7193398003386512,-0.6946583704589973,24.6,58,0.0,5.71,-0.275637355816999,-0.9612616959383189,24.6,66,0.0,4.8,0.12186934340514755,-0.992546151641322,24.7,74,0.0,3.45,-0.9659258262890683,-0.25881904510252063,6.574999999999999,open-meteo,2026-08-08T10:04:01+00:00
2026-08-09 21:00:00+00:00,FR,solar,23.2,73,0.0,6.46,-0.8191520442889916,-0.5735764363510464,23.7,59,0.0,5.1,-0.6156614753256582,-0.788010753606722,22.9,73,0.0,5.8,-0.874619707139396,-0.48480962024633684,23.2,85,0.0,7.44,-0.9743700647852351,-0.22495105434386525,5.25,open-meteo,2026-08-08T10:04:01+00:00
2026-08-09 22:00:00+00:00,FR,solar,22.4,81,0.0,4.59,-0.9396926207859084,-0.34202014332566855,22.9,62,0.0,3.47,-0.6427876096865393,-0.766044443118978,23.0,56,0.0,9.1,-0.7431448254773946,0.6691306063588578,22.6,85,0.0,4.96,-0.9876883405951378,0.15643446504023067,4.725000000000001,open-meteo,2026-08-08T10:04:01+00:00
2026-08-09 23:00:00+00:00,FR,solar,21.9,85,0.0,4.52,-0.5735764363510462,-0.8191520442889918,21.3,65,0.0,3.47,-0.275637355816999,-0.9612616959383189,22.6,51,0.0,8.0,-0.6819983600624984,0.7313537016191707,21.9,89,0.0,3.05,-0.7071067811865477,0.7071067811865474,3.9250000000000043,open-meteo,2026-08-08T10:04:01+00:00
2026-08-10 00:00:00+00:00,FR,solar,21.7,87,0.0,4.8,-0.9993908270190958,0.03489949670250128,20.9,66,0.0,5.24,-0.35836794954530043,-0.9335804264972016,21.4,55,0.0,7.2,-0.7313537016191703,0.6819983600624987,21.4,92,0.0,2.45,-0.9993908270190958,-0.03489949670250076,3.349999999999998,open-meteo,2026-08-08T10:04:01+00:00
2026-08-10 01:00:00+00:00,FR,solar,21.3,86,0.0,4.35,-0.9205048534524405,0.3907311284892735,20.4,66,0.0,4.43,-0.46947156278589086,-0.8829475928589269,20.4,55,0.0,5.7,-0.8386705679454243,0.5446390350150266,20.8,95,0.0,2.55,-0.9205048534524405,0.3907311284892735,2.7250000000000014,open-meteo,2026-08-08T10:04:01+00:00
2026-08-10 02:00:00+00:00,FR,solar,20.9,86,0.0,2.64,-0.90630778703665,-0.42261826174069916,19.9,69,0.0,2.94,-0.7986355100472928,-0.6018150231520483,19.3,59,0.0,7.1,-0.8829475928589271,0.4694715627858904,20.4,95,0.0,2.48,-0.9876883405951377,-0.15643446504023104,2.125,open-meteo,2026-08-08T10:04:01+00:00
2026-08-10 03:00:00+00:00,FR,solar,20.4,90,0.0,4.18,-0.35836794954530043,-0.9335804264972016,19.3,69,0.0,2.96,-0.8290375725550418,-0.5591929034707466,19.0,57,0.0,7.6,-0.9335804264972017,0.3583679495453004,19.9,96,0.0,4.0,-0.8571673007021121,-0.5150380749100544,1.6499999999999986,open-meteo,2026-08-08T10:04:01+00:00
2026-08-10 04:00:00+00:00,FR,solar,20.1,94,0.0,3.78,-0.882947592858927,-0.46947156278589075,18.7,75,0.0,3.85,-0.6427876096865393,-0.766044443118978,18.3,62,0.0,6.6,-0.9961946980917455,0.08715574274765789,19.9,97,0.0,2.63,-0.848048096156426,-0.529919264233205,1.25,open-meteo,2026-08-08T10:04:01+00:00
2026-08-10 05:00:00+00:00,FR,solar,19.9,96,0.0,3.93,-0.9781476007338056,-0.2079116908177598,19.6,74,11.5,3.94,-0.90630778703665,-0.42261826174069916,17.9,67,7.0,7.5,-0.8829475928589271,0.4694715627858904,19.9,97,0.0,1.84,-0.961261695938319,-0.2756373558169989,1.3249999999999993,open-meteo,2026-08-08T10:04:01+00:00
2026-08-10 06:00:00+00:00,FR,solar,19.9,97,31.3,3.03,-0.9902680687415703,-0.13917310096006583,21.8,68,111.5,3.66,-0.9659258262890683,-0.25881904510252063,18.9,67,98.0,8.6,-0.7431448254773946,0.6691306063588578,20.3,96,28.0,1.88,-0.8571673007021123,0.5150380749100542,2.2250000000000014,open-meteo,2026-08-08T10:04:01+00:00
2026-08-10 07:00:00+00:00,FR,solar,20.3,98,80.2,3.14,-0.9876883405951378,0.15643446504023067,25.2,56,258.0,2.75,-0.9975640502598243,0.06975647374412522,20.9,63,249.0,4.2,-0.7313537016191703,0.6819983600624987,20.9,94,98.0,1.55,-0.5735764363510465,0.8191520442889916,3.825000000000003,open-meteo,2026-08-08T10:04:01+00:00
2026-08-10 08:00:00+00:00,FR,solar,21.1,95,169.0,2.32,-0.992546151641322,0.12186934340514768,27.5,44,413.0,2.64,-0.9659258262890684,0.2588190451025203,22.7,57,414.0,3.2,-0.6946583704589976,0.7193398003386509,22.4,85,175.0,1.73,-0.6819983600624984,0.7313537016191707,5.424999999999997,open-meteo,2026-08-08T10:04:01+00:00
2026-08-10 09:00:00+00:00,FR,solar,22.5,89,348.8,1.6,-0.9975640502598243,0.06975647374412522,29.8,34,564.0,2.85,-0.9612616959383188,0.2756373558169994,24.4,52,566.0,3.0,-0.8829475928589271,0.4694715627858904,23.7,83,236.0,1.29,-0.15643446504023112,0.9876883405951377,7.099999999999998,open-meteo,2026-08-08T10:04:01+00:00
2026-08-10 10:00:00+00:00,FR,solar,24.3,80,597.2,1.24,-0.9702957262759966,0.24192189559966745,31.3,29,681.0,3.5,-0.9510565162951536,0.30901699437494723,26.0,47,692.0,4.0,-0.8910065241883679,0.45399049973954664,24.7,79,270.0,1.86,0.3090169943749474,0.9510565162951535,8.575,open-meteo,2026-08-08T10:04:01+00:00
2026-08-10 11:00:00+00:00,FR,solar,25.9,73,719.9,0.57,-0.7071067811865477,0.7071067811865474,32.3,26,735.0,4.37,-0.9396926207859083,0.342020143325669,27.1,43,781.0,4.5,-0.8191520442889918,0.573576436351046,25.7,75,347.0,2.51,0.7771459614569709,0.6293203910498374,9.75,open-meteo,2026-08-08T10:04:01+00:00
2026-08-10 12:00:00+00:00,FR,solar,27.1,69,797.1,1.42,0.6293203910498374,0.7771459614569709,33.1,25,760.0,4.95,-0.8910065241883679,0.45399049973954664,28.3,39,826.0,4.4,-0.8480480961564262,0.5299192642332047,26.5,74,414.0,1.94,0.754709580222772,0.6560590289905073,10.75,open-meteo,2026-08-08T10:04:01+00:00
2026-08-10 13:00:00+00:00,FR,solar,27.6,68,814.8,1.8,0.8290375725550417,0.5591929034707468,33.4,25,793.0,5.49,-0.8191520442889918,0.573576436351046,29.2,36,820.0,4.2,-0.7547095802227722,0.656059028990507,27.3,70,466.0,1.67,0.9335804264972017,0.3583679495453004,11.375,open-meteo,2026-08-08T10:04:01+00:00
2026-08-10 14:00:00+00:00,FR,solar,28.1,67,803.2,1.71,0.9335804264972017,0.3583679495453004,33.3,25,733.0,5.59,-0.7880107536067218,0.6156614753256585,29.7,34,756.0,4.1,-0.6691306063588581,0.7431448254773944,28.2,67,521.0,1.68,0.992546151641322,0.12186934340514749,11.825,open-meteo,2026-08-08T10:04:01+00:00
2026-08-10 15:00:00+00:00,FR,solar,28.5,65,712.2,2.12,0.7071067811865475,0.7071067811865476,33.0,25,631.0,5.62,-0.7313537016191703,0.6819983600624987,29.9,32,658.0,3.7,-0.37460659341591235,0.9271838545667873,29.2,63,623.0,1.0,0.981627183447664,-0.1908089953765448,12.150000000000002,open-meteo,2026-08-08T10:04:01+00:00
2026-08-10 16:00:00+00:00,FR,solar,28.6,63,578.7,1.71,0.35836794954530027,0.9335804264972017,32.3,27,488.0,5.28,-0.6427876096865396,0.7660444431189778,29.2,33,521.0,5.1,0.1908089953765448,0.981627183447664,29.7,59,554.0,0.31,0.3090169943749474,0.9510565162951535,11.95,open-meteo,2026-08-08T10:04:01+00:00
2026-08-10 17:00:00+00:00,FR,solar,28.6,62,412.0,1.3,-2.4492935982947064e-16,1.0,31.4,28,315.0,4.92,-0.5735764363510465,0.8191520442889916,28.0,37,363.3,5.48,0.9902680687415704,-0.13917310096006535,29.1,62,341.0,0.98,-0.6018150231520483,0.7986355100472928,11.274999999999999,open-meteo,2026-08-08T10:04:01+00:00
2026-08-10 18:00:00+00:00,FR,solar,28.1,68,234.6,2.16,-0.22495105434386534,0.9743700647852351,30.4,30,163.0,4.46,-0.544639035015027,0.838670567945424,26.5,43,197.5,5.88,-0.12186934340514731,-0.9925461516413221,28.4,65,184.0,1.18,-0.7431448254773946,0.6691306063588578,10.350000000000001,open-meteo,2026-08-08T10:04:01+00:00
2026-08-10 19:00:00+00:00,FR,solar,26.0,74,71.8,5.13,-0.8386705679454243,0.5446390350150266,28.0,36,37.0,4.34,-0.4226182617406992,0.90630778703665,24.1,51,56.3,5.3,0.17364817766693033,0.984807753012208,27.0,74,49.0,0.6,-0.15643446504023112,0.9876883405951377,8.274999999999999,open-meteo,2026-08-08T10:04:01+00:00
2026-08-10 20:00:00+00:00,FR,solar,23.6,77,1.5,5.83,-0.7771459614569708,0.6293203910498375,26.1,42,0.0,5.15,-0.15643446504023112,0.9876883405951377,23.1,52,1.0,8.01,0.3420201433256687,0.9396926207859084,25.5,76,0.0,3.74,-0.6819983600624984,0.7313537016191707,6.575000000000003,open-meteo,2026-08-08T10:04:01+00:00
2026-08-10 21:00:00+00:00,FR,solar,22.6,78,0.0,7.1,-0.529919264233205,0.8480480961564258,24.5,45,0.0,6.39,0.25881904510252074,0.9659258262890683,21.2,60,0.0,7.84,0.29237170472273677,0.9563047559630354,24.4,78,0.0,4.65,-0.7547095802227722,0.656059028990507,5.174999999999997,open-meteo,2026-08-08T10:04:01+00:00
2026-08-10 22:00:00+00:00,FR,solar,22.1,80,0.0,5.92,-0.6018150231520483,0.7986355100472928,23.7,49,0.0,6.62,0.42261826174069944,0.9063077870366499,20.0,65,0.0,7.53,0.3255681544571567,0.9455185755993168,22.0,91,0.0,3.29,-0.5000000000000001,-0.8660254037844386,3.9499999999999993,open-meteo,2026-08-08T10:04:01+00:00
2026-08-10 23:00:00+00:00,FR,solar,21.8,82,0.0,4.52,-0.4226182617406992,0.90630778703665,22.7,52,0.0,6.36,0.42261826174069944,0.9063077870366499,19.2,68,0.0,6.65,0.39073112848927377,0.9205048534524404,21.8,90,0.0,4.15,-0.9455185755993168,-0.32556815445715664,3.375,open-meteo,2026-08-08T10:04:01+00:00
2026-08-11 00:00:00+00:00,FR,solar,21.6,83,0.0,2.35,-0.20791169081775987,0.9781476007338056,22.0,54,0.0,6.04,0.5877852522924731,0.8090169943749475,18.4,69,0.0,6.2,0.4067366430758002,0.9135454576426009,21.3,94,0.0,3.04,-0.9659258262890683,-0.25881904510252063,2.8249999999999993,open-meteo,2026-08-08T10:04:01+00:00
2026-08-11 01:00:00+00:00,FR,solar,21.4,83,0.0,4.3,0.052335956242943835,0.9986295347545738,21.4,56,0.0,6.3,0.7193398003386511,0.6946583704589973,17.6,70,0.0,5.96,0.4067366430758002,0.9135454576426009,20.8,95,0.0,3.2,-0.8910065241883678,-0.45399049973954697,2.3000000000000007,open-meteo,2026-08-08T10:04:01+00:00
2026-08-11 02:00:00+00:00,FR,solar,21.2,83,0.0,5.61,0.1908089953765448,0.981627183447664,20.7,58,0.0,6.18,0.6560590289905073,0.754709580222772,16.8,70,0.0,5.8,0.4067366430758002,0.9135454576426009,20.5,96,0.0,3.19,-0.9510565162951535,-0.30901699437494756,1.8000000000000007,open-meteo,2026-08-08T10:04:01+00:00
2026-08-11 03:00:00+00:00,FR,solar,21.0,85,0.0,1.7,0.052335956242943835,0.9986295347545738,19.8,62,0.0,6.26,0.6427876096865393,0.766044443118978,16.1,71,0.0,5.86,0.42261826174069944,0.9063077870366499,20.1,97,0.0,3.93,-0.945518575599317,0.3255681544571563,1.25,open-meteo,2026-08-08T10:04:01+00:00
2026-08-11 04:00:00+00:00,FR,solar,20.9,85,0.0,0.85,0.7071067811865475,0.7071067811865476,19.1,64,0.0,5.96,0.7431448254773942,0.6691306063588582,15.6,73,0.0,5.49,0.5446390350150271,0.838670567945424,19.9,98,0.0,3.34,-0.8480480961564262,0.5299192642332047,0.875,open-meteo,2026-08-08T10:04:01+00:00
2026-08-11 05:00:00+00:00,FR,solar,20.7,86,0.0,1.84,0.6560590289905073,0.754709580222772,18.7,67,10.0,6.03,0.7313537016191705,0.6819983600624985,15.3,74,5.0,5.52,0.573576436351046,0.8191520442889918,20.0,98,0.0,2.99,-0.8480480961564262,0.5299192642332047,0.6750000000000007,open-meteo,2026-08-08T10:04:01+00:00
2026-08-11 06:00:00+00:00,FR,solar,20.8,88,34.0,0.63,0.9510565162951536,-0.30901699437494734,20.0,62,109.0,5.35,0.754709580222772,0.6560590289905073,16.4,71,93.0,5.26,0.6427876096865393,0.766044443118978,20.3,98,25.0,0.79,-0.5000000000000004,0.8660254037844384,1.375,open-meteo,2026-08-08T10:04:01+00:00
2026-08-11 07:00:00+00:00,FR,solar,22.6,80,179.0,0.41,-0.2419218955996675,-0.9702957262759965,21.9,55,260.0,4.57,0.7313537016191705,0.6819983600624985,18.0,65,246.0,4.0,0.6819983600624985,0.7313537016191705,21.0,95,100.0,1.18,-0.913545457642601,-0.4067366430758001,2.875,open-meteo,2026-08-08T10:04:01+00:00
2026-08-11 08:00:00+00:00,FR,solar,24.7,69,354.2,1.28,-0.6293203910498376,-0.7771459614569708,24.1,49,428.0,4.38,0.766044443118978,0.6427876096865394,20.1,59,414.0,4.04,0.754709580222772,0.6560590289905073,22.1,90,189.0,4.12,-0.9998476951563913,-0.017452406437283498,4.75,open-meteo,2026-08-08T10:04:01+00:00
2026-08-11 09:00:00+00:00,FR,solar,27.0,61,527.8,1.28,-0.7771459614569706,-0.6293203910498378,26.6,42,587.0,4.86,0.8290375725550417,0.5591929034707468,22.2,53,569.0,4.23,0.7771459614569709,0.6293203910498374,23.3,88,263.0,1.28,0.9975640502598242,0.06975647374412523,6.774999999999999,open-meteo,2026-08-08T10:04:01+00:00
2026-08-11 10:00:00+00:00,FR,solar,29.2,53,673.6,1.0,-0.6018150231520483,0.7986355100472928,28.7,37,714.0,4.35,0.8090169943749475,0.5877852522924731,24.0,48,696.0,3.93,0.7986355100472928,0.6018150231520483,24.9,79,465.0,0.92,-0.848048096156426,-0.529919264233205,8.700000000000003,open-meteo,2026-08-08T10:04:01+00:00
2026-08-11 11:00:00+00:00,FR,solar,31.3,45,783.2,1.24,-0.24192189559966787,0.9702957262759965,30.2,33,790.0,3.49,0.788010753606722,0.6156614753256583,25.3,43,784.0,3.79,0.7431448254773942,0.6691306063588582,26.4,76,638.0,0.84,-0.8090169943749476,0.5877852522924729,10.299999999999997,open-meteo,2026-08-08T10:04:01+00:00
2026-08-11 12:00:00+00:00,FR,solar,33.1,40,844.9,1.9,0.052335956242943835,0.9986295347545738,31.2,30,806.0,3.88,0.6819983600624985,0.7313537016191705,26.4,39,825.0,3.78,0.6946583704589973,0.7193398003386512,28.0,69,772.0,0.55,-0.7071067811865477,0.7071067811865474,11.674999999999997,open-meteo,2026-08-08T10:04:01+00:00
2026-08-11 13:00:00+00:00,FR,solar,34.2,37,851.9,2.42,0.12186934340514748,0.992546151641322,31.9,28,770.0,4.24,0.6427876096865393,0.766044443118978,27.1,34,819.0,4.03,0.6946583704589973,0.7193398003386512,29.2,64,788.0,0.4,0.24192189559966773,0.9702957262759965,12.599999999999998,open-meteo,2026-08-08T10:04:01+00:00
2026-08-11 14:00:00+00:00,FR,solar,34.9,34,778.5,2.77,0.43837114678907746,0.898794046299167,32.3,27,710.0,4.88,0.6156614753256583,0.7880107536067219,27.6,31,763.0,4.14,0.6819983600624985,0.7313537016191705,30.3,60,742.0,1.18,0.9135454576426009,0.4067366430758002,13.274999999999995,open-meteo,2026-08-08T10:04:01+00:00
2026-08-11 15:00:00+00:00,FR,solar,35.5,31,694.4,3.58,0.9205048534524404,0.3907311284892737,32.2,27,614.0,5.43,0.6293203910498374,0.7771459614569709,27.7,30,663.0,4.37,0.6293203910498374,0.7771459614569709,30.9,58,627.0,1.74,0.9612616959383189,0.27563735581699916,13.575000000000003,open-meteo,2026-08-08T10:04:01+00:00
2026-08-11 16:00:00+00:00,FR,solar,35.6,27,571.0,2.94,0.9510565162951535,0.30901699437494745,31.9,26,495.0,5.62,0.6819983600624985,0.7313537016191705,27.5,31,526.0,5.03,0.5591929034707469,0.8290375725550417,31.1,58,450.0,1.77,0.9455185755993167,0.32556815445715676,13.524999999999999,open-meteo,2026-08-08T10:04:01+00:00
2026-08-11 17:00:00+00:00,FR,solar,35.4,27,400.5,1.43,0.9063077870366499,0.42261826174069944,31.3,26,340.0,5.83,0.754709580222772,0.6560590289905073,26.8,32,365.0,5.87,0.5591929034707469,0.8290375725550417,30.9,59,329.0,1.53,0.8910065241883679,0.45399049973954686,13.100000000000001,open-meteo,2026-08-08T10:04:01+00:00
2026-08-11 18:00:00+00:00,FR,solar,34.5,29,229.2,2.48,-0.6427876096865396,0.7660444431189778,30.2,27,176.0,6.28,0.8290375725550417,0.5591929034707468,25.5,35,197.0,6.56,0.5299192642332049,0.848048096156426,30.3,62,199.0,1.31,0.8910065241883679,0.45399049973954686,12.125,open-meteo,2026-08-08T10:04:01+00:00
2026-08-11 19:00:00+00:00,FR,solar,31.3,36,68.7,6.58,-0.6819983600624984,0.7313537016191707,28.4,31,38.0,7.41,0.8829475928589269,0.46947156278589086,24.1,37,54.0,6.88,0.6156614753256583,0.7880107536067219,29.2,66,63.0,1.29,0.9876883405951378,-0.1564344650402308,10.250000000000004,open-meteo,2026-08-08T10:04:01+00:00
2026-08-11 20:00:00+00:00,FR,solar,29.3,39,0.8,5.95,-0.4226182617406992,0.90630778703665,26.2,36,0.0,9.01,0.9271838545667874,0.37460659341591196,22.5,40,0.0,7.14,0.7193398003386511,0.6946583704589973,27.7,71,0.0,1.88,0.777145961456971,-0.6293203910498373,8.425,open-meteo,2026-08-08T10:04:01+00:00
2026-08-11 21:00:00+00:00,FR,solar,27.9,41,0.0,4.24,-0.2588190451025207,0.9659258262890683,24.2,41,0.0,9.98,0.9396926207859083,0.3420201433256688,21.1,42,0.0,7.36,0.7986355100472928,0.6018150231520483,26.3,76,0.0,2.04,0.5735764363510459,-0.8191520442889919,6.8749999999999964,open-meteo,2026-08-08T10:04:01+00:00
2026-08-11 22:00:00+00:00,FR,solar,26.6,45,0.0,1.2,-2.4492935982947064e-16,1.0,22.8,43,0.0,9.98,0.9510565162951535,0.30901699437494745,20.2,44,0.0,7.39,0.8746197071393957,0.4848096202463371,25.2,81,0.0,0.89,0.10452846326765373,-0.9945218953682733,5.700000000000003,open-meteo,2026-08-08T10:04:01+00:00
2026-08-11 23:00:00+00:00,FR,solar,25.7,49,0.0,1.8,0.052335956242943835,0.9986295347545738,21.6,45,0.0,9.42,0.9563047559630354,0.29237170472273677,19.6,45,0.0,7.39,0.9335804264972017,0.3583679495453004,24.3,86,0.0,1.58,-0.9271838545667874,0.37460659341591196,4.800000000000001,open-meteo,2026-08-08T10:04:01+00:00
