timestamp_utc,country,target,temperature_2m_p1,relative_humidity_2m_p1,shortwave_radiation_p1,wind_speed_100m_ms_p1,wind_dir_sin_p1,wind_dir_cos_p1,temperature_2m_p2,relative_humidity_2m_p2,shortwave_radiation_p2,wind_speed_100m_ms_p2,wind_dir_sin_p2,wind_dir_cos_p2,temperature_2m_p3,relative_humidity_2m_p3,shortwave_radiation_p3,wind_speed_100m_ms_p3,wind_dir_sin_p3,wind_dir_cos_p3,temperature_2m_p4,relative_humidity_2m_p4,shortwave_radiation_p4,wind_speed_100m_ms_p4,wind_dir_sin_p4,wind_dir_cos_p4,deg_proxy,source,updated_at_utc
2026-04-30 00:00:00+00:00,BE,offshore,13.0,61,0.0,14.3,0.9993908270190958,-0.034899496702500955,12.7,65,0.0,14.4,0.9993908270190958,-0.034899496702500955,13.1,58,0.0,13.3,0.9993908270190958,-0.034899496702500955,12.7,63,0.0,14.4,0.9993908270190958,-0.034899496702500955,5.125,open-meteo,2026-08-08T09:50:20+00:00
2026-04-30 01:00:00+00:00,BE,offshore,12.7,63,0.0,14.0,0.9961946980917455,-0.08715574274765824,12.3,65,0.0,13.9,0.9945218953682733,-0.10452846326765355,12.8,59,0.0,12.6,0.9945218953682733,-0.10452846326765355,12.3,64,0.0,13.3,0.9925461516413221,-0.12186934340514737,5.475000000000001,open-meteo,2026-08-08T09:50:20+00:00
2026-04-30 02:00:00+00:00,BE,offshore,12.5,61,0.0,13.7,0.9986295347545738,-0.05233595624294384,12.2,63,0.0,13.4,0.9945218953682733,-0.10452846326765355,12.6,54,0.0,12.4,0.9961946980917455,-0.08715574274765824,12.2,61,0.0,12.2,0.9876883405951378,-0.1564344650402308,5.625,open-meteo,2026-08-08T09:50:20+00:00
2026-04-30 03:00:00+00:00,BE,offshore,12.3,63,0.0,13.0,0.9925461516413221,-0.12186934340514737,11.9,66,0.0,12.0,0.981627183447664,-0.1908089953765448,12.3,57,0.0,11.7,0.9925461516413221,-0.12186934340514737,11.8,63,0.0,11.1,0.9743700647852352,-0.22495105434386503,5.925000000000001,open-meteo,2026-08-08T09:50:20+00:00
2026-04-30 04:00:00+00:00,BE,offshore,12.1,54,0.0,14.0,0.9876883405951378,-0.1564344650402308,11.8,63,0.0,13.3,0.984807753012208,-0.1736481776669303,12.0,54,0.0,13.1,0.9925461516413221,-0.12186934340514737,11.6,59,0.0,12.0,0.984807753012208,-0.1736481776669303,6.125,open-meteo,2026-08-08T09:50:20+00:00
2026-04-30 05:00:00+00:00,BE,offshore,11.7,55,11.0,13.3,0.9902680687415704,-0.13917310096006535,11.5,58,12.0,13.3,0.9876883405951378,-0.1564344650402308,11.4,52,13.0,13.0,0.9945218953682733,-0.10452846326765355,11.4,56,13.0,12.7,0.9876883405951378,-0.1564344650402308,6.5,open-meteo,2026-08-08T09:50:20+00:00
2026-04-30 06:00:00+00:00,BE,offshore,11.4,52,117.0,13.4,0.9743700647852352,-0.22495105434386503,11.3,57,118.0,13.5,0.9781476007338057,-0.20791169081775934,11.1,53,121.0,12.8,0.9781476007338057,-0.20791169081775934,11.0,53,121.0,12.6,0.9659258262890683,-0.25881904510252085,6.799999999999999,open-meteo,2026-08-08T09:50:20+00:00
2026-04-30 07:00:00+00:00,BE,offshore,11.2,49,276.0,12.8,0.9612616959383189,-0.27563735581699905,11.1,55,278.0,13.4,0.9659258262890683,-0.25881904510252085,11.1,50,282.0,12.6,0.9702957262759965,-0.24192189559966779,11.0,51,281.0,12.8,0.9455185755993168,-0.32556815445715664,6.9,open-meteo,2026-08-08T09:50:20+00:00
2026-04-30 08:00:00+00:00,BE,offshore,11.2,51,447.0,11.5,0.9743700647852352,-0.22495105434386503,11.0,57,444.0,12.4,0.9702957262759965,-0.24192189559966779,11.3,49,451.0,11.6,0.9659258262890683,-0.25881904510252085,11.0,52,446.0,12.1,0.9659258262890683,-0.25881904510252085,6.875,open-meteo,2026-08-08T09:50:20+00:00
2026-04-30 09:00:00+00:00,BE,offshore,11.6,52,597.0,11.0,0.9876883405951378,-0.1564344650402308,11.2,55,595.0,12.8,0.9876883405951378,-0.1564344650402308,11.7,50,602.0,11.3,0.9876883405951378,-0.1564344650402308,11.5,51,599.0,10.1,0.9659258262890683,-0.25881904510252085,6.5,open-meteo,2026-08-08T09:50:20+00:00
2026-04-30 10:00:00+00:00,BE,offshore,11.9,58,728.0,9.5,0.9876883405951378,0.15643446504023092,11.5,55,721.0,10.1,0.984807753012208,-0.1736481776669303,12.4,51,727.0,10.5,0.9975640502598242,0.06975647374412523,11.8,66,721.0,9.0,0.9961946980917455,-0.08715574274765824,6.100000000000001,open-meteo,2026-08-08T09:50:20+00:00
2026-04-30 11:00:00+00:00,BE,offshore,12.3,59,817.0,12.5,0.9945218953682733,0.10452846326765346,11.6,70,810.0,9.6,0.9975640502598242,0.06975647374412523,13.1,52,816.0,12.8,0.9993908270190958,0.03489949670250108,12.0,61,808.0,11.5,0.9961946980917455,-0.08715574274765824,5.75,open-meteo,2026-08-08T09:50:20+00:00
2026-04-30 12:00:00+00:00,BE,offshore,13.1,57,853.0,13.1,0.9998476951563913,0.0174524064372836,12.1,70,846.0,10.5,0.9961946980917455,-0.08715574274765824,13.8,51,853.0,12.8,0.9993908270190958,-0.034899496702500955,12.5,65,845.0,9.5,0.984807753012208,-0.1736481776669303,5.125,open-meteo,2026-08-08T09:50:20+00:00
2026-04-30 13:00:00+00:00,BE,offshore,13.9,53,842.0,14.4,0.9998476951563913,-0.017452406437283477,12.8,66,835.0,11.9,0.9902680687415704,-0.13917310096006535,14.4,51,841.0,13.4,0.9993908270190958,-0.034899496702500955,13.0,66,833.0,8.9,0.9612616959383189,-0.27563735581699905,4.475,open-meteo,2026-08-08T09:50:20+00:00
2026-04-30 14:00:00+00:00,BE,offshore,14.0,59,780.0,11.2,0.9743700647852352,-0.22495105434386503,13.3,65,772.0,14.2,0.981627183447664,-0.1908089953765448,14.9,50,778.0,12.4,0.984807753012208,-0.1736481776669303,13.2,67,771.0,12.5,0.9396926207859084,-0.3420201433256687,4.149999999999999,open-meteo,2026-08-08T09:50:20+00:00
2026-04-30 15:00:00+00:00,BE,offshore,14.4,61,669.0,10.7,0.9612616959383189,-0.27563735581699905,13.5,66,669.0,14.5,0.9781476007338057,-0.20791169081775934,15.2,53,668.0,11.6,0.9781476007338057,-0.20791169081775934,13.8,64,665.0,13.8,0.9455185755993168,-0.32556815445715664,3.775000000000002,open-meteo,2026-08-08T09:50:20+00:00
2026-04-30 16:00:00+00:00,BE,offshore,14.7,58,528.0,11.7,0.981627183447664,-0.1908089953765448,13.7,66,529.0,14.6,0.9702957262759965,-0.24192189559966779,15.3,51,525.0,11.2,0.9612616959383189,-0.27563735581699905,13.5,69,524.0,12.8,0.9455185755993168,-0.32556815445715664,3.6999999999999993,open-meteo,2026-08-08T09:50:20+00:00
2026-04-30 17:00:00+00:00,BE,offshore,14.5,59,372.0,13.1,0.984807753012208,-0.1736481776669303,14.1,55,372.0,15.8,0.9659258262890683,-0.25881904510252085,15.1,52,369.0,11.8,0.9781476007338057,-0.20791169081775934,14.0,60,369.0,13.3,0.9455185755993168,-0.32556815445715664,3.5749999999999993,open-meteo,2026-08-08T09:50:20+00:00
2026-04-30 18:00:00+00:00,BE,offshore,14.8,60,205.0,14.8,0.981627183447664,-0.1908089953765448,14.5,54,207.0,17.3,0.9612616959383189,-0.27563735581699905,15.3,54,201.0,13.7,0.984807753012208,-0.1736481776669303,13.9,64,203.0,13.9,0.9659258262890683,-0.25881904510252085,3.375,open-meteo,2026-08-08T09:50:20+00:00
2026-04-30 19:00:00+00:00,BE,offshore,14.6,61,60.0,14.1,0.9743700647852352,-0.22495105434386503,14.2,58,62.0,17.5,0.9396926207859084,-0.3420201433256687,14.9,58,58.0,15.3,0.981627183447664,-0.1908089953765448,14.0,63,59.0,14.1,0.9510565162951536,-0.30901699437494734,3.575000000000001,open-meteo,2026-08-08T09:50:20+00:00
2026-04-30 20:00:00+00:00,BE,offshore,14.2,64,0.0,13.8,0.9135454576426009,-0.40673664307580026,13.9,61,0.0,16.4,0.8910065241883679,-0.45399049973954675,14.5,61,0.0,14.0,0.9455185755993168,-0.32556815445715664,13.9,60,0.0,15.2,0.9135454576426009,-0.40673664307580026,3.875,open-meteo,2026-08-08T09:50:20+00:00
2026-04-30 21:00:00+00:00,BE,offshore,13.9,66,0.0,12.6,0.8910065241883679,-0.45399049973954675,13.9,61,0.0,16.1,0.8746197071393959,-0.484809620246337,14.2,63,0.0,12.7,0.9271838545667874,-0.37460659341591207,13.9,63,0.0,14.8,0.8746197071393959,-0.484809620246337,4.025,open-meteo,2026-08-08T09:50:20+00:00
2026-04-30 22:00:00+00:00,BE,offshore,13.9,61,0.0,13.9,0.838670567945424,-0.5446390350150272,13.5,66,0.0,14.8,0.8480480961564261,-0.5299192642332048,14.0,56,0.0,13.3,0.8290375725550417,-0.5591929034707467,13.4,67,0.0,14.2,0.8480480961564261,-0.5299192642332048,4.300000000000001,open-meteo,2026-08-08T09:50:20+00:00
2026-04-30 23:00:00+00:00,BE,offshore,13.6,60,0.0,13.8,0.8290375725550417,-0.5591929034707467,13.3,65,0.0,14.3,0.8290375725550417,-0.5591929034707467,13.6,57,0.0,13.8,0.8191520442889917,-0.5735764363510462,13.3,66,0.0,14.1,0.8191520442889917,-0.5735764363510462,4.550000000000001,open-meteo,2026-08-08T09:50:20+00:00
2026-05-01 00:00:00+00:00,BE,offshore,13.5,60,0.0,13.8,0.7547095802227721,-0.6560590289905072,13.2,66,0.0,14.3,0.7547095802227721,-0.6560590289905072,13.5,57,0.0,13.2,0.7547095802227721,-0.6560590289905072,12.9,71,0.0,12.9,0.7431448254773942,-0.6691306063588582,4.725,open-meteo,2026-08-08T09:50:20+00:00
2026-05-01 01:00:00+00:00,BE,offshore,13.3,61,0.0,12.8,0.766044443118978,-0.6427876096865394,13.2,65,0.0,14.3,0.7193398003386511,-0.6946583704589974,13.1,58,0.0,12.2,0.7547095802227721,-0.6560590289905072,13.0,63,0.0,13.1,0.6691306063588585,-0.743144825477394,4.85,open-meteo,2026-08-08T09:50:20+00:00
2026-05-01 02:00:00+00:00,BE,offshore,13.0,61,0.0,12.9,0.788010753606722,-0.6156614753256583,13.0,66,0.0,14.1,0.6946583704589971,-0.7193398003386513,12.9,58,0.0,12.4,0.777145961456971,-0.6293203910498373,12.8,67,0.0,12.0,0.7193398003386511,-0.6946583704589974,5.074999999999999,open-meteo,2026-08-08T09:50:20+00:00
2026-05-01 03:00:00+00:00,BE,offshore,12.9,61,0.0,11.9,0.766044443118978,-0.6427876096865394,12.7,69,0.0,12.3,0.7547095802227721,-0.6560590289905072,12.8,55,0.0,11.9,0.788010753606722,-0.6156614753256583,12.4,73,0.0,11.3,0.7547095802227721,-0.6560590289905072,5.299999999999999,open-meteo,2026-08-08T09:50:20+00:00
2026-05-01 04:00:00+00:00,BE,offshore,12.5,57,0.0,11.1,0.8090169943749475,-0.587785252292473,12.3,67,0.0,11.5,0.7986355100472927,-0.6018150231520484,12.3,52,0.0,11.5,0.8290375725550417,-0.5591929034707467,12.1,70,0.0,11.2,0.8090169943749475,-0.587785252292473,5.699999999999999,open-meteo,2026-08-08T09:50:20+00:00
2026-05-01 05:00:00+00:00,BE,offshore,11.8,53,13.0,12.9,0.788010753606722,-0.6156614753256583,11.9,66,13.0,13.4,0.7547095802227721,-0.6560590289905072,11.6,50,14.0,12.7,0.7986355100472927,-0.6018150231520484,11.8,67,15.0,12.7,0.777145961456971,-0.6293203910498373,6.224999999999998,open-meteo,2026-08-08T09:50:20+00:00
2026-05-01 06:00:00+00:00,BE,offshore,11.5,50,118.0,12.5,0.788010753606722,-0.6156614753256583,11.7,66,116.0,13.3,0.777145961456971,-0.6293203910498373,11.3,47,121.0,12.9,0.838670567945424,-0.5446390350150272,11.7,64,121.0,13.1,0.788010753606722,-0.6156614753256583,6.449999999999999,open-meteo,2026-08-08T09:50:20+00:00
2026-05-01 07:00:00+00:00,BE,offshore,11.4,51,276.0,9.1,0.788010753606722,-0.6156614753256583,11.8,68,275.0,10.6,0.7193398003386511,-0.6946583704589974,11.4,49,279.0,9.8,0.7986355100472927,-0.6018150231520484,11.8,61,280.0,11.3,0.7547095802227721,-0.6560590289905072,6.399999999999999,open-meteo,2026-08-08T09:50:20+00:00
2026-05-01 08:00:00+00:00,BE,offshore,11.6,50,439.0,7.9,0.788010753606722,-0.6156614753256583,11.8,62,438.0,9.9,0.777145961456971,-0.6293203910498373,11.6,48,445.0,7.9,0.7986355100472927,-0.6018150231520484,11.6,56,444.0,9.1,0.788010753606722,-0.6156614753256583,6.35,open-meteo,2026-08-08T09:50:20+00:00
2026-05-01 09:00:00+00:00,BE,offshore,12.2,59,589.0,7.8,0.6819983600624986,-0.7313537016191705,11.6,64,591.0,10.0,0.7313537016191706,-0.6819983600624984,12.6,58,595.0,8.2,0.6819983600624986,-0.7313537016191705,11.8,67,595.0,9.8,0.7547095802227721,-0.6560590289905072,5.949999999999999,open-meteo,2026-08-08T09:50:20+00:00
2026-05-01 10:00:00+00:00,BE,offshore,12.9,70,711.0,7.0,0.5150380749100544,-0.8571673007021122,12.0,70,711.0,10.1,0.6819983600624986,-0.7313537016191705,13.4,69,713.0,7.0,0.5877852522924732,-0.8090169943749473,12.4,71,717.0,10.5,0.6691306063588585,-0.743144825477394,5.325000000000001,open-meteo,2026-08-08T09:50:20+00:00
2026-05-01 11:00:00+00:00,BE,offshore,13.1,73,794.0,5.3,0.24192189559966773,-0.9702957262759965,12.3,72,798.0,8.1,0.49999999999999994,-0.8660254037844387,13.7,72,799.0,5.5,0.48480962024633717,-0.8746197071393957,12.8,69,802.0,8.9,0.6156614753256584,-0.7880107536067219,5.025000000000002,open-meteo,2026-08-08T09:50:20+00:00
2026-05-01 12:00:00+00:00,BE,offshore,13.1,78,822.0,3.7,0.5735764363510459,-0.8191520442889919,12.5,75,829.0,7.4,0.6156614753256584,-0.7880107536067219,13.6,77,829.0,5.0,0.7193398003386511,-0.6946583704589974,13.0,71,831.0,8.2,0.6819983600624986,-0.7313537016191705,4.949999999999999,open-meteo,2026-08-08T09:50:20+00:00
2026-05-01 13:00:00+00:00,BE,offshore,13.3,80,801.0,2.6,0.7071067811865476,-0.7071067811865475,13.0,75,809.0,5.5,0.7431448254773942,-0.6691306063588582,13.4,85,800.0,3.8,0.529919264233205,-0.848048096156426,12.4,84,816.0,7.4,0.7431448254773942,-0.6691306063588582,4.975,open-meteo,2026-08-08T09:50:20+00:00
2026-05-01 14:00:00+00:00,BE,offshore,13.2,81,737.0,2.8,0.8910065241883679,-0.45399049973954675,12.8,78,732.0,4.4,0.8746197071393959,-0.484809620246337,14.2,76,730.0,3.6,0.6156614753256584,-0.7880107536067219,13.3,74,733.0,5.2,0.7193398003386511,-0.6946583704589974,4.625,open-meteo,2026-08-08T09:50:20+00:00
2026-05-01 15:00:00+00:00,BE,offshore,13.5,79,635.0,2.4,0.9702957262759965,-0.24192189559966779,13.0,79,632.0,4.8,0.8191520442889917,-0.5735764363510462,15.2,66,636.0,4.2,0.6018150231520482,-0.7986355100472929,13.9,70,636.0,4.9,0.777145961456971,-0.6293203910498373,4.1,open-meteo,2026-08-08T09:50:20+00:00
2026-05-01 16:00:00+00:00,BE,offshore,13.9,78,492.0,2.0,0.2923717047227366,-0.9563047559630355,13.0,79,485.0,5.4,0.7313537016191706,-0.6819983600624984,14.2,79,494.0,4.8,0.37460659341591224,-0.9271838545667873,13.9,71,493.0,6.2,0.6691306063588585,-0.743144825477394,4.250000000000002,open-meteo,2026-08-08T09:50:20+00:00
2026-05-01 17:00:00+00:00,BE,offshore,13.6,81,335.0,3.3,-0.2588190451025208,-0.9659258262890683,12.9,82,337.0,5.2,0.7313537016191706,-0.6819983600624984,14.0,82,330.0,2.9,-0.0348994967025009,-0.9993908270190958,14.1,72,339.0,6.2,0.5591929034707469,-0.8290375725550416,4.35,open-meteo,2026-08-08T09:50:20+00:00
2026-05-01 18:00:00+00:00,BE,offshore,13.1,87,186.0,2.6,-0.9563047559630353,-0.2923717047227371,13.3,81,188.0,4.7,0.39073112848927377,-0.9205048534524404,15.5,71,181.0,3.5,-0.34202014332566866,-0.9396926207859084,14.3,73,188.0,6.7,0.37460659341591224,-0.9271838545667873,3.9499999999999993,open-meteo,2026-08-08T09:50:20+00:00
2026-05-01 19:00:00+00:00,BE,offshore,12.9,84,58.0,1.0,-0.8910065241883678,-0.45399049973954697,13.4,78,58.0,4.5,-0.29237170472273677,-0.9563047559630354,15.6,67,55.0,4.5,0.4383711467890773,-0.898794046299167,13.0,84,56.0,8.1,0.17364817766693028,-0.984807753012208,4.275,open-meteo,2026-08-08T09:50:20+00:00
2026-05-01 20:00:00+00:00,BE,offshore,13.0,83,0.0,1.4,-0.8386705679454243,0.5446390350150266,13.1,74,1.0,3.1,-0.8090169943749473,-0.5877852522924732,13.2,82,0.0,1.1,-0.4848096202463369,0.8746197071393959,13.9,77,0.0,3.7,-0.4539904997395467,-0.8910065241883679,4.700000000000001,open-meteo,2026-08-08T09:50:20+00:00
2026-05-01 21:00:00+00:00,BE,offshore,13.5,79,0.0,0.6,-0.6946583704589976,0.7193398003386509,13.0,81,0.0,1.1,-0.7431448254773944,-0.6691306063588581,13.5,80,0.0,1.7,0.6691306063588585,-0.743144825477394,12.8,85,0.0,1.5,-0.7071067811865475,-0.7071067811865477,4.800000000000001,open-meteo,2026-08-08T09:50:20+00:00
2026-05-01 22:00:00+00:00,BE,offshore,13.6,77,0.0,1.7,-0.7660444431189779,-0.6427876096865395,13.7,74,0.0,3.1,-0.4067366430758002,-0.9135454576426009,13.4,85,0.0,6.0,1.2246467991473532e-16,-1.0,13.0,85,0.0,6.0,-0.052335956242943564,-0.9986295347545738,4.575000000000001,open-meteo,2026-08-08T09:50:20+00:00
2026-05-01 23:00:00+00:00,BE,offshore,13.3,92,0.0,9.7,-0.8386705679454242,-0.544639035015027,13.3,76,0.0,5.4,-0.656059028990507,-0.7547095802227721,13.1,83,0.0,3.5,-0.9271838545667873,-0.3746065934159123,13.0,79,0.0,3.0,-0.8290375725550418,-0.5591929034707466,4.824999999999999,open-meteo,2026-08-08T09:50:20+00:00
2026-05-02 00:00:00+00:00,BE,offshore,12.6,94,0.0,8.0,-0.9659258262890683,-0.25881904510252063,13.4,81,0.0,6.4,-0.7660444431189779,-0.6427876096865395,13.2,86,0.0,6.3,-0.8910065241883678,-0.45399049973954697,13.5,77,0.0,2.1,-0.8660254037844384,-0.5000000000000004,4.824999999999999,open-meteo,2026-08-08T09:50:20+00:00
2026-05-02 01:00:00+00:00,BE,offshore,13.0,93,0.0,8.4,-0.9743700647852351,-0.22495105434386525,12.2,96,0.0,9.6,-0.913545457642601,-0.4067366430758001,13.1,94,0.0,8.6,-0.9925461516413221,-0.12186934340514717,12.3,93,0.0,8.8,-0.9205048534524403,-0.3907311284892738,5.350000000000001,open-meteo,2026-08-08T09:50:20+00:00
2026-05-02 02:00:00+00:00,BE,offshore,12.5,96,0.0,7.2,-0.9335804264972015,-0.3583679495453007,12.5,94,0.0,8.4,-0.7431448254773944,-0.6691306063588581,12.7,96,0.0,8.3,-1.0,-1.8369701987210297e-16,12.3,94,0.0,9.5,-0.8910065241883678,-0.45399049973954697,5.5,open-meteo,2026-08-08T09:50:20+00:00
2026-05-02 03:00:00+00:00,BE,offshore,12.1,96,0.0,8.5,-0.961261695938319,-0.2756373558169989,12.1,94,0.0,9.4,-0.9510565162951535,-0.30901699437494756,12.6,94,0.0,8.7,-0.9659258262890683,-0.25881904510252063,12.1,94,0.0,9.3,-0.9563047559630353,-0.2923717047227371,5.775,open-meteo,2026-08-08T09:50:20+00:00
2026-05-02 04:00:00+00:00,BE,offshore,12.1,97,0.0,5.5,-0.7313537016191703,-0.6819983600624986,11.9,96,0.0,6.3,-0.9945218953682734,0.10452846326765299,12.3,97,0.0,5.9,-0.9743700647852351,-0.22495105434386525,11.8,97,0.0,8.3,-0.9743700647852352,0.22495105434386492,5.975000000000001,open-meteo,2026-08-08T09:50:20+00:00
2026-05-02 05:00:00+00:00,BE,offshore,12.3,93,2.0,8.6,-0.7771459614569706,-0.6293203910498378,12.0,94,9.0,7.3,-0.8090169943749473,-0.5877852522924732,12.6,96,0.0,7.1,-0.5150380749100542,-0.8571673007021123,12.1,94,5.0,7.0,-0.9455185755993168,-0.32556815445715664,5.75,open-meteo,2026-08-08T09:50:20+00:00
2026-05-02 06:00:00+00:00,BE,offshore,12.1,92,95.0,7.8,-0.8290375725550418,-0.5591929034707466,11.8,94,91.0,7.3,-0.8571673007021121,-0.5150380749100544,12.4,95,22.0,6.2,-0.7986355100472928,-0.6018150231520483,11.9,95,46.0,7.6,-0.882947592858927,-0.46947156278589075,5.950000000000001,open-meteo,2026-08-08T09:50:20+00:00
2026-05-02 07:00:00+00:00,BE,offshore,12.2,94,213.0,7.0,-0.656059028990507,-0.7547095802227721,11.5,96,177.0,9.0,-0.7071067811865475,-0.7071067811865477,12.6,97,164.0,7.8,-0.8386705679454242,-0.544639035015027,11.9,95,133.0,10.4,-0.848048096156426,-0.529919264233205,5.950000000000001,open-meteo,2026-08-08T09:50:20+00:00
2026-05-02 08:00:00+00:00,BE,offshore,12.1,91,295.0,6.4,-0.8191520442889916,-0.5735764363510464,11.7,92,370.0,8.0,-0.8660254037844384,-0.5000000000000004,12.7,91,274.0,5.8,-0.7880107536067221,-0.6156614753256581,11.9,91,270.0,8.4,-0.8571673007021121,-0.5150380749100544,5.9,open-meteo,2026-08-08T09:50:20+00:00
2026-05-02 09:00:00+00:00,BE,offshore,12.0,94,401.0,6.2,-0.754709580222772,-0.6560590289905073,11.4,93,459.0,6.8,-0.8191520442889916,-0.5735764363510464,12.6,91,216.0,7.0,-0.7880107536067221,-0.6156614753256581,11.6,93,181.0,6.7,-0.8660254037844384,-0.5000000000000004,6.1,open-meteo,2026-08-08T09:50:20+00:00
2026-05-02 10:00:00+00:00,BE,offshore,11.1,92,536.0,6.5,-0.8910065241883678,-0.45399049973954697,10.2,100,560.0,7.1,-0.8987940462991668,-0.43837114678907774,11.9,90,533.0,5.6,-0.874619707139396,-0.48480962024633684,10.1,100,590.0,6.3,-0.8571673007021121,-0.5150380749100544,7.175000000000001,open-meteo,2026-08-08T09:50:20+00:00
2026-05-02 11:00:00+00:00,BE,offshore,12.0,93,720.0,4.7,-0.6018150231520484,-0.7986355100472928,11.6,92,514.0,5.5,-0.8191520442889916,-0.5735764363510464,12.8,82,681.0,5.1,-0.6946583704589974,-0.7193398003386511,11.8,93,440.0,6.1,-0.6946583704589974,-0.7193398003386511,5.949999999999999,open-meteo,2026-08-08T09:50:20+00:00
2026-05-02 12:00:00+00:00,BE,offshore,11.5,90,808.0,4.6,-0.6427876096865393,-0.766044443118978,11.0,94,779.0,3.9,-0.7880107536067221,-0.6156614753256581,12.0,94,746.0,4.7,-0.913545457642601,-0.4067366430758001,11.3,92,710.0,4.0,-0.7193398003386512,-0.6946583704589973,6.550000000000001,open-meteo,2026-08-08T09:50:20+00:00
2026-05-02 13:00:00+00:00,BE,offshore,11.3,91,804.0,2.4,-0.8910065241883678,-0.45399049973954697,9.7,100,801.0,2.4,-0.587785252292473,-0.8090169943749475,11.7,90,801.0,2.9,-0.9876883405951378,0.15643446504023067,9.7,100,800.0,3.0,-0.754709580222772,-0.6560590289905073,7.399999999999999,open-meteo,2026-08-08T09:50:20+00:00
2026-05-02 14:00:00+00:00,BE,offshore,12.0,93,743.0,2.7,-0.7193398003386512,0.6946583704589973,11.5,94,543.0,2.1,-0.6691306063588582,-0.7431448254773942,12.5,87,726.0,3.9,-0.6156614753256582,0.7880107536067221,11.6,94,625.0,2.5,-0.9396926207859084,-0.34202014332566855,6.1,open-meteo,2026-08-08T09:50:20+00:00
2026-05-02 15:00:00+00:00,BE,offshore,12.1,86,642.0,1.5,-0.40673664307580015,0.9135454576426009,11.4,91,644.0,1.7,-0.15643446504023073,-0.9876883405951378,12.4,87,628.0,3.1,-0.29237170472273716,0.9563047559630353,11.4,90,638.0,1.4,-0.9396926207859084,-0.34202014332566855,6.175000000000001,open-meteo,2026-08-08T09:50:20+00:00
2026-05-02 16:00:00+00:00,BE,offshore,11.1,93,489.0,3.9,0.49999999999999994,0.8660254037844387,9.1,100,499.0,0.8,-0.5877852522924734,0.8090169943749473,12.2,89,489.0,4.1,0.374606593415912,0.9271838545667874,9.1,100,499.0,2.4,-0.6293203910498378,0.7771459614569706,7.625,open-meteo,2026-08-08T09:50:20+00:00
2026-05-02 17:00:00+00:00,BE,offshore,12.5,88,333.0,7.1,0.6946583704589973,0.7193398003386512,12.0,88,302.0,3.8,0.4694715627858908,0.882947592858927,13.0,84,263.0,7.6,0.6018150231520483,0.7986355100472928,12.0,91,307.0,4.9,0.3090169943749474,0.9510565162951535,5.625,open-meteo,2026-08-08T09:50:20+00:00
2026-05-02 18:00:00+00:00,BE,offshore,12.7,86,148.0,7.2,0.9396926207859083,0.3420201433256688,11.9,88,167.0,6.2,0.8829475928589269,0.46947156278589086,12.9,85,131.0,7.1,0.8571673007021123,0.5150380749100542,11.9,90,185.0,5.1,0.7771459614569709,0.6293203910498374,5.65,open-meteo,2026-08-08T09:50:20+00:00
2026-05-02 19:00:00+00:00,BE,offshore,13.1,89,14.0,9.9,0.9975640502598242,0.06975647374412523,11.9,90,13.0,7.5,0.9612616959383189,0.27563735581699916,14.1,83,6.0,7.7,0.9998476951563913,-0.017452406437283477,12.0,91,21.0,6.4,0.9993908270190958,0.03489949670250108,5.225,open-meteo,2026-08-08T09:50:20+00:00
2026-05-02 20:00:00+00:00,BE,offshore,13.1,87,0.0,7.2,0.9961946980917455,0.08715574274765814,12.6,85,0.0,8.9,0.9563047559630354,0.29237170472273677,13.9,81,0.0,7.4,0.9876883405951378,-0.1564344650402308,12.5,88,0.0,10.5,0.9702957262759965,0.24192189559966767,4.975,open-meteo,2026-08-08T09:50:20+00:00
2026-05-02 21:00:00+00:00,BE,offshore,13.2,94,0.0,8.9,0.8910065241883679,-0.45399049973954675,12.2,88,0.0,12.3,0.90630778703665,-0.42261826174069933,13.4,96,0.0,8.7,0.777145961456971,-0.6293203910498373,12.0,92,0.0,9.8,0.9271838545667874,-0.37460659341591207,5.300000000000001,open-meteo,2026-08-08T09:50:20+00:00
2026-05-02 22:00:00+00:00,BE,offshore,13.4,97,0.0,9.2,0.13917310096006533,-0.9902680687415704,11.6,96,0.0,8.5,0.9563047559630355,-0.29237170472273666,13.7,97,0.0,11.4,-0.06975647374412527,-0.9975640502598242,11.7,95,0.0,3.6,0.9396926207859084,-0.3420201433256687,5.399999999999999,open-meteo,2026-08-08T09:50:20+00:00
2026-05-02 23:00:00+00:00,BE,offshore,13.0,97,0.0,6.8,0.5877852522924732,-0.8090169943749473,12.4,93,0.0,8.5,0.766044443118978,-0.6427876096865394,13.2,94,0.0,5.2,0.8746197071393959,-0.484809620246337,12.5,92,0.0,8.6,0.9396926207859084,-0.3420201433256687,5.225000000000001,open-meteo,2026-08-08T09:50:20+00:00
2026-05-03 00:00:00+00:00,BE,offshore,13.7,96,0.0,10.1,1.2246467991473532e-16,-1.0,13.0,95,0.0,12.0,0.258819045102521,-0.9659258262890682,14.0,92,0.0,9.8,0.2756373558169992,-0.9612616959383189,12.9,95,0.0,10.3,0.4226182617406995,-0.9063077870366499,4.6,open-meteo,2026-08-08T09:50:20+00:00
2026-05-03 01:00:00+00:00,BE,offshore,13.5,96,0.0,8.3,-0.22495105434386498,-0.9743700647852352,12.7,98,0.0,10.4,-0.052335956242943564,-0.9986295347545738,13.9,96,0.0,8.1,0.03489949670250114,-0.9993908270190958,13.2,97,0.0,10.2,0.12186934340514755,-0.992546151641322,4.675000000000001,open-meteo,2026-08-08T09:50:20+00:00
2026-05-03 02:00:00+00:00,BE,offshore,13.4,96,0.0,6.6,-0.22495105434386498,-0.9743700647852352,12.6,96,0.0,8.3,-0.2588190451025208,-0.9659258262890683,13.6,92,0.0,7.1,-0.13917310096006552,-0.9902680687415703,12.7,95,0.0,9.4,0.13917310096006533,-0.9902680687415704,4.925000000000001,open-meteo,2026-08-08T09:50:20+00:00
2026-05-03 03:00:00+00:00,BE,offshore,13.4,97,0.0,8.4,-0.3090169943749473,-0.9510565162951536,13.1,98,0.0,6.8,-0.7986355100472928,-0.6018150231520483,13.9,98,0.0,8.3,-0.0348994967025009,-0.9993908270190958,12.8,98,0.0,8.2,-0.5000000000000001,-0.8660254037844386,4.699999999999999,open-meteo,2026-08-08T09:50:20+00:00
2026-05-03 04:00:00+00:00,BE,offshore,13.3,97,0.0,9.1,-0.017452406437283637,-0.9998476951563913,12.7,97,0.0,7.3,-0.2588190451025208,-0.9659258262890683,13.8,97,0.0,8.0,0.06975647374412552,-0.9975640502598242,12.9,98,0.0,8.1,-0.2079116908177595,-0.9781476007338056,4.825000000000001,open-meteo,2026-08-08T09:50:20+00:00
2026-05-03 05:00:00+00:00,BE,offshore,12.7,98,2.0,6.8,-0.4226182617406993,-0.90630778703665,12.3,98,1.0,8.4,-0.6427876096865393,-0.766044443118978,13.5,95,6.0,8.7,-0.32556815445715676,-0.9455185755993167,12.4,95,4.0,8.0,-0.43837114678907746,-0.8987940462991669,5.275,open-meteo,2026-08-08T09:50:20+00:00
2026-05-03 06:00:00+00:00,BE,offshore,13.3,98,3.0,7.3,-0.882947592858927,-0.46947156278589075,12.7,98,5.0,9.9,-0.6427876096865393,-0.766044443118978,13.4,98,15.0,7.0,-0.7431448254773944,-0.6691306063588581,12.8,98,3.0,8.4,-0.6293203910498376,-0.7771459614569708,4.949999999999999,open-meteo,2026-08-08T09:50:20+00:00
2026-05-03 07:00:00+00:00,BE,offshore,12.6,98,27.0,8.7,-0.848048096156426,-0.529919264233205,12.1,99,12.0,9.1,-0.8910065241883678,-0.45399049973954697,13.3,98,12.0,10.1,-0.6156614753256582,-0.788010753606722,12.5,98,9.0,10.0,-0.6691306063588582,-0.7431448254773942,5.375,open-meteo,2026-08-08T09:50:20+00:00
2026-05-03 08:00:00+00:00,BE,offshore,12.7,98,134.0,8.2,-0.4067366430758002,-0.9135454576426009,12.2,98,41.0,7.6,-0.6819983600624984,-0.7313537016191706,13.2,97,42.0,8.7,-0.48480962024633695,-0.8746197071393959,12.5,97,18.0,9.3,-0.7660444431189779,-0.6427876096865395,5.350000000000001,open-meteo,2026-08-08T09:50:20+00:00
2026-05-03 09:00:00+00:00,BE,offshore,12.5,93,59.0,8.4,-0.4539904997395467,-0.8910065241883679,12.0,96,22.0,9.5,-0.5446390350150271,-0.838670567945424,12.6,95,57.0,6.3,-0.43837114678907746,-0.8987940462991669,11.9,96,26.0,7.9,-0.5591929034707467,-0.8290375725550418,5.75,open-meteo,2026-08-08T09:50:20+00:00
2026-05-03 10:00:00+00:00,BE,offshore,12.6,98,181.0,6.3,-0.32556815445715676,-0.9455185755993167,11.9,100,208.0,7.9,-0.5150380749100542,-0.8571673007021123,13.1,96,136.0,6.5,-0.3090169943749473,-0.9510565162951536,12.1,97,140.0,8.2,-0.6427876096865393,-0.766044443118978,5.574999999999999,open-meteo,2026-08-08T09:50:20+00:00
2026-05-03 11:00:00+00:00,BE,offshore,12.7,99,341.0,7.7,-0.275637355816999,-0.9612616959383189,12.0,98,338.0,8.0,-0.5150380749100542,-0.8571673007021123,13.1,97,255.0,6.7,-0.29237170472273677,-0.9563047559630354,12.1,97,154.0,8.4,-0.4539904997395467,-0.8910065241883679,5.525,open-meteo,2026-08-08T09:50:20+00:00
2026-05-03 12:00:00+00:00,BE,offshore,13.1,95,500.0,4.5,-0.848048096156426,-0.529919264233205,12.1,100,496.0,7.4,-0.7071067811865475,-0.7071067811865477,13.9,94,89.0,5.1,-0.7880107536067221,-0.6156614753256581,12.7,94,409.0,7.7,-0.7660444431189779,-0.6427876096865395,5.050000000000001,open-meteo,2026-08-08T09:50:20+00:00
2026-05-03 13:00:00+00:00,BE,offshore,13.0,97,544.0,5.6,-0.961261695938319,-0.2756373558169989,12.2,99,650.0,6.6,-0.7986355100472928,-0.6018150231520483,13.7,94,723.0,4.5,-0.7986355100472928,-0.6018150231520483,12.6,96,724.0,6.2,-0.6691306063588582,-0.7431448254773942,5.125,open-meteo,2026-08-08T09:50:20+00:00
2026-05-03 14:00:00+00:00,BE,offshore,12.6,97,663.0,7.9,-0.874619707139396,-0.48480962024633684,12.4,97,697.0,5.8,-0.7071067811865475,-0.7071067811865477,13.8,93,257.0,5.6,-0.9271838545667873,-0.3746065934159123,12.5,96,257.0,6.1,-0.7771459614569706,-0.6293203910498378,5.175000000000001,open-meteo,2026-08-08T09:50:20+00:00
2026-05-03 15:00:00+00:00,BE,offshore,13.1,95,635.0,6.7,-0.8910065241883678,-0.45399049973954697,12.3,97,626.0,5.7,-0.7771459614569706,-0.6293203910498378,13.5,95,332.0,5.1,-0.9781476007338056,-0.2079116908177598,12.4,96,619.0,5.7,-0.8660254037844384,-0.5000000000000004,5.175000000000001,open-meteo,2026-08-08T09:50:20+00:00
2026-05-03 16:00:00+00:00,BE,offshore,12.6,97,314.0,4.7,-0.90630778703665,-0.42261826174069916,11.6,100,279.0,4.9,-0.7986355100472928,-0.6018150231520483,13.2,96,166.0,3.6,-0.9925461516413221,-0.12186934340514717,12.3,98,305.0,3.5,-0.754709580222772,-0.6560590289905073,5.574999999999999,open-meteo,2026-08-08T09:50:20+00:00
2026-05-03 17:00:00+00:00,BE,offshore,10.9,100,317.0,7.7,-0.8290375725550418,-0.5591929034707466,10.5,100,236.0,7.6,-0.7660444431189779,-0.6427876096865395,13.2,96,221.0,3.9,-0.17364817766693047,-0.984807753012208,12.2,97,171.0,4.1,-0.2079116908177595,-0.9781476007338056,6.300000000000001,open-meteo,2026-08-08T09:50:20+00:00
2026-05-03 18:00:00+00:00,BE,offshore,13.3,89,120.0,7.9,-0.7986355100472928,-0.6018150231520483,12.5,94,127.0,9.2,-0.6819983600624984,-0.7313537016191706,13.0,96,191.0,4.7,-0.913545457642601,-0.4067366430758001,12.3,96,189.0,7.6,-0.6819983600624984,-0.7313537016191706,5.225000000000001,open-meteo,2026-08-08T09:50:20+00:00
2026-05-03 19:00:00+00:00,BE,offshore,13.0,90,62.0,4.5,-0.5000000000000001,-0.8660254037844386,12.4,94,64.0,5.8,-0.275637355816999,-0.9612616959383189,13.2,94,59.0,3.4,-0.22495105434386498,-0.9743700647852352,12.5,95,61.0,6.7,-0.43837114678907746,-0.8987940462991669,5.225000000000001,open-meteo,2026-08-08T09:50:20+00:00
2026-05-03 20:00:00+00:00,BE,offshore,12.4,96,1.0,4.1,-0.43837114678907746,-0.8987940462991669,10.8,100,1.0,6.5,-0.34202014332566866,-0.9396926207859084,13.2,93,1.0,4.0,0.37460659341591224,-0.9271838545667873,12.3,95,1.0,7.9,-0.7313537016191703,-0.6819983600624986,5.824999999999999,open-meteo,2026-08-08T09:50:20+00:00
2026-05-03 21:00:00+00:00,BE,offshore,12.8,93,0.0,5.9,-0.754709580222772,-0.6560590289905073,12.5,91,0.0,7.4,-0.7313537016191703,-0.6819983600624986,13.3,92,0.0,2.7,-0.5591929034707467,-0.8290375725550418,12.3,94,0.0,7.9,-0.6018150231520484,-0.7986355100472928,5.274999999999999,open-meteo,2026-08-08T09:50:20+00:00
2026-05-03 22:00:00+00:00,BE,offshore,13.0,91,0.0,3.2,-0.5150380749100542,-0.8571673007021123,12.7,90,0.0,9.0,-0.7193398003386512,-0.6946583704589973,13.5,97,0.0,6.6,-0.12186934340514731,-0.9925461516413221,12.8,89,0.0,8.1,-0.7313537016191703,-0.6819983600624986,5.0,open-meteo,2026-08-08T09:50:20+00:00
2026-05-03 23:00:00+00:00,BE,offshore,13.0,97,0.0,6.5,-0.587785252292473,-0.8090169943749475,12.9,91,0.0,9.4,-0.5299192642332048,-0.8480480961564261,13.2,96,0.0,7.5,-0.5299192642332048,-0.8480480961564261,12.6,97,0.0,8.1,-0.43837114678907746,-0.8987940462991669,5.075000000000001,open-meteo,2026-08-08T09:50:20+00:00
2026-05-04 00:00:00+00:00,BE,offshore,12.8,93,0.0,3.8,-0.8090169943749473,-0.5877852522924732,12.3,93,0.0,8.2,-0.9205048534524403,-0.3907311284892738,13.1,94,0.0,3.2,-0.7313537016191703,-0.6819983600624986,12.4,93,0.0,7.8,-0.90630778703665,-0.42261826174069916,5.35,open-meteo,2026-08-08T09:50:20+00:00
2026-05-04 01:00:00+00:00,BE,offshore,12.8,92,0.0,6.0,-0.9659258262890683,-0.25881904510252063,12.5,92,0.0,8.3,-0.8660254037844384,-0.5000000000000004,13.0,93,0.0,6.6,-0.9961946980917455,-0.08715574274765825,12.7,91,0.0,7.1,-0.754709580222772,-0.6560590289905073,5.25,open-meteo,2026-08-08T09:50:20+00:00
2026-05-04 02:00:00+00:00,BE,offshore,12.6,92,0.0,8.8,-0.961261695938319,-0.2756373558169989,12.4,92,0.0,10.5,-0.913545457642601,-0.4067366430758001,13.0,97,0.0,6.9,-0.9902680687415703,-0.13917310096006583,12.4,91,0.0,8.2,-0.9271838545667873,-0.3746065934159123,5.4,open-meteo,2026-08-08T09:50:20+00:00
2026-05-04 03:00:00+00:00,BE,offshore,12.6,93,0.0,7.9,-0.9510565162951535,-0.30901699437494756,12.3,93,0.0,6.2,-0.9510565162951535,-0.30901699437494756,12.7,94,0.0,5.7,-0.9876883405951377,-0.15643446504023104,12.2,94,0.0,7.5,-0.9659258262890683,-0.25881904510252063,5.550000000000001,open-meteo,2026-08-08T09:50:20+00:00
2026-05-04 04:00:00+00:00,BE,offshore,12.3,94,0.0,5.6,-0.9743700647852351,-0.22495105434386525,12.1,94,0.0,6.1,-0.9925461516413221,-0.12186934340514717,12.5,93,0.0,6.9,-0.9961946980917455,-0.08715574274765825,12.1,94,0.0,6.6,-0.9961946980917455,-0.08715574274765825,5.75,open-meteo,2026-08-08T09:50:20+00:00
2026-05-04 05:00:00+00:00,BE,offshore,11.2,100,13.0,5.4,-0.8191520442889916,-0.5735764363510464,12.0,95,17.0,5.9,-0.9986295347545738,-0.052335956242944306,12.5,95,14.0,4.8,-0.9335804264972015,-0.3583679495453007,12.1,94,18.0,6.3,-0.9998476951563913,-0.017452406437283498,6.049999999999999,open-meteo,2026-08-08T09:50:20+00:00
2026-05-04 06:00:00+00:00,BE,offshore,12.4,95,70.0,4.2,-0.9902680687415704,0.13917310096006547,12.0,96,115.0,2.5,-0.6819983600624984,0.7313537016191707,12.7,94,112.0,3.0,-0.9998476951563913,0.01745240643728313,12.0,96,121.0,2.7,-0.9271838545667874,0.37460659341591196,5.725000000000001,open-meteo,2026-08-08T09:50:20+00:00
2026-05-04 07:00:00+00:00,BE,offshore,12.1,92,222.0,2.9,-0.9702957262759965,-0.24192189559966779,11.6,96,237.0,3.1,-0.13917310096006588,0.9902680687415703,12.4,93,227.0,3.9,-0.8910065241883678,-0.45399049973954697,11.9,95,243.0,3.2,-0.9743700647852352,0.22495105434386492,6.0,open-meteo,2026-08-08T09:50:20+00:00
2026-05-04 08:00:00+00:00,BE,offshore,11.1,100,363.0,1.7,-0.9271838545667873,-0.3746065934159123,10.2,100,341.0,3.4,0.1908089953765448,0.981627183447664,10.6,100,414.0,2.7,-0.7880107536067221,-0.6156614753256581,10.9,100,399.0,1.2,-0.9563047559630353,-0.2923717047227371,7.300000000000001,open-meteo,2026-08-08T09:50:20+00:00
2026-05-04 09:00:00+00:00,BE,offshore,12.0,95,311.0,1.6,-0.5000000000000004,0.8660254037844384,10.2,100,275.0,5.8,0.4539904997395468,0.8910065241883679,12.2,94,286.0,1.4,-0.8910065241883678,-0.45399049973954697,10.4,100,287.0,3.9,0.6946583704589973,0.7193398003386512,6.800000000000001,open-meteo,2026-08-08T09:50:20+00:00
2026-05-04 10:00:00+00:00,BE,offshore,11.9,94,605.0,1.2,0.766044443118978,0.6427876096865394,10.7,99,330.0,5.3,0.6018150231520483,0.7986355100472928,12.2,92,446.0,0.7,-0.9998476951563913,0.01745240643728313,10.3,100,401.0,5.3,0.6018150231520483,0.7986355100472928,6.725000000000001,open-meteo,2026-08-08T09:50:20+00:00
2026-05-04 11:00:00+00:00,BE,offshore,10.4,100,764.0,0.7,0.7986355100472927,-0.6018150231520484,9.9,100,373.0,3.5,0.6018150231520483,0.7986355100472928,10.8,98,766.0,1.4,-0.9743700647852351,-0.22495105434386525,10.1,100,544.0,0.6,-0.7313537016191703,-0.6819983600624986,7.699999999999999,open-meteo,2026-08-08T09:50:20+00:00
2026-05-04 12:00:00+00:00,BE,offshore,11.6,96,365.0,1.8,0.49999999999999994,0.8660254037844387,10.5,99,372.0,4.7,0.6560590289905073,0.754709580222772,11.8,95,559.0,2.5,-0.35836794954530077,0.9335804264972015,10.5,100,428.0,3.8,0.6018150231520483,0.7986355100472928,6.899999999999999,open-meteo,2026-08-08T09:50:20+00:00
2026-05-04 13:00:00+00:00,BE,offshore,10.7,100,597.0,4.2,0.3420201433256687,0.9396926207859084,10.2,100,280.0,4.8,0.374606593415912,0.9271838545667874,11.8,95,785.0,4.6,0.10452846326765347,0.9945218953682733,10.0,100,383.0,5.2,0.4067366430758002,0.9135454576426009,7.324999999999999,open-meteo,2026-08-08T09:50:20+00:00
2026-05-04 14:00:00+00:00,BE,offshore,10.5,97,478.0,4.7,-0.13917310096006588,0.9902680687415703,10.3,97,366.0,5.9,0.17364817766693033,0.984807753012208,10.4,98,565.0,4.6,-0.15643446504023112,0.9876883405951377,10.2,100,413.0,5.0,0.13917310096006544,0.9902680687415704,7.649999999999999,open-meteo,2026-08-08T09:50:20+00:00
2026-05-04 15:00:00+00:00,BE,offshore,11.2,96,345.0,7.4,0.1908089953765448,0.981627183447664,11.4,91,232.0,6.9,0.17364817766693033,0.984807753012208,11.2,96,400.0,7.3,0.24192189559966773,0.9702957262759965,11.5,91,233.0,8.0,0.15643446504023087,0.9876883405951378,6.675000000000001,open-meteo,2026-08-08T09:50:20+00:00
2026-05-04 16:00:00+00:00,BE,offshore,10.6,98,219.0,9.1,0.3420201433256687,0.9396926207859084,10.7,95,340.0,7.3,0.20791169081775934,0.9781476007338057,10.5,100,368.0,9.5,0.25881904510252074,0.9659258262890683,10.9,94,364.0,6.9,0.4067366430758002,0.9135454576426009,7.325000000000001,open-meteo,2026-08-08T09:50:20+00:00
2026-05-04 17:00:00+00:00,BE,offshore,10.6,96,172.0,10.3,0.3420201433256687,0.9396926207859084,10.9,91,194.0,9.2,0.5150380749100542,0.8571673007021123,10.6,97,167.0,10.6,0.3255681544571567,0.9455185755993168,10.9,93,205.0,9.1,0.39073112848927377,0.9205048534524404,7.25,open-meteo,2026-08-08T09:50:20+00:00
2026-05-04 18:00:00+00:00,BE,offshore,11.6,91,89.0,8.3,0.5446390350150271,0.838670567945424,10.8,93,181.0,8.9,0.3420201433256687,0.9396926207859084,11.7,92,85.0,9.1,0.3255681544571567,0.9455185755993168,11.1,93,129.0,8.2,0.35836794954530027,0.9335804264972017,6.700000000000001,open-meteo,2026-08-08T09:50:20+00:00
2026-05-04 19:00:00+00:00,BE,offshore,10.7,95,50.0,9.8,0.48480962024633706,0.8746197071393957,10.1,95,46.0,8.8,0.42261826174069944,0.9063077870366499,10.7,96,62.0,10.0,0.4067366430758002,0.9135454576426009,10.0,97,51.0,9.5,0.4067366430758002,0.9135454576426009,7.625,open-meteo,2026-08-08T09:50:20+00:00
2026-05-04 20:00:00+00:00,BE,offshore,10.4,97,1.0,10.2,0.39073112848927377,0.9205048534524404,10.0,95,1.0,9.9,0.4067366430758002,0.9135454576426009,10.7,98,1.0,10.6,0.3090169943749474,0.9510565162951535,10.1,96,1.0,10.7,0.42261826174069944,0.9063077870366499,7.700000000000001,open-meteo,2026-08-08T09:50:20+00:00
2026-05-04 21:00:00+00:00,BE,offshore,10.9,88,0.0,9.5,0.4067366430758002,0.9135454576426009,10.5,88,0.0,9.0,0.42261826174069944,0.9063077870366499,10.6,93,0.0,9.9,0.3255681544571567,0.9455185755993168,10.2,91,0.0,9.6,0.39073112848927377,0.9205048534524404,7.449999999999999,open-meteo,2026-08-08T09:50:20+00:00
2026-05-04 22:00:00+00:00,BE,offshore,10.8,88,0.0,10.1,0.35836794954530027,0.9335804264972017,10.8,89,0.0,9.0,0.4067366430758002,0.9135454576426009,10.6,92,0.0,10.4,0.3090169943749474,0.9510565162951535,10.8,86,0.0,8.9,0.43837114678907746,0.898794046299167,7.25,open-meteo,2026-08-08T09:50:20+00:00
2026-05-04 23:00:00+00:00,BE,offshore,11.2,87,0.0,8.9,0.42261826174069944,0.9063077870366499,10.8,86,0.0,7.1,0.5150380749100542,0.8571673007021123,11.2,88,0.0,9.7,0.39073112848927377,0.9205048534524404,10.8,86,0.0,7.7,0.48480962024633706,0.8746197071393957,7.0,open-meteo,2026-08-08T09:50:20+00:00
2026-05-05 00:00:00+00:00,BE,offshore,10.4,90,0.0,8.9,0.48480962024633706,0.8746197071393957,10.2,87,0.0,8.0,0.4694715627858908,0.882947592858927,10.8,91,0.0,9.2,0.43837114678907746,0.898794046299167,10.1,89,0.0,9.0,0.5446390350150271,0.838670567945424,7.625,open-meteo,2026-08-08T09:50:20+00:00
2026-05-05 01:00:00+00:00,BE,offshore,11.0,85,0.0,8.4,0.4067366430758002,0.9135454576426009,10.4,84,0.0,7.8,0.49999999999999994,0.8660254037844387,11.2,84,0.0,9.6,0.3420201433256687,0.9396926207859084,10.6,84,0.0,8.2,0.49999999999999994,0.8660254037844387,7.200000000000001,open-meteo,2026-08-08T09:50:20+00:00
2026-05-05 02:00:00+00:00,BE,offshore,10.8,84,0.0,8.5,0.5150380749100542,0.8571673007021123,10.3,83,0.0,7.6,0.5299192642332049,0.848048096156426,10.6,87,0.0,8.9,0.49999999999999994,0.8660254037844387,10.2,85,0.0,8.4,0.573576436351046,0.8191520442889918,7.524999999999999,open-meteo,2026-08-08T09:50:20+00:00
2026-05-05 03:00:00+00:00,BE,offshore,10.5,88,0.0,7.9,0.3420201433256687,0.9396926207859084,10.1,86,0.0,6.7,0.5299192642332049,0.848048096156426,10.9,88,0.0,8.9,0.4694715627858908,0.882947592858927,10.1,87,0.0,7.2,0.5446390350150271,0.838670567945424,7.6,open-meteo,2026-08-08T09:50:20+00:00
2026-05-05 04:00:00+00:00,BE,offshore,10.4,82,0.0,6.0,0.5877852522924731,0.8090169943749475,10.0,84,0.0,5.9,0.6018150231520483,0.7986355100472928,10.7,81,0.0,6.0,0.43837114678907746,0.898794046299167,9.9,83,0.0,6.9,0.5150380749100542,0.8571673007021123,7.75,open-meteo,2026-08-08T09:50:20+00:00
2026-05-05 05:00:00+00:00,BE,offshore,10.2,83,7.0,6.0,0.5299192642332049,0.848048096156426,9.8,80,5.0,7.2,0.5150380749100542,0.8571673007021123,10.6,83,9.0,5.9,0.48480962024633706,0.8746197071393957,9.9,82,5.0,8.3,0.4539904997395468,0.8910065241883679,7.875,open-meteo,2026-08-08T09:50:20+00:00
2026-05-05 06:00:00+00:00,BE,offshore,10.1,86,28.0,7.4,0.5150380749100542,0.8571673007021123,9.5,81,69.0,5.9,0.5299192642332049,0.848048096156426,10.4,86,30.0,7.1,0.4067366430758002,0.9135454576426009,9.8,82,58.0,6.1,0.5150380749100542,0.8571673007021123,8.05,open-meteo,2026-08-08T09:50:20+00:00
2026-05-05 07:00:00+00:00,BE,offshore,10.2,82,66.0,9.4,0.48480962024633706,0.8746197071393957,9.7,78,186.0,8.3,0.4694715627858908,0.882947592858927,10.4,83,69.0,8.5,0.42261826174069944,0.9063077870366499,9.9,78,118.0,8.5,0.48480962024633706,0.8746197071393957,7.950000000000001,open-meteo,2026-08-08T09:50:20+00:00
2026-05-05 08:00:00+00:00,BE,offshore,10.1,78,248.0,10.0,0.49999999999999994,0.8660254037844387,9.7,78,374.0,9.8,0.49999999999999994,0.8660254037844387,10.4,81,151.0,10.1,0.4694715627858908,0.882947592858927,9.9,78,407.0,10.3,0.49999999999999994,0.8660254037844387,7.975000000000001,open-meteo,2026-08-08T09:50:20+00:00
2026-05-05 09:00:00+00:00,BE,offshore,10.2,77,428.0,9.4,0.6156614753256583,0.7880107536067219,10.0,77,557.0,8.3,0.6293203910498374,0.7771459614569709,10.6,78,331.0,9.5,0.6018150231520483,0.7986355100472928,10.2,76,555.0,8.4,0.6427876096865393,0.766044443118978,7.75,open-meteo,2026-08-08T09:50:20+00:00
2026-05-05 10:00:00+00:00,BE,offshore,10.6,77,603.0,9.0,0.6560590289905073,0.754709580222772,10.2,78,697.0,8.8,0.6427876096865393,0.766044443118978,10.7,76,532.0,8.8,0.6819983600624985,0.7313537016191705,10.3,76,701.0,8.8,0.6560590289905073,0.754709580222772,7.550000000000001,open-meteo,2026-08-08T09:50:20+00:00
2026-05-05 11:00:00+00:00,BE,offshore,10.4,80,537.0,8.7,0.6691306063588582,0.7431448254773942,10.0,79,716.0,8.7,0.6018150231520483,0.7986355100472928,10.6,78,663.0,8.4,0.6691306063588582,0.7431448254773942,10.1,78,782.0,9.1,0.573576436351046,0.8191520442889918,7.725,open-meteo,2026-08-08T09:50:20+00:00
2026-05-05 12:00:00+00:00,BE,offshore,10.7,77,663.0,8.6,0.6156614753256583,0.7880107536067219,10.4,76,634.0,8.3,0.6156614753256583,0.7880107536067219,10.8,76,687.0,8.4,0.5591929034707469,0.8290375725550417,10.4,77,644.0,8.7,0.573576436351046,0.8191520442889918,7.424999999999999,open-meteo,2026-08-08T09:50:20+00:00
2026-05-05 13:00:00+00:00,BE,offshore,10.6,78,768.0,8.9,0.6018150231520483,0.7986355100472928,10.2,77,532.0,9.4,0.5299192642332049,0.848048096156426,10.8,76,803.0,8.5,0.5446390350150271,0.838670567945424,10.2,78,555.0,10.3,0.48480962024633706,0.8746197071393957,7.550000000000001,open-meteo,2026-08-08T09:50:20+00:00
2026-05-05 14:00:00+00:00,BE,offshore,10.9,78,671.0,9.6,0.5150380749100542,0.8571673007021123,10.4,78,697.0,10.5,0.43837114678907746,0.898794046299167,11.1,77,723.0,10.2,0.48480962024633706,0.8746197071393957,10.4,79,580.0,11.0,0.4539904997395468,0.8910065241883679,7.300000000000001,open-meteo,2026-08-08T09:50:20+00:00
2026-05-05 15:00:00+00:00,BE,offshore,10.7,77,484.0,10.6,0.43837114678907746,0.898794046299167,10.3,77,586.0,10.1,0.42261826174069944,0.9063077870366499,10.9,77,461.0,10.8,0.42261826174069944,0.9063077870366499,10.4,77,562.0,10.8,0.374606593415912,0.9271838545667874,7.425000000000001,open-meteo,2026-08-08T09:50:20+00:00
2026-05-05 16:00:00+00:00,BE,offshore,10.8,78,358.0,11.1,0.374606593415912,0.9271838545667874,10.5,78,430.0,10.3,0.39073112848927377,0.9205048534524404,11.0,78,406.0,11.4,0.374606593415912,0.9271838545667874,10.5,77,311.0,10.5,0.4067366430758002,0.9135454576426009,7.300000000000001,open-meteo,2026-08-08T09:50:20+00:00
2026-05-05 17:00:00+00:00,BE,offshore,11.0,78,281.0,12.0,0.3255681544571567,0.9455185755993168,10.5,78,275.0,11.1,0.3420201433256687,0.9396926207859084,11.1,78,346.0,12.5,0.3255681544571567,0.9455185755993168,10.5,77,316.0,11.6,0.29237170472273677,0.9563047559630354,7.225,open-meteo,2026-08-08T09:50:20+00:00
2026-05-05 18:00:00+00:00,BE,offshore,11.1,75,188.0,13.0,0.3255681544571567,0.9455185755993168,10.6,75,130.0,11.3,0.39073112848927377,0.9205048534524404,11.2,75,168.0,13.2,0.3090169943749474,0.9510565162951535,10.6,75,141.0,12.4,0.3255681544571567,0.9455185755993168,7.125,open-meteo,2026-08-08T09:50:20+00:00
2026-05-05 19:00:00+00:00,BE,offshore,10.9,78,53.0,13.0,0.39073112848927377,0.9205048534524404,10.4,79,42.0,10.2,0.4694715627858908,0.882947592858927,11.0,79,50.0,13.3,0.35836794954530027,0.9335804264972017,10.5,79,52.0,10.9,0.374606593415912,0.9271838545667874,7.300000000000001,open-meteo,2026-08-08T09:50:20+00:00
2026-05-05 20:00:00+00:00,BE,offshore,10.9,77,1.0,12.0,0.49999999999999994,0.8660254037844387,10.4,78,2.0,9.5,0.5299192642332049,0.848048096156426,11.2,78,1.0,12.3,0.4539904997395468,0.8910065241883679,10.5,78,1.0,10.2,0.4694715627858908,0.882947592858927,7.25,open-meteo,2026-08-08T09:50:20+00:00
2026-05-05 21:00:00+00:00,BE,offshore,11.0,75,0.0,11.8,0.6018150231520483,0.7986355100472928,10.5,78,0.0,10.1,0.5446390350150271,0.838670567945424,11.1,76,0.0,12.1,0.5446390350150271,0.838670567945424,10.5,76,0.0,10.5,0.573576436351046,0.8191520442889918,7.225,open-meteo,2026-08-08T09:50:20+00:00
2026-05-05 22:00:00+00:00,BE,offshore,10.8,81,0.0,11.4,0.4694715627858908,0.882947592858927,10.2,82,0.0,8.7,0.48480962024633706,0.8746197071393957,11.0,79,0.0,11.5,0.49999999999999994,0.8660254037844387,10.3,81,0.0,9.6,0.5150380749100542,0.8571673007021123,7.425000000000001,open-meteo,2026-08-08T09:50:20+00:00
2026-05-05 23:00:00+00:00,BE,offshore,10.6,81,0.0,10.8,0.5150380749100542,0.8571673007021123,10.1,81,0.0,9.0,0.43837114678907746,0.898794046299167,10.8,78,0.0,10.7,0.5150380749100542,0.8571673007021123,10.2,81,0.0,9.6,0.43837114678907746,0.898794046299167,7.574999999999999,open-meteo,2026-08-08T09:50:20+00:00
2026-05-06 00:00:00+00:00,BE,offshore,10.8,77,0.0,10.0,0.43837114678907746,0.898794046299167,10.3,79,0.0,8.6,0.42261826174069944,0.9063077870366499,10.9,75,0.0,10.4,0.42261826174069944,0.9063077870366499,10.4,77,0.0,9.3,0.39073112848927377,0.9205048534524404,7.4,open-meteo,2026-08-08T09:50:20+00:00
2026-05-06 01:00:00+00:00,BE,offshore,10.5,79,0.0,9.9,0.35836794954530027,0.9335804264972017,10.1,80,0.0,8.4,0.29237170472273677,0.9563047559630354,10.7,78,0.0,10.6,0.374606593415912,0.9271838545667874,10.2,79,0.0,9.3,0.35836794954530027,0.9335804264972017,7.625,open-meteo,2026-08-08T09:50:20+00:00
2026-05-06 02:00:00+00:00,BE,offshore,10.4,81,0.0,9.7,0.25881904510252074,0.9659258262890683,9.9,82,0.0,8.5,0.10452846326765347,0.9945218953682733,10.5,75,0.0,10.2,0.3255681544571567,0.9455185755993168,10.1,79,0.0,9.1,0.24192189559966773,0.9702957262759965,7.775,open-meteo,2026-08-08T09:50:20+00:00
2026-05-06 03:00:00+00:00,BE,offshore,10.4,80,0.0,9.3,0.13917310096006544,0.9902680687415704,10.2,77,0.0,7.0,0.1908089953765448,0.981627183447664,10.5,76,0.0,9.7,0.29237170472273677,0.9563047559630354,10.1,77,0.0,8.5,0.29237170472273677,0.9563047559630354,7.699999999999999,open-meteo,2026-08-08T09:50:20+00:00
2026-05-06 04:00:00+00:00,BE,offshore,10.5,80,0.0,8.9,0.0697564737441253,0.9975640502598242,10.4,77,0.0,7.2,0.052335956242943835,0.9986295347545738,10.7,76,0.0,9.3,0.24192189559966773,0.9702957262759965,10.3,77,0.0,8.3,0.3420201433256687,0.9396926207859084,7.525,open-meteo,2026-08-08T09:50:20+00:00
2026-05-06 05:00:00+00:00,BE,offshore,10.5,81,3.0,8.3,0.15643446504023087,0.9876883405951378,10.2,82,5.0,6.6,0.29237170472273677,0.9563047559630354,10.5,75,4.0,9.0,0.1908089953765448,0.981627183447664,10.3,75,6.0,8.1,0.29237170472273677,0.9563047559630354,7.625,open-meteo,2026-08-08T09:50:20+00:00
2026-05-06 06:00:00+00:00,BE,offshore,10.3,74,27.0,7.7,0.3090169943749474,0.9510565162951535,10.1,76,33.0,7.1,0.4539904997395468,0.8910065241883679,10.4,74,58.0,8.9,0.24192189559966773,0.9702957262759965,10.1,75,70.0,8.2,0.3090169943749474,0.9510565162951535,7.775,open-meteo,2026-08-08T09:50:20+00:00
2026-05-06 07:00:00+00:00,BE,offshore,10.5,78,145.0,7.3,0.39073112848927377,0.9205048534524404,10.4,75,103.0,6.9,0.6293203910498374,0.7771459614569709,10.7,77,194.0,8.6,0.25881904510252074,0.9659258262890683,10.3,75,175.0,7.8,0.4067366430758002,0.9135454576426009,7.525,open-meteo,2026-08-08T09:50:20+00:00
2026-05-06 08:00:00+00:00,BE,offshore,10.8,73,279.0,7.9,0.29237170472273677,0.9563047559630354,10.5,73,310.0,7.8,0.374606593415912,0.9271838545667874,10.8,79,300.0,9.2,0.15643446504023087,0.9876883405951378,10.5,77,307.0,8.9,0.3420201433256687,0.9396926207859084,7.35,open-meteo,2026-08-08T09:50:20+00:00
2026-05-06 09:00:00+00:00,BE,offshore,10.5,73,440.0,7.1,0.20791169081775934,0.9781476007338057,10.3,73,504.0,7.0,0.25881904510252074,0.9659258262890683,10.6,73,54.0,8.2,-2.4492935982947064e-16,1.0,10.4,77,346.0,8.1,0.15643446504023087,0.9876883405951378,7.550000000000001,open-meteo,2026-08-08T09:50:20+00:00
2026-05-06 10:00:00+00:00,BE,offshore,10.5,73,625.0,7.4,0.27563735581699916,0.9612616959383189,10.2,75,593.0,7.1,0.24192189559966773,0.9702957262759965,10.5,77,562.0,8.3,0.15643446504023087,0.9876883405951378,10.3,78,467.0,8.4,0.24192189559966773,0.9702957262759965,7.625,open-meteo,2026-08-08T09:50:20+00:00
2026-05-06 11:00:00+00:00,BE,offshore,10.7,76,639.0,7.2,0.29237170472273677,0.9563047559630354,10.5,76,648.0,7.3,0.3255681544571567,0.9455185755993168,10.9,77,602.0,8.0,0.25881904510252074,0.9659258262890683,10.7,77,636.0,8.2,0.3255681544571567,0.9455185755993168,7.300000000000001,open-meteo,2026-08-08T09:50:20+00:00
2026-05-06 12:00:00+00:00,BE,offshore,10.8,77,349.0,8.5,0.0697564737441253,0.9975640502598242,10.6,78,636.0,8.9,0.08715574274765817,0.9961946980917455,11.0,80,233.0,9.6,0.03489949670250097,0.9993908270190958,10.7,80,693.0,10.5,0.10452846326765347,0.9945218953682733,7.225000000000001,open-meteo,2026-08-08T09:50:20+00:00
2026-05-06 13:00:00+00:00,BE,offshore,10.8,77,679.0,8.5,0.13917310096006544,0.9902680687415704,10.6,77,667.0,9.0,0.224951054343865,0.9743700647852352,11.0,78,607.0,9.2,0.08715574274765817,0.9961946980917455,10.6,79,623.0,9.5,0.20791169081775934,0.9781476007338057,7.25,open-meteo,2026-08-08T09:50:20+00:00
2026-05-06 14:00:00+00:00,BE,offshore,11.2,78,706.0,8.8,0.052335956242943835,0.9986295347545738,10.9,80,749.0,8.9,0.20791169081775934,0.9781476007338057,11.4,79,638.0,8.7,0.052335956242943835,0.9986295347545738,11.1,80,694.0,10.0,0.25881904510252074,0.9659258262890683,6.85,open-meteo,2026-08-08T09:50:20+00:00
2026-05-06 15:00:00+00:00,BE,offshore,11.0,78,586.0,8.0,0.25881904510252074,0.9659258262890683,10.7,81,644.0,8.4,0.3090169943749474,0.9510565162951535,11.1,79,574.0,8.0,0.12186934340514748,0.992546151641322,10.8,79,547.0,8.6,0.374606593415912,0.9271838545667874,7.100000000000001,open-meteo,2026-08-08T09:50:20+00:00
2026-05-06 16:00:00+00:00,BE,offshore,11.1,79,466.0,9.4,0.20791169081775934,0.9781476007338057,10.7,79,474.0,10.1,0.3420201433256687,0.9396926207859084,11.3,77,511.0,10.0,0.20791169081775934,0.9781476007338057,10.9,76,445.0,11.5,0.3255681544571567,0.9455185755993168,7.000000000000002,open-meteo,2026-08-08T09:50:20+00:00
2026-05-06 17:00:00+00:00,BE,offshore,11.4,75,347.0,9.9,0.3420201433256687,0.9396926207859084,10.9,77,374.0,11.1,0.4067366430758002,0.9135454576426009,11.5,78,331.0,9.9,0.3255681544571567,0.9455185755993168,11.1,78,368.0,11.5,0.39073112848927377,0.9205048534524404,6.775,open-meteo,2026-08-08T09:50:20+00:00
2026-05-06 18:00:00+00:00,BE,offshore,11.2,75,215.0,9.0,0.224951054343865,0.9743700647852352,11.0,75,210.0,10.4,0.3090169943749474,0.9510565162951535,11.5,75,207.0,8.2,0.20791169081775934,0.9781476007338057,11.2,77,152.0,11.5,0.49999999999999994,0.8660254037844387,6.774999999999999,open-meteo,2026-08-08T09:50:20+00:00
2026-05-06 19:00:00+00:00,BE,offshore,11.1,77,73.0,9.4,0.1908089953765448,0.981627183447664,10.7,81,75.0,9.5,0.3090169943749474,0.9510565162951535,11.3,75,66.0,9.9,0.12186934340514748,0.992546151641322,11.0,76,51.0,10.1,0.27563735581699916,0.9612616959383189,6.975000000000001,open-meteo,2026-08-08T09:50:20+00:00
2026-05-06 20:00:00+00:00,BE,offshore,11.2,77,2.0,9.1,0.1908089953765448,0.981627183447664,10.9,76,2.0,9.7,0.24192189559966773,0.9702957262759965,11.5,78,2.0,9.1,0.29237170472273677,0.9563047559630354,11.1,77,1.0,9.9,0.3255681544571567,0.9455185755993168,6.824999999999999,open-meteo,2026-08-08T09:50:20+00:00
2026-05-06 21:00:00+00:00,BE,offshore,11.4,75,0.0,7.9,0.3090169943749474,0.9510565162951535,10.9,73,0.0,9.3,0.4067366430758002,0.9135454576426009,12.0,78,0.0,4.2,0.8090169943749475,0.5877852522924731,11.4,73,0.0,9.8,0.6427876096865393,0.766044443118978,6.575000000000001,open-meteo,2026-08-08T09:50:20+00:00
2026-05-06 22:00:00+00:00,BE,offshore,11.4,78,0.0,8.8,0.4539904997395468,0.8910065241883679,11.0,77,0.0,9.4,0.5877852522924731,0.8090169943749475,12.0,74,0.0,8.5,0.6427876096865393,0.766044443118978,11.1,78,0.0,10.9,0.6293203910498374,0.7771459614569709,6.625,open-meteo,2026-08-08T09:50:20+00:00
2026-05-06 23:00:00+00:00,BE,offshore,11.1,79,0.0,8.6,0.4067366430758002,0.9135454576426009,10.7,77,0.0,9.1,0.49999999999999994,0.8660254037844387,11.8,79,0.0,6.7,0.48480962024633706,0.8746197071393957,11.0,78,0.0,9.5,0.6018150231520483,0.7986355100472928,6.850000000000001,open-meteo,2026-08-08T09:50:20+00:00
2026-05-07 00:00:00+00:00,BE,offshore,12.0,62,0.0,2.7,0.9455185755993167,0.32556815445715676,10.8,76,0.0,7.7,0.6819983600624985,0.7313537016191705,12.0,56,0.0,0.7,0.5150380749100542,0.8571673007021123,11.0,76,0.0,7.3,0.6691306063588582,0.7431448254773942,6.550000000000001,open-meteo,2026-08-08T09:50:20+00:00
2026-05-07 01:00:00+00:00,BE,offshore,11.5,76,0.0,7.6,0.766044443118978,0.6427876096865394,10.8,78,0.0,6.8,0.6560590289905073,0.754709580222772,11.6,73,0.0,6.9,0.848048096156426,0.5299192642332049,10.9,78,0.0,7.2,0.7313537016191705,0.6819983600624985,6.800000000000001,open-meteo,2026-08-08T09:50:20+00:00
2026-05-07 02:00:00+00:00,BE,offshore,12.1,68,0.0,6.0,0.9510565162951535,0.30901699437494745,10.9,76,0.0,7.5,0.838670567945424,0.5446390350150271,11.9,67,0.0,4.7,0.848048096156426,0.5299192642332049,10.9,77,0.0,6.9,0.754709580222772,0.6560590289905073,6.550000000000001,open-meteo,2026-08-08T09:50:20+00:00
2026-05-07 03:00:00+00:00,BE,offshore,11.3,77,0.0,4.7,0.6819983600624985,0.7313537016191705,10.7,79,0.0,5.9,0.7431448254773942,0.6691306063588582,11.4,73,0.0,5.3,0.7313537016191705,0.6819983600624985,10.8,79,0.0,5.6,0.7193398003386511,0.6946583704589973,6.949999999999999,open-meteo,2026-08-08T09:50:20+00:00
2026-05-07 04:00:00+00:00,BE,offshore,11.2,77,0.0,5.0,0.8191520442889918,0.573576436351046,10.7,78,0.0,5.7,0.788010753606722,0.6156614753256583,11.1,74,0.0,4.5,0.9510565162951535,0.30901699437494745,10.5,77,0.0,5.6,0.8290375725550417,0.5591929034707468,7.125,open-meteo,2026-08-08T09:50:20+00:00
2026-05-07 05:00:00+00:00,BE,offshore,11.4,76,10.0,5.2,0.8910065241883679,0.45399049973954686,10.8,78,11.0,5.7,0.754709580222772,0.6560590289905073,11.0,76,15.0,5.1,0.9455185755993167,0.32556815445715676,10.9,76,10.0,5.5,0.8910065241883679,0.45399049973954686,6.975,open-meteo,2026-08-08T09:50:20+00:00
2026-05-07 06:00:00+00:00,BE,offshore,11.2,76,43.0,4.1,0.766044443118978,0.6427876096865394,10.7,76,66.0,5.6,0.848048096156426,0.5299192642332049,10.9,78,82.0,4.3,0.8191520442889918,0.573576436351046,10.8,75,103.0,5.3,0.788010753606722,0.6156614753256583,7.100000000000001,open-meteo,2026-08-08T09:50:20+00:00
2026-05-07 07:00:00+00:00,BE,offshore,11.0,78,100.0,2.9,0.9271838545667874,0.37460659341591196,10.7,77,175.0,4.6,0.8290375725550417,0.5591929034707468,10.8,76,260.0,2.9,0.9986295347545738,0.052335956242943966,10.8,76,136.0,4.1,0.8290375725550417,0.5591929034707468,7.175000000000001,open-meteo,2026-08-08T09:50:20+00:00
2026-05-07 08:00:00+00:00,BE,offshore,10.9,76,190.0,2.1,0.9271838545667874,-0.37460659341591207,10.8,76,433.0,3.8,0.8660254037844386,0.5000000000000001,10.7,75,352.0,2.3,0.8987940462991669,0.43837114678907746,10.8,76,417.0,3.4,0.8191520442889918,0.573576436351046,7.199999999999999,open-meteo,2026-08-08T09:50:20+00:00
2026-05-07 09:00:00+00:00,BE,offshore,10.9,75,600.0,3.8,0.9612616959383189,0.27563735581699916,10.7,73,599.0,3.8,0.8910065241883679,0.45399049973954686,10.6,78,603.0,2.8,0.9455185755993167,0.32556815445715676,10.7,74,599.0,3.5,0.8829475928589269,0.46947156278589086,7.274999999999999,open-meteo,2026-08-08T09:50:20+00:00
2026-05-07 10:00:00+00:00,BE,offshore,11.0,75,701.0,2.7,0.9993908270190958,0.03489949670250108,10.8,75,714.0,2.5,0.9063077870366499,0.42261826174069944,10.8,72,715.0,1.5,1.0,6.123233995736766e-17,10.8,73,623.0,2.2,0.8660254037844386,0.5000000000000001,7.149999999999999,open-meteo,2026-08-08T09:50:20+00:00
2026-05-07 11:00:00+00:00,BE,offshore,10.9,74,805.0,2.6,0.9063077870366499,0.42261826174069944,10.7,74,710.0,3.3,0.9563047559630354,0.29237170472273677,10.9,70,809.0,2.4,0.5150380749100542,0.8571673007021123,10.7,73,796.0,2.9,0.8090169943749475,0.5877852522924731,7.199999999999999,open-meteo,2026-08-08T09:50:20+00:00
2026-05-07 12:00:00+00:00,BE,offshore,10.9,73,844.0,4.1,0.8290375725550417,0.5591929034707468,10.6,72,616.0,2.6,0.7986355100472928,0.6018150231520483,10.9,74,843.0,4.1,0.4694715627858908,0.882947592858927,10.7,73,836.0,2.9,0.7193398003386511,0.6946583704589973,7.225000000000001,open-meteo,2026-08-08T09:50:20+00:00
2026-05-07 13:00:00+00:00,BE,offshore,10.9,74,836.0,4.3,0.7193398003386511,0.6946583704589973,10.7,72,830.0,3.0,0.8987940462991669,0.43837114678907746,11.0,73,834.0,4.7,0.42261826174069944,0.9063077870366499,10.6,71,831.0,3.4,0.7313537016191705,0.6819983600624985,7.199999999999999,open-meteo,2026-08-08T09:50:20+00:00
2026-05-07 14:00:00+00:00,BE,offshore,11.0,76,778.0,6.0,0.8191520442889918,0.573576436351046,10.6,73,774.0,5.1,0.8829475928589269,0.46947156278589086,11.0,74,773.0,5.8,0.6018150231520483,0.7986355100472928,10.6,71,777.0,4.5,0.7193398003386511,0.6946583704589973,7.199999999999999,open-meteo,2026-08-08T09:50:20+00:00
2026-05-07 15:00:00+00:00,BE,offshore,11.0,75,366.0,4.5,0.8571673007021123,0.5150380749100542,10.6,72,670.0,5.3,0.788010753606722,0.6156614753256583,11.0,74,664.0,5.4,0.6819983600624985,0.7313537016191705,10.6,71,666.0,5.3,0.7071067811865475,0.7071067811865476,7.199999999999999,open-meteo,2026-08-08T09:50:20+00:00
2026-05-07 16:00:00+00:00,BE,offshore,11.2,72,536.0,6.1,0.848048096156426,0.5299192642332049,10.7,72,536.0,6.7,0.8910065241883679,0.45399049973954686,11.3,70,530.0,6.3,0.6819983600624985,0.7313537016191705,10.7,71,534.0,6.4,0.7771459614569709,0.6293203910498374,7.024999999999999,open-meteo,2026-08-08T09:50:20+00:00
2026-05-07 17:00:00+00:00,BE,offshore,11.5,72,328.0,6.0,0.9063077870366499,0.42261826174069944,10.9,73,381.0,7.2,0.9335804264972017,0.3583679495453004,11.6,71,374.0,6.8,0.766044443118978,0.6427876096865394,10.9,74,379.0,6.9,0.8571673007021123,0.5150380749100542,6.775,open-meteo,2026-08-08T09:50:20+00:00
2026-05-07 18:00:00+00:00,BE,offshore,11.5,73,189.0,5.5,0.9271838545667874,0.37460659341591196,10.9,75,219.0,6.7,0.9612616959383189,0.27563735581699916,11.7,72,111.0,6.4,0.848048096156426,0.5299192642332049,11.0,75,196.0,7.2,0.9063077870366499,0.42261826174069944,6.725000000000001,open-meteo,2026-08-08T09:50:20+00:00
2026-05-07 19:00:00+00:00,BE,offshore,11.6,72,26.0,6.7,0.9510565162951535,0.30901699437494745,11.1,73,77.0,7.4,0.9612616959383189,0.27563735581699916,11.9,70,53.0,6.9,0.838670567945424,0.5446390350150271,11.2,73,61.0,7.6,0.8829475928589269,0.46947156278589086,6.550000000000001,open-meteo,2026-08-08T09:50:20+00:00
2026-05-07 20:00:00+00:00,BE,offshore,11.8,74,1.0,6.8,0.9659258262890683,0.25881904510252074,11.2,77,3.0,7.9,0.9702957262759965,0.24192189559966767,12.1,70,1.0,7.2,0.8571673007021123,0.5150380749100542,11.3,78,2.0,7.4,0.9063077870366499,0.42261826174069944,6.399999999999999,open-meteo,2026-08-08T09:50:20+00:00
2026-05-07 21:00:00+00:00,BE,offshore,11.8,74,0.0,6.1,0.9876883405951378,0.15643446504023092,11.2,79,0.0,6.1,0.9993908270190958,0.03489949670250108,12.1,73,0.0,5.4,0.8987940462991669,0.43837114678907746,11.2,83,0.0,5.9,0.9563047559630354,0.29237170472273677,6.425000000000001,open-meteo,2026-08-08T09:50:20+00:00
2026-05-07 22:00:00+00:00,BE,offshore,11.9,73,0.0,5.0,0.9563047559630354,0.29237170472273677,11.1,86,0.0,5.9,0.984807753012208,0.17364817766693041,12.4,67,0.0,4.8,0.9271838545667874,0.37460659341591196,11.2,87,0.0,5.8,0.9396926207859083,0.3420201433256688,6.350000000000001,open-meteo,2026-08-08T09:50:20+00:00
2026-05-07 23:00:00+00:00,BE,offshore,11.9,78,0.0,4.9,0.9510565162951535,0.30901699437494745,11.4,82,0.0,5.8,0.9781476007338056,0.20791169081775945,12.1,79,0.0,5.3,0.8987940462991669,0.43837114678907746,11.5,85,0.0,6.0,0.9743700647852352,0.22495105434386492,6.275,open-meteo,2026-08-08T09:50:20+00:00
2026-05-08 00:00:00+00:00,BE,offshore,12.2,76,0.0,3.8,0.9702957262759965,0.24192189559966767,11.6,85,0.0,4.8,0.9993908270190958,-0.034899496702500955,12.6,65,0.0,3.8,0.9781476007338056,0.20791169081775945,11.8,87,0.0,5.0,0.9986295347545738,-0.05233595624294384,5.949999999999999,open-meteo,2026-08-08T09:50:20+00:00
2026-05-08 01:00:00+00:00,BE,offshore,12.2,81,0.0,3.7,0.9945218953682733,0.10452846326765346,11.6,88,0.0,5.3,0.9510565162951536,-0.30901699437494734,12.5,74,0.0,4.6,0.9902680687415704,-0.13917310096006535,12.1,83,0.0,5.1,0.9455185755993168,-0.32556815445715664,5.9,open-meteo,2026-08-08T09:50:20+00:00
2026-05-08 02:00:00+00:00,BE,offshore,12.7,76,0.0,4.4,0.9271838545667874,-0.37460659341591207,11.9,87,0.0,5.5,0.9205048534524403,-0.39073112848927377,12.6,74,0.0,6.5,0.9563047559630355,-0.29237170472273666,12.1,82,0.0,6.3,0.9510565162951536,-0.30901699437494734,5.674999999999999,open-meteo,2026-08-08T09:50:20+00:00
2026-05-08 03:00:00+00:00,BE,offshore,12.7,72,0.0,2.9,0.9563047559630355,-0.29237170472273666,12.0,87,0.0,3.5,0.9396926207859084,-0.3420201433256687,12.7,74,0.0,6.2,0.8191520442889917,-0.5735764363510462,12.1,84,0.0,6.0,0.6293203910498374,-0.7771459614569709,5.625,open-meteo,2026-08-08T09:50:20+00:00
2026-05-08 04:00:00+00:00,BE,offshore,12.4,71,0.0,3.5,0.8660254037844387,-0.49999999999999983,11.9,84,0.0,3.9,0.777145961456971,-0.6293203910498373,12.3,69,0.0,5.6,0.7193398003386511,-0.6946583704589974,11.9,81,0.0,5.9,0.5877852522924732,-0.8090169943749473,5.875,open-meteo,2026-08-08T09:50:20+00:00
2026-05-08 05:00:00+00:00,BE,offshore,12.4,69,23.0,5.3,0.766044443118978,-0.6427876096865394,11.7,86,22.0,4.1,0.6691306063588585,-0.743144825477394,11.9,77,16.0,4.6,0.8910065241883679,-0.45399049973954675,11.7,85,11.0,4.3,0.788010753606722,-0.6156614753256583,6.074999999999999,open-meteo,2026-08-08T09:50:20+00:00
2026-05-08 06:00:00+00:00,BE,offshore,12.3,69,128.0,4.9,0.788010753606722,-0.6156614753256583,11.7,88,120.0,2.8,0.5591929034707469,-0.8290375725550416,12.2,70,121.0,4.9,0.7986355100472927,-0.6018150231520484,11.8,84,133.0,2.9,0.777145961456971,-0.6293203910498373,6.0,open-meteo,2026-08-08T09:50:20+00:00
2026-05-08 07:00:00+00:00,BE,offshore,12.3,69,204.0,3.3,0.49999999999999994,-0.8660254037844387,11.8,90,139.0,3.3,0.49999999999999994,-0.8660254037844387,12.2,67,207.0,5.3,0.5735764363510459,-0.8191520442889919,11.9,82,142.0,4.1,0.6427876096865395,-0.7660444431189779,5.950000000000001,open-meteo,2026-08-08T09:50:20+00:00
2026-05-08 08:00:00+00:00,BE,offshore,12.2,72,455.0,2.4,0.8910065241883679,-0.45399049973954675,11.7,84,362.0,2.6,0.788010753606722,-0.6156614753256583,11.9,72,457.0,3.8,0.777145961456971,-0.6293203910498373,11.8,79,395.0,3.3,0.788010753606722,-0.6156614753256583,6.100000000000001,open-meteo,2026-08-08T09:50:20+00:00
2026-05-08 09:00:00+00:00,BE,offshore,12.5,72,575.0,1.5,0.6293203910498374,0.7771459614569709,11.6,88,579.0,2.7,0.3420201433256687,0.9396926207859084,12.4,74,591.0,3.1,0.8910065241883679,-0.45399049973954675,11.9,83,588.0,1.7,0.9986295347545738,0.052335956242943966,5.9,open-meteo,2026-08-08T09:50:20+00:00
2026-05-08 10:00:00+00:00,BE,offshore,12.4,72,707.0,2.4,0.224951054343865,0.9743700647852352,11.5,90,690.0,1.8,0.6293203910498374,0.7771459614569709,12.4,75,333.0,2.4,0.992546151641322,0.12186934340514749,11.6,89,647.0,2.0,0.9563047559630354,0.29237170472273677,6.025,open-meteo,2026-08-08T09:50:20+00:00
2026-05-08 11:00:00+00:00,BE,offshore,12.3,79,783.0,3.7,0.8829475928589269,0.46947156278589086,11.7,85,805.0,2.1,0.9945218953682733,0.10452846326765346,12.6,80,786.0,5.5,0.992546151641322,0.12186934340514749,11.7,83,780.0,2.5,0.9998476951563913,0.0174524064372836,5.925000000000001,open-meteo,2026-08-08T09:50:20+00:00
2026-05-08 12:00:00+00:00,BE,offshore,12.2,83,834.0,3.2,0.7193398003386511,0.6946583704589973,11.7,90,811.0,3.6,0.848048096156426,0.5299192642332049,12.5,85,839.0,3.7,0.6819983600624985,0.7313537016191705,11.8,89,777.0,2.6,0.9998476951563913,-0.017452406437283477,5.949999999999999,open-meteo,2026-08-08T09:50:20+00:00
2026-05-08 13:00:00+00:00,BE,offshore,12.4,83,806.0,2.2,0.8829475928589269,0.46947156278589086,11.9,90,831.0,3.1,0.9659258262890683,0.25881904510252074,12.7,83,832.0,1.5,0.7771459614569709,0.6293203910498374,11.9,89,819.0,2.2,0.9563047559630355,-0.29237170472273666,5.775,open-meteo,2026-08-08T09:50:20+00:00
2026-05-08 14:00:00+00:00,BE,offshore,12.5,82,773.0,6.0,0.8910065241883679,0.45399049973954686,11.9,87,773.0,3.6,0.984807753012208,0.17364817766693041,13.0,78,774.0,5.3,0.7071067811865475,0.7071067811865476,11.9,88,769.0,2.0,0.9335804264972017,0.3583679495453004,5.675000000000001,open-meteo,2026-08-08T09:50:20+00:00
2026-05-08 15:00:00+00:00,BE,offshore,12.7,85,670.0,6.4,0.6819983600624985,0.7313537016191705,12.1,91,669.0,4.3,0.7071067811865475,0.7071067811865476,13.0,78,665.0,6.1,0.48480962024633706,0.8746197071393957,12.2,89,666.0,3.7,0.5446390350150271,0.838670567945424,5.5,open-meteo,2026-08-08T09:50:20+00:00
2026-05-08 16:00:00+00:00,BE,offshore,12.4,86,528.0,5.5,0.573576436351046,0.8191520442889918,11.9,88,532.0,4.8,0.8829475928589269,0.46947156278589086,12.8,80,516.0,7.0,0.5150380749100542,0.8571673007021123,12.0,85,484.0,5.0,0.7071067811865475,0.7071067811865476,5.725,open-meteo,2026-08-08T09:50:20+00:00
2026-05-08 17:00:00+00:00,BE,offshore,12.5,84,379.0,8.3,0.754709580222772,0.6560590289905073,12.0,88,380.0,6.5,0.8829475928589269,0.46947156278589086,12.9,77,376.0,9.7,0.6018150231520483,0.7986355100472928,12.3,79,376.0,6.7,0.8290375725550417,0.5591929034707468,5.574999999999999,open-meteo,2026-08-08T09:50:20+00:00
2026-05-08 18:00:00+00:00,BE,offshore,12.9,79,219.0,8.5,0.7193398003386511,0.6946583704589973,12.1,88,221.0,7.7,0.838670567945424,0.5446390350150271,13.0,79,189.0,10.0,0.6691306063588582,0.7431448254773942,12.3,84,202.0,7.9,0.7313537016191705,0.6819983600624985,5.425000000000001,open-meteo,2026-08-08T09:50:20+00:00
2026-05-08 19:00:00+00:00,BE,offshore,12.8,76,78.0,8.4,0.8191520442889918,0.573576436351046,12.3,77,79.0,7.1,0.7986355100472928,0.6018150231520483,13.1,70,55.0,9.1,0.7986355100472928,0.6018150231520483,12.5,75,51.0,7.1,0.754709580222772,0.6560590289905073,5.324999999999999,open-meteo,2026-08-08T09:50:20+00:00
2026-05-08 20:00:00+00:00,BE,offshore,13.0,77,3.0,8.6,0.838670567945424,0.5446390350150271,12.3,82,4.0,6.3,0.8660254037844386,0.5000000000000001,13.2,79,3.0,8.9,0.8290375725550417,0.5591929034707468,12.4,83,3.0,6.6,0.8090169943749475,0.5877852522924731,5.275,open-meteo,2026-08-08T09:50:20+00:00
2026-05-08 21:00:00+00:00,BE,offshore,12.6,81,0.0,9.9,0.8829475928589269,0.46947156278589086,12.0,84,0.0,8.1,0.9063077870366499,0.42261826174069944,13.0,79,0.0,10.0,0.8571673007021123,0.5150380749100542,12.1,85,0.0,7.8,0.8571673007021123,0.5150380749100542,5.574999999999999,open-meteo,2026-08-08T09:50:20+00:00
2026-05-08 22:00:00+00:00,BE,offshore,12.6,79,0.0,9.7,0.8910065241883679,0.45399049973954686,12.1,82,0.0,7.3,0.9659258262890683,0.25881904510252074,13.0,76,0.0,9.8,0.8660254037844386,0.5000000000000001,12.4,80,0.0,6.4,0.8746197071393957,0.4848096202463371,5.475,open-meteo,2026-08-08T09:50:20+00:00
2026-05-08 23:00:00+00:00,BE,offshore,12.7,81,0.0,9.5,0.9205048534524404,0.3907311284892737,12.2,83,0.0,8.0,0.9510565162951535,0.30901699437494745,13.0,81,0.0,9.4,0.9563047559630354,0.29237170472273677,12.3,85,0.0,7.0,0.9063077870366499,0.42261826174069944,5.449999999999999,open-meteo,2026-08-08T09:50:20+00:00
2026-05-09 00:00:00+00:00,BE,offshore,12.6,86,0.0,8.2,0.9563047559630354,0.29237170472273677,12.3,83,0.0,7.7,0.9396926207859083,0.3420201433256688,13.1,79,0.0,7.3,0.9659258262890683,0.25881904510252074,12.5,84,0.0,7.8,0.9455185755993167,0.32556815445715676,5.375,open-meteo,2026-08-08T09:50:20+00:00
2026-05-09 01:00:00+00:00,BE,offshore,12.9,79,0.0,9.0,1.0,6.123233995736766e-17,12.2,83,0.0,7.7,0.981627183447664,0.19080899537654492,12.9,71,0.0,9.2,0.9961946980917455,-0.08715574274765824,12.4,83,0.0,7.8,0.9902680687415704,0.13917310096006547,5.4,open-meteo,2026-08-08T09:50:20+00:00
2026-05-09 02:00:00+00:00,BE,offshore,12.8,83,0.0,8.3,0.9998476951563913,0.0174524064372836,12.6,78,0.0,8.1,0.9945218953682733,0.10452846326765346,13.0,74,0.0,7.3,0.9986295347545738,-0.05233595624294384,12.5,83,0.0,8.3,0.9975640502598242,0.06975647374412523,5.275,open-meteo,2026-08-08T09:50:20+00:00
2026-05-09 03:00:00+00:00,BE,offshore,12.8,84,0.0,6.5,0.9781476007338057,-0.20791169081775934,12.3,88,0.0,6.4,0.9396926207859084,-0.3420201433256687,13.0,79,0.0,6.1,0.9135454576426009,-0.40673664307580026,12.6,83,0.0,7.3,0.766044443118978,-0.6427876096865394,5.324999999999999,open-meteo,2026-08-08T09:50:20+00:00
2026-05-09 04:00:00+00:00,BE,offshore,12.7,82,0.0,6.6,0.9335804264972017,-0.35836794954530027,12.4,83,0.0,6.1,0.9702957262759965,-0.24192189559966779,12.8,76,0.0,6.7,0.838670567945424,-0.5446390350150272,12.3,88,0.0,4.9,0.9205048534524403,-0.39073112848927377,5.449999999999999,open-meteo,2026-08-08T09:50:20+00:00
2026-05-09 05:00:00+00:00,BE,offshore,12.9,77,25.0,7.3,0.8829475928589269,-0.4694715627858909,12.2,87,26.0,5.2,0.981627183447664,-0.1908089953765448,12.9,72,27.0,6.4,0.8660254037844387,-0.49999999999999983,12.3,86,28.0,4.6,0.838670567945424,-0.5446390350150272,5.425000000000001,open-meteo,2026-08-08T09:50:20+00:00
2026-05-09 06:00:00+00:00,BE,offshore,12.8,81,141.0,5.2,0.9961946980917455,-0.08715574274765824,12.1,90,139.0,4.2,1.0,6.123233995736766e-17,12.5,80,144.0,4.9,0.984807753012208,-0.1736481776669303,12.2,89,144.0,4.0,0.984807753012208,-0.1736481776669303,5.600000000000001,open-meteo,2026-08-08T09:50:20+00:00
2026-05-09 07:00:00+00:00,BE,offshore,12.5,83,292.0,4.7,0.9961946980917455,0.08715574274765814,12.2,86,276.0,3.1,0.992546151641322,0.12186934340514749,12.5,78,292.0,4.2,0.9998476951563913,-0.017452406437283477,12.1,88,290.0,3.4,0.9902680687415704,0.13917310096006547,5.674999999999999,open-meteo,2026-08-08T09:50:20+00:00
2026-05-09 08:00:00+00:00,BE,offshore,12.4,85,450.0,5.2,0.9975640502598242,0.06975647374412523,12.0,90,453.0,3.6,0.9998476951563913,-0.017452406437283477,12.5,78,455.0,4.3,0.9961946980917455,-0.08715574274765824,12.1,90,455.0,3.3,0.981627183447664,0.19080899537654492,5.75,open-meteo,2026-08-08T09:50:20+00:00
2026-05-09 09:00:00+00:00,BE,offshore,12.6,88,601.0,5.7,0.9455185755993167,0.32556815445715676,12.2,91,599.0,4.5,0.9876883405951378,0.15643446504023092,12.8,83,604.0,5.0,0.9945218953682733,0.10452846326765346,12.3,89,603.0,4.6,0.9743700647852352,0.22495105434386492,5.525000000000002,open-meteo,2026-08-08T09:50:20+00:00
2026-05-09 10:00:00+00:00,BE,offshore,12.3,87,722.0,5.5,0.9271838545667874,0.37460659341591196,12.0,90,710.0,5.2,0.9271838545667874,0.37460659341591196,12.5,83,721.0,5.4,0.8660254037844386,0.5000000000000001,11.9,88,706.0,4.4,0.981627183447664,0.19080899537654492,5.825000000000001,open-meteo,2026-08-08T09:50:20+00:00
2026-05-09 11:00:00+00:00,BE,offshore,12.3,86,806.0,7.0,0.788010753606722,0.6156614753256583,11.9,90,790.0,6.4,0.6560590289905073,0.754709580222772,12.5,85,804.0,7.4,0.7431448254773942,0.6691306063588582,11.9,91,784.0,6.1,0.788010753606722,0.6156614753256583,5.85,open-meteo,2026-08-08T09:50:20+00:00
2026-05-09 12:00:00+00:00,BE,offshore,12.4,87,835.0,8.0,0.8571673007021123,0.5150380749100542,12.0,89,837.0,6.0,0.9063077870366499,0.42261826174069944,12.7,86,844.0,7.8,0.7771459614569709,0.6293203910498374,11.9,91,841.0,5.5,0.8910065241883679,0.45399049973954686,5.750000000000002,open-meteo,2026-08-08T09:50:20+00:00
2026-05-09 13:00:00+00:00,BE,offshore,12.5,83,835.0,7.8,0.7771459614569709,0.6293203910498374,11.7,91,833.0,5.1,0.8910065241883679,0.45399049973954686,12.8,83,832.0,7.9,0.6946583704589973,0.7193398003386512,11.8,90,833.0,4.2,0.8090169943749475,0.5877852522924731,5.800000000000001,open-meteo,2026-08-08T09:50:20+00:00
2026-05-09 14:00:00+00:00,BE,offshore,12.6,84,777.0,9.3,0.6819983600624985,0.7313537016191705,11.9,92,771.0,6.0,0.7986355100472928,0.6018150231520483,13.1,81,771.0,9.2,0.5150380749100542,0.8571673007021123,12.1,89,770.0,6.3,0.6560590289905073,0.754709580222772,5.574999999999999,open-meteo,2026-08-08T09:50:20+00:00
2026-05-09 15:00:00+00:00,BE,offshore,13.3,81,636.0,9.2,0.6819983600624985,0.7313537016191705,12.1,89,679.0,5.8,0.7313537016191705,0.6819983600624985,13.5,81,669.0,9.1,0.5299192642332049,0.848048096156426,12.2,88,671.0,5.5,0.5446390350150271,0.838670567945424,5.225000000000001,open-meteo,2026-08-08T09:50:20+00:00
2026-05-09 16:00:00+00:00,BE,offshore,13.0,80,528.0,9.8,0.5446390350150271,0.838670567945424,12.0,87,523.0,6.2,0.5299192642332049,0.848048096156426,13.2,79,531.0,10.2,0.39073112848927377,0.9205048534524404,12.3,84,528.0,6.6,0.42261826174069944,0.9063077870366499,5.375,open-meteo,2026-08-08T09:50:20+00:00
2026-05-09 17:00:00+00:00,BE,offshore,12.9,82,389.0,11.7,0.5299192642332049,0.848048096156426,11.9,88,391.0,7.8,0.5877852522924731,0.8090169943749475,13.0,81,384.0,10.7,0.5150380749100542,0.8571673007021123,12.0,90,386.0,8.8,0.4694715627858908,0.882947592858927,5.550000000000001,open-meteo,2026-08-08T09:50:20+00:00
2026-05-09 18:00:00+00:00,BE,offshore,13.1,82,224.0,11.0,0.4694715627858908,0.882947592858927,12.0,90,228.0,8.4,0.6819983600624985,0.7313537016191705,13.4,81,219.0,11.4,0.43837114678907746,0.898794046299167,12.4,86,224.0,8.9,0.48480962024633706,0.8746197071393957,5.275,open-meteo,2026-08-08T09:50:20+00:00
2026-05-09 19:00:00+00:00,BE,offshore,13.1,74,82.0,10.8,0.5446390350150271,0.838670567945424,12.4,79,84.0,10.5,0.5877852522924731,0.8090169943749475,13.4,69,78.0,11.4,0.43837114678907746,0.898794046299167,12.6,75,81.0,11.0,0.4694715627858908,0.882947592858927,5.125,open-meteo,2026-08-08T09:50:20+00:00
2026-05-09 20:00:00+00:00,BE,offshore,13.0,81,4.0,11.0,0.6156614753256583,0.7880107536067219,12.3,83,4.0,10.7,0.6293203910498374,0.7771459614569709,13.3,80,3.0,11.3,0.6018150231520483,0.7986355100472928,12.5,82,4.0,10.8,0.6018150231520483,0.7986355100472928,5.225,open-meteo,2026-08-08T09:50:20+00:00
2026-05-09 21:00:00+00:00,BE,offshore,12.8,77,0.0,10.7,0.6560590289905073,0.754709580222772,12.1,85,0.0,9.6,0.7313537016191705,0.6819983600624985,13.0,76,0.0,11.1,0.573576436351046,0.8191520442889918,12.3,83,0.0,10.3,0.6819983600624985,0.7313537016191705,5.449999999999999,open-meteo,2026-08-08T09:50:20+00:00
2026-05-09 22:00:00+00:00,BE,offshore,12.8,80,0.0,10.6,0.6156614753256583,0.7880107536067219,12.3,79,0.0,10.9,0.6946583704589973,0.7193398003386512,13.1,80,0.0,11.0,0.573576436351046,0.8191520442889918,12.4,81,0.0,11.5,0.6427876096865393,0.766044443118978,5.35,open-meteo,2026-08-08T09:50:20+00:00
2026-05-09 23:00:00+00:00,BE,offshore,12.8,81,0.0,11.0,0.6691306063588582,0.7431448254773942,12.3,81,0.0,10.8,0.6819983600624985,0.7313537016191705,13.1,79,0.0,11.4,0.6018150231520483,0.7986355100472928,12.3,82,0.0,10.5,0.6018150231520483,0.7986355100472928,5.375,open-meteo,2026-08-08T09:50:20+00:00
2026-05-10 00:00:00+00:00,BE,offshore,12.8,78,0.0,10.5,0.6018150231520483,0.7986355100472928,12.3,78,0.0,10.0,0.6156614753256583,0.7880107536067219,12.7,82,0.0,10.2,0.48480962024633706,0.8746197071393957,12.3,80,0.0,9.9,0.5446390350150271,0.838670567945424,5.475000000000001,open-meteo,2026-08-08T09:50:20+00:00
2026-05-10 01:00:00+00:00,BE,offshore,12.6,80,0.0,10.5,0.6427876096865393,0.766044443118978,11.9,84,0.0,9.8,0.5591929034707469,0.8290375725550417,12.8,80,0.0,10.4,0.6156614753256583,0.7880107536067219,11.9,85,0.0,10.2,0.5299192642332049,0.848048096156426,5.700000000000001,open-meteo,2026-08-08T09:50:20+00:00
2026-05-10 02:00:00+00:00,BE,offshore,12.3,78,0.0,10.3,0.5299192642332049,0.848048096156426,11.7,81,0.0,9.4,0.49999999999999994,0.8660254037844387,12.6,78,0.0,10.2,0.5150380749100542,0.8571673007021123,11.7,82,0.0,9.7,0.4539904997395468,0.8910065241883679,5.925000000000001,open-meteo,2026-08-08T09:50:20+00:00
2026-05-10 03:00:00+00:00,BE,offshore,11.9,83,0.0,10.4,0.6156614753256583,0.7880107536067219,11.6,84,0.0,9.5,0.5446390350150271,0.838670567945424,12.2,80,0.0,10.6,0.6018150231520483,0.7986355100472928,11.5,85,0.0,9.7,0.5299192642332049,0.848048096156426,6.199999999999999,open-meteo,2026-08-08T09:50:20+00:00
2026-05-10 04:00:00+00:00,BE,offshore,12.1,81,0.0,10.7,0.6018150231520483,0.7986355100472928,12.0,73,0.0,10.5,0.5150380749100542,0.8571673007021123,12.1,83,0.0,11.5,0.5591929034707469,0.8290375725550417,11.9,77,0.0,10.3,0.49999999999999994,0.8660254037844387,5.975,open-meteo,2026-08-08T09:50:20+00:00
2026-05-10 05:00:00+00:00,BE,offshore,12.2,71,28.0,11.7,0.5877852522924731,0.8090169943749475,11.8,70,29.0,10.3,0.5877852522924731,0.8090169943749475,12.0,79,30.0,11.8,0.6018150231520483,0.7986355100472928,11.9,68,31.0,10.8,0.6560590289905073,0.754709580222772,6.025,open-meteo,2026-08-08T09:50:20+00:00
2026-05-10 06:00:00+00:00,BE,offshore,12.3,75,132.0,10.8,0.6156614753256583,0.7880107536067219,11.8,75,143.0,9.4,0.48480962024633706,0.8746197071393957,12.3,76,146.0,11.3,0.5591929034707469,0.8290375725550417,11.9,74,145.0,9.7,0.5150380749100542,0.8571673007021123,5.924999999999999,open-meteo,2026-08-08T09:50:20+00:00
2026-05-10 07:00:00+00:00,BE,offshore,12.1,70,278.0,10.0,0.6293203910498374,0.7771459614569709,10.3,90,298.0,10.1,0.4067366430758002,0.9135454576426009,12.4,71,270.0,10.1,0.6560590289905073,0.754709580222772,11.3,84,301.0,9.3,0.42261826174069944,0.9063077870366499,6.475000000000001,open-meteo,2026-08-08T09:50:20+00:00
2026-05-10 08:00:00+00:00,BE,offshore,11.6,80,381.0,11.5,0.4539904997395468,0.8910065241883679,10.2,89,351.0,10.9,0.5877852522924731,0.8090169943749475,12.2,68,387.0,11.3,0.5877852522924731,0.8090169943749475,10.1,88,397.0,10.6,0.49999999999999994,0.8660254037844387,6.975,open-meteo,2026-08-08T09:50:20+00:00
2026-05-10 09:00:00+00:00,BE,offshore,11.6,86,499.0,11.3,0.5299192642332049,0.848048096156426,10.4,90,472.0,11.6,0.6156614753256583,0.7880107536067219,11.8,82,505.0,10.9,0.5150380749100542,0.8571673007021123,10.3,90,486.0,10.5,0.5591929034707469,0.8290375725550417,6.975000000000001,open-meteo,2026-08-08T09:50:20+00:00
2026-05-10 10:00:00+00:00,BE,offshore,11.0,87,587.0,11.8,0.5591929034707469,0.8290375725550417,10.6,86,398.0,12.8,0.6018150231520483,0.7986355100472928,11.3,86,606.0,11.8,0.5150380749100542,0.8571673007021123,10.5,87,510.0,12.4,0.5299192642332049,0.848048096156426,7.149999999999999,open-meteo,2026-08-08T09:50:20+00:00
2026-05-10 11:00:00+00:00,BE,offshore,11.1,84,628.0,11.7,0.4539904997395468,0.8910065241883679,10.7,82,655.0,12.5,0.48480962024633706,0.8746197071393957,11.3,84,633.0,10.9,0.374606593415912,0.9271838545667874,10.8,82,662.0,11.4,0.4694715627858908,0.882947592858927,7.025000000000002,open-meteo,2026-08-08T09:50:20+00:00
2026-05-10 12:00:00+00:00,BE,offshore,11.2,82,715.0,13.2,0.49999999999999994,0.8660254037844387,10.8,78,723.0,12.7,0.5150380749100542,0.8571673007021123,11.4,82,728.0,12.8,0.42261826174069944,0.9063077870366499,10.9,79,723.0,12.7,0.4694715627858908,0.882947592858927,6.925000000000001,open-meteo,2026-08-08T09:50:20+00:00
2026-05-10 13:00:00+00:00,BE,offshore,11.2,79,450.0,14.0,0.5591929034707469,0.8290375725550417,10.8,79,633.0,14.2,0.5877852522924731,0.8090169943749475,11.4,81,581.0,14.0,0.5299192642332049,0.848048096156426,10.9,77,749.0,14.2,0.573576436351046,0.8191520442889918,6.925000000000001,open-meteo,2026-08-08T09:50:20+00:00
2026-05-10 14:00:00+00:00,BE,offshore,11.3,78,548.0,14.4,0.5299192642332049,0.848048096156426,10.7,79,670.0,14.5,0.5299192642332049,0.848048096156426,11.5,78,495.0,14.2,0.4539904997395468,0.8910065241883679,10.9,78,670.0,14.4,0.5150380749100542,0.8571673007021123,6.9,open-meteo,2026-08-08T09:50:20+00:00
2026-05-10 15:00:00+00:00,BE,offshore,11.2,79,455.0,14.0,0.4694715627858908,0.882947592858927,10.5,78,541.0,14.1,0.5150380749100542,0.8571673007021123,11.5,77,480.0,14.0,0.42261826174069944,0.9063077870366499,10.6,80,549.0,14.6,0.4694715627858908,0.882947592858927,7.049999999999999,open-meteo,2026-08-08T09:50:20+00:00
2026-05-10 16:00:00+00:00,BE,offshore,11.1,79,241.0,14.2,0.42261826174069944,0.9063077870366499,10.5,77,228.0,13.6,0.4694715627858908,0.882947592858927,11.4,79,374.0,14.8,0.374606593415912,0.9271838545667874,10.7,79,345.0,14.4,0.4539904997395468,0.8910065241883679,7.074999999999999,open-meteo,2026-08-08T09:50:20+00:00
2026-05-10 17:00:00+00:00,BE,offshore,11.4,75,203.0,13.7,0.374606593415912,0.9271838545667874,10.8,75,75.0,13.6,0.48480962024633706,0.8746197071393957,11.6,76,259.0,14.7,0.3420201433256687,0.9396926207859084,10.9,76,95.0,14.2,0.4539904997395468,0.8910065241883679,6.824999999999999,open-meteo,2026-08-08T09:50:20+00:00
2026-05-10 18:00:00+00:00,BE,offshore,11.2,75,57.0,13.4,0.42261826174069944,0.9063077870366499,10.6,74,42.0,13.5,0.49999999999999994,0.8660254037844387,11.5,75,65.0,14.3,0.42261826174069944,0.9063077870366499,10.7,75,112.0,14.3,0.4694715627858908,0.882947592858927,7.0,open-meteo,2026-08-08T09:50:20+00:00
2026-05-10 19:00:00+00:00,BE,offshore,11.1,76,22.0,13.5,0.48480962024633706,0.8746197071393957,10.7,73,10.0,12.6,0.5150380749100542,0.8571673007021123,11.4,76,31.0,14.3,0.4694715627858908,0.882947592858927,10.8,74,21.0,13.2,0.5150380749100542,0.8571673007021123,7.0,open-meteo,2026-08-08T09:50:20+00:00
2026-05-10 20:00:00+00:00,BE,offshore,10.9,74,0.0,13.4,0.43837114678907746,0.898794046299167,10.5,72,0.0,11.8,0.43837114678907746,0.898794046299167,11.2,75,0.0,13.9,0.4539904997395468,0.8910065241883679,10.6,73,0.0,12.4,0.4539904997395468,0.8910065241883679,7.200000000000001,open-meteo,2026-08-08T09:50:20+00:00
2026-05-10 21:00:00+00:00,BE,offshore,10.7,71,0.0,13.3,0.48480962024633706,0.8746197071393957,10.1,66,0.0,11.2,0.43837114678907746,0.898794046299167,11.0,73,0.0,13.7,0.4694715627858908,0.882947592858927,10.3,68,0.0,11.6,0.48480962024633706,0.8746197071393957,7.475000000000001,open-meteo,2026-08-08T09:50:20+00:00
2026-05-10 22:00:00+00:00,BE,offshore,10.4,76,0.0,10.8,0.5150380749100542,0.8571673007021123,10.0,68,0.0,8.4,0.39073112848927377,0.9205048534524404,10.7,77,0.0,11.0,0.48480962024633706,0.8746197071393957,10.2,71,0.0,9.4,0.374606593415912,0.9271838545667874,7.675000000000001,open-meteo,2026-08-08T09:50:20+00:00
2026-05-10 23:00:00+00:00,BE,offshore,10.1,74,0.0,11.3,0.4539904997395468,0.8910065241883679,9.7,62,0.0,9.6,0.3420201433256687,0.9396926207859084,10.4,75,0.0,11.5,0.4539904997395468,0.8910065241883679,9.8,67,0.0,10.1,0.27563735581699916,0.9612616959383189,8.0,open-meteo,2026-08-08T09:50:20+00:00
2026-05-11 00:00:00+00:00,BE,offshore,10.0,69,0.0,9.1,0.5446390350150271,0.838670567945424,9.7,60,0.0,9.1,0.39073112848927377,0.9205048534524404,9.8,76,0.0,9.8,0.4694715627858908,0.882947592858927,9.9,61,0.0,9.1,0.374606593415912,0.9271838545667874,8.15,open-meteo,2026-08-08T09:50:20+00:00
2026-05-11 01:00:00+00:00,BE,offshore,10.2,68,0.0,10.0,0.4539904997395468,0.8910065241883679,9.6,64,0.0,9.1,0.3090169943749474,0.9510565162951535,10.0,73,0.0,10.3,0.42261826174069944,0.9063077870366499,9.8,62,0.0,9.0,0.3090169943749474,0.9510565162951535,8.100000000000001,open-meteo,2026-08-08T09:50:20+00:00
2026-05-11 02:00:00+00:00,BE,offshore,10.3,64,0.0,9.6,0.35836794954530027,0.9335804264972017,9.5,65,0.0,8.7,0.3255681544571567,0.9455185755993168,10.4,67,0.0,9.1,0.43837114678907746,0.898794046299167,9.7,65,0.0,9.1,0.3255681544571567,0.9455185755993168,8.024999999999999,open-meteo,2026-08-08T09:50:20+00:00
2026-05-11 03:00:00+00:00,BE,offshore,9.8,63,0.0,9.1,0.1908089953765448,0.981627183447664,9.2,63,0.0,7.6,0.08715574274765817,0.9961946980917455,10.1,62,0.0,9.4,0.24192189559966773,0.9702957262759965,9.4,61,0.0,7.9,0.17364817766693033,0.984807753012208,8.375,open-meteo,2026-08-08T09:50:20+00:00
2026-05-11 04:00:00+00:00,BE,offshore,9.5,63,0.0,8.0,0.12186934340514748,0.992546151641322,9.0,61,0.0,7.0,-0.10452846326765342,0.9945218953682733,9.6,66,0.0,8.8,0.13917310096006544,0.9902680687415704,9.0,61,0.0,7.3,0.03489949670250097,0.9993908270190958,8.725,open-meteo,2026-08-08T09:50:20+00:00
2026-05-11 05:00:00+00:00,BE,offshore,9.3,61,31.0,7.2,0.01745240643728351,0.9998476951563913,8.9,63,32.0,5.7,-0.22495105434386534,0.9743700647852351,9.4,63,32.0,8.3,0.03489949670250097,0.9993908270190958,8.9,62,34.0,5.9,-0.05233595624294437,0.9986295347545738,8.875,open-meteo,2026-08-08T09:50:20+00:00
2026-05-11 06:00:00+00:00,BE,offshore,9.2,61,152.0,7.1,-0.20791169081775987,0.9781476007338056,8.9,67,152.0,5.6,-0.6018150231520483,0.7986355100472928,9.4,59,156.0,7.0,-0.12186934340514723,0.9925461516413221,8.9,61,156.0,6.1,-0.45399049973954697,0.8910065241883678,8.9,open-meteo,2026-08-08T09:50:20+00:00
2026-05-11 07:00:00+00:00,BE,offshore,9.4,66,311.0,6.0,-0.45399049973954697,0.8910065241883678,8.8,70,309.0,5.8,-0.8290375725550416,0.559192903470747,9.5,63,316.0,6.0,-0.2588190451025207,0.9659258262890683,9.1,66,314.0,5.8,-0.6946583704589976,0.7193398003386509,8.799999999999999,open-meteo,2026-08-08T09:50:20+00:00
2026-05-11 08:00:00+00:00,BE,offshore,9.2,64,469.0,6.6,-0.8386705679454243,0.5446390350150266,8.9,65,434.0,7.9,-0.9563047559630354,0.2923717047227367,9.6,64,473.0,5.9,-0.7313537016191703,0.6819983600624987,9.0,65,445.0,7.6,-0.9271838545667874,0.37460659341591196,8.825,open-meteo,2026-08-08T09:50:20+00:00
2026-05-11 09:00:00+00:00,BE,offshore,9.1,66,618.0,7.4,-0.9271838545667874,0.37460659341591196,8.8,80,572.0,8.9,-0.6560590289905074,0.7547095802227719,9.2,62,615.0,7.8,-0.8746197071393956,0.4848096202463373,8.7,75,601.0,8.6,-0.8571673007021123,0.5150380749100542,9.05,open-meteo,2026-08-08T09:50:20+00:00
2026-05-11 10:00:00+00:00,BE,offshore,9.2,77,502.0,8.4,-0.6427876096865396,0.7660444431189778,8.8,80,53.0,10.7,-0.12186934340514723,0.9925461516413221,9.5,71,576.0,8.9,-0.8660254037844386,0.5000000000000001,8.8,81,101.0,12.5,-0.12186934340514723,0.9925461516413221,8.925,open-meteo,2026-08-08T09:50:20+00:00
2026-05-11 11:00:00+00:00,BE,offshore,9.0,69,110.0,10.5,-0.06975647374412564,0.9975640502598242,8.7,67,81.0,9.1,-0.2588190451025207,0.9659258262890683,9.1,70,159.0,10.7,-0.15643446504023112,0.9876883405951377,8.7,67,75.0,9.7,-0.3255681544571567,0.9455185755993168,9.125,open-meteo,2026-08-08T09:50:20+00:00
2026-05-11 12:00:00+00:00,BE,offshore,9.3,66,421.0,10.0,-0.2588190451025207,0.9659258262890683,9.7,62,838.0,11.9,-0.29237170472273716,0.9563047559630353,9.4,66,456.0,10.2,-0.3255681544571567,0.9455185755993168,9.8,61,696.0,12.1,-0.35836794954530077,0.9335804264972015,8.45,open-meteo,2026-08-08T09:50:20+00:00
2026-05-11 13:00:00+00:00,BE,offshore,9.9,62,337.0,10.5,-0.3090169943749477,0.9510565162951535,9.7,58,500.0,11.3,-0.3090169943749477,0.9510565162951535,10.1,61,362.0,11.0,-0.3255681544571567,0.9455185755993168,9.7,58,378.0,12.1,-0.3420201433256686,0.9396926207859084,8.149999999999999,open-meteo,2026-08-08T09:50:20+00:00
2026-05-11 14:00:00+00:00,BE,offshore,9.8,59,644.0,10.6,-0.22495105434386534,0.9743700647852351,9.6,60,785.0,12.0,-0.37460659341591235,0.9271838545667873,10.0,59,768.0,11.4,-0.27563735581699894,0.9612616959383189,9.6,60,793.0,11.8,-0.4383711467890778,0.8987940462991668,8.25,open-meteo,2026-08-08T09:50:20+00:00
2026-05-11 15:00:00+00:00,BE,offshore,9.7,60,696.0,12.3,-0.19080899537654467,0.981627183447664,9.3,61,693.0,13.7,-0.4226182617406992,0.90630778703665,9.7,61,692.0,13.1,-0.3420201433256686,0.9396926207859084,9.3,61,680.0,13.5,-0.5000000000000004,0.8660254037844384,8.5,open-meteo,2026-08-08T09:50:20+00:00
2026-05-11 16:00:00+00:00,BE,offshore,9.6,63,561.0,14.4,-0.24192189559966787,0.9702957262759965,9.4,58,558.0,13.8,-0.3907311284892739,0.9205048534524403,9.7,61,556.0,14.7,-0.3090169943749477,0.9510565162951535,9.3,60,548.0,13.8,-0.40673664307580015,0.9135454576426009,8.5,open-meteo,2026-08-08T09:50:20+00:00
2026-05-11 17:00:00+00:00,BE,offshore,9.9,58,402.0,15.1,-0.24192189559966787,0.9702957262759965,9.4,56,400.0,13.4,-0.3090169943749477,0.9510565162951535,9.8,60,396.0,14.1,-0.3090169943749477,0.9510565162951535,9.4,56,394.0,13.3,-0.3255681544571567,0.9455185755993168,8.375,open-meteo,2026-08-08T09:50:20+00:00
2026-05-11 18:00:00+00:00,BE,offshore,9.7,60,240.0,13.7,-0.24192189559966787,0.9702957262759965,9.3,61,237.0,12.3,-0.2588190451025207,0.9659258262890683,9.6,61,236.0,11.9,-0.3255681544571567,0.9455185755993168,9.2,60,234.0,11.5,-0.22495105434386534,0.9743700647852351,8.55,open-meteo,2026-08-08T09:50:20+00:00
2026-05-11 19:00:00+00:00,BE,offshore,9.5,57,87.0,11.5,-0.24192189559966787,0.9702957262759965,9.2,57,77.0,12.1,-0.20791169081775987,0.9781476007338056,9.4,58,70.0,11.4,-0.3090169943749477,0.9510565162951535,9.2,56,86.0,13.0,-0.3255681544571567,0.9455185755993168,8.675,open-meteo,2026-08-08T09:50:20+00:00
2026-05-11 20:00:00+00:00,BE,offshore,9.4,59,5.0,11.3,-0.2588190451025207,0.9659258262890683,9.1,60,6.0,12.5,-0.2588190451025207,0.9659258262890683,9.5,57,4.0,11.7,-0.3255681544571567,0.9455185755993168,9.2,58,5.0,13.4,-0.35836794954530077,0.9335804264972015,8.7,open-meteo,2026-08-08T09:50:20+00:00
2026-05-11 21:00:00+00:00,BE,offshore,9.2,60,0.0,12.4,-0.3255681544571567,0.9455185755993168,8.9,63,0.0,13.2,-0.40673664307580015,0.9135454576426009,9.3,59,0.0,12.6,-0.37460659341591235,0.9271838545667873,8.9,62,0.0,13.6,-0.4383711467890778,0.8987940462991668,8.924999999999999,open-meteo,2026-08-08T09:50:20+00:00
2026-05-11 22:00:00+00:00,BE,offshore,9.1,64,0.0,11.4,-0.4226182617406992,0.90630778703665,8.9,67,0.0,11.9,-0.40673664307580015,0.9135454576426009,9.2,64,0.0,11.6,-0.4694715627858908,0.882947592858927,8.9,66,0.0,12.2,-0.4848096202463369,0.8746197071393959,8.975,open-meteo,2026-08-08T09:50:20+00:00
2026-05-11 23:00:00+00:00,BE,offshore,8.9,61,0.0,10.4,-0.5150380749100545,0.8571673007021121,8.9,60,0.0,11.9,-0.4848096202463369,0.8746197071393959,9.1,61,0.0,11.5,-0.4848096202463369,0.8746197071393959,8.8,63,0.0,12.4,-0.5000000000000004,0.8660254037844384,9.075,open-meteo,2026-08-08T09:50:20+00:00
2026-05-12 00:00:00+00:00,BE,offshore,8.9,60,0.0,10.7,-0.5591929034707466,0.8290375725550418,8.8,60,0.0,11.1,-0.544639035015027,0.838670567945424,9.1,58,0.0,11.6,-0.529919264233205,0.8480480961564258,8.8,59,0.0,12.2,-0.529919264233205,0.8480480961564258,9.099999999999998,open-meteo,2026-08-08T09:50:20+00:00
2026-05-12 01:00:00+00:00,BE,offshore,9.1,58,0.0,11.0,-0.6560590289905074,0.7547095802227719,8.7,63,0.0,10.8,-0.6819983600624984,0.7313537016191707,9.3,60,0.0,10.5,-0.529919264233205,0.8480480961564258,8.9,59,0.0,11.4,-0.6018150231520483,0.7986355100472928,9.0,open-meteo,2026-08-08T09:50:20+00:00
2026-05-12 02:00:00+00:00,BE,offshore,8.7,51,0.0,10.1,-0.6560590289905074,0.7547095802227719,8.6,58,0.0,10.2,-0.6819983600624984,0.7313537016191707,8.9,58,0.0,10.1,-0.6946583704589976,0.7193398003386509,8.8,57,0.0,10.8,-0.6156614753256582,0.7880107536067221,9.25,open-meteo,2026-08-08T09:50:20+00:00
2026-05-12 03:00:00+00:00,BE,offshore,8.9,52,0.0,11.2,-0.6018150231520483,0.7986355100472928,8.6,55,0.0,10.9,-0.6946583704589976,0.7193398003386509,8.8,55,0.0,9.9,-0.6691306063588581,0.7431448254773944,8.7,51,0.0,11.1,-0.6427876096865396,0.7660444431189778,9.25,open-meteo,2026-08-08T09:50:20+00:00
2026-05-12 04:00:00+00:00,BE,offshore,8.7,55,0.0,11.3,-0.6427876096865396,0.7660444431189778,8.4,56,0.0,11.6,-0.6946583704589976,0.7193398003386509,8.7,56,0.0,10.8,-0.6560590289905074,0.7547095802227719,8.6,56,0.0,11.2,-0.6819983600624984,0.7313537016191707,9.4,open-meteo,2026-08-08T09:50:20+00:00
2026-05-12 05:00:00+00:00,BE,offshore,8.8,58,33.0,9.4,-0.7071067811865477,0.7071067811865474,8.7,60,34.0,9.8,-0.7313537016191703,0.6819983600624987,8.9,56,29.0,9.5,-0.6293203910498378,0.7771459614569706,8.8,58,32.0,9.5,-0.6560590289905074,0.7547095802227719,9.2,open-meteo,2026-08-08T09:50:20+00:00
2026-05-12 06:00:00+00:00,BE,offshore,8.9,61,144.0,8.6,-0.8386705679454243,0.5446390350150266,8.6,63,158.0,8.9,-0.8386705679454243,0.5446390350150266,9.1,59,129.0,9.6,-0.7547095802227722,0.656059028990507,8.9,60,52.0,9.8,-0.6946583704589976,0.7193398003386509,9.125,open-meteo,2026-08-08T09:50:20+00:00
2026-05-12 07:00:00+00:00,BE,offshore,9.1,56,306.0,6.9,-0.8660254037844386,0.5000000000000001,8.7,58,307.0,7.7,-0.898794046299167,0.4383711467890774,9.1,58,295.0,7.8,-0.8290375725550416,0.559192903470747,8.7,62,247.0,8.7,-0.8571673007021123,0.5150380749100542,9.100000000000001,open-meteo,2026-08-08T09:50:20+00:00
2026-05-12 08:00:00+00:00,BE,offshore,9.4,56,457.0,6.2,-0.9816271834476639,0.1908089953765451,8.9,58,456.0,7.2,-0.9876883405951378,0.15643446504023067,9.3,57,476.0,7.5,-0.9396926207859083,0.342020143325669,9.0,59,473.0,8.4,-0.9396926207859083,0.342020143325669,8.85,open-meteo,2026-08-08T09:50:20+00:00
2026-05-12 09:00:00+00:00,BE,offshore,9.8,60,473.0,6.8,-0.9902680687415703,-0.13917310096006583,9.2,58,509.0,7.0,-0.9975640502598242,-0.06975647374412558,9.6,59,563.0,6.6,-0.9902680687415704,0.13917310096006547,9.1,58,591.0,7.0,-0.9945218953682734,0.10452846326765299,8.575,open-meteo,2026-08-08T09:50:20+00:00
2026-05-12 10:00:00+00:00,BE,offshore,9.9,56,733.0,7.7,-0.8987940462991668,-0.43837114678907774,9.8,56,607.0,7.5,-0.8910065241883678,-0.45399049973954697,10.0,60,737.0,6.8,-0.9702957262759965,-0.24192189559966779,9.6,56,639.0,6.6,-0.9743700647852351,-0.22495105434386525,8.174999999999999,open-meteo,2026-08-08T09:50:20+00:00
2026-05-12 11:00:00+00:00,BE,offshore,10.5,65,545.0,9.4,-0.9205048534524403,-0.3907311284892738,10.0,64,291.0,9.0,-0.913545457642601,-0.4067366430758001,10.1,61,578.0,8.6,-0.913545457642601,-0.4067366430758001,9.8,61,398.0,10.0,-0.9335804264972015,-0.3583679495453007,7.899999999999999,open-meteo,2026-08-08T09:50:20+00:00
2026-05-12 12:00:00+00:00,BE,offshore,11.4,62,797.0,10.8,-0.8386705679454242,-0.544639035015027,10.8,60,851.0,8.1,-0.874619707139396,-0.48480962024633684,11.1,57,816.0,9.2,-0.8910065241883678,-0.45399049973954697,10.6,59,800.0,8.7,-0.882947592858927,-0.46947156278589075,7.024999999999999,open-meteo,2026-08-08T09:50:20+00:00
2026-05-12 13:00:00+00:00,BE,offshore,11.5,71,851.0,10.0,-0.8386705679454242,-0.544639035015027,10.9,63,847.0,6.6,-0.8660254037844384,-0.5000000000000004,11.4,67,853.0,9.5,-0.9335804264972015,-0.3583679495453007,10.7,64,841.0,8.3,-0.882947592858927,-0.46947156278589075,6.875,open-meteo,2026-08-08T09:50:20+00:00
2026-05-12 14:00:00+00:00,BE,offshore,11.7,79,517.0,13.7,-0.882947592858927,-0.46947156278589075,11.5,67,785.0,6.4,-0.90630778703665,-0.42261826174069916,11.8,75,656.0,13.9,-0.882947592858927,-0.46947156278589075,11.4,73,785.0,7.5,-0.8987940462991668,-0.43837114678907774,6.4,open-meteo,2026-08-08T09:50:20+00:00
2026-05-12 15:00:00+00:00,BE,offshore,11.8,82,265.0,12.7,-0.9271838545667873,-0.3746065934159123,11.8,77,687.0,7.4,-0.8290375725550418,-0.5591929034707466,12.0,77,151.0,13.6,-0.9335804264972015,-0.3583679495453007,11.6,84,683.0,10.6,-0.882947592858927,-0.46947156278589075,6.199999999999999,open-meteo,2026-08-08T09:50:20+00:00
2026-05-12 16:00:00+00:00,BE,offshore,12.1,79,544.0,13.2,-0.882947592858927,-0.46947156278589075,11.9,81,556.0,10.1,-0.754709580222772,-0.6560590289905073,12.2,78,259.0,13.5,-0.90630778703665,-0.42261826174069916,11.9,83,550.0,10.6,-0.8660254037844384,-0.5000000000000004,5.975,open-meteo,2026-08-08T09:50:20+00:00
2026-05-12 17:00:00+00:00,BE,offshore,12.1,83,296.0,12.3,-0.8571673007021121,-0.5150380749100544,11.8,87,164.0,11.5,-0.7986355100472928,-0.6018150231520483,12.2,81,324.0,12.3,-0.8987940462991668,-0.43837114678907774,11.8,86,182.0,11.8,-0.8191520442889916,-0.5735764363510464,6.025000000000002,open-meteo,2026-08-08T09:50:20+00:00
2026-05-12 18:00:00+00:00,BE,offshore,12.3,82,199.0,12.9,-0.8910065241883678,-0.45399049973954697,12.5,77,76.0,10.8,-0.9961946980917455,0.08715574274765789,12.4,78,185.0,13.3,-0.90630778703665,-0.42261826174069916,12.0,85,116.0,12.9,-0.8571673007021121,-0.5150380749100544,5.699999999999999,open-meteo,2026-08-08T09:50:20+00:00
2026-05-12 19:00:00+00:00,BE,offshore,12.3,79,27.0,12.7,-0.8191520442889916,-0.5735764363510464,12.2,82,25.0,7.2,-0.9993908270190958,-0.03489949670250076,12.2,78,21.0,12.5,-0.8386705679454242,-0.544639035015027,11.8,83,35.0,11.9,-0.8191520442889916,-0.5735764363510464,5.875,open-meteo,2026-08-08T09:50:20+00:00
2026-05-12 20:00:00+00:00,BE,offshore,11.0,86,2.0,7.4,-0.8191520442889918,0.573576436351046,11.5,82,1.0,10.1,-0.9925461516413221,-0.12186934340514717,12.1,84,2.0,12.5,-0.9945218953682734,-0.10452846326765336,11.5,80,1.0,9.5,-0.9998476951563913,-0.017452406437283498,6.475,open-meteo,2026-08-08T09:50:20+00:00
2026-05-12 21:00:00+00:00,BE,offshore,11.1,79,0.0,8.6,-0.9902680687415704,0.13917310096006547,11.7,84,0.0,11.2,-0.9902680687415704,0.13917310096006547,11.2,78,0.0,8.9,-0.9135454576426011,0.40673664307579976,11.5,83,0.0,9.9,-0.9945218953682734,0.10452846326765299,6.625,open-meteo,2026-08-08T09:50:20+00:00
2026-05-12 22:00:00+00:00,BE,offshore,11.4,78,0.0,7.4,-0.9986295347545738,0.052335956242943946,11.8,82,0.0,12.4,-0.9848077530122081,0.17364817766692997,12.1,70,0.0,8.4,-0.9848077530122081,0.17364817766692997,11.7,82,0.0,10.7,-0.9902680687415704,0.13917310096006547,6.25,open-meteo,2026-08-08T09:50:20+00:00
2026-05-12 23:00:00+00:00,BE,offshore,12.1,70,0.0,12.0,-0.8090169943749476,0.5877852522924729,11.8,71,0.0,13.8,-0.8829475928589271,0.4694715627858904,12.3,74,0.0,11.9,-0.898794046299167,0.4383711467890774,11.8,75,0.0,12.5,-0.9135454576426011,0.40673664307579976,6.0,open-meteo,2026-08-08T09:50:20+00:00
2026-05-13 00:00:00+00:00,BE,offshore,12.0,63,0.0,12.2,-0.8571673007021123,0.5150380749100542,11.3,66,0.0,12.5,-0.8660254037844386,0.5000000000000001,12.2,65,0.0,12.2,-0.898794046299167,0.4383711467890774,11.5,70,0.0,12.2,-0.8910065241883679,0.45399049973954664,6.25,open-meteo,2026-08-08T09:50:20+00:00
2026-05-13 01:00:00+00:00,BE,offshore,11.7,74,0.0,10.4,-0.8829475928589271,0.4694715627858904,11.1,71,0.0,11.5,-0.898794046299167,0.4383711467890774,11.7,67,0.0,11.1,-0.8386705679454243,0.5446390350150266,11.1,72,0.0,11.7,-0.9063077870366498,0.4226182617406996,6.6,open-meteo,2026-08-08T09:50:20+00:00
2026-05-13 02:00:00+00:00,BE,offshore,11.4,66,0.0,9.9,-0.7986355100472932,0.6018150231520479,10.7,67,0.0,11.1,-0.8746197071393956,0.4848096202463373,11.4,68,0.0,10.7,-0.8191520442889918,0.573576436351046,10.8,68,0.0,11.2,-0.8829475928589271,0.4694715627858904,6.925000000000001,open-meteo,2026-08-08T09:50:20+00:00
2026-05-13 03:00:00+00:00,BE,offshore,11.2,69,0.0,10.7,-0.9612616959383188,0.2756373558169994,10.8,68,0.0,8.9,-0.9063077870366498,0.4226182617406996,11.4,69,0.0,9.1,-0.9781476007338056,0.20791169081775945,10.7,69,0.0,8.6,-0.8829475928589271,0.4694715627858904,6.975000000000001,open-meteo,2026-08-08T09:50:20+00:00
2026-05-13 04:00:00+00:00,BE,offshore,11.3,72,0.0,6.6,-0.9659258262890684,0.2588190451025203,10.8,72,0.0,8.4,-0.9975640502598243,0.06975647374412522,11.3,70,0.0,7.6,-0.9702957262759966,0.24192189559966745,11.0,71,0.0,7.3,-0.9335804264972017,0.3583679495453004,6.899999999999999,open-meteo,2026-08-08T09:50:20+00:00
2026-05-13 05:00:00+00:00,BE,offshore,11.4,70,11.0,6.8,-0.874619707139396,-0.48480962024633684,10.9,70,23.0,6.7,-0.9659258262890683,-0.25881904510252063,11.2,64,18.0,5.8,-0.9876883405951377,-0.15643446504023104,11.0,65,23.0,6.9,-0.9961946980917455,0.08715574274765789,6.875,open-meteo,2026-08-08T09:50:20+00:00
2026-05-13 06:00:00+00:00,BE,offshore,11.5,72,28.0,8.5,-0.7986355100472928,-0.6018150231520483,10.9,75,29.0,11.2,-0.882947592858927,-0.46947156278589075,11.4,76,40.0,10.4,-0.587785252292473,-0.8090169943749475,10.9,79,60.0,7.9,-0.5735764363510462,-0.8191520442889918,6.825000000000001,open-meteo,2026-08-08T09:50:20+00:00
2026-05-13 07:00:00+00:00,BE,offshore,11.3,80,20.0,10.9,-0.90630778703665,-0.42261826174069916,11.0,85,10.0,13.1,-0.874619707139396,-0.48480962024633684,11.6,73,60.0,10.4,-0.8660254037844384,-0.5000000000000004,10.8,79,35.0,7.3,-0.6946583704589974,-0.7193398003386511,6.824999999999999,open-meteo,2026-08-08T09:50:20+00:00
2026-05-13 08:00:00+00:00,BE,offshore,10.7,83,103.0,7.9,-0.9743700647852351,-0.22495105434386525,10.1,79,37.0,7.3,-0.9063077870366498,0.4226182617406996,11.2,81,34.0,8.4,-0.7880107536067221,-0.6156614753256581,8.4,85,78.0,3.4,0.27563735581699916,0.9612616959383189,7.9,open-meteo,2026-08-08T09:50:20+00:00
2026-05-13 09:00:00+00:00,BE,offshore,9.8,83,434.0,7.5,-0.9659258262890684,0.2588190451025203,10.4,76,551.0,6.9,-0.9848077530122081,0.17364817766692997,10.2,76,339.0,9.5,-0.8090169943749476,0.5877852522924729,9.8,82,267.0,6.7,-0.9975640502598243,0.06975647374412522,7.949999999999999,open-meteo,2026-08-08T09:50:20+00:00
2026-05-13 10:00:00+00:00,BE,offshore,10.3,83,177.0,11.1,-0.9563047559630353,-0.2923717047227371,10.0,79,356.0,6.4,-0.9975640502598243,0.06975647374412522,9.9,82,203.0,8.8,-0.9986295347545738,0.052335956242943946,9.8,84,233.0,9.5,-0.9945218953682734,-0.10452846326765336,8.0,open-meteo,2026-08-08T09:50:20+00:00
2026-05-13 11:00:00+00:00,BE,offshore,10.3,77,157.0,7.3,-0.9961946980917455,-0.08715574274765825,9.7,85,169.0,6.3,-0.9945218953682734,0.10452846326765299,10.1,78,82.0,10.9,-0.9743700647852352,0.22495105434386492,9.2,88,129.0,10.7,-0.9961946980917455,0.08715574274765789,8.175,open-meteo,2026-08-08T09:50:20+00:00
2026-05-13 12:00:00+00:00,BE,offshore,11.1,69,155.0,11.1,-0.9925461516413221,-0.12186934340514717,10.6,73,801.0,9.2,-0.9993908270190958,-0.03489949670250076,11.1,72,135.0,12.1,-0.9975640502598242,-0.06975647374412558,9.4,81,418.0,5.1,-0.9743700647852352,0.22495105434386492,7.450000000000001,open-meteo,2026-08-08T09:50:20+00:00
2026-05-13 13:00:00+00:00,BE,offshore,8.8,80,705.0,5.8,-0.6819983600624984,0.7313537016191707,9.9,67,832.0,7.2,-0.9848077530122081,0.17364817766692997,8.8,75,521.0,9.9,-0.754709580222772,-0.6560590289905073,10.2,82,604.0,3.5,-0.7880107536067221,-0.6156614753256581,8.575,open-meteo,2026-08-08T09:50:20+00:00
2026-05-13 14:00:00+00:00,BE,offshore,10.3,72,317.0,7.4,-0.961261695938319,-0.2756373558169989,10.4,78,701.0,9.8,-0.981627183447664,-0.1908089953765446,8.9,75,173.0,5.2,-0.8386705679454242,-0.544639035015027,10.1,72,479.0,4.0,-0.9563047559630353,-0.2923717047227371,8.075,open-meteo,2026-08-08T09:50:20+00:00
2026-05-13 15:00:00+00:00,BE,offshore,10.5,69,442.0,11.4,-0.9396926207859083,0.342020143325669,10.0,66,566.0,10.1,-0.9975640502598243,0.06975647374412522,10.7,70,232.0,9.9,-0.9205048534524405,0.3907311284892735,10.1,67,415.0,12.9,-0.9876883405951378,0.15643446504023067,7.675000000000001,open-meteo,2026-08-08T09:50:20+00:00
2026-05-13 16:00:00+00:00,BE,offshore,9.8,74,389.0,10.3,-0.9612616959383188,0.2756373558169994,9.1,79,315.0,7.7,-0.9063077870366498,0.4226182617406996,10.3,79,499.0,12.4,-0.992546151641322,0.12186934340514768,9.0,81,356.0,10.4,-0.945518575599317,0.3255681544571563,8.45,open-meteo,2026-08-08T09:50:20+00:00
2026-05-13 17:00:00+00:00,BE,offshore,9.6,73,180.0,7.4,-0.9998476951563913,0.01745240643728313,9.7,73,213.0,7.5,-0.9396926207859084,-0.34202014332566855,9.5,74,29.0,6.7,-0.9612616959383188,0.2756373558169994,9.2,74,135.0,5.8,-0.9993908270190958,-0.03489949670250076,8.5,open-meteo,2026-08-08T09:50:20+00:00
2026-05-13 18:00:00+00:00,BE,offshore,10.3,62,143.0,11.3,-0.9612616959383188,0.2756373558169994,9.7,69,105.0,9.0,-0.9975640502598243,0.06975647374412522,10.0,66,137.0,11.1,-0.9902680687415704,0.13917310096006547,9.2,72,153.0,9.4,-0.9945218953682734,0.10452846326765299,8.2,open-meteo,2026-08-08T09:50:20+00:00
2026-05-13 19:00:00+00:00,BE,offshore,10.0,79,88.0,11.0,-0.9975640502598242,-0.06975647374412558,9.5,76,72.0,8.7,-0.9205048534524405,0.3907311284892735,10.3,74,79.0,10.2,-0.9702957262759966,0.24192189559966745,9.5,79,72.0,9.3,-0.9848077530122081,0.17364817766692997,8.175,open-meteo,2026-08-08T09:50:20+00:00
2026-05-13 20:00:00+00:00,BE,offshore,9.6,76,0.0,11.4,-0.9876883405951377,-0.15643446504023104,9.5,77,7.0,8.2,-0.8571673007021123,0.5150380749100542,9.5,79,4.0,12.6,-0.984807753012208,-0.17364817766693033,9.6,77,6.0,8.9,-0.9335804264972017,0.3583679495453004,8.45,open-meteo,2026-08-08T09:50:20+00:00
2026-05-13 21:00:00+00:00,BE,offshore,10.1,74,0.0,9.9,-0.7071067811865477,0.7071067811865474,9.4,78,0.0,8.5,-0.5591929034707466,0.8290375725550418,9.6,78,0.0,8.5,-0.8746197071393956,0.4848096202463373,9.4,78,0.0,8.2,-0.7313537016191703,0.6819983600624987,8.375,open-meteo,2026-08-08T09:50:20+00:00
2026-05-13 22:00:00+00:00,BE,offshore,9.8,76,0.0,7.8,-0.6819983600624984,0.7313537016191707,9.5,73,0.0,7.6,-0.6018150231520483,0.7986355100472928,9.8,74,0.0,9.0,-0.7193398003386512,0.6946583704589973,9.3,75,0.0,8.1,-0.6293203910498378,0.7771459614569706,8.399999999999999,open-meteo,2026-08-08T09:50:20+00:00
2026-05-13 23:00:00+00:00,BE,offshore,9.8,75,0.0,8.9,-0.6560590289905074,0.7547095802227719,9.4,76,0.0,8.4,-0.6560590289905074,0.7547095802227719,9.8,73,0.0,8.5,-0.5877852522924734,0.8090169943749473,9.4,73,0.0,8.2,-0.6293203910498378,0.7771459614569706,8.399999999999999,open-meteo,2026-08-08T09:50:20+00:00
2026-05-14 00:00:00+00:00,BE,offshore,9.6,76,0.0,10.4,-0.7660444431189781,0.6427876096865393,9.2,76,0.0,6.7,-0.7071067811865477,0.7071067811865474,8.8,83,0.0,5.7,-0.8191520442889918,0.573576436351046,9.4,71,0.0,7.9,-0.6427876096865396,0.7660444431189778,8.75,open-meteo,2026-08-08T09:50:20+00:00
2026-05-14 01:00:00+00:00,BE,offshore,9.7,72,0.0,11.0,-0.8746197071393956,0.4848096202463373,9.2,76,0.0,8.6,-0.7660444431189781,0.6427876096865393,9.7,73,0.0,9.8,-0.8746197071393956,0.4848096202463373,9.3,72,0.0,6.7,-0.7771459614569708,0.6293203910498375,8.525,open-meteo,2026-08-08T09:50:20+00:00
2026-05-14 02:00:00+00:00,BE,offshore,9.3,80,0.0,10.3,-0.6691306063588581,0.7431448254773944,9.4,77,0.0,8.9,-0.6946583704589976,0.7193398003386509,8.8,82,0.0,7.9,-0.7880107536067218,0.6156614753256585,8.6,78,0.0,8.0,-0.8386705679454243,0.5446390350150266,8.975,open-meteo,2026-08-08T09:50:20+00:00
2026-05-14 03:00:00+00:00,BE,offshore,9.5,74,0.0,8.4,-0.7193398003386512,0.6946583704589973,9.3,76,0.0,9.8,-0.7660444431189781,0.6427876096865393,9.7,71,0.0,8.3,-0.6427876096865396,0.7660444431189778,8.8,79,0.0,5.2,-0.6156614753256582,0.7880107536067221,8.675,open-meteo,2026-08-08T09:50:20+00:00
2026-05-14 04:00:00+00:00,BE,offshore,9.5,71,0.0,8.6,-0.6946583704589976,0.7193398003386509,9.2,72,0.0,9.4,-0.8191520442889918,0.573576436351046,9.6,71,0.0,8.4,-0.7986355100472932,0.6018150231520479,9.4,73,0.0,10.3,-0.7986355100472932,0.6018150231520479,8.575000000000001,open-meteo,2026-08-08T09:50:20+00:00
2026-05-14 05:00:00+00:00,BE,offshore,9.5,64,27.0,9.1,-0.8480480961564262,0.5299192642332047,9.0,78,35.0,10.6,-0.8191520442889918,0.573576436351046,9.6,66,35.0,9.6,-0.8386705679454243,0.5446390350150266,9.2,74,19.0,9.4,-0.8191520442889918,0.573576436351046,8.675,open-meteo,2026-08-08T09:50:20+00:00
2026-05-14 06:00:00+00:00,BE,offshore,9.3,71,143.0,9.7,-0.8386705679454243,0.5446390350150266,9.0,80,102.0,10.4,-0.9205048534524405,0.3907311284892735,9.5,70,124.0,9.6,-0.8571673007021123,0.5150380749100542,9.1,77,85.0,8.9,-0.9271838545667874,0.37460659341591196,8.775,open-meteo,2026-08-08T09:50:20+00:00
2026-05-14 07:00:00+00:00,BE,offshore,9.1,74,269.0,8.2,-0.7771459614569708,0.6293203910498375,8.7,80,122.0,7.9,-0.6819983600624984,0.7313537016191707,9.2,75,185.0,8.9,-0.8090169943749476,0.5877852522924729,9.1,76,79.0,8.3,-0.6946583704589976,0.7193398003386509,8.975000000000001,open-meteo,2026-08-08T09:50:20+00:00
2026-05-14 08:00:00+00:00,BE,offshore,9.1,75,449.0,9.3,-0.7547095802227722,0.656059028990507,8.1,79,290.0,11.1,0.43837114678907746,0.898794046299167,9.5,73,463.0,10.2,-0.7771459614569708,0.6293203910498375,7.7,80,154.0,13.8,0.24192189559966773,0.9702957262759965,9.4,open-meteo,2026-08-08T09:50:20+00:00
2026-05-14 09:00:00+00:00,BE,offshore,8.6,77,191.0,8.3,-0.35836794954530077,0.9335804264972015,8.8,76,220.0,9.2,0.5299192642332049,0.848048096156426,9.0,74,204.0,8.4,-0.7986355100472932,0.6018150231520479,8.7,77,273.0,8.1,0.5299192642332049,0.848048096156426,9.225000000000001,open-meteo,2026-08-08T09:50:20+00:00
2026-05-14 10:00:00+00:00,BE,offshore,8.4,83,214.0,4.2,-0.8746197071393956,0.4848096202463373,9.0,74,127.0,11.0,0.6946583704589973,0.7193398003386512,8.6,82,479.0,3.3,-0.544639035015027,0.838670567945424,8.8,76,45.0,12.4,0.6819983600624985,0.7313537016191705,9.3,open-meteo,2026-08-08T09:50:20+00:00
2026-05-14 11:00:00+00:00,BE,offshore,8.3,72,25.0,11.0,0.5150380749100542,0.8571673007021123,8.7,70,152.0,7.2,0.48480962024633706,0.8746197071393957,7.8,76,38.0,10.4,0.4067366430758002,0.9135454576426009,8.5,74,360.0,9.3,0.43837114678907746,0.898794046299167,9.675,open-meteo,2026-08-08T09:50:20+00:00
2026-05-14 12:00:00+00:00,BE,offshore,9.2,75,120.0,6.7,0.5150380749100542,0.8571673007021123,9.8,56,545.0,8.9,0.3420201433256687,0.9396926207859084,9.2,74,26.0,6.5,0.48480962024633706,0.8746197071393957,9.7,60,187.0,8.0,0.3090169943749474,0.9510565162951535,8.525,open-meteo,2026-08-08T09:50:20+00:00
2026-05-14 13:00:00+00:00,BE,offshore,9.2,62,107.0,9.6,0.7986355100472928,0.6018150231520483,9.8,62,417.0,9.1,0.3090169943749474,0.9510565162951535,9.2,65,43.0,10.1,0.5299192642332049,0.848048096156426,8.9,73,328.0,5.1,0.42261826174069944,0.9063077870366499,8.725,open-meteo,2026-08-08T09:50:20+00:00
2026-05-14 14:00:00+00:00,BE,offshore,7.4,82,163.0,7.8,0.8829475928589269,0.46947156278589086,9.9,62,639.0,7.6,0.20791169081775934,0.9781476007338057,9.4,73,269.0,7.5,0.3090169943749474,0.9510565162951535,9.9,63,561.0,8.4,0.25881904510252074,0.9659258262890683,8.85,open-meteo,2026-08-08T09:50:20+00:00
2026-05-14 15:00:00+00:00,BE,offshore,9.7,66,360.0,7.0,0.10452846326765347,0.9945218953682733,9.8,64,689.0,6.7,0.0697564737441253,0.9975640502598242,9.8,65,636.0,8.3,0.10452846326765347,0.9945218953682733,9.9,62,693.0,6.7,0.1908089953765448,0.981627183447664,8.2,open-meteo,2026-08-08T09:50:20+00:00
2026-05-14 16:00:00+00:00,BE,offshore,10.2,64,552.0,7.7,0.17364817766693033,0.984807753012208,10.0,65,445.0,6.9,0.03489949670250097,0.9993908270190958,10.3,61,521.0,7.8,0.17364817766693033,0.984807753012208,10.0,65,493.0,6.6,0.0697564737441253,0.9975640502598242,7.875,open-meteo,2026-08-08T09:50:20+00:00
2026-05-14 17:00:00+00:00,BE,offshore,10.3,63,398.0,5.7,0.4067366430758002,0.9135454576426009,10.0,62,361.0,5.9,0.12186934340514748,0.992546151641322,10.4,60,395.0,6.5,0.27563735581699916,0.9612616959383189,10.1,62,363.0,5.8,0.052335956242943835,0.9986295347545738,7.799999999999999,open-meteo,2026-08-08T09:50:20+00:00
2026-05-14 18:00:00+00:00,BE,offshore,10.3,64,239.0,5.5,0.0,1.0,9.9,67,220.0,4.3,-0.12186934340514723,0.9925461516413221,10.3,63,236.0,6.1,0.08715574274765817,0.9961946980917455,10.0,67,219.0,4.9,-0.12186934340514723,0.9925461516413221,7.875,open-meteo,2026-08-08T09:50:20+00:00
2026-05-14 19:00:00+00:00,BE,offshore,10.1,60,90.0,4.1,0.29237170472273677,0.9563047559630354,9.9,62,91.0,4.5,-0.19080899537654467,0.981627183447664,10.1,61,78.0,5.1,0.10452846326765347,0.9945218953682733,9.9,62,88.0,4.5,-0.08715574274765832,0.9961946980917455,8.0,open-meteo,2026-08-08T09:50:20+00:00
2026-05-14 20:00:00+00:00,BE,offshore,10.1,59,7.0,4.0,-0.01745240643728356,0.9998476951563913,9.7,64,8.0,3.6,-0.3907311284892739,0.9205048534524403,10.1,59,6.0,4.3,0.03489949670250097,0.9993908270190958,9.7,63,7.0,4.4,-0.4383711467890778,0.8987940462991668,8.100000000000001,open-meteo,2026-08-08T09:50:20+00:00
2026-05-14 21:00:00+00:00,BE,offshore,9.9,63,0.0,3.9,-0.24192189559966787,0.9702957262759965,9.5,72,0.0,4.2,-0.7431448254773946,0.6691306063588578,9.9,62,0.0,4.1,-0.3255681544571567,0.9455185755993168,9.7,68,0.0,4.8,-0.5000000000000004,0.8660254037844384,8.25,open-meteo,2026-08-08T09:50:20+00:00
2026-05-14 22:00:00+00:00,BE,offshore,10.0,65,0.0,4.9,-0.6156614753256582,0.7880107536067221,9.7,65,0.0,4.6,-0.5591929034707466,0.8290375725550418,10.0,62,0.0,4.2,-0.5000000000000004,0.8660254037844384,9.7,64,0.0,4.4,-0.5591929034707466,0.8290375725550418,8.15,open-meteo,2026-08-08T09:50:20+00:00
2026-05-14 23:00:00+00:00,BE,offshore,9.9,67,0.0,5.0,-0.6293203910498378,0.7771459614569706,9.6,69,0.0,5.0,-0.7431448254773946,0.6691306063588578,9.9,63,0.0,5.1,-0.6293203910498378,0.7771459614569706,9.6,66,0.0,5.0,-0.6691306063588581,0.7431448254773944,8.25,open-meteo,2026-08-08T09:50:20+00:00
2026-05-15 00:00:00+00:00,BE,offshore,9.9,67,0.0,5.3,-0.8480480961564262,0.5299192642332047,9.7,69,0.0,5.6,-0.7431448254773946,0.6691306063588578,9.8,69,0.0,5.9,-0.8746197071393956,0.4848096202463373,9.6,73,0.0,7.3,-0.7547095802227722,0.656059028990507,8.25,open-meteo,2026-08-08T09:50:20+00:00
2026-05-15 01:00:00+00:00,BE,offshore,9.9,70,0.0,5.3,-0.7771459614569708,0.6293203910498375,9.9,70,0.0,6.7,-0.9135454576426011,0.40673664307579976,10.0,65,0.0,5.4,-0.6427876096865396,0.7660444431189778,10.0,66,0.0,6.4,-0.8386705679454243,0.5446390350150266,8.05,open-meteo,2026-08-08T09:50:20+00:00
2026-05-15 02:00:00+00:00,BE,offshore,10.0,71,0.0,5.3,-0.8480480961564262,0.5299192642332047,9.9,70,0.0,6.2,-0.8191520442889918,0.573576436351046,10.0,69,0.0,5.3,-0.8290375725550416,0.559192903470747,9.4,76,0.0,6.4,-0.9563047559630354,0.2923717047227367,8.175,open-meteo,2026-08-08T09:50:20+00:00
2026-05-15 03:00:00+00:00,BE,offshore,9.9,67,0.0,6.3,-0.5877852522924734,0.8090169943749473,8.8,78,0.0,8.3,-0.6560590289905074,0.7547095802227719,10.0,67,0.0,5.8,-0.7071067811865477,0.7071067811865474,8.7,75,0.0,10.7,-0.40673664307580015,0.9135454576426009,8.649999999999999,open-meteo,2026-08-08T09:50:20+00:00
2026-05-15 04:00:00+00:00,BE,offshore,9.8,70,0.0,8.5,-0.6018150231520483,0.7986355100472928,9.6,76,0.0,8.2,-0.6293203910498378,0.7771459614569706,9.9,71,0.0,8.9,-0.5877852522924734,0.8090169943749473,9.7,73,0.0,7.9,-0.6427876096865396,0.7660444431189778,8.25,open-meteo,2026-08-08T09:50:20+00:00
2026-05-15 05:00:00+00:00,BE,offshore,9.5,75,25.0,7.2,-0.45399049973954697,0.8910065241883678,8.9,81,21.0,8.0,-0.3255681544571567,0.9455185755993168,9.8,72,28.0,6.7,-0.6946583704589976,0.7193398003386509,9.2,78,17.0,7.4,-0.5150380749100545,0.8571673007021121,8.65,open-meteo,2026-08-08T09:50:20+00:00
2026-05-15 06:00:00+00:00,BE,offshore,9.8,72,53.0,7.6,-0.544639035015027,0.838670567945424,8.3,79,23.0,2.8,-0.4226182617406992,0.90630778703665,8.9,76,37.0,6.6,-0.29237170472273716,0.9563047559630353,8.4,79,80.0,3.0,-0.5877852522924734,0.8090169943749473,9.15,open-meteo,2026-08-08T09:50:20+00:00
2026-05-15 07:00:00+00:00,BE,offshore,9.6,76,72.0,10.0,-0.4848096202463369,0.8746197071393959,8.8,78,62.0,11.1,-0.529919264233205,0.8480480961564258,8.5,78,113.0,3.9,0.6691306063588582,0.7431448254773942,9.1,71,48.0,10.4,-0.529919264233205,0.8480480961564258,9.0,open-meteo,2026-08-08T09:50:20+00:00
2026-05-15 08:00:00+00:00,BE,offshore,9.2,75,340.0,8.5,-0.6156614753256582,0.7880107536067221,8.4,82,126.0,7.0,-0.5735764363510465,0.8191520442889916,8.8,76,201.0,5.0,-0.5000000000000004,0.8660254037844384,8.4,82,143.0,7.2,-0.7071067811865477,0.7071067811865474,9.299999999999999,open-meteo,2026-08-08T09:50:20+00:00
2026-05-15 09:00:00+00:00,BE,offshore,9.7,69,234.0,8.8,-0.24192189559966787,0.9702957262759965,9.6,73,112.0,9.1,-0.529919264233205,0.8480480961564258,8.6,79,157.0,8.6,-0.2588190451025207,0.9659258262890683,8.4,85,138.0,5.3,-0.7771459614569708,0.6293203910498375,8.925,open-meteo,2026-08-08T09:50:20+00:00
2026-05-15 10:00:00+00:00,BE,offshore,9.3,76,400.0,7.7,-0.6018150231520483,0.7986355100472928,9.1,75,350.0,9.6,-0.7660444431189781,0.6427876096865393,8.9,78,328.0,8.6,-0.6293203910498378,0.7771459614569706,8.9,79,284.0,9.2,-0.6691306063588581,0.7431448254773944,8.950000000000001,open-meteo,2026-08-08T09:50:20+00:00
2026-05-15 11:00:00+00:00,BE,offshore,9.7,73,104.0,8.1,-0.7313537016191703,0.6819983600624987,8.4,79,65.0,8.4,-0.6819983600624984,0.7313537016191707,9.3,78,58.0,6.3,-0.7880107536067218,0.6156614753256585,9.6,69,35.0,8.6,-0.45399049973954697,0.8910065241883678,8.75,open-meteo,2026-08-08T09:50:20+00:00
2026-05-15 12:00:00+00:00,BE,offshore,9.3,74,566.0,9.1,-0.4226182617406992,0.90630778703665,9.0,75,51.0,7.3,-0.6819983600624984,0.7313537016191707,9.4,76,185.0,9.7,-0.529919264233205,0.8480480961564258,9.0,75,178.0,11.7,-0.6691306063588581,0.7431448254773944,8.825,open-meteo,2026-08-08T09:50:20+00:00
2026-05-15 13:00:00+00:00,BE,offshore,9.8,68,397.0,7.6,-0.6819983600624984,0.7313537016191707,9.5,71,312.0,8.1,-0.7071067811865477,0.7071067811865474,8.9,80,454.0,7.6,-0.37460659341591235,0.9271838545667873,9.6,72,110.0,9.6,-0.6156614753256582,0.7880107536067221,8.549999999999999,open-meteo,2026-08-08T09:50:20+00:00
2026-05-15 14:00:00+00:00,BE,offshore,9.4,66,583.0,6.6,-0.27563735581699894,0.9612616959383189,9.5,70,586.0,8.8,-0.5591929034707466,0.8290375725550418,8.5,76,327.0,5.8,-0.4694715627858908,0.882947592858927,9.5,71,295.0,10.3,-0.6156614753256582,0.7880107536067221,8.775,open-meteo,2026-08-08T09:50:20+00:00
2026-05-15 15:00:00+00:00,BE,offshore,9.9,69,347.0,6.6,-0.4226182617406992,0.90630778703665,9.8,66,445.0,9.6,-0.3907311284892739,0.9205048534524403,9.8,70,150.0,7.7,-0.4694715627858908,0.882947592858927,9.7,69,385.0,10.4,-0.5150380749100545,0.8571673007021121,8.2,open-meteo,2026-08-08T09:50:20+00:00
2026-05-15 16:00:00+00:00,BE,offshore,9.9,69,290.0,6.4,-0.29237170472273716,0.9563047559630353,9.9,65,297.0,10.2,-0.29237170472273716,0.9563047559630353,10.0,67,339.0,8.6,-0.4383711467890778,0.8987940462991668,9.9,67,440.0,10.4,-0.45399049973954697,0.8910065241883678,8.075,open-meteo,2026-08-08T09:50:20+00:00
2026-05-15 17:00:00+00:00,BE,offshore,9.8,69,209.0,6.8,-0.08715574274765832,0.9961946980917455,10.0,64,235.0,8.7,-0.3420201433256686,0.9396926207859084,9.8,69,208.0,8.0,-0.37460659341591235,0.9271838545667873,9.9,67,316.0,8.6,-0.4694715627858908,0.882947592858927,8.125,open-meteo,2026-08-08T09:50:20+00:00
2026-05-15 18:00:00+00:00,BE,offshore,10.1,64,121.0,6.6,-0.05233595624294437,0.9986295347545738,10.0,63,139.0,7.7,-0.24192189559966787,0.9702957262759965,10.2,63,110.0,7.1,-0.22495105434386534,0.9743700647852351,10.0,64,128.0,7.9,-0.35836794954530077,0.9335804264972015,7.925000000000001,open-meteo,2026-08-08T09:50:20+00:00
2026-05-15 19:00:00+00:00,BE,offshore,9.7,62,65.0,5.1,-0.1736481776669304,0.984807753012208,9.6,64,67.0,6.9,-0.35836794954530077,0.9335804264972015,9.9,61,66.0,6.0,-0.2588190451025207,0.9659258262890683,9.6,64,79.0,7.1,-0.37460659341591235,0.9271838545667873,8.3,open-meteo,2026-08-08T09:50:20+00:00
2026-05-15 20:00:00+00:00,BE,offshore,9.8,62,5.0,5.5,-0.10452846326765342,0.9945218953682733,9.6,65,7.0,7.0,-0.35836794954530077,0.9335804264972015,9.8,63,5.0,5.9,-0.24192189559966787,0.9702957262759965,9.5,67,7.0,7.1,-0.4383711467890778,0.8987940462991668,8.325,open-meteo,2026-08-08T09:50:20+00:00
2026-05-15 21:00:00+00:00,BE,offshore,10.1,61,0.0,4.8,-2.4492935982947064e-16,1.0,9.8,61,0.0,6.3,-0.37460659341591235,0.9271838545667873,10.1,62,0.0,5.0,-0.24192189559966787,0.9702957262759965,9.8,63,0.0,6.2,-0.4694715627858908,0.882947592858927,8.05,open-meteo,2026-08-08T09:50:20+00:00
2026-05-15 22:00:00+00:00,BE,offshore,10.0,62,0.0,2.8,-0.40673664307580015,0.9135454576426009,9.9,61,0.0,4.4,-0.4226182617406992,0.90630778703665,10.0,63,0.0,3.4,-0.7880107536067218,0.6156614753256585,9.8,64,0.0,4.2,-0.5591929034707466,0.8290375725550418,8.075,open-meteo,2026-08-08T09:50:20+00:00
2026-05-15 23:00:00+00:00,BE,offshore,9.9,64,0.0,2.3,-0.9975640502598243,0.06975647374412522,10.0,61,0.0,5.2,-0.6819983600624984,0.7313537016191707,10.0,64,0.0,3.6,-0.9271838545667874,0.37460659341591196,9.9,62,0.0,5.2,-0.6946583704589976,0.7193398003386509,8.05,open-meteo,2026-08-08T09:50:20+00:00
2026-05-16 00:00:00+00:00,BE,offshore,10.0,61,0.0,3.0,-0.8290375725550416,0.559192903470747,10.0,56,0.0,4.6,-0.8290375725550416,0.559192903470747,10.0,60,0.0,4.4,-0.7547095802227722,0.656059028990507,9.9,56,0.0,5.6,-0.6691306063588581,0.7431448254773944,8.025,open-meteo,2026-08-08T09:50:20+00:00
2026-05-16 01:00:00+00:00,BE,offshore,10.0,57,0.0,3.0,-0.913545457642601,-0.4067366430758001,9.8,53,0.0,3.2,-0.8746197071393956,0.4848096202463373,10.1,57,0.0,3.7,-0.9975640502598243,0.06975647374412522,9.8,57,0.0,4.0,-0.7193398003386512,0.6946583704589973,8.075,open-meteo,2026-08-08T09:50:20+00:00
2026-05-16 02:00:00+00:00,BE,offshore,9.9,58,0.0,1.6,-0.9993908270190958,0.03489949670250128,9.8,55,0.0,3.2,-0.9993908270190958,0.03489949670250128,9.8,61,0.0,3.7,-0.9743700647852352,0.22495105434386492,9.8,57,0.0,4.6,-0.8746197071393956,0.4848096202463373,8.174999999999999,open-meteo,2026-08-08T09:50:20+00:00
2026-05-16 03:00:00+00:00,BE,offshore,10.0,62,0.0,3.8,-0.8090169943749473,-0.5877852522924732,10.0,54,0.0,4.8,-0.9702957262759965,-0.24192189559966779,10.0,58,0.0,3.5,-0.9961946980917455,-0.08715574274765825,9.9,55,0.0,4.1,-0.9612616959383188,0.2756373558169994,8.025,open-meteo,2026-08-08T09:50:20+00:00
2026-05-16 04:00:00+00:00,BE,offshore,9.8,66,0.0,7.8,-0.6018150231520484,-0.7986355100472928,9.8,72,0.0,6.5,-0.754709580222772,-0.6560590289905073,9.8,68,0.0,7.5,-0.7660444431189779,-0.6427876096865395,10.1,60,0.0,4.5,-0.9205048534524403,-0.3907311284892738,8.125,open-meteo,2026-08-08T09:50:20+00:00
2026-05-16 05:00:00+00:00,BE,offshore,9.7,74,13.0,7.0,-0.7431448254773944,-0.6691306063588581,10.0,70,36.0,7.2,-0.6946583704589974,-0.7193398003386511,9.8,69,17.0,7.3,-0.6427876096865393,-0.766044443118978,10.1,62,25.0,6.3,-0.7986355100472928,-0.6018150231520483,8.1,open-meteo,2026-08-08T09:50:20+00:00
2026-05-16 06:00:00+00:00,BE,offshore,10.1,66,104.0,5.6,-0.587785252292473,-0.8090169943749475,10.2,68,160.0,7.0,-0.6018150231520484,-0.7986355100472928,9.9,67,86.0,5.5,-0.5150380749100542,-0.8571673007021123,10.1,62,111.0,6.0,-0.7880107536067221,-0.6156614753256581,7.925000000000001,open-meteo,2026-08-08T09:50:20+00:00
2026-05-16 07:00:00+00:00,BE,offshore,9.8,69,189.0,8.5,-0.6156614753256582,-0.788010753606722,9.0,72,325.0,9.1,-1.0,-1.8369701987210297e-16,9.3,65,257.0,9.0,-0.34202014332566866,-0.9396926207859084,10.4,65,325.0,7.5,-0.754709580222772,-0.6560590289905073,8.375,open-meteo,2026-08-08T09:50:20+00:00
2026-05-16 08:00:00+00:00,BE,offshore,9.8,65,102.0,6.9,-0.7880107536067221,-0.6156614753256581,8.9,81,98.0,8.2,-0.9563047559630354,0.2923717047227367,9.5,78,302.0,7.8,-0.7193398003386512,-0.6946583704589973,10.6,65,248.0,7.2,-0.8191520442889916,-0.5735764363510464,8.299999999999999,open-meteo,2026-08-08T09:50:20+00:00
2026-05-16 09:00:00+00:00,BE,offshore,10.5,54,137.0,9.9,-0.9396926207859084,-0.34202014332566855,9.9,66,364.0,9.2,-0.8386705679454242,-0.544639035015027,9.9,74,414.0,8.3,-0.9271838545667873,-0.3746065934159123,9.9,65,336.0,9.9,-0.9563047559630353,-0.2923717047227371,7.950000000000001,open-meteo,2026-08-08T09:50:20+00:00
2026-05-16 10:00:00+00:00,BE,offshore,10.0,78,683.0,7.0,-0.8290375725550418,-0.5591929034707466,10.4,67,711.0,7.0,-0.848048096156426,-0.529919264233205,10.0,76,590.0,7.4,-0.7193398003386512,-0.6946583704589973,9.3,79,693.0,3.5,-0.7986355100472928,-0.6018150231520483,8.075,open-meteo,2026-08-08T09:50:20+00:00
2026-05-16 11:00:00+00:00,BE,offshore,10.5,63,839.0,7.1,-0.9961946980917455,-0.08715574274765825,10.5,56,840.0,7.2,-0.9205048534524403,-0.3907311284892738,10.4,68,602.0,8.9,-0.656059028990507,-0.7547095802227721,8.4,76,326.0,5.4,-0.12186934340514731,-0.9925461516413221,8.05,open-meteo,2026-08-08T09:50:20+00:00
2026-05-16 12:00:00+00:00,BE,offshore,10.2,57,881.0,6.0,-0.984807753012208,-0.17364817766693033,10.3,54,876.0,6.3,-0.8910065241883678,-0.45399049973954697,10.3,63,423.0,7.5,-0.9902680687415703,-0.13917310096006583,10.2,56,544.0,7.0,-0.984807753012208,-0.17364817766693033,7.75,open-meteo,2026-08-08T09:50:20+00:00
2026-05-16 13:00:00+00:00,BE,offshore,10.9,56,707.0,8.4,-0.9743700647852351,-0.22495105434386525,10.7,64,861.0,7.3,-0.9455185755993168,-0.32556815445715664,10.9,53,870.0,7.6,-0.9961946980917455,-0.08715574274765825,10.5,69,869.0,8.2,-0.9781476007338056,-0.2079116908177598,7.25,open-meteo,2026-08-08T09:50:20+00:00
2026-05-16 14:00:00+00:00,BE,offshore,11.0,59,732.0,8.1,-0.8386705679454242,-0.544639035015027,10.7,64,545.0,9.1,-0.8910065241883678,-0.45399049973954697,11.1,57,804.0,8.9,-0.9510565162951535,-0.30901699437494756,10.7,62,786.0,9.8,-0.9563047559630353,-0.2923717047227371,7.125,open-meteo,2026-08-08T09:50:20+00:00
2026-05-16 15:00:00+00:00,BE,offshore,10.9,66,635.0,6.6,-0.6427876096865393,-0.766044443118978,11.2,61,688.0,6.5,-0.6819983600624984,-0.7313537016191706,10.9,59,702.0,8.2,-0.9455185755993168,-0.32556815445715664,10.6,61,696.0,7.4,-0.7660444431189779,-0.6427876096865395,7.1,open-meteo,2026-08-08T09:50:20+00:00
2026-05-16 16:00:00+00:00,BE,offshore,11.7,66,97.0,8.3,-0.8290375725550418,-0.5591929034707466,11.4,61,566.0,7.0,-0.6293203910498376,-0.7771459614569708,11.7,63,273.0,8.3,-0.9510565162951535,-0.30901699437494756,11.2,63,563.0,7.5,-0.7986355100472928,-0.6018150231520483,6.5,open-meteo,2026-08-08T09:50:20+00:00
2026-05-16 17:00:00+00:00,BE,offshore,11.3,78,304.0,9.3,-0.8290375725550418,-0.5591929034707466,11.2,75,405.0,10.4,-0.7193398003386512,-0.6946583704589973,11.6,68,407.0,8.9,-0.8910065241883678,-0.45399049973954697,11.2,71,400.0,9.7,-0.7313537016191703,-0.6819983600624986,6.675000000000001,open-meteo,2026-08-08T09:50:20+00:00
2026-05-16 18:00:00+00:00,BE,offshore,11.6,83,43.0,10.6,-0.7880107536067221,-0.6156614753256581,11.7,82,57.0,11.3,-0.8571673007021121,-0.5150380749100544,12.0,75,48.0,10.4,-0.848048096156426,-0.529919264233205,11.9,80,110.0,10.3,-0.7660444431189779,-0.6427876096865395,6.200000000000001,open-meteo,2026-08-08T09:50:20+00:00
2026-05-16 19:00:00+00:00,BE,offshore,11.9,79,5.0,11.6,-0.8090169943749473,-0.5877852522924732,11.4,86,16.0,10.8,-0.7071067811865475,-0.7071067811865477,12.0,77,9.0,10.8,-0.874619707139396,-0.48480962024633684,11.8,83,35.0,11.0,-0.7986355100472928,-0.6018150231520483,6.225000000000001,open-meteo,2026-08-08T09:50:20+00:00
2026-05-16 20:00:00+00:00,BE,offshore,11.9,77,1.0,11.5,-0.8090169943749473,-0.5877852522924732,11.7,83,1.0,11.7,-0.7880107536067221,-0.6156614753256581,11.9,74,0.0,11.7,-0.882947592858927,-0.46947156278589075,11.8,82,0.0,11.3,-0.8290375725550418,-0.5591929034707466,6.175000000000001,open-meteo,2026-08-08T09:50:20+00:00
2026-05-16 21:00:00+00:00,BE,offshore,11.8,81,0.0,10.8,-0.6946583704589974,-0.7193398003386511,11.6,86,0.0,10.9,-0.7660444431189779,-0.6427876096865395,11.9,78,0.0,9.5,-0.6946583704589974,-0.7193398003386511,11.7,84,0.0,9.7,-0.7771459614569706,-0.6293203910498378,6.25,open-meteo,2026-08-08T09:50:20+00:00
2026-05-16 22:00:00+00:00,BE,offshore,11.6,84,0.0,11.2,-0.5735764363510462,-0.8191520442889918,11.5,89,0.0,12.9,-0.656059028990507,-0.7547095802227721,11.6,80,0.0,11.1,-0.6156614753256582,-0.788010753606722,11.7,86,0.0,12.4,-0.6946583704589974,-0.7193398003386511,6.399999999999999,open-meteo,2026-08-08T09:50:20+00:00
2026-05-16 23:00:00+00:00,BE,offshore,11.6,87,0.0,10.4,-0.48480962024633695,-0.8746197071393959,11.7,92,0.0,11.0,-0.6018150231520484,-0.7986355100472928,11.3,83,0.0,10.8,-0.4067366430758002,-0.9135454576426009,11.7,86,0.0,10.9,-0.587785252292473,-0.8090169943749475,6.425000000000001,open-meteo,2026-08-08T09:50:20+00:00
2026-05-17 00:00:00+00:00,BE,offshore,11.3,88,0.0,11.5,-0.4067366430758002,-0.9135454576426009,11.6,92,0.0,10.7,-0.7771459614569706,-0.6293203910498378,11.0,86,0.0,11.5,-0.4226182617406993,-0.90630778703665,11.5,89,0.0,14.5,-0.5735764363510462,-0.8191520442889918,6.65,open-meteo,2026-08-08T09:50:20+00:00
2026-05-17 01:00:00+00:00,BE,offshore,11.1,88,0.0,11.2,-0.39073112848927355,-0.9205048534524404,11.3,91,0.0,11.0,-0.374606593415912,-0.9271838545667874,10.7,87,0.0,11.5,-0.34202014332566866,-0.9396926207859084,11.3,87,0.0,12.0,-0.4067366430758002,-0.9135454576426009,6.900000000000002,open-meteo,2026-08-08T09:50:20+00:00
2026-05-17 02:00:00+00:00,BE,offshore,11.5,91,0.0,11.2,-0.5150380749100542,-0.8571673007021123,11.9,92,0.0,10.2,-0.8290375725550418,-0.5591929034707466,10.7,90,0.0,11.8,-0.374606593415912,-0.9271838545667874,11.4,91,0.0,12.3,-0.5299192642332048,-0.8480480961564261,6.625000000000002,open-meteo,2026-08-08T09:50:20+00:00
2026-05-17 03:00:00+00:00,BE,offshore,12.1,91,0.0,10.2,-0.7660444431189779,-0.6427876096865395,11.8,92,0.0,8.9,-0.7431448254773944,-0.6691306063588581,10.9,91,0.0,12.0,-0.5299192642332048,-0.8480480961564261,11.6,92,0.0,10.4,-0.587785252292473,-0.8090169943749475,6.4,open-meteo,2026-08-08T09:50:20+00:00
2026-05-17 04:00:00+00:00,BE,offshore,11.7,90,0.0,10.8,-0.6691306063588582,-0.7431448254773942,11.9,90,0.0,10.3,-0.8090169943749473,-0.5877852522924732,11.1,90,0.0,11.7,-0.46947156278589086,-0.8829475928589269,12.0,90,0.0,11.6,-0.8191520442889916,-0.5735764363510464,6.324999999999999,open-meteo,2026-08-08T09:50:20+00:00
2026-05-17 05:00:00+00:00,BE,offshore,11.6,94,7.0,9.7,-0.6819983600624984,-0.7313537016191706,11.4,91,12.0,8.7,-0.6427876096865393,-0.766044443118978,10.8,92,4.0,11.2,-0.4067366430758002,-0.9135454576426009,11.6,92,2.0,9.2,-0.7880107536067221,-0.6156614753256581,6.65,open-meteo,2026-08-08T09:50:20+00:00
2026-05-17 06:00:00+00:00,BE,offshore,11.4,92,10.0,9.7,-0.4226182617406993,-0.90630778703665,11.7,93,7.0,8.9,-0.6946583704589974,-0.7193398003386511,10.9,92,7.0,10.8,-0.4226182617406993,-0.90630778703665,11.7,91,18.0,8.8,-0.6946583704589974,-0.7193398003386511,6.574999999999999,open-meteo,2026-08-08T09:50:20+00:00
2026-05-17 07:00:00+00:00,BE,offshore,11.5,90,58.0,9.8,-0.374606593415912,-0.9271838545667874,11.8,92,8.0,9.8,-0.656059028990507,-0.7547095802227721,11.3,90,73.0,9.6,-0.39073112848927355,-0.9205048534524404,11.9,90,42.0,10.0,-0.6156614753256582,-0.788010753606722,6.375,open-meteo,2026-08-08T09:50:20+00:00
2026-05-17 08:00:00+00:00,BE,offshore,11.4,92,63.0,11.5,-0.4539904997395467,-0.8910065241883679,11.6,94,160.0,6.3,-0.7880107536067221,-0.6156614753256581,10.9,91,133.0,11.3,-0.29237170472273677,-0.9563047559630354,11.2,93,82.0,10.8,-0.29237170472273677,-0.9563047559630354,6.725000000000001,open-meteo,2026-08-08T09:50:20+00:00
2026-05-17 09:00:00+00:00,BE,offshore,11.7,90,54.0,8.9,-0.5735764363510462,-0.8191520442889918,11.7,90,303.0,8.5,-0.7880107536067221,-0.6156614753256581,11.2,90,306.0,11.7,-0.34202014332566866,-0.9396926207859084,11.4,90,107.0,11.5,-0.32556815445715676,-0.9455185755993167,6.500000000000002,open-meteo,2026-08-08T09:50:20+00:00
2026-05-17 10:00:00+00:00,BE,offshore,12.3,82,345.0,8.8,-0.7880107536067221,-0.6156614753256581,11.9,81,439.0,7.2,-0.961261695938319,-0.2756373558169989,12.1,87,484.0,9.8,-0.275637355816999,-0.9612616959383189,12.2,84,545.0,10.3,-0.5299192642332048,-0.8480480961564261,5.875,open-meteo,2026-08-08T09:50:20+00:00
2026-05-17 11:00:00+00:00,BE,offshore,12.4,82,772.0,7.8,-0.8290375725550418,-0.5591929034707466,12.1,84,602.0,7.4,-0.9271838545667873,-0.3746065934159123,12.5,80,453.0,8.6,-0.90630778703665,-0.42261826174069916,12.2,81,255.0,8.1,-0.8910065241883678,-0.45399049973954697,5.699999999999999,open-meteo,2026-08-08T09:50:20+00:00
2026-05-17 12:00:00+00:00,BE,offshore,12.5,81,843.0,8.6,-0.90630778703665,-0.42261826174069916,12.1,82,752.0,7.2,-0.8290375725550418,-0.5591929034707466,12.6,80,862.0,8.1,-0.9455185755993168,-0.32556815445715664,12.2,81,807.0,7.9,-0.8571673007021121,-0.5150380749100544,5.649999999999999,open-meteo,2026-08-08T09:50:20+00:00
2026-05-17 13:00:00+00:00,BE,offshore,12.6,83,652.0,7.6,-0.8910065241883678,-0.45399049973954697,12.1,86,665.0,6.4,-0.7313537016191703,-0.6819983600624986,12.6,84,652.0,5.8,-0.9986295347545738,-0.052335956242944306,12.2,85,691.0,6.2,-0.913545457642601,-0.4067366430758001,5.625,open-meteo,2026-08-08T09:50:20+00:00
2026-05-17 14:00:00+00:00,BE,offshore,12.6,85,650.0,8.1,-0.913545457642601,-0.4067366430758001,12.2,89,677.0,7.6,-0.8191520442889916,-0.5735764363510464,12.8,86,526.0,7.0,-0.9563047559630353,-0.2923717047227371,12.4,88,646.0,6.6,-0.8571673007021121,-0.5150380749100544,5.500000000000002,open-meteo,2026-08-08T09:50:20+00:00
2026-05-17 15:00:00+00:00,BE,offshore,12.7,85,452.0,8.9,-0.882947592858927,-0.46947156278589075,12.1,90,449.0,7.2,-0.8571673007021121,-0.5150380749100544,12.7,85,548.0,6.8,-0.9743700647852351,-0.22495105434386525,12.2,89,517.0,6.6,-0.882947592858927,-0.46947156278589075,5.574999999999999,open-meteo,2026-08-08T09:50:20+00:00
2026-05-17 16:00:00+00:00,BE,offshore,12.7,82,303.0,8.9,-0.9455185755993168,-0.32556815445715664,12.2,87,231.0,7.3,-0.7771459614569706,-0.6293203910498378,12.6,83,278.0,6.0,-0.9998476951563913,-0.017452406437283498,12.2,88,310.0,6.3,-0.8090169943749473,-0.5877852522924732,5.574999999999999,open-meteo,2026-08-08T09:50:20+00:00
2026-05-17 17:00:00+00:00,BE,offshore,12.7,82,245.0,7.2,-0.848048096156426,-0.529919264233205,12.2,87,232.0,7.4,-0.5446390350150271,-0.838670567945424,12.7,81,194.0,5.8,-0.984807753012208,-0.17364817766693033,12.2,89,223.0,5.8,-0.656059028990507,-0.7547095802227721,5.550000000000001,open-meteo,2026-08-08T09:50:20+00:00
2026-05-17 18:00:00+00:00,BE,offshore,12.6,84,161.0,9.2,-0.8191520442889916,-0.5735764363510464,12.2,88,140.0,8.0,-0.6018150231520484,-0.7986355100472928,12.7,82,129.0,7.3,-0.961261695938319,-0.2756373558169989,12.3,88,143.0,6.2,-0.6156614753256582,-0.788010753606722,5.550000000000001,open-meteo,2026-08-08T09:50:20+00:00
2026-05-17 19:00:00+00:00,BE,offshore,12.8,77,87.0,10.2,-0.7071067811865475,-0.7071067811865477,12.4,86,59.0,9.5,-0.5446390350150271,-0.838670567945424,12.9,80,67.0,8.7,-0.90630778703665,-0.42261826174069916,12.4,88,59.0,7.6,-0.5446390350150271,-0.838670567945424,5.375,open-meteo,2026-08-08T09:50:20+00:00
2026-05-17 20:00:00+00:00,BE,offshore,12.9,80,9.0,9.7,-0.7193398003386512,-0.6946583704589973,12.3,86,3.0,10.7,-0.5299192642332048,-0.8480480961564261,12.9,84,6.0,6.7,-0.7986355100472928,-0.6018150231520483,12.4,88,4.0,7.7,-0.6819983600624984,-0.7313537016191706,5.375,open-meteo,2026-08-08T09:50:20+00:00
2026-05-17 21:00:00+00:00,BE,offshore,12.7,84,0.0,10.3,-0.6156614753256582,-0.788010753606722,12.4,89,0.0,11.2,-0.6293203910498376,-0.7771459614569708,12.3,86,0.0,7.5,0.10452846326765373,-0.9945218953682733,12.3,88,0.0,9.6,-0.5591929034707467,-0.8290375725550418,5.574999999999999,open-meteo,2026-08-08T09:50:20+00:00
2026-05-17 22:00:00+00:00,BE,offshore,12.6,80,0.0,10.4,-0.39073112848927355,-0.9205048534524404,12.5,88,0.0,10.4,-0.4226182617406993,-0.90630778703665,12.0,90,0.0,6.7,-0.0348994967025009,-0.9993908270190958,12.2,88,0.0,10.0,0.2923717047227366,-0.9563047559630355,5.675000000000001,open-meteo,2026-08-08T09:50:20+00:00
2026-05-17 23:00:00+00:00,BE,offshore,12.5,86,0.0,11.1,-0.7193398003386512,-0.6946583704589973,12.5,89,0.0,7.2,-0.874619707139396,-0.48480962024633684,12.3,80,0.0,8.9,-0.587785252292473,-0.8090169943749475,12.5,84,0.0,10.1,-0.4539904997395467,-0.8910065241883679,5.550000000000001,open-meteo,2026-08-08T09:50:20+00:00
2026-05-18 00:00:00+00:00,BE,offshore,12.7,83,0.0,9.2,-0.882947592858927,-0.46947156278589075,11.8,88,0.0,5.8,-0.9781476007338056,0.20791169081775945,12.2,86,0.0,8.6,-0.6946583704589974,-0.7193398003386511,12.3,90,0.0,8.2,-0.7880107536067221,-0.6156614753256581,5.75,open-meteo,2026-08-08T09:50:20+00:00
2026-05-18 01:00:00+00:00,BE,offshore,12.5,85,0.0,7.1,-0.9396926207859084,-0.34202014332566855,11.8,88,0.0,6.6,-0.9563047559630354,0.2923717047227367,12.1,88,0.0,9.9,-0.7313537016191703,-0.6819983600624986,12.6,87,0.0,9.3,-0.6293203910498376,-0.7771459614569708,5.75,open-meteo,2026-08-08T09:50:20+00:00
2026-05-18 02:00:00+00:00,BE,offshore,12.2,82,0.0,6.9,-0.9205048534524403,-0.3907311284892738,11.8,90,0.0,4.6,-0.9975640502598242,-0.06975647374412558,12.5,82,0.0,7.8,-0.9335804264972015,-0.3583679495453007,11.9,86,0.0,5.9,-0.9612616959383188,0.2756373558169994,5.9,open-meteo,2026-08-08T09:50:20+00:00
2026-05-18 03:00:00+00:00,BE,offshore,11.7,79,0.0,7.0,-0.9702957262759965,-0.24192189559966779,11.3,83,0.0,5.7,-0.9993908270190958,-0.03489949670250076,12.0,82,0.0,5.1,-0.9902680687415703,-0.13917310096006583,11.4,88,0.0,3.9,-0.9961946980917455,-0.08715574274765825,6.4,open-meteo,2026-08-08T09:50:20+00:00
2026-05-18 04:00:00+00:00,BE,offshore,11.4,81,0.0,7.4,-0.984807753012208,-0.17364817766693033,11.4,85,0.0,7.9,-0.9876883405951377,-0.15643446504023104,11.6,86,0.0,7.7,-0.9781476007338056,-0.2079116908177598,11.5,88,0.0,6.7,-0.9743700647852351,-0.22495105434386525,6.525,open-meteo,2026-08-08T09:50:20+00:00
2026-05-18 05:00:00+00:00,BE,offshore,11.1,80,39.0,5.9,-0.984807753012208,-0.17364817766693033,11.3,84,22.0,6.9,-0.961261695938319,-0.2756373558169989,11.6,76,40.0,8.2,-0.9455185755993168,-0.32556815445715664,11.6,82,28.0,7.5,-0.9455185755993168,-0.32556815445715664,6.6,open-meteo,2026-08-08T09:50:20+00:00
2026-05-18 06:00:00+00:00,BE,offshore,11.0,82,148.0,6.4,-0.9510565162951535,-0.30901699437494756,11.4,81,163.0,6.6,-0.874619707139396,-0.48480962024633684,11.6,76,159.0,7.4,-0.8090169943749473,-0.5877852522924732,11.3,81,154.0,6.5,-0.8191520442889916,-0.5735764363510464,6.675000000000001,open-meteo,2026-08-08T09:50:20+00:00
2026-05-18 07:00:00+00:00,BE,offshore,11.8,76,300.0,5.4,-0.9205048534524403,-0.3907311284892738,11.6,80,312.0,5.5,-0.9510565162951535,-0.30901699437494756,10.8,88,325.0,7.0,-0.5446390350150271,-0.838670567945424,11.7,77,276.0,6.0,-0.9702957262759965,-0.24192189559966779,6.524999999999999,open-meteo,2026-08-08T09:50:20+00:00
2026-05-18 08:00:00+00:00,BE,offshore,11.7,73,282.0,6.2,-0.587785252292473,-0.8090169943749475,11.5,79,422.0,5.6,-0.754709580222772,-0.6560590289905073,11.5,83,299.0,7.0,-0.6427876096865393,-0.766044443118978,11.6,80,422.0,6.3,-0.8290375725550418,-0.5591929034707466,6.424999999999999,open-meteo,2026-08-08T09:50:20+00:00
2026-05-18 09:00:00+00:00,BE,offshore,11.3,80,129.0,7.4,-0.39073112848927355,-0.9205048534524404,11.5,77,414.0,7.3,-0.46947156278589086,-0.8829475928589269,11.2,82,516.0,8.6,-0.5299192642332048,-0.8480480961564261,11.7,76,525.0,8.6,-0.6819983600624984,-0.7313537016191706,6.574999999999999,open-meteo,2026-08-08T09:50:20+00:00
2026-05-18 10:00:00+00:00,BE,offshore,11.8,75,308.0,10.0,-0.7313537016191703,-0.6819983600624986,10.3,83,180.0,8.2,-0.5446390350150271,-0.838670567945424,12.3,70,400.0,6.1,-0.43837114678907746,-0.8987940462991669,11.9,74,153.0,7.9,-0.5735764363510462,-0.8191520442889918,6.424999999999999,open-meteo,2026-08-08T09:50:20+00:00
2026-05-18 11:00:00+00:00,BE,offshore,11.7,75,223.0,8.6,-0.7660444431189779,-0.6427876096865395,11.3,82,122.0,7.3,-0.6946583704589974,-0.7193398003386511,11.3,82,51.0,7.5,-0.6946583704589974,-0.7193398003386511,11.7,77,238.0,8.9,-0.6156614753256582,-0.788010753606722,6.5,open-meteo,2026-08-08T09:50:20+00:00
2026-05-18 12:00:00+00:00,BE,offshore,11.8,79,565.0,8.2,-0.7660444431189779,-0.6427876096865395,11.6,76,434.0,7.3,-0.6293203910498376,-0.7771459614569708,11.9,75,256.0,7.3,-0.8660254037844384,-0.5000000000000004,11.7,76,657.0,7.2,-0.754709580222772,-0.6560590289905073,6.25,open-meteo,2026-08-08T09:50:20+00:00
2026-05-18 13:00:00+00:00,BE,offshore,12.1,76,722.0,6.9,-0.848048096156426,-0.529919264233205,11.4,83,767.0,7.2,-0.5000000000000001,-0.8660254037844386,10.9,86,499.0,4.6,-0.5299192642332048,-0.8480480961564261,11.2,82,702.0,7.1,-0.43837114678907746,-0.8987940462991669,6.600000000000001,open-meteo,2026-08-08T09:50:20+00:00
2026-05-18 14:00:00+00:00,BE,offshore,12.1,72,665.0,9.0,-0.7313537016191703,-0.6819983600624986,11.6,78,683.0,8.3,-0.6946583704589974,-0.7193398003386511,11.9,65,759.0,7.6,-0.7313537016191703,-0.6819983600624986,11.8,77,358.0,8.0,-0.6293203910498376,-0.7771459614569708,6.149999999999999,open-meteo,2026-08-08T09:50:20+00:00
2026-05-18 15:00:00+00:00,BE,offshore,11.6,69,657.0,9.6,-0.8290375725550418,-0.5591929034707466,11.0,78,643.0,7.3,-0.7771459614569706,-0.6293203910498378,11.9,76,674.0,8.5,-0.8987940462991668,-0.43837114678907774,11.4,76,693.0,6.8,-0.8660254037844384,-0.5000000000000004,6.525,open-meteo,2026-08-08T09:50:20+00:00
2026-05-18 16:00:00+00:00,BE,offshore,12.3,78,541.0,9.3,-0.8571673007021121,-0.5150380749100544,11.8,80,539.0,8.9,-0.6691306063588582,-0.7431448254773942,12.5,71,558.0,8.7,-0.8660254037844384,-0.5000000000000004,12.0,79,563.0,7.9,-0.7771459614569706,-0.6293203910498378,5.85,open-meteo,2026-08-08T09:50:20+00:00
2026-05-18 17:00:00+00:00,BE,offshore,12.4,72,399.0,9.6,-0.7880107536067221,-0.6156614753256581,12.1,82,401.0,7.5,-0.6819983600624984,-0.7313537016191706,12.5,71,402.0,8.6,-0.8660254037844384,-0.5000000000000004,12.3,76,398.0,8.1,-0.7193398003386512,-0.6946583704589973,5.675000000000001,open-meteo,2026-08-08T09:50:20+00:00
2026-05-18 18:00:00+00:00,BE,offshore,12.3,70,249.0,10.6,-0.7660444431189779,-0.6427876096865395,12.0,77,246.0,10.4,-0.6946583704589974,-0.7193398003386511,12.5,70,246.0,9.3,-0.913545457642601,-0.4067366430758001,12.1,78,237.0,8.5,-0.656059028990507,-0.7547095802227721,5.775,open-meteo,2026-08-08T09:50:20+00:00
2026-05-18 19:00:00+00:00,BE,offshore,12.6,72,106.0,10.1,-0.7880107536067221,-0.6156614753256581,12.2,81,89.0,10.9,-0.656059028990507,-0.7547095802227721,12.8,68,103.0,7.9,-0.9271838545667873,-0.3746065934159123,12.3,80,103.0,8.6,-0.6018150231520484,-0.7986355100472928,5.525000000000002,open-meteo,2026-08-08T09:50:20+00:00
2026-05-18 20:00:00+00:00,BE,offshore,12.5,71,11.0,8.7,-0.6691306063588582,-0.7431448254773942,12.0,79,12.0,9.9,-0.6156614753256582,-0.788010753606722,12.9,67,10.0,7.8,-0.7313537016191703,-0.6819983600624986,12.2,76,11.0,8.7,-0.6691306063588582,-0.7431448254773942,5.600000000000001,open-meteo,2026-08-08T09:50:20+00:00
2026-05-18 21:00:00+00:00,BE,offshore,12.6,69,0.0,8.2,-0.587785252292473,-0.8090169943749475,11.9,78,0.0,9.7,-0.5299192642332048,-0.8480480961564261,12.6,72,0.0,6.8,-0.8191520442889916,-0.5735764363510464,12.4,69,0.0,10.3,-0.6427876096865393,-0.766044443118978,5.625,open-meteo,2026-08-08T09:50:20+00:00
2026-05-18 22:00:00+00:00,BE,offshore,12.9,62,0.0,7.1,-0.34202014332566866,-0.9396926207859084,12.2,77,0.0,9.0,-0.43837114678907746,-0.8987940462991669,12.1,85,0.0,4.2,-0.06975647374412527,-0.9975640502598242,12.6,70,0.0,9.0,-0.656059028990507,-0.7547095802227721,5.549999999999999,open-meteo,2026-08-08T09:50:20+00:00
2026-05-18 23:00:00+00:00,BE,offshore,12.5,68,0.0,7.8,-0.0348994967025009,-0.9993908270190958,12.2,74,0.0,9.1,-0.29237170472273677,-0.9563047559630354,12.1,75,0.0,6.9,-0.2079116908177595,-0.9781476007338056,12.4,71,0.0,8.3,-0.29237170472273677,-0.9563047559630354,5.700000000000001,open-meteo,2026-08-08T09:50:20+00:00
2026-05-19 00:00:00+00:00,BE,offshore,12.3,71,0.0,7.9,0.05233595624294381,-0.9986295347545738,12.2,72,0.0,9.1,-0.1045284632676535,-0.9945218953682733,12.1,73,0.0,6.5,0.17364817766693028,-0.984807753012208,12.5,66,0.0,8.7,-0.22495105434386498,-0.9743700647852352,5.725,open-meteo,2026-08-08T09:50:20+00:00
2026-05-19 01:00:00+00:00,BE,offshore,11.5,80,0.0,9.0,0.13917310096006533,-0.9902680687415704,12.2,71,0.0,9.1,0.17364817766693028,-0.984807753012208,11.6,80,0.0,8.7,0.2249510543438652,-0.9743700647852351,12.3,70,0.0,7.9,0.15643446504023098,-0.9876883405951377,6.100000000000001,open-meteo,2026-08-08T09:50:20+00:00
2026-05-19 02:00:00+00:00,BE,offshore,11.5,84,0.0,10.4,0.01745240643728344,-0.9998476951563913,12.2,70,0.0,11.4,0.12186934340514755,-0.992546151641322,11.0,86,0.0,9.9,-0.017452406437283637,-0.9998476951563913,12.3,71,0.0,10.6,0.17364817766693028,-0.984807753012208,6.25,open-meteo,2026-08-08T09:50:20+00:00
2026-05-19 03:00:00+00:00,BE,offshore,11.1,87,0.0,10.4,0.13917310096006533,-0.9902680687415704,11.8,84,0.0,11.0,0.13917310096006533,-0.9902680687415704,10.9,87,0.0,10.1,0.12186934340514755,-0.992546151641322,11.8,86,0.0,10.5,0.10452846326765373,-0.9945218953682733,6.600000000000001,open-meteo,2026-08-08T09:50:20+00:00
2026-05-19 04:00:00+00:00,BE,offshore,11.1,87,0.0,10.2,0.12186934340514755,-0.992546151641322,11.8,85,0.0,10.4,0.12186934340514755,-0.992546151641322,10.7,88,0.0,9.9,0.17364817766693028,-0.984807753012208,11.8,84,0.0,10.0,0.0871557427476582,-0.9961946980917455,6.650000000000002,open-meteo,2026-08-08T09:50:20+00:00
2026-05-19 05:00:00+00:00,BE,offshore,11.2,89,5.0,10.1,0.06975647374412552,-0.9975640502598242,11.6,89,8.0,10.6,1.2246467991473532e-16,-1.0,10.9,89,9.0,9.3,0.06975647374412552,-0.9975640502598242,11.5,87,12.0,10.5,-0.0348994967025009,-0.9993908270190958,6.700000000000001,open-meteo,2026-08-08T09:50:20+00:00
2026-05-19 06:00:00+00:00,BE,offshore,11.3,91,18.0,10.2,0.10452846326765373,-0.9945218953682733,11.7,91,31.0,10.9,0.0871557427476582,-0.9961946980917455,11.1,91,39.0,9.9,0.12186934340514755,-0.992546151641322,11.7,90,50.0,10.6,0.10452846326765373,-0.9945218953682733,6.550000000000001,open-meteo,2026-08-08T09:50:20+00:00
2026-05-19 07:00:00+00:00,BE,offshore,11.7,88,21.0,9.8,0.19080899537654497,-0.9816271834476639,11.9,88,56.0,10.9,0.17364817766693028,-0.984807753012208,11.4,88,28.0,9.1,0.20791169081775931,-0.9781476007338057,11.8,89,50.0,10.2,0.17364817766693028,-0.984807753012208,6.300000000000001,open-meteo,2026-08-08T09:50:20+00:00
2026-05-19 08:00:00+00:00,BE,offshore,11.8,88,93.0,11.5,0.3090169943749475,-0.9510565162951535,11.8,89,101.0,12.6,0.20791169081775931,-0.9781476007338057,11.5,89,225.0,9.8,0.3420201433256689,-0.9396926207859083,11.7,89,217.0,12.3,0.2249510543438652,-0.9743700647852351,6.300000000000001,open-meteo,2026-08-08T09:50:20+00:00
2026-05-19 09:00:00+00:00,BE,offshore,11.8,90,23.0,12.5,0.2249510543438652,-0.9743700647852351,11.8,90,38.0,13.1,0.2249510543438652,-0.9743700647852351,11.8,90,40.0,11.2,0.20791169081775931,-0.9781476007338057,11.9,89,56.0,12.9,0.12186934340514755,-0.992546151641322,6.174999999999999,open-meteo,2026-08-08T09:50:20+00:00
2026-05-19 10:00:00+00:00,BE,offshore,12.2,89,18.0,13.2,0.17364817766693028,-0.984807753012208,12.1,89,24.0,14.3,0.13917310096006533,-0.9902680687415704,12.4,88,30.0,11.8,0.19080899537654497,-0.9816271834476639,12.5,87,39.0,13.6,0.17364817766693028,-0.984807753012208,5.700000000000001,open-meteo,2026-08-08T09:50:20+00:00
2026-05-19 11:00:00+00:00,BE,offshore,12.3,89,24.0,13.9,0.13917310096006533,-0.9902680687415704,12.2,91,26.0,14.5,0.13917310096006533,-0.9902680687415704,12.3,89,53.0,13.0,0.20791169081775931,-0.9781476007338057,12.4,89,26.0,14.8,0.2249510543438652,-0.9743700647852351,5.700000000000001,open-meteo,2026-08-08T09:50:20+00:00
2026-05-19 12:00:00+00:00,BE,offshore,12.3,90,27.0,14.0,0.01745240643728344,-0.9998476951563913,12.2,91,21.0,15.0,0.05233595624294381,-0.9986295347545738,12.3,90,25.0,13.1,0.06975647374412552,-0.9975640502598242,12.4,90,19.0,14.2,0.10452846326765373,-0.9945218953682733,5.700000000000001,open-meteo,2026-08-08T09:50:20+00:00
2026-05-19 13:00:00+00:00,BE,offshore,12.5,90,61.0,14.2,0.03489949670250114,-0.9993908270190958,12.5,91,27.0,15.5,0.05233595624294381,-0.9986295347545738,12.6,90,50.0,13.0,0.0871557427476582,-0.9961946980917455,12.6,90,16.0,15.0,0.05233595624294381,-0.9986295347545738,5.449999999999999,open-meteo,2026-08-08T09:50:20+00:00
2026-05-19 14:00:00+00:00,BE,offshore,12.8,91,24.0,13.9,-0.0348994967025009,-0.9993908270190958,12.6,91,75.0,14.9,-0.052335956242943564,-0.9986295347545738,13.0,91,22.0,13.0,1.2246467991473532e-16,-1.0,12.8,91,18.0,14.6,-0.052335956242943564,-0.9986295347545738,5.199999999999999,open-meteo,2026-08-08T09:50:20+00:00
2026-05-19 15:00:00+00:00,BE,offshore,13.2,93,26.0,13.2,0.01745240643728344,-0.9998476951563913,12.8,93,32.0,14.9,0.03489949670250114,-0.9993908270190958,13.1,90,17.0,13.0,-0.017452406437283637,-0.9998476951563913,12.9,91,17.0,14.8,0.01745240643728344,-0.9998476951563913,5.0,open-meteo,2026-08-08T09:50:20+00:00
2026-05-19 16:00:00+00:00,BE,offshore,13.0,91,23.0,14.1,-0.017452406437283637,-0.9998476951563913,12.7,92,21.0,15.8,-0.017452406437283637,-0.9998476951563913,13.0,90,15.0,12.9,-0.017452406437283637,-0.9998476951563913,12.9,91,15.0,15.1,-0.052335956242943564,-0.9986295347545738,5.1,open-meteo,2026-08-08T09:50:20+00:00
2026-05-19 17:00:00+00:00,BE,offshore,13.0,93,54.0,12.5,1.2246467991473532e-16,-1.0,12.6,93,67.0,14.9,-0.017452406437283637,-0.9998476951563913,13.1,91,129.0,11.9,-0.0348994967025009,-0.9993908270190958,12.8,92,58.0,14.6,1.2246467991473532e-16,-1.0,5.125,open-meteo,2026-08-08T09:50:20+00:00
2026-05-19 18:00:00+00:00,BE,offshore,13.3,93,19.0,12.7,-0.0348994967025009,-0.9993908270190958,13.0,94,204.0,13.2,-0.052335956242943564,-0.9986295347545738,13.5,92,25.0,11.7,-0.1045284632676535,-0.9945218953682733,13.2,93,60.0,13.0,-0.08715574274765794,-0.9961946980917455,4.75,open-meteo,2026-08-08T09:50:20+00:00
2026-05-19 19:00:00+00:00,BE,offshore,13.3,93,51.0,10.9,-0.0348994967025009,-0.9993908270190958,13.1,92,25.0,12.8,-0.19080899537654472,-0.981627183447664,13.5,92,32.0,10.5,-0.0348994967025009,-0.9993908270190958,13.3,92,42.0,11.4,-0.017452406437283637,-0.9998476951563913,4.699999999999999,open-meteo,2026-08-08T09:50:20+00:00
2026-05-19 20:00:00+00:00,BE,offshore,13.7,92,1.0,11.9,-0.5150380749100542,-0.8571673007021123,13.2,93,3.0,13.7,-0.3090169943749473,-0.9510565162951536,13.5,95,2.0,10.2,-0.19080899537654472,-0.981627183447664,13.4,93,1.0,13.3,-0.08715574274765794,-0.9961946980917455,4.550000000000001,open-meteo,2026-08-08T09:50:20+00:00
2026-05-19 21:00:00+00:00,BE,offshore,13.5,94,0.0,12.2,-0.6018150231520484,-0.7986355100472928,13.1,94,0.0,14.8,-0.43837114678907746,-0.8987940462991669,13.5,94,0.0,12.1,-0.29237170472273677,-0.9563047559630354,13.3,94,0.0,14.7,-0.34202014332566866,-0.9396926207859084,4.649999999999999,open-meteo,2026-08-08T09:50:20+00:00
2026-05-19 22:00:00+00:00,BE,offshore,13.5,90,0.0,13.3,-0.5000000000000001,-0.8660254037844386,13.0,90,0.0,13.9,-0.5299192642332048,-0.8480480961564261,13.4,94,0.0,12.1,-0.39073112848927355,-0.9205048534524404,13.1,93,0.0,13.1,-0.4539904997395467,-0.8910065241883679,4.75,open-meteo,2026-08-08T09:50:20+00:00
2026-05-19 23:00:00+00:00,BE,offshore,13.3,94,0.0,13.5,-0.4539904997395467,-0.8910065241883679,13.2,91,0.0,15.3,-0.587785252292473,-0.8090169943749475,13.3,95,0.0,12.5,-0.32556815445715676,-0.9455185755993167,13.5,91,0.0,14.7,-0.5446390350150271,-0.838670567945424,4.675000000000001,open-meteo,2026-08-08T09:50:20+00:00
2026-05-20 00:00:00+00:00,BE,offshore,13.2,90,0.0,13.5,-0.5299192642332048,-0.8480480961564261,12.9,90,0.0,14.5,-0.43837114678907746,-0.8987940462991669,13.4,90,0.0,13.0,-0.46947156278589086,-0.8829475928589269,13.2,93,0.0,14.0,-0.374606593415912,-0.9271838545667874,4.824999999999999,open-meteo,2026-08-08T09:50:20+00:00
2026-05-20 01:00:00+00:00,BE,offshore,13.1,89,0.0,14.6,-0.6018150231520484,-0.7986355100472928,12.8,91,0.0,13.7,-0.6819983600624984,-0.7313537016191706,13.4,87,0.0,13.3,-0.5446390350150271,-0.838670567945424,13.1,88,0.0,14.4,-0.48480962024633695,-0.8746197071393959,4.9,open-meteo,2026-08-08T09:50:20+00:00
2026-05-20 02:00:00+00:00,BE,offshore,13.4,88,0.0,15.0,-0.7313537016191703,-0.6819983600624986,13.0,91,0.0,16.0,-0.6691306063588582,-0.7431448254773942,13.5,87,0.0,13.8,-0.6819983600624984,-0.7313537016191706,13.3,89,0.0,16.2,-0.656059028990507,-0.7547095802227721,4.699999999999999,open-meteo,2026-08-08T09:50:20+00:00
2026-05-20 03:00:00+00:00,BE,offshore,13.4,90,0.0,17.0,-0.7660444431189779,-0.6427876096865395,13.0,91,0.0,16.7,-0.6819983600624984,-0.7313537016191706,13.5,89,0.0,14.6,-0.7431448254773944,-0.6691306063588581,13.1,90,0.0,15.2,-0.6427876096865393,-0.766044443118978,4.75,open-meteo,2026-08-08T09:50:20+00:00
2026-05-20 04:00:00+00:00,BE,offshore,13.4,90,0.0,15.4,-0.6946583704589974,-0.7193398003386511,13.1,91,0.0,14.8,-0.6691306063588582,-0.7431448254773942,13.7,87,0.0,16.2,-0.7771459614569706,-0.6293203910498378,13.2,90,0.0,15.4,-0.7071067811865475,-0.7071067811865477,4.649999999999999,open-meteo,2026-08-08T09:50:20+00:00
2026-05-20 05:00:00+00:00,BE,offshore,13.0,92,4.0,14.3,-0.7313537016191703,-0.6819983600624986,12.8,93,6.0,14.3,-0.656059028990507,-0.7547095802227721,12.9,93,17.0,12.2,-0.6156614753256582,-0.788010753606722,12.9,92,17.0,15.7,-0.6946583704589974,-0.7193398003386511,5.1,open-meteo,2026-08-08T09:50:20+00:00
2026-05-20 06:00:00+00:00,BE,offshore,13.0,90,55.0,15.2,-0.7431448254773944,-0.6691306063588581,12.4,93,98.0,13.5,-0.7071067811865475,-0.7071067811865477,13.1,90,32.0,12.2,-0.6946583704589974,-0.7193398003386511,12.7,92,7.0,15.6,-0.7313537016191703,-0.6819983600624986,5.199999999999999,open-meteo,2026-08-08T09:50:20+00:00
2026-05-20 07:00:00+00:00,BE,offshore,12.9,89,195.0,15.8,-0.7880107536067221,-0.6156614753256581,12.7,89,104.0,14.3,-0.7071067811865475,-0.7071067811865477,13.2,88,85.0,15.1,-0.7880107536067221,-0.6156614753256581,12.8,91,35.0,14.3,-0.7431448254773944,-0.6691306063588581,5.100000000000001,open-meteo,2026-08-08T09:50:20+00:00
2026-05-20 08:00:00+00:00,BE,offshore,13.0,91,273.0,13.9,-0.7771459614569706,-0.6293203910498378,12.8,92,344.0,14.1,-0.7313537016191703,-0.6819983600624986,13.4,88,180.0,13.9,-0.7880107536067221,-0.6156614753256581,12.9,92,214.0,15.3,-0.754709580222772,-0.6560590289905073,4.975,open-meteo,2026-08-08T09:50:20+00:00
2026-05-20 09:00:00+00:00,BE,offshore,13.0,90,539.0,13.4,-0.8090169943749473,-0.5877852522924732,12.8,90,624.0,11.6,-0.7660444431189779,-0.6427876096865395,13.2,88,623.0,13.9,-0.8090169943749473,-0.5877852522924732,12.9,90,626.0,13.1,-0.7660444431189779,-0.6427876096865395,5.025,open-meteo,2026-08-08T09:50:20+00:00
2026-05-20 10:00:00+00:00,BE,offshore,13.0,88,543.0,14.1,-0.7986355100472928,-0.6018150231520483,12.9,88,698.0,13.0,-0.8191520442889916,-0.5735764363510464,13.2,86,590.0,15.2,-0.848048096156426,-0.529919264233205,13.0,89,669.0,13.4,-0.8191520442889916,-0.5735764363510464,4.975000000000001,open-meteo,2026-08-08T09:50:20+00:00
2026-05-20 11:00:00+00:00,BE,offshore,12.9,89,828.0,15.1,-0.8090169943749473,-0.5877852522924732,12.8,92,698.0,13.7,-0.7431448254773944,-0.6691306063588581,13.1,86,828.0,15.6,-0.848048096156426,-0.529919264233205,12.8,92,577.0,13.5,-0.7880107536067221,-0.6156614753256581,5.099999999999998,open-meteo,2026-08-08T09:50:20+00:00
2026-05-20 12:00:00+00:00,BE,offshore,13.3,88,863.0,14.5,-0.8191520442889916,-0.5735764363510464,13.1,90,844.0,13.7,-0.7313537016191703,-0.6819983600624986,13.5,85,862.0,14.2,-0.874619707139396,-0.48480962024633684,13.2,90,860.0,13.5,-0.7660444431189779,-0.6427876096865395,4.725000000000001,open-meteo,2026-08-08T09:50:20+00:00
2026-05-20 13:00:00+00:00,BE,offshore,13.6,85,452.0,15.0,-0.7986355100472928,-0.6018150231520483,13.2,85,839.0,14.9,-0.7193398003386512,-0.6946583704589973,13.8,80,837.0,14.4,-0.8987940462991668,-0.43837114678907774,13.3,87,844.0,14.3,-0.7771459614569706,-0.6293203910498378,4.525000000000002,open-meteo,2026-08-08T09:50:20+00:00
2026-05-20 14:00:00+00:00,BE,offshore,13.2,88,159.0,13.6,-0.7431448254773944,-0.6691306063588581,12.8,89,176.0,14.9,-0.6946583704589974,-0.7193398003386511,13.7,79,571.0,15.8,-0.848048096156426,-0.529919264233205,12.8,88,456.0,14.1,-0.754709580222772,-0.6560590289905073,4.875,open-meteo,2026-08-08T09:50:20+00:00
2026-05-20 15:00:00+00:00,BE,offshore,13.4,88,691.0,11.4,-0.7986355100472928,-0.6018150231520483,13.1,88,531.0,15.0,-0.6946583704589974,-0.7193398003386511,13.8,80,668.0,16.4,-0.8660254037844384,-0.5000000000000004,13.2,88,687.0,12.5,-0.7313537016191703,-0.6819983600624986,4.625,open-meteo,2026-08-08T09:50:20+00:00
2026-05-20 16:00:00+00:00,BE,offshore,13.1,93,554.0,15.3,-0.7660444431189779,-0.6427876096865395,13.0,92,208.0,15.9,-0.7071067811865475,-0.7071067811865477,13.6,87,372.0,15.0,-0.8191520442889916,-0.5735764363510464,13.1,91,219.0,12.7,-0.7771459614569706,-0.6293203910498378,4.799999999999999,open-meteo,2026-08-08T09:50:20+00:00
2026-05-20 17:00:00+00:00,BE,offshore,12.9,94,159.0,16.0,-0.754709580222772,-0.6560590289905073,12.8,94,404.0,15.0,-0.7071067811865475,-0.7071067811865477,13.4,91,228.0,16.1,-0.8090169943749473,-0.5877852522924732,13.0,93,314.0,14.4,-0.754709580222772,-0.6560590289905073,4.975,open-meteo,2026-08-08T09:50:20+00:00
2026-05-20 18:00:00+00:00,BE,offshore,13.1,93,218.0,14.7,-0.7431448254773944,-0.6691306063588581,13.0,94,184.0,14.6,-0.6691306063588582,-0.7431448254773942,13.5,90,245.0,13.5,-0.7771459614569706,-0.6293203910498378,13.0,94,169.0,13.6,-0.6691306063588582,-0.7431448254773942,4.85,open-meteo,2026-08-08T09:50:20+00:00
2026-05-20 19:00:00+00:00,BE,offshore,13.2,93,94.0,15.0,-0.8290375725550418,-0.5591929034707466,13.1,94,106.0,14.0,-0.7660444431189779,-0.6427876096865395,14.1,88,98.0,14.1,-0.848048096156426,-0.529919264233205,13.3,94,96.0,14.7,-0.7660444431189779,-0.6427876096865395,4.574999999999999,open-meteo,2026-08-08T09:50:20+00:00
2026-05-20 20:00:00+00:00,BE,offshore,13.3,92,13.0,13.9,-0.8191520442889916,-0.5735764363510464,13.1,93,14.0,12.9,-0.754709580222772,-0.6560590289905073,14.0,88,12.0,13.4,-0.7880107536067221,-0.6156614753256581,13.2,93,12.0,13.0,-0.7986355100472928,-0.6018150231520483,4.600000000000001,open-meteo,2026-08-08T09:50:20+00:00
2026-05-20 21:00:00+00:00,BE,offshore,13.2,92,0.0,14.8,-0.8386705679454242,-0.544639035015027,13.2,93,0.0,14.0,-0.8090169943749473,-0.5877852522924732,13.6,89,0.0,13.6,-0.8571673007021121,-0.5150380749100544,13.1,94,0.0,13.3,-0.7986355100472928,-0.6018150231520483,4.725,open-meteo,2026-08-08T09:50:20+00:00
2026-05-20 22:00:00+00:00,BE,offshore,13.1,91,0.0,13.5,-0.8290375725550418,-0.5591929034707466,13.2,93,0.0,13.0,-0.8987940462991668,-0.43837114678907774,13.3,90,0.0,14.2,-0.882947592858927,-0.46947156278589075,13.1,92,0.0,13.6,-0.8660254037844384,-0.5000000000000004,4.825000000000001,open-meteo,2026-08-08T09:50:20+00:00
2026-05-20 23:00:00+00:00,BE,offshore,13.0,91,0.0,12.6,-0.874619707139396,-0.48480962024633684,13.0,93,0.0,13.1,-0.9271838545667873,-0.3746065934159123,13.2,90,0.0,12.9,-0.882947592858927,-0.46947156278589075,13.1,92,0.0,14.0,-0.90630778703665,-0.42261826174069916,4.924999999999999,open-meteo,2026-08-08T09:50:20+00:00
2026-05-21 00:00:00+00:00,BE,offshore,13.1,92,0.0,11.4,-0.913545457642601,-0.4067366430758001,13.1,93,0.0,11.6,-0.9563047559630353,-0.2923717047227371,13.3,90,0.0,12.0,-0.8910065241883678,-0.45399049973954697,13.1,92,0.0,11.5,-0.9455185755993168,-0.32556815445715664,4.85,open-meteo,2026-08-08T09:50:20+00:00
2026-05-21 01:00:00+00:00,BE,offshore,13.0,94,0.0,9.6,-0.90630778703665,-0.42261826174069916,13.2,93,0.0,11.1,-1.0,-1.8369701987210297e-16,13.1,93,0.0,9.9,-0.882947592858927,-0.46947156278589075,13.1,93,0.0,10.6,-0.9945218953682734,-0.10452846326765336,4.9,open-meteo,2026-08-08T09:50:20+00:00
2026-05-21 02:00:00+00:00,BE,offshore,13.0,93,0.0,10.0,-0.8290375725550418,-0.5591929034707466,12.9,93,0.0,8.3,-0.90630778703665,-0.42261826174069916,13.1,91,0.0,9.4,-0.8386705679454242,-0.544639035015027,13.0,93,0.0,9.0,-0.882947592858927,-0.46947156278589075,5.0,open-meteo,2026-08-08T09:50:20+00:00
2026-05-21 03:00:00+00:00,BE,offshore,13.0,94,0.0,8.9,-0.7880107536067221,-0.6156614753256581,13.0,94,0.0,9.0,-0.8987940462991668,-0.43837114678907774,13.0,93,0.0,8.8,-0.7771459614569706,-0.6293203910498378,13.0,95,0.0,8.8,-0.8910065241883678,-0.45399049973954697,5.0,open-meteo,2026-08-08T09:50:20+00:00
2026-05-21 04:00:00+00:00,BE,offshore,13.0,94,0.0,10.4,-0.8191520442889916,-0.5735764363510464,12.9,95,0.0,9.3,-0.7313537016191703,-0.6819983600624986,13.0,93,0.0,9.4,-0.8386705679454242,-0.544639035015027,13.0,95,0.0,9.6,-0.7771459614569706,-0.6293203910498378,5.025,open-meteo,2026-08-08T09:50:20+00:00
2026-05-21 05:00:00+00:00,BE,offshore,12.9,93,39.0,8.9,-0.874619707139396,-0.48480962024633684,12.7,92,24.0,9.3,-0.7986355100472928,-0.6018150231520483,12.9,91,16.0,8.5,-0.8660254037844384,-0.5000000000000004,12.9,93,22.0,8.2,-0.8386705679454242,-0.544639035015027,5.15,open-meteo,2026-08-08T09:50:20+00:00
2026-05-21 06:00:00+00:00,BE,offshore,13.0,93,155.0,8.8,-0.8660254037844384,-0.5000000000000004,12.7,95,105.0,6.9,-0.8290375725550418,-0.5591929034707466,13.0,93,130.0,7.9,-0.7771459614569706,-0.6293203910498378,12.8,95,74.0,7.4,-0.8386705679454242,-0.544639035015027,5.125,open-meteo,2026-08-08T09:50:20+00:00
2026-05-21 07:00:00+00:00,BE,offshore,13.1,94,302.0,9.2,-0.882947592858927,-0.46947156278589075,12.8,93,201.0,8.5,-0.8571673007021121,-0.5150380749100544,13.0,94,190.0,7.9,-0.882947592858927,-0.46947156278589075,12.9,94,117.0,8.2,-0.7880107536067221,-0.6156614753256581,5.050000000000001,open-meteo,2026-08-08T09:50:20+00:00
2026-05-21 08:00:00+00:00,BE,offshore,13.1,94,437.0,8.0,-0.882947592858927,-0.46947156278589075,12.5,92,414.0,6.6,-0.8090169943749473,-0.5877852522924732,13.0,92,432.0,6.3,-0.8290375725550418,-0.5591929034707466,12.6,92,374.0,6.2,-0.8571673007021121,-0.5150380749100544,5.199999999999999,open-meteo,2026-08-08T09:50:20+00:00
2026-05-21 09:00:00+00:00,BE,offshore,13.3,91,544.0,7.9,-0.7771459614569706,-0.6293203910498378,13.1,91,544.0,9.0,-0.8290375725550418,-0.5591929034707466,13.3,91,557.0,6.4,-0.7880107536067221,-0.6156614753256581,13.0,94,534.0,7.0,-0.754709580222772,-0.6560590289905073,4.824999999999999,open-meteo,2026-08-08T09:50:20+00:00
2026-05-21 10:00:00+00:00,BE,offshore,13.2,92,463.0,7.9,-0.8191520442889916,-0.5735764363510464,13.0,91,504.0,10.1,-0.7880107536067221,-0.6156614753256581,13.4,90,488.0,8.1,-0.8910065241883678,-0.45399049973954697,13.0,93,486.0,8.9,-0.8571673007021121,-0.5150380749100544,4.85,open-meteo,2026-08-08T09:50:20+00:00
2026-05-21 11:00:00+00:00,BE,offshore,13.3,91,746.0,7.4,-0.8290375725550418,-0.5591929034707466,13.0,93,708.0,9.2,-0.6427876096865393,-0.766044443118978,13.4,90,703.0,6.4,-0.7660444431189779,-0.6427876096865395,13.0,93,686.0,8.7,-0.7660444431189779,-0.6427876096865395,4.824999999999999,open-meteo,2026-08-08T09:50:20+00:00
2026-05-21 12:00:00+00:00,BE,offshore,13.6,87,788.0,7.7,-0.9455185755993168,-0.32556815445715664,13.0,89,663.0,10.6,-0.6691306063588582,-0.7431448254773942,13.4,89,827.0,7.1,-0.981627183447664,-0.1908089953765446,13.1,90,728.0,10.2,-0.7771459614569706,-0.6293203910498378,4.725,open-meteo,2026-08-08T09:50:20+00:00
2026-05-21 13:00:00+00:00,BE,offshore,13.7,89,755.0,6.5,-0.9335804264972015,-0.3583679495453007,13.4,89,743.0,11.4,-0.6293203910498376,-0.7771459614569708,13.9,86,765.0,6.6,-0.981627183447664,-0.1908089953765446,13.6,88,699.0,10.6,-0.7771459614569706,-0.6293203910498378,4.35,open-meteo,2026-08-08T09:50:20+00:00
2026-05-21 14:00:00+00:00,BE,offshore,13.8,90,751.0,6.5,-0.913545457642601,-0.4067366430758001,13.8,89,752.0,10.5,-0.754709580222772,-0.6560590289905073,13.9,87,706.0,4.8,-0.9876883405951377,-0.15643446504023104,13.5,90,744.0,8.9,-0.8090169943749473,-0.5877852522924732,4.25,open-meteo,2026-08-08T09:50:20+00:00
2026-05-21 15:00:00+00:00,BE,offshore,13.7,89,680.0,5.9,-0.9271838545667873,-0.3746065934159123,14.0,87,614.0,9.5,-0.8090169943749473,-0.5877852522924732,14.0,86,673.0,5.2,-0.9986295347545738,-0.052335956242944306,13.5,90,647.0,7.9,-0.8290375725550418,-0.5591929034707466,4.199999999999999,open-meteo,2026-08-08T09:50:20+00:00
2026-05-21 16:00:00+00:00,BE,offshore,14.1,87,525.0,4.2,-0.961261695938319,-0.2756373558169989,13.3,92,504.0,6.3,-0.7771459614569706,-0.6293203910498378,14.3,83,523.0,3.1,-0.9998476951563913,-0.017452406437283498,13.8,88,493.0,6.2,-0.8910065241883678,-0.45399049973954697,4.125,open-meteo,2026-08-08T09:50:20+00:00
2026-05-21 17:00:00+00:00,BE,offshore,14.1,89,303.0,4.6,-0.984807753012208,-0.17364817766693033,13.7,91,380.0,7.0,-0.7313537016191703,-0.6819983600624986,14.2,88,391.0,4.3,-0.9510565162951536,0.30901699437494723,14.0,89,328.0,5.5,-0.8090169943749473,-0.5877852522924732,4.0,open-meteo,2026-08-08T09:50:20+00:00
2026-05-21 18:00:00+00:00,BE,offshore,14.2,88,229.0,4.2,-0.9902680687415703,-0.13917310096006583,14.0,90,234.0,5.9,-0.6691306063588582,-0.7431448254773942,14.1,89,233.0,2.5,-0.9063077870366498,0.4226182617406996,14.1,88,232.0,4.6,-0.6156614753256582,-0.788010753606722,3.9000000000000004,open-meteo,2026-08-08T09:50:20+00:00
2026-05-21 19:00:00+00:00,BE,offshore,14.0,89,90.0,1.2,-0.8386705679454242,-0.544639035015027,14.0,89,97.0,5.0,-0.35836794954530043,-0.9335804264972016,14.1,90,89.0,0.4,-0.9945218953682734,0.10452846326765299,13.7,93,93.0,3.8,-0.32556815445715676,-0.9455185755993167,4.050000000000001,open-meteo,2026-08-08T09:50:20+00:00
2026-05-21 20:00:00+00:00,BE,offshore,13.7,93,14.0,2.2,-0.9455185755993168,-0.32556815445715664,14.0,89,14.0,5.7,-0.8090169943749473,-0.5877852522924732,14.0,92,12.0,0.9,-0.7193398003386512,0.6946583704589973,13.5,94,13.0,3.7,-0.7771459614569706,-0.6293203910498378,4.199999999999999,open-meteo,2026-08-08T09:50:20+00:00
2026-05-21 21:00:00+00:00,BE,offshore,14.0,91,0.0,2.8,-0.8660254037844384,-0.5000000000000004,13.6,92,0.0,7.5,-0.7771459614569706,-0.6293203910498378,15.0,81,0.0,0.4,0.6018150231520483,0.7986355100472928,13.7,93,0.0,4.8,-0.754709580222772,-0.6560590289905073,3.9250000000000007,open-meteo,2026-08-08T09:50:20+00:00
2026-05-21 22:00:00+00:00,BE,offshore,14.1,92,0.0,3.0,0.777145961456971,-0.6293203910498373,14.2,87,0.0,5.2,-0.35836794954530043,-0.9335804264972016,14.3,89,0.0,3.3,0.9612616959383189,-0.27563735581699905,13.8,93,0.0,4.1,-0.12186934340514731,-0.9925461516413221,3.900000000000002,open-meteo,2026-08-08T09:50:20+00:00
2026-05-21 23:00:00+00:00,BE,offshore,14.5,88,0.0,4.4,0.9271838545667874,-0.37460659341591207,14.0,90,0.0,3.7,-0.0348994967025009,-0.9993908270190958,14.2,91,0.0,5.7,0.8746197071393959,-0.484809620246337,13.8,93,0.0,2.6,0.3090169943749475,-0.9510565162951535,3.875,open-meteo,2026-08-08T09:50:20+00:00
2026-05-22 00:00:00+00:00,BE,offshore,14.9,85,0.0,6.5,0.6427876096865395,-0.7660444431189779,14.3,87,0.0,4.8,0.06975647374412552,-0.9975640502598242,14.9,85,0.0,5.7,0.5446390350150273,-0.8386705679454239,14.3,90,0.0,3.8,0.4226182617406995,-0.9063077870366499,3.3999999999999986,open-meteo,2026-08-08T09:50:20+00:00
2026-05-22 01:00:00+00:00,BE,offshore,14.7,87,0.0,8.9,0.3420201433256689,-0.9396926207859083,14.2,89,0.0,6.3,0.39073112848927377,-0.9205048534524404,14.7,89,0.0,9.6,0.40673664307580043,-0.9135454576426008,14.2,89,0.0,6.2,0.15643446504023098,-0.9876883405951377,3.5500000000000007,open-meteo,2026-08-08T09:50:20+00:00
2026-05-22 02:00:00+00:00,BE,offshore,14.6,89,0.0,10.1,0.2923717047227366,-0.9563047559630355,14.2,87,0.0,7.4,0.12186934340514755,-0.992546151641322,15.0,85,0.0,9.0,0.2923717047227366,-0.9563047559630355,14.2,88,0.0,7.5,0.03489949670250114,-0.9993908270190958,3.5,open-meteo,2026-08-08T09:50:20+00:00
2026-05-22 03:00:00+00:00,BE,offshore,14.9,85,0.0,11.0,0.4383711467890773,-0.898794046299167,14.3,89,0.0,10.4,0.19080899537654497,-0.9816271834476639,14.8,83,0.0,10.2,0.4226182617406995,-0.9063077870366499,14.4,88,0.0,9.4,0.19080899537654497,-0.9816271834476639,3.4000000000000004,open-meteo,2026-08-08T09:50:20+00:00
2026-05-22 04:00:00+00:00,BE,offshore,15.0,85,0.0,11.8,0.3090169943749475,-0.9510565162951535,14.6,87,0.0,12.1,0.13917310096006533,-0.9902680687415704,14.8,83,0.0,11.3,0.45399049973954686,-0.8910065241883678,14.7,86,1.0,11.1,0.15643446504023098,-0.9876883405951377,3.224999999999998,open-meteo,2026-08-08T09:50:20+00:00
2026-05-22 05:00:00+00:00,BE,offshore,14.6,86,49.0,11.6,0.3255681544571566,-0.9455185755993168,14.3,89,51.0,11.6,0.15643446504023098,-0.9876883405951377,14.5,85,50.0,10.9,0.4383711467890773,-0.898794046299167,14.4,88,52.0,10.3,0.20791169081775931,-0.9781476007338057,3.5500000000000007,open-meteo,2026-08-08T09:50:20+00:00
2026-05-22 06:00:00+00:00,BE,offshore,14.6,85,173.0,11.0,0.3090169943749475,-0.9510565162951535,14.4,86,174.0,12.6,0.2756373558169992,-0.9612616959383189,14.6,82,177.0,11.4,0.45399049973954686,-0.8910065241883678,14.4,85,177.0,11.6,0.2756373558169992,-0.9612616959383189,3.5,open-meteo,2026-08-08T09:50:20+00:00
2026-05-22 07:00:00+00:00,BE,offshore,14.5,86,325.0,9.6,0.3255681544571566,-0.9455185755993168,14.5,85,323.0,12.1,0.20791169081775931,-0.9781476007338057,14.9,81,328.0,9.3,0.4694715627858907,-0.882947592858927,14.5,84,327.0,11.1,0.2923717047227366,-0.9563047559630355,3.4000000000000004,open-meteo,2026-08-08T09:50:20+00:00
2026-05-22 08:00:00+00:00,BE,offshore,14.7,87,481.0,9.1,0.4383711467890773,-0.898794046299167,14.3,86,462.0,11.1,0.2249510543438652,-0.9743700647852351,15.1,84,485.0,6.3,0.49999999999999994,-0.8660254037844387,14.3,85,467.0,10.1,0.2756373558169992,-0.9612616959383189,3.3999999999999986,open-meteo,2026-08-08T09:50:20+00:00
2026-05-22 09:00:00+00:00,BE,offshore,14.9,87,623.0,6.3,0.529919264233205,-0.848048096156426,14.1,88,620.0,8.6,0.0871557427476582,-0.9961946980917455,14.9,88,628.0,4.6,0.529919264233205,-0.848048096156426,14.5,86,628.0,7.7,0.12186934340514755,-0.992546151641322,3.4000000000000004,open-meteo,2026-08-08T09:50:20+00:00
2026-05-22 10:00:00+00:00,BE,offshore,14.6,89,741.0,4.9,0.5446390350150273,-0.8386705679454239,13.8,88,723.0,7.2,0.258819045102521,-0.9659258262890682,14.5,90,749.0,2.9,0.7193398003386511,-0.6946583704589974,14.2,86,743.0,5.8,0.20791169081775931,-0.9781476007338057,3.7250000000000014,open-meteo,2026-08-08T09:50:20+00:00
2026-05-22 11:00:00+00:00,BE,offshore,15.0,89,825.0,4.2,0.6156614753256584,-0.7880107536067219,14.2,88,818.0,7.6,0.37460659341591224,-0.9271838545667873,15.1,88,828.0,2.2,0.8290375725550417,-0.5591929034707467,14.6,86,810.0,6.1,0.39073112848927377,-0.9205048534524404,3.2750000000000004,open-meteo,2026-08-08T09:50:20+00:00
2026-05-22 12:00:00+00:00,BE,offshore,14.9,88,860.0,3.7,0.6018150231520482,-0.7986355100472929,14.1,90,859.0,6.3,0.37460659341591224,-0.9271838545667873,15.5,85,861.0,2.6,0.9945218953682733,-0.10452846326765355,14.1,91,856.0,5.5,0.39073112848927377,-0.9205048534524404,3.3499999999999996,open-meteo,2026-08-08T09:50:20+00:00
2026-05-22 13:00:00+00:00,BE,offshore,15.6,84,851.0,3.7,0.9876883405951378,-0.1564344650402308,14.5,87,840.0,5.7,0.6691306063588585,-0.743144825477394,14.8,90,850.0,4.0,0.9335804264972017,0.3583679495453004,14.3,89,845.0,4.7,0.6560590289905073,-0.754709580222772,3.1999999999999993,open-meteo,2026-08-08T09:50:20+00:00
2026-05-22 14:00:00+00:00,BE,offshore,15.7,83,794.0,4.5,0.9702957262759965,0.24192189559966767,15.2,83,790.0,4.6,0.7547095802227721,-0.6560590289905072,15.9,82,792.0,4.9,0.9135454576426009,0.4067366430758002,14.6,88,792.0,3.9,0.9396926207859084,-0.3420201433256687,2.6500000000000004,open-meteo,2026-08-08T09:50:20+00:00
2026-05-22 15:00:00+00:00,BE,offshore,15.5,82,691.0,5.6,0.9993908270190958,0.03489949670250108,15.4,81,679.0,6.1,0.8090169943749475,-0.587785252292473,16.0,79,692.0,5.4,0.9876883405951378,0.15643446504023092,14.4,88,682.0,4.3,0.8290375725550417,-0.5591929034707467,2.6750000000000007,open-meteo,2026-08-08T09:50:20+00:00
2026-05-22 16:00:00+00:00,BE,offshore,15.2,83,564.0,5.9,1.0,6.123233995736766e-17,15.2,81,560.0,5.7,0.8746197071393959,-0.484809620246337,15.8,80,562.0,5.0,0.984807753012208,0.17364817766693041,15.6,79,556.0,4.5,0.9659258262890683,-0.25881904510252085,2.549999999999999,open-meteo,2026-08-08T09:50:20+00:00
2026-05-22 17:00:00+00:00,BE,offshore,15.1,85,411.0,6.1,0.9876883405951378,-0.1564344650402308,15.0,83,412.0,7.1,0.8660254037844387,-0.49999999999999983,15.7,81,407.0,4.8,0.9902680687415704,0.13917310096006547,15.8,78,408.0,6.0,0.9396926207859084,-0.3420201433256687,2.6000000000000014,open-meteo,2026-08-08T09:50:20+00:00
2026-05-22 18:00:00+00:00,BE,offshore,15.4,83,253.0,6.4,0.9335804264972017,-0.35836794954530027,15.3,81,254.0,7.9,0.838670567945424,-0.5446390350150272,16.1,79,250.0,6.7,0.9876883405951378,-0.1564344650402308,15.7,79,251.0,7.2,0.8987940462991669,-0.4383711467890775,2.375,open-meteo,2026-08-08T09:50:20+00:00
2026-05-22 19:00:00+00:00,BE,offshore,15.5,83,111.0,8.4,0.9135454576426009,-0.40673664307580026,14.9,84,112.0,8.9,0.8090169943749475,-0.587785252292473,15.9,80,108.0,7.2,0.9659258262890683,-0.25881904510252085,15.4,80,109.0,7.8,0.8829475928589269,-0.4694715627858909,2.575000000000001,open-meteo,2026-08-08T09:50:20+00:00
2026-05-22 20:00:00+00:00,BE,offshore,15.6,82,15.0,5.8,0.5150380749100544,-0.8571673007021122,15.5,80,16.0,8.1,0.4383711467890773,-0.898794046299167,16.1,81,14.0,6.7,0.8480480961564261,-0.5299192642332048,15.6,78,15.0,7.8,0.6819983600624986,-0.7313537016191705,2.299999999999999,open-meteo,2026-08-08T09:50:20+00:00
2026-05-22 21:00:00+00:00,BE,offshore,16.7,83,0.0,3.8,-0.43837114678907746,-0.8987940462991669,15.6,85,0.0,6.8,0.3255681544571566,-0.9455185755993168,17.4,80,0.0,6.2,0.6427876096865395,-0.7660444431189779,15.9,83,0.0,6.8,0.6946583704589971,-0.7193398003386513,1.6000000000000014,open-meteo,2026-08-08T09:50:20+00:00
2026-05-22 22:00:00+00:00,BE,offshore,16.3,85,0.0,3.8,-0.39073112848927355,-0.9205048534524404,15.5,85,0.0,7.4,0.258819045102521,-0.9659258262890682,16.6,84,0.0,4.7,0.0871557427476582,-0.9961946980917455,16.0,83,0.0,6.6,0.5735764363510459,-0.8191520442889919,1.8999999999999986,open-meteo,2026-08-08T09:50:20+00:00
2026-05-22 23:00:00+00:00,BE,offshore,15.7,90,0.0,5.9,-0.39073112848927355,-0.9205048534524404,15.8,87,0.0,4.9,0.06975647374412552,-0.9975640502598242,16.0,88,0.0,4.0,-0.39073112848927355,-0.9205048534524404,15.7,87,0.0,7.6,0.258819045102521,-0.9659258262890682,2.1999999999999993,open-meteo,2026-08-08T09:50:20+00:00
2026-05-23 00:00:00+00:00,BE,offshore,16.4,87,0.0,6.6,-0.12186934340514731,-0.9925461516413221,15.8,86,0.0,5.5,-0.1045284632676535,-0.9945218953682733,16.1,87,0.0,5.0,-0.35836794954530043,-0.9335804264972016,15.6,88,0.0,6.1,0.03489949670250114,-0.9993908270190958,2.0249999999999986,open-meteo,2026-08-08T09:50:20+00:00
2026-05-23 01:00:00+00:00,BE,offshore,16.8,86,0.0,6.0,0.0871557427476582,-0.9961946980917455,15.7,87,0.0,6.5,-0.052335956242943564,-0.9986295347545738,16.1,87,0.0,4.2,-0.06975647374412527,-0.9975640502598242,15.9,86,0.0,4.3,-0.17364817766693047,-0.984807753012208,1.875,open-meteo,2026-08-08T09:50:20+00:00
2026-05-23 02:00:00+00:00,BE,offshore,16.2,88,0.0,7.5,-0.017452406437283637,-0.9998476951563913,15.8,89,0.0,7.4,-0.1045284632676535,-0.9945218953682733,16.3,85,0.0,6.3,0.06975647374412552,-0.9975640502598242,15.9,86,0.0,6.2,-0.08715574274765794,-0.9961946980917455,1.9499999999999993,open-meteo,2026-08-08T09:50:20+00:00
2026-05-23 03:00:00+00:00,BE,offshore,16.6,86,0.0,8.8,-0.1045284632676535,-0.9945218953682733,16.3,87,0.0,9.4,-0.3090169943749473,-0.9510565162951536,16.6,84,0.0,7.9,-0.08715574274765794,-0.9961946980917455,16.5,86,0.0,8.4,-0.275637355816999,-0.9612616959383189,1.5,open-meteo,2026-08-08T09:50:20+00:00
2026-05-23 04:00:00+00:00,BE,offshore,16.5,88,0.0,8.8,-0.15643446504023073,-0.9876883405951378,16.4,87,0.0,9.7,-0.08715574274765794,-0.9961946980917455,16.2,88,1.0,9.3,-0.2419218955996675,-0.9702957262759965,16.5,87,1.0,8.5,-0.08715574274765794,-0.9961946980917455,1.6000000000000014,open-meteo,2026-08-08T09:50:20+00:00
2026-05-23 05:00:00+00:00,BE,offshore,16.6,87,49.0,10.5,-0.5299192642332048,-0.8480480961564261,16.4,87,45.0,10.7,-0.46947156278589086,-0.8829475928589269,15.9,89,46.0,8.9,-0.4226182617406993,-0.90630778703665,16.3,88,50.0,9.9,-0.39073112848927355,-0.9205048534524404,1.6999999999999993,open-meteo,2026-08-08T09:50:20+00:00
2026-05-23 06:00:00+00:00,BE,offshore,16.2,87,136.0,10.2,-0.7431448254773944,-0.6691306063588581,16.0,88,141.0,10.8,-0.7771459614569706,-0.6293203910498378,16.0,87,134.0,9.9,-0.587785252292473,-0.8090169943749475,16.3,86,140.0,10.6,-0.6293203910498376,-0.7771459614569708,1.875,open-meteo,2026-08-08T09:50:20+00:00
2026-05-23 07:00:00+00:00,BE,offshore,16.4,88,321.0,11.2,-0.6819983600624984,-0.7313537016191706,16.0,89,292.0,10.5,-0.7071067811865475,-0.7071067811865477,16.7,87,307.0,10.6,-0.7071067811865475,-0.7071067811865477,16.3,88,327.0,11.0,-0.656059028990507,-0.7547095802227721,1.6500000000000021,open-meteo,2026-08-08T09:50:20+00:00
2026-05-23 08:00:00+00:00,BE,offshore,16.6,87,464.0,9.8,-0.7771459614569706,-0.6293203910498378,16.2,88,298.0,12.0,-0.8571673007021121,-0.5150380749100544,17.0,85,482.0,9.6,-0.6293203910498376,-0.7771459614569708,16.6,87,434.0,10.6,-0.8191520442889916,-0.5735764363510464,1.3999999999999986,open-meteo,2026-08-08T09:50:20+00:00
2026-05-23 09:00:00+00:00,BE,offshore,15.9,89,616.0,8.4,-0.6819983600624984,-0.7313537016191706,15.1,91,610.0,11.8,-0.7313537016191703,-0.6819983600624986,16.6,85,620.0,7.6,-0.6018150231520484,-0.7986355100472928,15.8,87,587.0,10.6,-0.754709580222772,-0.6560590289905073,2.1499999999999986,open-meteo,2026-08-08T09:50:20+00:00
2026-05-23 10:00:00+00:00,BE,offshore,16.7,85,733.0,7.7,-0.8191520442889916,-0.5735764363510464,15.1,91,725.0,10.2,-0.5735764363510462,-0.8191520442889918,17.0,85,736.0,7.8,-0.8386705679454242,-0.544639035015027,15.4,90,729.0,10.4,-0.8191520442889916,-0.5735764363510464,1.9499999999999993,open-meteo,2026-08-08T09:50:20+00:00
2026-05-23 11:00:00+00:00,BE,offshore,16.5,86,806.0,7.0,-0.874619707139396,-0.48480962024633684,15.6,89,796.0,9.2,-0.913545457642601,-0.4067366430758001,17.8,81,814.0,5.8,-0.8660254037844384,-0.5000000000000004,16.2,87,802.0,9.5,-0.7193398003386512,-0.6946583704589973,1.4749999999999979,open-meteo,2026-08-08T09:50:20+00:00
2026-05-23 12:00:00+00:00,BE,offshore,16.5,84,846.0,6.7,-0.656059028990507,-0.7547095802227721,15.5,88,841.0,9.3,-0.8571673007021121,-0.5150380749100544,16.9,84,845.0,4.9,-0.8090169943749473,-0.5877852522924732,16.4,86,841.0,9.3,-0.7071067811865475,-0.7071067811865477,1.6750000000000007,open-meteo,2026-08-08T09:50:20+00:00
2026-05-23 13:00:00+00:00,BE,offshore,16.0,86,840.0,7.2,-0.7986355100472928,-0.6018150231520483,14.8,92,819.0,10.2,-0.9986295347545738,-0.052335956242944306,16.2,85,837.0,4.7,-0.913545457642601,-0.4067366430758001,15.3,89,815.0,9.1,-0.9455185755993168,-0.32556815445715664,2.4250000000000007,open-meteo,2026-08-08T09:50:20+00:00
2026-05-23 14:00:00+00:00,BE,offshore,15.9,89,783.0,8.1,-1.0,-1.8369701987210297e-16,14.7,93,778.0,5.6,-0.9743700647852352,0.22495105434386492,16.1,88,780.0,5.3,-0.9455185755993168,-0.32556815445715664,15.0,92,776.0,9.9,-0.9563047559630354,0.2923717047227367,2.5749999999999993,open-meteo,2026-08-08T09:50:20+00:00
2026-05-23 15:00:00+00:00,BE,offshore,15.2,90,682.0,7.5,-0.9563047559630354,0.2923717047227367,15.0,91,681.0,5.8,-0.9271838545667874,0.37460659341591196,15.4,89,678.0,6.3,-0.9975640502598243,0.06975647374412522,14.7,92,675.0,7.1,-0.9271838545667874,0.37460659341591196,2.9250000000000007,open-meteo,2026-08-08T09:50:20+00:00
2026-05-23 16:00:00+00:00,BE,offshore,15.2,91,556.0,5.7,-0.6427876096865396,0.7660444431189778,14.6,93,557.0,6.7,-0.45399049973954697,0.8910065241883678,15.1,91,551.0,6.4,-0.5735764363510465,0.8191520442889916,14.5,94,551.0,6.3,-0.5150380749100545,0.8571673007021121,3.1500000000000004,open-meteo,2026-08-08T09:50:20+00:00
2026-05-23 17:00:00+00:00,BE,offshore,15.2,91,407.0,7.5,-0.9510565162951536,0.30901699437494723,14.3,93,406.0,6.7,-0.10452846326765342,0.9945218953682733,15.1,93,402.0,8.0,-0.7660444431189781,0.6427876096865393,14.5,93,403.0,6.9,-0.40673664307580015,0.9135454576426009,3.2249999999999996,open-meteo,2026-08-08T09:50:20+00:00
2026-05-23 18:00:00+00:00,BE,offshore,15.0,92,243.0,7.3,0.15643446504023087,0.9876883405951378,14.2,93,241.0,9.5,0.48480962024633706,0.8746197071393957,15.2,93,238.0,7.3,-0.01745240643728356,0.9998476951563913,14.3,93,240.0,10.3,0.39073112848927377,0.9205048534524404,3.3249999999999993,open-meteo,2026-08-08T09:50:20+00:00
2026-05-23 19:00:00+00:00,BE,offshore,14.8,93,110.0,7.1,0.6018150231520483,0.7986355100472928,14.3,95,106.0,10.2,0.6018150231520483,0.7986355100472928,14.7,94,108.0,7.7,0.374606593415912,0.9271838545667874,14.4,94,105.0,11.4,0.4694715627858908,0.882947592858927,3.450000000000001,open-meteo,2026-08-08T09:50:20+00:00
2026-05-23 20:00:00+00:00,BE,offshore,14.7,94,15.0,10.0,0.754709580222772,0.6560590289905073,14.1,95,17.0,12.0,0.754709580222772,0.6560590289905073,14.8,94,14.0,9.6,0.6819983600624985,0.7313537016191705,14.2,96,15.0,12.0,0.6819983600624985,0.7313537016191705,3.5500000000000007,open-meteo,2026-08-08T09:50:20+00:00
2026-05-23 21:00:00+00:00,BE,offshore,15.1,94,0.0,7.9,0.8746197071393957,0.4848096202463371,14.4,95,0.0,10.7,0.788010753606722,0.6156614753256583,15.2,93,0.0,8.1,0.7986355100472928,0.6018150231520483,14.6,95,0.0,10.4,0.7193398003386511,0.6946583704589973,3.174999999999999,open-meteo,2026-08-08T09:50:20+00:00
2026-05-23 22:00:00+00:00,BE,offshore,15.0,96,0.0,7.2,0.8987940462991669,0.43837114678907746,14.5,95,0.0,10.1,0.848048096156426,0.5299192642332049,15.0,97,0.0,7.0,0.8290375725550417,0.5591929034707468,14.6,96,0.0,10.7,0.7313537016191705,0.6819983600624985,3.2249999999999996,open-meteo,2026-08-08T09:50:20+00:00
2026-05-23 23:00:00+00:00,BE,offshore,15.1,95,0.0,8.4,0.9743700647852352,0.22495105434386492,14.8,93,0.0,10.1,0.9612616959383189,0.27563735581699916,14.9,96,0.0,7.2,0.9396926207859083,0.3420201433256688,14.8,94,0.0,10.0,0.9063077870366499,0.42261826174069944,3.1000000000000014,open-meteo,2026-08-08T09:50:20+00:00
2026-05-24 00:00:00+00:00,BE,offshore,15.3,94,0.0,6.9,0.9975640502598242,0.06975647374412523,14.9,94,0.0,7.7,0.9612616959383189,0.27563735581699916,15.2,93,0.0,7.4,0.9702957262759965,0.24192189559966767,14.9,94,0.0,8.4,0.8829475928589269,0.46947156278589086,2.924999999999999,open-meteo,2026-08-08T09:50:20+00:00
2026-05-24 01:00:00+00:00,BE,offshore,15.3,96,0.0,8.8,0.9986295347545738,0.052335956242943966,14.9,94,0.0,9.1,0.9961946980917455,0.08715574274765814,15.1,96,0.0,8.6,0.9902680687415704,0.13917310096006547,14.8,94,0.0,8.4,0.981627183447664,0.19080899537654492,2.974999999999998,open-meteo,2026-08-08T09:50:20+00:00
2026-05-24 02:00:00+00:00,BE,offshore,15.1,96,0.0,7.6,0.9975640502598242,-0.06975647374412533,14.6,95,0.0,8.3,0.9961946980917455,-0.08715574274765824,14.9,96,0.0,7.3,0.9945218953682733,0.10452846326765346,14.6,95,0.0,7.7,0.9993908270190958,0.03489949670250108,3.1999999999999993,open-meteo,2026-08-08T09:50:20+00:00
2026-05-24 03:00:00+00:00,BE,offshore,15.4,94,0.0,6.9,0.9743700647852352,-0.22495105434386503,14.7,96,0.0,6.2,0.9902680687415704,-0.13917310096006535,15.2,95,0.0,6.0,0.981627183447664,-0.1908089953765448,14.6,96,0.0,5.7,0.9975640502598242,0.06975647374412523,3.0250000000000004,open-meteo,2026-08-08T09:50:20+00:00
2026-05-24 04:00:00+00:00,BE,offshore,15.3,95,0.0,6.4,0.9925461516413221,-0.12186934340514737,14.6,96,1.0,6.9,0.9876883405951378,-0.1564344650402308,15.2,95,1.0,6.1,0.9998476951563913,0.0174524064372836,14.5,96,1.0,6.9,1.0,6.123233995736766e-17,3.1000000000000014,open-meteo,2026-08-08T09:50:20+00:00
2026-05-24 05:00:00+00:00,BE,offshore,15.3,95,51.0,6.5,0.9335804264972017,-0.35836794954530027,14.5,96,53.0,6.8,0.9659258262890683,-0.25881904510252085,15.2,95,54.0,6.5,0.9510565162951536,-0.30901699437494734,14.5,96,56.0,6.0,0.9612616959383189,-0.27563735581699905,3.125,open-meteo,2026-08-08T09:50:20+00:00
2026-05-24 06:00:00+00:00,BE,offshore,15.2,95,173.0,5.9,0.8660254037844387,-0.49999999999999983,14.4,97,175.0,5.7,0.9335804264972017,-0.35836794954530027,15.1,94,176.0,5.7,0.9271838545667874,-0.37460659341591207,14.4,96,178.0,5.1,0.9612616959383189,-0.27563735581699905,3.2249999999999996,open-meteo,2026-08-08T09:50:20+00:00
2026-05-24 07:00:00+00:00,BE,offshore,15.5,94,324.0,7.0,0.9271838545667874,-0.37460659341591207,14.8,95,326.0,7.2,0.9510565162951536,-0.30901699437494734,15.3,94,328.0,6.2,0.9455185755993168,-0.32556815445715664,14.7,94,329.0,6.3,0.9702957262759965,-0.24192189559966779,2.9250000000000007,open-meteo,2026-08-08T09:50:20+00:00
2026-05-24 08:00:00+00:00,BE,offshore,15.6,94,479.0,7.6,0.9743700647852352,-0.22495105434386503,14.8,94,480.0,5.9,0.9659258262890683,-0.25881904510252085,15.2,95,482.0,6.5,0.984807753012208,-0.1736481776669303,14.8,94,482.0,5.4,0.9902680687415704,-0.13917310096006535,2.900000000000002,open-meteo,2026-08-08T09:50:20+00:00
2026-05-24 09:00:00+00:00,BE,offshore,14.7,94,619.0,6.2,0.9876883405951378,-0.1564344650402308,14.0,97,620.0,5.1,0.9781476007338057,-0.20791169081775934,14.6,95,622.0,5.3,0.9961946980917455,-0.08715574274765824,14.1,96,623.0,5.4,0.9998476951563913,-0.017452406437283477,3.6500000000000004,open-meteo,2026-08-08T09:50:20+00:00
2026-05-24 10:00:00+00:00,BE,offshore,15.1,94,736.0,5.5,0.9993908270190958,-0.034899496702500955,14.5,94,735.0,4.7,0.984807753012208,-0.1736481776669303,15.3,93,738.0,5.0,0.9993908270190958,-0.034899496702500955,14.4,95,737.0,4.6,0.9925461516413221,-0.12186934340514737,3.174999999999999,open-meteo,2026-08-08T09:50:20+00:00
2026-05-24 11:00:00+00:00,BE,offshore,15.3,92,815.0,6.1,0.9781476007338056,0.20791169081775945,14.6,93,815.0,5.0,0.9961946980917455,0.08715574274765814,15.3,92,814.0,4.0,0.9063077870366499,0.42261826174069944,14.5,94,814.0,4.3,0.9563047559630354,0.29237170472273677,3.0749999999999993,open-meteo,2026-08-08T09:50:20+00:00
2026-05-24 12:00:00+00:00,BE,offshore,15.1,93,849.0,6.1,0.9563047559630354,0.29237170472273677,13.9,96,849.0,4.4,0.9986295347545738,0.052335956242943966,15.1,93,848.0,4.0,0.8571673007021123,0.5150380749100542,13.6,97,849.0,3.6,0.9271838545667874,0.37460659341591196,3.5749999999999993,open-meteo,2026-08-08T09:50:20+00:00
2026-05-24 13:00:00+00:00,BE,offshore,15.2,92,840.0,7.5,0.9612616959383189,0.27563735581699916,14.4,94,841.0,5.3,0.9945218953682733,0.10452846326765346,15.3,91,838.0,6.6,0.9396926207859083,0.3420201433256688,14.6,92,839.0,6.0,0.9612616959383189,0.27563735581699916,3.1249999999999982,open-meteo,2026-08-08T09:50:20+00:00
2026-05-24 14:00:00+00:00,BE,offshore,15.7,85,782.0,7.4,0.9063077870366499,0.42261826174069944,14.8,90,782.0,6.2,0.9702957262759965,0.24192189559966767,15.7,84,781.0,6.7,0.8290375725550417,0.5591929034707468,14.7,91,780.0,5.9,0.8987940462991669,0.43837114678907746,2.7749999999999986,open-meteo,2026-08-08T09:50:20+00:00
2026-05-24 15:00:00+00:00,BE,offshore,15.2,87,688.0,6.9,0.9271838545667874,0.37460659341591196,13.8,93,691.0,5.9,0.9702957262759965,0.24192189559966767,15.4,86,684.0,6.6,0.8290375725550417,0.5591929034707468,14.0,94,687.0,5.2,0.9063077870366499,0.42261826174069944,3.4000000000000004,open-meteo,2026-08-08T09:50:20+00:00
2026-05-24 16:00:00+00:00,BE,offshore,15.7,79,558.0,7.7,0.9335804264972017,0.3583679495453004,15.0,85,559.0,7.7,0.9876883405951378,0.15643446504023092,15.8,80,554.0,7.6,0.848048096156426,0.5299192642332049,15.0,84,556.0,6.4,0.9659258262890683,0.25881904510252074,2.625,open-meteo,2026-08-08T09:50:20+00:00
2026-05-24 17:00:00+00:00,BE,offshore,15.6,85,402.0,8.6,0.9563047559630354,0.29237170472273677,15.0,88,411.0,7.6,0.9986295347545738,0.052335956242943966,15.7,84,402.0,9.1,0.9135454576426009,0.4067366430758002,14.9,88,409.0,7.0,0.981627183447664,0.19080899537654492,2.700000000000001,open-meteo,2026-08-08T09:50:20+00:00
2026-05-24 18:00:00+00:00,BE,offshore,15.5,85,253.0,7.6,0.9563047559630354,0.29237170472273677,14.6,89,257.0,7.0,0.9961946980917455,0.08715574274765814,15.6,85,249.0,8.4,0.9135454576426009,0.4067366430758002,14.7,88,253.0,6.5,0.9702957262759965,0.24192189559966767,2.8999999999999986,open-meteo,2026-08-08T09:50:20+00:00
2026-05-24 19:00:00+00:00,BE,offshore,15.9,81,114.0,7.4,0.981627183447664,0.19080899537654492,15.2,82,117.0,7.7,0.9998476951563913,0.0174524064372836,16.0,80,111.0,8.9,0.8910065241883679,0.45399049973954686,15.3,83,114.0,7.3,0.9781476007338056,0.20791169081775945,2.3999999999999986,open-meteo,2026-08-08T09:50:20+00:00
2026-05-24 20:00:00+00:00,BE,offshore,16.1,83,17.0,9.8,0.984807753012208,0.17364817766693041,15.6,83,18.0,9.3,0.9961946980917455,0.08715574274765814,17.0,73,15.0,10.1,0.9335804264972017,0.3583679495453004,15.9,80,17.0,8.9,0.9659258262890683,0.25881904510252074,1.8499999999999979,open-meteo,2026-08-08T09:50:20+00:00
2026-05-24 21:00:00+00:00,BE,offshore,16.6,80,0.0,9.4,0.9961946980917455,0.08715574274765814,15.7,87,0.0,9.3,0.9986295347545738,0.052335956242943966,16.8,80,0.0,10.3,0.9781476007338056,0.20791169081775945,15.9,84,0.0,10.5,0.9876883405951378,0.15643446504023092,1.75,open-meteo,2026-08-08T09:50:20+00:00
2026-05-24 22:00:00+00:00,BE,offshore,16.5,83,0.0,10.3,0.9986295347545738,-0.05233595624294384,16.1,84,0.0,8.7,0.9975640502598242,-0.06975647374412533,17.0,79,0.0,10.2,0.9998476951563913,-0.017452406437283477,16.3,81,0.0,7.8,1.0,6.123233995736766e-17,1.5249999999999986,open-meteo,2026-08-08T09:50:20+00:00
2026-05-24 23:00:00+00:00,BE,offshore,16.8,77,0.0,9.0,0.9902680687415704,-0.13917310096006535,16.3,82,0.0,8.1,0.984807753012208,-0.1736481776669303,17.1,75,0.0,9.0,0.9961946980917455,-0.08715574274765824,17.2,75,0.0,7.9,0.9702957262759965,-0.24192189559966779,1.1499999999999986,open-meteo,2026-08-08T09:50:20+00:00
2026-05-25 00:00:00+00:00,BE,offshore,16.9,82,0.0,9.4,0.9510565162951536,-0.30901699437494734,16.8,79,0.0,8.0,0.8910065241883679,-0.45399049973954675,17.0,80,0.0,9.6,0.9563047559630355,-0.29237170472273666,16.8,79,0.0,8.6,0.9135454576426009,-0.40673664307580026,1.125,open-meteo,2026-08-08T09:50:20+00:00
2026-05-25 01:00:00+00:00,BE,offshore,16.9,82,0.0,9.7,0.9271838545667874,-0.37460659341591207,16.6,83,0.0,8.9,0.8191520442889917,-0.5735764363510462,16.7,82,0.0,10.0,0.9205048534524403,-0.39073112848927377,16.6,82,0.0,9.1,0.8571673007021123,-0.5150380749100543,1.2999999999999972,open-meteo,2026-08-08T09:50:20+00:00
2026-05-25 02:00:00+00:00,BE,offshore,16.9,79,0.0,9.0,0.8571673007021123,-0.5150380749100543,16.6,79,0.0,8.8,0.7986355100472927,-0.6018150231520484,16.7,80,0.0,8.5,0.8829475928589269,-0.4694715627858909,16.2,82,0.0,9.1,0.838670567945424,-0.5446390350150272,1.3999999999999986,open-meteo,2026-08-08T09:50:20+00:00
2026-05-25 03:00:00+00:00,BE,offshore,16.7,84,0.0,7.7,0.8090169943749475,-0.587785252292473,16.0,85,0.0,8.8,0.7193398003386511,-0.6946583704589974,16.6,83,0.0,7.9,0.838670567945424,-0.5446390350150272,16.0,84,0.0,8.1,0.777145961456971,-0.6293203910498373,1.6749999999999972,open-meteo,2026-08-08T09:50:20+00:00
2026-05-25 04:00:00+00:00,BE,offshore,16.4,84,1.0,7.9,0.7431448254773942,-0.6691306063588582,15.7,87,1.0,7.7,0.5735764363510459,-0.8191520442889919,16.2,85,1.0,7.7,0.7431448254773942,-0.6691306063588582,15.8,85,1.0,7.5,0.6946583704589971,-0.7193398003386513,1.9750000000000014,open-meteo,2026-08-08T09:50:20+00:00
2026-05-25 05:00:00+00:00,BE,offshore,15.9,86,54.0,5.3,0.6427876096865395,-0.7660444431189779,15.6,86,56.0,5.9,0.4383711467890773,-0.898794046299167,15.7,87,56.0,5.3,0.5150380749100544,-0.8571673007021122,15.7,85,58.0,5.9,0.3583679495453002,-0.9335804264972017,2.2749999999999986,open-meteo,2026-08-08T09:50:20+00:00
2026-05-25 06:00:00+00:00,BE,offshore,15.9,88,178.0,5.9,0.5150380749100544,-0.8571673007021122,15.6,88,179.0,6.8,0.40673664307580043,-0.9135454576426008,15.7,89,180.0,6.0,0.48480962024633717,-0.8746197071393957,15.7,87,181.0,5.5,0.48480962024633717,-0.8746197071393957,2.2749999999999986,open-meteo,2026-08-08T09:50:20+00:00
2026-05-25 07:00:00+00:00,BE,offshore,15.8,88,330.0,6.4,0.4383711467890773,-0.898794046299167,15.4,88,328.0,6.3,0.37460659341591224,-0.9271838545667873,15.7,88,333.0,5.9,0.4694715627858907,-0.882947592858927,15.5,87,331.0,5.1,0.4226182617406995,-0.9063077870366499,2.3999999999999986,open-meteo,2026-08-08T09:50:20+00:00
2026-05-25 08:00:00+00:00,BE,offshore,16.1,87,486.0,4.6,0.12186934340514755,-0.992546151641322,15.6,87,484.0,5.3,0.01745240643728344,-0.9998476951563913,15.9,87,489.0,4.7,0.3420201433256689,-0.9396926207859083,15.6,89,487.0,4.2,-0.19080899537654472,-0.981627183447664,2.1999999999999993,open-meteo,2026-08-08T09:50:20+00:00
2026-05-25 09:00:00+00:00,BE,offshore,15.8,88,629.0,3.9,0.3583679495453002,-0.9335804264972017,15.3,89,626.0,3.8,0.0871557427476582,-0.9961946980917455,15.9,89,632.0,3.4,0.6156614753256584,-0.7880107536067219,15.4,90,628.0,3.5,0.06975647374412552,-0.9975640502598242,2.4000000000000004,open-meteo,2026-08-08T09:50:20+00:00
2026-05-25 10:00:00+00:00,BE,offshore,15.7,89,744.0,3.2,0.6691306063588585,-0.743144825477394,15.1,90,740.0,3.7,0.3420201433256689,-0.9396926207859083,15.9,88,745.0,3.5,0.8746197071393959,-0.484809620246337,15.2,89,741.0,2.9,0.4383711467890773,-0.898794046299167,2.525000000000002,open-meteo,2026-08-08T09:50:20+00:00
2026-05-25 11:00:00+00:00,BE,offshore,15.9,88,825.0,3.0,0.777145961456971,-0.6293203910498373,15.2,90,821.0,3.6,-0.052335956242943564,-0.9986295347545738,16.0,87,827.0,2.6,0.9781476007338057,-0.20791169081775934,15.5,88,824.0,2.3,0.01745240643728344,-0.9998476951563913,2.3499999999999996,open-meteo,2026-08-08T09:50:20+00:00
2026-05-25 12:00:00+00:00,BE,offshore,16.1,88,863.0,2.5,0.9961946980917455,0.08715574274765814,15.6,88,861.0,2.1,0.6156614753256584,-0.7880107536067219,16.3,88,864.0,3.3,0.9902680687415704,0.13917310096006547,15.9,86,860.0,1.6,0.5735764363510459,-0.8191520442889919,2.0250000000000004,open-meteo,2026-08-08T09:50:20+00:00
2026-05-25 13:00:00+00:00,BE,offshore,16.7,82,842.0,5.1,0.9993908270190958,0.03489949670250108,15.7,86,849.0,3.7,0.8910065241883679,-0.45399049973954675,16.3,87,853.0,4.3,0.8829475928589269,0.46947156278589086,15.8,86,850.0,3.2,0.9781476007338057,-0.20791169081775934,1.875,open-meteo,2026-08-08T09:50:20+00:00
2026-05-25 14:00:00+00:00,BE,offshore,16.8,79,795.0,5.0,0.9659258262890683,0.25881904510252074,15.6,87,793.0,3.0,0.9612616959383189,-0.27563735581699905,16.2,86,794.0,4.7,0.838670567945424,0.5446390350150271,15.6,86,791.0,2.9,0.9975640502598242,0.06975647374412523,1.9500000000000028,open-meteo,2026-08-08T09:50:20+00:00
2026-05-25 15:00:00+00:00,BE,offshore,17.2,75,698.0,5.2,0.9455185755993167,0.32556815445715676,15.6,86,696.0,2.8,0.9876883405951378,-0.1564344650402308,16.8,80,696.0,5.3,0.848048096156426,0.5299192642332049,15.6,86,693.0,2.4,0.9335804264972017,0.3583679495453004,1.7000000000000028,open-meteo,2026-08-08T09:50:20+00:00
2026-05-25 16:00:00+00:00,BE,offshore,16.9,77,570.0,4.9,0.9659258262890683,0.25881904510252074,16.2,80,570.0,3.8,0.9396926207859084,-0.3420201433256687,17.0,76,567.0,4.5,0.848048096156426,0.5299192642332049,15.9,84,567.0,3.8,0.9781476007338056,0.20791169081775945,1.5,open-meteo,2026-08-08T09:50:20+00:00
2026-05-25 17:00:00+00:00,BE,offshore,17.2,76,423.0,6.2,0.9702957262759965,0.24192189559966767,16.6,78,415.0,5.0,0.9998476951563913,0.0174524064372836,17.2,76,419.0,4.6,0.8987940462991669,0.43837114678907746,16.0,84,405.0,4.3,0.9455185755993167,0.32556815445715676,1.25,open-meteo,2026-08-08T09:50:20+00:00
2026-05-25 18:00:00+00:00,BE,offshore,17.1,77,263.0,6.0,0.9945218953682733,0.10452846326765346,16.6,77,264.0,5.1,0.9998476951563913,-0.017452406437283477,17.2,78,259.0,5.1,0.848048096156426,0.5299192642332049,16.8,77,260.0,4.3,0.9271838545667874,0.37460659341591196,1.0749999999999993,open-meteo,2026-08-08T09:50:20+00:00
2026-05-25 19:00:00+00:00,BE,offshore,16.6,79,119.0,5.0,0.9743700647852352,-0.22495105434386503,16.5,78,121.0,3.5,0.6946583704589971,-0.7193398003386513,16.6,79,116.0,4.3,0.9743700647852352,0.22495105434386492,16.6,77,118.0,2.2,0.9998476951563913,0.0174524064372836,1.4249999999999972,open-meteo,2026-08-08T09:50:20+00:00
2026-05-25 20:00:00+00:00,BE,offshore,17.1,77,18.0,4.2,0.9659258262890683,-0.25881904510252085,16.3,80,19.0,3.9,0.5735764363510459,-0.8191520442889919,16.8,79,17.0,3.1,0.8829475928589269,0.46947156278589086,16.5,79,18.0,3.3,0.8829475928589269,-0.4694715627858909,1.3249999999999993,open-meteo,2026-08-08T09:50:20+00:00
2026-05-25 21:00:00+00:00,BE,offshore,17.7,79,0.0,6.1,0.9986295347545738,0.052335956242943966,17.3,80,0.0,4.3,0.9205048534524403,-0.39073112848927377,17.5,79,0.0,5.4,0.8746197071393957,0.4848096202463371,17.0,81,0.0,3.7,0.9998476951563913,-0.017452406437283477,0.625,open-meteo,2026-08-08T09:50:20+00:00
2026-05-25 22:00:00+00:00,BE,offshore,17.6,77,0.0,7.0,0.9455185755993168,-0.32556815445715664,16.9,78,0.0,6.8,0.8660254037844387,-0.49999999999999983,17.5,76,0.0,6.1,0.9998476951563913,0.0174524064372836,16.9,77,0.0,5.2,0.984807753012208,-0.1736481776669303,0.7749999999999986,open-meteo,2026-08-08T09:50:20+00:00
2026-05-25 23:00:00+00:00,BE,offshore,17.6,79,0.0,7.1,0.9612616959383189,-0.27563735581699905,17.1,78,0.0,6.0,0.8290375725550417,-0.5591929034707467,17.4,78,0.0,6.1,0.9945218953682733,-0.10452846326765355,16.9,78,0.0,5.7,0.9271838545667874,-0.37460659341591207,0.75,open-meteo,2026-08-08T09:50:20+00:00
2026-05-26 00:00:00+00:00,BE,offshore,17.8,79,0.0,7.6,0.9743700647852352,-0.22495105434386503,17.0,84,0.0,6.3,0.8910065241883679,-0.45399049973954675,17.3,82,0.0,7.9,0.9563047559630355,-0.29237170472273666,17.5,76,0.0,6.4,0.9271838545667874,-0.37460659341591207,0.6000000000000014,open-meteo,2026-08-08T09:50:20+00:00
2026-05-26 01:00:00+00:00,BE,offshore,17.7,77,0.0,8.3,0.8290375725550417,-0.5591929034707467,17.1,79,0.0,7.9,0.8090169943749475,-0.587785252292473,17.5,76,0.0,7.6,0.8910065241883679,-0.45399049973954675,17.0,78,0.0,7.2,0.7986355100472927,-0.6018150231520484,0.6750000000000007,open-meteo,2026-08-08T09:50:20+00:00
2026-05-26 02:00:00+00:00,BE,offshore,17.4,80,0.0,10.5,0.7431448254773942,-0.6691306063588582,17.4,78,0.0,9.3,0.6819983600624986,-0.7313537016191705,17.1,82,0.0,9.5,0.7193398003386511,-0.6946583704589974,17.0,80,0.0,8.3,0.7431448254773942,-0.6691306063588582,0.7749999999999986,open-meteo,2026-08-08T09:50:20+00:00
2026-05-26 03:00:00+00:00,BE,offshore,17.6,82,0.0,10.1,0.6819983600624986,-0.7313537016191705,18.0,79,0.0,9.7,0.5735764363510459,-0.8191520442889919,17.5,81,0.0,8.2,0.6946583704589971,-0.7193398003386513,18.1,77,0.0,8.7,0.5877852522924732,-0.8090169943749473,0.1999999999999993,open-meteo,2026-08-08T09:50:20+00:00
2026-05-26 04:00:00+00:00,BE,offshore,17.2,83,1.0,6.3,0.2756373558169992,-0.9612616959383189,17.6,82,1.0,6.1,0.10452846326765373,-0.9945218953682733,17.3,81,1.0,4.9,0.258819045102521,-0.9659258262890682,17.3,81,1.0,5.2,0.258819045102521,-0.9659258262890682,0.6500000000000021,open-meteo,2026-08-08T09:50:20+00:00
2026-05-26 05:00:00+00:00,BE,offshore,17.2,83,52.0,7.3,0.3255681544571566,-0.9455185755993168,17.7,82,58.0,7.6,0.10452846326765373,-0.9945218953682733,16.9,85,48.0,6.6,0.3583679495453002,-0.9335804264972017,17.4,83,59.0,6.4,0.12186934340514755,-0.992546151641322,0.7000000000000028,open-meteo,2026-08-08T09:50:20+00:00
2026-05-26 06:00:00+00:00,BE,offshore,16.9,85,183.0,7.7,0.2756373558169992,-0.9612616959383189,17.4,84,184.0,9.1,-0.052335956242943564,-0.9986295347545738,16.7,87,186.0,8.3,0.4226182617406995,-0.9063077870366499,17.0,84,188.0,8.5,1.2246467991473532e-16,-1.0,1.0,open-meteo,2026-08-08T09:50:20+00:00
2026-05-26 07:00:00+00:00,BE,offshore,16.9,86,335.0,5.4,-0.06975647374412527,-0.9975640502598242,17.1,87,335.0,6.7,-0.374606593415912,-0.9271838545667874,16.7,88,339.0,5.4,0.258819045102521,-0.9659258262890682,17.0,86,338.0,5.8,-0.2588190451025208,-0.9659258262890683,1.0749999999999993,open-meteo,2026-08-08T09:50:20+00:00
2026-05-26 08:00:00+00:00,BE,offshore,17.2,84,491.0,5.3,-0.017452406437283637,-0.9998476951563913,17.3,85,490.0,5.4,-0.35836794954530043,-0.9335804264972016,17.1,86,483.0,3.9,0.17364817766693028,-0.984807753012208,17.4,85,475.0,5.3,-0.4539904997395467,-0.8910065241883679,0.75,open-meteo,2026-08-08T09:50:20+00:00
2026-05-26 09:00:00+00:00,BE,offshore,16.7,84,638.0,3.3,0.3090169943749475,-0.9510565162951535,16.8,84,634.0,4.6,-0.22495105434386498,-0.9743700647852352,16.6,87,641.0,3.1,0.6427876096865395,-0.7660444431189779,16.7,84,637.0,3.8,0.06975647374412552,-0.9975640502598242,1.3000000000000007,open-meteo,2026-08-08T09:50:20+00:00
2026-05-26 10:00:00+00:00,BE,offshore,16.7,84,753.0,2.6,0.6427876096865395,-0.7660444431189779,16.5,87,747.0,2.4,-0.7193398003386512,-0.6946583704589973,16.7,87,757.0,0.4,0.7431448254773942,-0.6691306063588582,16.8,84,750.0,2.4,-0.6018150231520484,-0.7986355100472928,1.3249999999999993,open-meteo,2026-08-08T09:50:20+00:00
2026-05-26 11:00:00+00:00,BE,offshore,16.8,83,834.0,1.4,0.529919264233205,-0.848048096156426,16.7,85,829.0,2.7,-0.48480962024633695,-0.8746197071393959,16.4,88,832.0,1.4,0.9975640502598242,-0.06975647374412533,17.1,82,831.0,1.8,-0.5000000000000001,-0.8660254037844386,1.25,open-meteo,2026-08-08T09:50:20+00:00
2026-05-26 12:00:00+00:00,BE,offshore,16.5,88,873.0,1.0,0.9743700647852352,-0.22495105434386503,16.7,86,867.0,2.0,-0.12186934340514731,-0.9925461516413221,16.9,85,877.0,1.6,0.42261826174069944,0.9063077870366499,17.2,82,869.0,1.2,-0.22495105434386498,-0.9743700647852352,1.1750000000000007,open-meteo,2026-08-08T09:50:20+00:00
2026-05-26 13:00:00+00:00,BE,offshore,16.4,88,860.0,1.3,0.9945218953682733,0.10452846326765346,16.8,83,854.0,1.8,-0.3090169943749473,-0.9510565162951536,17.1,84,862.0,1.6,0.5446390350150271,0.838670567945424,17.4,77,855.0,1.2,-0.8987940462991668,-0.43837114678907774,1.0749999999999993,open-meteo,2026-08-08T09:50:20+00:00
2026-05-26 14:00:00+00:00,BE,offshore,16.7,87,803.0,2.6,0.5877852522924731,0.8090169943749475,17.3,80,801.0,1.0,-0.08715574274765794,-0.9961946980917455,17.1,85,800.0,3.4,0.4694715627858908,0.882947592858927,17.8,76,798.0,1.3,-0.9563047559630354,0.2923717047227367,0.7749999999999986,open-meteo,2026-08-08T09:50:20+00:00
2026-05-26 15:00:00+00:00,BE,offshore,16.9,82,711.0,2.9,0.4067366430758002,0.9135454576426009,17.6,76,706.0,0.9,-0.5150380749100542,-0.8571673007021123,16.8,85,706.0,3.5,0.39073112848927377,0.9205048534524404,17.5,76,705.0,1.8,-0.9063077870366498,0.4226182617406996,0.8000000000000007,open-meteo,2026-08-08T09:50:20+00:00
2026-05-26 16:00:00+00:00,BE,offshore,17.2,81,583.0,2.9,0.7986355100472928,0.6018150231520483,17.8,74,576.0,0.3,-0.3255681544571567,0.9455185755993168,17.0,83,580.0,3.4,0.374606593415912,0.9271838545667874,18.2,71,573.0,1.4,-0.6819983600624984,0.7313537016191707,0.4499999999999993,open-meteo,2026-08-08T09:50:20+00:00
2026-05-26 17:00:00+00:00,BE,offshore,17.0,81,427.0,3.8,0.9781476007338056,0.20791169081775945,18.2,68,427.0,2.8,0.8480480961564261,-0.5299192642332048,17.3,80,422.0,3.1,0.7313537016191705,0.6819983600624985,18.6,65,423.0,1.3,0.9702957262759965,-0.24192189559966779,0.22500000000000142,open-meteo,2026-08-08T09:50:20+00:00
2026-05-26 18:00:00+00:00,BE,offshore,17.9,76,271.0,3.8,0.984807753012208,0.17364817766693041,17.9,73,271.0,2.3,0.9975640502598242,-0.06975647374412533,17.4,81,266.0,3.2,0.7986355100472928,0.6018150231520483,18.0,72,267.0,2.0,0.573576436351046,0.8191520442889918,0.20000000000000284,open-meteo,2026-08-08T09:50:20+00:00
2026-05-26 19:00:00+00:00,BE,offshore,17.3,82,124.0,4.0,0.8829475928589269,-0.4694715627858909,17.9,75,125.0,5.8,0.7193398003386511,-0.6946583704589974,17.3,81,120.0,3.5,0.9975640502598242,0.06975647374412523,17.5,75,121.0,3.2,0.8829475928589269,-0.4694715627858909,0.5,open-meteo,2026-08-08T09:50:20+00:00
2026-05-26 20:00:00+00:00,BE,offshore,17.9,77,20.0,5.0,0.9876883405951378,-0.1564344650402308,17.2,82,21.0,5.2,0.9135454576426009,-0.40673664307580026,17.9,72,18.0,6.5,0.9659258262890683,0.25881904510252074,17.0,76,19.0,4.0,0.9563047559630354,0.29237170472273677,0.5,open-meteo,2026-08-08T09:50:20+00:00
2026-05-26 21:00:00+00:00,BE,offshore,18.2,76,0.0,6.6,0.8290375725550417,0.5591929034707468,17.0,86,0.0,8.4,0.6560590289905073,0.754709580222772,17.5,81,0.0,8.8,0.6427876096865393,0.766044443118978,17.1,85,0.0,8.2,0.6427876096865393,0.766044443118978,0.5499999999999972,open-meteo,2026-08-08T09:50:20+00:00
2026-05-26 22:00:00+00:00,BE,offshore,17.6,81,0.0,8.0,0.766044443118978,0.6427876096865394,16.9,86,0.0,8.9,0.49999999999999994,0.8660254037844387,17.5,80,0.0,8.1,0.6427876096865393,0.766044443118978,16.7,88,0.0,8.9,0.5150380749100542,0.8571673007021123,0.8249999999999993,open-meteo,2026-08-08T09:50:20+00:00
2026-05-26 23:00:00+00:00,BE,offshore,17.4,84,0.0,9.8,0.848048096156426,0.5299192642332049,16.8,89,0.0,8.2,0.8829475928589269,0.46947156278589086,16.9,87,0.0,9.4,0.838670567945424,0.5446390350150271,16.6,89,0.0,8.3,0.754709580222772,0.6560590289905073,1.0749999999999993,open-meteo,2026-08-08T09:50:20+00:00
2026-05-27 00:00:00+00:00,BE,offshore,17.2,89,0.0,8.4,0.8987940462991669,0.43837114678907746,16.8,90,0.0,10.5,0.848048096156426,0.5299192642332049,17.1,88,0.0,9.4,0.766044443118978,0.6427876096865394,16.7,89,0.0,11.6,0.8910065241883679,0.45399049973954686,1.0500000000000007,open-meteo,2026-08-08T09:50:20+00:00
2026-05-27 01:00:00+00:00,BE,offshore,16.9,90,0.0,9.0,0.9135454576426009,0.4067366430758002,16.5,91,0.0,11.8,0.8910065241883679,0.45399049973954686,16.6,91,0.0,8.2,0.8191520442889918,0.573576436351046,16.4,90,0.0,10.9,0.8090169943749475,0.5877852522924731,1.3999999999999986,open-meteo,2026-08-08T09:50:20+00:00
2026-05-27 02:00:00+00:00,BE,offshore,16.8,91,0.0,8.8,0.7771459614569709,0.6293203910498374,16.6,89,0.0,12.4,0.8987940462991669,0.43837114678907746,16.6,91,0.0,10.1,0.848048096156426,0.5299192642332049,16.4,89,0.0,11.3,0.788010753606722,0.6156614753256583,1.3999999999999986,open-meteo,2026-08-08T09:50:20+00:00
2026-05-27 03:00:00+00:00,BE,offshore,17.4,88,0.0,9.6,0.7071067811865475,0.7071067811865476,16.8,87,0.0,11.0,0.8746197071393957,0.4848096202463371,17.0,90,0.0,9.5,0.8571673007021123,0.5150380749100542,16.4,86,0.0,11.7,0.848048096156426,0.5299192642332049,1.1000000000000014,open-meteo,2026-08-08T09:50:20+00:00
2026-05-27 04:00:00+00:00,BE,offshore,17.0,87,1.0,10.0,0.8910065241883679,0.45399049973954686,17.0,81,1.0,11.2,0.9659258262890683,0.25881904510252074,16.6,87,1.0,11.2,0.9135454576426009,0.4067366430758002,16.7,81,1.0,10.8,0.9659258262890683,0.25881904510252074,1.1750000000000007,open-meteo,2026-08-08T09:50:20+00:00
2026-05-27 05:00:00+00:00,BE,offshore,16.8,87,33.0,8.7,0.8829475928589269,0.46947156278589086,16.4,83,55.0,11.1,0.9510565162951535,0.30901699437494745,16.4,89,43.0,8.5,0.9135454576426009,0.4067366430758002,16.0,84,57.0,10.4,0.8829475928589269,0.46947156278589086,1.6000000000000014,open-meteo,2026-08-08T09:50:20+00:00
2026-05-27 06:00:00+00:00,BE,offshore,17.0,84,180.0,9.9,0.9781476007338056,0.20791169081775945,16.2,85,158.0,10.8,0.8910065241883679,0.45399049973954686,16.7,84,119.0,8.8,0.9781476007338056,0.20791169081775945,15.8,86,178.0,10.3,0.8660254037844386,0.5000000000000001,1.5749999999999993,open-meteo,2026-08-08T09:50:20+00:00
2026-05-27 07:00:00+00:00,BE,offshore,16.9,85,322.0,8.9,0.9396926207859083,0.3420201433256688,16.2,85,271.0,11.4,0.8746197071393957,0.4848096202463371,16.6,86,300.0,7.9,0.9743700647852352,0.22495105434386492,15.9,87,272.0,10.6,0.8746197071393957,0.4848096202463371,1.6000000000000014,open-meteo,2026-08-08T09:50:20+00:00
2026-05-27 08:00:00+00:00,BE,offshore,17.0,83,338.0,10.7,0.9902680687415704,0.13917310096006547,16.0,85,390.0,10.5,0.8829475928589269,0.46947156278589086,16.6,85,362.0,9.8,0.9396926207859083,0.3420201433256688,15.9,85,372.0,10.0,0.9271838545667874,0.37460659341591196,1.625,open-meteo,2026-08-08T09:50:20+00:00
2026-05-27 09:00:00+00:00,BE,offshore,16.0,88,623.0,10.1,0.8746197071393957,0.4848096202463371,15.2,88,619.0,9.7,0.788010753606722,0.6156614753256583,16.0,89,623.0,9.0,0.8746197071393957,0.4848096202463371,15.2,87,621.0,9.3,0.7071067811865475,0.7071067811865476,2.3999999999999986,open-meteo,2026-08-08T09:50:20+00:00
2026-05-27 10:00:00+00:00,BE,offshore,16.1,88,724.0,10.0,0.7986355100472928,0.6018150231520483,15.5,85,731.0,10.0,0.8290375725550417,0.5591929034707468,16.1,89,737.0,9.8,0.788010753606722,0.6156614753256583,15.5,85,731.0,10.1,0.8090169943749475,0.5877852522924731,2.1999999999999993,open-meteo,2026-08-08T09:50:20+00:00
2026-05-27 11:00:00+00:00,BE,offshore,15.9,85,815.0,10.0,0.766044443118978,0.6427876096865394,15.3,82,802.0,11.0,0.788010753606722,0.6156614753256583,15.8,85,795.0,10.2,0.7071067811865475,0.7071067811865476,15.2,82,808.0,10.9,0.7431448254773942,0.6691306063588582,2.4499999999999993,open-meteo,2026-08-08T09:50:20+00:00
2026-05-27 12:00:00+00:00,BE,offshore,15.9,81,855.0,10.8,0.788010753606722,0.6156614753256583,15.1,82,715.0,11.5,0.7313537016191705,0.6819983600624985,15.8,80,854.0,11.7,0.7431448254773942,0.6691306063588582,15.1,83,848.0,11.0,0.6560590289905073,0.754709580222772,2.5250000000000004,open-meteo,2026-08-08T09:50:20+00:00
2026-05-27 13:00:00+00:00,BE,offshore,16.0,79,841.0,11.4,0.754709580222772,0.6560590289905073,15.2,80,834.0,11.8,0.788010753606722,0.6156614753256583,15.9,79,834.0,12.2,0.6691306063588582,0.7431448254773942,15.2,81,653.0,12.7,0.7313537016191705,0.6819983600624985,2.4250000000000007,open-meteo,2026-08-08T09:50:20+00:00
2026-05-27 14:00:00+00:00,BE,offshore,16.2,78,780.0,11.4,0.7771459614569709,0.6293203910498374,15.2,80,760.0,12.6,0.8090169943749475,0.5877852522924731,15.9,79,719.0,13.5,0.7313537016191705,0.6819983600624985,15.2,80,778.0,12.6,0.7193398003386511,0.6946583704589973,2.375,open-meteo,2026-08-08T09:50:20+00:00
2026-05-27 15:00:00+00:00,BE,offshore,15.6,82,693.0,13.9,0.7986355100472928,0.6018150231520483,14.6,85,689.0,12.4,0.8090169943749475,0.5877852522924731,15.7,83,690.0,14.3,0.7771459614569709,0.6293203910498374,14.8,83,686.0,13.3,0.766044443118978,0.6427876096865394,2.8249999999999993,open-meteo,2026-08-08T09:50:20+00:00
2026-05-27 16:00:00+00:00,BE,offshore,15.7,82,563.0,13.0,0.7431448254773942,0.6691306063588582,14.9,83,562.0,13.5,0.8090169943749475,0.5877852522924731,15.9,81,559.0,13.4,0.7071067811865475,0.7071067811865476,15.1,82,558.0,14.4,0.766044443118978,0.6427876096865394,2.5999999999999996,open-meteo,2026-08-08T09:50:20+00:00
2026-05-27 17:00:00+00:00,BE,offshore,16.1,80,418.0,14.0,0.8090169943749475,0.5877852522924731,15.1,82,414.0,13.4,0.8191520442889918,0.573576436351046,16.1,82,412.0,14.1,0.7771459614569709,0.6293203910498374,15.3,81,406.0,13.9,0.788010753606722,0.6156614753256583,2.349999999999998,open-meteo,2026-08-08T09:50:20+00:00
2026-05-27 18:00:00+00:00,BE,offshore,16.1,81,264.0,16.7,0.8987940462991669,0.43837114678907746,15.0,83,264.0,14.0,0.8571673007021123,0.5150380749100542,16.0,82,259.0,14.9,0.838670567945424,0.5446390350150271,15.2,81,259.0,13.5,0.7986355100472928,0.6018150231520483,2.4250000000000007,open-meteo,2026-08-08T09:50:20+00:00
2026-05-27 19:00:00+00:00,BE,offshore,16.0,80,120.0,17.3,0.9205048534524404,0.3907311284892737,14.9,80,122.0,14.6,0.9135454576426009,0.4067366430758002,15.9,81,117.0,15.9,0.8746197071393957,0.4848096202463371,15.1,80,119.0,14.9,0.8829475928589269,0.46947156278589086,2.5250000000000004,open-meteo,2026-08-08T09:50:20+00:00
2026-05-27 20:00:00+00:00,BE,offshore,16.0,82,20.0,17.0,0.9455185755993167,0.32556815445715676,15.1,81,21.0,13.0,0.9271838545667874,0.37460659341591196,16.1,80,19.0,15.5,0.9135454576426009,0.4067366430758002,15.2,79,20.0,13.9,0.9063077870366499,0.42261826174069944,2.3999999999999986,open-meteo,2026-08-08T09:50:20+00:00
2026-05-27 21:00:00+00:00,BE,offshore,16.3,84,0.0,12.8,0.9975640502598242,0.06975647374412523,15.4,81,0.0,14.8,0.9455185755993167,0.32556815445715676,16.5,86,0.0,11.9,0.981627183447664,0.19080899537654492,15.5,81,0.0,14.0,0.9510565162951535,0.30901699437494745,2.0749999999999993,open-meteo,2026-08-08T09:50:20+00:00
2026-05-27 22:00:00+00:00,BE,offshore,16.5,81,0.0,13.7,0.9876883405951378,0.15643446504023092,15.3,79,0.0,14.2,0.9563047559630354,0.29237170472273677,16.9,73,0.0,12.1,0.9743700647852352,0.22495105434386492,15.3,78,0.0,13.9,0.9510565162951535,0.30901699437494745,2.0,open-meteo,2026-08-08T09:50:20+00:00
2026-05-27 23:00:00+00:00,BE,offshore,16.4,81,0.0,12.1,0.992546151641322,0.12186934340514749,15.3,81,0.0,14.2,0.9743700647852352,0.22495105434386492,16.8,70,0.0,10.9,0.984807753012208,0.17364817766693041,15.4,78,0.0,14.0,0.981627183447664,0.19080899537654492,2.0250000000000004,open-meteo,2026-08-08T09:50:20+00:00
2026-05-28 00:00:00+00:00,BE,offshore,16.6,74,0.0,12.5,0.9986295347545738,0.052335956242943966,15.4,80,0.0,13.6,0.9961946980917455,0.08715574274765814,16.8,70,0.0,11.3,0.9975640502598242,0.06975647374412523,15.5,80,0.0,12.5,0.9961946980917455,0.08715574274765814,1.9250000000000007,open-meteo,2026-08-08T09:50:20+00:00
2026-05-28 01:00:00+00:00,BE,offshore,16.5,72,0.0,10.9,0.9975640502598242,-0.06975647374412533,15.5,80,0.0,11.4,0.9986295347545738,0.052335956242943966,16.6,70,0.0,10.7,0.9986295347545738,-0.05233595624294384,15.8,75,0.0,10.1,0.9961946980917455,0.08715574274765814,1.8999999999999986,open-meteo,2026-08-08T09:50:20+00:00
2026-05-28 02:00:00+00:00,BE,offshore,16.2,75,0.0,11.2,0.9998476951563913,-0.017452406437283477,15.3,80,0.0,11.3,0.9986295347545738,0.052335956242943966,16.3,71,0.0,10.1,0.9998476951563913,-0.017452406437283477,15.5,74,0.0,11.0,0.9945218953682733,0.10452846326765346,2.1750000000000007,open-meteo,2026-08-08T09:50:20+00:00
2026-05-28 03:00:00+00:00,BE,offshore,16.0,76,0.0,11.0,0.9925461516413221,-0.12186934340514737,15.1,80,0.0,11.0,0.9998476951563913,-0.017452406437283477,16.1,71,0.0,9.7,0.9961946980917455,-0.08715574274765824,15.2,77,0.0,10.6,0.9993908270190958,0.03489949670250108,2.3999999999999986,open-meteo,2026-08-08T09:50:20+00:00
2026-05-28 04:00:00+00:00,BE,offshore,15.8,76,1.0,10.7,0.9998476951563913,0.0174524064372836,14.9,80,1.0,10.3,0.9998476951563913,-0.017452406437283477,15.9,66,1.0,9.5,0.9998476951563913,0.0174524064372836,15.0,74,2.0,9.7,1.0,6.123233995736766e-17,2.5999999999999996,open-meteo,2026-08-08T09:50:20+00:00
2026-05-28 05:00:00+00:00,BE,offshore,15.5,74,58.0,9.9,0.984807753012208,-0.1736481776669303,14.8,77,60.0,10.0,0.9961946980917455,-0.08715574274765824,15.4,68,61.0,9.2,0.9743700647852352,-0.22495105434386503,14.8,71,62.0,9.1,0.9945218953682733,-0.10452846326765355,2.875,open-meteo,2026-08-08T09:50:20+00:00
2026-05-28 06:00:00+00:00,BE,offshore,15.4,70,183.0,10.4,0.9993908270190958,-0.034899496702500955,14.7,76,184.0,10.0,0.984807753012208,-0.1736481776669303,15.4,67,187.0,8.8,0.9945218953682733,-0.10452846326765355,14.6,72,187.0,7.8,0.9781476007338057,-0.20791169081775934,2.9749999999999996,open-meteo,2026-08-08T09:50:20+00:00
2026-05-28 07:00:00+00:00,BE,offshore,15.3,72,336.0,9.8,0.9612616959383189,-0.27563735581699905,14.5,74,337.0,10.6,0.9781476007338057,-0.20791169081775934,15.5,69,340.0,9.5,0.9702957262759965,-0.24192189559966779,14.4,73,339.0,10.3,0.9925461516413221,-0.12186934340514737,3.075000000000001,open-meteo,2026-08-08T09:50:20+00:00
2026-05-28 08:00:00+00:00,BE,offshore,15.4,74,485.0,10.5,0.9510565162951536,-0.30901699437494734,14.6,77,489.0,10.1,0.9455185755993168,-0.32556815445715664,15.5,72,490.0,9.9,0.9612616959383189,-0.27563735581699905,14.8,72,491.0,9.3,0.9612616959383189,-0.27563735581699905,2.9250000000000007,open-meteo,2026-08-08T09:50:20+00:00
2026-05-28 09:00:00+00:00,BE,offshore,15.2,81,631.0,9.0,0.90630778703665,-0.42261826174069933,14.4,82,628.0,11.6,0.981627183447664,-0.1908089953765448,15.4,77,634.0,8.1,0.9205048534524403,-0.39073112848927377,14.6,80,632.0,10.0,0.9743700647852352,-0.22495105434386503,3.0999999999999996,open-meteo,2026-08-08T09:50:20+00:00
2026-05-28 10:00:00+00:00,BE,offshore,15.5,81,745.0,9.6,0.9271838545667874,-0.37460659341591207,14.8,80,739.0,10.5,0.9335804264972017,-0.35836794954530027,16.2,75,749.0,8.4,0.9455185755993168,-0.32556815445715664,15.2,81,746.0,10.7,0.9271838545667874,-0.37460659341591207,2.5749999999999993,open-meteo,2026-08-08T09:50:20+00:00
2026-05-28 11:00:00+00:00,BE,offshore,15.9,80,824.0,9.7,0.9335804264972017,-0.35836794954530027,15.4,78,821.0,11.3,0.9205048534524403,-0.39073112848927377,17.0,71,826.0,9.4,0.984807753012208,-0.1736481776669303,15.5,79,826.0,11.2,0.9271838545667874,-0.37460659341591207,2.0500000000000007,open-meteo,2026-08-08T09:50:20+00:00
2026-05-28 12:00:00+00:00,BE,offshore,16.6,77,852.0,9.6,0.9135454576426009,-0.40673664307580026,15.6,79,859.0,11.1,0.8571673007021123,-0.5150380749100543,17.5,70,864.0,8.8,0.9335804264972017,-0.35836794954530027,16.4,72,858.0,9.4,0.8910065241883679,-0.45399049973954675,1.4750000000000014,open-meteo,2026-08-08T09:50:20+00:00
2026-05-28 13:00:00+00:00,BE,offshore,17.0,73,832.0,9.3,0.9335804264972017,-0.35836794954530027,15.4,78,842.0,11.5,0.9271838545667874,-0.37460659341591207,17.9,68,842.0,8.6,0.9612616959383189,-0.27563735581699905,16.2,72,845.0,10.8,0.9455185755993168,-0.32556815445715664,1.375,open-meteo,2026-08-08T09:50:20+00:00
2026-05-28 14:00:00+00:00,BE,offshore,17.6,72,775.0,9.5,0.9455185755993168,-0.32556815445715664,16.2,76,788.0,11.1,0.8987940462991669,-0.4383711467890775,18.8,66,685.0,9.5,0.9659258262890683,-0.25881904510252085,16.6,75,788.0,11.2,0.9271838545667874,-0.37460659341591207,0.7000000000000028,open-meteo,2026-08-08T09:50:20+00:00
2026-05-28 15:00:00+00:00,BE,offshore,17.9,73,672.0,9.1,0.9135454576426009,-0.40673664307580026,16.5,76,684.0,11.2,0.9455185755993168,-0.32556815445715664,19.1,67,687.0,8.5,0.9563047559630355,-0.29237170472273666,16.5,78,683.0,10.5,0.9455185755993168,-0.32556815445715664,0.5,open-meteo,2026-08-08T09:50:20+00:00
2026-05-28 16:00:00+00:00,BE,offshore,17.8,76,565.0,9.1,0.8987940462991669,-0.4383711467890775,16.6,76,563.0,11.9,0.9271838545667874,-0.37460659341591207,19.1,68,563.0,8.9,0.9659258262890683,-0.25881904510252085,17.1,75,563.0,11.1,0.9563047559630355,-0.29237170472273666,0.34999999999999787,open-meteo,2026-08-08T09:50:20+00:00
2026-05-28 17:00:00+00:00,BE,offshore,18.2,73,414.0,9.0,0.8829475928589269,-0.4694715627858909,17.1,74,414.0,12.6,0.8660254037844387,-0.49999999999999983,19.1,68,406.0,10.2,0.9396926207859084,-0.3420201433256687,17.6,72,409.0,11.2,0.9135454576426009,-0.40673664307580026,0.0,open-meteo,2026-08-08T09:50:20+00:00
2026-05-28 18:00:00+00:00,BE,offshore,17.8,79,231.0,9.1,0.788010753606722,-0.6156614753256583,17.1,74,250.0,12.8,0.8480480961564261,-0.5299192642332048,19.4,68,212.0,10.9,0.9335804264972017,-0.35836794954530027,18.5,66,241.0,11.9,0.8829475928589269,-0.4694715627858909,0.20000000000000284,open-meteo,2026-08-08T09:50:20+00:00
2026-05-28 19:00:00+00:00,BE,offshore,18.0,81,107.0,10.5,0.6691306063588585,-0.743144825477394,17.6,75,107.0,13.8,0.7193398003386511,-0.6946583704589974,19.3,73,96.0,10.1,0.8290375725550417,-0.5591929034707467,18.7,69,91.0,13.0,0.788010753606722,-0.6156614753256583,0.40000000000000213,open-meteo,2026-08-08T09:50:20+00:00
2026-05-28 20:00:00+00:00,BE,offshore,19.6,74,14.0,8.1,0.3255681544571566,-0.9455185755993168,17.2,78,16.0,13.4,0.5591929034707469,-0.8290375725550416,18.4,80,14.0,6.6,0.5877852522924732,-0.8090169943749473,17.9,74,15.0,10.9,0.7547095802227721,-0.6560590289905072,0.2749999999999986,open-meteo,2026-08-08T09:50:20+00:00
2026-05-28 21:00:00+00:00,BE,offshore,18.4,80,0.0,9.0,0.3090169943749475,-0.9510565162951535,17.3,77,0.0,13.1,0.6156614753256584,-0.7880107536067219,17.3,87,0.0,7.7,0.529919264233205,-0.848048096156426,18.5,68,0.0,12.7,0.6293203910498374,-0.7771459614569709,0.125,open-meteo,2026-08-08T09:50:20+00:00
2026-05-28 22:00:00+00:00,BE,offshore,19.4,79,0.0,7.6,-0.12186934340514731,-0.9925461516413221,17.3,83,0.0,10.6,0.2923717047227366,-0.9563047559630355,19.2,77,0.0,9.5,0.17364817766693028,-0.984807753012208,17.8,78,0.0,10.2,0.05233595624294381,-0.9986295347545738,0.4250000000000007,open-meteo,2026-08-08T09:50:20+00:00
2026-05-28 23:00:00+00:00,BE,offshore,18.2,83,0.0,5.1,-0.6691306063588582,-0.7431448254773942,17.0,88,0.0,7.1,-0.0348994967025009,-0.9993908270190958,18.4,81,0.0,8.7,0.10452846326765373,-0.9945218953682733,18.8,76,0.0,11.4,0.05233595624294381,-0.9986295347545738,0.10000000000000142,open-meteo,2026-08-08T09:50:20+00:00
2026-05-29 00:00:00+00:00,BE,offshore,17.6,84,0.0,11.0,0.15643446504023098,-0.9876883405951377,17.8,78,0.0,12.7,0.19080899537654497,-0.9816271834476639,19.2,72,0.0,10.1,0.3090169943749475,-0.9510565162951535,18.0,77,0.0,15.2,0.20791169081775931,-0.9781476007338057,0.15000000000000213,open-meteo,2026-08-08T09:50:20+00:00
2026-05-29 01:00:00+00:00,BE,offshore,18.3,81,0.0,7.4,0.12186934340514755,-0.992546151641322,17.6,83,0.0,9.0,-0.22495105434386498,-0.9743700647852352,17.9,83,0.0,9.7,0.10452846326765373,-0.9945218953682733,17.8,81,0.0,13.2,-0.12186934340514731,-0.9925461516413221,0.09999999999999787,open-meteo,2026-08-08T09:50:20+00:00
2026-05-29 02:00:00+00:00,BE,offshore,19.3,74,0.0,7.2,0.5591929034707469,-0.8290375725550416,17.3,83,0.0,11.8,0.24192189559966773,-0.9702957262759965,18.6,79,0.0,7.0,0.6691306063588585,-0.743144825477394,18.2,74,0.0,12.1,0.2756373558169992,-0.9612616959383189,0.3500000000000014,open-meteo,2026-08-08T09:50:20+00:00
2026-05-29 03:00:00+00:00,BE,offshore,17.7,88,0.0,11.4,-0.39073112848927355,-0.9205048534524404,16.8,88,0.0,10.6,-0.5446390350150271,-0.838670567945424,18.7,78,0.0,11.6,-0.35836794954530043,-0.9335804264972016,17.8,80,0.0,13.1,-0.374606593415912,-0.9271838545667874,0.25,open-meteo,2026-08-08T09:50:20+00:00
2026-05-29 04:00:00+00:00,BE,offshore,18.0,87,1.0,9.1,-0.19080899537654472,-0.981627183447664,17.7,86,1.0,10.8,-0.275637355816999,-0.9612616959383189,19.5,79,1.0,10.3,-0.15643446504023073,-0.9876883405951378,17.9,85,1.0,13.0,-0.34202014332566866,-0.9396926207859084,0.2749999999999986,open-meteo,2026-08-08T09:50:20+00:00
2026-05-29 05:00:00+00:00,BE,offshore,17.7,87,42.0,5.2,-0.7986355100472928,-0.6018150231520483,19.8,70,24.0,11.4,-0.4539904997395467,-0.8910065241883679,18.1,85,47.0,9.2,-0.848048096156426,-0.529919264233205,18.6,80,36.0,17.3,-0.8571673007021121,-0.5150380749100544,0.5500000000000007,open-meteo,2026-08-08T09:50:20+00:00
2026-05-29 06:00:00+00:00,BE,offshore,18.4,84,21.0,10.7,-0.8660254037844384,-0.5000000000000004,15.8,93,20.0,6.2,-0.9455185755993168,-0.32556815445715664,18.4,82,45.0,10.6,-0.7193398003386512,-0.6946583704589973,17.4,87,31.0,8.4,-0.5000000000000001,-0.8660254037844386,0.5,open-meteo,2026-08-08T09:50:20+00:00
2026-05-29 07:00:00+00:00,BE,offshore,17.7,88,86.0,5.0,-0.5150380749100542,-0.8571673007021123,16.8,90,67.0,8.1,-0.848048096156426,-0.529919264233205,18.5,85,126.0,6.7,-0.5150380749100542,-0.8571673007021123,18.0,85,71.0,6.7,-0.43837114678907746,-0.8987940462991669,0.25,open-meteo,2026-08-08T09:50:20+00:00
2026-05-29 08:00:00+00:00,BE,offshore,18.0,85,316.0,7.9,-0.8090169943749473,-0.5877852522924732,16.5,88,209.0,10.2,-0.7071067811865475,-0.7071067811865477,17.9,86,270.0,8.8,-0.8386705679454242,-0.544639035015027,16.9,89,210.0,10.0,-0.43837114678907746,-0.8987940462991669,0.6750000000000007,open-meteo,2026-08-08T09:50:20+00:00
2026-05-29 09:00:00+00:00,BE,offshore,17.2,89,437.0,6.6,-0.9563047559630353,-0.2923717047227371,15.8,93,251.0,2.1,-0.8290375725550416,0.559192903470747,17.8,85,265.0,8.1,-0.8386705679454242,-0.544639035015027,16.2,91,189.0,7.4,-0.9335804264972015,-0.3583679495453007,1.25,open-meteo,2026-08-08T09:50:20+00:00
2026-05-29 10:00:00+00:00,BE,offshore,16.5,93,478.0,2.5,0.43837114678907746,0.898794046299167,15.3,94,419.0,5.7,0.39073112848927377,0.9205048534524404,17.4,91,387.0,5.1,-0.9998476951563913,-0.017452406437283498,16.2,93,372.0,3.0,0.9902680687415704,0.13917310096006547,1.6499999999999986,open-meteo,2026-08-08T09:50:20+00:00
2026-05-29 11:00:00+00:00,BE,offshore,16.4,89,583.0,5.1,-0.8571673007021123,0.5150380749100542,15.9,89,310.0,2.6,0.01745240643728351,0.9998476951563913,16.9,89,555.0,5.9,-0.7071067811865477,0.7071067811865474,15.9,91,668.0,3.5,-0.37460659341591235,0.9271838545667873,1.7250000000000014,open-meteo,2026-08-08T09:50:20+00:00
2026-05-29 12:00:00+00:00,BE,offshore,16.3,89,640.0,5.6,-0.9986295347545738,-0.052335956242944306,15.5,91,423.0,0.8,-0.981627183447664,-0.1908089953765446,16.6,92,654.0,4.8,-0.9986295347545738,0.052335956242943946,15.7,91,391.0,3.1,-0.9702957262759966,0.24192189559966745,1.9749999999999979,open-meteo,2026-08-08T09:50:20+00:00
2026-05-29 13:00:00+00:00,BE,offshore,16.5,91,170.0,3.6,-0.9510565162951535,-0.30901699437494756,15.8,89,105.0,2.8,0.01745240643728351,0.9998476951563913,16.5,94,383.0,5.4,-0.8090169943749473,-0.5877852522924732,15.8,93,83.0,6.6,-0.8386705679454242,-0.544639035015027,1.8500000000000014,open-meteo,2026-08-08T09:50:20+00:00
2026-05-29 14:00:00+00:00,BE,offshore,16.3,90,458.0,4.4,-0.9510565162951536,0.30901699437494723,15.5,89,192.0,5.5,-0.9271838545667874,0.37460659341591196,16.3,91,398.0,5.3,-0.9961946980917455,0.08715574274765789,15.5,92,238.0,4.2,-0.9975640502598242,-0.06975647374412558,2.0999999999999996,open-meteo,2026-08-08T09:50:20+00:00
2026-05-29 15:00:00+00:00,BE,offshore,16.4,89,349.0,6.5,-0.9612616959383188,0.2756373558169994,16.1,88,129.0,4.5,-0.9902680687415704,0.13917310096006547,16.3,90,240.0,3.0,-0.6293203910498378,0.7771459614569706,15.3,92,122.0,4.8,-0.7313537016191703,0.6819983600624987,1.9750000000000014,open-meteo,2026-08-08T09:50:20+00:00
2026-05-29 16:00:00+00:00,BE,offshore,16.6,88,153.0,4.7,-0.8746197071393956,0.4848096202463373,15.9,90,134.0,3.6,-0.9510565162951536,0.30901699437494723,16.7,88,69.0,8.8,-0.8290375725550416,0.559192903470747,15.8,91,66.0,4.6,-0.7986355100472932,0.6018150231520479,1.75,open-meteo,2026-08-08T09:50:20+00:00
2026-05-29 17:00:00+00:00,BE,offshore,17.4,85,96.0,5.0,-0.9271838545667874,0.37460659341591196,15.8,93,65.0,2.7,-0.9945218953682734,0.10452846326765299,17.3,87,71.0,5.1,-0.7880107536067218,0.6156614753256585,16.3,91,113.0,3.7,-0.9335804264972017,0.3583679495453004,1.3000000000000007,open-meteo,2026-08-08T09:50:20+00:00
2026-05-29 18:00:00+00:00,BE,offshore,16.5,91,109.0,2.0,-0.9335804264972017,0.3583679495453004,15.9,91,79.0,5.0,-0.8290375725550418,-0.5591929034707466,16.5,93,96.0,4.7,-0.898794046299167,0.4383711467890774,16.1,90,123.0,2.4,-0.9902680687415704,0.13917310096006547,1.75,open-meteo,2026-08-08T09:50:20+00:00
2026-05-29 19:00:00+00:00,BE,offshore,15.9,93,19.0,1.3,0.8660254037844386,0.5000000000000001,15.7,90,32.0,4.1,-0.8571673007021123,0.5150380749100542,16.2,93,30.0,3.8,0.6560590289905073,0.754709580222772,15.7,91,19.0,1.6,0.9612616959383189,0.27563735581699916,2.125,open-meteo,2026-08-08T09:50:20+00:00
2026-05-29 20:00:00+00:00,BE,offshore,16.8,87,11.0,7.1,-0.6819983600624984,0.7313537016191707,16.2,85,16.0,6.1,-0.37460659341591235,0.9271838545667873,17.1,84,11.0,5.1,-0.5735764363510465,0.8191520442889916,15.4,93,16.0,4.7,0.08715574274765817,0.9961946980917455,1.625,open-meteo,2026-08-08T09:50:20+00:00
2026-05-29 21:00:00+00:00,BE,offshore,16.5,93,0.0,3.1,0.17364817766693033,0.984807753012208,16.1,90,0.0,6.1,-0.3420201433256686,0.9396926207859084,16.5,93,0.0,3.2,0.12186934340514748,0.992546151641322,16.2,91,0.0,0.8,-0.4226182617406993,-0.90630778703665,1.6750000000000007,open-meteo,2026-08-08T09:50:20+00:00
2026-05-29 22:00:00+00:00,BE,offshore,16.6,92,0.0,1.0,0.9455185755993167,0.32556815445715676,16.0,91,0.0,5.1,0.6156614753256583,0.7880107536067219,16.5,93,0.0,3.9,0.6691306063588582,0.7431448254773942,16.0,92,0.0,4.0,0.8829475928589269,0.46947156278589086,1.7250000000000014,open-meteo,2026-08-08T09:50:20+00:00
2026-05-29 23:00:00+00:00,BE,offshore,16.5,90,0.0,9.7,0.984807753012208,0.17364817766693041,16.1,85,0.0,9.5,0.9396926207859083,0.3420201433256688,16.5,88,0.0,9.5,0.9659258262890683,0.25881904510252074,16.2,84,0.0,8.6,0.9205048534524404,0.3907311284892737,1.6750000000000007,open-meteo,2026-08-08T09:50:20+00:00
2026-05-30 00:00:00+00:00,BE,offshore,16.6,94,0.0,3.6,0.8746197071393959,-0.484809620246337,16.0,90,0.0,7.6,0.9510565162951536,-0.30901699437494734,16.7,92,0.0,5.3,0.9993908270190958,-0.034899496702500955,16.3,86,0.0,7.6,0.9975640502598242,0.06975647374412523,1.6000000000000014,open-meteo,2026-08-08T09:50:20+00:00
2026-05-30 01:00:00+00:00,BE,offshore,16.4,93,0.0,7.8,0.9986295347545738,-0.05233595624294384,16.3,85,0.0,8.8,0.9781476007338057,-0.20791169081775934,16.9,88,0.0,8.6,0.9986295347545738,0.052335956242943966,16.5,84,0.0,7.5,0.9876883405951378,-0.1564344650402308,1.4750000000000014,open-meteo,2026-08-08T09:50:20+00:00
2026-05-30 02:00:00+00:00,BE,offshore,17.3,75,0.0,10.0,0.9986295347545738,-0.05233595624294384,16.1,87,0.0,8.8,0.9335804264972017,-0.35836794954530027,17.3,73,0.0,9.6,0.9998476951563913,0.0174524064372836,16.4,85,0.0,7.9,0.8910065241883679,-0.45399049973954675,1.2250000000000014,open-meteo,2026-08-08T09:50:20+00:00
2026-05-30 03:00:00+00:00,BE,offshore,17.0,81,0.0,8.4,0.9396926207859084,-0.3420201433256687,16.0,85,0.0,8.1,0.9781476007338057,-0.20791169081775934,17.1,79,0.0,8.6,0.9510565162951536,-0.30901699437494734,16.2,85,0.0,7.6,0.9986295347545738,-0.05233595624294384,1.4250000000000007,open-meteo,2026-08-08T09:50:20+00:00
2026-05-30 04:00:00+00:00,BE,offshore,17.0,78,1.0,8.0,0.9945218953682733,-0.10452846326765355,16.2,83,1.0,7.9,0.838670567945424,-0.5446390350150272,16.9,80,1.0,7.5,0.9925461516413221,-0.12186934340514737,16.5,81,1.0,5.8,0.8910065241883679,-0.45399049973954675,1.3500000000000014,open-meteo,2026-08-08T09:50:20+00:00
2026-05-30 05:00:00+00:00,BE,offshore,16.7,79,49.0,7.7,0.9975640502598242,-0.06975647374412533,16.2,80,35.0,6.3,0.8910065241883679,-0.45399049973954675,16.9,78,61.0,6.5,0.9993908270190958,-0.034899496702500955,16.2,83,36.0,5.7,0.9135454576426009,-0.40673664307580026,1.5,open-meteo,2026-08-08T09:50:20+00:00
2026-05-30 06:00:00+00:00,BE,offshore,16.6,82,82.0,7.2,0.8660254037844387,-0.49999999999999983,16.1,82,70.0,6.4,0.6819983600624986,-0.7313537016191705,16.7,82,185.0,5.9,0.9205048534524403,-0.39073112848927377,16.3,84,78.0,5.4,0.5735764363510459,-0.8191520442889919,1.5749999999999993,open-meteo,2026-08-08T09:50:20+00:00
2026-05-30 07:00:00+00:00,BE,offshore,16.6,87,221.0,6.9,0.9205048534524403,-0.39073112848927377,16.2,83,186.0,5.9,0.8910065241883679,-0.45399049973954675,16.8,85,216.0,6.0,0.9205048534524403,-0.39073112848927377,16.4,84,148.0,5.9,0.9135454576426009,-0.40673664307580026,1.5,open-meteo,2026-08-08T09:50:20+00:00
2026-05-30 08:00:00+00:00,BE,offshore,16.6,79,473.0,6.5,0.9743700647852352,-0.22495105434386503,15.8,83,439.0,5.8,0.7986355100472927,-0.6018150231520484,16.6,78,350.0,6.1,0.9396926207859084,-0.3420201433256687,16.0,83,363.0,5.5,0.838670567945424,-0.5446390350150272,1.75,open-meteo,2026-08-08T09:50:20+00:00
2026-05-30 09:00:00+00:00,BE,offshore,16.3,86,541.0,3.9,0.9396926207859084,-0.3420201433256687,15.2,90,591.0,4.8,0.8910065241883679,-0.45399049973954675,16.7,82,447.0,6.9,0.9945218953682733,-0.10452846326765355,15.7,85,615.0,5.0,0.9612616959383189,-0.27563735581699905,2.0249999999999986,open-meteo,2026-08-08T09:50:20+00:00
2026-05-30 10:00:00+00:00,BE,offshore,16.5,84,740.0,7.1,0.9902680687415704,0.13917310096006547,15.3,89,720.0,6.2,0.9781476007338057,-0.20791169081775934,16.5,85,720.0,6.2,0.9781476007338056,0.20791169081775945,15.6,89,687.0,6.0,0.9902680687415704,-0.13917310096006535,2.0250000000000004,open-meteo,2026-08-08T09:50:20+00:00
2026-05-30 11:00:00+00:00,BE,offshore,16.3,86,812.0,7.0,0.9986295347545738,0.052335956242943966,15.4,84,777.0,6.5,0.9781476007338057,-0.20791169081775934,16.7,84,812.0,6.7,1.0,6.123233995736766e-17,15.9,82,779.0,6.1,0.9702957262759965,-0.24192189559966779,1.9249999999999972,open-meteo,2026-08-08T09:50:20+00:00
2026-05-30 12:00:00+00:00,BE,offshore,16.2,86,850.0,5.8,0.9702957262759965,0.24192189559966767,15.4,85,842.0,6.3,0.9975640502598242,0.06975647374412523,16.6,86,851.0,5.7,0.9396926207859083,0.3420201433256688,15.8,84,840.0,5.7,0.9975640502598242,0.06975647374412523,2.0,open-meteo,2026-08-08T09:50:20+00:00
2026-05-30 13:00:00+00:00,BE,offshore,16.4,85,805.0,7.7,0.9271838545667874,0.37460659341591196,15.3,85,815.0,7.1,0.9563047559630354,0.29237170472273677,16.5,85,814.0,5.9,0.8910065241883679,0.45399049973954686,15.7,83,820.0,7.0,0.8571673007021123,0.5150380749100542,2.0249999999999986,open-meteo,2026-08-08T09:50:20+00:00
2026-05-30 14:00:00+00:00,BE,offshore,16.7,85,744.0,6.3,0.8191520442889918,0.573576436351046,15.5,84,747.0,6.6,0.9876883405951378,0.15643446504023092,16.9,85,762.0,6.0,0.6560590289905073,0.754709580222772,15.9,83,751.0,6.5,0.8660254037844386,0.5000000000000001,1.75,open-meteo,2026-08-08T09:50:20+00:00
2026-05-30 15:00:00+00:00,BE,offshore,16.5,81,692.0,8.9,0.8746197071393957,0.4848096202463371,15.4,84,694.0,8.0,0.8987940462991669,0.43837114678907746,16.8,81,691.0,8.1,0.766044443118978,0.6427876096865394,15.9,82,693.0,7.9,0.8660254037844386,0.5000000000000001,1.8499999999999979,open-meteo,2026-08-08T09:50:20+00:00
2026-05-30 16:00:00+00:00,BE,offshore,16.6,80,532.0,10.3,0.838670567945424,0.5446390350150271,15.5,81,542.0,9.0,0.8829475928589269,0.46947156278589086,17.1,77,515.0,9.9,0.766044443118978,0.6427876096865394,16.1,78,528.0,8.8,0.8191520442889918,0.573576436351046,1.6749999999999972,open-meteo,2026-08-08T09:50:20+00:00
2026-05-30 17:00:00+00:00,BE,offshore,16.3,82,408.0,10.2,0.7771459614569709,0.6293203910498374,15.1,84,411.0,9.5,0.8829475928589269,0.46947156278589086,16.6,81,398.0,10.9,0.7313537016191705,0.6819983600624985,15.8,80,408.0,10.1,0.8191520442889918,0.573576436351046,2.0500000000000007,open-meteo,2026-08-08T09:50:20+00:00
2026-05-30 18:00:00+00:00,BE,offshore,16.3,82,226.0,10.5,0.7986355100472928,0.6018150231520483,15.5,81,246.0,9.4,0.9063077870366499,0.42261826174069944,16.7,81,224.0,10.7,0.7071067811865475,0.7071067811865476,15.9,81,248.0,9.0,0.838670567945424,0.5446390350150271,1.8999999999999986,open-meteo,2026-08-08T09:50:20+00:00
2026-05-30 19:00:00+00:00,BE,offshore,16.8,79,122.0,9.1,0.9335804264972017,0.3583679495453004,15.8,80,99.0,9.4,0.9510565162951535,0.30901699437494745,17.1,77,110.0,10.7,0.7986355100472928,0.6018150231520483,16.2,78,92.0,11.0,0.8829475928589269,0.46947156278589086,1.5249999999999986,open-meteo,2026-08-08T09:50:20+00:00
2026-05-30 20:00:00+00:00,BE,offshore,16.6,81,23.0,7.5,0.9335804264972017,0.3583679495453004,15.7,81,24.0,11.0,0.984807753012208,0.17364817766693041,16.8,81,21.0,7.7,0.8660254037844386,0.5000000000000001,16.1,78,23.0,11.8,0.9510565162951535,0.30901699437494745,1.7000000000000028,open-meteo,2026-08-08T09:50:20+00:00
2026-05-30 21:00:00+00:00,BE,offshore,17.2,85,0.0,6.8,0.9455185755993167,0.32556815445715676,16.6,84,0.0,9.6,0.9993908270190958,0.03489949670250108,17.3,85,0.0,4.9,0.8987940462991669,0.43837114678907746,17.0,82,0.0,9.1,0.9961946980917455,0.08715574274765814,0.9750000000000014,open-meteo,2026-08-08T09:50:20+00:00
2026-05-30 22:00:00+00:00,BE,offshore,17.2,80,0.0,4.2,0.9945218953682733,0.10452846326765346,16.3,83,0.0,8.3,0.9743700647852352,0.22495105434386492,17.5,82,0.0,5.5,0.838670567945424,0.5446390350150271,16.9,81,0.0,7.8,0.984807753012208,-0.1736481776669303,1.0249999999999986,open-meteo,2026-08-08T09:50:20+00:00
2026-05-30 23:00:00+00:00,BE,offshore,17.1,88,0.0,3.1,0.9510565162951536,-0.30901699437494734,16.3,87,0.0,5.9,0.8191520442889917,-0.5735764363510462,17.5,87,0.0,4.7,0.9986295347545738,-0.05233595624294384,17.6,82,0.0,8.0,0.8660254037844387,-0.49999999999999983,0.875,open-meteo,2026-08-08T09:50:20+00:00
2026-05-31 00:00:00+00:00,BE,offshore,17.3,88,0.0,2.1,0.5446390350150273,-0.8386705679454239,16.4,89,0.0,5.5,0.788010753606722,-0.6156614753256583,17.9,85,0.0,3.4,0.9396926207859084,-0.3420201433256687,17.3,85,0.0,7.2,0.9335804264972017,-0.35836794954530027,0.7749999999999986,open-meteo,2026-08-08T09:50:20+00:00
2026-05-31 01:00:00+00:00,BE,offshore,16.9,91,0.0,2.3,0.6691306063588585,-0.743144825477394,16.2,90,0.0,3.6,0.8660254037844387,-0.49999999999999983,17.1,91,0.0,2.7,-0.656059028990507,-0.7547095802227721,16.9,86,0.0,5.1,0.8910065241883679,-0.45399049973954675,1.2250000000000014,open-meteo,2026-08-08T09:50:20+00:00
2026-05-31 02:00:00+00:00,BE,offshore,16.6,90,0.0,8.4,-0.9396926207859084,-0.34202014332566855,15.8,93,0.0,5.4,-0.9998476951563913,-0.017452406437283498,16.8,92,0.0,5.8,-0.9986295347545738,0.052335956242943946,16.6,89,0.0,1.6,-0.9993908270190958,0.03489949670250128,1.5499999999999972,open-meteo,2026-08-08T09:50:20+00:00
2026-05-31 03:00:00+00:00,BE,offshore,16.3,91,0.0,6.2,-0.9510565162951535,-0.30901699437494756,15.4,93,0.0,3.7,-0.9510565162951535,-0.30901699437494756,16.8,89,0.0,8.5,-0.9986295347545738,-0.052335956242944306,16.1,90,0.0,3.5,-0.754709580222772,-0.6560590289905073,1.8500000000000014,open-meteo,2026-08-08T09:50:20+00:00
2026-05-31 04:00:00+00:00,BE,offshore,16.3,92,1.0,6.8,-0.913545457642601,-0.4067366430758001,15.4,94,2.0,4.7,-0.9563047559630353,-0.2923717047227371,17.0,86,2.0,8.5,-0.9975640502598242,-0.06975647374412558,16.0,92,2.0,4.9,-0.9335804264972015,-0.3583679495453007,1.8249999999999993,open-meteo,2026-08-08T09:50:20+00:00
2026-05-31 05:00:00+00:00,BE,offshore,16.2,91,54.0,6.9,-0.9993908270190958,0.03489949670250128,15.1,95,57.0,4.2,-0.9975640502598242,-0.06975647374412558,16.3,88,52.0,8.5,-0.9335804264972015,-0.3583679495453007,15.8,93,55.0,6.3,-0.9975640502598243,0.06975647374412522,2.150000000000002,open-meteo,2026-08-08T09:50:20+00:00
2026-05-31 06:00:00+00:00,BE,offshore,16.5,91,139.0,8.9,-0.9659258262890684,0.2588190451025203,15.5,94,174.0,7.4,-0.9135454576426011,0.40673664307579976,16.7,92,155.0,8.7,-0.9945218953682734,0.10452846326765299,15.8,93,179.0,7.3,-0.9396926207859083,0.342020143325669,1.875,open-meteo,2026-08-08T09:50:20+00:00
2026-05-31 07:00:00+00:00,BE,offshore,16.5,89,196.0,9.2,-0.9781476007338056,0.20791169081775945,15.6,90,210.0,8.5,-0.9063077870366498,0.4226182617406996,16.6,92,206.0,9.9,-0.9998476951563913,-0.017452406437283498,16.1,89,247.0,7.9,-0.9271838545667874,0.37460659341591196,1.7999999999999972,open-meteo,2026-08-08T09:50:20+00:00
2026-05-31 08:00:00+00:00,BE,offshore,16.4,84,324.0,8.9,-0.992546151641322,0.12186934340514768,15.7,87,332.0,8.2,-0.9816271834476639,0.1908089953765451,16.4,88,355.0,8.0,-0.9986295347545738,0.052335956242943946,15.7,90,337.0,8.3,-0.9659258262890684,0.2588190451025203,1.9500000000000028,open-meteo,2026-08-08T09:50:20+00:00
2026-05-31 09:00:00+00:00,BE,offshore,16.2,82,434.0,8.7,-0.992546151641322,0.12186934340514768,15.5,85,399.0,9.3,-0.9335804264972017,0.3583679495453004,16.3,82,457.0,8.3,-0.9975640502598242,-0.06975647374412558,15.7,88,353.0,7.8,-0.9902680687415704,0.13917310096006547,2.0749999999999993,open-meteo,2026-08-08T09:50:20+00:00
2026-05-31 10:00:00+00:00,BE,offshore,16.3,85,271.0,12.0,-0.9781476007338056,0.20791169081775945,15.8,85,664.0,10.6,-0.9876883405951378,0.15643446504023067,16.4,83,515.0,10.1,-0.9975640502598243,0.06975647374412522,15.7,86,659.0,9.6,-0.9945218953682734,0.10452846326765299,1.9499999999999993,open-meteo,2026-08-08T09:50:20+00:00
2026-05-31 11:00:00+00:00,BE,offshore,16.5,82,302.0,11.5,-0.9945218953682734,-0.10452846326765336,15.8,84,782.0,10.6,-0.9975640502598243,0.06975647374412522,16.3,84,419.0,9.6,-1.0,-1.8369701987210297e-16,15.8,86,763.0,9.4,-0.9743700647852352,0.22495105434386492,1.9000000000000021,open-meteo,2026-08-08T09:50:20+00:00
2026-05-31 12:00:00+00:00,BE,offshore,16.4,87,513.0,11.1,-0.9659258262890683,-0.25881904510252063,15.9,85,505.0,11.4,-0.9743700647852351,-0.22495105434386525,16.6,85,574.0,11.7,-0.984807753012208,-0.17364817766693033,16.1,86,665.0,11.0,-0.9876883405951377,-0.15643446504023104,1.75,open-meteo,2026-08-08T09:50:20+00:00
2026-05-31 13:00:00+00:00,BE,offshore,16.6,85,514.0,7.1,-0.9335804264972015,-0.3583679495453007,16.2,83,674.0,9.2,-0.8987940462991668,-0.43837114678907774,16.8,83,639.0,8.5,-0.9271838545667873,-0.3746065934159123,16.4,83,490.0,11.5,-0.961261695938319,-0.2756373558169989,1.5,open-meteo,2026-08-08T09:50:20+00:00
2026-05-31 14:00:00+00:00,BE,offshore,16.5,90,518.0,11.0,-0.8571673007021121,-0.5150380749100544,16.0,88,558.0,10.6,-0.8290375725550418,-0.5591929034707466,16.7,89,473.0,11.1,-0.874619707139396,-0.48480962024633684,16.4,86,674.0,11.8,-0.7880107536067221,-0.6156614753256581,1.6000000000000014,open-meteo,2026-08-08T09:50:20+00:00
2026-05-31 15:00:00+00:00,BE,offshore,16.1,92,414.0,12.4,-0.8090169943749473,-0.5877852522924732,15.7,91,437.0,11.6,-0.8090169943749473,-0.5877852522924732,16.5,90,394.0,12.1,-0.8660254037844384,-0.5000000000000004,16.1,90,419.0,10.6,-0.7986355100472928,-0.6018150231520483,1.8999999999999986,open-meteo,2026-08-08T09:50:20+00:00
2026-05-31 16:00:00+00:00,BE,offshore,16.2,90,442.0,12.1,-0.882947592858927,-0.46947156278589075,15.5,92,415.0,11.9,-0.8191520442889916,-0.5735764363510464,16.7,86,405.0,12.3,-0.90630778703665,-0.42261826174069916,15.9,92,361.0,7.9,-0.90630778703665,-0.42261826174069916,1.9250000000000007,open-meteo,2026-08-08T09:50:20+00:00
2026-05-31 17:00:00+00:00,BE,offshore,16.2,92,339.0,12.5,-0.8987940462991668,-0.43837114678907774,15.6,93,310.0,10.8,-0.874619707139396,-0.48480962024633684,16.5,91,318.0,11.3,-0.9396926207859084,-0.34202014332566855,16.0,92,321.0,12.2,-0.8987940462991668,-0.43837114678907774,1.9250000000000007,open-meteo,2026-08-08T09:50:20+00:00
2026-05-31 18:00:00+00:00,BE,offshore,16.3,89,228.0,13.0,-0.882947592858927,-0.46947156278589075,15.7,91,200.0,11.3,-0.8290375725550418,-0.5591929034707466,16.5,89,209.0,12.8,-0.9396926207859084,-0.34202014332566855,16.0,91,207.0,13.1,-0.8987940462991668,-0.43837114678907774,1.875,open-meteo,2026-08-08T09:50:20+00:00
2026-05-31 19:00:00+00:00,BE,offshore,16.1,88,101.0,13.4,-0.8660254037844384,-0.5000000000000004,15.5,91,74.0,13.5,-0.848048096156426,-0.529919264233205,16.2,89,118.0,13.0,-0.913545457642601,-0.4067366430758001,15.8,90,103.0,12.5,-0.8290375725550418,-0.5591929034707466,2.1000000000000014,open-meteo,2026-08-08T09:50:20+00:00
2026-05-31 20:00:00+00:00,BE,offshore,16.1,90,21.0,13.3,-0.7880107536067221,-0.6156614753256581,15.8,91,15.0,4.1,-0.9063077870366498,0.4226182617406996,16.4,87,20.0,13.7,-0.8386705679454242,-0.544639035015027,15.9,92,19.0,8.9,-0.9396926207859084,-0.34202014332566855,1.9499999999999993,open-meteo,2026-08-08T09:50:20+00:00
2026-05-31 21:00:00+00:00,BE,offshore,16.1,89,0.0,8.3,-0.9925461516413221,-0.12186934340514717,15.5,91,0.0,2.5,-0.1736481776669304,0.984807753012208,16.3,88,0.0,14.0,-0.8660254037844384,-0.5000000000000004,15.7,93,0.0,6.1,-0.9961946980917455,0.08715574274765789,2.099999999999998,open-meteo,2026-08-08T09:50:20+00:00
2026-05-31 22:00:00+00:00,BE,offshore,16.3,89,0.0,10.8,-0.984807753012208,-0.17364817766693033,15.2,94,0.0,2.9,0.1908089953765448,0.981627183447664,16.3,90,0.0,12.5,-0.9205048534524403,-0.3907311284892738,15.6,93,0.0,4.2,-0.8910065241883679,0.45399049973954664,2.1500000000000004,open-meteo,2026-08-08T09:50:20+00:00
2026-05-31 23:00:00+00:00,BE,offshore,16.1,94,0.0,2.4,-0.945518575599317,0.3255681544571563,15.3,93,0.0,3.5,0.9961946980917455,-0.08715574274765824,16.2,93,0.0,6.4,-0.9998476951563913,0.01745240643728313,15.6,94,0.0,3.0,0.9993908270190958,-0.034899496702500955,2.1999999999999993,open-meteo,2026-08-08T09:50:20+00:00
2026-06-01 00:00:00+00:00,BE,offshore,16.0,93,0.0,5.2,-0.984807753012208,-0.17364817766693033,15.1,93,0.0,2.5,0.3583679495453002,-0.9335804264972017,16.3,92,0.0,7.5,-0.9998476951563913,-0.017452406437283498,15.9,90,0.0,1.4,0.6156614753256584,-0.7880107536067219,2.174999999999999,open-meteo,2026-08-08T09:50:20+00:00
2026-06-01 01:00:00+00:00,BE,offshore,16.2,88,0.0,4.5,-0.9135454576426011,0.40673664307579976,15.1,92,0.0,0.7,-0.6427876096865393,-0.766044443118978,16.2,91,0.0,4.9,-0.8480480961564262,0.5299192642332047,15.3,94,0.0,0.9,0.6691306063588585,-0.743144825477394,2.3000000000000007,open-meteo,2026-08-08T09:50:20+00:00
2026-06-01 02:00:00+00:00,BE,offshore,16.3,89,0.0,7.8,-0.9993908270190958,0.03489949670250128,15.5,90,0.0,4.5,0.03489949670250114,-0.9993908270190958,16.2,94,0.0,2.1,-0.9455185755993168,-0.32556815445715664,15.9,91,0.0,3.2,0.17364817766693028,-0.984807753012208,2.0250000000000004,open-meteo,2026-08-08T09:50:20+00:00
2026-06-01 03:00:00+00:00,BE,offshore,16.2,88,0.0,7.9,-0.9335804264972017,0.3583679495453004,15.5,88,0.0,4.5,-0.9781476007338056,0.20791169081775945,16.3,94,0.0,4.2,-0.9961946980917455,0.08715574274765789,15.7,88,0.0,3.6,-0.6819983600624984,-0.7313537016191706,2.0749999999999993,open-meteo,2026-08-08T09:50:20+00:00
2026-06-01 04:00:00+00:00,BE,offshore,16.3,86,1.0,8.6,-0.9396926207859083,0.342020143325669,15.7,88,2.0,8.4,-0.9702957262759966,0.24192189559966745,16.7,84,1.0,7.5,-0.7986355100472932,0.6018150231520479,15.9,87,3.0,6.6,-0.9743700647852352,0.22495105434386492,1.8499999999999979,open-meteo,2026-08-08T09:50:20+00:00
2026-06-01 05:00:00+00:00,BE,offshore,15.9,90,51.0,7.0,-0.9743700647852352,0.22495105434386492,15.3,89,61.0,6.8,-0.9271838545667874,0.37460659341591196,16.3,86,49.0,7.1,-0.9702957262759966,0.24192189559966745,15.8,88,67.0,5.9,-0.9063077870366498,0.4226182617406996,2.1750000000000007,open-meteo,2026-08-08T09:50:20+00:00
2026-06-01 06:00:00+00:00,BE,offshore,15.8,84,165.0,6.7,-0.8910065241883678,-0.45399049973954697,15.4,92,162.0,5.2,-0.9986295347545738,-0.052335956242944306,16.2,86,156.0,5.3,-0.9961946980917455,-0.08715574274765825,15.7,90,175.0,4.7,-0.9975640502598242,-0.06975647374412558,2.224999999999998,open-meteo,2026-08-08T09:50:20+00:00
2026-06-01 07:00:00+00:00,BE,offshore,15.7,83,264.0,7.3,-0.9902680687415703,-0.13917310096006583,15.3,91,297.0,7.4,-0.984807753012208,-0.17364817766693033,16.2,84,293.0,7.7,-0.961261695938319,-0.2756373558169989,15.7,90,324.0,4.9,-0.9986295347545738,0.052335956242943946,2.2749999999999986,open-meteo,2026-08-08T09:50:20+00:00
2026-06-01 08:00:00+00:00,BE,offshore,15.5,86,417.0,6.6,-0.9659258262890683,-0.25881904510252063,15.2,90,430.0,7.0,-0.9702957262759965,-0.24192189559966779,15.9,85,440.0,6.6,-0.961261695938319,-0.2756373558169989,15.5,88,441.0,7.2,-0.9743700647852351,-0.22495105434386525,2.4749999999999996,open-meteo,2026-08-08T09:50:20+00:00
2026-06-01 09:00:00+00:00,BE,offshore,15.2,84,511.0,6.6,-0.7660444431189779,-0.6427876096865395,14.9,92,509.0,5.3,-0.8290375725550418,-0.5591929034707466,15.6,84,520.0,6.1,-0.882947592858927,-0.46947156278589075,15.3,91,488.0,6.0,-0.8660254037844384,-0.5000000000000004,2.75,open-meteo,2026-08-08T09:50:20+00:00
2026-06-01 10:00:00+00:00,BE,offshore,15.5,86,594.0,7.5,-0.8290375725550418,-0.5591929034707466,14.9,90,562.0,7.6,-0.587785252292473,-0.8090169943749475,15.7,82,605.0,7.2,-0.90630778703665,-0.42261826174069916,15.3,89,538.0,6.6,-0.6156614753256582,-0.788010753606722,2.650000000000002,open-meteo,2026-08-08T09:50:20+00:00
2026-06-01 11:00:00+00:00,BE,offshore,15.5,88,690.0,8.1,-0.882947592858927,-0.46947156278589075,15.1,89,643.0,8.2,-0.6156614753256582,-0.788010753606722,15.9,82,689.0,6.5,-0.9335804264972015,-0.3583679495453007,15.3,88,651.0,7.3,-0.6018150231520484,-0.7986355100472928,2.5500000000000007,open-meteo,2026-08-08T09:50:20+00:00
2026-06-01 12:00:00+00:00,BE,offshore,15.3,88,822.0,7.4,-0.9205048534524403,-0.3907311284892738,14.9,91,806.0,9.4,-0.6293203910498376,-0.7771459614569708,15.7,86,830.0,6.5,-0.9945218953682734,-0.10452846326765336,15.2,85,806.0,8.0,-0.7771459614569706,-0.6293203910498378,2.724999999999998,open-meteo,2026-08-08T09:50:20+00:00
2026-06-01 13:00:00+00:00,BE,offshore,15.3,87,791.0,7.5,-0.9743700647852351,-0.22495105434386525,14.7,91,807.0,9.6,-0.6691306063588582,-0.7431448254773942,15.6,88,787.0,6.2,-0.9998476951563913,-0.017452406437283498,14.9,91,810.0,8.1,-0.874619707139396,-0.48480962024633684,2.875,open-meteo,2026-08-08T09:50:20+00:00
2026-06-01 14:00:00+00:00,BE,offshore,15.5,85,683.0,10.6,-0.9205048534524403,-0.3907311284892738,14.8,91,371.0,11.6,-0.6691306063588582,-0.7431448254773942,15.8,86,733.0,8.5,-0.9876883405951377,-0.15643446504023104,15.1,89,601.0,10.1,-0.848048096156426,-0.529919264233205,2.6999999999999993,open-meteo,2026-08-08T09:50:20+00:00
2026-06-01 15:00:00+00:00,BE,offshore,15.5,85,491.0,11.8,-0.961261695938319,-0.2756373558169989,15.2,84,539.0,14.7,-0.7771459614569706,-0.6293203910498378,15.7,86,471.0,7.4,-0.9961946980917455,-0.08715574274765825,15.2,87,307.0,10.4,-0.8987940462991668,-0.43837114678907774,2.6000000000000014,open-meteo,2026-08-08T09:50:20+00:00
2026-06-01 16:00:00+00:00,BE,offshore,15.5,85,285.0,11.2,-0.9510565162951535,-0.30901699437494756,15.1,85,302.0,13.0,-0.7986355100472928,-0.6018150231520483,15.8,85,402.0,6.4,-0.984807753012208,-0.17364817766693033,15.5,85,379.0,9.0,-0.8571673007021121,-0.5150380749100544,2.5249999999999986,open-meteo,2026-08-08T09:50:20+00:00
2026-06-01 17:00:00+00:00,BE,offshore,15.6,81,318.0,12.5,-0.90630778703665,-0.42261826174069916,15.0,85,218.0,13.2,-0.7071067811865475,-0.7071067811865477,15.8,86,405.0,10.7,-0.9961946980917455,-0.08715574274765825,15.5,85,364.0,11.8,-0.874619707139396,-0.48480962024633684,2.5249999999999986,open-meteo,2026-08-08T09:50:20+00:00
2026-06-01 18:00:00+00:00,BE,offshore,16.1,77,129.0,12.7,-0.874619707139396,-0.48480962024633684,15.1,86,109.0,11.8,-0.6691306063588582,-0.7431448254773942,16.6,77,198.0,13.2,-0.9510565162951535,-0.30901699437494756,15.7,81,135.0,14.2,-0.848048096156426,-0.529919264233205,2.125,open-meteo,2026-08-08T09:50:20+00:00
2026-06-01 19:00:00+00:00,BE,offshore,16.0,77,61.0,11.4,-0.848048096156426,-0.529919264233205,14.9,86,32.0,11.5,-0.5591929034707467,-0.8290375725550418,16.5,77,101.0,10.3,-0.9659258262890683,-0.25881904510252063,15.6,81,37.0,13.8,-0.7986355100472928,-0.6018150231520483,2.25,open-meteo,2026-08-08T09:50:20+00:00
2026-06-01 20:00:00+00:00,BE,offshore,16.2,80,22.0,9.1,-0.7313537016191703,-0.6819983600624986,15.3,85,14.0,11.0,-0.46947156278589086,-0.8829475928589269,16.6,81,22.0,9.2,-0.8191520442889916,-0.5735764363510464,16.0,77,9.0,12.4,-0.6946583704589974,-0.7193398003386511,1.9750000000000014,open-meteo,2026-08-08T09:50:20+00:00
2026-06-01 21:00:00+00:00,BE,offshore,16.9,76,0.0,10.5,-0.7431448254773944,-0.6691306063588581,15.8,83,0.0,11.0,-0.6018150231520484,-0.7986355100472928,17.1,80,0.0,8.6,-0.754709580222772,-0.6560590289905073,16.5,80,0.0,11.3,-0.6691306063588582,-0.7431448254773942,1.4249999999999972,open-meteo,2026-08-08T09:50:20+00:00
2026-06-01 22:00:00+00:00,BE,offshore,16.7,77,0.0,9.6,-0.7431448254773944,-0.6691306063588581,15.9,83,0.0,11.1,-0.6691306063588582,-0.7431448254773942,16.9,81,0.0,5.6,-0.08715574274765794,-0.9961946980917455,16.5,80,0.0,11.0,-0.6819983600624984,-0.7313537016191706,1.5,open-meteo,2026-08-08T09:50:20+00:00
2026-06-01 23:00:00+00:00,BE,offshore,16.2,83,0.0,7.2,-0.374606593415912,-0.9271838545667874,15.4,85,0.0,9.4,-0.7193398003386512,-0.6946583704589973,16.8,81,0.0,5.9,0.15643446504023098,-0.9876883405951377,15.9,84,0.0,8.7,-0.275637355816999,-0.9612616959383189,1.9249999999999972,open-meteo,2026-08-08T09:50:20+00:00
2026-06-02 00:00:00+00:00,BE,offshore,16.6,82,0.0,6.6,-0.32556815445715676,-0.9455185755993167,15.6,88,0.0,10.1,-0.8191520442889916,-0.5735764363510464,16.9,87,0.0,5.6,1.2246467991473532e-16,-1.0,16.4,84,0.0,9.1,-0.4067366430758002,-0.9135454576426009,1.625,open-meteo,2026-08-08T09:50:20+00:00
2026-06-02 01:00:00+00:00,BE,offshore,16.6,89,0.0,6.4,-0.0348994967025009,-0.9993908270190958,16.1,84,0.0,10.1,0.10452846326765373,-0.9945218953682733,17.0,87,0.0,6.7,0.06975647374412552,-0.9975640502598242,16.4,89,0.0,9.8,0.05233595624294381,-0.9986295347545738,1.4750000000000014,open-meteo,2026-08-08T09:50:20+00:00
2026-06-02 02:00:00+00:00,BE,offshore,16.7,84,0.0,4.6,0.17364817766693028,-0.984807753012208,15.9,87,0.0,7.9,-0.15643446504023073,-0.9876883405951378,16.9,85,0.0,3.9,0.4694715627858907,-0.882947592858927,16.4,90,0.0,8.2,-0.06975647374412527,-0.9975640502598242,1.5249999999999986,open-meteo,2026-08-08T09:50:20+00:00
2026-06-02 03:00:00+00:00,BE,offshore,15.8,93,0.0,3.2,-0.17364817766693047,-0.984807753012208,15.3,92,0.0,5.9,-0.4226182617406993,-0.90630778703665,15.8,89,0.0,2.3,0.4226182617406995,-0.9063077870366499,15.8,92,0.0,4.4,0.258819045102521,-0.9659258262890682,2.3249999999999993,open-meteo,2026-08-08T09:50:20+00:00
2026-06-02 04:00:00+00:00,BE,offshore,16.3,85,0.0,4.1,0.0871557427476582,-0.9961946980917455,15.2,91,0.0,4.4,-0.13917310096006552,-0.9902680687415703,16.6,87,0.0,3.3,0.6946583704589971,-0.7193398003386513,16.2,89,0.0,4.3,0.01745240643728344,-0.9998476951563913,1.9250000000000007,open-meteo,2026-08-08T09:50:20+00:00
2026-06-02 05:00:00+00:00,BE,offshore,15.3,89,11.0,3.2,0.8910065241883679,-0.45399049973954675,14.5,93,16.0,5.8,0.17364817766693028,-0.984807753012208,16.1,89,12.0,0.7,0.7547095802227721,-0.6560590289905072,15.8,92,7.0,4.0,-0.29237170472273677,-0.9563047559630354,2.5749999999999993,open-meteo,2026-08-08T09:50:20+00:00
2026-06-02 06:00:00+00:00,BE,offshore,15.7,91,15.0,5.1,0.6691306063588585,-0.743144825477394,14.8,97,12.0,4.3,0.05233595624294381,-0.9986295347545738,16.1,92,21.0,2.3,0.20791169081775931,-0.9781476007338057,15.7,96,17.0,4.1,-0.19080899537654472,-0.981627183447664,2.4250000000000007,open-meteo,2026-08-08T09:50:20+00:00
2026-06-02 07:00:00+00:00,BE,offshore,16.3,88,103.0,7.2,0.3420201433256689,-0.9396926207859083,15.2,93,44.0,4.2,0.49999999999999994,-0.8660254037844387,17.1,83,39.0,6.4,0.3255681544571566,-0.9455185755993168,16.2,89,22.0,1.7,0.8571673007021123,-0.5150380749100543,1.8000000000000007,open-meteo,2026-08-08T09:50:20+00:00
2026-06-02 08:00:00+00:00,BE,offshore,15.6,92,83.0,5.6,-0.39073112848927355,-0.9205048534524404,15.0,94,281.0,6.2,0.4383711467890773,-0.898794046299167,16.4,86,199.0,5.4,-0.2419218955996675,-0.9702957262759965,15.9,90,274.0,3.3,0.8480480961564261,-0.5299192642332048,2.2750000000000004,open-meteo,2026-08-08T09:50:20+00:00
2026-06-02 09:00:00+00:00,BE,offshore,15.6,92,13.0,6.3,-0.4226182617406993,-0.90630778703665,14.7,93,14.0,8.7,-0.43837114678907746,-0.8987940462991669,16.1,91,17.0,5.9,-0.5735764363510462,-0.8191520442889918,15.5,93,38.0,7.6,-0.46947156278589086,-0.8829475928589269,2.5250000000000004,open-meteo,2026-08-08T09:50:20+00:00
2026-06-02 10:00:00+00:00,BE,offshore,15.3,87,116.0,6.9,-0.6293203910498376,-0.7771459614569708,14.6,93,205.0,8.9,-0.587785252292473,-0.8090169943749475,15.8,85,95.0,8.5,-0.6427876096865393,-0.766044443118978,15.1,88,100.0,9.0,-0.6018150231520484,-0.7986355100472928,2.799999999999999,open-meteo,2026-08-08T09:50:20+00:00
2026-06-02 11:00:00+00:00,BE,offshore,15.2,91,439.0,7.4,-0.5735764363510462,-0.8191520442889918,14.5,92,696.0,11.3,-0.7313537016191703,-0.6819983600624986,15.5,86,566.0,6.4,-0.5591929034707467,-0.8290375725550418,15.0,86,484.0,9.4,-0.874619707139396,-0.48480962024633684,2.9499999999999993,open-meteo,2026-08-08T09:50:20+00:00
2026-06-02 12:00:00+00:00,BE,offshore,15.6,85,131.0,8.9,-0.848048096156426,-0.529919264233205,14.9,95,417.0,10.8,-0.656059028990507,-0.7547095802227721,15.9,93,401.0,7.4,-0.882947592858927,-0.46947156278589075,15.7,93,765.0,9.8,-0.7431448254773944,-0.6691306063588581,2.4750000000000014,open-meteo,2026-08-08T09:50:20+00:00
2026-06-02 13:00:00+00:00,BE,offshore,15.4,87,486.0,8.8,-0.8290375725550418,-0.5591929034707466,14.6,91,302.0,9.9,-0.656059028990507,-0.7547095802227721,15.9,87,546.0,7.1,-0.882947592858927,-0.46947156278589075,14.9,90,692.0,9.4,-0.7431448254773944,-0.6691306063588581,2.8000000000000007,open-meteo,2026-08-08T09:50:20+00:00
2026-06-02 14:00:00+00:00,BE,offshore,15.7,85,795.0,10.7,-0.7071067811865475,-0.7071067811865477,14.9,90,737.0,10.7,-0.5591929034707467,-0.8290375725550418,16.0,86,388.0,9.3,-0.8987940462991668,-0.43837114678907774,15.1,89,622.0,9.1,-0.6819983600624984,-0.7313537016191706,2.5749999999999993,open-meteo,2026-08-08T09:50:20+00:00
2026-06-02 15:00:00+00:00,BE,offshore,15.4,88,552.0,14.9,-0.848048096156426,-0.529919264233205,14.8,93,339.0,12.1,-0.6819983600624984,-0.7313537016191706,16.0,84,420.0,11.6,-0.882947592858927,-0.46947156278589075,15.1,91,553.0,12.9,-0.8090169943749473,-0.5877852522924732,2.674999999999999,open-meteo,2026-08-08T09:50:20+00:00
2026-06-02 16:00:00+00:00,BE,offshore,15.6,89,505.0,16.3,-0.8571673007021121,-0.5150380749100544,15.1,91,428.0,13.8,-0.7313537016191703,-0.6819983600624986,16.0,86,511.0,16.7,-0.8987940462991668,-0.43837114678907774,15.3,91,379.0,13.8,-0.754709580222772,-0.6560590289905073,2.5,open-meteo,2026-08-08T09:50:20+00:00
2026-06-02 17:00:00+00:00,BE,offshore,15.5,87,246.0,15.4,-0.7771459614569706,-0.6293203910498378,14.8,83,313.0,11.9,-0.848048096156426,-0.529919264233205,15.8,85,243.0,15.9,-0.8660254037844384,-0.5000000000000004,15.0,90,290.0,13.7,-0.8191520442889916,-0.5735764363510464,2.7249999999999996,open-meteo,2026-08-08T09:50:20+00:00
2026-06-02 18:00:00+00:00,BE,offshore,15.3,89,275.0,15.4,-0.7660444431189779,-0.6427876096865395,14.6,84,269.0,11.7,-0.8660254037844384,-0.5000000000000004,15.5,86,267.0,15.1,-0.7880107536067221,-0.6156614753256581,14.7,89,224.0,9.0,-0.9335804264972015,-0.3583679495453007,2.9750000000000014,open-meteo,2026-08-08T09:50:20+00:00
2026-06-02 19:00:00+00:00,BE,offshore,15.5,80,131.0,12.8,-0.8660254037844384,-0.5000000000000004,14.8,84,126.0,11.0,-0.9455185755993168,-0.32556815445715664,15.8,75,128.0,11.9,-0.9205048534524403,-0.3907311284892738,15.0,88,118.0,10.5,-0.9271838545667873,-0.3746065934159123,2.7249999999999996,open-meteo,2026-08-08T09:50:20+00:00
2026-06-02 20:00:00+00:00,BE,offshore,15.4,84,7.0,10.0,-0.882947592858927,-0.46947156278589075,14.7,88,25.0,9.8,-0.913545457642601,-0.4067366430758001,15.5,79,24.0,10.1,-0.9396926207859084,-0.34202014332566855,14.8,88,24.0,10.8,-0.9205048534524403,-0.3907311284892738,2.8999999999999986,open-meteo,2026-08-08T09:50:20+00:00
2026-06-02 21:00:00+00:00,BE,offshore,15.3,85,0.0,12.1,-0.9205048534524403,-0.3907311284892738,14.8,88,0.0,11.5,-0.8987940462991668,-0.43837114678907774,15.4,84,0.0,12.5,-0.8660254037844384,-0.5000000000000004,14.9,86,0.0,10.8,-0.90630778703665,-0.42261826174069916,2.9000000000000004,open-meteo,2026-08-08T09:50:20+00:00
2026-06-02 22:00:00+00:00,BE,offshore,15.4,90,0.0,11.1,-0.913545457642601,-0.4067366430758001,15.0,90,0.0,12.6,-0.90630778703665,-0.42261826174069916,15.9,85,0.0,11.1,-0.9271838545667873,-0.3746065934159123,15.2,87,0.0,10.6,-0.882947592858927,-0.46947156278589075,2.625,open-meteo,2026-08-08T09:50:20+00:00
2026-06-02 23:00:00+00:00,BE,offshore,13.9,88,0.0,11.4,-0.9998476951563913,-0.017452406437283498,15.0,86,0.0,13.0,-0.8571673007021121,-0.5150380749100544,15.5,87,0.0,11.0,-0.9986295347545738,-0.052335956242944306,14.8,90,0.0,13.0,-0.90630778703665,-0.42261826174069916,3.1999999999999993,open-meteo,2026-08-08T09:50:20+00:00
2026-06-03 00:00:00+00:00,BE,offshore,15.6,85,0.0,12.5,-0.981627183447664,-0.1908089953765446,14.9,89,0.0,11.5,-0.9510565162951535,-0.30901699437494756,15.7,85,0.0,11.2,-0.9876883405951377,-0.15643446504023104,15.1,90,0.0,12.0,-0.9743700647852351,-0.22495105434386525,2.674999999999999,open-meteo,2026-08-08T09:50:20+00:00
2026-06-03 01:00:00+00:00,BE,offshore,14.8,90,0.0,12.7,-0.9945218953682734,-0.10452846326765336,14.6,92,0.0,12.6,-0.9781476007338056,-0.2079116908177598,15.5,87,0.0,12.0,-0.9975640502598242,-0.06975647374412558,14.7,92,0.0,12.8,-0.9659258262890683,-0.25881904510252063,3.1000000000000014,open-meteo,2026-08-08T09:50:20+00:00
2026-06-03 02:00:00+00:00,BE,offshore,15.4,87,0.0,12.3,-0.9925461516413221,-0.12186934340514717,15.1,91,0.0,12.7,-0.9998476951563913,-0.017452406437283498,15.6,87,0.0,12.6,-0.9925461516413221,-0.12186934340514717,15.3,91,0.0,11.8,-0.9925461516413221,-0.12186934340514717,2.6499999999999986,open-meteo,2026-08-08T09:50:20+00:00
2026-06-03 03:00:00+00:00,BE,offshore,14.8,89,0.0,10.9,-0.981627183447664,-0.1908089953765446,14.8,91,0.0,12.0,-0.981627183447664,-0.1908089953765446,15.1,88,0.0,11.1,-0.9781476007338056,-0.2079116908177598,14.9,92,0.0,11.8,-0.9876883405951377,-0.15643446504023104,3.0999999999999996,open-meteo,2026-08-08T09:50:20+00:00
2026-06-03 04:00:00+00:00,BE,offshore,14.7,89,2.0,10.2,-0.984807753012208,-0.17364817766693033,14.8,91,0.0,10.3,-0.9902680687415703,-0.13917310096006583,15.1,89,1.0,11.1,-0.984807753012208,-0.17364817766693033,14.9,91,1.0,11.4,-0.9945218953682734,-0.10452846326765336,3.125,open-meteo,2026-08-08T09:50:20+00:00
2026-06-03 05:00:00+00:00,BE,offshore,14.7,87,18.0,10.3,-0.913545457642601,-0.4067366430758001,14.9,90,48.0,9.7,-0.9702957262759965,-0.24192189559966779,15.0,87,15.0,11.5,-0.9271838545667873,-0.3746065934159123,14.8,93,36.0,9.5,-0.984807753012208,-0.17364817766693033,3.1499999999999986,open-meteo,2026-08-08T09:50:20+00:00
2026-06-03 06:00:00+00:00,BE,offshore,14.3,88,101.0,9.7,-0.9396926207859084,-0.34202014332566855,14.4,89,87.0,9.2,-0.9659258262890683,-0.25881904510252063,14.7,87,160.0,10.7,-0.9455185755993168,-0.32556815445715664,14.6,88,75.0,10.9,-0.9659258262890683,-0.25881904510252063,3.4999999999999982,open-meteo,2026-08-08T09:50:20+00:00
2026-06-03 07:00:00+00:00,BE,offshore,14.5,88,73.0,11.6,-0.8386705679454242,-0.544639035015027,14.2,89,141.0,9.7,-0.7986355100472928,-0.6018150231520483,14.9,85,69.0,10.8,-0.882947592858927,-0.46947156278589075,14.3,90,135.0,10.6,-0.8386705679454242,-0.544639035015027,3.5249999999999986,open-meteo,2026-08-08T09:50:20+00:00
2026-06-03 08:00:00+00:00,BE,offshore,14.7,82,315.0,14.1,-0.8290375725550418,-0.5591929034707466,13.9,88,295.0,10.5,-0.7880107536067221,-0.6156614753256581,15.1,81,244.0,13.8,-0.8571673007021121,-0.5150380749100544,14.3,87,359.0,10.8,-0.7771459614569706,-0.6293203910498378,3.5,open-meteo,2026-08-08T09:50:20+00:00
2026-06-03 09:00:00+00:00,BE,offshore,14.8,84,536.0,13.2,-0.7313537016191703,-0.6819983600624986,13.9,86,470.0,10.5,-0.7071067811865475,-0.7071067811865477,15.0,81,260.0,12.7,-0.7313537016191703,-0.6819983600624986,14.1,86,310.0,10.7,-0.7771459614569706,-0.6293203910498378,3.549999999999999,open-meteo,2026-08-08T09:50:20+00:00
2026-06-03 10:00:00+00:00,BE,offshore,14.9,80,274.0,13.1,-0.6946583704589974,-0.7193398003386511,14.3,86,350.0,11.0,-0.587785252292473,-0.8090169943749475,15.3,79,159.0,12.4,-0.6819983600624984,-0.7313537016191706,14.6,84,216.0,11.7,-0.6946583704589974,-0.7193398003386511,3.2249999999999996,open-meteo,2026-08-08T09:50:20+00:00
2026-06-03 11:00:00+00:00,BE,offshore,15.3,74,146.0,13.2,-0.6946583704589974,-0.7193398003386511,14.6,83,215.0,14.4,-0.6156614753256582,-0.788010753606722,15.7,70,135.0,12.4,-0.6427876096865393,-0.766044443118978,14.7,78,170.0,13.2,-0.587785252292473,-0.8090169943749475,2.9250000000000007,open-meteo,2026-08-08T09:50:20+00:00
2026-06-03 12:00:00+00:00,BE,offshore,15.0,83,101.0,14.0,-0.4539904997395467,-0.8910065241883679,14.6,85,213.0,15.1,-0.5446390350150271,-0.838670567945424,15.3,81,135.0,13.5,-0.46947156278589086,-0.8829475928589269,14.7,81,280.0,13.9,-0.5299192642332048,-0.8480480961564261,3.099999999999998,open-meteo,2026-08-08T09:50:20+00:00
2026-06-03 13:00:00+00:00,BE,offshore,15.0,85,267.0,12.1,-0.656059028990507,-0.7547095802227721,14.7,86,78.0,13.6,-0.48480962024633695,-0.8746197071393959,15.6,82,163.0,10.8,-0.5735764363510462,-0.8191520442889918,14.9,86,185.0,13.5,-0.4226182617406993,-0.90630778703665,2.950000000000001,open-meteo,2026-08-08T09:50:20+00:00
2026-06-03 14:00:00+00:00,BE,offshore,15.4,87,16.0,9.8,-0.39073112848927355,-0.9205048534524404,14.4,92,19.0,13.3,-0.2419218955996675,-0.9702957262759965,16.1,82,41.0,10.3,-0.2079116908177595,-0.9781476007338056,14.6,91,57.0,12.6,-0.32556815445715676,-0.9455185755993167,2.8749999999999982,open-meteo,2026-08-08T09:50:20+00:00
2026-06-03 15:00:00+00:00,BE,offshore,15.3,86,12.0,16.4,-0.052335956242943564,-0.9986295347545738,14.7,91,17.0,16.3,0.03489949670250114,-0.9993908270190958,15.5,86,13.0,13.3,1.2246467991473532e-16,-1.0,14.8,90,22.0,15.2,0.06975647374412552,-0.9975640502598242,2.9250000000000007,open-meteo,2026-08-08T09:50:20+00:00
2026-06-03 16:00:00+00:00,BE,offshore,15.1,88,10.0,17.2,-0.06975647374412527,-0.9975640502598242,14.8,90,10.0,19.0,-0.1045284632676535,-0.9945218953682733,15.3,87,15.0,16.4,-0.017452406437283637,-0.9998476951563913,15.0,88,12.0,18.4,-0.052335956242943564,-0.9986295347545738,2.9499999999999993,open-meteo,2026-08-08T09:50:20+00:00
2026-06-03 17:00:00+00:00,BE,offshore,15.4,90,11.0,16.7,-0.2419218955996675,-0.9702957262759965,15.0,91,15.0,18.3,-0.275637355816999,-0.9612616959383189,15.5,89,9.0,16.7,-0.13917310096006552,-0.9902680687415703,15.1,90,7.0,17.9,-0.15643446504023073,-0.9876883405951378,2.75,open-meteo,2026-08-08T09:50:20+00:00
2026-06-03 18:00:00+00:00,BE,offshore,15.6,91,13.0,15.9,-0.4226182617406993,-0.90630778703665,15.2,91,104.0,18.3,-0.46947156278589086,-0.8829475928589269,15.5,91,6.0,16.9,-0.275637355816999,-0.9612616959383189,15.1,91,8.0,18.8,-0.29237170472273677,-0.9563047559630354,2.6500000000000004,open-meteo,2026-08-08T09:50:20+00:00
2026-06-03 19:00:00+00:00,BE,offshore,15.7,85,22.0,17.2,-0.6691306063588582,-0.7431448254773942,15.2,88,54.0,17.8,-0.5735764363510462,-0.8191520442889918,15.9,92,25.0,12.6,-0.4067366430758002,-0.9135454576426009,15.4,92,28.0,16.2,-0.4067366430758002,-0.9135454576426009,2.450000000000001,open-meteo,2026-08-08T09:50:20+00:00
2026-06-03 20:00:00+00:00,BE,offshore,15.5,86,14.0,17.4,-0.754709580222772,-0.6560590289905073,15.1,89,25.0,17.7,-0.6293203910498376,-0.7771459614569708,16.1,82,3.0,14.5,-0.6691306063588582,-0.7431448254773942,15.3,88,14.0,16.6,-0.6156614753256582,-0.788010753606722,2.5,open-meteo,2026-08-08T09:50:20+00:00
2026-06-03 21:00:00+00:00,BE,offshore,15.5,85,0.0,18.3,-0.6946583704589974,-0.7193398003386511,15.0,89,0.0,18.8,-0.656059028990507,-0.7547095802227721,16.1,81,0.0,16.5,-0.6691306063588582,-0.7431448254773942,15.2,87,0.0,17.8,-0.6293203910498376,-0.7771459614569708,2.5500000000000007,open-meteo,2026-08-08T09:50:20+00:00
2026-06-03 22:00:00+00:00,BE,offshore,15.3,86,0.0,17.7,-0.7313537016191703,-0.6819983600624986,14.9,88,0.0,19.3,-0.6946583704589974,-0.7193398003386511,15.6,83,0.0,16.3,-0.6427876096865393,-0.766044443118978,15.0,88,0.0,19.3,-0.6946583704589974,-0.7193398003386511,2.799999999999999,open-meteo,2026-08-08T09:50:20+00:00
2026-06-03 23:00:00+00:00,BE,offshore,15.4,85,0.0,17.6,-0.7313537016191703,-0.6819983600624986,14.9,89,0.0,16.9,-0.6427876096865393,-0.766044443118978,15.3,85,0.0,14.9,-0.6691306063588582,-0.7431448254773942,15.0,88,0.0,17.1,-0.6819983600624984,-0.7313537016191706,2.8499999999999996,open-meteo,2026-08-08T09:50:20+00:00
2026-06-04 00:00:00+00:00,BE,offshore,15.3,85,0.0,16.2,-0.656059028990507,-0.7547095802227721,14.9,88,0.0,16.1,-0.6427876096865393,-0.766044443118978,15.3,87,0.0,13.7,-0.5000000000000001,-0.8660254037844386,15.0,87,0.0,15.5,-0.6691306063588582,-0.7431448254773942,2.875,open-meteo,2026-08-08T09:50:20+00:00
2026-06-04 01:00:00+00:00,BE,offshore,15.4,84,0.0,17.4,-0.7431448254773944,-0.6691306063588581,14.9,85,0.0,16.9,-0.656059028990507,-0.7547095802227721,15.9,81,0.0,16.6,-0.7431448254773944,-0.6691306063588581,15.2,85,0.0,15.9,-0.6691306063588582,-0.7431448254773942,2.6499999999999986,open-meteo,2026-08-08T09:50:20+00:00
2026-06-04 02:00:00+00:00,BE,offshore,14.8,83,0.0,17.4,-0.7880107536067221,-0.6156614753256581,14.5,85,0.0,16.7,-0.6946583704589974,-0.7193398003386511,15.2,81,0.0,16.1,-0.7880107536067221,-0.6156614753256581,14.6,84,0.0,17.4,-0.7880107536067221,-0.6156614753256581,3.2249999999999996,open-meteo,2026-08-08T09:50:20+00:00
2026-06-04 03:00:00+00:00,BE,offshore,14.9,86,0.0,15.7,-0.7193398003386512,-0.6946583704589973,14.5,87,0.0,14.1,-0.656059028990507,-0.7547095802227721,15.0,83,0.0,13.5,-0.6156614753256582,-0.788010753606722,14.6,84,0.0,15.3,-0.6819983600624984,-0.7313537016191706,3.25,open-meteo,2026-08-08T09:50:20+00:00
2026-06-04 04:00:00+00:00,BE,offshore,15.2,84,1.0,15.1,-0.6427876096865393,-0.766044443118978,14.6,89,0.0,19.4,-0.6946583704589974,-0.7193398003386511,15.0,86,1.0,13.5,-0.4067366430758002,-0.9135454576426009,14.6,89,1.0,16.0,-0.5000000000000001,-0.8660254037844386,3.1500000000000004,open-meteo,2026-08-08T09:50:20+00:00
2026-06-04 05:00:00+00:00,BE,offshore,15.1,85,14.0,13.9,-0.48480962024633695,-0.8746197071393959,14.3,92,3.0,14.7,-0.587785252292473,-0.8090169943749475,14.7,89,10.0,12.6,-0.22495105434386498,-0.9743700647852352,14.8,89,7.0,15.4,-0.5150380749100542,-0.8571673007021123,3.275000000000002,open-meteo,2026-08-08T09:50:20+00:00
2026-06-04 06:00:00+00:00,BE,offshore,14.7,90,72.0,14.1,-0.5446390350150271,-0.838670567945424,14.6,89,39.0,14.1,-0.7193398003386512,-0.6946583704589973,14.7,88,27.0,13.4,-0.275637355816999,-0.9612616959383189,14.7,89,11.0,14.5,-0.48480962024633695,-0.8746197071393959,3.3249999999999993,open-meteo,2026-08-08T09:50:20+00:00
2026-06-04 07:00:00+00:00,BE,offshore,15.2,81,189.0,16.0,-0.7431448254773944,-0.6691306063588581,14.8,86,317.0,15.1,-0.6427876096865393,-0.766044443118978,15.1,87,100.0,13.6,-0.5735764363510462,-0.8191520442889918,14.9,86,106.0,14.6,-0.6691306063588582,-0.7431448254773942,3.0,open-meteo,2026-08-08T09:50:20+00:00
2026-06-04 08:00:00+00:00,BE,offshore,15.0,82,348.0,12.9,-0.5299192642332048,-0.8480480961564261,14.7,84,458.0,15.8,-0.6018150231520484,-0.7986355100472928,15.3,80,248.0,13.4,-0.6018150231520484,-0.7986355100472928,14.9,83,378.0,15.7,-0.6427876096865393,-0.766044443118978,3.0250000000000004,open-meteo,2026-08-08T09:50:20+00:00
2026-06-04 09:00:00+00:00,BE,offshore,14.7,87,266.0,14.8,-0.656059028990507,-0.7547095802227721,14.7,84,321.0,16.3,-0.656059028990507,-0.7547095802227721,15.2,82,442.0,14.1,-0.6018150231520484,-0.7986355100472928,15.0,81,476.0,15.2,-0.6293203910498376,-0.7771459614569708,3.1000000000000014,open-meteo,2026-08-08T09:50:20+00:00
2026-06-04 10:00:00+00:00,BE,offshore,15.2,83,476.0,17.0,-0.7313537016191703,-0.6819983600624986,14.5,89,675.0,16.9,-0.587785252292473,-0.8090169943749475,15.4,79,61.0,14.8,-0.6018150231520484,-0.7986355100472928,14.7,88,568.0,15.2,-0.5299192642332048,-0.8480480961564261,3.0500000000000007,open-meteo,2026-08-08T09:50:20+00:00
2026-06-04 11:00:00+00:00,BE,offshore,15.3,79,528.0,17.1,-0.7660444431189779,-0.6427876096865395,14.7,84,815.0,17.1,-0.6156614753256582,-0.788010753606722,15.3,80,510.0,14.7,-0.5591929034707467,-0.8290375725550418,15.0,81,648.0,17.0,-0.6156614753256582,-0.788010753606722,2.9250000000000007,open-meteo,2026-08-08T09:50:20+00:00
2026-06-04 12:00:00+00:00,BE,offshore,15.3,83,856.0,17.8,-0.7071067811865475,-0.7071067811865477,14.9,87,634.0,15.6,-0.6293203910498376,-0.7771459614569708,15.9,78,614.0,17.7,-0.7313537016191703,-0.6819983600624986,15.1,84,869.0,16.2,-0.6819983600624984,-0.7313537016191706,2.6999999999999993,open-meteo,2026-08-08T09:50:20+00:00
2026-06-04 13:00:00+00:00,BE,offshore,14.8,83,789.0,17.7,-0.7071067811865475,-0.7071067811865477,14.5,86,743.0,15.6,-0.6293203910498376,-0.7771459614569708,15.3,80,858.0,18.7,-0.7880107536067221,-0.6156614753256581,14.7,85,568.0,16.7,-0.7313537016191703,-0.6819983600624986,3.1750000000000007,open-meteo,2026-08-08T09:50:20+00:00
2026-06-04 14:00:00+00:00,BE,offshore,14.9,81,796.0,18.3,-0.7880107536067221,-0.6156614753256581,14.6,87,802.0,15.7,-0.656059028990507,-0.7547095802227721,15.3,79,730.0,18.4,-0.8290375725550418,-0.5591929034707466,14.8,85,772.0,17.0,-0.7071067811865475,-0.7071067811865477,3.1000000000000014,open-meteo,2026-08-08T09:50:20+00:00
2026-06-04 15:00:00+00:00,BE,offshore,15.0,84,709.0,17.7,-0.8090169943749473,-0.5877852522924732,14.6,89,564.0,15.3,-0.7771459614569706,-0.6293203910498378,15.3,82,687.0,19.0,-0.8090169943749473,-0.5877852522924732,14.7,86,620.0,18.1,-0.7771459614569706,-0.6293203910498378,3.099999999999998,open-meteo,2026-08-08T09:50:20+00:00
2026-06-04 16:00:00+00:00,BE,offshore,14.9,85,475.0,17.9,-0.848048096156426,-0.529919264233205,14.2,91,239.0,14.0,-0.8191520442889916,-0.5735764363510464,15.2,82,528.0,18.5,-0.874619707139396,-0.48480962024633684,14.4,89,205.0,16.6,-0.8191520442889916,-0.5735764363510464,3.325000000000001,open-meteo,2026-08-08T09:50:20+00:00
2026-06-04 17:00:00+00:00,BE,offshore,14.9,85,212.0,17.3,-0.7986355100472928,-0.6018150231520483,14.6,89,229.0,15.2,-0.754709580222772,-0.6560590289905073,15.2,84,308.0,17.6,-0.848048096156426,-0.529919264233205,14.7,87,143.0,16.5,-0.8191520442889916,-0.5735764363510464,3.1499999999999986,open-meteo,2026-08-08T09:50:20+00:00
2026-06-04 18:00:00+00:00,BE,offshore,15.0,84,52.0,17.4,-0.7431448254773944,-0.6691306063588581,14.8,87,251.0,16.0,-0.6946583704589974,-0.7193398003386511,15.4,79,54.0,17.4,-0.7771459614569706,-0.6293203910498378,14.8,86,196.0,16.8,-0.7313537016191703,-0.6819983600624986,3.0,open-meteo,2026-08-08T09:50:20+00:00
2026-06-04 19:00:00+00:00,BE,offshore,14.9,87,122.0,16.8,-0.7771459614569706,-0.6293203910498378,14.7,89,132.0,13.3,-0.6819983600624984,-0.7313537016191706,15.3,82,101.0,15.9,-0.7880107536067221,-0.6156614753256581,14.8,87,97.0,14.3,-0.754709580222772,-0.6560590289905073,3.0749999999999993,open-meteo,2026-08-08T09:50:20+00:00
2026-06-04 20:00:00+00:00,BE,offshore,15.2,87,22.0,17.5,-0.848048096156426,-0.529919264233205,14.9,90,27.0,12.8,-0.7431448254773944,-0.6691306063588581,15.4,84,22.0,16.7,-0.8386705679454242,-0.544639035015027,15.0,88,23.0,14.3,-0.7313537016191703,-0.6819983600624986,2.875,open-meteo,2026-08-08T09:50:20+00:00
2026-06-04 21:00:00+00:00,BE,offshore,14.9,88,0.0,17.3,-0.8191520442889916,-0.5735764363510464,15.1,90,0.0,13.8,-0.9563047559630353,-0.2923717047227371,15.1,86,0.0,17.6,-0.8191520442889916,-0.5735764363510464,15.0,90,0.0,15.8,-0.7771459614569706,-0.6293203910498378,2.9749999999999996,open-meteo,2026-08-08T09:50:20+00:00
2026-06-04 22:00:00+00:00,BE,offshore,15.0,87,0.0,15.2,-0.8191520442889916,-0.5735764363510464,15.0,88,0.0,12.6,-0.848048096156426,-0.529919264233205,15.1,86,0.0,16.2,-0.8386705679454242,-0.544639035015027,15.0,90,0.0,13.9,-0.8191520442889916,-0.5735764363510464,2.9749999999999996,open-meteo,2026-08-08T09:50:20+00:00
2026-06-04 23:00:00+00:00,BE,offshore,15.0,88,0.0,14.7,-0.8290375725550418,-0.5591929034707466,14.8,90,0.0,12.3,-0.7660444431189779,-0.6427876096865395,15.2,87,0.0,15.3,-0.848048096156426,-0.529919264233205,14.9,90,0.0,13.8,-0.7431448254773944,-0.6691306063588581,3.0250000000000004,open-meteo,2026-08-08T09:50:20+00:00
2026-06-05 00:00:00+00:00,BE,offshore,15.0,88,0.0,14.0,-0.8660254037844384,-0.5000000000000004,14.9,90,0.0,12.1,-0.90630778703665,-0.42261826174069916,15.2,87,0.0,15.5,-0.8571673007021121,-0.5150380749100544,14.8,92,0.0,12.8,-0.8386705679454242,-0.544639035015027,3.025000000000002,open-meteo,2026-08-08T09:50:20+00:00
2026-06-05 01:00:00+00:00,BE,offshore,15.0,86,0.0,11.7,-0.882947592858927,-0.46947156278589075,14.8,91,0.0,11.9,-0.9510565162951535,-0.30901699437494756,15.3,86,0.0,12.8,-0.8660254037844384,-0.5000000000000004,15.0,89,0.0,10.9,-0.874619707139396,-0.48480962024633684,2.9749999999999996,open-meteo,2026-08-08T09:50:20+00:00
2026-06-05 02:00:00+00:00,BE,offshore,14.7,84,0.0,12.3,-0.9271838545667873,-0.3746065934159123,14.6,89,0.0,12.4,-0.9743700647852351,-0.22495105434386525,14.9,85,0.0,13.5,-0.913545457642601,-0.4067366430758001,14.8,88,0.0,12.8,-0.9510565162951535,-0.30901699437494756,3.25,open-meteo,2026-08-08T09:50:20+00:00
2026-06-05 03:00:00+00:00,BE,offshore,14.6,85,0.0,12.0,-0.961261695938319,-0.2756373558169989,14.7,85,0.0,11.2,-0.9986295347545738,-0.052335956242944306,14.6,89,0.0,12.9,-0.9396926207859084,-0.34202014332566855,14.7,91,0.0,11.8,-0.9455185755993168,-0.32556815445715664,3.3500000000000014,open-meteo,2026-08-08T09:50:20+00:00
2026-06-05 04:00:00+00:00,BE,offshore,14.2,87,1.0,11.1,-0.9659258262890683,-0.25881904510252063,14.6,85,2.0,10.8,-0.9961946980917455,-0.08715574274765825,14.5,86,1.0,11.5,-0.9510565162951535,-0.30901699437494756,14.8,85,2.0,11.4,-0.981627183447664,-0.1908089953765446,3.4750000000000014,open-meteo,2026-08-08T09:50:20+00:00
2026-06-05 05:00:00+00:00,BE,offshore,14.3,85,11.0,10.3,-0.984807753012208,-0.17364817766693033,14.6,82,15.0,10.4,-0.9998476951563913,-0.017452406437283498,14.6,84,18.0,11.0,-0.9876883405951377,-0.15643446504023104,14.7,84,16.0,10.4,-0.9876883405951377,-0.15643446504023104,3.4499999999999993,open-meteo,2026-08-08T09:50:20+00:00
2026-06-05 06:00:00+00:00,BE,offshore,14.2,85,54.0,10.0,-0.9702957262759965,-0.24192189559966779,14.4,83,103.0,10.4,-0.9993908270190958,0.03489949670250128,14.4,85,50.0,10.9,-0.9743700647852351,-0.22495105434386525,14.5,83,58.0,10.2,-0.9993908270190958,-0.03489949670250076,3.625,open-meteo,2026-08-08T09:50:20+00:00
2026-06-05 07:00:00+00:00,BE,offshore,14.1,85,80.0,8.4,-0.9743700647852351,-0.22495105434386525,14.6,80,115.0,8.5,-1.0,-1.8369701987210297e-16,14.1,87,125.0,8.2,-0.9702957262759965,-0.24192189559966779,14.7,80,146.0,8.4,-0.9998476951563913,-0.017452406437283498,3.625,open-meteo,2026-08-08T09:50:20+00:00
2026-06-05 08:00:00+00:00,BE,offshore,14.3,83,348.0,8.3,-0.9455185755993168,-0.32556815445715664,14.5,80,497.0,7.7,-0.9945218953682734,-0.10452846326765336,14.6,83,115.0,8.4,-0.9659258262890683,-0.25881904510252063,14.6,80,264.0,8.0,-0.9925461516413221,-0.12186934340514717,3.5,open-meteo,2026-08-08T09:50:20+00:00
2026-06-05 09:00:00+00:00,BE,offshore,14.0,84,448.0,7.1,-0.9510565162951535,-0.30901699437494756,14.2,80,632.0,6.1,-0.9781476007338056,-0.2079116908177598,14.3,83,398.0,8.0,-0.961261695938319,-0.2756373558169989,14.4,81,619.0,6.8,-0.984807753012208,-0.17364817766693033,3.7750000000000004,open-meteo,2026-08-08T09:50:20+00:00
2026-06-05 10:00:00+00:00,BE,offshore,14.2,81,740.0,6.3,-0.8290375725550418,-0.5591929034707466,14.5,78,755.0,5.7,-0.874619707139396,-0.48480962024633684,14.4,81,748.0,6.8,-0.90630778703665,-0.42261826174069916,14.6,78,755.0,6.2,-0.913545457642601,-0.4067366430758001,3.5749999999999993,open-meteo,2026-08-08T09:50:20+00:00
2026-06-05 11:00:00+00:00,BE,offshore,14.3,79,833.0,7.2,-0.7771459614569706,-0.6293203910498378,14.5,79,824.0,6.1,-0.7193398003386512,-0.6946583704589973,14.5,80,827.0,6.2,-0.913545457642601,-0.4067366430758001,14.5,80,795.0,6.2,-0.8571673007021121,-0.5150380749100544,3.5500000000000007,open-meteo,2026-08-08T09:50:20+00:00
2026-06-05 12:00:00+00:00,BE,offshore,14.7,77,874.0,9.0,-0.8660254037844384,-0.5000000000000004,14.5,81,840.0,7.0,-0.6427876096865393,-0.766044443118978,14.8,77,876.0,7.5,-0.9659258262890683,-0.25881904510252063,14.5,81,859.0,7.4,-0.8290375725550418,-0.5591929034707466,3.375,open-meteo,2026-08-08T09:50:20+00:00
2026-06-05 13:00:00+00:00,BE,offshore,14.8,76,872.0,9.5,-0.7986355100472928,-0.6018150231520483,14.4,82,868.0,6.9,-0.656059028990507,-0.7547095802227721,15.0,74,869.0,7.6,-0.961261695938319,-0.2756373558169989,14.5,83,863.0,6.4,-0.7660444431189779,-0.6427876096865395,3.3249999999999993,open-meteo,2026-08-08T09:50:20+00:00
2026-06-05 14:00:00+00:00,BE,offshore,14.6,80,808.0,10.5,-0.8571673007021121,-0.5150380749100544,14.6,83,760.0,10.4,-0.7771459614569706,-0.6293203910498378,15.2,76,808.0,9.4,-0.9743700647852351,-0.22495105434386525,14.7,82,796.0,7.3,-0.8090169943749473,-0.5877852522924732,3.2250000000000014,open-meteo,2026-08-08T09:50:20+00:00
2026-06-05 15:00:00+00:00,BE,offshore,14.5,80,694.0,10.1,-0.9205048534524403,-0.3907311284892738,14.6,80,593.0,10.5,-0.754709580222772,-0.6560590289905073,15.0,77,704.0,10.5,-0.9876883405951377,-0.15643446504023104,14.7,82,695.0,9.7,-0.882947592858927,-0.46947156278589075,3.3000000000000007,open-meteo,2026-08-08T09:50:20+00:00
2026-06-05 16:00:00+00:00,BE,offshore,14.4,78,508.0,10.0,-0.882947592858927,-0.46947156278589075,14.4,78,501.0,9.3,-0.6946583704589974,-0.7193398003386511,15.0,75,506.0,9.5,-0.9781476007338056,-0.2079116908177598,14.5,79,532.0,9.0,-0.874619707139396,-0.48480962024633684,3.4250000000000007,open-meteo,2026-08-08T09:50:20+00:00
2026-06-05 17:00:00+00:00,BE,offshore,14.5,72,377.0,9.8,-0.7880107536067221,-0.6156614753256581,14.5,74,352.0,9.0,-0.7071067811865475,-0.7071067811865477,14.9,72,369.0,9.9,-0.9335804264972015,-0.3583679495453007,14.5,78,337.0,8.5,-0.8191520442889916,-0.5735764363510464,3.4000000000000004,open-meteo,2026-08-08T09:50:20+00:00
2026-06-05 18:00:00+00:00,BE,offshore,14.6,73,293.0,9.9,-0.7660444431189779,-0.6427876096865395,14.6,73,288.0,8.8,-0.6156614753256582,-0.788010753606722,15.1,69,280.0,9.5,-0.90630778703665,-0.42261826174069916,14.7,75,278.0,7.5,-0.7986355100472928,-0.6018150231520483,3.25,open-meteo,2026-08-08T09:50:20+00:00
2026-06-05 19:00:00+00:00,BE,offshore,15.0,65,141.0,9.9,-0.6293203910498376,-0.7771459614569708,14.5,71,144.0,10.0,-0.6018150231520484,-0.7986355100472928,15.4,65,137.0,8.9,-0.7771459614569706,-0.6293203910498378,14.4,72,140.0,9.0,-0.6018150231520484,-0.7986355100472928,3.1750000000000007,open-meteo,2026-08-08T09:50:20+00:00
2026-06-05 20:00:00+00:00,BE,offshore,15.0,68,31.0,8.1,-0.5591929034707467,-0.8290375725550418,14.7,71,33.0,10.8,-0.5446390350150271,-0.838670567945424,15.6,62,29.0,8.0,-0.6293203910498376,-0.7771459614569708,14.8,66,31.0,10.9,-0.5591929034707467,-0.8290375725550418,2.9750000000000014,open-meteo,2026-08-08T09:50:20+00:00
2026-06-05 21:00:00+00:00,BE,offshore,15.1,61,0.0,9.4,-0.2079116908177595,-0.9781476007338056,14.5,71,0.0,11.7,-0.39073112848927355,-0.9205048534524404,15.5,58,0.0,8.3,-0.2079116908177595,-0.9781476007338056,14.9,62,0.0,10.6,-0.4539904997395467,-0.8910065241883679,3.0,open-meteo,2026-08-08T09:50:20+00:00
2026-06-05 22:00:00+00:00,BE,offshore,15.1,64,0.0,7.8,-0.22495105434386498,-0.9743700647852352,14.9,66,0.0,9.3,-0.46947156278589086,-0.8829475928589269,15.2,62,0.0,8.1,-0.12186934340514731,-0.9925461516413221,15.4,62,0.0,8.4,-0.39073112848927355,-0.9205048534524404,2.8499999999999996,open-meteo,2026-08-08T09:50:20+00:00
2026-06-05 23:00:00+00:00,BE,offshore,14.8,70,0.0,8.0,0.03489949670250114,-0.9993908270190958,14.7,71,0.0,8.8,-0.19080899537654472,-0.981627183447664,15.0,66,0.0,7.3,0.03489949670250114,-0.9993908270190958,14.9,66,0.0,8.6,-0.2588190451025208,-0.9659258262890683,3.1500000000000004,open-meteo,2026-08-08T09:50:20+00:00
2026-06-06 00:00:00+00:00,BE,offshore,15.0,69,0.0,8.9,0.06975647374412552,-0.9975640502598242,14.8,69,0.0,8.8,-0.2079116908177595,-0.9781476007338056,15.0,68,0.0,7.8,0.13917310096006533,-0.9902680687415704,15.1,64,0.0,9.4,-0.1045284632676535,-0.9945218953682733,3.0250000000000004,open-meteo,2026-08-08T09:50:20+00:00
2026-06-06 01:00:00+00:00,BE,offshore,14.5,81,0.0,8.9,0.24192189559966773,-0.9702957262759965,14.9,69,0.0,8.5,0.03489949670250114,-0.9993908270190958,14.5,79,0.0,9.3,0.2756373558169992,-0.9612616959383189,14.9,74,0.0,7.7,-0.017452406437283637,-0.9998476951563913,3.3000000000000007,open-meteo,2026-08-08T09:50:20+00:00
2026-06-06 02:00:00+00:00,BE,offshore,14.7,73,0.0,11.0,0.3420201433256689,-0.9396926207859083,14.8,70,0.0,10.5,0.24192189559966773,-0.9702957262759965,14.5,72,0.0,11.0,0.3090169943749475,-0.9510565162951535,15.1,68,0.0,10.0,0.2249510543438652,-0.9743700647852351,3.2249999999999996,open-meteo,2026-08-08T09:50:20+00:00
2026-06-06 03:00:00+00:00,BE,offshore,14.4,80,0.0,11.2,0.4383711467890773,-0.898794046299167,14.8,74,0.0,11.6,0.2923717047227366,-0.9563047559630355,14.2,80,0.0,9.3,0.3420201433256689,-0.9396926207859083,14.9,74,0.0,10.9,0.258819045102521,-0.9659258262890682,3.424999999999999,open-meteo,2026-08-08T09:50:20+00:00
2026-06-06 04:00:00+00:00,BE,offshore,14.6,80,0.0,11.4,0.40673664307580043,-0.9135454576426008,15.0,81,0.0,10.9,0.39073112848927377,-0.9205048534524404,14.2,81,2.0,10.7,0.4226182617406995,-0.9063077870366499,15.0,79,0.0,10.7,0.3583679495453002,-0.9335804264972017,3.3000000000000007,open-meteo,2026-08-08T09:50:20+00:00
2026-06-06 05:00:00+00:00,BE,offshore,14.1,79,5.0,10.0,0.17364817766693028,-0.984807753012208,14.5,79,13.0,11.6,0.15643446504023098,-0.9876883405951377,14.0,77,17.0,10.5,0.2756373558169992,-0.9612616959383189,14.9,78,35.0,12.0,0.3420201433256689,-0.9396926207859083,3.625,open-meteo,2026-08-08T09:50:20+00:00
2026-06-06 06:00:00+00:00,BE,offshore,14.4,82,19.0,9.0,0.5150380749100544,-0.8571673007021122,14.6,83,22.0,10.0,0.2923717047227366,-0.9563047559630355,14.3,79,22.0,9.1,0.49999999999999994,-0.8660254037844387,14.6,82,15.0,10.9,0.17364817766693028,-0.984807753012208,3.5250000000000004,open-meteo,2026-08-08T09:50:20+00:00
2026-06-06 07:00:00+00:00,BE,offshore,14.6,77,29.0,10.0,0.2923717047227366,-0.9563047559630355,14.8,78,38.0,10.9,0.258819045102521,-0.9659258262890682,14.8,75,97.0,9.9,0.24192189559966773,-0.9702957262759965,15.2,75,36.0,10.2,0.17364817766693028,-0.984807753012208,3.1499999999999986,open-meteo,2026-08-08T09:50:20+00:00
2026-06-06 08:00:00+00:00,BE,offshore,14.4,78,32.0,8.1,0.10452846326765373,-0.9945218953682733,14.1,81,71.0,9.1,0.2249510543438652,-0.9743700647852351,14.5,77,69.0,8.6,0.05233595624294381,-0.9986295347545738,14.6,76,71.0,10.1,0.0871557427476582,-0.9961946980917455,3.5999999999999996,open-meteo,2026-08-08T09:50:20+00:00
2026-06-06 09:00:00+00:00,BE,offshore,14.3,82,43.0,9.2,0.13917310096006533,-0.9902680687415704,14.1,83,84.0,10.8,0.0871557427476582,-0.9961946980917455,14.6,78,37.0,9.7,0.13917310096006533,-0.9902680687415704,14.3,82,57.0,10.8,1.2246467991473532e-16,-1.0,3.6750000000000007,open-meteo,2026-08-08T09:50:20+00:00
2026-06-06 10:00:00+00:00,BE,offshore,14.7,78,43.0,10.5,0.17364817766693028,-0.984807753012208,14.7,78,29.0,10.2,0.19080899537654497,-0.9816271834476639,15.5,72,26.0,10.7,0.17364817766693028,-0.984807753012208,15.1,75,43.0,10.4,0.13917310096006533,-0.9902680687415704,3.0,open-meteo,2026-08-08T09:50:20+00:00
2026-06-06 11:00:00+00:00,BE,offshore,14.2,87,27.0,11.8,0.13917310096006533,-0.9902680687415704,14.3,86,43.0,13.0,0.20791169081775931,-0.9781476007338057,14.4,85,32.0,10.4,0.24192189559966773,-0.9702957262759965,14.7,83,34.0,12.3,0.24192189559966773,-0.9702957262759965,3.6000000000000014,open-meteo,2026-08-08T09:50:20+00:00
2026-06-06 12:00:00+00:00,BE,offshore,14.1,85,24.0,14.0,0.12186934340514755,-0.992546151641322,14.3,85,34.0,14.3,0.05233595624294381,-0.9986295347545738,14.2,83,36.0,12.8,0.10452846326765373,-0.9945218953682733,14.6,83,45.0,13.8,0.0871557427476582,-0.9961946980917455,3.700000000000001,open-meteo,2026-08-08T09:50:20+00:00
2026-06-06 13:00:00+00:00,BE,offshore,14.2,88,58.0,13.1,1.2246467991473532e-16,-1.0,14.1,89,46.0,16.4,-0.052335956242943564,-0.9986295347545738,14.3,88,40.0,12.7,0.0871557427476582,-0.9961946980917455,14.3,86,49.0,16.4,-0.06975647374412527,-0.9975640502598242,3.775000000000002,open-meteo,2026-08-08T09:50:20+00:00
2026-06-06 14:00:00+00:00,BE,offshore,14.9,85,413.0,11.8,-0.12186934340514731,-0.9925461516413221,14.8,84,235.0,12.7,-0.052335956242943564,-0.9986295347545738,14.6,85,243.0,11.3,-0.017452406437283637,-0.9998476951563913,15.0,82,98.0,13.1,-0.13917310096006552,-0.9902680687415703,3.174999999999999,open-meteo,2026-08-08T09:50:20+00:00
2026-06-06 15:00:00+00:00,BE,offshore,14.8,80,278.0,10.0,-0.35836794954530043,-0.9335804264972016,14.9,84,595.0,13.0,-0.22495105434386498,-0.9743700647852352,14.2,79,322.0,9.4,-0.46947156278589086,-0.8829475928589269,14.8,88,315.0,13.5,-0.15643446504023073,-0.9876883405951378,3.3249999999999993,open-meteo,2026-08-08T09:50:20+00:00
2026-06-06 16:00:00+00:00,BE,offshore,15.3,79,331.0,15.7,-0.587785252292473,-0.8090169943749475,15.1,79,323.0,15.6,-0.43837114678907746,-0.8987940462991669,15.5,85,242.0,10.6,-0.06975647374412527,-0.9975640502598242,15.5,84,336.0,12.2,-0.15643446504023073,-0.9876883405951378,2.6500000000000004,open-meteo,2026-08-08T09:50:20+00:00
2026-06-06 17:00:00+00:00,BE,offshore,14.9,81,32.0,16.1,-0.5591929034707467,-0.8290375725550418,14.5,85,41.0,17.2,-0.43837114678907746,-0.8987940462991669,15.6,76,81.0,13.3,-0.5591929034707467,-0.8290375725550418,15.0,80,75.0,15.0,-0.48480962024633695,-0.8746197071393959,3.0,open-meteo,2026-08-08T09:50:20+00:00
2026-06-06 18:00:00+00:00,BE,offshore,14.5,86,9.0,17.7,-0.5446390350150271,-0.838670567945424,14.4,88,7.0,18.6,-0.5000000000000001,-0.8660254037844386,15.0,82,22.0,15.1,-0.5591929034707467,-0.8290375725550418,14.6,86,8.0,17.1,-0.5000000000000001,-0.8660254037844386,3.375,open-meteo,2026-08-08T09:50:20+00:00
2026-06-06 19:00:00+00:00,BE,offshore,14.7,84,2.0,20.5,-0.6691306063588582,-0.7431448254773942,14.4,88,2.0,20.2,-0.6427876096865393,-0.766044443118978,14.7,83,4.0,17.7,-0.6156614753256582,-0.788010753606722,14.2,89,2.0,18.0,-0.5591929034707467,-0.8290375725550418,3.5,open-meteo,2026-08-08T09:50:20+00:00
2026-06-06 20:00:00+00:00,BE,offshore,14.5,86,1.0,21.3,-0.7193398003386512,-0.6946583704589973,14.4,87,1.0,20.0,-0.6691306063588582,-0.7431448254773942,14.6,83,1.0,18.3,-0.6691306063588582,-0.7431448254773942,14.5,86,0.0,20.5,-0.6427876096865393,-0.766044443118978,3.5,open-meteo,2026-08-08T09:50:20+00:00
2026-06-06 21:00:00+00:00,BE,offshore,14.5,87,0.0,21.3,-0.754709580222772,-0.6560590289905073,14.5,88,0.0,18.4,-0.6819983600624984,-0.7313537016191706,14.5,86,0.0,19.3,-0.6691306063588582,-0.7431448254773942,14.5,88,0.0,19.8,-0.7071067811865475,-0.7071067811865477,3.5,open-meteo,2026-08-08T09:50:20+00:00
2026-06-06 22:00:00+00:00,BE,offshore,14.5,85,0.0,16.9,-0.7660444431189779,-0.6427876096865395,14.3,87,0.0,17.9,-0.7431448254773944,-0.6691306063588581,14.4,86,0.0,18.8,-0.7660444431189779,-0.6427876096865395,14.2,87,0.0,18.3,-0.754709580222772,-0.6560590289905073,3.6499999999999986,open-meteo,2026-08-08T09:50:20+00:00
2026-06-06 23:00:00+00:00,BE,offshore,14.6,86,0.0,17.7,-0.8290375725550418,-0.5591929034707466,14.3,86,0.0,16.4,-0.8660254037844384,-0.5000000000000004,14.8,86,0.0,19.2,-0.8290375725550418,-0.5591929034707466,14.5,86,0.0,17.6,-0.8660254037844384,-0.5000000000000004,3.4499999999999993,open-meteo,2026-08-08T09:50:20+00:00
2026-06-07 00:00:00+00:00,BE,offshore,14.8,84,0.0,19.3,-0.874619707139396,-0.48480962024633684,14.8,86,0.0,17.8,-0.9335804264972015,-0.3583679495453007,15.1,84,0.0,19.6,-0.874619707139396,-0.48480962024633684,14.7,86,0.0,17.7,-0.9271838545667873,-0.3746065934159123,3.1499999999999986,open-meteo,2026-08-08T09:50:20+00:00
2026-06-07 01:00:00+00:00,BE,offshore,14.7,83,0.0,16.6,-0.90630778703665,-0.42261826174069916,14.7,86,0.0,16.6,-0.9335804264972015,-0.3583679495453007,15.0,84,0.0,17.8,-0.8987940462991668,-0.43837114678907774,14.6,86,0.0,16.5,-0.913545457642601,-0.4067366430758001,3.25,open-meteo,2026-08-08T09:50:20+00:00
2026-06-07 02:00:00+00:00,BE,offshore,14.5,82,0.0,14.1,-0.9271838545667873,-0.3746065934159123,14.7,84,0.0,15.7,-0.9659258262890683,-0.25881904510252063,14.8,81,0.0,14.9,-0.9396926207859084,-0.34202014332566855,14.5,85,0.0,15.3,-0.9563047559630353,-0.2923717047227371,3.375,open-meteo,2026-08-08T09:50:20+00:00
2026-06-07 03:00:00+00:00,BE,offshore,14.1,81,0.0,10.8,-0.9510565162951535,-0.30901699437494756,14.4,84,0.0,13.9,-0.961261695938319,-0.2756373558169989,14.3,80,0.0,12.9,-0.961261695938319,-0.2756373558169989,14.2,86,0.0,14.1,-0.9510565162951535,-0.30901699437494756,3.75,open-meteo,2026-08-08T09:50:20+00:00
2026-06-07 04:00:00+00:00,BE,offshore,14.3,81,0.0,10.1,-0.9563047559630353,-0.2923717047227371,14.7,84,0.0,12.9,-0.9743700647852351,-0.22495105434386525,14.5,82,1.0,12.2,-0.9563047559630353,-0.2923717047227371,14.5,88,0.0,13.2,-0.9510565162951535,-0.30901699437494756,3.5,open-meteo,2026-08-08T09:50:20+00:00
2026-06-07 05:00:00+00:00,BE,offshore,13.7,81,4.0,12.3,-0.9702957262759965,-0.24192189559966779,14.4,83,17.0,12.3,-0.9702957262759965,-0.24192189559966779,14.2,81,4.0,12.5,-0.9563047559630353,-0.2923717047227371,14.2,86,3.0,13.6,-0.9396926207859084,-0.34202014332566855,3.875,open-meteo,2026-08-08T09:50:20+00:00
2026-06-07 06:00:00+00:00,BE,offshore,13.7,79,170.0,11.8,-0.9743700647852351,-0.22495105434386525,14.2,81,21.0,12.8,-0.984807753012208,-0.17364817766693033,14.2,80,58.0,11.7,-0.9563047559630353,-0.2923717047227371,14.4,82,22.0,12.8,-0.981627183447664,-0.1908089953765446,3.8750000000000018,open-meteo,2026-08-08T09:50:20+00:00
2026-06-07 07:00:00+00:00,BE,offshore,13.5,81,95.0,11.4,-0.9781476007338056,-0.2079116908177598,14.1,79,153.0,12.1,-0.9876883405951377,-0.15643446504023104,13.9,81,63.0,12.1,-0.9743700647852351,-0.22495105434386525,14.4,79,137.0,12.2,-0.9945218953682734,-0.10452846326765336,4.025,open-meteo,2026-08-08T09:50:20+00:00
2026-06-07 08:00:00+00:00,BE,offshore,13.3,80,484.0,9.6,-0.9743700647852351,-0.22495105434386525,13.9,77,474.0,10.5,-0.9702957262759965,-0.24192189559966779,13.7,79,380.0,10.4,-0.9702957262759965,-0.24192189559966779,14.0,78,390.0,10.9,-0.9743700647852351,-0.22495105434386525,4.274999999999999,open-meteo,2026-08-08T09:50:20+00:00
2026-06-07 09:00:00+00:00,BE,offshore,13.8,80,639.0,8.5,-0.8386705679454242,-0.544639035015027,14.1,80,638.0,10.0,-0.913545457642601,-0.4067366430758001,13.9,79,638.0,9.3,-0.90630778703665,-0.42261826174069916,14.1,79,632.0,10.4,-0.9510565162951535,-0.30901699437494756,4.025,open-meteo,2026-08-08T09:50:20+00:00
2026-06-07 10:00:00+00:00,BE,offshore,14.0,81,738.0,9.9,-0.7771459614569706,-0.6293203910498378,14.1,81,742.0,11.1,-0.7986355100472928,-0.6018150231520483,14.1,78,745.0,9.7,-0.8090169943749473,-0.5877852522924732,14.1,80,747.0,9.9,-0.848048096156426,-0.529919264233205,3.924999999999999,open-meteo,2026-08-08T09:50:20+00:00
2026-06-07 11:00:00+00:00,BE,offshore,14.2,86,810.0,10.6,-0.7986355100472928,-0.6018150231520483,14.3,84,828.0,11.4,-0.6691306063588582,-0.7431448254773942,14.6,80,811.0,10.3,-0.8571673007021121,-0.5150380749100544,14.2,82,822.0,10.7,-0.7431448254773944,-0.6691306063588581,3.6750000000000007,open-meteo,2026-08-08T09:50:20+00:00
2026-06-07 12:00:00+00:00,BE,offshore,14.5,87,350.0,12.9,-0.7880107536067221,-0.6156614753256581,14.7,87,465.0,12.9,-0.656059028990507,-0.7547095802227721,15.0,82,602.0,11.2,-0.8571673007021121,-0.5150380749100544,14.7,86,612.0,11.8,-0.7193398003386512,-0.6946583704589973,3.2749999999999986,open-meteo,2026-08-08T09:50:20+00:00
2026-06-07 13:00:00+00:00,BE,offshore,14.7,79,380.0,11.6,-0.8191520442889916,-0.5735764363510464,14.5,85,292.0,13.7,-0.6946583704589974,-0.7193398003386511,15.1,79,294.0,9.6,-0.90630778703665,-0.42261826174069916,14.7,82,534.0,11.6,-0.7771459614569706,-0.6293203910498378,3.25,open-meteo,2026-08-08T09:50:20+00:00
2026-06-07 14:00:00+00:00,BE,offshore,14.8,83,766.0,11.9,-0.7660444431189779,-0.6427876096865395,14.7,87,390.0,13.5,-0.6946583704589974,-0.7193398003386511,15.2,79,511.0,9.4,-0.7431448254773944,-0.6691306063588581,14.7,86,436.0,12.4,-0.754709580222772,-0.6560590289905073,3.1499999999999986,open-meteo,2026-08-08T09:50:20+00:00
2026-06-07 15:00:00+00:00,BE,offshore,15.0,85,311.0,11.9,-0.7660444431189779,-0.6427876096865395,14.9,87,285.0,13.8,-0.6819983600624984,-0.7313537016191706,15.4,83,539.0,9.9,-0.848048096156426,-0.529919264233205,15.0,85,304.0,13.2,-0.7193398003386512,-0.6946583704589973,2.9250000000000007,open-meteo,2026-08-08T09:50:20+00:00
2026-06-07 16:00:00+00:00,BE,offshore,15.1,81,281.0,11.6,-0.8660254037844384,-0.5000000000000004,15.1,84,269.0,13.3,-0.6156614753256582,-0.788010753606722,15.5,78,321.0,9.9,-0.9510565162951535,-0.30901699437494756,15.3,78,313.0,12.6,-0.7431448254773944,-0.6691306063588581,2.75,open-meteo,2026-08-08T09:50:20+00:00
2026-06-07 17:00:00+00:00,BE,offshore,15.2,84,336.0,10.2,-0.6156614753256582,-0.788010753606722,15.0,86,324.0,13.6,-0.6156614753256582,-0.788010753606722,15.7,80,273.0,9.5,-0.6946583704589974,-0.7193398003386511,15.2,83,431.0,13.6,-0.6293203910498376,-0.7771459614569708,2.7250000000000014,open-meteo,2026-08-08T09:50:20+00:00
2026-06-07 18:00:00+00:00,BE,offshore,15.1,84,138.0,12.3,-0.7660444431189779,-0.6427876096865395,15.0,86,175.0,11.2,-0.6293203910498376,-0.7771459614569708,15.2,82,200.0,9.1,-0.90630778703665,-0.42261826174069916,15.1,84,114.0,10.6,-0.6691306063588582,-0.7431448254773942,2.9000000000000004,open-meteo,2026-08-08T09:50:20+00:00
2026-06-07 19:00:00+00:00,BE,offshore,15.3,81,114.0,12.0,-0.7986355100472928,-0.6018150231520483,15.1,86,116.0,10.8,-0.5299192642332048,-0.8480480961564261,15.5,84,104.0,7.8,-0.754709580222772,-0.6560590289905073,15.3,81,109.0,10.7,-0.587785252292473,-0.8090169943749475,2.6999999999999993,open-meteo,2026-08-08T09:50:20+00:00
2026-06-07 20:00:00+00:00,BE,offshore,15.1,87,25.0,8.5,-0.5000000000000001,-0.8660254037844386,15.1,84,23.0,10.9,-0.5000000000000001,-0.8660254037844386,15.8,86,25.0,7.2,-0.4226182617406993,-0.90630778703665,15.5,81,25.0,11.6,-0.46947156278589086,-0.8829475928589269,2.625,open-meteo,2026-08-08T09:50:20+00:00
2026-06-07 21:00:00+00:00,BE,offshore,15.5,83,0.0,9.2,-0.374606593415912,-0.9271838545667874,15.4,81,0.0,12.1,-0.4226182617406993,-0.90630778703665,15.3,87,0.0,6.2,-0.17364817766693047,-0.984807753012208,15.6,80,0.0,12.4,-0.4539904997395467,-0.8910065241883679,2.549999999999999,open-meteo,2026-08-08T09:50:20+00:00
2026-06-07 22:00:00+00:00,BE,offshore,15.1,87,0.0,8.6,-0.29237170472273677,-0.9563047559630354,15.1,84,0.0,11.3,-0.4539904997395467,-0.8910065241883679,15.6,83,0.0,8.3,-0.4226182617406993,-0.90630778703665,15.4,83,0.0,11.6,-0.35836794954530043,-0.9335804264972016,2.700000000000001,open-meteo,2026-08-08T09:50:20+00:00
2026-06-07 23:00:00+00:00,BE,offshore,15.2,86,0.0,6.8,-0.5299192642332048,-0.8480480961564261,15.2,83,0.0,10.6,-0.48480962024633695,-0.8746197071393959,15.7,83,0.0,6.8,-0.5446390350150271,-0.838670567945424,15.4,87,0.0,9.1,-0.5299192642332048,-0.8480480961564261,2.6250000000000018,open-meteo,2026-08-08T09:50:20+00:00
2026-06-08 00:00:00+00:00,BE,offshore,15.1,86,0.0,7.5,-0.17364817766693047,-0.984807753012208,15.4,84,0.0,10.4,-0.34202014332566866,-0.9396926207859084,15.5,80,0.0,6.8,-0.29237170472273677,-0.9563047559630354,15.6,83,0.0,10.1,-0.3090169943749473,-0.9510565162951536,2.5999999999999996,open-meteo,2026-08-08T09:50:20+00:00
2026-06-08 01:00:00+00:00,BE,offshore,15.2,86,0.0,7.8,-0.017452406437283637,-0.9998476951563913,15.3,85,0.0,9.2,-0.35836794954530043,-0.9335804264972016,15.5,83,0.0,6.4,-0.12186934340514731,-0.9925461516413221,15.5,85,0.0,9.0,-0.22495105434386498,-0.9743700647852352,2.625,open-meteo,2026-08-08T09:50:20+00:00
2026-06-08 02:00:00+00:00,BE,offshore,15.2,86,0.0,6.1,0.19080899537654497,-0.9816271834476639,15.1,85,0.0,7.9,-0.2588190451025208,-0.9659258262890683,15.3,84,0.0,5.3,0.15643446504023098,-0.9876883405951377,15.5,84,0.0,8.4,-0.22495105434386498,-0.9743700647852352,2.7250000000000014,open-meteo,2026-08-08T09:50:20+00:00
2026-06-08 03:00:00+00:00,BE,offshore,15.0,87,0.0,4.9,0.03489949670250114,-0.9993908270190958,15.0,87,0.0,8.4,-0.2588190451025208,-0.9659258262890683,15.0,80,0.0,6.0,0.06975647374412552,-0.9975640502598242,15.5,84,0.0,7.5,-0.12186934340514731,-0.9925461516413221,2.875,open-meteo,2026-08-08T09:50:20+00:00
2026-06-08 04:00:00+00:00,BE,offshore,15.0,84,0.0,6.3,-0.0348994967025009,-0.9993908270190958,15.2,86,0.0,7.4,0.13917310096006533,-0.9902680687415704,15.3,79,1.0,9.3,0.3420201433256689,-0.9396926207859083,15.3,84,0.0,7.1,0.10452846326765373,-0.9945218953682733,2.8000000000000007,open-meteo,2026-08-08T09:50:20+00:00
2026-06-08 05:00:00+00:00,BE,offshore,14.9,84,5.0,7.6,0.24192189559966773,-0.9702957262759965,15.0,84,6.0,9.5,0.13917310096006533,-0.9902680687415704,15.1,78,4.0,8.8,0.4226182617406995,-0.9063077870366499,15.1,82,3.0,10.3,0.3090169943749475,-0.9510565162951535,2.9749999999999996,open-meteo,2026-08-08T09:50:20+00:00
2026-06-08 06:00:00+00:00,BE,offshore,15.1,78,7.0,7.7,0.20791169081775931,-0.9781476007338057,15.0,81,10.0,6.1,0.3420201433256689,-0.9396926207859083,15.5,73,9.0,7.9,0.40673664307580043,-0.9135454576426008,15.2,78,7.0,6.9,0.2249510543438652,-0.9743700647852351,2.8000000000000007,open-meteo,2026-08-08T09:50:20+00:00
2026-06-08 07:00:00+00:00,BE,offshore,15.1,81,17.0,7.1,-0.2079116908177595,-0.9781476007338056,15.2,83,26.0,8.4,-0.12186934340514731,-0.9925461516413221,15.4,74,32.0,7.6,0.06975647374412552,-0.9975640502598242,15.5,81,18.0,6.2,-0.5299192642332048,-0.8480480961564261,2.700000000000001,open-meteo,2026-08-08T09:50:20+00:00
2026-06-08 08:00:00+00:00,BE,offshore,14.9,79,62.0,7.9,-0.29237170472273677,-0.9563047559630354,15.1,83,56.0,7.9,-0.32556815445715676,-0.9455185755993167,15.2,74,101.0,8.2,-0.4067366430758002,-0.9135454576426009,15.3,78,52.0,8.6,-0.29237170472273677,-0.9563047559630354,2.875,open-meteo,2026-08-08T09:50:20+00:00
2026-06-08 09:00:00+00:00,BE,offshore,14.8,83,185.0,6.4,-0.5591929034707467,-0.8290375725550418,14.8,85,132.0,6.7,-0.43837114678907746,-0.8987940462991669,15.2,76,246.0,6.6,-0.46947156278589086,-0.8829475928589269,15.0,80,134.0,7.7,-0.35836794954530043,-0.9335804264972016,3.0500000000000007,open-meteo,2026-08-08T09:50:20+00:00
2026-06-08 10:00:00+00:00,BE,offshore,14.8,87,277.0,5.5,-0.6293203910498376,-0.7771459614569708,14.8,90,150.0,6.3,-0.6819983600624984,-0.7313537016191706,15.4,82,269.0,5.5,-0.6293203910498376,-0.7771459614569708,15.0,84,92.0,7.0,-0.6018150231520484,-0.7986355100472928,3.0,open-meteo,2026-08-08T09:50:20+00:00
2026-06-08 11:00:00+00:00,BE,offshore,15.1,87,245.0,5.6,-0.7431448254773944,-0.6691306063588581,14.9,87,395.0,6.0,-0.5299192642332048,-0.8480480961564261,15.6,82,224.0,4.8,-0.6691306063588582,-0.7431448254773942,15.1,85,408.0,6.2,-0.6018150231520484,-0.7986355100472928,2.8249999999999993,open-meteo,2026-08-08T09:50:20+00:00
2026-06-08 12:00:00+00:00,BE,offshore,15.2,86,189.0,4.6,-0.6819983600624984,-0.7313537016191706,14.9,90,238.0,6.6,-0.4226182617406993,-0.90630778703665,15.4,83,222.0,5.8,-1.0,-1.8369701987210297e-16,15.1,86,420.0,5.8,-0.6691306063588582,-0.7431448254773942,2.8499999999999996,open-meteo,2026-08-08T09:50:20+00:00
2026-06-08 13:00:00+00:00,BE,offshore,15.0,84,80.0,6.9,-0.8386705679454242,-0.544639035015027,14.7,89,68.0,7.9,-0.2588190451025208,-0.9659258262890683,15.0,83,115.0,3.6,-0.9902680687415703,-0.13917310096006583,14.7,87,94.0,6.2,-0.48480962024633695,-0.8746197071393959,3.1499999999999986,open-meteo,2026-08-08T09:50:20+00:00
2026-06-08 14:00:00+00:00,BE,offshore,15.2,83,37.0,11.1,-0.874619707139396,-0.48480962024633684,15.2,86,248.0,10.7,-0.6691306063588582,-0.7431448254773942,15.6,84,57.0,7.2,-0.9659258262890683,-0.25881904510252063,15.5,83,40.0,9.0,-0.656059028990507,-0.7547095802227721,2.625,open-meteo,2026-08-08T09:50:20+00:00
2026-06-08 15:00:00+00:00,BE,offshore,15.2,86,475.0,12.6,-0.90630778703665,-0.42261826174069916,15.2,86,408.0,11.5,-0.913545457642601,-0.4067366430758001,15.7,81,63.0,13.4,-0.9563047559630353,-0.2923717047227371,15.4,85,159.0,14.5,-0.90630778703665,-0.42261826174069916,2.6250000000000018,open-meteo,2026-08-08T09:50:20+00:00
2026-06-08 16:00:00+00:00,BE,offshore,14.6,90,169.0,8.9,-0.7193398003386512,-0.6946583704589973,14.5,89,164.0,9.3,-0.8571673007021121,-0.5150380749100544,14.9,87,242.0,10.8,-0.9396926207859084,-0.34202014332566855,14.9,86,172.0,9.0,-0.8660254037844384,-0.5000000000000004,3.2750000000000004,open-meteo,2026-08-08T09:50:20+00:00
2026-06-08 17:00:00+00:00,BE,offshore,14.1,88,66.0,11.8,-0.8386705679454242,-0.544639035015027,14.2,87,63.0,11.8,-0.8090169943749473,-0.5877852522924732,14.3,87,90.0,11.2,-0.8191520442889916,-0.5735764363510464,14.1,89,82.0,12.8,-0.8290375725550418,-0.5591929034707466,3.825000000000001,open-meteo,2026-08-08T09:50:20+00:00
2026-06-08 18:00:00+00:00,BE,offshore,14.7,85,24.0,9.7,-0.848048096156426,-0.529919264233205,14.6,82,56.0,9.3,-0.8571673007021121,-0.5150380749100544,14.8,83,26.0,9.6,-0.913545457642601,-0.4067366430758001,14.8,80,61.0,10.7,-0.8660254037844384,-0.5000000000000004,3.275000000000002,open-meteo,2026-08-08T09:50:20+00:00
2026-06-08 19:00:00+00:00,BE,offshore,14.2,86,63.0,12.0,-0.7771459614569706,-0.6293203910498378,14.4,90,97.0,10.3,-0.7660444431189779,-0.6427876096865395,14.6,81,46.0,11.3,-0.8090169943749473,-0.5877852522924732,14.4,88,82.0,11.3,-0.8090169943749473,-0.5877852522924732,3.5999999999999996,open-meteo,2026-08-08T09:50:20+00:00
2026-06-08 20:00:00+00:00,BE,offshore,13.9,88,7.0,11.8,-0.8090169943749473,-0.5877852522924732,14.4,85,6.0,11.1,-0.9659258262890683,-0.25881904510252063,14.2,83,22.0,11.2,-0.8090169943749473,-0.5877852522924732,14.1,85,29.0,13.0,-0.6946583704589974,-0.7193398003386511,3.8499999999999996,open-meteo,2026-08-08T09:50:20+00:00
2026-06-08 21:00:00+00:00,BE,offshore,14.4,86,0.0,9.9,-0.961261695938319,-0.2756373558169989,14.4,85,0.0,8.4,-0.9205048534524403,-0.3907311284892738,14.5,85,0.0,11.6,-0.8660254037844384,-0.5000000000000004,14.3,85,0.0,8.1,-0.90630778703665,-0.42261826174069916,3.6000000000000014,open-meteo,2026-08-08T09:50:20+00:00
2026-06-08 22:00:00+00:00,BE,offshore,14.5,80,0.0,9.9,-0.9975640502598242,-0.06975647374412558,14.4,79,0.0,8.0,-0.9986295347545738,-0.052335956242944306,14.4,82,0.0,9.9,-0.9986295347545738,-0.052335956242944306,14.2,81,0.0,7.5,-0.9993908270190958,-0.03489949670250076,3.625,open-meteo,2026-08-08T09:50:20+00:00
2026-06-08 23:00:00+00:00,BE,offshore,14.4,83,0.0,8.2,-0.9925461516413221,-0.12186934340514717,14.2,84,0.0,8.4,-0.9998476951563913,0.01745240643728313,14.4,83,0.0,7.4,-0.9975640502598242,-0.06975647374412558,14.3,79,0.0,6.5,-0.9612616959383188,0.2756373558169994,3.6750000000000007,open-meteo,2026-08-08T09:50:20+00:00
2026-06-09 00:00:00+00:00,BE,offshore,14.4,77,0.0,8.7,-0.9998476951563913,-0.017452406437283498,14.5,77,0.0,10.3,-0.9816271834476639,0.1908089953765451,14.7,78,0.0,10.3,-0.9993908270190958,0.03489949670250128,15.0,73,0.0,8.0,-0.9335804264972017,0.3583679495453004,3.3500000000000014,open-meteo,2026-08-08T09:50:20+00:00
2026-06-09 01:00:00+00:00,BE,offshore,13.4,86,0.0,11.3,-0.9945218953682734,0.10452846326765299,14.1,86,0.0,9.2,-0.981627183447664,-0.1908089953765446,13.8,82,0.0,9.8,-0.9986295347545738,0.052335956242943946,14.0,85,0.0,9.4,-0.9975640502598242,-0.06975647374412558,4.175000000000001,open-meteo,2026-08-08T09:50:20+00:00
2026-06-09 02:00:00+00:00,BE,offshore,14.3,82,0.0,8.1,-0.9563047559630353,-0.2923717047227371,14.8,71,0.0,8.6,-0.9396926207859083,0.342020143325669,14.0,77,0.0,9.9,-0.9743700647852352,0.22495105434386492,14.5,78,0.0,6.0,-0.9961946980917455,-0.08715574274765825,3.5999999999999996,open-meteo,2026-08-08T09:50:20+00:00
2026-06-09 03:00:00+00:00,BE,offshore,14.5,72,0.0,9.4,-1.0,-1.8369701987210297e-16,14.6,74,0.0,8.7,-0.9876883405951377,-0.15643446504023104,14.3,76,0.0,9.3,-0.9271838545667873,-0.3746065934159123,14.7,71,0.0,9.1,-0.9945218953682734,-0.10452846326765336,3.474999999999998,open-meteo,2026-08-08T09:50:20+00:00
2026-06-09 04:00:00+00:00,BE,offshore,14.0,68,3.0,8.5,-0.9510565162951536,0.30901699437494723,14.0,67,4.0,8.7,-0.9563047559630354,0.2923717047227367,14.3,69,4.0,8.9,-0.9816271834476639,0.1908089953765451,14.3,70,5.0,8.2,-0.9702957262759966,0.24192189559966745,3.8500000000000014,open-meteo,2026-08-08T09:50:20+00:00
2026-06-09 05:00:00+00:00,BE,offshore,13.7,68,61.0,8.8,-0.9902680687415704,0.13917310096006547,13.7,66,74.0,8.2,-0.9702957262759966,0.24192189559966745,14.2,66,73.0,8.7,-0.9743700647852352,0.22495105434386492,13.9,66,76.0,8.7,-0.9396926207859083,0.342020143325669,4.125000000000002,open-meteo,2026-08-08T09:50:20+00:00
2026-06-09 06:00:00+00:00,BE,offshore,13.1,79,196.0,9.5,-0.9743700647852351,-0.22495105434386525,13.2,73,201.0,8.8,-0.9986295347545738,-0.052335956242944306,13.6,73,202.0,9.0,-0.9986295347545738,-0.052335956242944306,13.6,69,204.0,8.1,-0.9986295347545738,0.052335956242943946,4.625,open-meteo,2026-08-08T09:50:20+00:00
2026-06-09 07:00:00+00:00,BE,offshore,13.0,75,326.0,9.3,-0.9945218953682734,-0.10452846326765336,13.3,72,342.0,8.5,-0.981627183447664,-0.1908089953765446,13.3,77,302.0,9.1,-0.981627183447664,-0.1908089953765446,13.6,72,357.0,8.1,-0.981627183447664,-0.1908089953765446,4.699999999999999,open-meteo,2026-08-08T09:50:20+00:00
2026-06-09 08:00:00+00:00,BE,offshore,13.1,71,510.0,9.8,-0.8987940462991668,-0.43837114678907774,13.1,76,486.0,9.5,-0.882947592858927,-0.46947156278589075,13.3,72,511.0,9.9,-0.9396926207859084,-0.34202014332566855,13.3,71,482.0,9.2,-0.90630778703665,-0.42261826174069916,4.800000000000001,open-meteo,2026-08-08T09:50:20+00:00
2026-06-09 09:00:00+00:00,BE,offshore,13.2,75,651.0,11.0,-0.8191520442889916,-0.5735764363510464,13.0,76,465.0,9.6,-0.8571673007021121,-0.5150380749100544,13.3,75,640.0,11.1,-0.882947592858927,-0.46947156278589075,13.1,74,610.0,9.6,-0.8386705679454242,-0.544639035015027,4.85,open-meteo,2026-08-08T09:50:20+00:00
2026-06-09 10:00:00+00:00,BE,offshore,13.7,71,764.0,12.2,-0.848048096156426,-0.529919264233205,13.2,74,737.0,10.9,-0.8386705679454242,-0.544639035015027,13.7,72,745.0,11.5,-0.8290375725550418,-0.5591929034707466,13.4,73,735.0,11.7,-0.848048096156426,-0.529919264233205,4.500000000000002,open-meteo,2026-08-08T09:50:20+00:00
2026-06-09 11:00:00+00:00,BE,offshore,13.6,77,850.0,13.3,-0.7771459614569706,-0.6293203910498378,13.6,75,836.0,11.1,-0.7431448254773944,-0.6691306063588581,13.8,75,845.0,13.0,-0.7986355100472928,-0.6018150231520483,13.6,75,834.0,11.9,-0.7880107536067221,-0.6156614753256581,4.35,open-meteo,2026-08-08T09:50:20+00:00
2026-06-09 12:00:00+00:00,BE,offshore,14.0,74,887.0,14.8,-0.754709580222772,-0.6560590289905073,13.9,76,883.0,14.5,-0.6427876096865393,-0.766044443118978,14.2,74,875.0,11.6,-0.8386705679454242,-0.544639035015027,14.0,73,855.0,14.2,-0.7313537016191703,-0.6819983600624986,3.9750000000000014,open-meteo,2026-08-08T09:50:20+00:00
2026-06-09 13:00:00+00:00,BE,offshore,14.0,77,672.0,15.0,-0.7880107536067221,-0.6156614753256581,13.9,79,502.0,14.5,-0.6293203910498376,-0.7771459614569708,14.4,74,874.0,10.9,-0.8290375725550418,-0.5591929034707466,14.0,75,708.0,14.2,-0.6819983600624984,-0.7313537016191706,3.9250000000000007,open-meteo,2026-08-08T09:50:20+00:00
2026-06-09 14:00:00+00:00,BE,offshore,14.2,75,717.0,14.9,-0.7771459614569706,-0.6293203910498378,13.5,72,246.0,16.4,-0.5299192642332048,-0.8480480961564261,14.7,73,785.0,10.4,-0.8090169943749473,-0.5877852522924732,13.7,80,607.0,14.4,-0.754709580222772,-0.6560590289905073,3.9750000000000014,open-meteo,2026-08-08T09:50:20+00:00
2026-06-09 15:00:00+00:00,BE,offshore,14.2,80,500.0,14.6,-0.7660444431189779,-0.6427876096865395,13.7,83,96.0,13.9,-0.7313537016191703,-0.6819983600624986,14.5,76,497.0,16.3,-0.8987940462991668,-0.43837114678907774,13.6,68,184.0,13.1,-0.7986355100472928,-0.6018150231520483,4.0,open-meteo,2026-08-08T09:50:20+00:00
2026-06-09 16:00:00+00:00,BE,offshore,13.9,79,482.0,13.5,-0.7771459614569706,-0.6293203910498378,14.0,73,552.0,12.1,-0.6156614753256582,-0.788010753606722,14.4,78,507.0,13.4,-0.913545457642601,-0.4067366430758001,13.7,67,421.0,12.1,-0.6819983600624984,-0.7313537016191706,4.0,open-meteo,2026-08-08T09:50:20+00:00
2026-06-09 17:00:00+00:00,BE,offshore,14.2,78,249.0,12.8,-0.8191520442889916,-0.5735764363510464,13.1,59,451.0,9.8,-0.9743700647852352,0.22495105434386492,13.7,76,325.0,9.0,-0.8571673007021121,-0.5150380749100544,12.6,67,388.0,12.2,-0.9816271834476639,0.1908089953765451,4.6,open-meteo,2026-08-08T09:50:20+00:00
2026-06-09 18:00:00+00:00,BE,offshore,14.6,81,271.0,13.8,-0.848048096156426,-0.529919264233205,14.1,75,110.0,10.1,-0.7660444431189779,-0.6427876096865395,14.4,80,282.0,11.4,-0.882947592858927,-0.46947156278589075,14.5,70,122.0,11.8,-0.8090169943749473,-0.5877852522924732,3.5999999999999996,open-meteo,2026-08-08T09:50:20+00:00
2026-06-09 19:00:00+00:00,BE,offshore,14.6,81,145.0,14.0,-0.754709580222772,-0.6560590289905073,14.9,82,68.0,12.2,-0.6293203910498376,-0.7771459614569708,14.6,79,141.0,14.3,-0.8191520442889916,-0.5735764363510464,14.8,83,108.0,12.8,-0.8386705679454242,-0.544639035015027,3.2749999999999986,open-meteo,2026-08-08T09:50:20+00:00
2026-06-09 20:00:00+00:00,BE,offshore,14.8,81,34.0,15.2,-0.8386705679454242,-0.544639035015027,14.9,75,19.0,11.0,-0.754709580222772,-0.6560590289905073,14.9,79,31.0,14.1,-0.8386705679454242,-0.544639035015027,14.3,69,14.0,9.0,-0.8290375725550418,-0.5591929034707466,3.2749999999999986,open-meteo,2026-08-08T09:50:20+00:00
2026-06-09 21:00:00+00:00,BE,offshore,14.3,81,0.0,16.7,-0.8290375725550418,-0.5591929034707466,13.2,78,0.0,10.0,-0.6946583704589974,-0.7193398003386511,14.7,79,0.0,15.8,-0.848048096156426,-0.529919264233205,14.1,66,0.0,8.8,-0.587785252292473,-0.8090169943749475,3.924999999999999,open-meteo,2026-08-08T09:50:20+00:00
2026-06-09 22:00:00+00:00,BE,offshore,14.6,82,0.0,12.6,-0.8090169943749473,-0.5877852522924732,14.8,84,0.0,8.7,-0.7880107536067221,-0.6156614753256581,14.3,83,0.0,12.1,-0.7660444431189779,-0.6427876096865395,14.7,85,0.0,8.2,-0.6691306063588582,-0.7431448254773942,3.3999999999999986,open-meteo,2026-08-08T09:50:20+00:00
2026-06-09 23:00:00+00:00,BE,offshore,14.4,82,0.0,12.1,-0.8386705679454242,-0.544639035015027,12.7,72,0.0,9.1,-1.0,-1.8369701987210297e-16,14.1,84,0.0,11.9,-0.7880107536067221,-0.6156614753256581,12.5,67,0.0,9.3,-0.7313537016191703,0.6819983600624987,4.574999999999999,open-meteo,2026-08-08T09:50:20+00:00
2026-06-10 00:00:00+00:00,BE,offshore,14.2,82,0.0,11.9,-0.8660254037844384,-0.5000000000000004,14.2,73,0.0,6.3,-0.7313537016191703,-0.6819983600624986,13.9,85,0.0,11.6,-0.8386705679454242,-0.544639035015027,14.3,71,0.0,5.2,-0.9205048534524403,-0.3907311284892738,3.8500000000000014,open-meteo,2026-08-08T09:50:20+00:00
2026-06-10 01:00:00+00:00,BE,offshore,14.3,79,0.0,11.0,-0.9396926207859084,-0.34202014332566855,14.5,83,0.0,9.9,-0.9659258262890683,-0.25881904510252063,14.3,83,0.0,12.1,-0.8660254037844384,-0.5000000000000004,14.0,77,0.0,6.6,-0.913545457642601,-0.4067366430758001,3.7249999999999996,open-meteo,2026-08-08T09:50:20+00:00
2026-06-10 02:00:00+00:00,BE,offshore,14.3,77,0.0,9.9,-0.9986295347545738,-0.052335956242944306,14.6,72,0.0,10.1,-0.9961946980917455,0.08715574274765789,14.4,79,0.0,10.2,-0.9455185755993168,-0.32556815445715664,14.6,80,0.0,10.4,-0.9998476951563913,0.01745240643728313,3.5250000000000004,open-meteo,2026-08-08T09:50:20+00:00
2026-06-10 03:00:00+00:00,BE,offshore,14.1,78,0.0,9.1,-0.9998476951563913,-0.017452406437283498,14.1,74,0.0,10.0,-0.9876883405951378,0.15643446504023067,14.0,81,0.0,9.5,-0.9563047559630353,-0.2923717047227371,12.9,70,0.0,2.9,-0.898794046299167,0.4383711467890774,4.225,open-meteo,2026-08-08T09:50:20+00:00
2026-06-10 04:00:00+00:00,BE,offshore,13.7,78,3.0,7.7,-0.9961946980917455,0.08715574274765789,13.7,74,4.0,9.1,-0.9876883405951378,0.15643446504023067,13.9,78,1.0,8.3,-0.9998476951563913,0.01745240643728313,13.8,73,4.0,8.8,-0.9902680687415704,0.13917310096006547,4.225000000000001,open-meteo,2026-08-08T09:50:20+00:00
2026-06-10 05:00:00+00:00,BE,offshore,13.9,76,64.0,7.0,-0.9945218953682734,-0.10452846326765336,13.8,73,71.0,7.7,-0.9975640502598243,0.06975647374412522,14.1,73,54.0,7.1,-0.9961946980917455,-0.08715574274765825,13.8,74,46.0,7.7,-0.9998476951563913,-0.017452406437283498,4.099999999999998,open-meteo,2026-08-08T09:50:20+00:00
2026-06-10 06:00:00+00:00,BE,offshore,13.8,75,166.0,6.6,-0.9998476951563913,-0.017452406437283498,13.6,73,197.0,6.9,-0.9961946980917455,0.08715574274765789,13.9,73,109.0,6.1,-0.9986295347545738,-0.052335956242944306,13.6,74,144.0,6.2,-0.9998476951563913,0.01745240643728313,4.275,open-meteo,2026-08-08T09:50:20+00:00
2026-06-10 07:00:00+00:00,BE,offshore,13.1,81,163.0,7.3,-0.9781476007338056,-0.2079116908177598,13.4,72,247.0,6.2,-0.9993908270190958,-0.03489949670250076,13.5,79,119.0,7.6,-0.9702957262759965,-0.24192189559966779,13.5,76,220.0,6.4,-0.9986295347545738,-0.052335956242944306,4.625,open-meteo,2026-08-08T09:50:20+00:00
2026-06-10 08:00:00+00:00,BE,offshore,13.3,81,345.0,6.3,-0.9563047559630353,-0.2923717047227371,13.4,73,409.0,6.6,-0.9563047559630353,-0.2923717047227371,13.7,77,417.0,7.0,-0.9455185755993168,-0.32556815445715664,13.6,74,306.0,6.7,-0.961261695938319,-0.2756373558169989,4.499999999999998,open-meteo,2026-08-08T09:50:20+00:00
2026-06-10 09:00:00+00:00,BE,offshore,13.3,78,599.0,7.1,-0.9205048534524403,-0.3907311284892738,13.4,75,641.0,7.1,-0.9702957262759965,-0.24192189559966779,13.5,78,569.0,7.8,-0.9335804264972015,-0.3583679495453007,13.7,74,577.0,8.1,-0.9702957262759965,-0.24192189559966779,4.524999999999999,open-meteo,2026-08-08T09:50:20+00:00
2026-06-10 10:00:00+00:00,BE,offshore,13.2,70,723.0,7.6,-0.8660254037844384,-0.5000000000000004,13.1,73,575.0,7.6,-0.9271838545667873,-0.3746065934159123,13.1,73,726.0,7.8,-0.9396926207859084,-0.34202014332566855,13.1,75,643.0,7.6,-0.9205048534524403,-0.3907311284892738,4.875,open-meteo,2026-08-08T09:50:20+00:00
2026-06-10 11:00:00+00:00,BE,offshore,13.1,73,852.0,7.5,-0.913545457642601,-0.4067366430758001,13.3,73,813.0,6.5,-0.8987940462991668,-0.43837114678907774,13.3,71,826.0,8.8,-0.9205048534524403,-0.3907311284892738,13.3,74,773.0,7.5,-0.9510565162951535,-0.30901699437494756,4.75,open-meteo,2026-08-08T09:50:20+00:00
2026-06-10 12:00:00+00:00,BE,offshore,13.5,73,829.0,8.9,-0.8910065241883678,-0.45399049973954697,13.4,74,778.0,6.5,-0.8571673007021121,-0.5150380749100544,13.7,68,884.0,8.9,-0.9335804264972015,-0.3583679495453007,13.6,72,828.0,7.8,-0.913545457642601,-0.4067366430758001,4.450000000000001,open-meteo,2026-08-08T09:50:20+00:00
2026-06-10 13:00:00+00:00,BE,offshore,13.8,74,646.0,10.0,-0.848048096156426,-0.529919264233205,13.5,73,603.0,7.6,-0.7660444431189779,-0.6427876096865395,13.8,72,819.0,8.7,-0.9455185755993168,-0.32556815445715664,13.5,72,720.0,7.7,-0.8290375725550418,-0.5591929034707466,4.35,open-meteo,2026-08-08T09:50:20+00:00
2026-06-10 14:00:00+00:00,BE,offshore,12.7,72,643.0,10.0,-0.9925461516413221,-0.12186934340514717,12.9,73,648.0,11.7,-0.7986355100472928,-0.6018150231520483,12.9,81,684.0,11.8,-1.0,-1.8369701987210297e-16,13.4,75,676.0,11.4,-0.9396926207859084,-0.34202014332566855,5.025,open-meteo,2026-08-08T09:50:20+00:00
2026-06-10 15:00:00+00:00,BE,offshore,12.5,78,128.0,12.2,-0.6946583704589974,-0.7193398003386511,11.8,85,455.0,1.8,-0.9271838545667874,0.37460659341591196,12.6,79,201.0,10.7,-0.9975640502598242,-0.06975647374412558,12.5,79,289.0,6.3,-0.9396926207859084,-0.34202014332566855,5.65,open-meteo,2026-08-08T09:50:20+00:00
2026-06-10 16:00:00+00:00,BE,offshore,13.3,82,62.0,8.7,-0.8290375725550418,-0.5591929034707466,13.1,76,48.0,6.4,-0.656059028990507,-0.7547095802227721,12.8,74,54.0,12.8,-0.9975640502598242,-0.06975647374412558,13.1,69,34.0,7.4,-0.8987940462991668,-0.43837114678907774,4.924999999999999,open-meteo,2026-08-08T09:50:20+00:00
2026-06-10 17:00:00+00:00,BE,offshore,12.7,79,156.0,7.2,-0.7986355100472928,-0.6018150231520483,13.2,76,40.0,5.8,-0.9205048534524403,-0.3907311284892738,13.4,71,135.0,9.3,-0.913545457642601,-0.4067366430758001,13.3,76,132.0,6.5,-0.9743700647852351,-0.22495105434386525,4.850000000000001,open-meteo,2026-08-08T09:50:20+00:00
2026-06-10 18:00:00+00:00,BE,offshore,12.3,77,193.0,16.0,-0.7313537016191703,-0.6819983600624986,13.2,72,132.0,8.0,-0.43837114678907746,-0.8987940462991669,13.4,69,234.0,10.3,-0.9396926207859084,-0.34202014332566855,12.8,76,188.0,9.1,-0.6946583704589974,-0.7193398003386511,5.074999999999999,open-meteo,2026-08-08T09:50:20+00:00
2026-06-10 19:00:00+00:00,BE,offshore,12.3,76,33.0,8.0,-0.7313537016191703,-0.6819983600624986,12.6,79,120.0,4.9,-0.587785252292473,-0.8090169943749475,12.6,85,27.0,12.8,-0.9743700647852351,-0.22495105434386525,12.6,77,119.0,7.2,-0.8290375725550418,-0.5591929034707466,5.475,open-meteo,2026-08-08T09:50:20+00:00
2026-06-10 20:00:00+00:00,BE,offshore,13.5,80,19.0,9.7,-0.9335804264972015,-0.3583679495453007,13.5,76,14.0,7.1,-0.9743700647852351,-0.22495105434386525,13.8,76,4.0,9.1,-0.9396926207859084,-0.34202014332566855,13.5,75,30.0,6.6,-0.984807753012208,-0.17364817766693033,4.425000000000001,open-meteo,2026-08-08T09:50:20+00:00
2026-06-10 21:00:00+00:00,BE,offshore,12.8,77,0.0,7.1,-0.9925461516413221,-0.12186934340514717,12.8,79,0.0,8.4,-0.9271838545667873,-0.3746065934159123,12.9,80,0.0,10.3,-0.961261695938319,-0.2756373558169989,12.8,80,0.0,8.1,-0.913545457642601,-0.4067366430758001,5.175000000000001,open-meteo,2026-08-08T09:50:20+00:00
2026-06-10 22:00:00+00:00,BE,offshore,13.6,75,0.0,9.5,-0.9993908270190958,-0.03489949670250076,13.3,78,0.0,6.5,-0.981627183447664,-0.1908089953765446,13.6,78,0.0,5.9,-0.9986295347545738,-0.052335956242944306,13.1,81,0.0,5.7,-0.9945218953682734,-0.10452846326765336,4.6,open-meteo,2026-08-08T09:50:20+00:00
2026-06-10 23:00:00+00:00,BE,offshore,13.4,78,0.0,7.0,-0.9902680687415704,0.13917310096006547,13.2,75,0.0,5.8,-0.9993908270190958,-0.03489949670250076,13.4,78,0.0,6.1,-0.9848077530122081,0.17364817766692997,13.4,77,0.0,7.7,-0.9816271834476639,0.1908089953765451,4.65,open-meteo,2026-08-08T09:50:20+00:00
2026-06-11 00:00:00+00:00,BE,offshore,13.6,78,0.0,7.7,-0.9945218953682734,0.10452846326765299,13.7,68,0.0,6.9,-0.9902680687415704,0.13917310096006547,13.6,79,0.0,8.6,-0.9876883405951378,0.15643446504023067,13.5,70,0.0,7.6,-0.9335804264972017,0.3583679495453004,4.4,open-meteo,2026-08-08T09:50:20+00:00
2026-06-11 01:00:00+00:00,BE,offshore,13.7,72,0.0,9.3,-0.9135454576426011,0.40673664307579976,13.4,73,0.0,7.9,-0.9396926207859083,0.342020143325669,13.3,78,0.0,7.1,-0.9510565162951536,0.30901699437494723,13.4,75,0.0,7.8,-0.9659258262890684,0.2588190451025203,4.549999999999999,open-meteo,2026-08-08T09:50:20+00:00
2026-06-11 02:00:00+00:00,BE,offshore,13.8,67,0.0,6.1,-0.9271838545667874,0.37460659341591196,13.5,69,0.0,6.5,-0.9063077870366498,0.4226182617406996,13.5,72,0.0,6.1,-0.9271838545667874,0.37460659341591196,13.4,69,0.0,6.2,-0.9510565162951536,0.30901699437494723,4.450000000000001,open-meteo,2026-08-08T09:50:20+00:00
2026-06-11 03:00:00+00:00,BE,offshore,13.8,69,0.0,8.0,-0.8829475928589271,0.4694715627858904,13.0,72,0.0,7.0,-0.8386705679454243,0.5446390350150266,13.9,70,0.0,8.0,-0.9659258262890684,0.2588190451025203,13.2,71,0.0,6.2,-0.9335804264972017,0.3583679495453004,4.524999999999999,open-meteo,2026-08-08T09:50:20+00:00
2026-06-11 04:00:00+00:00,BE,offshore,13.8,74,4.0,7.6,-0.945518575599317,0.3255681544571563,13.8,68,4.0,7.2,-0.9063077870366498,0.4226182617406996,14.0,67,4.0,7.2,-0.9335804264972017,0.3583679495453004,13.6,70,5.0,6.6,-0.9135454576426011,0.40673664307579976,4.199999999999999,open-meteo,2026-08-08T09:50:20+00:00
2026-06-11 05:00:00+00:00,BE,offshore,13.9,69,65.0,6.4,-0.9271838545667874,0.37460659341591196,13.7,66,69.0,5.6,-0.8386705679454243,0.5446390350150266,13.9,66,71.0,6.0,-0.9135454576426011,0.40673664307579976,13.5,68,74.0,5.3,-0.898794046299167,0.4383711467890774,4.25,open-meteo,2026-08-08T09:50:20+00:00
2026-06-11 06:00:00+00:00,BE,offshore,13.8,73,174.0,5.3,-0.9743700647852352,0.22495105434386492,13.9,68,173.0,4.5,-0.9816271834476639,0.1908089953765451,13.9,70,174.0,4.7,-0.9335804264972017,0.3583679495453004,13.8,66,178.0,4.6,-0.8829475928589271,0.4694715627858904,4.149999999999999,open-meteo,2026-08-08T09:50:20+00:00
2026-06-11 07:00:00+00:00,BE,offshore,13.8,72,223.0,5.6,-0.9993908270190958,-0.03489949670250076,13.8,71,224.0,6.3,-0.9998476951563913,0.01745240643728313,14.1,67,224.0,4.9,-0.9848077530122081,0.17364817766692997,13.9,65,237.0,6.1,-0.9975640502598243,0.06975647374412522,4.1,open-meteo,2026-08-08T09:50:20+00:00
2026-06-11 08:00:00+00:00,BE,offshore,14.1,74,322.0,5.1,-0.8191520442889916,-0.5735764363510464,14.0,72,352.0,6.2,-0.874619707139396,-0.48480962024633684,14.2,71,377.0,4.7,-0.9205048534524403,-0.3907311284892738,14.0,66,425.0,3.9,-0.8987940462991668,-0.43837114678907774,3.9250000000000007,open-meteo,2026-08-08T09:50:20+00:00
2026-06-11 09:00:00+00:00,BE,offshore,13.1,81,373.0,8.2,-0.6946583704589974,-0.7193398003386511,13.7,74,410.0,6.5,-0.6427876096865393,-0.766044443118978,13.5,81,423.0,8.4,-0.7313537016191703,-0.6819983600624986,13.8,73,435.0,6.2,-0.6427876096865393,-0.766044443118978,4.475000000000001,open-meteo,2026-08-08T09:50:20+00:00
2026-06-11 10:00:00+00:00,BE,offshore,13.5,78,216.0,9.0,-0.754709580222772,-0.6560590289905073,14.0,72,140.0,8.0,-0.7071067811865475,-0.7071067811865477,13.8,79,297.0,9.1,-0.7660444431189779,-0.6427876096865395,14.0,73,314.0,7.4,-0.6427876096865393,-0.766044443118978,4.175000000000001,open-meteo,2026-08-08T09:50:20+00:00
2026-06-11 11:00:00+00:00,BE,offshore,13.8,77,228.0,11.5,-0.7986355100472928,-0.6018150231520483,13.8,76,201.0,10.2,-0.6946583704589974,-0.7193398003386511,14.0,75,276.0,10.8,-0.848048096156426,-0.529919264233205,13.9,77,255.0,10.4,-0.7193398003386512,-0.6946583704589973,4.125,open-meteo,2026-08-08T09:50:20+00:00
2026-06-11 12:00:00+00:00,BE,offshore,13.2,87,177.0,11.4,-0.8191520442889916,-0.5735764363510464,12.9,83,199.0,11.7,-0.8090169943749473,-0.5877852522924732,13.3,85,248.0,12.8,-0.8290375725550418,-0.5591929034707466,13.3,83,239.0,11.5,-0.8090169943749473,-0.5877852522924732,4.824999999999999,open-meteo,2026-08-08T09:50:20+00:00
2026-06-11 13:00:00+00:00,BE,offshore,13.8,87,62.0,13.8,-0.8290375725550418,-0.5591929034707466,13.7,87,87.0,13.0,-0.6427876096865393,-0.766044443118978,13.7,87,41.0,11.0,-0.7431448254773944,-0.6691306063588581,13.8,83,80.0,11.7,-0.7660444431189779,-0.6427876096865395,4.25,open-meteo,2026-08-08T09:50:20+00:00
2026-06-11 14:00:00+00:00,BE,offshore,13.4,81,17.0,13.1,-0.7431448254773944,-0.6691306063588581,12.9,85,41.0,9.0,-0.6819983600624984,-0.7313537016191706,13.6,88,23.0,11.1,-0.6427876096865393,-0.766044443118978,13.0,85,58.0,9.8,-0.8987940462991668,-0.43837114678907774,4.775,open-meteo,2026-08-08T09:50:20+00:00
2026-06-11 15:00:00+00:00,BE,offshore,13.2,84,35.0,11.8,-0.587785252292473,-0.8090169943749475,13.2,86,23.0,13.2,-0.6427876096865393,-0.766044443118978,13.0,86,34.0,11.4,-0.5591929034707467,-0.8290375725550418,13.3,85,28.0,13.7,-0.6427876096865393,-0.766044443118978,4.824999999999999,open-meteo,2026-08-08T09:50:20+00:00
2026-06-11 16:00:00+00:00,BE,offshore,13.3,85,8.0,14.2,-0.6691306063588582,-0.7431448254773942,13.1,83,11.0,16.0,-0.6293203910498376,-0.7771459614569708,13.3,88,17.0,12.0,-0.5446390350150271,-0.838670567945424,13.3,83,23.0,15.4,-0.656059028990507,-0.7547095802227721,4.75,open-meteo,2026-08-08T09:50:20+00:00
2026-06-11 17:00:00+00:00,BE,offshore,13.0,85,6.0,14.9,-0.48480962024633695,-0.8746197071393959,13.2,88,6.0,13.6,-0.587785252292473,-0.8090169943749475,12.8,83,4.0,12.5,-0.4226182617406993,-0.90630778703665,12.9,85,9.0,14.3,-0.5446390350150271,-0.838670567945424,5.025,open-meteo,2026-08-08T09:50:20+00:00
2026-06-11 18:00:00+00:00,BE,offshore,13.3,87,3.0,15.3,-0.6293203910498376,-0.7771459614569708,13.9,89,2.0,18.5,-0.7071067811865475,-0.7071067811865477,13.0,85,2.0,15.4,-0.5299192642332048,-0.8480480961564261,13.1,87,3.0,14.4,-0.5446390350150271,-0.838670567945424,4.674999999999999,open-meteo,2026-08-08T09:50:20+00:00
2026-06-11 19:00:00+00:00,BE,offshore,14.5,90,1.0,19.1,-0.7880107536067221,-0.6156614753256581,14.5,91,2.0,16.1,-0.7986355100472928,-0.6018150231520483,14.0,90,2.0,15.4,-0.6946583704589974,-0.7193398003386511,14.3,90,2.0,16.8,-0.7880107536067221,-0.6156614753256581,3.6750000000000007,open-meteo,2026-08-08T09:50:20+00:00
2026-06-11 20:00:00+00:00,BE,offshore,14.9,93,0.0,15.7,-0.882947592858927,-0.46947156278589075,14.7,92,1.0,12.4,-0.874619707139396,-0.48480962024633684,14.6,92,0.0,14.2,-0.7771459614569706,-0.6293203910498378,14.8,92,0.0,13.4,-0.882947592858927,-0.46947156278589075,3.25,open-meteo,2026-08-08T09:50:20+00:00
2026-06-11 21:00:00+00:00,BE,offshore,14.9,95,0.0,13.7,-0.90630778703665,-0.42261826174069916,14.8,94,0.0,12.3,-0.913545457642601,-0.4067366430758001,15.0,94,0.0,14.4,-0.882947592858927,-0.46947156278589075,14.7,93,0.0,12.8,-0.9271838545667873,-0.3746065934159123,3.1499999999999986,open-meteo,2026-08-08T09:50:20+00:00
2026-06-11 22:00:00+00:00,BE,offshore,14.7,95,0.0,13.2,-0.882947592858927,-0.46947156278589075,15.0,94,0.0,13.6,-0.913545457642601,-0.4067366430758001,14.8,95,0.0,14.6,-0.9205048534524403,-0.3907311284892738,14.9,94,0.0,13.8,-0.9205048534524403,-0.3907311284892738,3.1500000000000004,open-meteo,2026-08-08T09:50:20+00:00
2026-06-11 23:00:00+00:00,BE,offshore,14.7,97,0.0,13.0,-0.8660254037844384,-0.5000000000000004,14.8,96,0.0,13.1,-0.90630778703665,-0.42261826174069916,14.7,97,0.0,13.8,-0.913545457642601,-0.4067366430758001,14.7,95,0.0,13.7,-0.9335804264972015,-0.3583679495453007,3.2749999999999986,open-meteo,2026-08-08T09:50:20+00:00
2026-06-12 00:00:00+00:00,BE,offshore,14.9,98,0.0,13.6,-0.8660254037844384,-0.5000000000000004,15.1,95,0.0,12.6,-0.9271838545667873,-0.3746065934159123,15.0,97,0.0,13.8,-0.90630778703665,-0.42261826174069916,15.1,95,0.0,13.4,-0.9455185755993168,-0.32556815445715664,2.9749999999999996,open-meteo,2026-08-08T09:50:20+00:00
2026-06-12 01:00:00+00:00,BE,offshore,14.7,100,0.0,12.7,-0.8571673007021121,-0.5150380749100544,15.1,97,0.0,10.7,-0.9271838545667873,-0.3746065934159123,14.8,99,0.0,13.3,-0.8987940462991668,-0.43837114678907774,15.0,97,0.0,12.0,-0.9335804264972015,-0.3583679495453007,3.1000000000000014,open-meteo,2026-08-08T09:50:20+00:00
2026-06-12 02:00:00+00:00,BE,offshore,14.9,99,0.0,13.7,-0.874619707139396,-0.48480962024633684,15.6,96,0.0,12.0,-0.9396926207859084,-0.34202014332566855,15.0,98,0.0,14.0,-0.8910065241883678,-0.45399049973954697,15.3,97,0.0,11.7,-0.9271838545667873,-0.3746065934159123,2.8000000000000007,open-meteo,2026-08-08T09:50:20+00:00
2026-06-12 03:00:00+00:00,BE,offshore,14.7,99,0.0,14.4,-0.8571673007021121,-0.5150380749100544,15.4,96,0.0,12.8,-0.9510565162951535,-0.30901699437494756,14.7,99,0.0,14.2,-0.874619707139396,-0.48480962024633684,15.2,97,0.0,12.5,-0.9335804264972015,-0.3583679495453007,3.0,open-meteo,2026-08-08T09:50:20+00:00
2026-06-12 04:00:00+00:00,BE,offshore,14.7,99,0.0,13.6,-0.8660254037844384,-0.5000000000000004,15.4,95,0.0,13.8,-0.9743700647852351,-0.22495105434386525,14.8,99,0.0,14.3,-0.8987940462991668,-0.43837114678907774,15.3,96,0.0,13.2,-0.9702957262759965,-0.24192189559966779,2.9499999999999993,open-meteo,2026-08-08T09:50:20+00:00
2026-06-12 05:00:00+00:00,BE,offshore,14.9,96,11.0,13.1,-0.913545457642601,-0.4067366430758001,15.5,94,15.0,13.2,-0.9902680687415703,-0.13917310096006583,15.0,96,4.0,14.0,-0.8987940462991668,-0.43837114678907774,15.4,95,4.0,13.4,-0.9876883405951377,-0.15643446504023104,2.8000000000000007,open-meteo,2026-08-08T09:50:20+00:00
2026-06-12 06:00:00+00:00,BE,offshore,15.1,95,4.0,12.0,-0.981627183447664,-0.1908089953765446,15.3,94,12.0,11.7,-0.9975640502598242,-0.06975647374412558,15.0,96,3.0,13.2,-0.9510565162951535,-0.30901699437494756,15.4,94,6.0,13.3,-0.9961946980917455,-0.08715574274765825,2.8000000000000007,open-meteo,2026-08-08T09:50:20+00:00
2026-06-12 07:00:00+00:00,BE,offshore,15.2,95,23.0,11.9,-0.961261695938319,-0.2756373558169989,15.5,93,61.0,12.4,-0.9925461516413221,-0.12186934340514717,15.2,95,14.0,12.7,-0.9510565162951535,-0.30901699437494756,15.5,94,95.0,11.8,-0.9902680687415703,-0.13917310096006583,2.6500000000000004,open-meteo,2026-08-08T09:50:20+00:00
2026-06-12 08:00:00+00:00,BE,offshore,15.0,95,62.0,11.2,-0.9563047559630353,-0.2923717047227371,15.3,94,41.0,13.0,-0.981627183447664,-0.1908089953765446,15.2,95,38.0,12.1,-0.9455185755993168,-0.32556815445715664,15.4,94,44.0,12.8,-0.9902680687415703,-0.13917310096006583,2.7750000000000004,open-meteo,2026-08-08T09:50:20+00:00
2026-06-12 09:00:00+00:00,BE,offshore,15.0,94,276.0,12.6,-0.9702957262759965,-0.24192189559966779,15.3,93,218.0,13.9,-0.9659258262890683,-0.25881904510252063,15.2,95,272.0,12.7,-0.9563047559630353,-0.2923717047227371,15.4,93,176.0,15.0,-0.9781476007338056,-0.2079116908177598,2.7750000000000004,open-meteo,2026-08-08T09:50:20+00:00
2026-06-12 10:00:00+00:00,BE,offshore,15.1,96,254.0,13.1,-0.8660254037844384,-0.5000000000000004,15.5,93,612.0,13.0,-0.8571673007021121,-0.5150380749100544,15.2,96,282.0,13.0,-0.8987940462991668,-0.43837114678907774,15.4,93,223.0,12.8,-0.882947592858927,-0.46947156278589075,2.700000000000001,open-meteo,2026-08-08T09:50:20+00:00
2026-06-12 11:00:00+00:00,BE,offshore,15.1,96,132.0,14.3,-0.848048096156426,-0.529919264233205,15.4,96,345.0,13.2,-0.8090169943749473,-0.5877852522924732,15.2,96,177.0,13.7,-0.874619707139396,-0.48480962024633684,15.4,95,282.0,12.1,-0.7986355100472928,-0.6018150231520483,2.7249999999999996,open-meteo,2026-08-08T09:50:20+00:00
2026-06-12 12:00:00+00:00,BE,offshore,14.9,95,263.0,14.7,-0.8191520442889916,-0.5735764363510464,15.3,95,244.0,13.9,-0.7986355100472928,-0.6018150231520483,15.1,95,267.0,15.7,-0.8571673007021121,-0.5150380749100544,15.2,95,139.0,12.2,-0.7880107536067221,-0.6156614753256581,2.875,open-meteo,2026-08-08T09:50:20+00:00
2026-06-12 13:00:00+00:00,BE,offshore,14.9,95,77.0,14.3,-0.8386705679454242,-0.544639035015027,15.1,95,76.0,11.9,-0.8090169943749473,-0.5877852522924732,14.9,95,85.0,14.8,-0.8571673007021121,-0.5150380749100544,15.0,95,93.0,12.9,-0.8090169943749473,-0.5877852522924732,3.0250000000000004,open-meteo,2026-08-08T09:50:20+00:00
2026-06-12 14:00:00+00:00,BE,offshore,15.3,94,218.0,15.0,-0.8571673007021121,-0.5150380749100544,15.6,94,356.0,13.1,-0.9205048534524403,-0.3907311284892738,15.4,93,186.0,14.8,-0.8571673007021121,-0.5150380749100544,15.4,94,432.0,13.5,-0.8290375725550418,-0.5591929034707466,2.575000000000001,open-meteo,2026-08-08T09:50:20+00:00
2026-06-12 15:00:00+00:00,BE,offshore,15.4,94,56.0,15.4,-0.8290375725550418,-0.5591929034707466,15.7,94,93.0,12.3,-0.8571673007021121,-0.5150380749100544,15.5,94,53.0,14.6,-0.874619707139396,-0.48480962024633684,15.7,94,159.0,13.6,-0.848048096156426,-0.529919264233205,2.4250000000000007,open-meteo,2026-08-08T09:50:20+00:00
2026-06-12 16:00:00+00:00,BE,offshore,15.3,94,100.0,15.8,-0.7660444431189779,-0.6427876096865395,15.6,94,292.0,13.7,-0.754709580222772,-0.6560590289905073,15.7,93,42.0,16.5,-0.8191520442889916,-0.5735764363510464,15.6,94,73.0,14.1,-0.7771459614569706,-0.6293203910498378,2.450000000000001,open-meteo,2026-08-08T09:50:20+00:00
2026-06-12 17:00:00+00:00,BE,offshore,15.2,95,238.0,15.7,-0.7880107536067221,-0.6156614753256581,15.8,93,310.0,15.0,-0.8090169943749473,-0.5877852522924732,15.3,94,47.0,16.5,-0.8191520442889916,-0.5735764363510464,15.2,95,83.0,15.9,-0.6946583704589974,-0.7193398003386511,2.625,open-meteo,2026-08-08T09:50:20+00:00
2026-06-12 18:00:00+00:00,BE,offshore,15.0,96,232.0,17.4,-0.7660444431189779,-0.6427876096865395,15.8,94,290.0,14.2,-0.8386705679454242,-0.544639035015027,15.3,95,166.0,16.8,-0.8191520442889916,-0.5735764363510464,15.4,95,285.0,15.2,-0.7313537016191703,-0.6819983600624986,2.625,open-meteo,2026-08-08T09:50:20+00:00
2026-06-12 19:00:00+00:00,BE,offshore,14.8,97,72.0,17.2,-0.754709580222772,-0.6560590289905073,15.5,94,124.0,13.9,-0.7986355100472928,-0.6018150231520483,15.3,94,50.0,16.5,-0.7771459614569706,-0.6293203910498378,15.3,94,134.0,15.1,-0.6946583704589974,-0.7193398003386511,2.7749999999999986,open-meteo,2026-08-08T09:50:20+00:00
2026-06-12 20:00:00+00:00,BE,offshore,14.5,100,22.0,16.4,-0.754709580222772,-0.6560590289905073,15.6,95,39.0,15.3,-0.8571673007021121,-0.5150380749100544,14.8,98,15.0,17.4,-0.7880107536067221,-0.6156614753256581,15.1,96,36.0,16.2,-0.6946583704589974,-0.7193398003386511,2.9999999999999982,open-meteo,2026-08-08T09:50:20+00:00
2026-06-12 21:00:00+00:00,BE,offshore,14.3,100,0.0,15.3,-0.7771459614569706,-0.6293203910498378,15.6,93,0.0,14.9,-0.9205048534524403,-0.3907311284892738,14.5,99,0.0,15.9,-0.8090169943749473,-0.5877852522924732,15.1,96,0.0,13.6,-0.7986355100472928,-0.6018150231520483,3.125,open-meteo,2026-08-08T09:50:20+00:00
2026-06-12 22:00:00+00:00,BE,offshore,14.2,100,0.0,14.2,-0.7880107536067221,-0.6156614753256581,15.9,89,0.0,12.8,-0.9510565162951535,-0.30901699437494756,14.5,98,0.0,16.3,-0.8660254037844384,-0.5000000000000004,15.2,94,0.0,11.6,-0.8910065241883678,-0.45399049973954697,3.0500000000000007,open-meteo,2026-08-08T09:50:20+00:00
2026-06-12 23:00:00+00:00,BE,offshore,14.4,100,0.0,13.4,-0.8660254037844384,-0.5000000000000004,16.1,88,0.0,13.4,-0.9986295347545738,-0.052335956242944306,14.6,99,0.0,14.3,-0.8910065241883678,-0.45399049973954697,16.0,91,0.0,12.9,-0.9993908270190958,-0.03489949670250076,2.7249999999999996,open-meteo,2026-08-08T09:50:20+00:00
2026-06-13 00:00:00+00:00,BE,offshore,14.5,100,0.0,12.8,-0.8987940462991668,-0.43837114678907774,16.1,86,0.0,13.8,-0.9986295347545738,0.052335956242943946,14.6,100,0.0,13.8,-0.9205048534524403,-0.3907311284892738,15.7,93,0.0,10.7,-0.9975640502598242,-0.06975647374412558,2.7749999999999986,open-meteo,2026-08-08T09:50:20+00:00
2026-06-13 01:00:00+00:00,BE,offshore,14.2,100,0.0,11.9,-0.9335804264972015,-0.3583679495453007,15.6,88,0.0,12.5,-0.992546151641322,0.12186934340514768,14.3,100,0.0,13.6,-0.9563047559630353,-0.2923717047227371,15.7,89,0.0,11.4,-0.9961946980917455,0.08715574274765789,3.0500000000000007,open-meteo,2026-08-08T09:50:20+00:00
2026-06-13 02:00:00+00:00,BE,offshore,14.7,96,0.0,10.4,-0.9876883405951377,-0.15643446504023104,15.2,90,0.0,12.0,-0.9975640502598243,0.06975647374412522,14.3,99,0.0,12.5,-0.9876883405951377,-0.15643446504023104,15.4,91,0.0,11.2,-0.9961946980917455,0.08715574274765789,3.0999999999999996,open-meteo,2026-08-08T09:50:20+00:00
2026-06-13 03:00:00+00:00,BE,offshore,14.7,93,0.0,9.6,-0.9659258262890683,-0.25881904510252063,15.0,90,0.0,10.8,-0.9998476951563913,-0.017452406437283498,14.8,95,0.0,11.6,-0.9510565162951535,-0.30901699437494756,15.0,91,0.0,10.1,-0.9993908270190958,-0.03489949670250076,3.125,open-meteo,2026-08-08T09:50:20+00:00
2026-06-13 04:00:00+00:00,BE,offshore,14.6,90,4.0,10.4,-0.9945218953682734,-0.10452846326765336,14.9,88,4.0,12.1,-0.9986295347545738,0.052335956242943946,14.3,94,4.0,11.3,-0.9781476007338056,-0.2079116908177598,14.9,91,5.0,11.1,-0.9925461516413221,-0.12186934340514717,3.325000000000001,open-meteo,2026-08-08T09:50:20+00:00
2026-06-13 05:00:00+00:00,BE,offshore,14.5,89,57.0,11.7,-1.0,-1.8369701987210297e-16,14.8,86,71.0,14.1,-0.9816271834476639,0.1908089953765451,14.6,88,46.0,12.4,-0.9986295347545738,-0.052335956242944306,14.9,89,63.0,13.2,-0.9993908270190958,0.03489949670250128,3.3000000000000007,open-meteo,2026-08-08T09:50:20+00:00
2026-06-13 06:00:00+00:00,BE,offshore,14.4,89,149.0,12.8,-0.9986295347545738,0.052335956242943946,14.4,86,192.0,13.3,-0.9848077530122081,0.17364817766692997,14.5,88,74.0,12.6,-1.0,-1.8369701987210297e-16,14.7,86,159.0,13.1,-0.9945218953682734,0.10452846326765299,3.5,open-meteo,2026-08-08T09:50:20+00:00
2026-06-13 07:00:00+00:00,BE,offshore,14.2,88,210.0,11.8,-0.9986295347545738,-0.052335956242944306,14.5,81,346.0,12.3,-0.9876883405951378,0.15643446504023067,14.4,88,127.0,12.0,-1.0,-1.8369701987210297e-16,14.4,84,306.0,11.9,-0.9945218953682734,0.10452846326765299,3.625,open-meteo,2026-08-08T09:50:20+00:00
2026-06-13 08:00:00+00:00,BE,offshore,14.7,81,342.0,10.2,-0.9945218953682734,0.10452846326765299,14.5,75,494.0,10.9,-0.9816271834476639,0.1908089953765451,14.6,85,133.0,11.7,-0.9993908270190958,-0.03489949670250076,14.6,79,387.0,11.7,-0.9945218953682734,0.10452846326765299,3.4000000000000004,open-meteo,2026-08-08T09:50:20+00:00
2026-06-13 09:00:00+00:00,BE,offshore,14.7,76,368.0,10.9,-0.9961946980917455,0.08715574274765789,14.6,73,617.0,10.4,-0.9902680687415704,0.13917310096006547,14.7,77,248.0,11.9,-0.9961946980917455,0.08715574274765789,14.6,74,636.0,11.6,-0.992546151641322,0.12186934340514768,3.3499999999999996,open-meteo,2026-08-08T09:50:20+00:00
2026-06-13 10:00:00+00:00,BE,offshore,14.7,77,518.0,10.8,-0.9961946980917455,0.08715574274765789,14.7,70,635.0,10.6,-0.9510565162951536,0.30901699437494723,14.7,77,712.0,11.2,-0.9961946980917455,0.08715574274765789,14.6,73,723.0,10.9,-0.9781476007338056,0.20791169081775945,3.325000000000001,open-meteo,2026-08-08T09:50:20+00:00
2026-06-13 11:00:00+00:00,BE,offshore,14.7,76,694.0,8.6,-0.9702957262759966,0.24192189559966745,14.9,69,826.0,8.6,-0.9563047559630354,0.2923717047227367,14.8,74,827.0,9.3,-0.9563047559630354,0.2923717047227367,14.8,69,813.0,9.3,-0.9781476007338056,0.20791169081775945,3.1999999999999993,open-meteo,2026-08-08T09:50:20+00:00
2026-06-13 12:00:00+00:00,BE,offshore,14.6,75,845.0,7.8,-0.9945218953682734,0.10452846326765299,14.8,69,883.0,10.2,-0.9986295347545738,0.052335956242943946,14.7,74,865.0,9.5,-0.9902680687415704,0.13917310096006547,14.8,71,885.0,10.2,-0.9998476951563913,-0.017452406437283498,3.275000000000002,open-meteo,2026-08-08T09:50:20+00:00
2026-06-13 13:00:00+00:00,BE,offshore,14.8,75,878.0,6.2,-0.9816271834476639,0.1908089953765451,14.8,73,877.0,7.7,-0.9659258262890683,-0.25881904510252063,14.8,74,877.0,7.9,-0.9659258262890684,0.2588190451025203,14.8,71,874.0,8.8,-0.984807753012208,-0.17364817766693033,3.1999999999999993,open-meteo,2026-08-08T09:50:20+00:00
2026-06-13 14:00:00+00:00,BE,offshore,14.9,86,808.0,5.6,-0.882947592858927,-0.46947156278589075,15.3,76,817.0,7.7,-0.9986295347545738,-0.052335956242944306,15.3,74,814.0,6.8,-0.9986295347545738,0.052335956242943946,15.3,73,814.0,8.3,-0.9993908270190958,-0.03489949670250076,2.8000000000000007,open-meteo,2026-08-08T09:50:20+00:00
2026-06-13 15:00:00+00:00,BE,offshore,14.5,88,727.0,5.9,-0.8191520442889916,-0.5735764363510464,15.0,78,504.0,7.3,-0.961261695938319,-0.2756373558169989,14.8,79,725.0,6.2,-0.9563047559630353,-0.2923717047227371,15.0,75,592.0,8.2,-0.961261695938319,-0.2756373558169989,3.1750000000000007,open-meteo,2026-08-08T09:50:20+00:00
2026-06-13 16:00:00+00:00,BE,offshore,14.6,89,597.0,6.5,-0.882947592858927,-0.46947156278589075,15.2,78,506.0,8.0,-0.9702957262759965,-0.24192189559966779,14.7,86,586.0,6.7,-0.9335804264972015,-0.3583679495453007,15.0,78,484.0,8.6,-0.9510565162951535,-0.30901699437494756,3.125,open-meteo,2026-08-08T09:50:20+00:00
2026-06-13 17:00:00+00:00,BE,offshore,14.8,90,447.0,7.1,-0.882947592858927,-0.46947156278589075,15.1,84,287.0,4.9,-0.7880107536067221,-0.6156614753256581,15.0,89,442.0,6.5,-0.913545457642601,-0.4067366430758001,15.4,80,282.0,6.7,-0.981627183447664,-0.1908089953765446,2.9250000000000007,open-meteo,2026-08-08T09:50:20+00:00
2026-06-13 18:00:00+00:00,BE,offshore,14.5,89,271.0,7.6,-0.882947592858927,-0.46947156278589075,14.7,85,85.0,5.8,-0.7313537016191703,-0.6819983600624986,14.7,86,250.0,6.5,-0.9205048534524403,-0.3907311284892738,15.0,80,89.0,6.6,-0.8090169943749473,-0.5877852522924732,3.2750000000000004,open-meteo,2026-08-08T09:50:20+00:00
2026-06-13 19:00:00+00:00,BE,offshore,14.7,90,146.0,8.8,-0.882947592858927,-0.46947156278589075,15.0,85,79.0,8.0,-0.7986355100472928,-0.6018150231520483,15.0,88,139.0,6.9,-0.8987940462991668,-0.43837114678907774,15.0,85,51.0,8.2,-0.848048096156426,-0.529919264233205,3.0749999999999993,open-meteo,2026-08-08T09:50:20+00:00
2026-06-13 20:00:00+00:00,BE,offshore,14.7,92,17.0,8.0,-0.8571673007021121,-0.5150380749100544,15.0,91,9.0,5.5,-0.90630778703665,-0.42261826174069916,14.9,90,32.0,6.0,-0.8987940462991668,-0.43837114678907774,15.1,88,8.0,6.9,-0.9205048534524403,-0.3907311284892738,3.0749999999999993,open-meteo,2026-08-08T09:50:20+00:00
2026-06-13 21:00:00+00:00,BE,offshore,14.6,92,0.0,7.4,-0.8987940462991668,-0.43837114678907774,14.7,92,0.0,4.4,-0.9925461516413221,-0.12186934340514717,14.7,90,0.0,7.4,-0.8987940462991668,-0.43837114678907774,14.7,89,0.0,6.2,-0.9335804264972015,-0.3583679495453007,3.3249999999999993,open-meteo,2026-08-08T09:50:20+00:00
2026-06-13 22:00:00+00:00,BE,offshore,15.4,90,0.0,7.8,-0.7313537016191703,0.6819983600624987,15.9,78,0.0,8.9,-0.8660254037844386,0.5000000000000001,15.1,92,0.0,7.6,-0.984807753012208,-0.17364817766693033,15.2,89,0.0,7.2,-1.0,-1.8369701987210297e-16,2.6000000000000014,open-meteo,2026-08-08T09:50:20+00:00
2026-06-13 23:00:00+00:00,BE,offshore,15.8,75,0.0,8.2,-0.6560590289905074,0.7547095802227719,15.6,70,0.0,10.9,-0.7431448254773946,0.6691306063588578,15.8,80,0.0,10.1,-0.8829475928589271,0.4694715627858904,15.6,72,0.0,10.6,-0.898794046299167,0.4383711467890774,2.299999999999999,open-meteo,2026-08-08T09:50:20+00:00
2026-06-14 00:00:00+00:00,BE,offshore,15.4,71,0.0,8.9,-0.7193398003386512,0.6946583704589973,15.4,66,0.0,11.0,-0.8290375725550416,0.559192903470747,15.7,71,0.0,10.8,-0.8386705679454243,0.5446390350150266,15.3,72,0.0,11.7,-0.8480480961564262,0.5299192642332047,2.5500000000000007,open-meteo,2026-08-08T09:50:20+00:00
2026-06-14 01:00:00+00:00,BE,offshore,15.1,73,0.0,9.1,-0.7313537016191703,0.6819983600624987,15.1,67,0.0,11.0,-0.8829475928589271,0.4694715627858904,15.3,70,0.0,8.5,-0.7193398003386512,0.6946583704589973,15.3,71,0.0,9.8,-0.8290375725550416,0.559192903470747,2.8000000000000007,open-meteo,2026-08-08T09:50:20+00:00
2026-06-14 02:00:00+00:00,BE,offshore,14.8,69,0.0,11.1,-0.7071067811865477,0.7071067811865474,14.6,71,0.0,13.4,-0.7771459614569708,0.6293203910498375,15.1,69,0.0,11.6,-0.7660444431189781,0.6427876096865393,14.8,71,0.0,12.9,-0.7771459614569708,0.6293203910498375,3.1750000000000007,open-meteo,2026-08-08T09:50:20+00:00
2026-06-14 03:00:00+00:00,BE,offshore,14.6,67,0.0,11.5,-0.7880107536067218,0.6156614753256585,14.5,71,0.0,13.2,-0.7986355100472932,0.6018150231520479,14.8,68,0.0,11.8,-0.7880107536067218,0.6156614753256585,14.6,72,0.0,12.7,-0.8090169943749476,0.5877852522924729,3.3749999999999982,open-meteo,2026-08-08T09:50:20+00:00
2026-06-14 04:00:00+00:00,BE,offshore,14.2,70,4.0,9.9,-0.7771459614569708,0.6293203910498375,13.8,74,5.0,9.2,-0.8090169943749476,0.5877852522924729,14.2,71,4.0,10.1,-0.7313537016191703,0.6819983600624987,14.0,73,5.0,10.6,-0.8090169943749476,0.5877852522924729,3.9499999999999993,open-meteo,2026-08-08T09:50:20+00:00
2026-06-14 05:00:00+00:00,BE,offshore,13.8,74,70.0,8.8,-0.544639035015027,0.838670567945424,13.5,76,73.0,8.8,-0.7071067811865477,0.7071067811865474,13.9,74,73.0,8.6,-0.6293203910498378,0.7771459614569706,13.8,75,74.0,10.0,-0.7431448254773946,0.6691306063588578,4.25,open-meteo,2026-08-08T09:50:20+00:00
2026-06-14 06:00:00+00:00,BE,offshore,13.7,75,195.0,8.7,-0.5735764363510465,0.8191520442889916,13.6,76,201.0,9.6,-0.7313537016191703,0.6819983600624987,13.8,75,201.0,9.1,-0.6691306063588581,0.7431448254773944,13.8,77,202.0,9.8,-0.7313537016191703,0.6819983600624987,4.275000000000002,open-meteo,2026-08-08T09:50:20+00:00
2026-06-14 07:00:00+00:00,BE,offshore,13.4,76,341.0,8.1,-0.6691306063588581,0.7431448254773944,13.5,78,348.0,9.2,-0.6691306063588581,0.7431448254773944,13.7,76,344.0,8.0,-0.6819983600624984,0.7313537016191707,13.6,78,353.0,9.5,-0.6946583704589976,0.7193398003386509,4.450000000000001,open-meteo,2026-08-08T09:50:20+00:00
2026-06-14 08:00:00+00:00,BE,offshore,13.4,78,497.0,7.1,-0.6819983600624984,0.7313537016191707,13.3,80,494.0,8.2,-0.6691306063588581,0.7431448254773944,13.6,78,488.0,6.9,-0.7771459614569708,0.6293203910498375,13.4,80,502.0,8.4,-0.7547095802227722,0.656059028990507,4.574999999999999,open-meteo,2026-08-08T09:50:20+00:00
2026-06-14 09:00:00+00:00,BE,offshore,13.8,77,617.0,6.4,-0.6560590289905074,0.7547095802227719,13.8,77,638.0,7.1,-0.6560590289905074,0.7547095802227719,13.8,78,643.0,6.5,-0.7547095802227722,0.656059028990507,13.8,79,634.0,7.5,-0.6293203910498378,0.7771459614569706,4.199999999999999,open-meteo,2026-08-08T09:50:20+00:00
2026-06-14 10:00:00+00:00,BE,offshore,13.8,76,760.0,5.5,-0.6427876096865396,0.7660444431189778,13.9,76,754.0,7.1,-0.5877852522924734,0.8090169943749473,13.9,78,746.0,6.3,-0.6691306063588581,0.7431448254773944,13.8,78,745.0,7.9,-0.6293203910498378,0.7771459614569706,4.149999999999999,open-meteo,2026-08-08T09:50:20+00:00
2026-06-14 11:00:00+00:00,BE,offshore,13.7,76,830.0,4.2,-0.6691306063588581,0.7431448254773944,13.9,75,605.0,5.5,-0.6427876096865396,0.7660444431189778,13.7,78,808.0,5.0,-0.6946583704589976,0.7193398003386509,13.8,78,842.0,6.8,-0.6560590289905074,0.7547095802227719,4.225000000000001,open-meteo,2026-08-08T09:50:20+00:00
2026-06-14 12:00:00+00:00,BE,offshore,14.0,73,860.0,4.5,-0.8571673007021123,0.5150380749100542,13.8,78,857.0,4.9,-0.6560590289905074,0.7547095802227719,13.9,74,798.0,5.4,-0.7193398003386512,0.6946583704589973,13.7,77,876.0,6.5,-0.7431448254773946,0.6691306063588578,4.149999999999999,open-meteo,2026-08-08T09:50:20+00:00
2026-06-14 13:00:00+00:00,BE,offshore,14.5,69,716.0,4.2,-0.5735764363510465,0.8191520442889916,14.0,76,741.0,4.0,-0.6427876096865396,0.7660444431189778,14.2,73,770.0,5.0,-0.544639035015027,0.838670567945424,13.9,74,818.0,5.3,-0.6560590289905074,0.7547095802227719,3.8499999999999996,open-meteo,2026-08-08T09:50:20+00:00
2026-06-14 14:00:00+00:00,BE,offshore,14.4,72,684.0,3.5,-0.7986355100472932,0.6018150231520479,14.1,76,616.0,3.6,-0.6293203910498378,0.7771459614569706,14.4,73,690.0,4.3,-0.6018150231520483,0.7986355100472928,14.1,74,662.0,5.5,-0.7313537016191703,0.6819983600624987,3.75,open-meteo,2026-08-08T09:50:20+00:00
2026-06-14 15:00:00+00:00,BE,offshore,14.5,70,576.0,3.0,-0.9510565162951535,-0.30901699437494756,14.2,76,499.0,2.6,-0.5150380749100545,0.8571673007021121,14.3,74,550.0,3.9,-0.9975640502598243,0.06975647374412522,14.3,76,529.0,4.6,-0.8191520442889918,0.573576436351046,3.6750000000000007,open-meteo,2026-08-08T09:50:20+00:00
2026-06-14 16:00:00+00:00,BE,offshore,14.6,73,508.0,1.9,-0.9998476951563913,0.01745240643728313,14.4,76,429.0,3.3,-0.37460659341591235,0.9271838545667873,14.6,73,511.0,3.2,-0.8480480961564262,0.5299192642332047,14.4,76,411.0,4.5,-0.8480480961564262,0.5299192642332047,3.5,open-meteo,2026-08-08T09:50:20+00:00
2026-06-14 17:00:00+00:00,BE,offshore,14.7,72,429.0,0.9,-0.12186934340514723,0.9925461516413221,14.4,73,339.0,2.4,0.0697564737441253,0.9975640502598242,14.6,73,426.0,2.4,-0.7431448254773946,0.6691306063588578,14.2,74,146.0,2.1,-0.7431448254773946,0.6691306063588578,3.5249999999999986,open-meteo,2026-08-08T09:50:20+00:00
2026-06-14 18:00:00+00:00,BE,offshore,14.7,75,273.0,4.1,0.4067366430758002,0.9135454576426009,14.4,73,93.0,3.8,0.48480962024633706,0.8746197071393957,14.4,78,269.0,2.9,-0.05233595624294437,0.9986295347545738,14.0,74,143.0,3.2,-2.4492935982947064e-16,1.0,3.625,open-meteo,2026-08-08T09:50:20+00:00
2026-06-14 19:00:00+00:00,BE,offshore,14.5,79,99.0,2.7,-2.4492935982947064e-16,1.0,14.3,69,102.0,4.0,0.0,1.0,14.4,78,126.0,3.6,-0.5000000000000004,0.8660254037844384,14.2,74,133.0,5.4,-0.4694715627858908,0.882947592858927,3.6499999999999986,open-meteo,2026-08-08T09:50:20+00:00
2026-06-14 20:00:00+00:00,BE,offshore,14.2,77,14.0,2.1,-0.8910065241883679,0.45399049973954664,14.3,71,24.0,4.2,-0.8571673007021123,0.5150380749100542,14.5,74,17.0,3.2,-0.7880107536067218,0.6156614753256585,14.1,73,37.0,4.7,-0.8746197071393956,0.4848096202463373,3.7249999999999996,open-meteo,2026-08-08T09:50:20+00:00
2026-06-14 21:00:00+00:00,BE,offshore,14.3,66,0.0,2.3,-0.4383711467890778,0.8987940462991668,13.9,71,0.0,4.6,-0.7313537016191703,0.6819983600624987,14.2,68,0.0,2.7,-0.4383711467890778,0.8987940462991668,13.9,72,0.0,4.8,-0.8480480961564262,0.5299192642332047,3.924999999999999,open-meteo,2026-08-08T09:50:20+00:00
2026-06-14 22:00:00+00:00,BE,offshore,14.3,67,0.0,1.9,0.29237170472273677,0.9563047559630354,14.0,70,0.0,5.4,-0.4383711467890778,0.8987940462991668,14.0,70,0.0,2.5,-0.4226182617406992,0.90630778703665,14.0,70,0.0,6.6,-0.6018150231520483,0.7986355100472928,3.9250000000000007,open-meteo,2026-08-08T09:50:20+00:00
2026-06-14 23:00:00+00:00,BE,offshore,14.2,74,0.0,2.6,-0.7880107536067218,0.6156614753256585,14.0,76,0.0,6.5,-0.3907311284892739,0.9205048534524403,14.4,71,0.0,4.4,-0.7193398003386512,0.6946583704589973,13.8,79,0.0,7.3,-0.4383711467890778,0.8987940462991668,3.8999999999999986,open-meteo,2026-08-08T09:50:20+00:00
2026-06-15 00:00:00+00:00,BE,offshore,14.2,72,0.0,4.5,-0.8290375725550416,0.559192903470747,13.6,81,0.0,6.7,-0.4848096202463369,0.8746197071393959,14.2,73,0.0,5.9,-0.6946583704589976,0.7193398003386509,13.4,81,0.0,7.3,-0.544639035015027,0.838670567945424,4.15,open-meteo,2026-08-08T09:50:20+00:00
2026-06-15 01:00:00+00:00,BE,offshore,14.0,76,0.0,4.2,-0.5591929034707466,0.8290375725550418,13.3,80,0.0,6.5,-0.4694715627858908,0.882947592858927,13.9,77,0.0,5.0,-0.5877852522924734,0.8090169943749473,13.2,80,0.0,6.7,-0.5735764363510465,0.8191520442889916,4.399999999999999,open-meteo,2026-08-08T09:50:20+00:00
2026-06-15 02:00:00+00:00,BE,offshore,13.9,78,0.0,4.6,-0.3907311284892739,0.9205048534524403,13.3,80,0.0,6.5,-0.4694715627858908,0.882947592858927,13.6,79,0.0,5.6,-0.529919264233205,0.8480480961564258,13.3,78,0.0,6.2,-0.5591929034707466,0.8290375725550418,4.474999999999998,open-meteo,2026-08-08T09:50:20+00:00
2026-06-15 03:00:00+00:00,BE,offshore,13.8,79,0.0,4.3,-0.4226182617406992,0.90630778703665,13.4,76,0.0,4.8,-0.7193398003386512,0.6946583704589973,13.6,79,0.0,5.4,-0.6946583704589976,0.7193398003386509,13.4,76,0.0,5.6,-0.6946583704589976,0.7193398003386509,4.449999999999999,open-meteo,2026-08-08T09:50:20+00:00
2026-06-15 04:00:00+00:00,BE,offshore,13.6,79,4.0,3.2,-0.4848096202463369,0.8746197071393959,13.2,75,2.0,5.3,-0.27563735581699894,0.9612616959383189,13.5,78,4.0,4.7,-0.5000000000000004,0.8660254037844384,13.1,75,2.0,5.6,-0.544639035015027,0.838670567945424,4.65,open-meteo,2026-08-08T09:50:20+00:00
2026-06-15 05:00:00+00:00,BE,offshore,13.5,79,66.0,2.8,-0.15643446504023112,0.9876883405951377,13.2,76,73.0,4.6,-0.37460659341591235,0.9271838545667873,13.4,78,48.0,4.2,-0.5000000000000004,0.8660254037844384,13.4,73,74.0,5.8,-0.544639035015027,0.838670567945424,4.625,open-meteo,2026-08-08T09:50:20+00:00
2026-06-15 06:00:00+00:00,BE,offshore,13.4,79,137.0,2.6,-0.37460659341591235,0.9271838545667873,13.0,77,158.0,3.4,-0.6293203910498378,0.7771459614569706,13.4,76,88.0,3.6,-0.529919264233205,0.8480480961564258,13.3,73,107.0,4.4,-0.6691306063588581,0.7431448254773944,4.725000000000001,open-meteo,2026-08-08T09:50:20+00:00
2026-06-15 07:00:00+00:00,BE,offshore,13.3,77,246.0,2.1,-0.1736481776669304,0.984807753012208,13.0,73,166.0,3.3,-0.22495105434386534,0.9743700647852351,13.3,75,216.0,2.8,-0.27563735581699894,0.9612616959383189,13.2,70,97.0,4.0,-0.544639035015027,0.838670567945424,4.800000000000001,open-meteo,2026-08-08T09:50:20+00:00
2026-06-15 08:00:00+00:00,BE,offshore,13.7,78,336.0,1.0,-0.5877852522924734,0.8090169943749473,13.3,73,415.0,2.7,-0.5735764363510465,0.8191520442889916,13.7,75,406.0,2.0,-0.544639035015027,0.838670567945424,13.5,72,386.0,2.8,-0.6427876096865396,0.7660444431189778,4.449999999999999,open-meteo,2026-08-08T09:50:20+00:00
2026-06-15 09:00:00+00:00,BE,offshore,13.4,78,344.0,0.4,0.8090169943749475,0.5877852522924731,13.1,75,338.0,1.5,-0.4694715627858908,0.882947592858927,13.5,76,368.0,1.2,-0.9743700647852352,0.22495105434386492,13.3,74,546.0,3.3,-0.7547095802227722,0.656059028990507,4.675000000000001,open-meteo,2026-08-08T09:50:20+00:00
2026-06-15 10:00:00+00:00,BE,offshore,13.5,76,487.0,1.9,0.9975640502598242,-0.06975647374412533,13.3,72,506.0,0.1,0.0,1.0,13.5,74,508.0,0.7,0.8290375725550417,0.5591929034707468,13.4,68,573.0,1.8,-0.45399049973954697,0.8910065241883678,4.575000000000001,open-meteo,2026-08-08T09:50:20+00:00
2026-06-15 11:00:00+00:00,BE,offshore,14.0,77,460.0,2.4,0.9702957262759965,-0.24192189559966779,13.6,72,618.0,0.3,-0.9455185755993168,-0.32556815445715664,13.9,74,603.0,1.0,0.848048096156426,0.5299192642332049,13.7,71,659.0,1.3,-0.7547095802227722,0.656059028990507,4.199999999999999,open-meteo,2026-08-08T09:50:20+00:00
2026-06-15 12:00:00+00:00,BE,offshore,13.8,78,241.0,2.7,0.9563047559630354,0.29237170472273677,13.5,74,309.0,1.9,0.6018150231520482,-0.7986355100472929,13.9,75,430.0,2.0,0.5877852522924731,0.8090169943749475,13.5,71,614.0,0.4,-0.46947156278589086,-0.8829475928589269,4.324999999999999,open-meteo,2026-08-08T09:50:20+00:00
2026-06-15 13:00:00+00:00,BE,offshore,14.0,77,85.0,4.7,0.984807753012208,0.17364817766693041,13.8,72,253.0,3.8,0.777145961456971,-0.6293203910498373,14.0,74,163.0,4.2,0.9396926207859083,0.3420201433256688,13.7,68,307.0,2.7,0.9335804264972017,-0.35836794954530027,4.125,open-meteo,2026-08-08T09:50:20+00:00
2026-06-15 14:00:00+00:00,BE,offshore,14.5,77,185.0,4.9,0.9986295347545738,-0.05233595624294384,14.1,74,500.0,3.7,0.7986355100472927,-0.6018150231520484,14.4,76,236.0,5.4,0.9743700647852352,0.22495105434386492,14.0,72,521.0,3.3,0.9335804264972017,-0.35836794954530027,3.75,open-meteo,2026-08-08T09:50:20+00:00
2026-06-15 15:00:00+00:00,BE,offshore,14.4,78,138.0,4.4,0.9945218953682733,-0.10452846326765355,14.0,76,418.0,3.7,0.9986295347545738,-0.05233595624294384,14.6,76,276.0,5.9,0.984807753012208,0.17364817766693041,14.0,73,506.0,4.1,0.9993908270190958,0.03489949670250108,3.75,open-meteo,2026-08-08T09:50:20+00:00
2026-06-15 16:00:00+00:00,BE,offshore,14.7,75,105.0,4.6,0.9063077870366499,0.42261826174069944,13.9,76,223.0,5.1,0.981627183447664,0.19080899537654492,14.8,73,124.0,4.7,0.8290375725550417,0.5591929034707468,14.1,73,100.0,5.1,0.9396926207859083,0.3420201433256688,3.6249999999999982,open-meteo,2026-08-08T09:50:20+00:00
2026-06-15 17:00:00+00:00,BE,offshore,14.9,79,294.0,7.1,0.9455185755993167,0.32556815445715676,14.1,79,148.0,6.1,0.9510565162951535,0.30901699437494745,15.1,79,139.0,6.6,0.8910065241883679,0.45399049973954686,14.3,75,102.0,5.3,0.9063077870366499,0.42261826174069944,3.3999999999999986,open-meteo,2026-08-08T09:50:20+00:00
2026-06-15 18:00:00+00:00,BE,offshore,14.7,80,193.0,10.3,0.9205048534524404,0.3907311284892737,14.3,76,200.0,7.8,0.9781476007338056,0.20791169081775945,15.0,78,220.0,9.5,0.8746197071393957,0.4848096202463371,14.4,72,155.0,6.2,0.9563047559630354,0.29237170472273677,3.4000000000000004,open-meteo,2026-08-08T09:50:20+00:00
2026-06-15 19:00:00+00:00,BE,offshore,14.7,79,112.0,11.0,0.9702957262759965,0.24192189559966767,14.2,75,110.0,9.4,0.9961946980917455,0.08715574274765814,15.1,78,112.0,9.3,0.9702957262759965,0.24192189559966767,14.3,73,104.0,7.5,0.9876883405951378,0.15643446504023092,3.4250000000000007,open-meteo,2026-08-08T09:50:20+00:00
2026-06-15 20:00:00+00:00,BE,offshore,15.2,81,34.0,10.9,0.9986295347545738,0.052335956242943966,14.7,76,35.0,10.1,0.9986295347545738,0.052335956242943966,15.5,76,29.0,9.5,0.984807753012208,0.17364817766693041,14.8,74,25.0,9.4,0.984807753012208,0.17364817766693041,2.9499999999999993,open-meteo,2026-08-08T09:50:20+00:00
2026-06-15 21:00:00+00:00,BE,offshore,16.1,82,0.0,10.4,0.9455185755993168,-0.32556815445715664,15.4,76,0.0,9.9,0.9986295347545738,-0.05233595624294384,16.2,80,0.0,10.1,0.9271838545667874,-0.37460659341591207,15.4,75,0.0,9.8,1.0,6.123233995736766e-17,2.2249999999999996,open-meteo,2026-08-08T09:50:20+00:00
2026-06-15 22:00:00+00:00,BE,offshore,16.2,81,0.0,10.9,0.9396926207859084,-0.3420201433256687,15.6,76,0.0,11.2,0.9925461516413221,-0.12186934340514737,16.3,77,0.0,11.0,0.8987940462991669,-0.4383711467890775,15.7,74,0.0,10.8,0.9961946980917455,-0.08715574274765824,2.0500000000000007,open-meteo,2026-08-08T09:50:20+00:00
2026-06-15 23:00:00+00:00,BE,offshore,16.4,81,0.0,10.4,0.777145961456971,-0.6293203910498373,15.7,78,0.0,12.3,0.9659258262890683,-0.25881904510252085,16.2,79,0.0,9.8,0.8660254037844387,-0.49999999999999983,15.7,74,0.0,11.8,0.9876883405951378,-0.1564344650402308,2.0,open-meteo,2026-08-08T09:50:20+00:00
2026-06-16 00:00:00+00:00,BE,offshore,16.4,79,0.0,10.9,0.45399049973954686,-0.8910065241883678,16.2,80,0.0,9.7,0.8090169943749475,-0.587785252292473,16.5,69,0.0,10.4,0.5591929034707469,-0.8290375725550416,16.3,78,0.0,10.3,0.8480480961564261,-0.5299192642332048,1.6500000000000021,open-meteo,2026-08-08T09:50:20+00:00
2026-06-16 01:00:00+00:00,BE,offshore,16.3,82,0.0,11.4,-0.15643446504023073,-0.9876883405951378,16.0,79,0.0,8.8,0.838670567945424,-0.5446390350150272,16.3,77,0.0,9.9,0.03489949670250114,-0.9993908270190958,15.9,79,0.0,9.1,0.838670567945424,-0.5446390350150272,1.875,open-meteo,2026-08-08T09:50:20+00:00
2026-06-16 02:00:00+00:00,BE,offshore,15.2,90,0.0,11.3,-0.7193398003386512,-0.6946583704589973,16.2,86,0.0,6.2,-0.052335956242943564,-0.9986295347545738,16.7,79,0.0,9.2,-0.7986355100472928,-0.6018150231520483,15.9,77,0.0,9.4,0.6560590289905073,-0.754709580222772,2.0000000000000018,open-meteo,2026-08-08T09:50:20+00:00
2026-06-16 03:00:00+00:00,BE,offshore,15.2,91,0.0,12.1,-0.984807753012208,-0.17364817766693033,15.3,93,0.0,8.9,-0.981627183447664,-0.1908089953765446,15.3,91,0.0,13.4,-0.9563047559630353,-0.2923717047227371,15.2,91,0.0,9.7,-0.8386705679454242,-0.544639035015027,2.75,open-meteo,2026-08-08T09:50:20+00:00
2026-06-16 04:00:00+00:00,BE,offshore,15.0,91,1.0,9.1,-0.9396926207859084,-0.34202014332566855,15.3,94,0.0,3.8,-0.9781476007338056,-0.2079116908177598,15.2,91,1.0,9.9,-0.9563047559630353,-0.2923717047227371,15.2,93,1.0,4.3,-0.9659258262890684,0.2588190451025203,2.8249999999999993,open-meteo,2026-08-08T09:50:20+00:00
2026-06-16 05:00:00+00:00,BE,offshore,15.0,92,8.0,12.7,-0.9781476007338056,-0.2079116908177598,15.4,95,29.0,8.7,-0.9876883405951377,-0.15643446504023104,15.2,92,9.0,12.2,-0.9702957262759965,-0.24192189559966779,15.1,94,13.0,7.8,-0.9396926207859084,-0.34202014332566855,2.825000000000001,open-meteo,2026-08-08T09:50:20+00:00
2026-06-16 06:00:00+00:00,BE,offshore,15.0,94,39.0,11.0,-0.9902680687415703,-0.13917310096006583,15.1,95,25.0,3.2,-0.9510565162951535,-0.30901699437494756,15.2,93,39.0,11.1,-0.9396926207859084,-0.34202014332566855,15.2,95,12.0,4.0,-1.0,-1.8369701987210297e-16,2.875,open-meteo,2026-08-08T09:50:20+00:00
2026-06-16 07:00:00+00:00,BE,offshore,15.4,94,137.0,8.9,-0.9998476951563913,-0.017452406437283498,15.7,89,146.0,3.6,-0.6293203910498378,0.7771459614569706,15.5,92,210.0,9.6,-0.9659258262890683,-0.25881904510252063,15.6,92,192.0,5.0,-0.6819983600624984,0.7313537016191707,2.4499999999999993,open-meteo,2026-08-08T09:50:20+00:00
2026-06-16 08:00:00+00:00,BE,offshore,15.1,94,208.0,7.7,-0.984807753012208,-0.17364817766693033,15.5,89,428.0,5.2,-0.8571673007021123,0.5150380749100542,15.3,93,282.0,9.0,-0.9702957262759965,-0.24192189559966779,15.4,92,218.0,5.7,-0.9563047559630354,0.2923717047227367,2.674999999999999,open-meteo,2026-08-08T09:50:20+00:00
2026-06-16 09:00:00+00:00,BE,offshore,15.1,94,616.0,6.9,-0.9612616959383188,0.2756373558169994,15.4,91,633.0,4.9,-0.7431448254773946,0.6691306063588578,15.2,94,629.0,8.5,-0.992546151641322,0.12186934340514768,15.5,89,632.0,7.3,-0.8090169943749476,0.5877852522924729,2.6999999999999993,open-meteo,2026-08-08T09:50:20+00:00
2026-06-16 10:00:00+00:00,BE,offshore,15.3,91,747.0,7.3,-0.8660254037844386,0.5000000000000001,15.2,92,741.0,3.8,-0.7880107536067218,0.6156614753256585,15.5,90,619.0,7.2,-0.9563047559630354,0.2923717047227367,15.4,91,687.0,4.1,-0.6946583704589976,0.7193398003386509,2.6500000000000004,open-meteo,2026-08-08T09:50:20+00:00
2026-06-16 11:00:00+00:00,BE,offshore,15.5,90,761.0,5.6,-0.7313537016191703,0.6819983600624987,15.4,86,822.0,5.2,-0.29237170472273716,0.9563047559630353,15.6,88,818.0,5.5,-0.7547095802227722,0.656059028990507,15.5,83,824.0,6.2,-0.3420201433256686,0.9396926207859084,2.5,open-meteo,2026-08-08T09:50:20+00:00
2026-06-16 12:00:00+00:00,BE,offshore,15.2,94,745.0,5.0,-0.9510565162951536,0.30901699437494723,15.1,91,868.0,2.8,-0.10452846326765342,0.9945218953682733,15.4,93,598.0,5.4,-0.9902680687415704,0.13917310096006547,15.3,85,870.0,3.9,0.15643446504023087,0.9876883405951378,2.75,open-meteo,2026-08-08T09:50:20+00:00
2026-06-16 13:00:00+00:00,BE,offshore,15.4,92,825.0,4.7,-0.8191520442889918,0.573576436351046,15.2,88,403.0,1.6,0.12186934340514748,0.992546151641322,15.8,90,727.0,4.7,-0.7313537016191703,0.6819983600624987,15.3,83,333.0,3.5,0.3090169943749474,0.9510565162951535,2.5749999999999993,open-meteo,2026-08-08T09:50:20+00:00
2026-06-16 14:00:00+00:00,BE,offshore,15.7,91,802.0,3.7,-0.8090169943749476,0.5877852522924729,15.5,89,760.0,1.3,-0.06975647374412564,0.9975640502598242,16.0,87,795.0,4.0,-0.6427876096865396,0.7660444431189778,15.6,80,734.0,1.9,-0.2588190451025207,0.9659258262890683,2.299999999999999,open-meteo,2026-08-08T09:50:20+00:00
2026-06-16 15:00:00+00:00,BE,offshore,15.2,94,583.0,4.2,-0.9961946980917455,0.08715574274765789,15.1,86,693.0,1.9,0.90630778703665,-0.42261826174069933,15.5,93,702.0,2.7,-0.5735764363510465,0.8191520442889916,15.2,79,696.0,1.0,0.9271838545667874,0.37460659341591196,2.75,open-meteo,2026-08-08T09:50:20+00:00
2026-06-16 16:00:00+00:00,BE,offshore,15.2,94,455.0,1.5,-0.874619707139396,-0.48480962024633684,15.2,88,320.0,2.7,0.5150380749100544,-0.8571673007021122,15.4,92,481.0,1.5,-0.9396926207859083,0.342020143325669,15.3,81,425.0,0.7,0.9205048534524403,-0.39073112848927377,2.7250000000000014,open-meteo,2026-08-08T09:50:20+00:00
2026-06-16 17:00:00+00:00,BE,offshore,15.4,94,364.0,2.2,-0.5299192642332048,-0.8480480961564261,15.3,93,202.0,3.0,0.15643446504023098,-0.9876883405951377,15.6,92,312.0,1.5,-0.9396926207859084,-0.34202014332566855,15.4,87,279.0,1.3,-0.22495105434386498,-0.9743700647852352,2.5749999999999993,open-meteo,2026-08-08T09:50:20+00:00
2026-06-16 18:00:00+00:00,BE,offshore,15.6,92,209.0,7.8,-0.8910065241883678,-0.45399049973954697,15.2,95,151.0,5.3,-0.34202014332566866,-0.9396926207859084,15.7,92,195.0,4.7,-0.9925461516413221,-0.12186934340514717,15.4,86,174.0,3.5,-0.6691306063588582,-0.7431448254773942,2.5250000000000004,open-meteo,2026-08-08T09:50:20+00:00
2026-06-16 19:00:00+00:00,BE,offshore,15.6,90,125.0,9.3,-0.848048096156426,-0.529919264233205,15.0,96,139.0,6.6,-0.5446390350150271,-0.838670567945424,15.5,91,135.0,6.6,-0.984807753012208,-0.17364817766693033,15.3,89,145.0,5.4,-0.7431448254773944,-0.6691306063588581,2.6499999999999986,open-meteo,2026-08-08T09:50:20+00:00
2026-06-16 20:00:00+00:00,BE,offshore,16.4,86,20.0,9.0,-0.5299192642332048,-0.8480480961564261,15.6,91,39.0,8.3,-0.34202014332566866,-0.9396926207859084,15.9,90,34.0,7.1,-0.8571673007021121,-0.5150380749100544,15.4,91,38.0,5.4,-0.43837114678907746,-0.8987940462991669,2.1750000000000007,open-meteo,2026-08-08T09:50:20+00:00
2026-06-16 21:00:00+00:00,BE,offshore,16.3,84,0.0,10.5,-0.5735764363510462,-0.8191520442889918,15.5,90,0.0,9.8,-0.5446390350150271,-0.838670567945424,15.6,92,0.0,8.1,-0.7193398003386512,-0.6946583704589973,15.9,88,0.0,9.1,-0.7071067811865475,-0.7071067811865477,2.1750000000000007,open-meteo,2026-08-08T09:50:20+00:00
2026-06-16 22:00:00+00:00,BE,offshore,16.7,86,0.0,9.4,-0.6293203910498376,-0.7771459614569708,16.5,86,0.0,11.4,-0.48480962024633695,-0.8746197071393959,16.5,87,0.0,7.8,-0.5299192642332048,-0.8480480961564261,16.6,88,0.0,8.4,-0.5150380749100542,-0.8571673007021123,1.4249999999999972,open-meteo,2026-08-08T09:50:20+00:00
2026-06-16 23:00:00+00:00,BE,offshore,16.1,91,0.0,10.9,-0.5735764363510462,-0.8191520442889918,16.0,94,0.0,9.9,-0.6156614753256582,-0.788010753606722,16.7,85,0.0,8.7,-0.6819983600624984,-0.7313537016191706,16.6,88,0.0,9.2,-0.5299192642332048,-0.8480480961564261,1.6499999999999986,open-meteo,2026-08-08T09:50:20+00:00
2026-06-17 00:00:00+00:00,BE,offshore,15.8,94,0.0,10.4,-0.7313537016191703,-0.6819983600624986,15.9,94,0.0,10.1,-0.6427876096865393,-0.766044443118978,16.3,87,0.0,8.1,-0.6819983600624984,-0.7313537016191706,15.8,94,0.0,10.4,-0.587785252292473,-0.8090169943749475,2.0500000000000007,open-meteo,2026-08-08T09:50:20+00:00
2026-06-17 01:00:00+00:00,BE,offshore,16.0,94,0.0,10.1,-0.656059028990507,-0.7547095802227721,16.0,95,0.0,10.4,-0.6293203910498376,-0.7771459614569708,16.2,92,0.0,9.7,-0.6691306063588582,-0.7431448254773942,16.1,94,0.0,8.8,-0.5446390350150271,-0.838670567945424,1.9249999999999972,open-meteo,2026-08-08T09:50:20+00:00
2026-06-17 02:00:00+00:00,BE,offshore,16.3,92,0.0,11.0,-0.7880107536067221,-0.6156614753256581,16.3,94,0.0,10.3,-0.754709580222772,-0.6560590289905073,16.5,92,0.0,9.2,-0.6156614753256582,-0.788010753606722,16.3,94,0.0,9.9,-0.6156614753256582,-0.788010753606722,1.6499999999999986,open-meteo,2026-08-08T09:50:20+00:00
2026-06-17 03:00:00+00:00,BE,offshore,16.3,92,0.0,11.7,-0.7986355100472928,-0.6018150231520483,16.3,93,0.0,11.2,-0.7431448254773944,-0.6691306063588581,16.3,90,0.0,9.4,-0.6819983600624984,-0.7313537016191706,16.4,92,0.0,10.8,-0.6946583704589974,-0.7193398003386511,1.6749999999999972,open-meteo,2026-08-08T09:50:20+00:00
2026-06-17 04:00:00+00:00,BE,offshore,15.5,99,3.0,11.2,-0.7431448254773944,-0.6691306063588581,16.2,95,3.0,11.0,-0.7431448254773944,-0.6691306063588581,16.0,93,4.0,9.3,-0.6427876096865393,-0.766044443118978,16.4,95,4.0,11.1,-0.6819983600624984,-0.7313537016191706,1.9750000000000014,open-meteo,2026-08-08T09:50:20+00:00
2026-06-17 05:00:00+00:00,BE,offshore,16.0,95,16.0,12.2,-0.8191520442889916,-0.5735764363510464,16.2,94,10.0,10.4,-0.7880107536067221,-0.6156614753256581,16.2,95,19.0,10.7,-0.8386705679454242,-0.544639035015027,16.4,94,11.0,10.5,-0.8090169943749473,-0.5877852522924732,1.7999999999999972,open-meteo,2026-08-08T09:50:20+00:00
2026-06-17 06:00:00+00:00,BE,offshore,16.1,95,15.0,11.5,-0.8386705679454242,-0.544639035015027,16.1,94,16.0,10.3,-0.7771459614569706,-0.6293203910498378,16.2,92,18.0,10.6,-0.7986355100472928,-0.6018150231520483,16.3,93,29.0,10.3,-0.8090169943749473,-0.5877852522924732,1.8249999999999993,open-meteo,2026-08-08T09:50:20+00:00
2026-06-17 07:00:00+00:00,BE,offshore,16.1,93,107.0,12.1,-0.8090169943749473,-0.5877852522924732,16.2,96,58.0,11.0,-0.7313537016191703,-0.6819983600624986,16.3,95,136.0,11.2,-0.848048096156426,-0.529919264233205,16.4,96,56.0,10.5,-0.8290375725550418,-0.5591929034707466,1.75,open-meteo,2026-08-08T09:50:20+00:00
2026-06-17 08:00:00+00:00,BE,offshore,16.3,93,358.0,10.4,-0.8290375725550418,-0.5591929034707466,16.4,95,182.0,10.1,-0.7771459614569706,-0.6293203910498378,16.4,94,202.0,10.1,-0.8910065241883678,-0.45399049973954697,16.6,94,89.0,11.0,-0.848048096156426,-0.529919264233205,1.5749999999999993,open-meteo,2026-08-08T09:50:20+00:00
2026-06-17 09:00:00+00:00,BE,offshore,16.1,91,413.0,11.1,-0.848048096156426,-0.529919264233205,15.8,95,535.0,11.5,-0.7771459614569706,-0.6293203910498378,16.3,91,572.0,10.6,-0.882947592858927,-0.46947156278589075,15.9,95,494.0,11.0,-0.8571673007021121,-0.5150380749100544,1.9749999999999979,open-meteo,2026-08-08T09:50:20+00:00
2026-06-17 10:00:00+00:00,BE,offshore,16.5,92,376.0,12.3,-0.7660444431189779,-0.6427876096865395,16.0,94,434.0,13.5,-0.6156614753256582,-0.788010753606722,16.8,92,550.0,11.3,-0.754709580222772,-0.6560590289905073,16.2,93,677.0,13.1,-0.6819983600624984,-0.7313537016191706,1.625,open-meteo,2026-08-08T09:50:20+00:00
2026-06-17 11:00:00+00:00,BE,offshore,16.7,88,721.0,13.4,-0.8290375725550418,-0.5591929034707466,16.3,93,745.0,13.5,-0.6018150231520484,-0.7986355100472928,16.9,89,522.0,12.3,-0.8987940462991668,-0.43837114678907774,16.6,92,718.0,13.7,-0.656059028990507,-0.7547095802227721,1.375,open-meteo,2026-08-08T09:50:20+00:00
2026-06-17 12:00:00+00:00,BE,offshore,17.0,85,501.0,13.4,-0.7880107536067221,-0.6156614753256581,16.6,90,468.0,14.8,-0.6156614753256582,-0.788010753606722,17.1,86,517.0,13.3,-0.9455185755993168,-0.32556815445715664,16.8,89,262.0,14.5,-0.6691306063588582,-0.7431448254773942,1.125,open-meteo,2026-08-08T09:50:20+00:00
2026-06-17 13:00:00+00:00,BE,offshore,17.2,83,565.0,14.0,-0.882947592858927,-0.46947156278589075,16.8,90,804.0,14.8,-0.656059028990507,-0.7547095802227721,17.4,83,689.0,13.1,-0.9335804264972015,-0.3583679495453007,16.9,89,831.0,13.8,-0.7660444431189779,-0.6427876096865395,0.9250000000000007,open-meteo,2026-08-08T09:50:20+00:00
2026-06-17 14:00:00+00:00,BE,offshore,17.3,80,350.0,13.6,-0.8660254037844384,-0.5000000000000004,16.8,85,349.0,17.2,-0.6691306063588582,-0.7431448254773942,17.3,83,710.0,13.2,-0.9455185755993168,-0.32556815445715664,16.9,85,353.0,14.8,-0.7660444431189779,-0.6427876096865395,0.9249999999999972,open-meteo,2026-08-08T09:50:20+00:00
2026-06-17 15:00:00+00:00,BE,offshore,16.8,90,486.0,12.9,-0.8386705679454242,-0.544639035015027,16.4,93,161.0,15.4,-0.7071067811865475,-0.7071067811865477,17.1,87,601.0,12.0,-0.9396926207859084,-0.34202014332566855,16.8,90,352.0,15.6,-0.8290375725550418,-0.5591929034707466,1.2249999999999979,open-meteo,2026-08-08T09:50:20+00:00
2026-06-17 16:00:00+00:00,BE,offshore,17.1,90,576.0,13.2,-0.8386705679454242,-0.544639035015027,17.0,91,337.0,17.4,-0.7071067811865475,-0.7071067811865477,17.2,90,568.0,13.8,-0.9455185755993168,-0.32556815445715664,17.3,89,286.0,16.2,-0.7193398003386512,-0.6946583704589973,0.8500000000000014,open-meteo,2026-08-08T09:50:20+00:00
2026-06-17 17:00:00+00:00,BE,offshore,16.7,91,126.0,14.2,-0.848048096156426,-0.529919264233205,16.7,90,126.0,17.1,-0.7431448254773944,-0.6691306063588581,17.0,90,139.0,13.6,-0.961261695938319,-0.2756373558169989,16.9,90,67.0,16.4,-0.7986355100472928,-0.6018150231520483,1.1750000000000007,open-meteo,2026-08-08T09:50:20+00:00
2026-06-17 18:00:00+00:00,BE,offshore,16.7,90,87.0,14.3,-0.8290375725550418,-0.5591929034707466,16.6,89,141.0,15.9,-0.7431448254773944,-0.6691306063588581,17.3,87,142.0,12.4,-0.8571673007021121,-0.5150380749100544,17.0,88,107.0,16.6,-0.7771459614569706,-0.6293203910498378,1.1000000000000014,open-meteo,2026-08-08T09:50:20+00:00
2026-06-17 19:00:00+00:00,BE,offshore,16.9,89,149.0,14.0,-0.8571673007021121,-0.5150380749100544,16.4,92,23.0,13.1,-0.8290375725550418,-0.5591929034707466,17.0,89,143.0,13.3,-0.8910065241883678,-0.45399049973954697,16.6,90,42.0,13.4,-0.874619707139396,-0.48480962024633684,1.2749999999999986,open-meteo,2026-08-08T09:50:20+00:00
2026-06-17 20:00:00+00:00,BE,offshore,17.1,86,35.0,14.0,-0.8660254037844384,-0.5000000000000004,16.4,91,39.0,12.6,-0.8386705679454242,-0.544639035015027,17.7,83,26.0,14.9,-0.8910065241883678,-0.45399049973954697,16.8,89,15.0,12.5,-0.874619707139396,-0.48480962024633684,1.0,open-meteo,2026-08-08T09:50:20+00:00
2026-06-17 21:00:00+00:00,BE,offshore,16.6,89,0.0,13.5,-0.8290375725550418,-0.5591929034707466,16.3,92,0.0,12.4,-0.874619707139396,-0.48480962024633684,17.6,85,0.0,13.5,-0.754709580222772,-0.6560590289905073,16.7,90,0.0,13.3,-0.882947592858927,-0.46947156278589075,1.1999999999999993,open-meteo,2026-08-08T09:50:20+00:00
2026-06-17 22:00:00+00:00,BE,offshore,16.5,91,0.0,12.3,-0.9335804264972015,-0.3583679495453007,16.4,92,0.0,11.6,-0.9455185755993168,-0.32556815445715664,17.4,89,0.0,10.0,-0.7880107536067221,-0.6156614753256581,16.4,94,0.0,11.7,-0.90630778703665,-0.42261826174069916,1.3250000000000028,open-meteo,2026-08-08T09:50:20+00:00
2026-06-17 23:00:00+00:00,BE,offshore,16.1,93,0.0,10.9,-0.9271838545667873,-0.3746065934159123,16.2,91,0.0,11.5,-0.9396926207859084,-0.34202014332566855,16.7,90,0.0,10.1,-0.8987940462991668,-0.43837114678907774,16.1,93,0.0,11.3,-0.9455185755993168,-0.32556815445715664,1.7250000000000014,open-meteo,2026-08-08T09:50:20+00:00
2026-06-18 00:00:00+00:00,BE,offshore,15.9,94,0.0,9.8,-0.7193398003386512,-0.6946583704589973,16.0,94,0.0,11.5,-0.90630778703665,-0.42261826174069916,16.6,91,0.0,9.6,-0.6427876096865393,-0.766044443118978,16.0,95,0.0,10.0,-0.7771459614569706,-0.6293203910498378,1.875,open-meteo,2026-08-08T09:50:20+00:00
2026-06-18 01:00:00+00:00,BE,offshore,16.2,92,0.0,10.1,-0.7660444431189779,-0.6427876096865395,16.2,94,0.0,9.3,-0.874619707139396,-0.48480962024633684,16.7,91,0.0,8.8,-0.7071067811865475,-0.7071067811865477,16.2,94,0.0,9.8,-0.8987940462991668,-0.43837114678907774,1.6750000000000007,open-meteo,2026-08-08T09:50:20+00:00
2026-06-18 02:00:00+00:00,BE,offshore,16.0,94,0.0,9.4,-0.90630778703665,-0.42261826174069916,16.1,93,0.0,8.7,-0.913545457642601,-0.4067366430758001,16.3,93,0.0,7.0,-0.7660444431189779,-0.6427876096865395,16.1,93,0.0,8.8,-0.961261695938319,-0.2756373558169989,1.875,open-meteo,2026-08-08T09:50:20+00:00
2026-06-18 03:00:00+00:00,BE,offshore,14.6,100,0.0,7.8,-0.7986355100472928,-0.6018150231520483,15.6,97,0.0,8.7,-0.913545457642601,-0.4067366430758001,15.8,94,0.0,7.3,-0.8660254037844384,-0.5000000000000004,15.7,97,0.0,8.6,-0.7986355100472928,-0.6018150231520483,2.5749999999999993,open-meteo,2026-08-08T09:50:20+00:00
2026-06-18 04:00:00+00:00,BE,offshore,14.1,100,2.0,7.5,-0.8191520442889916,-0.5735764363510464,14.3,100,3.0,8.2,-0.848048096156426,-0.529919264233205,15.9,93,4.0,7.1,-0.882947592858927,-0.46947156278589075,15.4,97,5.0,7.6,-0.90630778703665,-0.42261826174069916,3.075000000000001,open-meteo,2026-08-08T09:50:20+00:00
2026-06-18 05:00:00+00:00,BE,offshore,15.7,97,37.0,8.0,-0.8571673007021121,-0.5150380749100544,15.6,97,41.0,7.1,-0.9510565162951535,-0.30901699437494756,16.0,95,64.0,6.8,-0.9396926207859084,-0.34202014332566855,15.7,97,49.0,7.3,-0.874619707139396,-0.48480962024633684,2.25,open-meteo,2026-08-08T09:50:20+00:00
2026-06-18 06:00:00+00:00,BE,offshore,14.5,100,161.0,8.0,-0.9335804264972015,-0.3583679495453007,14.6,100,183.0,7.9,-0.7771459614569706,-0.6293203910498378,14.6,100,162.0,6.5,-0.9563047559630353,-0.2923717047227371,14.4,100,182.0,7.3,-0.874619707139396,-0.48480962024633684,3.4749999999999996,open-meteo,2026-08-08T09:50:20+00:00
2026-06-18 07:00:00+00:00,BE,offshore,14.5,100,141.0,7.3,-0.9335804264972015,-0.3583679495453007,14.5,100,158.0,8.1,-0.7880107536067221,-0.6156614753256581,14.5,100,134.0,5.4,-0.9702957262759965,-0.24192189559966779,14.5,100,171.0,7.6,-0.8571673007021121,-0.5150380749100544,3.5,open-meteo,2026-08-08T09:50:20+00:00
2026-06-18 08:00:00+00:00,BE,offshore,14.5,100,252.0,7.1,-0.8987940462991668,-0.43837114678907774,14.5,100,248.0,7.8,-0.8571673007021121,-0.5150380749100544,14.8,100,233.0,5.3,-0.9335804264972015,-0.3583679495453007,14.8,100,274.0,6.6,-0.8191520442889916,-0.5735764363510464,3.3500000000000014,open-meteo,2026-08-08T09:50:20+00:00
2026-06-18 09:00:00+00:00,BE,offshore,14.7,100,361.0,5.3,-0.8191520442889916,-0.5735764363510464,14.8,100,344.0,5.3,-0.8290375725550418,-0.5591929034707466,14.7,100,352.0,4.3,-0.7660444431189779,-0.6427876096865395,14.8,100,330.0,5.7,-0.754709580222772,-0.6560590289905073,3.25,open-meteo,2026-08-08T09:50:20+00:00
2026-06-18 10:00:00+00:00,BE,offshore,14.8,100,379.0,4.0,-0.848048096156426,-0.529919264233205,14.8,100,366.0,4.6,-0.7771459614569706,-0.6293203910498378,14.8,100,379.0,3.4,-0.9271838545667873,-0.3746065934159123,14.7,100,343.0,4.5,-0.7660444431189779,-0.6427876096865395,3.224999999999998,open-meteo,2026-08-08T09:50:20+00:00
2026-06-18 11:00:00+00:00,BE,offshore,14.6,100,571.0,4.1,-0.9563047559630353,-0.2923717047227371,14.8,100,410.0,4.7,-0.587785252292473,-0.8090169943749475,14.4,100,575.0,3.4,-0.9975640502598242,-0.06975647374412558,14.7,100,385.0,4.8,-0.6018150231520484,-0.7986355100472928,3.375,open-meteo,2026-08-08T09:50:20+00:00
2026-06-18 12:00:00+00:00,BE,offshore,14.5,100,705.0,2.2,-0.8660254037844384,-0.5000000000000004,15.0,100,510.0,3.6,-0.5446390350150271,-0.838670567945424,14.7,100,701.0,2.8,-0.913545457642601,-0.4067366430758001,14.8,100,520.0,4.0,-0.5591929034707467,-0.8290375725550418,3.25,open-meteo,2026-08-08T09:50:20+00:00
2026-06-18 13:00:00+00:00,BE,offshore,14.2,100,734.0,1.7,-0.754709580222772,-0.6560590289905073,14.5,100,641.0,2.5,-0.5591929034707467,-0.8290375725550418,14.6,100,743.0,1.4,-0.8829475928589271,0.4694715627858904,14.8,100,620.0,2.3,-0.6819983600624984,-0.7313537016191706,3.4750000000000014,open-meteo,2026-08-08T09:50:20+00:00
2026-06-18 14:00:00+00:00,BE,offshore,14.6,100,491.0,1.9,0.9743700647852352,-0.22495105434386503,14.4,100,629.0,4.4,-0.374606593415912,-0.9271838545667874,14.5,100,619.0,1.4,0.8746197071393957,0.4848096202463371,14.3,100,613.0,4.0,-0.6156614753256582,-0.788010753606722,3.5500000000000007,open-meteo,2026-08-08T09:50:20+00:00
2026-06-18 15:00:00+00:00,BE,offshore,15.2,98,686.0,0.6,-2.4492935982947064e-16,1.0,14.9,100,513.0,3.9,-0.848048096156426,-0.529919264233205,15.1,100,603.0,1.1,0.6819983600624985,0.7313537016191705,14.7,100,564.0,3.7,-0.8290375725550418,-0.5591929034707466,3.0249999999999986,open-meteo,2026-08-08T09:50:20+00:00
2026-06-18 16:00:00+00:00,BE,offshore,15.4,97,101.0,2.3,0.8746197071393959,-0.484809620246337,15.0,98,103.0,1.9,-0.913545457642601,-0.4067366430758001,15.9,96,164.0,2.1,0.48480962024633706,0.8746197071393957,15.2,98,135.0,2.0,-0.8987940462991668,-0.43837114678907774,2.625,open-meteo,2026-08-08T09:50:20+00:00
2026-06-18 17:00:00+00:00,BE,offshore,15.4,96,25.0,3.3,0.6560590289905073,0.754709580222772,15.0,98,33.0,1.9,-0.874619707139396,-0.48480962024633684,16.1,95,33.0,3.6,0.754709580222772,0.6560590289905073,15.2,97,27.0,0.4,-0.6018150231520483,0.7986355100472928,2.5749999999999993,open-meteo,2026-08-08T09:50:20+00:00
2026-06-18 18:00:00+00:00,BE,offshore,17.3,88,20.0,1.5,0.7431448254773942,-0.6691306063588582,15.8,97,8.0,1.7,0.5150380749100542,0.8571673007021123,16.9,92,108.0,2.4,0.8191520442889918,0.573576436351046,16.0,96,16.0,2.6,0.5299192642332049,0.848048096156426,1.5,open-meteo,2026-08-08T09:50:20+00:00
2026-06-18 19:00:00+00:00,BE,offshore,16.9,88,27.0,3.5,0.9271838545667874,-0.37460659341591207,16.1,94,5.0,2.5,-0.9998476951563913,-0.017452406437283498,17.1,88,20.0,5.9,0.981627183447664,0.19080899537654492,16.6,91,6.0,3.8,0.37460659341591224,-0.9271838545667873,1.3249999999999993,open-meteo,2026-08-08T09:50:20+00:00
2026-06-18 20:00:00+00:00,BE,offshore,16.5,94,37.0,2.1,0.7431448254773942,-0.6691306063588582,16.7,94,9.0,4.7,0.0871557427476582,-0.9961946980917455,17.4,92,32.0,3.4,0.9781476007338057,-0.20791169081775934,16.7,93,30.0,3.6,-0.13917310096006552,-0.9902680687415703,1.1750000000000007,open-meteo,2026-08-08T09:50:20+00:00
2026-06-18 21:00:00+00:00,BE,offshore,17.6,93,0.0,6.6,-0.052335956242943564,-0.9986295347545738,18.0,89,0.0,6.4,0.6560590289905073,-0.754709580222772,18.4,89,0.0,4.0,0.6819983600624986,-0.7313537016191705,18.3,86,0.0,4.7,0.45399049973954686,-0.8910065241883678,0.07499999999999929,open-meteo,2026-08-08T09:50:20+00:00
2026-06-18 22:00:00+00:00,BE,offshore,17.7,87,0.0,10.0,0.9335804264972017,-0.35836794954530027,17.1,91,0.0,5.7,0.7193398003386511,-0.6946583704589974,17.7,88,0.0,8.7,0.9743700647852352,-0.22495105434386503,17.4,88,0.0,5.7,0.7431448254773942,-0.6691306063588582,0.5249999999999986,open-meteo,2026-08-08T09:50:20+00:00
2026-06-18 23:00:00+00:00,BE,offshore,17.4,95,0.0,9.7,0.777145961456971,-0.6293203910498373,17.5,93,0.0,9.9,0.5591929034707469,-0.8290375725550416,17.8,94,0.0,8.7,0.7071067811865476,-0.7071067811865475,17.5,93,0.0,9.5,0.5735764363510459,-0.8191520442889919,0.4499999999999993,open-meteo,2026-08-08T09:50:20+00:00
2026-06-19 00:00:00+00:00,BE,offshore,17.9,93,0.0,5.9,0.258819045102521,-0.9659258262890682,17.3,94,0.0,8.2,-0.052335956242943564,-0.9986295347545738,18.2,93,0.0,7.7,0.37460659341591224,-0.9271838545667873,18.1,91,0.0,6.6,0.15643446504023098,-0.9876883405951377,0.125,open-meteo,2026-08-08T09:50:20+00:00
2026-06-19 01:00:00+00:00,BE,offshore,18.3,88,0.0,7.7,0.3420201433256689,-0.9396926207859083,17.8,87,0.0,11.2,0.48480962024633717,-0.8746197071393957,17.8,90,0.0,8.5,0.39073112848927377,-0.9205048534524404,17.7,86,0.0,10.1,0.39073112848927377,-0.9205048534524404,0.09999999999999787,open-meteo,2026-08-08T09:50:20+00:00
2026-06-19 02:00:00+00:00,BE,offshore,17.7,95,0.0,10.9,0.5735764363510459,-0.8191520442889919,17.4,96,0.0,12.7,0.6560590289905073,-0.754709580222772,17.6,96,0.0,11.1,0.6018150231520482,-0.7986355100472929,17.6,94,0.0,11.7,0.6560590289905073,-0.754709580222772,0.4250000000000007,open-meteo,2026-08-08T09:50:20+00:00
2026-06-19 03:00:00+00:00,BE,offshore,18.5,97,0.0,10.9,0.3583679495453002,-0.9335804264972017,18.1,98,0.0,8.9,0.3255681544571566,-0.9455185755993168,18.5,97,0.0,10.1,0.40673664307580043,-0.9135454576426008,18.1,94,0.0,8.2,0.45399049973954686,-0.8910065241883678,0.3000000000000007,open-meteo,2026-08-08T09:50:20+00:00
2026-06-19 04:00:00+00:00,BE,offshore,18.2,95,4.0,10.2,0.2923717047227366,-0.9563047559630355,18.3,94,4.0,9.3,0.4383711467890773,-0.898794046299167,18.5,90,4.0,10.0,0.2756373558169992,-0.9612616959383189,18.5,94,5.0,9.7,0.45399049973954686,-0.8910065241883678,0.375,open-meteo,2026-08-08T09:50:20+00:00
2026-06-19 05:00:00+00:00,BE,offshore,18.0,94,67.0,9.7,0.17364817766693028,-0.984807753012208,17.8,96,70.0,11.2,0.10452846326765373,-0.9945218953682733,18.2,94,70.0,9.0,0.12186934340514755,-0.992546151641322,18.1,95,72.0,12.2,0.2756373558169992,-0.9612616959383189,0.02499999999999858,open-meteo,2026-08-08T09:50:20+00:00
2026-06-19 06:00:00+00:00,BE,offshore,18.1,94,155.0,9.4,-0.22495105434386498,-0.9743700647852352,17.9,97,188.0,9.2,-0.13917310096006552,-0.9902680687415703,18.5,93,152.0,9.4,-0.2419218955996675,-0.9702957262759965,18.2,94,175.0,8.8,-0.08715574274765794,-0.9961946980917455,0.1750000000000007,open-meteo,2026-08-08T09:50:20+00:00
2026-06-19 07:00:00+00:00,BE,offshore,18.5,93,334.0,11.4,-0.0348994967025009,-0.9993908270190958,17.9,94,227.0,10.4,0.06975647374412552,-0.9975640502598242,19.2,90,338.0,10.6,-0.017452406437283637,-0.9998476951563913,17.9,93,334.0,9.9,0.0871557427476582,-0.9961946980917455,0.375,open-meteo,2026-08-08T09:50:20+00:00
2026-06-19 08:00:00+00:00,BE,offshore,18.4,95,486.0,11.1,-0.052335956242943564,-0.9986295347545738,17.9,94,483.0,11.2,-0.017452406437283637,-0.9998476951563913,18.8,94,489.0,9.5,0.01745240643728344,-0.9998476951563913,18.1,94,485.0,10.3,-0.0348994967025009,-0.9993908270190958,0.29999999999999716,open-meteo,2026-08-08T09:50:20+00:00
2026-06-19 09:00:00+00:00,BE,offshore,18.7,92,626.0,9.4,-0.1045284632676535,-0.9945218953682733,17.6,94,604.0,9.3,-0.29237170472273677,-0.9563047559630354,19.6,88,629.0,8.7,-0.052335956242943564,-0.9986295347545738,17.8,94,626.0,10.3,-0.1045284632676535,-0.9945218953682733,0.4250000000000007,open-meteo,2026-08-08T09:50:20+00:00
2026-06-19 10:00:00+00:00,BE,offshore,18.7,90,741.0,6.4,-0.17364817766693047,-0.984807753012208,17.7,94,736.0,8.8,-0.5591929034707467,-0.8290375725550418,19.6,86,742.0,7.0,-0.22495105434386498,-0.9743700647852352,18.4,91,739.0,9.8,-0.374606593415912,-0.9271838545667874,0.6000000000000014,open-meteo,2026-08-08T09:50:20+00:00
2026-06-19 11:00:00+00:00,BE,offshore,18.9,93,820.0,4.1,-0.22495105434386498,-0.9743700647852352,17.9,95,816.0,6.2,-0.4539904997395467,-0.8910065241883679,19.0,90,820.0,7.1,-0.3090169943749473,-0.9510565162951536,18.7,94,818.0,7.2,-0.29237170472273677,-0.9563047559630354,0.625,open-meteo,2026-08-08T09:50:20+00:00
2026-06-19 12:00:00+00:00,BE,offshore,18.8,89,855.0,2.7,-0.12186934340514731,-0.9925461516413221,17.8,93,853.0,5.0,-0.2588190451025208,-0.9659258262890683,19.6,86,856.0,7.0,0.2249510543438652,-0.9743700647852351,18.7,90,852.0,7.2,-0.052335956242943564,-0.9986295347545738,0.7250000000000014,open-meteo,2026-08-08T09:50:20+00:00
2026-06-19 13:00:00+00:00,BE,offshore,18.1,92,844.0,3.4,-0.90630778703665,-0.42261826174069916,17.7,93,839.0,5.5,-0.5299192642332048,-0.8480480961564261,19.1,86,842.0,2.4,-0.848048096156426,-0.529919264233205,17.9,91,838.0,3.3,-0.15643446504023073,-0.9876883405951378,0.1999999999999993,open-meteo,2026-08-08T09:50:20+00:00
2026-06-19 14:00:00+00:00,BE,offshore,18.6,89,788.0,4.3,-0.9702957262759965,-0.24192189559966779,17.9,92,791.0,5.2,-0.6018150231520484,-0.7986355100472928,18.0,93,784.0,1.7,-0.7071067811865475,-0.7071067811865477,18.6,90,788.0,2.8,-0.9975640502598242,-0.06975647374412558,0.2749999999999986,open-meteo,2026-08-08T09:50:20+00:00
2026-06-19 15:00:00+00:00,BE,offshore,18.6,89,697.0,6.4,-0.90630778703665,-0.42261826174069916,17.8,89,643.0,10.5,-0.8090169943749473,-0.5877852522924732,18.7,87,656.0,2.9,-0.9396926207859084,-0.34202014332566855,18.2,87,694.0,7.4,-0.9455185755993168,-0.32556815445715664,0.32500000000000284,open-meteo,2026-08-08T09:50:20+00:00
2026-06-19 16:00:00+00:00,BE,offshore,17.8,93,471.0,8.1,-0.961261695938319,-0.2756373558169989,17.7,93,557.0,10.0,-0.7771459614569706,-0.6293203910498378,18.4,91,437.0,9.5,-0.9993908270190958,-0.03489949670250076,18.0,92,527.0,11.0,-0.9335804264972015,-0.3583679495453007,0.02499999999999858,open-meteo,2026-08-08T09:50:20+00:00
2026-06-19 17:00:00+00:00,BE,offshore,18.0,92,409.0,7.3,-0.913545457642601,-0.4067366430758001,17.8,91,439.0,8.1,-0.6819983600624984,-0.7313537016191706,18.4,91,414.0,6.2,-0.9986295347545738,-0.052335956242944306,18.3,90,431.0,6.5,-0.8987940462991668,-0.43837114678907774,0.125,open-meteo,2026-08-08T09:50:20+00:00
2026-06-19 18:00:00+00:00,BE,offshore,18.5,91,127.0,10.7,-0.3090169943749473,-0.9510565162951536,18.3,90,231.0,14.2,-0.6018150231520484,-0.7986355100472928,19.3,90,103.0,12.2,-0.8910065241883678,-0.45399049973954697,19.0,89,194.0,11.1,-0.7771459614569706,-0.6293203910498378,0.7749999999999986,open-meteo,2026-08-08T09:50:20+00:00
2026-06-19 19:00:00+00:00,BE,offshore,18.5,90,19.0,11.8,-0.6293203910498376,-0.7771459614569708,17.7,93,60.0,14.4,-0.6691306063588582,-0.7431448254773942,20.1,89,9.0,13.3,-0.46947156278589086,-0.8829475928589269,18.9,89,40.0,12.9,-0.7431448254773944,-0.6691306063588581,0.8000000000000007,open-meteo,2026-08-08T09:50:20+00:00
2026-06-19 20:00:00+00:00,BE,offshore,17.5,95,6.0,5.6,0.24192189559966773,-0.9702957262759965,18.2,90,13.0,9.6,-0.587785252292473,-0.8090169943749475,18.9,90,3.0,9.8,0.7547095802227721,-0.6560590289905072,18.3,90,6.0,7.7,-0.5735764363510462,-0.8191520442889918,0.22500000000000142,open-meteo,2026-08-08T09:50:20+00:00
2026-06-19 21:00:00+00:00,BE,offshore,18.4,94,0.0,6.1,-0.9993908270190958,0.03489949670250128,18.8,95,0.0,6.8,0.10452846326765373,-0.9945218953682733,18.9,89,0.0,7.4,-0.8910065241883679,0.45399049973954664,21.4,76,0.0,4.5,-0.656059028990507,-0.7547095802227721,1.375,open-meteo,2026-08-08T09:50:20+00:00
2026-06-19 22:00:00+00:00,BE,offshore,18.9,89,0.0,8.7,-0.34202014332566866,-0.9396926207859084,18.6,86,0.0,14.0,-0.5150380749100542,-0.8571673007021123,18.9,89,0.0,8.1,-0.46947156278589086,-0.8829475928589269,18.8,90,0.0,8.7,-0.15643446504023073,-0.9876883405951378,0.8000000000000007,open-meteo,2026-08-08T09:50:20+00:00
2026-06-19 23:00:00+00:00,BE,offshore,19.0,90,0.0,12.0,-0.7431448254773944,-0.6691306063588581,18.5,88,0.0,11.7,-0.7313537016191703,-0.6819983600624986,18.9,90,0.0,7.3,-0.8290375725550418,-0.5591929034707466,19.1,89,0.0,11.4,-0.8191520442889916,-0.5735764363510464,0.875,open-meteo,2026-08-08T09:50:20+00:00
2026-06-20 00:00:00+00:00,BE,offshore,18.1,90,0.0,9.4,-0.5000000000000001,-0.8660254037844386,17.7,92,0.0,9.0,-0.587785252292473,-0.8090169943749475,18.4,90,0.0,8.3,-0.5000000000000001,-0.8660254037844386,18.0,91,0.0,10.8,-0.6156614753256582,-0.788010753606722,0.04999999999999716,open-meteo,2026-08-08T09:50:20+00:00
2026-06-20 01:00:00+00:00,BE,offshore,18.3,87,0.0,10.4,-0.8191520442889916,-0.5735764363510464,17.7,90,0.0,9.7,-0.882947592858927,-0.46947156278589075,19.1,88,0.0,8.4,-0.7431448254773944,-0.6691306063588581,18.2,89,0.0,9.3,-0.5591929034707467,-0.8290375725550418,0.3249999999999993,open-meteo,2026-08-08T09:50:20+00:00
2026-06-20 02:00:00+00:00,BE,offshore,17.6,92,0.0,10.7,-0.9998476951563913,-0.017452406437283498,17.5,93,0.0,10.6,-0.9659258262890683,-0.25881904510252063,18.9,90,0.0,6.0,-0.22495105434386498,-0.9743700647852352,17.9,91,0.0,4.0,0.788010753606722,-0.6156614753256583,0.02499999999999858,open-meteo,2026-08-08T09:50:20+00:00
2026-06-20 03:00:00+00:00,BE,offshore,17.2,94,0.0,9.4,-0.9205048534524403,-0.3907311284892738,17.2,94,0.0,11.0,-0.9563047559630353,-0.2923717047227371,17.9,91,0.0,8.7,-0.848048096156426,-0.529919264233205,17.6,93,0.0,9.2,-0.8191520442889916,-0.5735764363510464,0.5249999999999986,open-meteo,2026-08-08T09:50:20+00:00
2026-06-20 04:00:00+00:00,BE,offshore,17.2,93,4.0,9.4,-0.8910065241883678,-0.45399049973954697,17.0,95,4.0,9.8,-0.913545457642601,-0.4067366430758001,17.8,91,4.0,8.7,-0.8571673007021121,-0.5150380749100544,17.5,93,5.0,10.7,-0.9205048534524403,-0.3907311284892738,0.625,open-meteo,2026-08-08T09:50:20+00:00
2026-06-20 05:00:00+00:00,BE,offshore,18.0,88,68.0,6.6,-0.8910065241883678,-0.45399049973954697,17.1,94,70.0,7.0,-0.7771459614569706,-0.6293203910498378,18.5,89,70.0,6.8,-0.7986355100472928,-0.6018150231520483,17.9,90,72.0,8.0,-0.6691306063588582,-0.7431448254773942,0.125,open-meteo,2026-08-08T09:50:20+00:00
2026-06-20 06:00:00+00:00,BE,offshore,17.3,94,190.0,6.8,-0.9975640502598242,-0.06975647374412558,17.2,95,191.0,6.0,-0.9510565162951536,0.30901699437494723,17.5,94,135.0,6.8,-0.9998476951563913,0.01745240643728313,17.4,95,193.0,4.4,-0.9876883405951377,-0.15643446504023104,0.6499999999999986,open-meteo,2026-08-08T09:50:20+00:00
2026-06-20 07:00:00+00:00,BE,offshore,17.1,93,308.0,7.2,-0.9816271834476639,0.1908089953765451,17.1,95,311.0,7.0,-0.9781476007338056,0.20791169081775945,17.4,93,341.0,7.5,-0.9975640502598243,0.06975647374412522,17.3,94,319.0,8.5,-0.9781476007338056,0.20791169081775945,0.7749999999999986,open-meteo,2026-08-08T09:50:20+00:00
2026-06-20 08:00:00+00:00,BE,offshore,17.3,92,457.0,7.7,-0.9902680687415704,0.13917310096006547,17.0,95,467.0,7.0,-0.9945218953682734,0.10452846326765299,17.7,91,460.0,9.3,-0.9702957262759966,0.24192189559966745,17.3,94,450.0,8.7,-0.9876883405951378,0.15643446504023067,0.6750000000000007,open-meteo,2026-08-08T09:50:20+00:00
2026-06-20 09:00:00+00:00,BE,offshore,16.5,95,556.0,6.4,-0.9659258262890683,-0.25881904510252063,16.5,96,590.0,7.0,-0.9335804264972015,-0.3583679495453007,16.9,95,568.0,5.4,-0.9961946980917455,-0.08715574274765825,16.8,95,536.0,5.8,-0.9563047559630353,-0.2923717047227371,1.3249999999999993,open-meteo,2026-08-08T09:50:20+00:00
2026-06-20 10:00:00+00:00,BE,offshore,16.7,95,624.0,5.2,-0.9659258262890683,-0.25881904510252063,16.8,95,719.0,8.3,-0.9271838545667873,-0.3746065934159123,17.1,94,637.0,6.3,-0.9975640502598243,0.06975647374412522,17.0,94,653.0,5.4,-0.9335804264972015,-0.3583679495453007,1.1000000000000014,open-meteo,2026-08-08T09:50:20+00:00
2026-06-20 11:00:00+00:00,BE,offshore,16.6,95,745.0,8.8,-0.9563047559630353,-0.2923717047227371,16.6,94,746.0,8.7,-0.9335804264972015,-0.3583679495453007,16.9,94,735.0,5.1,-0.9271838545667873,-0.3746065934159123,16.7,94,719.0,7.6,-0.9455185755993168,-0.32556815445715664,1.3000000000000007,open-meteo,2026-08-08T09:50:20+00:00
2026-06-20 12:00:00+00:00,BE,offshore,16.0,97,812.0,4.1,-0.9455185755993168,-0.32556815445715664,16.1,96,791.0,7.0,-0.9563047559630353,-0.2923717047227371,16.6,95,825.0,4.5,-0.992546151641322,0.12186934340514768,16.5,95,827.0,6.8,-0.9396926207859084,-0.34202014332566855,1.6999999999999993,open-meteo,2026-08-08T09:50:20+00:00
2026-06-20 13:00:00+00:00,BE,offshore,16.6,95,697.0,6.5,-0.9781476007338056,-0.2079116908177598,16.5,95,658.0,5.6,-0.7193398003386512,-0.6946583704589973,17.3,92,739.0,5.9,-0.9961946980917455,-0.08715574274765825,16.8,94,652.0,6.5,-0.8090169943749473,-0.5877852522924732,1.1999999999999993,open-meteo,2026-08-08T09:50:20+00:00
2026-06-20 14:00:00+00:00,BE,offshore,16.5,96,737.0,6.6,-0.9396926207859084,-0.34202014332566855,16.5,96,743.0,5.9,-0.8386705679454242,-0.544639035015027,17.0,94,678.0,6.2,-0.9986295347545738,0.052335956242943946,16.8,95,659.0,5.5,-0.848048096156426,-0.529919264233205,1.3000000000000007,open-meteo,2026-08-08T09:50:20+00:00
2026-06-20 15:00:00+00:00,BE,offshore,15.6,100,638.0,4.1,-0.9335804264972015,-0.3583679495453007,16.2,97,688.0,6.0,-0.4067366430758002,-0.9135454576426009,16.7,96,603.0,2.7,-0.992546151641322,0.12186934340514768,16.5,96,638.0,4.9,-0.7986355100472928,-0.6018150231520483,1.75,open-meteo,2026-08-08T09:50:20+00:00
2026-06-20 16:00:00+00:00,BE,offshore,16.6,95,221.0,1.5,-0.9925461516413221,-0.12186934340514717,16.6,95,433.0,6.4,-0.2419218955996675,-0.9702957262759965,17.1,93,229.0,2.5,-0.9998476951563913,0.01745240643728313,16.9,94,336.0,4.6,-0.6691306063588582,-0.7431448254773942,1.1999999999999993,open-meteo,2026-08-08T09:50:20+00:00
2026-06-20 17:00:00+00:00,BE,offshore,16.7,96,392.0,2.4,-0.9743700647852351,-0.22495105434386525,16.8,94,220.0,4.8,-0.5299192642332048,-0.8480480961564261,17.2,94,423.0,1.8,-0.9876883405951378,0.15643446504023067,17.1,94,393.0,4.1,-0.7880107536067221,-0.6156614753256581,1.0499999999999972,open-meteo,2026-08-08T09:50:20+00:00
2026-06-20 18:00:00+00:00,BE,offshore,16.8,95,283.0,2.1,-0.7313537016191703,0.6819983600624987,16.7,95,200.0,3.7,-0.3090169943749473,-0.9510565162951536,17.0,95,278.0,2.3,-0.5735764363510465,0.8191520442889916,16.8,95,262.0,3.1,-0.8910065241883678,-0.45399049973954697,1.1750000000000007,open-meteo,2026-08-08T09:50:20+00:00
2026-06-20 19:00:00+00:00,BE,offshore,17.2,92,109.0,0.3,-0.9396926207859083,0.342020143325669,16.9,93,81.0,3.3,-0.29237170472273677,-0.9563047559630354,17.5,92,129.0,1.1,0.12186934340514748,0.992546151641322,17.4,91,129.0,2.3,-0.656059028990507,-0.7547095802227721,0.75,open-meteo,2026-08-08T09:50:20+00:00
2026-06-20 20:00:00+00:00,BE,offshore,17.0,93,32.0,2.4,0.17364817766693028,-0.984807753012208,16.7,94,31.0,5.8,1.2246467991473532e-16,-1.0,17.1,94,36.0,2.1,0.9135454576426009,-0.40673664307580026,17.0,93,38.0,4.0,0.05233595624294381,-0.9986295347545738,1.0499999999999972,open-meteo,2026-08-08T09:50:20+00:00
2026-06-20 21:00:00+00:00,BE,offshore,17.6,92,0.0,0.2,0.39073112848927377,0.9205048534524404,17.4,93,0.0,1.2,0.9455185755993167,0.32556815445715676,18.2,91,0.0,6.4,0.9876883405951378,0.15643446504023092,17.7,93,0.0,4.4,0.6018150231520483,0.7986355100472928,0.2749999999999986,open-meteo,2026-08-08T09:50:20+00:00
2026-06-20 22:00:00+00:00,BE,offshore,17.7,91,0.0,0.6,0.9975640502598242,-0.06975647374412533,17.3,93,0.0,3.1,0.7193398003386511,-0.6946583704589974,18.1,90,0.0,5.3,0.9975640502598242,0.06975647374412523,17.7,92,0.0,4.4,0.9975640502598242,0.06975647374412523,0.3000000000000007,open-meteo,2026-08-08T09:50:20+00:00
2026-06-20 23:00:00+00:00,BE,offshore,17.6,93,0.0,6.1,0.9563047559630355,-0.29237170472273666,17.2,95,0.0,3.4,0.9271838545667874,-0.37460659341591207,18.7,90,0.0,5.2,0.981627183447664,0.19080899537654492,17.7,93,0.0,5.1,0.9455185755993167,0.32556815445715676,0.1999999999999993,open-meteo,2026-08-08T09:50:20+00:00
2026-06-21 00:00:00+00:00,BE,offshore,18.1,94,0.0,0.6,0.9986295347545738,0.052335956242943966,17.9,94,0.0,5.4,0.9925461516413221,-0.12186934340514737,18.4,94,0.0,2.3,0.754709580222772,0.6560590289905073,18.1,94,0.0,2.2,0.984807753012208,0.17364817766693041,0.125,open-meteo,2026-08-08T09:50:20+00:00
2026-06-21 01:00:00+00:00,BE,offshore,17.5,93,0.0,8.3,0.984807753012208,0.17364817766693041,17.4,93,0.0,5.9,0.9945218953682733,0.10452846326765346,17.9,94,0.0,8.4,0.9945218953682733,-0.10452846326765355,17.6,93,0.0,4.7,0.8660254037844386,0.5000000000000001,0.3999999999999986,open-meteo,2026-08-08T09:50:20+00:00
2026-06-21 02:00:00+00:00,BE,offshore,17.9,93,0.0,5.8,0.9998476951563913,0.0174524064372836,17.7,93,0.0,7.4,0.9612616959383189,-0.27563735581699905,18.3,92,0.0,5.3,0.9945218953682733,-0.10452846326765355,17.9,93,0.0,5.8,0.9925461516413221,-0.12186934340514737,0.05000000000000426,open-meteo,2026-08-08T09:50:20+00:00
2026-06-21 03:00:00+00:00,BE,offshore,18.2,94,0.0,3.4,1.0,6.123233995736766e-17,17.6,95,0.0,4.9,0.8571673007021123,-0.5150380749100543,18.2,96,0.0,4.2,0.9455185755993168,-0.32556815445715664,17.9,95,0.0,4.3,0.8910065241883679,-0.45399049973954675,0.02499999999999858,open-meteo,2026-08-08T09:50:20+00:00
2026-06-21 04:00:00+00:00,BE,offshore,18.1,97,1.0,2.7,0.9455185755993167,0.32556815445715676,17.8,95,4.0,3.1,0.7313537016191706,-0.6819983600624984,18.4,96,2.0,4.6,0.7431448254773942,-0.6691306063588582,17.8,96,4.0,3.3,0.8746197071393959,-0.484809620246337,0.02500000000000213,open-meteo,2026-08-08T09:50:20+00:00
2026-06-21 05:00:00+00:00,BE,offshore,18.1,96,34.0,2.9,0.6560590289905073,-0.754709580222772,17.7,96,68.0,2.8,0.9271838545667874,-0.37460659341591207,18.2,96,22.0,2.8,0.10452846326765373,-0.9945218953682733,17.9,96,70.0,4.2,0.9998476951563913,0.0174524064372836,0.02499999999999858,open-meteo,2026-08-08T09:50:20+00:00
2026-06-21 06:00:00+00:00,BE,offshore,18.1,97,178.0,2.6,0.8660254037844387,-0.49999999999999983,17.6,96,189.0,3.7,0.8987940462991669,-0.4383711467890775,18.1,96,140.0,0.9,0.6560590289905073,0.754709580222772,17.9,95,191.0,3.2,0.9993908270190958,0.03489949670250108,0.07499999999999929,open-meteo,2026-08-08T09:50:20+00:00
2026-06-21 07:00:00+00:00,BE,offshore,18.2,96,331.0,2.4,0.4694715627858908,0.882947592858927,17.7,95,333.0,1.8,0.9743700647852352,0.22495105434386492,18.2,96,335.0,2.6,0.27563735581699916,0.9612616959383189,18.0,95,335.0,2.8,0.8829475928589269,0.46947156278589086,0.02499999999999858,open-meteo,2026-08-08T09:50:20+00:00
2026-06-21 08:00:00+00:00,BE,offshore,18.1,96,396.0,0.2,0.5735764363510459,-0.8191520442889919,17.5,97,464.0,2.5,0.9563047559630354,0.29237170472273677,18.2,96,481.0,0.7,0.4694715627858907,-0.882947592858927,17.8,97,256.0,1.6,0.8746197071393957,0.4848096202463371,0.10000000000000142,open-meteo,2026-08-08T09:50:20+00:00
2026-06-21 09:00:00+00:00,BE,offshore,17.6,96,610.0,4.2,0.6156614753256583,0.7880107536067219,17.1,96,606.0,4.6,0.48480962024633706,0.8746197071393957,17.7,98,615.0,4.7,0.25881904510252074,0.9659258262890683,17.2,97,613.0,3.0,0.5150380749100542,0.8571673007021123,0.5999999999999979,open-meteo,2026-08-08T09:50:20+00:00
2026-06-21 10:00:00+00:00,BE,offshore,17.7,98,712.0,4.6,0.6560590289905073,0.754709580222772,17.0,98,719.0,6.3,0.5299192642332049,0.848048096156426,18.4,96,713.0,4.5,0.4539904997395468,0.8910065241883679,17.6,97,718.0,4.7,0.5150380749100542,0.8571673007021123,0.3249999999999993,open-meteo,2026-08-08T09:50:20+00:00
2026-06-21 11:00:00+00:00,BE,offshore,17.3,98,815.0,4.1,0.43837114678907746,0.898794046299167,16.9,97,744.0,4.9,0.48480962024633706,0.8746197071393957,17.6,98,817.0,4.4,0.10452846326765347,0.9945218953682733,17.1,97,673.0,4.4,0.35836794954530027,0.9335804264972017,0.7749999999999986,open-meteo,2026-08-08T09:50:20+00:00
2026-06-21 12:00:00+00:00,BE,offshore,17.4,97,819.0,5.7,0.5150380749100542,0.8571673007021123,17.1,97,806.0,5.2,0.7313537016191705,0.6819983600624985,17.6,97,794.0,5.2,0.29237170472273677,0.9563047559630354,17.3,96,798.0,4.2,0.5591929034707469,0.8290375725550417,0.6499999999999986,open-meteo,2026-08-08T09:50:20+00:00
2026-06-21 13:00:00+00:00,BE,offshore,17.6,97,814.0,5.8,0.7193398003386511,0.6946583704589973,17.1,96,736.0,6.6,0.8571673007021123,0.5150380749100542,17.9,97,793.0,6.9,0.6691306063588582,0.7431448254773942,17.4,96,732.0,5.9,0.8290375725550417,0.5591929034707468,0.5,open-meteo,2026-08-08T09:50:20+00:00
2026-06-21 14:00:00+00:00,BE,offshore,17.3,96,723.0,6.3,0.5591929034707469,0.8290375725550417,16.9,96,715.0,6.3,0.7986355100472928,0.6018150231520483,17.6,95,752.0,6.6,0.4694715627858908,0.882947592858927,17.2,95,716.0,6.1,0.7071067811865475,0.7071067811865476,0.75,open-meteo,2026-08-08T09:50:20+00:00
2026-06-21 15:00:00+00:00,BE,offshore,17.4,96,684.0,6.4,0.6293203910498374,0.7771459614569709,17.0,96,654.0,7.7,0.8090169943749475,0.5877852522924731,17.7,95,682.0,7.2,0.4694715627858908,0.882947592858927,17.3,95,636.0,7.4,0.7193398003386511,0.6946583704589973,0.6500000000000021,open-meteo,2026-08-08T09:50:20+00:00
2026-06-21 16:00:00+00:00,BE,offshore,17.7,94,460.0,6.4,0.6018150231520483,0.7986355100472928,17.3,94,447.0,8.7,0.7071067811865475,0.7071067811865476,18.0,94,508.0,6.2,0.5150380749100542,0.8571673007021123,17.5,94,427.0,8.5,0.6560590289905073,0.754709580222772,0.375,open-meteo,2026-08-08T09:50:20+00:00
2026-06-21 17:00:00+00:00,BE,offshore,17.6,95,345.0,7.3,0.7193398003386511,0.6946583704589973,17.3,93,416.0,10.7,0.8191520442889918,0.573576436351046,17.8,95,352.0,6.3,0.6018150231520483,0.7986355100472928,17.6,93,409.0,10.1,0.6946583704589973,0.7193398003386512,0.42499999999999716,open-meteo,2026-08-08T09:50:20+00:00
2026-06-21 18:00:00+00:00,BE,offshore,17.7,93,283.0,7.5,0.6560590289905073,0.754709580222772,17.3,93,208.0,8.4,0.6946583704589973,0.7193398003386512,18.0,93,278.0,7.8,0.5299192642332049,0.848048096156426,17.7,92,208.0,9.8,0.7313537016191705,0.6819983600624985,0.3249999999999993,open-meteo,2026-08-08T09:50:20+00:00
2026-06-21 19:00:00+00:00,BE,offshore,17.8,93,130.0,7.7,0.6156614753256583,0.7880107536067219,17.6,90,148.0,9.2,0.6819983600624985,0.7313537016191705,18.1,92,131.0,6.9,0.4539904997395468,0.8910065241883679,18.0,89,140.0,9.8,0.6293203910498374,0.7771459614569709,0.125,open-meteo,2026-08-08T09:50:20+00:00
2026-06-21 20:00:00+00:00,BE,offshore,18.0,92,33.0,9.9,0.5591929034707469,0.8290375725550417,17.6,91,42.0,10.0,0.6293203910498374,0.7771459614569709,18.3,92,34.0,9.5,0.6018150231520483,0.7986355100472928,18.2,88,41.0,10.9,0.6156614753256583,0.7880107536067219,0.02500000000000213,open-meteo,2026-08-08T09:50:20+00:00
2026-06-21 21:00:00+00:00,BE,offshore,18.7,91,0.0,8.0,0.4067366430758002,0.9135454576426009,18.4,88,0.0,9.4,0.573576436351046,0.8191520442889918,18.9,91,0.0,7.8,0.6560590289905073,0.754709580222772,18.8,87,0.0,9.4,0.6018150231520483,0.7986355100472928,0.6999999999999993,open-meteo,2026-08-08T09:50:20+00:00
2026-06-21 22:00:00+00:00,BE,offshore,18.7,89,0.0,9.2,0.7431448254773942,0.6691306063588582,18.2,88,0.0,10.7,0.6293203910498374,0.7771459614569709,18.8,90,0.0,6.7,0.8290375725550417,0.5591929034707468,18.6,87,0.0,10.3,0.7431448254773942,0.6691306063588582,0.5750000000000028,open-meteo,2026-08-08T09:50:20+00:00
2026-06-21 23:00:00+00:00,BE,offshore,18.8,90,0.0,10.0,0.6560590289905073,0.754709580222772,18.2,87,0.0,11.7,0.6691306063588582,0.7431448254773942,19.1,91,0.0,10.0,0.8987940462991669,0.43837114678907746,18.5,88,0.0,12.5,0.766044443118978,0.6427876096865394,0.6499999999999986,open-meteo,2026-08-08T09:50:20+00:00
2026-06-22 00:00:00+00:00,BE,offshore,18.9,90,0.0,10.1,0.7193398003386511,0.6946583704589973,18.4,87,0.0,10.7,0.7431448254773942,0.6691306063588582,19.4,89,0.0,11.5,0.7431448254773942,0.6691306063588582,18.8,85,0.0,12.0,0.8090169943749475,0.5877852522924731,0.875,open-meteo,2026-08-08T09:50:20+00:00
2026-06-22 01:00:00+00:00,BE,offshore,18.9,90,0.0,10.1,0.848048096156426,0.5299192642332049,18.4,86,0.0,10.8,0.8290375725550417,0.5591929034707468,19.2,87,0.0,10.5,0.8571673007021123,0.5150380749100542,18.6,84,0.0,11.1,0.8290375725550417,0.5591929034707468,0.7749999999999986,open-meteo,2026-08-08T09:50:20+00:00
2026-06-22 02:00:00+00:00,BE,offshore,18.8,88,0.0,10.2,0.7986355100472928,0.6018150231520483,18.3,85,0.0,10.1,0.7986355100472928,0.6018150231520483,18.9,90,0.0,10.1,0.8910065241883679,0.45399049973954686,18.5,82,0.0,10.5,0.8290375725550417,0.5591929034707468,0.625,open-meteo,2026-08-08T09:50:20+00:00
2026-06-22 03:00:00+00:00,BE,offshore,19.0,86,0.0,10.4,0.8746197071393957,0.4848096202463371,18.2,82,0.0,10.5,0.8910065241883679,0.45399049973954686,19.1,87,0.0,10.6,0.8910065241883679,0.45399049973954686,18.4,79,0.0,11.5,0.8910065241883679,0.45399049973954686,0.6750000000000007,open-meteo,2026-08-08T09:50:20+00:00
2026-06-22 04:00:00+00:00,BE,offshore,18.9,85,3.0,9.7,0.9063077870366499,0.42261826174069944,18.1,80,4.0,10.7,0.9205048534524404,0.3907311284892737,18.9,81,4.0,9.3,0.9205048534524404,0.3907311284892737,18.1,77,5.0,10.8,0.9135454576426009,0.4067366430758002,0.5,open-meteo,2026-08-08T09:50:20+00:00
2026-06-22 05:00:00+00:00,BE,offshore,18.8,82,65.0,8.0,0.9271838545667874,0.37460659341591196,18.0,79,60.0,9.5,0.8987940462991669,0.43837114678907746,18.7,81,68.0,8.2,0.9510565162951535,0.30901699437494745,18.1,76,71.0,9.5,0.9205048534524404,0.3907311284892737,0.3999999999999986,open-meteo,2026-08-08T09:50:20+00:00
2026-06-22 06:00:00+00:00,BE,offshore,18.7,83,171.0,8.9,0.9510565162951535,0.30901699437494745,18.0,78,177.0,10.6,0.9135454576426009,0.4067366430758002,18.6,81,179.0,8.1,0.9396926207859083,0.3420201433256688,18.0,75,168.0,10.1,0.9063077870366499,0.42261826174069944,0.32500000000000284,open-meteo,2026-08-08T09:50:20+00:00
2026-06-22 07:00:00+00:00,BE,offshore,18.7,80,329.0,8.2,0.9612616959383189,0.27563735581699916,17.9,78,332.0,10.6,0.9205048534524404,0.3907311284892737,18.7,78,330.0,6.6,0.984807753012208,0.17364817766693041,18.0,75,331.0,10.1,0.9063077870366499,0.42261826174069944,0.3249999999999993,open-meteo,2026-08-08T09:50:20+00:00
2026-06-22 08:00:00+00:00,BE,offshore,18.3,79,472.0,6.5,0.8987940462991669,0.43837114678907746,17.6,77,457.0,8.3,0.9455185755993167,0.32556815445715676,18.5,78,479.0,5.5,0.838670567945424,0.5446390350150271,17.8,74,468.0,8.0,0.9205048534524404,0.3907311284892737,0.05000000000000071,open-meteo,2026-08-08T09:50:20+00:00
2026-06-22 09:00:00+00:00,BE,offshore,18.0,81,602.0,7.9,0.8571673007021123,0.5150380749100542,17.3,78,617.0,8.5,0.9135454576426009,0.4067366430758002,18.3,81,617.0,7.5,0.8660254037844386,0.5000000000000001,17.6,76,611.0,8.6,0.8660254037844386,0.5000000000000001,0.20000000000000284,open-meteo,2026-08-08T09:50:20+00:00
2026-06-22 10:00:00+00:00,BE,offshore,17.8,83,705.0,8.8,0.766044443118978,0.6427876096865394,17.2,82,732.0,8.9,0.7986355100472928,0.6018150231520483,18.2,83,701.0,8.5,0.6946583704589973,0.7193398003386512,17.4,82,709.0,9.8,0.6018150231520483,0.7986355100472928,0.3500000000000014,open-meteo,2026-08-08T09:50:20+00:00
2026-06-22 11:00:00+00:00,BE,offshore,17.8,85,814.0,9.1,0.766044443118978,0.6427876096865394,17.2,84,798.0,9.2,0.7986355100472928,0.6018150231520483,18.2,85,812.0,8.4,0.7193398003386511,0.6946583704589973,17.5,83,794.0,10.6,0.6427876096865393,0.766044443118978,0.3249999999999993,open-meteo,2026-08-08T09:50:20+00:00
2026-06-22 12:00:00+00:00,BE,offshore,17.8,85,852.0,10.9,0.7431448254773942,0.6691306063588582,17.0,86,834.0,10.5,0.7193398003386511,0.6946583704589973,18.1,86,850.0,9.3,0.6819983600624985,0.7313537016191705,17.3,86,843.0,10.7,0.6156614753256583,0.7880107536067219,0.4499999999999993,open-meteo,2026-08-08T09:50:20+00:00
2026-06-22 13:00:00+00:00,BE,offshore,17.8,87,808.0,10.6,0.6819983600624985,0.7313537016191705,17.1,86,819.0,10.8,0.7193398003386511,0.6946583704589973,18.1,87,807.0,10.8,0.6427876096865393,0.766044443118978,17.4,86,770.0,11.1,0.6819983600624985,0.7313537016191705,0.3999999999999986,open-meteo,2026-08-08T09:50:20+00:00
2026-06-22 14:00:00+00:00,BE,offshore,18.0,88,668.0,11.9,0.754709580222772,0.6560590289905073,17.3,86,619.0,12.6,0.8090169943749475,0.5877852522924731,18.3,88,662.0,12.6,0.6946583704589973,0.7193398003386512,17.5,86,625.0,12.5,0.766044443118978,0.6427876096865394,0.22500000000000142,open-meteo,2026-08-08T09:50:20+00:00
2026-06-22 15:00:00+00:00,BE,offshore,17.9,89,622.0,10.4,0.838670567945424,0.5446390350150271,17.4,87,604.0,12.1,0.8090169943749475,0.5877852522924731,18.5,87,608.0,10.5,0.766044443118978,0.6427876096865394,17.7,87,609.0,10.7,0.8290375725550417,0.5591929034707468,0.125,open-meteo,2026-08-08T09:50:20+00:00
2026-06-22 16:00:00+00:00,BE,offshore,18.1,88,588.0,8.4,0.7193398003386511,0.6946583704589973,17.5,86,584.0,10.6,0.788010753606722,0.6156614753256583,18.6,87,582.0,9.5,0.6427876096865393,0.766044443118978,18.0,85,570.0,11.9,0.7193398003386511,0.6946583704589973,0.05000000000000071,open-meteo,2026-08-08T09:50:20+00:00
2026-06-22 17:00:00+00:00,BE,offshore,18.2,87,445.0,11.3,0.8571673007021123,0.5150380749100542,17.7,84,445.0,11.6,0.8660254037844386,0.5000000000000001,18.7,85,424.0,11.6,0.7771459614569709,0.6293203910498374,18.1,83,439.0,12.2,0.7771459614569709,0.6293203910498374,0.17499999999999716,open-meteo,2026-08-08T09:50:20+00:00
2026-06-22 18:00:00+00:00,BE,offshore,18.2,87,294.0,11.8,0.8829475928589269,0.46947156278589086,17.6,86,292.0,11.6,0.9271838545667874,0.37460659341591196,18.6,87,289.0,12.2,0.788010753606722,0.6156614753256583,18.0,84,288.0,10.7,0.8746197071393957,0.4848096202463371,0.10000000000000142,open-meteo,2026-08-08T09:50:20+00:00
2026-06-22 19:00:00+00:00,BE,offshore,18.0,88,151.0,10.0,0.7986355100472928,0.6018150231520483,17.4,86,152.0,10.8,0.8191520442889918,0.573576436351046,18.4,89,148.0,10.9,0.6819983600624985,0.7313537016191705,17.8,84,149.0,11.0,0.8571673007021123,0.5150380749100542,0.10000000000000142,open-meteo,2026-08-08T09:50:20+00:00
2026-06-22 20:00:00+00:00,BE,offshore,18.2,87,41.0,11.1,0.7193398003386511,0.6946583704589973,17.6,84,42.0,11.7,0.8191520442889918,0.573576436351046,18.6,87,39.0,11.2,0.6691306063588582,0.7431448254773942,17.8,85,40.0,10.5,0.8090169943749475,0.5877852522924731,0.05000000000000071,open-meteo,2026-08-08T09:50:20+00:00
2026-06-22 21:00:00+00:00,BE,offshore,18.5,87,0.0,10.4,0.848048096156426,0.5299192642332049,17.8,85,0.0,11.7,0.9205048534524404,0.3907311284892737,19.1,86,0.0,9.5,0.8910065241883679,0.45399049973954686,18.2,85,0.0,11.9,0.9063077870366499,0.42261826174069944,0.3999999999999986,open-meteo,2026-08-08T09:50:20+00:00
2026-06-22 22:00:00+00:00,BE,offshore,18.4,87,0.0,9.2,0.9063077870366499,0.42261826174069944,17.5,89,0.0,10.7,0.9781476007338056,0.20791169081775945,18.8,88,0.0,9.3,0.9335804264972017,0.3583679495453004,18.3,86,0.0,10.9,0.9743700647852352,0.22495105434386492,0.25,open-meteo,2026-08-08T09:50:20+00:00
2026-06-22 23:00:00+00:00,BE,offshore,18.6,85,0.0,11.1,0.9455185755993167,0.32556815445715676,17.6,88,0.0,9.8,0.981627183447664,0.19080899537654492,19.0,87,0.0,10.9,0.9271838545667874,0.37460659341591196,18.4,83,0.0,10.4,0.9781476007338056,0.20791169081775945,0.3999999999999986,open-meteo,2026-08-08T09:50:20+00:00
2026-06-23 00:00:00+00:00,BE,offshore,19.0,85,0.0,11.4,0.984807753012208,0.17364817766693041,18.2,84,0.0,11.8,0.9945218953682733,0.10452846326765346,19.3,83,0.0,10.2,0.9781476007338056,0.20791169081775945,18.4,82,0.0,11.2,0.9781476007338056,0.20791169081775945,0.7250000000000014,open-meteo,2026-08-08T09:50:20+00:00
2026-06-23 01:00:00+00:00,BE,offshore,18.7,86,0.0,10.4,0.992546151641322,0.12186934340514749,17.9,84,0.0,11.8,0.9902680687415704,-0.13917310096006535,19.1,84,0.0,9.4,0.9612616959383189,0.27563735581699916,18.2,83,0.0,10.6,0.9986295347545738,0.052335956242943966,0.47499999999999787,open-meteo,2026-08-08T09:50:20+00:00
2026-06-23 02:00:00+00:00,BE,offshore,18.8,87,0.0,11.9,0.9902680687415704,-0.13917310096006535,18.3,85,0.0,14.3,0.8660254037844387,-0.49999999999999983,19.0,83,0.0,10.9,0.9998476951563913,-0.017452406437283477,18.4,84,0.0,14.0,0.9205048534524403,-0.39073112848927377,0.625,open-meteo,2026-08-08T09:50:20+00:00
2026-06-23 03:00:00+00:00,BE,offshore,18.8,85,0.0,9.1,0.9702957262759965,-0.24192189559966779,18.2,83,0.0,10.1,0.8660254037844387,-0.49999999999999983,19.1,83,0.0,10.2,0.9743700647852352,-0.22495105434386503,18.4,82,0.0,8.8,0.9510565162951536,-0.30901699437494734,0.625,open-meteo,2026-08-08T09:50:20+00:00
2026-06-23 04:00:00+00:00,BE,offshore,18.9,88,1.0,9.7,0.90630778703665,-0.42261826174069933,18.5,86,1.0,8.2,0.9396926207859084,-0.3420201433256687,19.2,85,1.0,7.8,0.90630778703665,-0.42261826174069933,18.8,83,1.0,7.7,0.9135454576426009,-0.40673664307580026,0.8499999999999979,open-meteo,2026-08-08T09:50:20+00:00
2026-06-23 05:00:00+00:00,BE,offshore,18.2,91,5.0,5.9,0.90630778703665,-0.42261826174069933,17.9,88,39.0,5.9,0.9271838545667874,-0.37460659341591207,18.6,87,23.0,5.5,0.9612616959383189,-0.27563735581699905,18.3,84,46.0,6.8,0.9612616959383189,-0.27563735581699905,0.25,open-meteo,2026-08-08T09:50:20+00:00
2026-06-23 06:00:00+00:00,BE,offshore,18.1,89,33.0,5.1,0.5150380749100544,-0.8571673007021122,17.4,90,92.0,4.9,0.9659258262890683,-0.25881904510252085,18.5,88,77.0,3.9,0.9659258262890683,-0.25881904510252085,17.8,88,85.0,4.9,0.9986295347545738,-0.05233595624294384,0.05000000000000071,open-meteo,2026-08-08T09:50:20+00:00
2026-06-23 07:00:00+00:00,BE,offshore,17.8,91,142.0,4.6,0.6691306063588585,-0.743144825477394,17.3,90,48.0,5.7,0.8191520442889917,-0.5735764363510462,18.2,87,167.0,2.7,0.9335804264972017,-0.35836794954530027,17.7,85,66.0,5.8,0.9563047559630355,-0.29237170472273666,0.25,open-meteo,2026-08-08T09:50:20+00:00
2026-06-23 08:00:00+00:00,BE,offshore,17.5,92,350.0,4.0,0.7313537016191706,-0.6819983600624984,17.2,88,345.0,6.0,0.5877852522924732,-0.8090169943749473,17.9,88,360.0,4.8,0.8571673007021123,-0.5150380749100543,17.6,84,267.0,5.6,0.838670567945424,-0.5446390350150272,0.4499999999999993,open-meteo,2026-08-08T09:50:20+00:00
2026-06-23 09:00:00+00:00,BE,offshore,17.6,90,617.0,5.0,0.9135454576426009,-0.40673664307580026,17.1,90,614.0,4.4,0.7986355100472927,-0.6018150231520484,18.0,88,615.0,5.0,0.8987940462991669,-0.4383711467890775,17.4,90,612.0,4.7,0.8746197071393959,-0.484809620246337,0.4750000000000014,open-meteo,2026-08-08T09:50:20+00:00
2026-06-23 10:00:00+00:00,BE,offshore,17.6,91,729.0,5.1,0.8290375725550417,-0.5591929034707467,17.1,89,729.0,4.1,0.6156614753256584,-0.7880107536067219,18.3,86,730.0,4.2,0.8660254037844387,-0.49999999999999983,17.4,88,667.0,4.2,0.7313537016191706,-0.6819983600624984,0.3999999999999986,open-meteo,2026-08-08T09:50:20+00:00
2026-06-23 11:00:00+00:00,BE,offshore,17.4,92,817.0,2.3,0.7071067811865476,-0.7071067811865475,16.8,91,797.0,3.7,0.5591929034707469,-0.8290375725550416,18.3,87,817.0,2.7,0.8290375725550417,-0.5591929034707467,17.3,89,812.0,3.3,0.7193398003386511,-0.6946583704589974,0.5500000000000007,open-meteo,2026-08-08T09:50:20+00:00
2026-06-23 12:00:00+00:00,BE,offshore,18.0,89,854.0,4.8,0.8746197071393959,-0.484809620246337,17.0,90,851.0,6.2,0.529919264233205,-0.848048096156426,18.9,87,853.0,4.4,0.9781476007338057,-0.20791169081775934,17.5,88,846.0,4.4,0.5877852522924732,-0.8090169943749473,0.14999999999999858,open-meteo,2026-08-08T09:50:20+00:00
2026-06-23 13:00:00+00:00,BE,offshore,18.4,88,843.0,7.3,0.9925461516413221,-0.12186934340514737,17.5,88,813.0,5.9,0.8480480961564261,-0.5299192642332048,19.3,86,844.0,6.9,0.984807753012208,-0.1736481776669303,17.9,86,775.0,5.5,0.981627183447664,-0.1908089953765448,0.2749999999999986,open-meteo,2026-08-08T09:50:20+00:00
2026-06-23 14:00:00+00:00,BE,offshore,18.4,88,700.0,7.5,0.9961946980917455,-0.08715574274765824,17.7,89,766.0,6.2,0.9271838545667874,-0.37460659341591207,19.5,83,767.0,7.1,0.9945218953682733,-0.10452846326765355,17.9,88,792.0,5.0,0.9510565162951536,-0.30901699437494734,0.375,open-meteo,2026-08-08T09:50:20+00:00
2026-06-23 15:00:00+00:00,BE,offshore,18.7,87,696.0,8.1,0.9993908270190958,-0.034899496702500955,17.7,89,704.0,6.7,0.9876883405951378,-0.1564344650402308,19.8,82,703.0,7.3,0.9993908270190958,-0.034899496702500955,18.2,87,703.0,5.5,0.984807753012208,-0.1736481776669303,0.6000000000000014,open-meteo,2026-08-08T09:50:20+00:00
2026-06-23 16:00:00+00:00,BE,offshore,19.6,81,574.0,5.0,0.9205048534524403,-0.39073112848927377,18.4,85,548.0,5.9,0.984807753012208,-0.1736481776669303,21.2,75,567.0,5.5,0.9205048534524403,-0.39073112848927377,18.0,91,573.0,4.8,0.9510565162951536,-0.30901699437494734,1.3000000000000007,open-meteo,2026-08-08T09:50:20+00:00
2026-06-23 17:00:00+00:00,BE,offshore,19.4,83,432.0,5.3,0.9659258262890683,-0.25881904510252085,18.2,87,384.0,6.5,0.9925461516413221,-0.12186934340514737,19.7,83,433.0,5.4,0.9975640502598242,-0.06975647374412533,18.4,87,399.0,4.5,0.9961946980917455,0.08715574274765814,0.9249999999999972,open-meteo,2026-08-08T09:50:20+00:00
2026-06-23 18:00:00+00:00,BE,offshore,19.3,86,281.0,6.6,0.9781476007338057,-0.20791169081775934,18.6,83,240.0,7.2,0.981627183447664,-0.1908089953765448,19.9,85,280.0,7.1,0.9998476951563913,-0.017452406437283477,18.8,85,243.0,6.8,0.9702957262759965,-0.24192189559966779,1.1500000000000021,open-meteo,2026-08-08T09:50:20+00:00
2026-06-23 19:00:00+00:00,BE,offshore,19.1,86,109.0,8.0,0.529919264233205,-0.848048096156426,19.0,83,144.0,8.1,0.7193398003386511,-0.6946583704589974,19.8,84,101.0,6.2,0.7547095802227721,-0.6560590289905072,19.1,84,143.0,8.0,0.6560590289905073,-0.754709580222772,1.25,open-meteo,2026-08-08T09:50:20+00:00
2026-06-23 20:00:00+00:00,BE,offshore,19.2,86,33.0,7.2,0.6560590289905073,-0.754709580222772,18.7,83,41.0,8.6,0.7431448254773942,-0.6691306063588582,19.8,85,28.0,6.6,0.7986355100472927,-0.6018150231520484,19.0,83,39.0,8.2,0.6560590289905073,-0.754709580222772,1.1750000000000007,open-meteo,2026-08-08T09:50:20+00:00
2026-06-23 21:00:00+00:00,BE,offshore,20.6,84,0.0,7.0,0.8090169943749475,-0.587785252292473,19.2,86,0.0,9.8,0.766044443118978,-0.6427876096865394,21.3,82,0.0,9.4,0.8910065241883679,-0.45399049973954675,20.0,81,0.0,8.3,0.7071067811865476,-0.7071067811865475,2.2749999999999986,open-meteo,2026-08-08T09:50:20+00:00
2026-06-23 22:00:00+00:00,BE,offshore,20.9,83,0.0,9.2,0.7547095802227721,-0.6560590289905072,19.3,86,0.0,9.5,0.7071067811865476,-0.7071067811865475,21.2,79,0.0,8.7,0.766044443118978,-0.6427876096865394,19.7,84,0.0,8.7,0.7547095802227721,-0.6560590289905072,2.275000000000002,open-meteo,2026-08-08T09:50:20+00:00
2026-06-23 23:00:00+00:00,BE,offshore,20.9,85,0.0,8.6,0.6156614753256584,-0.7880107536067219,19.6,83,0.0,9.8,0.7431448254773942,-0.6691306063588582,21.2,82,0.0,7.9,0.6560590289905073,-0.754709580222772,20.2,79,0.0,9.6,0.7431448254773942,-0.6691306063588582,2.4750000000000014,open-meteo,2026-08-08T09:50:20+00:00
2026-06-24 00:00:00+00:00,BE,offshore,21.1,85,0.0,9.8,0.5591929034707469,-0.8290375725550416,19.8,87,0.0,7.7,0.48480962024633717,-0.8746197071393957,20.5,88,0.0,8.4,0.4694715627858907,-0.882947592858927,20.1,86,0.0,8.3,0.5446390350150273,-0.8386705679454239,2.375,open-meteo,2026-08-08T09:50:20+00:00
2026-06-24 01:00:00+00:00,BE,offshore,20.6,83,0.0,11.3,0.5735764363510459,-0.8191520442889919,19.8,86,0.0,10.7,0.4694715627858907,-0.882947592858927,21.0,83,0.0,10.2,0.6018150231520482,-0.7986355100472929,20.4,85,0.0,9.9,0.49999999999999994,-0.8660254037844387,2.450000000000003,open-meteo,2026-08-08T09:50:20+00:00
2026-06-24 02:00:00+00:00,BE,offshore,20.5,85,0.0,10.2,0.5150380749100544,-0.8571673007021122,19.4,89,0.0,9.5,0.4383711467890773,-0.898794046299167,20.7,84,0.0,9.6,0.5735764363510459,-0.8191520442889919,19.9,89,0.0,10.0,0.48480962024633717,-0.8746197071393957,2.125,open-meteo,2026-08-08T09:50:20+00:00
2026-06-24 03:00:00+00:00,BE,offshore,20.7,87,0.0,9.7,0.6018150231520482,-0.7986355100472929,20.3,87,0.0,8.7,0.5446390350150273,-0.8386705679454239,21.0,85,0.0,9.4,0.6427876096865395,-0.7660444431189779,20.8,86,0.0,9.1,0.45399049973954686,-0.8910065241883678,2.6999999999999993,open-meteo,2026-08-08T09:50:20+00:00
2026-06-24 04:00:00+00:00,BE,offshore,20.7,83,3.0,10.7,0.5150380749100544,-0.8571673007021122,20.4,85,4.0,11.2,0.4694715627858907,-0.882947592858927,20.9,81,4.0,11.3,0.5591929034707469,-0.8290375725550416,20.9,82,4.0,11.0,0.4694715627858907,-0.882947592858927,2.724999999999998,open-meteo,2026-08-08T09:50:20+00:00
2026-06-24 05:00:00+00:00,BE,offshore,20.3,85,59.0,10.1,0.20791169081775931,-0.9781476007338057,20.0,86,68.0,10.2,0.3090169943749475,-0.9510565162951535,20.4,84,67.0,10.0,0.39073112848927377,-0.9205048534524404,20.4,86,70.0,10.0,0.3420201433256689,-0.9396926207859083,2.2749999999999986,open-meteo,2026-08-08T09:50:20+00:00
2026-06-24 06:00:00+00:00,BE,offshore,20.1,87,186.0,8.6,0.2249510543438652,-0.9743700647852351,19.7,89,189.0,8.9,0.4226182617406995,-0.9063077870366499,20.4,86,189.0,8.7,0.3420201433256689,-0.9396926207859083,19.9,90,191.0,8.8,0.37460659341591224,-0.9271838545667873,2.0249999999999986,open-meteo,2026-08-08T09:50:20+00:00
2026-06-24 07:00:00+00:00,BE,offshore,20.2,86,331.0,8.2,0.06975647374412552,-0.9975640502598242,19.8,87,333.0,8.2,0.2756373558169992,-0.9612616959383189,20.9,82,323.0,7.5,0.10452846326765373,-0.9945218953682733,20.4,85,336.0,9.5,0.3420201433256689,-0.9396926207859083,2.3249999999999993,open-meteo,2026-08-08T09:50:20+00:00
2026-06-24 08:00:00+00:00,BE,offshore,20.3,87,481.0,7.1,0.3090169943749475,-0.9510565162951535,19.7,86,482.0,8.0,0.03489949670250114,-0.9993908270190958,20.3,89,483.0,5.4,0.258819045102521,-0.9659258262890682,20.0,89,484.0,6.6,-0.017452406437283637,-0.9998476951563913,2.0749999999999993,open-meteo,2026-08-08T09:50:20+00:00
2026-06-24 09:00:00+00:00,BE,offshore,20.5,86,618.0,5.9,0.39073112848927377,-0.9205048534524404,18.9,90,617.0,3.9,0.06975647374412552,-0.9975640502598242,20.2,90,620.0,5.1,0.4383711467890773,-0.898794046299167,19.9,87,620.0,4.1,-0.17364817766693047,-0.984807753012208,1.875,open-meteo,2026-08-08T09:50:20+00:00
2026-06-24 10:00:00+00:00,BE,offshore,20.0,88,732.0,5.3,0.13917310096006533,-0.9902680687415704,19.0,89,730.0,4.5,0.3090169943749475,-0.9510565162951535,20.2,90,733.0,4.3,0.6293203910498374,-0.7771459614569709,19.8,87,732.0,4.3,0.19080899537654497,-0.9816271834476639,1.75,open-meteo,2026-08-08T09:50:20+00:00
2026-06-24 11:00:00+00:00,BE,offshore,20.0,89,813.0,2.4,-0.5735764363510462,-0.8191520442889918,19.1,89,813.0,4.3,0.2756373558169992,-0.9612616959383189,20.6,88,815.0,2.3,0.5446390350150273,-0.8386705679454239,20.7,83,814.0,3.8,0.49999999999999994,-0.8660254037844387,2.1000000000000014,open-meteo,2026-08-08T09:50:20+00:00
2026-06-24 12:00:00+00:00,BE,offshore,20.0,89,854.0,0.9,0.766044443118978,0.6427876096865394,18.7,91,854.0,3.3,0.48480962024633717,-0.8746197071393957,20.5,89,854.0,3.9,0.9902680687415704,0.13917310096006547,19.4,90,853.0,2.6,0.5446390350150273,-0.8386705679454239,1.6499999999999986,open-meteo,2026-08-08T09:50:20+00:00
2026-06-24 13:00:00+00:00,BE,offshore,20.1,87,845.0,2.7,0.12186934340514748,0.992546151641322,18.6,91,842.0,1.7,-0.12186934340514731,-0.9925461516413221,21.1,85,845.0,3.0,0.8290375725550417,0.5591929034707468,19.4,89,842.0,1.4,0.8571673007021123,-0.5150380749100543,1.8000000000000007,open-meteo,2026-08-08T09:50:20+00:00
2026-06-24 14:00:00+00:00,BE,offshore,19.9,90,795.0,3.7,0.5446390350150271,0.838670567945424,18.1,93,796.0,1.8,0.6293203910498374,0.7771459614569709,21.3,82,790.0,3.6,0.7431448254773942,0.6691306063588582,19.3,91,795.0,2.3,0.5877852522924731,0.8090169943749475,1.6499999999999986,open-meteo,2026-08-08T09:50:20+00:00
2026-06-24 15:00:00+00:00,BE,offshore,19.2,91,706.0,4.7,0.20791169081775934,0.9781476007338057,18.5,90,705.0,5.8,0.13917310096006544,0.9902680687415704,20.4,86,703.0,6.7,0.24192189559966773,0.9702957262759965,19.5,87,702.0,5.1,0.10452846326765347,0.9945218953682733,1.3999999999999986,open-meteo,2026-08-08T09:50:20+00:00
2026-06-24 16:00:00+00:00,BE,offshore,19.6,88,586.0,7.3,0.27563735581699916,0.9612616959383189,18.6,89,584.0,8.5,0.374606593415912,0.9271838545667874,20.5,84,580.0,8.5,0.1908089953765448,0.981627183447664,19.8,84,579.0,7.8,0.27563735581699916,0.9612616959383189,1.625,open-meteo,2026-08-08T09:50:20+00:00
2026-06-24 17:00:00+00:00,BE,offshore,19.7,88,443.0,9.1,0.42261826174069944,0.9063077870366499,18.9,88,443.0,8.8,0.5150380749100542,0.8571673007021123,20.4,85,438.0,10.0,0.42261826174069944,0.9063077870366499,19.5,86,439.0,9.1,0.374606593415912,0.9271838545667874,1.625,open-meteo,2026-08-08T09:50:20+00:00
2026-06-24 18:00:00+00:00,BE,offshore,19.8,85,291.0,12.9,0.6293203910498374,0.7771459614569709,18.8,87,292.0,11.8,0.6018150231520483,0.7986355100472928,20.3,83,287.0,13.4,0.5877852522924731,0.8090169943749475,19.3,86,288.0,12.4,0.6293203910498374,0.7771459614569709,1.5500000000000007,open-meteo,2026-08-08T09:50:20+00:00
2026-06-24 19:00:00+00:00,BE,offshore,19.7,84,150.0,13.7,0.6018150231520483,0.7986355100472928,18.3,90,152.0,12.7,0.6156614753256583,0.7880107536067219,20.1,84,147.0,14.4,0.573576436351046,0.8191520442889918,19.2,86,148.0,13.6,0.6156614753256583,0.7880107536067219,1.3249999999999993,open-meteo,2026-08-08T09:50:20+00:00
2026-06-24 20:00:00+00:00,BE,offshore,19.2,87,41.0,13.4,0.5877852522924731,0.8090169943749475,18.2,90,43.0,13.4,0.573576436351046,0.8191520442889918,19.8,86,39.0,14.1,0.573576436351046,0.8191520442889918,19.1,87,41.0,13.7,0.5446390350150271,0.838670567945424,1.0750000000000028,open-meteo,2026-08-08T09:50:20+00:00
2026-06-24 21:00:00+00:00,BE,offshore,20.2,88,0.0,13.1,0.6293203910498374,0.7771459614569709,19.1,90,0.0,13.0,0.6427876096865393,0.766044443118978,20.6,86,0.0,14.3,0.6427876096865393,0.766044443118978,19.8,89,0.0,13.5,0.6946583704589973,0.7193398003386512,1.9250000000000007,open-meteo,2026-08-08T09:50:20+00:00
2026-06-24 22:00:00+00:00,BE,offshore,20.3,87,0.0,12.6,0.6560590289905073,0.754709580222772,19.2,90,0.0,12.2,0.6427876096865393,0.766044443118978,20.5,86,0.0,13.3,0.6819983600624985,0.7313537016191705,19.6,90,0.0,13.0,0.7193398003386511,0.6946583704589973,1.8999999999999986,open-meteo,2026-08-08T09:50:20+00:00
2026-06-24 23:00:00+00:00,BE,offshore,19.9,90,0.0,12.8,0.754709580222772,0.6560590289905073,19.0,90,0.0,12.1,0.8090169943749475,0.5877852522924731,20.4,87,0.0,12.2,0.6691306063588582,0.7431448254773942,19.5,90,0.0,12.1,0.7771459614569709,0.6293203910498374,1.6999999999999993,open-meteo,2026-08-08T09:50:20+00:00
2026-06-25 00:00:00+00:00,BE,offshore,20.2,90,0.0,12.2,0.8571673007021123,0.5150380749100542,19.4,90,0.0,11.9,0.9135454576426009,0.4067366430758002,20.5,89,0.0,12.9,0.838670567945424,0.5446390350150271,20.0,89,0.0,10.7,0.9063077870366499,0.42261826174069944,2.0249999999999986,open-meteo,2026-08-08T09:50:20+00:00
2026-06-25 01:00:00+00:00,BE,offshore,20.1,89,0.0,12.2,0.8987940462991669,0.43837114678907746,19.3,89,0.0,11.9,0.8910065241883679,0.45399049973954686,20.3,89,0.0,11.4,0.8571673007021123,0.5150380749100542,19.7,89,0.0,10.1,0.8746197071393957,0.4848096202463371,1.8500000000000014,open-meteo,2026-08-08T09:50:20+00:00
2026-06-25 02:00:00+00:00,BE,offshore,20.0,90,0.0,11.9,0.838670567945424,0.5446390350150271,19.1,92,0.0,11.0,0.8829475928589269,0.46947156278589086,20.5,88,0.0,11.4,0.8191520442889918,0.573576436351046,19.6,90,0.0,11.0,0.8571673007021123,0.5150380749100542,1.8000000000000007,open-meteo,2026-08-08T09:50:20+00:00
2026-06-25 03:00:00+00:00,BE,offshore,20.3,89,0.0,12.8,0.848048096156426,0.5299192642332049,19.2,92,0.0,12.1,0.9271838545667874,0.37460659341591196,20.5,88,0.0,12.7,0.8660254037844386,0.5000000000000001,19.7,91,0.0,11.5,0.9063077870366499,0.42261826174069944,1.9250000000000007,open-meteo,2026-08-08T09:50:20+00:00
2026-06-25 04:00:00+00:00,BE,offshore,20.2,89,3.0,12.5,0.8987940462991669,0.43837114678907746,19.1,92,4.0,11.4,0.9271838545667874,0.37460659341591196,20.4,88,4.0,12.4,0.9271838545667874,0.37460659341591196,19.6,91,4.0,10.7,0.9135454576426009,0.4067366430758002,1.8249999999999993,open-meteo,2026-08-08T09:50:20+00:00
2026-06-25 05:00:00+00:00,BE,offshore,20.0,90,65.0,12.5,0.9396926207859083,0.3420201433256688,18.9,93,68.0,11.3,0.9271838545667874,0.37460659341591196,20.0,90,67.0,11.1,0.9063077870366499,0.42261826174069944,19.3,91,70.0,10.8,0.8987940462991669,0.43837114678907746,1.5500000000000007,open-meteo,2026-08-08T09:50:20+00:00
2026-06-25 06:00:00+00:00,BE,offshore,20.1,91,186.0,12.7,0.9510565162951535,0.30901699437494745,19.1,93,189.0,12.2,0.9510565162951535,0.30901699437494745,20.0,92,185.0,11.4,0.9335804264972017,0.3583679495453004,19.5,91,191.0,11.8,0.9455185755993167,0.32556815445715676,1.6750000000000007,open-meteo,2026-08-08T09:50:20+00:00
2026-06-25 07:00:00+00:00,BE,offshore,19.9,91,331.0,12.2,0.9510565162951535,0.30901699437494745,18.9,93,333.0,12.3,0.9612616959383189,0.27563735581699916,19.8,93,334.0,10.1,0.9455185755993167,0.32556815445715676,19.2,92,335.0,11.4,0.9455185755993167,0.32556815445715676,1.4499999999999993,open-meteo,2026-08-08T09:50:20+00:00
2026-06-25 08:00:00+00:00,BE,offshore,19.9,90,481.0,10.3,0.9396926207859083,0.3420201433256688,19.1,92,481.0,12.8,0.9396926207859083,0.3420201433256688,19.9,91,484.0,9.1,0.9612616959383189,0.27563735581699916,19.3,91,484.0,11.9,0.9455185755993167,0.32556815445715676,1.5500000000000007,open-meteo,2026-08-08T09:50:20+00:00
2026-06-25 09:00:00+00:00,BE,offshore,19.1,92,621.0,9.0,0.9702957262759965,0.24192189559966767,18.3,94,619.0,12.5,0.9510565162951535,0.30901699437494745,19.7,91,623.0,8.0,0.9335804264972017,0.3583679495453004,18.8,93,622.0,10.9,0.9396926207859083,0.3420201433256688,0.9750000000000014,open-meteo,2026-08-08T09:50:20+00:00
2026-06-25 10:00:00+00:00,BE,offshore,19.3,91,738.0,9.5,0.9510565162951535,0.30901699437494745,18.3,94,735.0,12.2,0.9135454576426009,0.4067366430758002,20.0,89,740.0,8.4,0.9335804264972017,0.3583679495453004,18.9,92,737.0,10.9,0.9271838545667874,0.37460659341591196,1.125,open-meteo,2026-08-08T09:50:20+00:00
2026-06-25 11:00:00+00:00,BE,offshore,19.3,92,815.0,10.4,0.9396926207859083,0.3420201433256688,18.3,93,813.0,13.1,0.8746197071393957,0.4848096202463371,20.1,89,815.0,7.8,0.9455185755993167,0.32556815445715676,18.8,93,814.0,11.7,0.8660254037844386,0.5000000000000001,1.125,open-meteo,2026-08-08T09:50:20+00:00
2026-06-25 12:00:00+00:00,BE,offshore,19.4,91,855.0,11.5,0.9135454576426009,0.4067366430758002,18.2,95,854.0,14.2,0.8987940462991669,0.43837114678907746,20.0,90,855.0,8.7,0.9205048534524404,0.3907311284892737,18.8,93,854.0,13.2,0.8660254037844386,0.5000000000000001,1.0999999999999979,open-meteo,2026-08-08T09:50:20+00:00
2026-06-25 13:00:00+00:00,BE,offshore,19.4,91,850.0,12.2,0.8746197071393957,0.4848096202463371,18.1,93,847.0,14.5,0.8910065241883679,0.45399049973954686,19.9,90,847.0,10.4,0.8746197071393957,0.4848096202463371,18.9,90,846.0,13.5,0.8746197071393957,0.4848096202463371,1.0749999999999993,open-meteo,2026-08-08T09:50:20+00:00
2026-06-25 14:00:00+00:00,BE,offshore,19.3,91,797.0,13.5,0.8746197071393957,0.4848096202463371,18.2,92,794.0,13.9,0.9063077870366499,0.42261826174069944,19.7,91,792.0,11.5,0.8290375725550417,0.5591929034707468,18.9,91,792.0,12.6,0.8571673007021123,0.5150380749100542,1.0249999999999986,open-meteo,2026-08-08T09:50:20+00:00
2026-06-25 15:00:00+00:00,BE,offshore,19.1,92,708.0,11.8,0.9271838545667874,0.37460659341591196,18.0,93,708.0,13.8,0.9135454576426009,0.4067366430758002,20.2,89,704.0,10.4,0.8660254037844386,0.5000000000000001,18.6,92,704.0,11.9,0.8829475928589269,0.46947156278589086,0.9750000000000014,open-meteo,2026-08-08T09:50:20+00:00
2026-06-25 16:00:00+00:00,BE,offshore,19.3,90,466.0,13.8,0.8987940462991669,0.43837114678907746,18.6,89,577.0,14.2,0.8829475928589269,0.46947156278589086,20.1,88,463.0,12.0,0.8191520442889918,0.573576436351046,19.0,89,568.0,12.8,0.848048096156426,0.5299192642332049,1.25,open-meteo,2026-08-08T09:50:20+00:00
2026-06-25 17:00:00+00:00,BE,offshore,19.4,89,364.0,13.9,0.9063077870366499,0.42261826174069944,18.6,89,415.0,14.2,0.8987940462991669,0.43837114678907746,20.0,88,371.0,12.5,0.8290375725550417,0.5591929034707468,19.0,89,416.0,13.2,0.8829475928589269,0.46947156278589086,1.25,open-meteo,2026-08-08T09:50:20+00:00
2026-06-25 18:00:00+00:00,BE,offshore,20.3,87,267.0,13.6,0.9396926207859083,0.3420201433256688,19.1,89,288.0,13.9,0.9455185755993167,0.32556815445715676,20.6,87,262.0,11.8,0.9335804264972017,0.3583679495453004,20.1,87,282.0,12.8,0.9271838545667874,0.37460659341591196,2.025000000000002,open-meteo,2026-08-08T09:50:20+00:00
2026-06-25 19:00:00+00:00,BE,offshore,20.9,85,136.0,12.9,0.9510565162951535,0.30901699437494745,19.6,87,145.0,13.1,0.9743700647852352,0.22495105434386492,21.2,86,136.0,11.0,0.9396926207859083,0.3420201433256688,20.7,84,133.0,11.6,0.9612616959383189,0.27563735581699916,2.6000000000000014,open-meteo,2026-08-08T09:50:20+00:00
2026-06-25 20:00:00+00:00,BE,offshore,20.7,86,28.0,12.0,0.9975640502598242,0.06975647374412523,19.8,86,40.0,14.0,0.9986295347545738,0.052335956242943966,21.3,86,27.0,12.7,0.9945218953682733,0.10452846326765346,20.7,84,39.0,12.9,1.0,6.123233995736766e-17,2.625,open-meteo,2026-08-08T09:50:20+00:00
2026-06-25 21:00:00+00:00,BE,offshore,21.5,87,0.0,13.7,0.9998476951563913,0.0174524064372836,19.7,90,0.0,14.0,0.9998476951563913,-0.017452406437283477,22.0,87,0.0,12.2,0.9993908270190958,0.03489949670250108,20.7,88,0.0,12.4,0.9993908270190958,0.03489949670250108,2.9750000000000014,open-meteo,2026-08-08T09:50:20+00:00
2026-06-25 22:00:00+00:00,BE,offshore,21.5,87,0.0,14.5,0.9961946980917455,-0.08715574274765824,19.9,88,0.0,14.2,0.9975640502598242,-0.06975647374412533,22.1,88,0.0,12.8,0.9993908270190958,-0.034899496702500955,20.8,86,0.0,13.3,0.9993908270190958,-0.034899496702500955,3.0749999999999993,open-meteo,2026-08-08T09:50:20+00:00
2026-06-25 23:00:00+00:00,BE,offshore,21.3,86,0.0,14.7,0.9781476007338057,-0.20791169081775934,19.9,90,0.0,13.9,0.9743700647852352,-0.22495105434386503,21.8,86,0.0,12.9,0.9902680687415704,-0.13917310096006535,20.8,88,0.0,13.9,0.984807753012208,-0.1736481776669303,2.9499999999999993,open-meteo,2026-08-08T09:50:20+00:00
2026-06-26 00:00:00+00:00,BE,offshore,21.5,84,0.0,14.8,0.9563047559630355,-0.29237170472273666,20.3,90,0.0,13.5,0.9510565162951536,-0.30901699437494734,21.9,84,0.0,12.7,0.9563047559630355,-0.29237170472273666,21.1,87,0.0,12.1,0.9563047559630355,-0.29237170472273666,3.1999999999999993,open-meteo,2026-08-08T09:50:20+00:00
2026-06-26 01:00:00+00:00,BE,offshore,21.4,86,0.0,13.6,0.9335804264972017,-0.35836794954530027,20.2,87,0.0,14.8,0.9702957262759965,-0.24192189559966779,22.1,83,0.0,14.7,0.9659258262890683,-0.25881904510252085,21.1,84,0.0,14.4,0.9781476007338057,-0.20791169081775934,3.1999999999999993,open-meteo,2026-08-08T09:50:20+00:00
2026-06-26 02:00:00+00:00,BE,offshore,21.2,86,0.0,13.3,0.9135454576426009,-0.40673664307580026,20.1,88,0.0,14.9,0.90630778703665,-0.42261826174069933,21.8,84,0.0,13.0,0.9271838545667874,-0.37460659341591207,20.6,87,0.0,14.2,0.90630778703665,-0.42261826174069933,2.924999999999997,open-meteo,2026-08-08T09:50:20+00:00
2026-06-26 03:00:00+00:00,BE,offshore,20.9,90,0.0,13.8,0.8746197071393959,-0.484809620246337,20.3,89,0.0,14.3,0.8910065241883679,-0.45399049973954675,21.5,88,0.0,12.9,0.8660254037844387,-0.49999999999999983,20.9,87,0.0,14.8,0.8910065241883679,-0.45399049973954675,2.8999999999999986,open-meteo,2026-08-08T09:50:20+00:00
2026-06-26 04:00:00+00:00,BE,offshore,21.2,85,3.0,14.3,0.8829475928589269,-0.4694715627858909,20.2,85,3.0,14.3,0.8829475928589269,-0.4694715627858909,21.5,84,3.0,14.4,0.8829475928589269,-0.4694715627858909,20.8,83,4.0,14.1,0.8910065241883679,-0.45399049973954675,2.9250000000000007,open-meteo,2026-08-08T09:50:20+00:00
2026-06-26 05:00:00+00:00,BE,offshore,20.9,87,56.0,13.2,0.8480480961564261,-0.5299192642332048,20.1,88,57.0,13.8,0.838670567945424,-0.5446390350150272,21.2,88,59.0,12.8,0.8290375725550417,-0.5591929034707467,20.7,87,62.0,12.7,0.8746197071393959,-0.484809620246337,2.7250000000000014,open-meteo,2026-08-08T09:50:20+00:00
2026-06-26 06:00:00+00:00,BE,offshore,20.5,90,181.0,10.4,0.6691306063588585,-0.743144825477394,19.8,91,170.0,13.7,0.7547095802227721,-0.6560590289905072,21.3,89,183.0,10.2,0.7313537016191706,-0.6819983600624984,20.4,90,175.0,12.0,0.788010753606722,-0.6156614753256583,2.5,open-meteo,2026-08-08T09:50:20+00:00
2026-06-26 07:00:00+00:00,BE,offshore,20.2,90,298.0,8.1,0.6427876096865395,-0.7660444431189779,20.1,87,283.0,10.9,0.5446390350150273,-0.8386705679454239,21.0,89,303.0,6.9,0.6427876096865395,-0.7660444431189779,20.2,89,264.0,9.2,0.6156614753256584,-0.7880107536067219,2.375,open-meteo,2026-08-08T09:50:20+00:00
2026-06-26 08:00:00+00:00,BE,offshore,20.6,88,471.0,6.9,0.3255681544571566,-0.9455185755993168,19.5,92,468.0,8.0,0.3255681544571566,-0.9455185755993168,21.6,86,478.0,6.3,0.39073112848927377,-0.9205048534524404,20.2,91,461.0,8.5,0.4383711467890773,-0.898794046299167,2.4750000000000014,open-meteo,2026-08-08T09:50:20+00:00
2026-06-26 09:00:00+00:00,BE,offshore,20.6,88,614.0,6.7,-0.29237170472273677,-0.9563047559630354,19.6,92,616.0,8.4,-0.052335956242943564,-0.9986295347545738,22.1,82,619.0,5.6,-0.13917310096006552,-0.9902680687415703,20.4,90,618.0,8.4,0.2249510543438652,-0.9743700647852351,2.6750000000000007,open-meteo,2026-08-08T09:50:20+00:00
2026-06-26 10:00:00+00:00,BE,offshore,21.1,83,733.0,10.1,-0.9659258262890683,-0.25881904510252063,20.4,85,730.0,7.6,-0.6946583704589974,-0.7193398003386511,22.4,80,734.0,7.6,-0.8987940462991668,-0.43837114678907774,21.3,85,731.0,8.0,-0.4067366430758002,-0.9135454576426009,3.3000000000000007,open-meteo,2026-08-08T09:50:20+00:00
2026-06-26 11:00:00+00:00,BE,offshore,20.2,87,812.0,9.8,-0.9455185755993168,-0.32556815445715664,20.2,87,810.0,7.1,-0.848048096156426,-0.529919264233205,22.0,81,813.0,6.4,-0.984807753012208,-0.17364817766693033,21.4,84,810.0,8.0,-0.587785252292473,-0.8090169943749475,2.9499999999999993,open-meteo,2026-08-08T09:50:20+00:00
2026-06-26 12:00:00+00:00,BE,offshore,19.9,87,835.0,11.1,-0.8660254037844384,-0.5000000000000004,19.7,89,849.0,6.5,-0.882947592858927,-0.46947156278589075,21.7,82,850.0,8.9,-0.9396926207859084,-0.34202014332566855,21.2,84,847.0,6.9,-0.48480962024633695,-0.8746197071393959,2.625,open-meteo,2026-08-08T09:50:20+00:00
2026-06-26 13:00:00+00:00,BE,offshore,19.8,87,845.0,12.9,-0.848048096156426,-0.529919264233205,19.1,89,842.0,8.6,-0.7986355100472928,-0.6018150231520483,20.7,85,810.0,10.3,-0.913545457642601,-0.4067366430758001,19.8,88,842.0,9.6,-0.8386705679454242,-0.544639035015027,1.8500000000000014,open-meteo,2026-08-08T09:50:20+00:00
2026-06-26 14:00:00+00:00,BE,offshore,20.3,86,751.0,11.0,-0.8660254037844384,-0.5000000000000004,19.0,90,779.0,8.0,-0.8571673007021121,-0.5150380749100544,20.5,87,786.0,11.5,-0.882947592858927,-0.46947156278589075,19.9,87,770.0,8.1,-0.8987940462991668,-0.43837114678907774,1.9249999999999972,open-meteo,2026-08-08T09:50:20+00:00
2026-06-26 15:00:00+00:00,BE,offshore,19.8,87,656.0,12.0,-0.9743700647852351,-0.22495105434386525,18.8,91,703.0,4.9,-0.882947592858927,-0.46947156278589075,20.8,85,650.0,12.7,-0.882947592858927,-0.46947156278589075,19.3,91,698.0,8.5,-0.8910065241883678,-0.45399049973954697,1.6750000000000007,open-meteo,2026-08-08T09:50:20+00:00
2026-06-26 16:00:00+00:00,BE,offshore,19.3,90,463.0,14.0,-0.8987940462991668,-0.43837114678907774,18.8,92,492.0,7.0,-0.7880107536067221,-0.6156614753256581,20.5,84,462.0,14.5,-0.8910065241883678,-0.45399049973954697,19.5,90,511.0,7.8,-0.8386705679454242,-0.544639035015027,1.5249999999999986,open-meteo,2026-08-08T09:50:20+00:00
2026-06-26 17:00:00+00:00,BE,offshore,19.4,88,358.0,15.1,-0.8191520442889916,-0.5735764363510464,18.8,92,429.0,7.4,-0.90630778703665,-0.42261826174069916,20.4,85,432.0,11.4,-0.8386705679454242,-0.544639035015027,19.5,90,428.0,12.0,-0.848048096156426,-0.529919264233205,1.5249999999999986,open-meteo,2026-08-08T09:50:20+00:00
2026-06-26 18:00:00+00:00,BE,offshore,19.3,88,263.0,13.8,-0.8090169943749473,-0.5877852522924732,18.7,92,276.0,12.2,-0.8090169943749473,-0.5877852522924732,19.9,86,258.0,13.2,-0.8910065241883678,-0.45399049973954697,19.3,90,278.0,10.6,-0.8660254037844384,-0.5000000000000004,1.3000000000000007,open-meteo,2026-08-08T09:50:20+00:00
2026-06-26 19:00:00+00:00,BE,offshore,19.2,88,90.0,14.1,-0.8987940462991668,-0.43837114678907774,18.6,91,116.0,11.3,-0.8191520442889916,-0.5735764363510464,20.0,86,138.0,13.8,-0.8987940462991668,-0.43837114678907774,19.1,90,128.0,8.9,-0.8910065241883678,-0.45399049973954697,1.2250000000000014,open-meteo,2026-08-08T09:50:20+00:00
2026-06-26 20:00:00+00:00,BE,offshore,18.8,91,38.0,13.7,-0.9271838545667873,-0.3746065934159123,18.6,90,39.0,12.2,-0.8660254037844384,-0.5000000000000004,19.8,86,38.0,13.5,-0.8910065241883678,-0.45399049973954697,18.8,92,40.0,9.7,-0.9563047559630353,-0.2923717047227371,1.0,open-meteo,2026-08-08T09:50:20+00:00
2026-06-26 21:00:00+00:00,BE,offshore,19.5,91,0.0,11.9,-0.9659258262890683,-0.25881904510252063,19.5,89,0.0,11.7,-0.9455185755993168,-0.32556815445715664,19.9,89,0.0,11.4,-0.9271838545667873,-0.3746065934159123,19.9,90,0.0,11.3,-0.90630778703665,-0.42261826174069916,1.6999999999999993,open-meteo,2026-08-08T09:50:20+00:00
2026-06-26 22:00:00+00:00,BE,offshore,19.3,91,0.0,11.9,-0.9702957262759965,-0.24192189559966779,19.2,91,0.0,11.5,-0.9781476007338056,-0.2079116908177598,20.2,86,0.0,9.8,-0.9205048534524403,-0.3907311284892738,19.9,89,0.0,11.6,-0.984807753012208,-0.17364817766693033,1.6499999999999986,open-meteo,2026-08-08T09:50:20+00:00
2026-06-26 23:00:00+00:00,BE,offshore,19.8,88,0.0,11.3,-0.9993908270190958,-0.03489949670250076,19.3,91,0.0,11.5,-0.9993908270190958,0.03489949670250128,20.8,84,0.0,8.1,-0.961261695938319,-0.2756373558169989,20.0,90,0.0,11.4,-0.9945218953682734,0.10452846326765299,1.9750000000000014,open-meteo,2026-08-08T09:50:20+00:00
2026-06-27 00:00:00+00:00,BE,offshore,19.6,90,0.0,10.9,-0.9563047559630353,-0.2923717047227371,19.5,90,0.0,12.1,-0.9961946980917455,0.08715574274765789,20.6,87,0.0,6.3,-0.7071067811865475,-0.7071067811865477,19.9,91,0.0,7.1,-0.9986295347545738,-0.052335956242944306,1.8999999999999986,open-meteo,2026-08-08T09:50:20+00:00
2026-06-27 01:00:00+00:00,BE,offshore,19.4,91,0.0,11.1,-0.8746197071393956,0.4848096202463373,19.3,91,0.0,12.6,-0.945518575599317,0.3255681544571563,19.6,91,0.0,11.4,-0.9510565162951536,0.30901699437494723,19.5,92,0.0,11.7,-0.9945218953682734,0.10452846326765299,1.4500000000000028,open-meteo,2026-08-08T09:50:20+00:00
2026-06-27 02:00:00+00:00,BE,offshore,19.6,92,0.0,5.3,-0.8910065241883679,0.45399049973954664,20.3,86,0.0,12.6,-0.29237170472273716,0.9563047559630353,20.0,91,0.0,4.6,-0.9986295347545738,0.052335956242943946,20.5,87,0.0,14.2,-0.6427876096865396,0.7660444431189778,2.1000000000000014,open-meteo,2026-08-08T09:50:20+00:00
2026-06-27 03:00:00+00:00,BE,offshore,20.6,83,0.0,12.2,-0.6819983600624984,0.7313537016191707,20.7,83,0.0,14.6,-0.8386705679454243,0.5446390350150266,20.4,85,0.0,11.8,-0.898794046299167,0.4383711467890774,20.3,87,0.0,14.5,-0.9396926207859083,0.342020143325669,2.5,open-meteo,2026-08-08T09:50:20+00:00
2026-06-27 04:00:00+00:00,BE,offshore,19.4,93,2.0,3.3,-0.27563735581699894,0.9612616959383189,19.6,88,2.0,9.6,0.08715574274765817,0.9961946980917455,19.8,93,3.0,3.7,-0.13917310096006588,0.9902680687415703,19.9,90,2.0,9.9,0.03489949670250097,0.9993908270190958,1.6749999999999972,open-meteo,2026-08-08T09:50:20+00:00
2026-06-27 05:00:00+00:00,BE,offshore,19.1,88,34.0,8.3,-0.15643446504023112,0.9876883405951377,18.6,92,31.0,9.7,-0.2588190451025207,0.9659258262890683,20.5,83,39.0,9.4,0.24192189559966773,0.9702957262759965,19.7,87,67.0,6.7,-0.24192189559966787,0.9702957262759965,1.4750000000000014,open-meteo,2026-08-08T09:50:20+00:00
2026-06-27 06:00:00+00:00,BE,offshore,19.2,94,117.0,9.1,0.43837114678907746,0.898794046299167,19.3,90,107.0,6.0,-0.5000000000000004,0.8660254037844384,20.7,88,115.0,11.9,0.03489949670250097,0.9993908270190958,20.5,87,81.0,10.7,-0.08715574274765832,0.9961946980917455,1.9250000000000007,open-meteo,2026-08-08T09:50:20+00:00
2026-06-27 07:00:00+00:00,BE,offshore,19.8,83,180.0,7.9,-2.4492935982947064e-16,1.0,19.5,85,225.0,8.3,-0.2588190451025207,0.9659258262890683,20.6,77,281.0,10.9,-0.3090169943749477,0.9510565162951535,19.8,84,239.0,8.7,-0.35836794954530077,0.9335804264972015,1.9250000000000007,open-meteo,2026-08-08T09:50:20+00:00
2026-06-27 08:00:00+00:00,BE,offshore,19.2,88,278.0,4.3,-0.5000000000000004,0.8660254037844384,18.5,93,253.0,3.5,0.9702957262759965,0.24192189559966767,19.7,86,384.0,11.7,-0.15643446504023112,0.9876883405951377,19.3,87,403.0,5.4,-0.529919264233205,0.8480480961564258,1.1750000000000007,open-meteo,2026-08-08T09:50:20+00:00
2026-06-27 09:00:00+00:00,BE,offshore,19.6,92,227.0,5.7,-0.45399049973954697,0.8910065241883678,18.6,95,427.0,2.6,0.6560590289905073,-0.754709580222772,20.0,94,324.0,3.6,0.6018150231520483,0.7986355100472928,19.8,92,291.0,0.6,-0.8386705679454243,0.5446390350150266,1.5,open-meteo,2026-08-08T09:50:20+00:00
2026-06-27 10:00:00+00:00,BE,offshore,20.4,81,716.0,5.6,0.754709580222772,0.6560590289905073,19.3,86,627.0,5.6,0.788010753606722,0.6156614753256583,21.8,74,550.0,8.6,0.6018150231520483,0.7986355100472928,20.2,85,558.0,11.9,0.788010753606722,0.6156614753256583,2.4250000000000007,open-meteo,2026-08-08T09:50:20+00:00
2026-06-27 11:00:00+00:00,BE,offshore,19.1,93,419.0,3.4,0.9205048534524404,0.3907311284892737,19.6,85,512.0,2.9,0.6293203910498374,-0.7771459614569709,20.3,88,257.0,5.7,0.981627183447664,0.19080899537654492,20.6,78,244.0,3.5,0.5446390350150271,0.838670567945424,1.8999999999999986,open-meteo,2026-08-08T09:50:20+00:00
2026-06-27 12:00:00+00:00,BE,offshore,20.1,90,850.0,6.6,0.981627183447664,0.19080899537654492,19.6,90,791.0,6.0,0.9975640502598242,-0.06975647374412533,20.4,90,850.0,4.8,0.9986295347545738,-0.05233595624294384,19.6,92,842.0,5.9,0.9510565162951535,0.30901699437494745,1.9250000000000007,open-meteo,2026-08-08T09:50:20+00:00
2026-06-27 13:00:00+00:00,BE,offshore,19.9,87,840.0,8.4,0.9961946980917455,0.08715574274765814,18.7,90,835.0,6.5,0.9993908270190958,-0.034899496702500955,21.6,82,838.0,12.5,0.9998476951563913,0.0174524064372836,19.5,91,821.0,8.2,0.9876883405951378,-0.1564344650402308,1.9249999999999972,open-meteo,2026-08-08T09:50:20+00:00
2026-06-27 14:00:00+00:00,BE,offshore,19.2,90,789.0,3.5,0.8090169943749475,0.5877852522924731,19.6,83,783.0,3.2,0.9961946980917455,-0.08715574274765824,19.8,89,788.0,6.2,0.49999999999999994,0.8660254037844387,19.0,89,701.0,4.6,0.9659258262890683,0.25881904510252074,1.3999999999999986,open-meteo,2026-08-08T09:50:20+00:00
2026-06-27 15:00:00+00:00,BE,offshore,20.0,92,707.0,1.4,0.4226182617406995,-0.9063077870366499,18.9,94,597.0,2.9,0.777145961456971,-0.6293203910498373,20.7,91,703.0,0.8,-0.9816271834476639,0.1908089953765451,19.5,94,699.0,4.2,0.9975640502598242,0.06975647374412523,1.7749999999999986,open-meteo,2026-08-08T09:50:20+00:00
2026-06-27 16:00:00+00:00,BE,offshore,18.7,91,571.0,4.0,0.5591929034707469,0.8290375725550417,17.9,93,568.0,3.8,-0.8290375725550416,0.559192903470747,19.6,90,577.0,6.0,0.6293203910498374,0.7771459614569709,18.3,94,577.0,3.3,0.1908089953765448,0.981627183447664,0.625,open-meteo,2026-08-08T09:50:20+00:00
2026-06-27 17:00:00+00:00,BE,offshore,20.0,79,438.0,6.5,0.6427876096865393,0.766044443118978,18.2,92,439.0,4.7,0.9455185755993167,0.32556815445715676,20.3,83,433.0,9.7,0.49999999999999994,0.8660254037844387,19.1,87,435.0,5.8,0.29237170472273677,0.9563047559630354,1.3999999999999986,open-meteo,2026-08-08T09:50:20+00:00
2026-06-27 18:00:00+00:00,BE,offshore,18.8,94,292.0,5.6,0.5446390350150271,0.838670567945424,19.0,90,272.0,3.6,0.9702957262759965,0.24192189559966767,20.0,90,287.0,6.9,0.224951054343865,0.9743700647852352,18.8,93,254.0,4.1,0.42261826174069944,0.9063077870366499,1.1499999999999986,open-meteo,2026-08-08T09:50:20+00:00
2026-06-27 19:00:00+00:00,BE,offshore,19.2,90,149.0,6.9,0.9902680687415704,0.13917310096006547,18.5,91,122.0,3.1,0.984807753012208,-0.1736481776669303,19.7,91,145.0,9.4,0.8571673007021123,0.5150380749100542,18.9,91,147.0,4.7,0.7986355100472928,0.6018150231520483,1.0750000000000028,open-meteo,2026-08-08T09:50:20+00:00
2026-06-27 20:00:00+00:00,BE,offshore,18.7,90,40.0,5.0,0.49999999999999994,0.8660254037844387,18.4,88,42.0,2.1,0.17364817766693033,0.984807753012208,19.7,88,38.0,7.6,0.6946583704589973,0.7193398003386512,18.5,90,40.0,5.6,0.1908089953765448,0.981627183447664,0.8249999999999993,open-meteo,2026-08-08T09:50:20+00:00
2026-06-27 21:00:00+00:00,BE,offshore,20.7,88,0.0,8.3,0.9993908270190958,0.03489949670250108,20.0,88,0.0,3.0,0.9205048534524403,-0.39073112848927377,21.6,85,0.0,7.9,0.9659258262890683,0.25881904510252074,21.1,84,0.0,6.8,0.9975640502598242,-0.06975647374412533,2.8500000000000014,open-meteo,2026-08-08T09:50:20+00:00
2026-06-27 22:00:00+00:00,BE,offshore,20.1,87,0.0,4.3,0.838670567945424,0.5446390350150271,19.3,90,0.0,6.1,0.9455185755993167,0.32556815445715676,20.4,88,0.0,4.7,0.6156614753256583,0.7880107536067219,19.6,90,0.0,7.0,0.4694715627858908,0.882947592858927,1.8500000000000014,open-meteo,2026-08-08T09:50:20+00:00
2026-06-27 23:00:00+00:00,BE,offshore,20.1,90,0.0,4.8,-0.9702957262759966,0.24192189559966745,19.2,93,0.0,8.8,-0.5446390350150271,-0.838670567945424,20.7,82,0.0,11.1,-0.9563047559630354,0.2923717047227367,19.9,84,0.0,9.1,-0.9975640502598242,-0.06975647374412558,1.9750000000000014,open-meteo,2026-08-08T09:50:20+00:00
2026-06-28 00:00:00+00:00,BE,offshore,20.2,86,0.0,3.3,-0.5150380749100542,-0.8571673007021123,19.8,89,0.0,9.6,0.3090169943749475,-0.9510565162951535,20.1,91,0.0,10.3,-0.898794046299167,0.4383711467890774,20.0,91,0.0,12.2,-0.587785252292473,-0.8090169943749475,2.0249999999999986,open-meteo,2026-08-08T09:50:20+00:00
2026-06-28 01:00:00+00:00,BE,offshore,19.6,92,0.0,4.0,0.8191520442889917,-0.5735764363510462,19.0,96,0.0,5.4,0.5877852522924732,-0.8090169943749473,19.4,91,0.0,0.6,-0.3255681544571567,0.9455185755993168,19.9,91,0.0,5.2,0.4694715627858907,-0.882947592858927,1.4750000000000014,open-meteo,2026-08-08T09:50:20+00:00
2026-06-28 02:00:00+00:00,BE,offshore,19.9,95,0.0,6.7,-0.2588190451025208,-0.9659258262890683,19.5,94,0.0,8.0,-0.3090169943749473,-0.9510565162951536,20.1,95,0.0,4.9,0.258819045102521,-0.9659258262890682,20.3,87,0.0,4.4,-0.052335956242943564,-0.9986295347545738,1.9499999999999993,open-meteo,2026-08-08T09:50:20+00:00
2026-06-28 03:00:00+00:00,BE,offshore,20.3,92,0.0,5.0,0.17364817766693028,-0.984807753012208,20.3,92,0.0,6.5,-0.052335956242943564,-0.9986295347545738,20.7,92,0.0,1.1,0.7986355100472927,-0.6018150231520484,20.7,91,0.0,3.2,0.19080899537654497,-0.9816271834476639,2.5,open-meteo,2026-08-08T09:50:20+00:00
2026-06-28 04:00:00+00:00,BE,offshore,20.4,91,3.0,10.2,-0.8987940462991668,-0.43837114678907774,20.0,95,3.0,11.3,-0.8571673007021121,-0.5150380749100544,20.5,94,3.0,10.7,-0.8571673007021121,-0.5150380749100544,20.3,90,3.0,6.5,-0.7193398003386512,-0.6946583704589973,2.3000000000000007,open-meteo,2026-08-08T09:50:20+00:00
2026-06-28 05:00:00+00:00,BE,offshore,20.2,90,63.0,7.8,-0.8660254037844384,-0.5000000000000004,20.3,87,65.0,13.5,-0.913545457642601,-0.4067366430758001,20.1,89,65.0,9.3,-0.754709580222772,-0.6560590289905073,20.4,89,67.0,9.5,-0.7313537016191703,-0.6819983600624986,2.25,open-meteo,2026-08-08T09:50:20+00:00
2026-06-28 06:00:00+00:00,BE,offshore,20.3,92,180.0,7.1,-0.6293203910498376,-0.7771459614569708,20.3,90,128.0,8.3,-0.6819983600624984,-0.7313537016191706,20.7,91,185.0,8.7,-0.6946583704589974,-0.7193398003386511,20.7,89,187.0,10.3,-0.656059028990507,-0.7547095802227721,2.5,open-meteo,2026-08-08T09:50:20+00:00
2026-06-28 07:00:00+00:00,BE,offshore,20.2,88,324.0,8.1,-0.8910065241883678,-0.45399049973954697,20.2,86,327.0,9.1,-0.848048096156426,-0.529919264233205,20.3,89,330.0,9.7,-0.9205048534524403,-0.3907311284892738,20.4,88,330.0,8.4,-0.882947592858927,-0.46947156278589075,2.2749999999999986,open-meteo,2026-08-08T09:50:20+00:00
2026-06-28 08:00:00+00:00,BE,offshore,20.2,82,479.0,7.1,-0.8290375725550418,-0.5591929034707466,20.0,87,478.0,8.9,-0.7880107536067221,-0.6156614753256581,20.5,86,480.0,7.0,-0.9271838545667873,-0.3746065934159123,20.4,85,471.0,8.7,-0.90630778703665,-0.42261826174069916,2.2749999999999986,open-meteo,2026-08-08T09:50:20+00:00
2026-06-28 09:00:00+00:00,BE,offshore,19.3,91,484.0,9.3,-0.7313537016191703,-0.6819983600624986,19.2,90,431.0,10.1,-0.7071067811865475,-0.7071067811865477,19.7,89,618.0,9.4,-0.8987940462991668,-0.43837114678907774,19.6,90,583.0,10.1,-0.8090169943749473,-0.5877852522924732,1.4500000000000028,open-meteo,2026-08-08T09:50:20+00:00
2026-06-28 10:00:00+00:00,BE,offshore,19.5,90,650.0,11.5,-0.7071067811865475,-0.7071067811865477,19.3,90,685.0,10.8,-0.5591929034707467,-0.8290375725550418,20.1,86,657.0,11.4,-0.8090169943749473,-0.5877852522924732,19.6,90,664.0,10.6,-0.6427876096865393,-0.766044443118978,1.625,open-meteo,2026-08-08T09:50:20+00:00
2026-06-28 11:00:00+00:00,BE,offshore,19.2,90,577.0,11.4,-0.754709580222772,-0.6560590289905073,19.0,91,698.0,12.0,-0.5299192642332048,-0.8480480961564261,19.8,85,458.0,11.7,-0.882947592858927,-0.46947156278589075,19.2,90,588.0,10.0,-0.6156614753256582,-0.788010753606722,1.3000000000000007,open-meteo,2026-08-08T09:50:20+00:00
2026-06-28 12:00:00+00:00,BE,offshore,19.2,89,823.0,13.2,-0.7193398003386512,-0.6946583704589973,18.9,90,807.0,12.4,-0.5446390350150271,-0.838670567945424,19.9,83,568.0,11.7,-0.848048096156426,-0.529919264233205,19.2,89,694.0,10.9,-0.6156614753256582,-0.788010753606722,1.2999999999999972,open-meteo,2026-08-08T09:50:20+00:00
2026-06-28 13:00:00+00:00,BE,offshore,20.0,80,672.0,12.3,-0.6691306063588582,-0.7431448254773942,19.3,88,649.0,12.1,-0.6018150231520484,-0.7986355100472928,20.4,84,735.0,10.2,-0.7313537016191703,-0.6819983600624986,19.9,86,736.0,11.3,-0.587785252292473,-0.8090169943749475,1.8999999999999986,open-meteo,2026-08-08T09:50:20+00:00
2026-06-28 14:00:00+00:00,BE,offshore,19.6,81,790.0,12.3,-0.7193398003386512,-0.6946583704589973,19.3,88,789.0,12.8,-0.6018150231520484,-0.7986355100472928,20.2,80,538.0,11.2,-0.7880107536067221,-0.6156614753256581,19.7,86,780.0,12.4,-0.6427876096865393,-0.766044443118978,1.7000000000000028,open-meteo,2026-08-08T09:50:20+00:00
2026-06-28 15:00:00+00:00,BE,offshore,19.3,84,710.0,12.0,-0.7313537016191703,-0.6819983600624986,19.0,86,704.0,12.8,-0.6293203910498376,-0.7771459614569708,19.7,79,708.0,11.6,-0.848048096156426,-0.529919264233205,19.3,84,703.0,12.3,-0.656059028990507,-0.7547095802227721,1.3249999999999993,open-meteo,2026-08-08T09:50:20+00:00
2026-06-28 16:00:00+00:00,BE,offshore,19.5,82,587.0,13.3,-0.7986355100472928,-0.6018150231520483,19.0,86,581.0,12.3,-0.6691306063588582,-0.7431448254773942,20.0,76,589.0,12.4,-0.848048096156426,-0.529919264233205,19.3,83,583.0,11.8,-0.7660444431189779,-0.6427876096865395,1.4499999999999993,open-meteo,2026-08-08T09:50:20+00:00
2026-06-28 17:00:00+00:00,BE,offshore,19.4,85,444.0,12.5,-0.7313537016191703,-0.6819983600624986,19.1,87,330.0,14.5,-0.6691306063588582,-0.7431448254773942,19.9,81,440.0,13.9,-0.8290375725550418,-0.5591929034707466,19.4,86,437.0,13.1,-0.7313537016191703,-0.6819983600624986,1.4499999999999993,open-meteo,2026-08-08T09:50:20+00:00
2026-06-28 18:00:00+00:00,BE,offshore,19.4,81,290.0,12.3,-0.7880107536067221,-0.6156614753256581,19.1,84,292.0,13.5,-0.656059028990507,-0.7547095802227721,20.1,74,290.0,12.9,-0.882947592858927,-0.46947156278589075,19.6,80,290.0,12.8,-0.754709580222772,-0.6560590289905073,1.5500000000000007,open-meteo,2026-08-08T09:50:20+00:00
2026-06-28 19:00:00+00:00,BE,offshore,19.4,81,150.0,12.6,-0.8191520442889916,-0.5735764363510464,19.3,84,152.0,12.3,-0.7313537016191703,-0.6819983600624986,20.0,78,142.0,11.4,-0.848048096156426,-0.529919264233205,19.7,82,146.0,12.0,-0.754709580222772,-0.6560590289905073,1.6000000000000014,open-meteo,2026-08-08T09:50:20+00:00
2026-06-28 20:00:00+00:00,BE,offshore,19.3,83,41.0,11.5,-0.7660444431189779,-0.6427876096865395,19.2,87,42.0,11.6,-0.6946583704589974,-0.7193398003386511,20.0,79,38.0,11.1,-0.848048096156426,-0.529919264233205,19.6,84,40.0,12.1,-0.7986355100472928,-0.6018150231520483,1.5249999999999986,open-meteo,2026-08-08T09:50:20+00:00
2026-06-28 21:00:00+00:00,BE,offshore,19.2,84,0.0,9.7,-0.8386705679454242,-0.544639035015027,19.2,84,0.0,12.5,-0.7771459614569706,-0.6293203910498378,19.9,79,0.0,8.8,-0.8191520442889916,-0.5735764363510464,19.4,82,0.0,11.6,-0.7880107536067221,-0.6156614753256581,1.4249999999999972,open-meteo,2026-08-08T09:50:20+00:00
2026-06-28 22:00:00+00:00,BE,offshore,19.0,79,0.0,10.9,-0.874619707139396,-0.48480962024633684,19.1,82,0.0,12.2,-0.848048096156426,-0.529919264233205,19.5,72,0.0,11.8,-0.90630778703665,-0.42261826174069916,19.4,80,0.0,11.3,-0.8660254037844384,-0.5000000000000004,1.25,open-meteo,2026-08-08T09:50:20+00:00
2026-06-28 23:00:00+00:00,BE,offshore,19.0,80,0.0,11.6,-0.9205048534524403,-0.3907311284892738,19.0,84,0.0,11.3,-0.848048096156426,-0.529919264233205,19.3,76,0.0,11.2,-0.961261695938319,-0.2756373558169989,19.1,85,0.0,11.0,-0.9335804264972015,-0.3583679495453007,1.1000000000000014,open-meteo,2026-08-08T09:50:20+00:00
2026-06-29 00:00:00+00:00,BE,offshore,18.9,84,0.0,11.5,-0.9510565162951535,-0.30901699437494756,19.0,85,0.0,11.6,-0.9396926207859084,-0.34202014332566855,18.9,85,0.0,12.9,-0.9743700647852351,-0.22495105434386525,19.1,83,0.0,12.3,-0.961261695938319,-0.2756373558169989,0.9750000000000014,open-meteo,2026-08-08T09:50:20+00:00
2026-06-29 01:00:00+00:00,BE,offshore,18.7,76,0.0,10.7,-0.9945218953682734,-0.10452846326765336,19.2,73,0.0,10.4,-0.9781476007338056,0.20791169081775945,18.8,79,0.0,12.1,-0.9961946980917455,-0.08715574274765825,19.1,81,0.0,11.5,-0.9876883405951377,-0.15643446504023104,0.9500000000000028,open-meteo,2026-08-08T09:50:20+00:00
2026-06-29 02:00:00+00:00,BE,offshore,18.9,81,0.0,8.0,-0.945518575599317,0.3255681544571563,18.9,76,0.0,7.8,-0.898794046299167,0.4383711467890774,19.1,79,0.0,9.1,-0.9781476007338056,0.20791169081775945,19.4,66,0.0,10.3,-0.9205048534524405,0.3907311284892735,1.0749999999999993,open-meteo,2026-08-08T09:50:20+00:00
2026-06-29 03:00:00+00:00,BE,offshore,19.2,66,0.0,9.6,-0.8910065241883679,0.45399049973954664,18.9,64,0.0,9.3,-0.8746197071393956,0.4848096202463373,19.7,63,0.0,9.9,-0.8746197071393956,0.4848096202463373,19.4,65,0.0,10.1,-0.8910065241883679,0.45399049973954664,1.2999999999999972,open-meteo,2026-08-08T09:50:20+00:00
2026-06-29 04:00:00+00:00,BE,offshore,18.7,65,2.0,7.4,-0.8290375725550416,0.559192903470747,18.3,63,3.0,8.8,-0.9135454576426011,0.40673664307579976,19.1,61,3.0,7.6,-0.8746197071393956,0.4848096202463373,18.7,62,4.0,7.8,-0.9335804264972017,0.3583679495453004,0.6999999999999993,open-meteo,2026-08-08T09:50:20+00:00
2026-06-29 05:00:00+00:00,BE,offshore,18.1,63,66.0,8.2,-0.7431448254773946,0.6691306063588578,17.6,66,68.0,8.6,-0.8386705679454243,0.5446390350150266,18.3,64,69.0,8.7,-0.7547095802227722,0.656059028990507,18.1,64,70.0,8.6,-0.8090169943749476,0.5877852522924729,0.02499999999999858,open-meteo,2026-08-08T09:50:20+00:00
2026-06-29 06:00:00+00:00,BE,offshore,17.8,67,192.0,7.8,-0.7071067811865477,0.7071067811865474,17.2,68,192.0,9.1,-0.8090169943749476,0.5877852522924729,18.2,66,194.0,8.4,-0.7431448254773946,0.6691306063588578,17.7,68,196.0,8.5,-0.7880107536067218,0.6156614753256585,0.2749999999999986,open-meteo,2026-08-08T09:50:20+00:00
2026-06-29 07:00:00+00:00,BE,offshore,17.5,68,228.0,7.1,-0.7547095802227722,0.656059028990507,17.0,71,298.0,7.2,-0.7431448254773946,0.6691306063588578,17.8,68,321.0,7.2,-0.7771459614569708,0.6293203910498375,17.5,70,251.0,7.4,-0.7771459614569708,0.6293203910498375,0.5500000000000007,open-meteo,2026-08-08T09:50:20+00:00
2026-06-29 08:00:00+00:00,BE,offshore,17.2,69,497.0,5.9,-0.7880107536067218,0.6156614753256585,16.8,70,496.0,6.1,-0.7547095802227722,0.656059028990507,17.5,69,500.0,5.8,-0.7313537016191703,0.6819983600624987,17.3,69,499.0,5.8,-0.6819983600624984,0.7313537016191707,0.8000000000000007,open-meteo,2026-08-08T09:50:20+00:00
2026-06-29 09:00:00+00:00,BE,offshore,16.7,68,640.0,5.6,-0.7313537016191703,0.6819983600624987,16.4,70,638.0,5.5,-0.7660444431189781,0.6427876096865393,16.9,69,643.0,6.2,-0.7771459614569708,0.6293203910498375,16.6,72,640.0,5.6,-0.7313537016191703,0.6819983600624987,1.3500000000000014,open-meteo,2026-08-08T09:50:20+00:00
2026-06-29 10:00:00+00:00,BE,offshore,16.8,68,761.0,4.3,-0.6946583704589976,0.7193398003386509,16.5,70,758.0,4.1,-0.7431448254773946,0.6691306063588578,16.9,72,762.0,3.9,-0.7193398003386512,0.6946583704589973,16.7,72,758.0,4.1,-0.6018150231520483,0.7986355100472928,1.2750000000000021,open-meteo,2026-08-08T09:50:20+00:00
2026-06-29 11:00:00+00:00,BE,offshore,16.7,69,850.0,3.5,-0.8090169943749476,0.5877852522924729,16.7,67,844.0,2.3,-0.7660444431189781,0.6427876096865393,16.9,70,849.0,3.8,-0.7313537016191703,0.6819983600624987,16.7,71,845.0,3.2,-0.7313537016191703,0.6819983600624987,1.25,open-meteo,2026-08-08T09:50:20+00:00
2026-06-29 12:00:00+00:00,BE,offshore,16.6,68,890.0,2.6,-0.9848077530122081,0.17364817766692997,16.7,64,887.0,2.4,-0.984807753012208,-0.17364817766693033,16.8,68,890.0,3.2,-0.9063077870366498,0.4226182617406996,16.7,67,885.0,2.6,-0.8829475928589271,0.4694715627858904,1.3000000000000007,open-meteo,2026-08-08T09:50:20+00:00
2026-06-29 13:00:00+00:00,BE,offshore,16.8,65,888.0,2.5,-0.9961946980917455,0.08715574274765789,16.8,63,878.0,2.2,-0.8987940462991668,-0.43837114678907774,16.9,67,887.0,2.6,-0.9335804264972017,0.3583679495453004,16.7,68,880.0,2.1,-0.9816271834476639,0.1908089953765451,1.1999999999999993,open-meteo,2026-08-08T09:50:20+00:00
2026-06-29 14:00:00+00:00,BE,offshore,16.7,67,832.0,2.2,-0.9975640502598242,-0.06975647374412558,16.7,65,828.0,2.2,-0.7771459614569706,-0.6293203910498378,16.9,68,833.0,3.8,-0.9063077870366498,0.4226182617406996,16.7,67,826.0,2.4,-0.9945218953682734,0.10452846326765299,1.25,open-meteo,2026-08-08T09:50:20+00:00
2026-06-29 15:00:00+00:00,BE,offshore,16.8,68,743.0,2.6,-0.9205048534524403,-0.3907311284892738,16.5,67,711.0,3.2,-0.4539904997395467,-0.8910065241883679,16.8,66,743.0,1.9,-0.8386705679454243,0.5446390350150266,16.6,63,738.0,1.5,-0.7071067811865475,-0.7071067811865477,1.3250000000000028,open-meteo,2026-08-08T09:50:20+00:00
2026-06-29 16:00:00+00:00,BE,offshore,17.2,66,547.0,2.6,-0.981627183447664,-0.1908089953765446,17.0,65,358.0,2.8,-0.5299192642332048,-0.8480480961564261,17.3,65,603.0,3.0,-0.8829475928589271,0.4694715627858904,16.9,63,486.0,1.9,-0.984807753012208,-0.17364817766693033,0.8999999999999986,open-meteo,2026-08-08T09:50:20+00:00
2026-06-29 17:00:00+00:00,BE,offshore,17.1,68,389.0,1.9,-0.9455185755993168,-0.32556815445715664,16.9,68,327.0,3.4,-0.39073112848927355,-0.9205048534524404,17.1,65,384.0,0.8,-0.8571673007021123,0.5150380749100542,16.9,63,350.0,1.7,-0.6293203910498376,-0.7771459614569708,1.0,open-meteo,2026-08-08T09:50:20+00:00
2026-06-29 18:00:00+00:00,BE,offshore,17.1,71,307.0,2.3,-0.9993908270190958,-0.03489949670250076,16.9,72,307.0,2.3,-0.7313537016191703,-0.6819983600624986,17.1,66,305.0,2.3,0.25881904510252074,0.9659258262890683,16.5,66,301.0,0.3,0.9781476007338056,0.20791169081775945,1.1000000000000014,open-meteo,2026-08-08T09:50:20+00:00
2026-06-29 19:00:00+00:00,BE,offshore,17.3,73,157.0,3.3,-0.9396926207859084,-0.34202014332566855,17.2,74,158.0,3.5,-0.2588190451025208,-0.9659258262890683,17.6,67,155.0,1.5,-0.06975647374412564,0.9975640502598242,17.1,66,156.0,1.6,0.6819983600624986,-0.7313537016191705,0.6999999999999993,open-meteo,2026-08-08T09:50:20+00:00
2026-06-29 20:00:00+00:00,BE,offshore,17.0,72,43.0,2.3,-0.8290375725550418,-0.5591929034707466,16.8,76,44.0,3.3,-0.0348994967025009,-0.9993908270190958,17.0,67,41.0,0.9,-0.05233595624294437,0.9986295347545738,16.6,68,43.0,1.4,0.10452846326765373,-0.9945218953682733,1.1499999999999986,open-meteo,2026-08-08T09:50:20+00:00
2026-06-29 21:00:00+00:00,BE,offshore,17.3,70,0.0,2.8,0.838670567945424,-0.5446390350150272,16.9,73,0.0,4.8,0.8987940462991669,-0.4383711467890775,17.1,66,0.0,2.5,0.9063077870366499,0.42261826174069944,16.6,65,0.0,3.0,0.9925461516413221,-0.12186934340514737,1.0249999999999986,open-meteo,2026-08-08T09:50:20+00:00
2026-06-29 22:00:00+00:00,BE,offshore,17.1,75,0.0,3.1,0.03489949670250114,-0.9993908270190958,17.1,78,0.0,4.8,0.3420201433256689,-0.9396926207859083,17.2,67,0.0,1.0,0.24192189559966773,-0.9702957262759965,17.0,67,0.0,2.9,0.4694715627858907,-0.882947592858927,0.8999999999999986,open-meteo,2026-08-08T09:50:20+00:00
2026-06-29 23:00:00+00:00,BE,offshore,17.0,75,0.0,1.9,-0.13917310096006552,-0.9902680687415703,16.8,78,0.0,2.2,0.19080899537654497,-0.9816271834476639,16.8,68,0.0,1.1,0.9876883405951378,-0.1564344650402308,16.5,68,0.0,1.6,0.9455185755993168,-0.32556815445715664,1.2250000000000014,open-meteo,2026-08-08T09:50:20+00:00
2026-06-30 00:00:00+00:00,BE,offshore,17.4,71,0.0,3.2,0.24192189559966773,-0.9702957262759965,17.0,69,0.0,4.1,0.37460659341591224,-0.9271838545667873,17.7,59,0.0,2.4,0.7431448254773942,-0.6691306063588582,17.1,60,0.0,3.7,0.8746197071393959,-0.484809620246337,0.7000000000000028,open-meteo,2026-08-08T09:50:20+00:00
2026-06-30 01:00:00+00:00,BE,offshore,17.2,75,0.0,3.2,-0.15643446504023073,-0.9876883405951378,17.0,80,0.0,5.0,0.2756373558169992,-0.9612616959383189,17.3,69,0.0,3.2,0.45399049973954686,-0.8910065241883678,17.0,68,0.0,3.8,0.6691306063588585,-0.743144825477394,0.875,open-meteo,2026-08-08T09:50:20+00:00
2026-06-30 02:00:00+00:00,BE,offshore,17.1,77,0.0,2.8,0.06975647374412552,-0.9975640502598242,16.7,78,0.0,4.1,0.529919264233205,-0.848048096156426,17.2,63,0.0,1.6,0.49999999999999994,-0.8660254037844387,16.9,64,0.0,2.7,0.5877852522924732,-0.8090169943749473,1.0249999999999986,open-meteo,2026-08-08T09:50:20+00:00
2026-06-30 03:00:00+00:00,BE,offshore,17.3,73,0.0,2.1,-0.275637355816999,-0.9612616959383189,17.2,73,0.0,3.6,0.15643446504023098,-0.9876883405951377,17.6,62,0.0,1.9,-0.15643446504023073,-0.9876883405951378,17.5,66,0.0,2.9,0.05233595624294381,-0.9986295347545738,0.6000000000000014,open-meteo,2026-08-08T09:50:20+00:00
2026-06-30 04:00:00+00:00,BE,offshore,16.9,75,0.0,3.0,-0.2419218955996675,-0.9702957262759965,17.1,76,1.0,4.1,-0.19080899537654472,-0.981627183447664,17.0,66,2.0,2.4,0.05233595624294381,-0.9986295347545738,17.3,66,2.0,2.8,-0.17364817766693047,-0.984807753012208,0.9250000000000007,open-meteo,2026-08-08T09:50:20+00:00
2026-06-30 05:00:00+00:00,BE,offshore,16.7,78,30.0,2.5,0.19080899537654497,-0.9816271834476639,17.0,78,32.0,2.8,-0.06975647374412527,-0.9975640502598242,16.8,72,42.0,2.5,0.37460659341591224,-0.9271838545667873,17.1,64,40.0,1.7,0.01745240643728344,-0.9998476951563913,1.1000000000000014,open-meteo,2026-08-08T09:50:20+00:00
2026-06-30 06:00:00+00:00,BE,offshore,17.2,77,45.0,2.9,-0.017452406437283637,-0.9998476951563913,17.3,80,26.0,4.3,0.10452846326765373,-0.9945218953682733,17.2,70,25.0,2.4,-0.29237170472273677,-0.9563047559630354,17.6,68,31.0,2.6,0.0871557427476582,-0.9961946980917455,0.6749999999999972,open-meteo,2026-08-08T09:50:20+00:00
2026-06-30 07:00:00+00:00,BE,offshore,17.1,73,17.0,4.5,0.49999999999999994,-0.8660254037844387,17.2,77,17.0,4.1,0.5150380749100544,-0.8571673007021122,17.0,69,21.0,2.4,0.49999999999999994,-0.8660254037844387,17.5,70,11.0,2.8,0.6560590289905073,-0.754709580222772,0.8000000000000007,open-meteo,2026-08-08T09:50:20+00:00
2026-06-30 08:00:00+00:00,BE,offshore,17.1,69,32.0,3.7,0.49999999999999994,-0.8660254037844387,17.3,75,30.0,4.0,0.5591929034707469,-0.8290375725550416,17.4,69,42.0,2.0,0.49999999999999994,-0.8660254037844387,17.5,69,32.0,2.8,0.529919264233205,-0.848048096156426,0.6749999999999972,open-meteo,2026-08-08T09:50:20+00:00
2026-06-30 09:00:00+00:00,BE,offshore,17.5,69,98.0,5.5,-0.0348994967025009,-0.9993908270190958,17.1,82,157.0,4.1,-0.43837114678907746,-0.8987940462991669,17.6,68,96.0,2.7,0.258819045102521,-0.9659258262890682,17.7,75,83.0,3.0,0.48480962024633717,-0.8746197071393957,0.5249999999999986,open-meteo,2026-08-08T09:50:20+00:00
2026-06-30 10:00:00+00:00,BE,offshore,17.0,82,116.0,5.9,-0.5000000000000001,-0.8660254037844386,17.2,72,32.0,5.6,-0.32556815445715676,-0.9455185755993167,17.5,71,30.0,5.0,-0.4067366430758002,-0.9135454576426009,17.6,75,131.0,3.3,0.3090169943749475,-0.9510565162951535,0.6749999999999972,open-meteo,2026-08-08T09:50:20+00:00
2026-06-30 11:00:00+00:00,BE,offshore,16.9,88,86.0,4.2,-0.5150380749100542,-0.8571673007021123,17.1,75,111.0,4.3,-0.0348994967025009,-0.9993908270190958,17.3,71,51.0,4.7,-0.7431448254773944,-0.6691306063588581,17.4,73,175.0,4.3,-0.46947156278589086,-0.8829475928589269,0.8250000000000028,open-meteo,2026-08-08T09:50:20+00:00
2026-06-30 12:00:00+00:00,BE,offshore,17.8,86,42.0,6.0,-0.9205048534524403,-0.3907311284892738,17.6,87,67.0,6.5,0.15643446504023098,-0.9876883405951377,18.1,85,45.0,4.0,-0.9659258262890683,-0.25881904510252063,17.9,80,51.0,5.1,-0.46947156278589086,-0.8829475928589269,0.14999999999999858,open-meteo,2026-08-08T09:50:20+00:00
2026-06-30 13:00:00+00:00,BE,offshore,18.0,71,168.0,9.3,-0.9998476951563913,-0.017452406437283498,17.9,85,156.0,8.2,-0.874619707139396,-0.48480962024633684,18.4,67,193.0,5.1,-0.945518575599317,0.3255681544571563,18.3,82,209.0,4.2,-0.848048096156426,-0.529919264233205,0.14999999999999858,open-meteo,2026-08-08T09:50:20+00:00
2026-06-30 14:00:00+00:00,BE,offshore,17.4,85,75.0,5.2,-0.9975640502598243,0.06975647374412522,17.2,84,77.0,5.3,-0.7880107536067221,-0.6156614753256581,17.4,86,64.0,3.9,-0.9510565162951536,0.30901699437494723,17.3,86,131.0,2.2,-0.7313537016191703,-0.6819983600624986,0.6750000000000007,open-meteo,2026-08-08T09:50:20+00:00
2026-06-30 15:00:00+00:00,BE,offshore,16.7,80,104.0,3.4,-0.9659258262890683,-0.25881904510252063,16.1,85,70.0,4.6,-0.7880107536067221,-0.6156614753256581,16.9,84,148.0,7.2,-0.9961946980917455,-0.08715574274765825,16.9,80,84.0,5.2,-0.9925461516413221,-0.12186934340514717,1.3500000000000014,open-meteo,2026-08-08T09:50:20+00:00
2026-06-30 16:00:00+00:00,BE,offshore,17.8,75,61.0,4.1,-0.6427876096865393,-0.766044443118978,17.3,76,172.0,5.9,-0.5591929034707467,-0.8290375725550418,17.8,72,98.0,3.2,-0.15643446504023073,-0.9876883405951378,17.8,66,46.0,6.4,-0.5299192642332048,-0.8480480961564261,0.3249999999999993,open-meteo,2026-08-08T09:50:20+00:00
2026-06-30 17:00:00+00:00,BE,offshore,16.9,75,420.0,5.3,-0.7660444431189779,-0.6427876096865395,16.6,83,342.0,5.6,-0.7193398003386512,-0.6946583704589973,17.0,80,300.0,3.9,-0.7660444431189779,-0.6427876096865395,16.9,77,151.0,4.5,-0.6946583704589974,-0.7193398003386511,1.1499999999999986,open-meteo,2026-08-08T09:50:20+00:00
2026-06-30 18:00:00+00:00,BE,offshore,17.1,76,221.0,5.3,-0.7071067811865475,-0.7071067811865477,16.8,81,180.0,6.3,-0.4226182617406993,-0.90630778703665,17.5,75,193.0,4.2,-0.6946583704589974,-0.7193398003386511,16.8,84,226.0,4.4,-0.6427876096865393,-0.766044443118978,0.9499999999999993,open-meteo,2026-08-08T09:50:20+00:00
2026-06-30 19:00:00+00:00,BE,offshore,17.4,78,131.0,5.4,-0.7193398003386512,-0.6946583704589973,16.8,85,149.0,6.5,-0.43837114678907746,-0.8987940462991669,17.8,71,142.0,5.0,-0.7880107536067221,-0.6156614753256581,17.6,76,102.0,5.7,-0.6018150231520484,-0.7986355100472928,0.6000000000000014,open-meteo,2026-08-08T09:50:20+00:00
2026-06-30 20:00:00+00:00,BE,offshore,17.3,81,36.0,7.4,-0.6427876096865393,-0.766044443118978,16.9,83,44.0,7.6,-0.34202014332566866,-0.9396926207859084,17.7,74,35.0,5.4,-0.6819983600624984,-0.7313537016191706,17.2,73,41.0,6.4,-0.4226182617406993,-0.90630778703665,0.7249999999999979,open-meteo,2026-08-08T09:50:20+00:00
2026-06-30 21:00:00+00:00,BE,offshore,17.7,79,0.0,6.3,-0.6427876096865393,-0.766044443118978,17.1,86,0.0,7.3,-0.43837114678907746,-0.8987940462991669,18.0,77,0.0,4.5,-0.587785252292473,-0.8090169943749475,17.5,80,0.0,6.5,-0.5735764363510462,-0.8191520442889918,0.4250000000000007,open-meteo,2026-08-08T09:50:20+00:00
2026-06-30 22:00:00+00:00,BE,offshore,17.9,81,0.0,8.3,-0.7431448254773944,-0.6691306063588581,17.2,87,0.0,8.6,-0.5446390350150271,-0.838670567945424,18.5,75,0.0,6.0,-0.6018150231520484,-0.7986355100472928,17.6,83,0.0,6.3,-0.6018150231520484,-0.7986355100472928,0.20000000000000284,open-meteo,2026-08-08T09:50:20+00:00
2026-06-30 23:00:00+00:00,BE,offshore,17.1,83,0.0,7.7,-0.7986355100472928,-0.6018150231520483,17.1,88,0.0,8.3,-0.8090169943749473,-0.5877852522924732,18.5,69,0.0,7.1,-0.8571673007021121,-0.5150380749100544,17.2,84,0.0,8.8,-0.882947592858927,-0.46947156278589075,0.5249999999999986,open-meteo,2026-08-08T09:50:20+00:00
2026-07-01 00:00:00+00:00,BE,offshore,17.4,86,0.0,6.7,-0.754709580222772,-0.6560590289905073,17.2,90,0.0,6.4,-0.656059028990507,-0.7547095802227721,17.5,80,0.0,5.1,-0.7771459614569706,-0.6293203910498378,17.3,85,0.0,7.0,-0.6018150231520484,-0.7986355100472928,0.6500000000000021,open-meteo,2026-08-08T09:50:20+00:00
2026-07-01 01:00:00+00:00,BE,offshore,17.5,88,0.0,6.4,-0.848048096156426,-0.529919264233205,17.3,91,0.0,6.4,-0.90630778703665,-0.42261826174069916,17.5,87,0.0,5.7,-0.8386705679454242,-0.544639035015027,17.4,89,0.0,5.2,-0.7986355100472928,-0.6018150231520483,0.5750000000000028,open-meteo,2026-08-08T09:50:20+00:00
2026-07-01 02:00:00+00:00,BE,offshore,17.5,87,0.0,6.8,-0.8290375725550418,-0.5591929034707466,17.2,91,0.0,7.7,-0.8571673007021121,-0.5150380749100544,17.4,89,0.0,6.1,-0.8191520442889916,-0.5735764363510464,17.4,88,0.0,7.0,-0.587785252292473,-0.8090169943749475,0.625,open-meteo,2026-08-08T09:50:20+00:00
2026-07-01 03:00:00+00:00,BE,offshore,17.7,86,0.0,6.9,-0.913545457642601,-0.4067366430758001,17.5,93,0.0,6.1,-0.9848077530122081,0.17364817766692997,17.6,90,0.0,7.1,-0.848048096156426,-0.529919264233205,17.6,89,0.0,7.5,-0.6946583704589974,-0.7193398003386511,0.3999999999999986,open-meteo,2026-08-08T09:50:20+00:00
2026-07-01 04:00:00+00:00,BE,offshore,17.7,90,2.0,6.0,-0.9998476951563913,0.01745240643728313,17.8,86,3.0,6.6,-0.8090169943749476,0.5877852522924729,17.9,86,3.0,6.0,-0.9335804264972015,-0.3583679495453007,17.5,90,3.0,5.3,-0.6427876096865393,-0.766044443118978,0.2749999999999986,open-meteo,2026-08-08T09:50:20+00:00
2026-07-01 05:00:00+00:00,BE,offshore,18.0,92,64.0,5.4,-0.8571673007021123,0.5150380749100542,17.7,92,66.0,4.6,-0.6560590289905074,0.7547095802227719,18.5,89,66.0,6.0,-0.9659258262890684,0.2588190451025203,18.3,85,68.0,6.9,-0.8386705679454243,0.5446390350150266,0.125,open-meteo,2026-08-08T09:50:20+00:00
2026-07-01 06:00:00+00:00,BE,offshore,18.0,89,186.0,6.5,-0.9510565162951536,0.30901699437494723,17.5,91,188.0,5.9,-0.8571673007021123,0.5150380749100542,18.4,85,189.0,7.4,-0.9135454576426011,0.40673664307579976,17.8,89,192.0,7.1,-0.8290375725550416,0.559192903470747,0.07499999999999929,open-meteo,2026-08-08T09:50:20+00:00
2026-07-01 07:00:00+00:00,BE,offshore,18.1,88,337.0,6.2,-0.7986355100472932,0.6018150231520479,17.5,90,338.0,6.8,-0.7193398003386512,0.6946583704589973,18.3,84,341.0,6.1,-0.8910065241883679,0.45399049973954664,17.9,89,342.0,6.8,-0.5877852522924734,0.8090169943749473,0.04999999999999716,open-meteo,2026-08-08T09:50:20+00:00
2026-07-01 08:00:00+00:00,BE,offshore,17.8,92,489.0,4.6,-0.7986355100472932,0.6018150231520479,17.5,93,488.0,5.2,-0.898794046299167,0.4383711467890774,18.0,92,492.0,5.2,-0.9781476007338056,0.20791169081775945,17.9,88,492.0,5.8,-0.9335804264972017,0.3583679495453004,0.20000000000000284,open-meteo,2026-08-08T09:50:20+00:00
2026-07-01 09:00:00+00:00,BE,offshore,17.5,91,630.0,6.2,-0.898794046299167,0.4383711467890774,17.0,93,630.0,7.4,-0.9063077870366498,0.4226182617406996,17.8,88,632.0,7.7,-0.898794046299167,0.4383711467890774,17.3,89,634.0,8.0,-0.9205048534524405,0.3907311284892735,0.6000000000000014,open-meteo,2026-08-08T09:50:20+00:00
2026-07-01 10:00:00+00:00,BE,offshore,17.4,91,748.0,5.8,-0.9135454576426011,0.40673664307579976,16.9,94,746.0,6.7,-0.9659258262890684,0.2588190451025203,17.7,87,749.0,7.4,-0.9271838545667874,0.37460659341591196,17.1,91,743.0,8.0,-0.9510565162951536,0.30901699437494723,0.7250000000000014,open-meteo,2026-08-08T09:50:20+00:00
2026-07-01 11:00:00+00:00,BE,offshore,17.7,89,830.0,5.4,-0.9975640502598243,0.06975647374412522,17.5,92,826.0,6.2,-0.9335804264972015,-0.3583679495453007,18.0,87,832.0,6.9,-0.992546151641322,0.12186934340514768,17.7,89,828.0,7.4,-0.9986295347545738,0.052335956242943946,0.2749999999999986,open-meteo,2026-08-08T09:50:20+00:00
2026-07-01 12:00:00+00:00,BE,offshore,17.4,91,870.0,6.2,-0.9925461516413221,-0.12186934340514717,17.1,95,865.0,4.0,-0.9396926207859084,-0.34202014332566855,17.5,88,871.0,5.7,-0.9816271834476639,0.1908089953765451,17.3,92,866.0,5.3,-0.9993908270190958,-0.03489949670250076,0.6750000000000007,open-meteo,2026-08-08T09:50:20+00:00
2026-07-01 13:00:00+00:00,BE,offshore,17.7,89,864.0,5.2,-0.9925461516413221,-0.12186934340514717,17.2,93,859.0,6.2,-0.9659258262890683,-0.25881904510252063,17.9,86,864.0,5.0,-0.9781476007338056,0.20791169081775945,17.6,90,859.0,7.2,-0.9975640502598242,-0.06975647374412558,0.3999999999999986,open-meteo,2026-08-08T09:50:20+00:00
2026-07-01 14:00:00+00:00,BE,offshore,17.7,91,816.0,6.4,-0.9563047559630353,-0.2923717047227371,17.3,93,812.0,7.1,-0.90630778703665,-0.42261826174069916,18.1,87,814.0,5.4,-0.9945218953682734,-0.10452846326765336,17.6,92,810.0,6.9,-0.9510565162951535,-0.30901699437494756,0.3249999999999993,open-meteo,2026-08-08T09:50:20+00:00
2026-07-01 15:00:00+00:00,BE,offshore,17.6,89,726.0,7.0,-0.9396926207859084,-0.34202014332566855,17.1,93,722.0,7.8,-0.8987940462991668,-0.43837114678907774,17.9,89,723.0,5.4,-0.9902680687415703,-0.13917310096006583,17.5,90,720.0,7.1,-0.9659258262890683,-0.25881904510252063,0.4750000000000014,open-meteo,2026-08-08T09:50:20+00:00
2026-07-01 16:00:00+00:00,BE,offshore,17.8,89,601.0,9.2,-0.961261695938319,-0.2756373558169989,17.2,92,598.0,7.9,-0.882947592858927,-0.46947156278589075,18.1,86,598.0,7.2,-0.9998476951563913,-0.017452406437283498,17.6,89,595.0,8.2,-0.9659258262890683,-0.25881904510252063,0.3249999999999993,open-meteo,2026-08-08T09:50:20+00:00
2026-07-01 17:00:00+00:00,BE,offshore,17.9,90,454.0,9.6,-0.9271838545667873,-0.3746065934159123,17.4,93,437.0,8.9,-0.8660254037844384,-0.5000000000000004,18.4,87,455.0,7.9,-0.984807753012208,-0.17364817766693033,17.8,91,452.0,7.1,-0.961261695938319,-0.2756373558169989,0.125,open-meteo,2026-08-08T09:50:20+00:00
2026-07-01 18:00:00+00:00,BE,offshore,18.1,86,302.0,9.5,-0.9271838545667873,-0.3746065934159123,17.6,89,303.0,10.4,-0.8571673007021121,-0.5150380749100544,18.6,84,299.0,7.5,-0.9743700647852351,-0.22495105434386525,17.9,89,299.0,8.5,-0.9205048534524403,-0.3907311284892738,0.05000000000000071,open-meteo,2026-08-08T09:50:20+00:00
2026-07-01 19:00:00+00:00,BE,offshore,18.2,87,154.0,10.4,-0.90630778703665,-0.42261826174069916,17.7,88,156.0,10.0,-0.8090169943749473,-0.5877852522924732,18.6,84,152.0,9.0,-0.961261695938319,-0.2756373558169989,18.0,87,153.0,9.9,-0.8910065241883678,-0.45399049973954697,0.125,open-meteo,2026-08-08T09:50:20+00:00
2026-07-01 20:00:00+00:00,BE,offshore,18.4,87,41.0,10.6,-0.8571673007021121,-0.5150380749100544,17.9,88,42.0,10.7,-0.8090169943749473,-0.5877852522924732,19.0,83,39.0,10.0,-0.9335804264972015,-0.3583679495453007,18.3,87,39.0,10.6,-0.8660254037844384,-0.5000000000000004,0.3999999999999986,open-meteo,2026-08-08T09:50:20+00:00
2026-07-01 21:00:00+00:00,BE,offshore,18.5,86,0.0,10.7,-0.7660444431189779,-0.6427876096865395,18.1,88,0.0,11.3,-0.6819983600624984,-0.7313537016191706,19.2,79,0.0,10.3,-0.874619707139396,-0.48480962024633684,18.6,84,0.0,11.9,-0.8090169943749473,-0.5877852522924732,0.6000000000000014,open-meteo,2026-08-08T09:50:20+00:00
2026-07-01 22:00:00+00:00,BE,offshore,18.6,85,0.0,10.2,-0.7071067811865475,-0.7071067811865477,17.9,91,0.0,11.2,-0.6691306063588582,-0.7431448254773942,19.3,79,0.0,9.4,-0.7431448254773944,-0.6691306063588581,18.3,88,0.0,10.9,-0.7660444431189779,-0.6427876096865395,0.5249999999999986,open-meteo,2026-08-08T09:50:20+00:00
2026-07-01 23:00:00+00:00,BE,offshore,18.5,86,0.0,10.2,-0.6691306063588582,-0.7431448254773942,18.0,91,0.0,12.1,-0.7071067811865475,-0.7071067811865477,19.0,82,0.0,9.9,-0.7313537016191703,-0.6819983600624986,18.1,91,0.0,10.3,-0.6691306063588582,-0.7431448254773942,0.3999999999999986,open-meteo,2026-08-08T09:50:20+00:00
2026-07-02 00:00:00+00:00,BE,offshore,18.6,84,0.0,12.1,-0.656059028990507,-0.7547095802227721,18.3,88,0.0,12.7,-0.5735764363510462,-0.8191520442889918,18.9,81,0.0,10.2,-0.6293203910498376,-0.7771459614569708,18.5,88,0.0,11.3,-0.5735764363510462,-0.8191520442889918,0.5750000000000028,open-meteo,2026-08-08T09:50:20+00:00
2026-07-02 01:00:00+00:00,BE,offshore,18.6,86,0.0,12.4,-0.7771459614569706,-0.6293203910498378,18.3,88,0.0,12.0,-0.7660444431189779,-0.6427876096865395,19.0,82,0.0,11.0,-0.6819983600624984,-0.7313537016191706,18.6,88,0.0,9.9,-0.7193398003386512,-0.6946583704589973,0.625,open-meteo,2026-08-08T09:50:20+00:00
2026-07-02 02:00:00+00:00,BE,offshore,18.6,86,0.0,13.5,-0.7313537016191703,-0.6819983600624986,18.3,89,0.0,13.0,-0.7071067811865475,-0.7071067811865477,18.9,83,0.0,11.8,-0.6946583704589974,-0.7193398003386511,18.5,88,0.0,12.1,-0.6819983600624984,-0.7313537016191706,0.5750000000000028,open-meteo,2026-08-08T09:50:20+00:00
2026-07-02 03:00:00+00:00,BE,offshore,18.6,82,0.0,14.6,-0.754709580222772,-0.6560590289905073,18.5,83,0.0,14.2,-0.7660444431189779,-0.6427876096865395,19.3,78,0.0,13.1,-0.7313537016191703,-0.6819983600624986,18.9,80,0.0,14.3,-0.7986355100472928,-0.6018150231520483,0.8250000000000028,open-meteo,2026-08-08T09:50:20+00:00
2026-07-02 04:00:00+00:00,BE,offshore,18.6,70,2.0,14.2,-0.8191520442889916,-0.5735764363510464,18.2,73,3.0,13.1,-0.7880107536067221,-0.6156614753256581,18.9,72,2.0,14.7,-0.8290375725550418,-0.5591929034707466,18.4,79,3.0,14.1,-0.7880107536067221,-0.6156614753256581,0.5249999999999986,open-meteo,2026-08-08T09:50:20+00:00
2026-07-02 05:00:00+00:00,BE,offshore,18.5,76,21.0,14.3,-0.7880107536067221,-0.6156614753256581,17.9,76,63.0,13.2,-0.754709580222772,-0.6560590289905073,18.6,78,38.0,13.6,-0.7880107536067221,-0.6156614753256581,18.3,75,65.0,14.0,-0.7880107536067221,-0.6156614753256581,0.3249999999999993,open-meteo,2026-08-08T09:50:20+00:00
2026-07-02 06:00:00+00:00,BE,offshore,18.4,84,161.0,13.3,-0.8571673007021121,-0.5150380749100544,17.6,85,152.0,11.5,-0.913545457642601,-0.4067366430758001,18.6,86,99.0,13.3,-0.8571673007021121,-0.5150380749100544,17.9,84,180.0,13.0,-0.8910065241883678,-0.45399049973954697,0.125,open-meteo,2026-08-08T09:50:20+00:00
2026-07-02 07:00:00+00:00,BE,offshore,18.2,90,100.0,13.3,-0.913545457642601,-0.4067366430758001,17.4,84,138.0,9.8,-0.9271838545667873,-0.3746065934159123,18.5,88,75.0,14.1,-0.913545457642601,-0.4067366430758001,17.8,82,209.0,12.2,-0.9563047559630353,-0.2923717047227371,0.02500000000000213,open-meteo,2026-08-08T09:50:20+00:00
2026-07-02 08:00:00+00:00,BE,offshore,18.5,89,54.0,13.7,-0.90630778703665,-0.42261826174069916,18.3,86,74.0,11.9,-0.913545457642601,-0.4067366430758001,18.7,89,28.0,14.8,-0.913545457642601,-0.4067366430758001,18.1,83,89.0,13.5,-0.8910065241883678,-0.45399049973954697,0.3999999999999986,open-meteo,2026-08-08T09:50:20+00:00
2026-07-02 09:00:00+00:00,BE,offshore,18.1,89,60.0,11.8,-0.8987940462991668,-0.43837114678907774,17.9,88,111.0,13.1,-0.8987940462991668,-0.43837114678907774,18.3,88,42.0,13.7,-0.9335804264972015,-0.3583679495453007,17.9,88,93.0,13.3,-0.8987940462991668,-0.43837114678907774,0.04999999999999716,open-meteo,2026-08-08T09:50:20+00:00
2026-07-02 10:00:00+00:00,BE,offshore,18.3,90,194.0,10.7,-0.874619707139396,-0.48480962024633684,18.0,90,217.0,12.0,-0.9271838545667873,-0.3746065934159123,18.6,88,144.0,12.5,-0.874619707139396,-0.48480962024633684,18.2,87,154.0,13.1,-0.8987940462991668,-0.43837114678907774,0.2749999999999986,open-meteo,2026-08-08T09:50:20+00:00
2026-07-02 11:00:00+00:00,BE,offshore,18.3,91,53.0,12.3,-0.8910065241883678,-0.45399049973954697,18.2,90,779.0,12.8,-0.913545457642601,-0.4067366430758001,18.7,89,198.0,12.7,-0.90630778703665,-0.42261826174069916,18.3,89,563.0,12.1,-0.882947592858927,-0.46947156278589075,0.375,open-meteo,2026-08-08T09:50:20+00:00
2026-07-02 12:00:00+00:00,BE,offshore,18.2,93,707.0,13.4,-0.8571673007021121,-0.5150380749100544,18.2,90,388.0,10.3,-0.9925461516413221,-0.12186934340514717,18.7,90,606.0,14.0,-0.8987940462991668,-0.43837114678907774,18.4,91,418.0,11.8,-0.9510565162951535,-0.30901699437494756,0.375,open-meteo,2026-08-08T09:50:20+00:00
2026-07-02 13:00:00+00:00,BE,offshore,18.4,93,752.0,11.4,-0.8987940462991668,-0.43837114678907774,18.1,92,868.0,9.8,-0.9510565162951535,-0.30901699437494756,18.8,92,418.0,11.4,-0.913545457642601,-0.4067366430758001,18.4,92,755.0,9.9,-0.9396926207859084,-0.34202014332566855,0.42499999999999716,open-meteo,2026-08-08T09:50:20+00:00
2026-07-02 14:00:00+00:00,BE,offshore,18.4,92,808.0,10.6,-0.9271838545667873,-0.3746065934159123,18.1,90,805.0,7.2,-0.9961946980917455,0.08715574274765789,18.9,90,805.0,9.8,-0.9702957262759965,-0.24192189559966779,18.4,91,804.0,7.0,-0.9993908270190958,-0.03489949670250076,0.4499999999999993,open-meteo,2026-08-08T09:50:20+00:00
2026-07-02 15:00:00+00:00,BE,offshore,18.3,92,728.0,9.5,-0.9945218953682734,-0.10452846326765336,17.8,86,732.0,8.4,0.6293203910498374,0.7771459614569709,18.8,90,727.0,9.5,-0.9986295347545738,-0.052335956242944306,18.2,77,726.0,5.7,0.42261826174069944,0.9063077870366499,0.27500000000000213,open-meteo,2026-08-08T09:50:20+00:00
2026-07-02 16:00:00+00:00,BE,offshore,18.5,91,609.0,7.1,-0.9975640502598242,-0.06975647374412558,17.8,79,605.0,5.4,0.6560590289905073,0.754709580222772,19.0,89,603.0,7.5,-0.9335804264972017,0.3583679495453004,18.5,69,601.0,4.8,0.35836794954530027,0.9335804264972017,0.4499999999999993,open-meteo,2026-08-08T09:50:20+00:00
2026-07-02 17:00:00+00:00,BE,offshore,18.3,92,462.0,4.2,-0.5591929034707466,0.8290375725550418,17.9,77,463.0,4.6,0.7986355100472928,0.6018150231520483,19.0,69,457.0,6.4,0.6560590289905073,0.754709580222772,18.5,67,460.0,4.3,0.573576436351046,0.8191520442889918,0.4250000000000007,open-meteo,2026-08-08T09:50:20+00:00
2026-07-02 18:00:00+00:00,BE,offshore,18.5,67,305.0,5.2,0.7771459614569709,0.6293203910498374,18.0,74,307.0,3.6,0.766044443118978,0.6427876096865394,19.1,60,302.0,6.2,0.5150380749100542,0.8571673007021123,18.5,66,304.0,3.6,0.4694715627858908,0.882947592858927,0.5249999999999986,open-meteo,2026-08-08T09:50:20+00:00
2026-07-02 19:00:00+00:00,BE,offshore,18.5,70,159.0,4.8,0.9659258262890683,0.25881904510252074,17.6,78,161.0,2.7,0.992546151641322,0.12186934340514749,19.0,59,156.0,5.2,0.754709580222772,0.6560590289905073,18.2,66,158.0,3.4,0.754709580222772,0.6560590289905073,0.3249999999999993,open-meteo,2026-08-08T09:50:20+00:00
2026-07-02 20:00:00+00:00,BE,offshore,18.6,67,43.0,3.9,0.9986295347545738,-0.05233595624294384,17.6,83,44.0,2.0,0.9975640502598242,0.06975647374412523,19.1,58,40.0,3.8,0.8829475928589269,0.46947156278589086,18.4,65,42.0,2.2,0.7771459614569709,0.6293203910498374,0.4250000000000007,open-meteo,2026-08-08T09:50:20+00:00
2026-07-02 21:00:00+00:00,BE,offshore,18.4,66,0.0,3.0,0.9998476951563913,-0.017452406437283477,17.3,85,0.0,1.0,0.7431448254773942,-0.6691306063588582,18.9,56,0.0,2.7,0.8829475928589269,0.46947156278589086,18.0,66,0.0,1.7,0.9205048534524404,0.3907311284892737,0.14999999999999858,open-meteo,2026-08-08T09:50:20+00:00
2026-07-02 22:00:00+00:00,BE,offshore,18.5,66,0.0,2.9,0.9781476007338057,-0.20791169081775934,17.4,83,0.0,1.6,0.3583679495453002,-0.9335804264972017,18.9,55,0.0,2.6,0.9702957262759965,0.24192189559966767,17.9,69,0.0,0.5,0.9876883405951378,0.15643446504023092,0.17499999999999716,open-meteo,2026-08-08T09:50:20+00:00
2026-07-02 23:00:00+00:00,BE,offshore,18.5,71,0.0,1.7,0.9925461516413221,-0.12186934340514737,17.4,85,0.0,1.1,-0.46947156278589086,-0.8829475928589269,19.1,56,0.0,1.9,0.9063077870366499,0.42261826174069944,17.7,77,0.0,1.6,0.29237170472273677,0.9563047559630354,0.1750000000000007,open-meteo,2026-08-08T09:50:20+00:00
2026-07-03 00:00:00+00:00,BE,offshore,18.2,75,0.0,1.7,-0.9396926207859083,0.342020143325669,17.6,82,0.0,4.4,-0.9563047559630354,0.2923717047227367,18.8,62,0.0,2.6,-0.3255681544571567,0.9455185755993168,17.7,77,0.0,2.6,-0.898794046299167,0.4383711467890774,0.07499999999999929,open-meteo,2026-08-08T09:50:20+00:00
2026-07-03 01:00:00+00:00,BE,offshore,18.4,73,0.0,1.9,-0.9961946980917455,-0.08715574274765825,17.6,82,0.0,3.2,-0.9702957262759966,0.24192189559966745,19.1,56,0.0,1.7,-0.6946583704589976,0.7193398003386509,17.7,79,0.0,3.1,-0.992546151641322,0.12186934340514768,0.1999999999999993,open-meteo,2026-08-08T09:50:20+00:00
2026-07-03 02:00:00+00:00,BE,offshore,18.2,78,0.0,2.3,-0.8910065241883678,-0.45399049973954697,17.6,85,0.0,4.4,-0.9925461516413221,-0.12186934340514717,18.8,60,0.0,0.7,-0.5591929034707466,0.8290375725550418,17.6,80,0.0,2.6,-0.9848077530122081,0.17364817766692997,0.04999999999999716,open-meteo,2026-08-08T09:50:20+00:00
2026-07-03 03:00:00+00:00,BE,offshore,17.9,76,0.0,6.0,-0.8829475928589271,0.4694715627858904,17.3,65,0.0,7.6,-0.529919264233205,0.8480480961564258,17.9,74,0.0,2.6,-0.9510565162951536,0.30901699437494723,17.9,69,0.0,4.8,-0.8660254037844386,0.5000000000000001,0.25,open-meteo,2026-08-08T09:50:20+00:00
2026-07-03 04:00:00+00:00,BE,offshore,17.4,68,2.0,8.1,-0.20791169081775987,0.9781476007338056,16.8,69,2.0,8.3,-0.4694715627858908,0.882947592858927,18.2,74,2.0,4.1,-0.9612616959383188,0.2756373558169994,17.2,68,3.0,7.9,-0.544639035015027,0.838670567945424,0.5999999999999979,open-meteo,2026-08-08T09:50:20+00:00
2026-07-03 05:00:00+00:00,BE,offshore,16.9,67,62.0,7.2,-0.27563735581699894,0.9612616959383189,16.4,69,65.0,7.7,-0.5000000000000004,0.8660254037844384,17.3,70,65.0,7.2,-0.2588190451025207,0.9659258262890683,16.6,69,68.0,7.1,-0.4694715627858908,0.882947592858927,1.2000000000000028,open-meteo,2026-08-08T09:50:20+00:00
2026-07-03 06:00:00+00:00,BE,offshore,16.3,68,185.0,7.5,-0.544639035015027,0.838670567945424,16.0,70,191.0,7.1,-0.7071067811865477,0.7071067811865474,16.7,69,189.0,7.1,-0.5150380749100545,0.8571673007021121,16.3,70,194.0,7.0,-0.6691306063588581,0.7431448254773944,1.6750000000000007,open-meteo,2026-08-08T09:50:20+00:00
2026-07-03 07:00:00+00:00,BE,offshore,16.3,70,292.0,6.5,-0.529919264233205,0.8480480961564258,16.0,70,314.0,6.8,-0.6293203910498378,0.7771459614569706,16.9,71,305.0,6.0,-0.4694715627858908,0.882947592858927,16.4,71,331.0,6.6,-0.6018150231520483,0.7986355100472928,1.6000000000000014,open-meteo,2026-08-08T09:50:20+00:00
2026-07-03 08:00:00+00:00,BE,offshore,16.3,70,420.0,5.1,-0.544639035015027,0.838670567945424,15.9,72,438.0,5.9,-0.5591929034707466,0.8290375725550418,16.6,70,424.0,4.9,-0.5150380749100545,0.8571673007021121,16.1,72,472.0,5.3,-0.6293203910498378,0.7771459614569706,1.7749999999999986,open-meteo,2026-08-08T09:50:20+00:00
2026-07-03 09:00:00+00:00,BE,offshore,15.9,70,554.0,5.6,-0.6427876096865396,0.7660444431189778,15.8,70,621.0,6.1,-0.544639035015027,0.838670567945424,16.2,70,561.0,5.6,-0.7986355100472932,0.6018150231520479,16.0,70,638.0,6.2,-0.6427876096865396,0.7660444431189778,2.0249999999999986,open-meteo,2026-08-08T09:50:20+00:00
2026-07-03 10:00:00+00:00,BE,offshore,15.8,68,732.0,4.6,-0.7660444431189781,0.6427876096865393,15.7,64,762.0,5.0,-0.5877852522924734,0.8090169943749473,16.1,70,738.0,5.3,-0.8571673007021123,0.5150380749100542,15.8,67,757.0,5.2,-0.7431448254773946,0.6691306063588578,2.1499999999999986,open-meteo,2026-08-08T09:50:20+00:00
2026-07-03 11:00:00+00:00,BE,offshore,16.0,68,831.0,4.6,-0.7660444431189781,0.6427876096865393,15.8,62,848.0,3.4,-0.6946583704589976,0.7193398003386509,16.3,71,833.0,5.4,-0.8090169943749476,0.5877852522924729,15.9,67,845.0,5.2,-0.7547095802227722,0.656059028990507,2.0,open-meteo,2026-08-08T09:50:20+00:00
2026-07-03 12:00:00+00:00,BE,offshore,15.9,64,858.0,2.8,-0.8090169943749476,0.5877852522924729,15.8,64,886.0,1.9,-0.992546151641322,0.12186934340514768,16.1,67,874.0,4.3,-0.7431448254773946,0.6691306063588578,15.9,65,890.0,3.1,-0.7880107536067218,0.6156614753256585,2.0749999999999993,open-meteo,2026-08-08T09:50:20+00:00
2026-07-03 13:00:00+00:00,BE,offshore,16.0,61,885.0,2.3,-0.8660254037844386,0.5000000000000001,15.8,60,855.0,1.9,-0.9816271834476639,0.1908089953765451,16.1,63,887.0,2.9,-0.7313537016191703,0.6819983600624987,15.9,63,857.0,3.0,-0.7986355100472932,0.6018150231520479,2.049999999999999,open-meteo,2026-08-08T09:50:20+00:00
2026-07-03 14:00:00+00:00,BE,offshore,16.4,60,828.0,1.9,-0.8386705679454243,0.5446390350150266,16.0,62,830.0,1.3,-0.7071067811865477,0.7071067811865474,16.4,63,832.0,3.3,-0.6946583704589976,0.7193398003386509,16.1,65,826.0,3.0,-0.6427876096865396,0.7660444431189778,1.7749999999999986,open-meteo,2026-08-08T09:50:20+00:00
2026-07-03 15:00:00+00:00,BE,offshore,16.4,62,717.0,1.8,-0.9455185755993168,-0.32556815445715664,16.1,63,735.0,1.4,-0.6156614753256582,-0.788010753606722,16.5,62,727.0,2.0,-0.8571673007021123,0.5150380749100542,16.1,65,732.0,2.1,-0.9135454576426011,0.40673664307579976,1.7250000000000014,open-meteo,2026-08-08T09:50:20+00:00
2026-07-03 16:00:00+00:00,BE,offshore,16.6,59,604.0,1.2,-0.5299192642332048,-0.8480480961564261,16.3,59,577.0,1.2,0.01745240643728344,-0.9998476951563913,16.6,59,604.0,1.3,-0.8571673007021123,0.5150380749100542,16.1,60,598.0,1.1,-0.6427876096865396,0.7660444431189778,1.5999999999999979,open-meteo,2026-08-08T09:50:20+00:00
2026-07-03 17:00:00+00:00,BE,offshore,16.7,60,465.0,1.7,0.2756373558169992,-0.9612616959383189,16.1,63,433.0,2.4,0.48480962024633717,-0.8746197071393957,16.6,60,463.0,0.6,0.08715574274765817,0.9961946980917455,16.1,67,434.0,0.2,0.8571673007021123,0.5150380749100542,1.625,open-meteo,2026-08-08T09:50:20+00:00
2026-07-03 18:00:00+00:00,BE,offshore,17.0,60,307.0,2.2,0.39073112848927377,-0.9205048534524404,16.6,65,296.0,4.2,0.19080899537654497,-0.9816271834476639,16.9,60,301.0,0.6,0.9975640502598242,0.06975647374412523,16.4,63,290.0,1.9,0.19080899537654497,-0.9816271834476639,1.2749999999999986,open-meteo,2026-08-08T09:50:20+00:00
2026-07-03 19:00:00+00:00,BE,offshore,17.3,62,158.0,3.8,0.37460659341591224,-0.9271838545667873,16.8,65,158.0,6.6,0.20791169081775931,-0.9781476007338057,17.0,60,152.0,2.4,0.5150380749100544,-0.8571673007021122,16.5,62,152.0,5.0,0.3090169943749475,-0.9510565162951535,1.1000000000000014,open-meteo,2026-08-08T09:50:20+00:00
2026-07-03 20:00:00+00:00,BE,offshore,17.4,65,41.0,5.2,0.20791169081775931,-0.9781476007338057,17.0,67,43.0,7.4,0.06975647374412552,-0.9975640502598242,17.3,63,39.0,4.6,0.39073112848927377,-0.9205048534524404,16.8,66,40.0,5.5,0.20791169081775931,-0.9781476007338057,0.875,open-meteo,2026-08-08T09:50:20+00:00
2026-07-03 21:00:00+00:00,BE,offshore,18.1,62,0.0,4.6,-0.374606593415912,-0.9271838545667874,17.4,69,0.0,7.6,-0.22495105434386498,-0.9743700647852352,17.8,64,0.0,3.7,1.2246467991473532e-16,-1.0,17.3,68,0.0,6.0,-0.052335956242943564,-0.9986295347545738,0.3500000000000014,open-meteo,2026-08-08T09:50:20+00:00
2026-07-03 22:00:00+00:00,BE,offshore,18.3,75,0.0,7.0,-0.8290375725550418,-0.5591929034707466,17.7,79,0.0,8.7,-0.48480962024633695,-0.8746197071393959,18.8,60,0.0,5.5,-0.46947156278589086,-0.8829475928589269,17.8,67,0.0,7.2,-0.6018150231520484,-0.7986355100472928,0.14999999999999858,open-meteo,2026-08-08T09:50:20+00:00
2026-07-03 23:00:00+00:00,BE,offshore,18.6,74,0.0,8.7,-0.754709580222772,-0.6560590289905073,18.0,81,0.0,10.6,-0.5446390350150271,-0.838670567945424,18.5,74,0.0,6.4,-0.8090169943749473,-0.5877852522924732,18.1,72,0.0,8.4,-0.46947156278589086,-0.8829475928589269,0.3000000000000007,open-meteo,2026-08-08T09:50:20+00:00
2026-07-04 00:00:00+00:00,BE,offshore,18.8,75,0.0,11.4,-0.7313537016191703,-0.6819983600624986,18.4,78,0.0,12.7,-0.6691306063588582,-0.7431448254773942,18.8,72,0.0,8.8,-0.7771459614569706,-0.6293203910498378,18.4,78,0.0,10.5,-0.5000000000000001,-0.8660254037844386,0.6000000000000014,open-meteo,2026-08-08T09:50:20+00:00
2026-07-04 01:00:00+00:00,BE,offshore,18.6,79,0.0,11.2,-0.7193398003386512,-0.6946583704589973,18.1,87,0.0,12.3,-0.8090169943749473,-0.5877852522924732,19.2,73,0.0,10.7,-0.5299192642332048,-0.8480480961564261,18.7,77,0.0,11.9,-0.7071067811865475,-0.7071067811865477,0.6500000000000021,open-meteo,2026-08-08T09:50:20+00:00
2026-07-04 02:00:00+00:00,BE,offshore,18.5,84,0.0,11.7,-0.8660254037844384,-0.5000000000000004,18.1,85,0.0,11.5,-0.9335804264972015,-0.3583679495453007,18.0,77,0.0,9.9,-0.7193398003386512,-0.6946583704589973,18.2,87,0.0,11.3,-0.7660444431189779,-0.6427876096865395,0.1999999999999993,open-meteo,2026-08-08T09:50:20+00:00
2026-07-04 03:00:00+00:00,BE,offshore,18.5,85,0.0,10.9,-0.9205048534524403,-0.3907311284892738,18.1,87,0.0,11.1,-0.9781476007338056,-0.2079116908177598,18.7,79,0.0,10.8,-0.8987940462991668,-0.43837114678907774,18.4,85,0.0,11.4,-0.8987940462991668,-0.43837114678907774,0.42499999999999716,open-meteo,2026-08-08T09:50:20+00:00
2026-07-04 04:00:00+00:00,BE,offshore,18.6,81,2.0,9.9,-0.9335804264972015,-0.3583679495453007,18.6,84,2.0,9.6,-0.9975640502598242,-0.06975647374412558,19.0,81,2.0,10.1,-0.913545457642601,-0.4067366430758001,18.7,84,2.0,10.6,-0.9876883405951377,-0.15643446504023104,0.7250000000000014,open-meteo,2026-08-08T09:50:20+00:00
2026-07-04 05:00:00+00:00,BE,offshore,18.3,81,60.0,9.6,-0.9271838545667873,-0.3746065934159123,18.2,86,62.0,9.1,-0.981627183447664,-0.1908089953765446,18.7,82,62.0,10.0,-0.9205048534524403,-0.3907311284892738,18.4,86,65.0,9.7,-0.984807753012208,-0.17364817766693033,0.3999999999999986,open-meteo,2026-08-08T09:50:20+00:00
2026-07-04 06:00:00+00:00,BE,offshore,18.4,81,183.0,9.8,-0.9455185755993168,-0.32556815445715664,18.2,85,184.0,8.4,-0.9961946980917455,0.08715574274765789,18.8,83,185.0,10.3,-0.9271838545667873,-0.3746065934159123,18.3,86,187.0,8.4,-0.9659258262890683,-0.25881904510252063,0.42499999999999716,open-meteo,2026-08-08T09:50:20+00:00
2026-07-04 07:00:00+00:00,BE,offshore,18.3,82,333.0,9.7,-0.9396926207859084,-0.34202014332566855,18.1,82,334.0,8.1,-0.9945218953682734,-0.10452846326765336,18.8,79,335.0,9.8,-0.9396926207859084,-0.34202014332566855,18.3,85,336.0,8.5,-0.9271838545667873,-0.3746065934159123,0.375,open-meteo,2026-08-08T09:50:20+00:00
2026-07-04 08:00:00+00:00,BE,offshore,18.2,82,488.0,8.0,-0.9659258262890683,-0.25881904510252063,18.0,84,486.0,7.7,-1.0,-1.8369701987210297e-16,18.5,81,490.0,8.5,-0.9659258262890683,-0.25881904510252063,18.3,81,490.0,8.2,-0.9781476007338056,-0.2079116908177598,0.25,open-meteo,2026-08-08T09:50:20+00:00
2026-07-04 09:00:00+00:00,BE,offshore,17.6,84,625.0,8.2,-0.9702957262759965,-0.24192189559966779,17.4,88,621.0,8.2,-0.9986295347545738,-0.052335956242944306,18.0,82,629.0,8.6,-0.9781476007338056,-0.2079116908177598,17.8,85,624.0,8.5,-0.9925461516413221,-0.12186934340514717,0.3000000000000007,open-meteo,2026-08-08T09:50:20+00:00
2026-07-04 10:00:00+00:00,BE,offshore,17.8,83,741.0,9.0,-0.9510565162951535,-0.30901699437494756,17.6,89,738.0,9.8,-0.9702957262759965,-0.24192189559966779,18.0,83,744.0,9.1,-0.9659258262890683,-0.25881904510252063,17.8,87,738.0,9.0,-0.9781476007338056,-0.2079116908177598,0.1999999999999993,open-meteo,2026-08-08T09:50:20+00:00
2026-07-04 11:00:00+00:00,BE,offshore,17.7,84,819.0,9.2,-0.9396926207859084,-0.34202014332566855,17.7,89,816.0,10.4,-0.9271838545667873,-0.3746065934159123,18.0,83,819.0,9.5,-0.9781476007338056,-0.2079116908177598,18.0,87,675.0,9.8,-0.961261695938319,-0.2756373558169989,0.14999999999999858,open-meteo,2026-08-08T09:50:20+00:00
2026-07-04 12:00:00+00:00,BE,offshore,17.9,85,859.0,8.8,-0.8910065241883678,-0.45399049973954697,17.7,89,800.0,10.9,-0.8571673007021121,-0.5150380749100544,18.1,83,863.0,8.9,-0.9563047559630353,-0.2923717047227371,18.0,87,723.0,10.1,-0.8571673007021121,-0.5150380749100544,0.07500000000000284,open-meteo,2026-08-08T09:50:20+00:00
2026-07-04 13:00:00+00:00,BE,offshore,18.0,89,856.0,11.2,-0.8571673007021121,-0.5150380749100544,17.4,90,851.0,12.6,-0.6819983600624984,-0.7313537016191706,18.5,85,857.0,8.7,-0.8987940462991668,-0.43837114678907774,18.0,87,851.0,12.4,-0.874619707139396,-0.48480962024633684,0.02499999999999858,open-meteo,2026-08-08T09:50:20+00:00
2026-07-04 14:00:00+00:00,BE,offshore,17.8,91,777.0,11.2,-0.882947592858927,-0.46947156278589075,17.4,92,804.0,12.6,-0.7771459614569706,-0.6293203910498378,18.6,86,764.0,9.8,-0.90630778703665,-0.42261826174069916,17.8,89,765.0,12.4,-0.7660444431189779,-0.6427876096865395,0.09999999999999787,open-meteo,2026-08-08T09:50:20+00:00
2026-07-04 15:00:00+00:00,BE,offshore,18.0,91,431.0,11.9,-0.90630778703665,-0.42261826174069916,17.5,93,710.0,11.8,-0.7880107536067221,-0.6156614753256581,18.6,88,419.0,10.3,-0.9702957262759965,-0.24192189559966779,17.9,90,705.0,12.4,-0.8386705679454242,-0.544639035015027,0.0,open-meteo,2026-08-08T09:50:20+00:00
2026-07-04 16:00:00+00:00,BE,offshore,17.9,91,361.0,11.7,-0.8660254037844384,-0.5000000000000004,17.5,92,590.0,11.1,-0.7880107536067221,-0.6156614753256581,18.6,87,247.0,11.2,-0.9563047559630353,-0.2923717047227371,17.9,91,585.0,11.9,-0.874619707139396,-0.48480962024633684,0.02499999999999858,open-meteo,2026-08-08T09:50:20+00:00
2026-07-04 17:00:00+00:00,BE,offshore,18.1,92,446.0,12.7,-0.8290375725550418,-0.5591929034707466,17.7,93,446.0,11.1,-0.7431448254773944,-0.6691306063588581,18.9,88,443.0,12.5,-0.9205048534524403,-0.3907311284892738,18.2,91,443.0,12.7,-0.8290375725550418,-0.5591929034707466,0.22499999999999787,open-meteo,2026-08-08T09:50:20+00:00
2026-07-04 18:00:00+00:00,BE,offshore,18.2,92,294.0,13.5,-0.7771459614569706,-0.6293203910498378,17.7,94,151.0,14.8,-0.7193398003386512,-0.6946583704589973,19.2,87,290.0,15.1,-0.882947592858927,-0.46947156278589075,18.2,92,262.0,13.8,-0.7986355100472928,-0.6018150231520483,0.3249999999999993,open-meteo,2026-08-08T09:50:20+00:00
2026-07-04 19:00:00+00:00,BE,offshore,18.4,90,87.0,13.3,-0.7660444431189779,-0.6427876096865395,17.7,93,62.0,11.6,-0.6819983600624984,-0.7313537016191706,19.4,86,134.0,12.5,-0.8910065241883678,-0.45399049973954697,18.1,92,102.0,11.7,-0.8191520442889916,-0.5735764363510464,0.3999999999999986,open-meteo,2026-08-08T09:50:20+00:00
2026-07-04 20:00:00+00:00,BE,offshore,18.3,90,36.0,14.2,-0.7431448254773944,-0.6691306063588581,17.7,93,22.0,10.6,-0.7313537016191703,-0.6819983600624986,19.6,85,37.0,11.6,-0.7660444431189779,-0.6427876096865395,18.1,92,30.0,10.4,-0.7660444431189779,-0.6427876096865395,0.4250000000000007,open-meteo,2026-08-08T09:50:20+00:00
2026-07-04 21:00:00+00:00,BE,offshore,18.1,93,0.0,14.3,-0.8191520442889916,-0.5735764363510464,17.8,93,0.0,5.7,-0.6427876096865396,0.7660444431189778,19.2,86,0.0,13.0,-0.8090169943749473,-0.5877852522924732,17.9,94,0.0,8.6,-0.882947592858927,-0.46947156278589075,0.25,open-meteo,2026-08-08T09:50:20+00:00
2026-07-04 22:00:00+00:00,BE,offshore,18.2,93,0.0,12.4,-0.9510565162951535,-0.30901699437494756,17.7,94,0.0,7.9,-0.8386705679454243,0.5446390350150266,18.9,88,0.0,11.6,-0.9205048534524403,-0.3907311284892738,17.9,94,0.0,9.4,-0.961261695938319,-0.2756373558169989,0.17499999999999716,open-meteo,2026-08-08T09:50:20+00:00
2026-07-04 23:00:00+00:00,BE,offshore,18.7,92,0.0,6.9,-0.7880107536067218,0.6156614753256585,19.6,76,0.0,12.8,-0.7313537016191703,0.6819983600624987,19.0,91,0.0,10.2,-0.9986295347545738,0.052335956242943946,18.4,92,0.0,6.9,-0.5877852522924734,0.8090169943749473,0.9249999999999972,open-meteo,2026-08-08T09:50:20+00:00
2026-07-05 00:00:00+00:00,BE,offshore,18.8,92,0.0,5.9,-0.8571673007021123,0.5150380749100542,18.7,85,0.0,5.6,-0.4694715627858908,0.882947592858927,19.2,91,0.0,7.9,-0.9975640502598243,0.06975647374412522,18.5,92,0.0,7.6,-0.5591929034707466,0.8290375725550418,0.8000000000000007,open-meteo,2026-08-08T09:50:20+00:00
2026-07-05 01:00:00+00:00,BE,offshore,19.4,83,0.0,8.1,-0.6156614753256582,0.7880107536067221,18.5,85,0.0,7.9,-0.6427876096865396,0.7660444431189778,19.6,87,0.0,7.5,-0.7431448254773946,0.6691306063588578,18.8,88,0.0,8.4,-0.529919264233205,0.8480480961564258,1.0749999999999993,open-meteo,2026-08-08T09:50:20+00:00
2026-07-05 02:00:00+00:00,BE,offshore,19.2,83,0.0,7.9,-0.4226182617406992,0.90630778703665,18.9,81,0.0,9.8,-0.5591929034707466,0.8290375725550418,19.7,80,0.0,10.9,-0.37460659341591235,0.9271838545667873,18.9,84,0.0,10.6,-0.6156614753256582,0.7880107536067221,1.1749999999999972,open-meteo,2026-08-08T09:50:20+00:00
2026-07-05 03:00:00+00:00,BE,offshore,18.8,84,0.0,9.6,-0.5591929034707466,0.8290375725550418,18.3,86,0.0,10.6,-0.7771459614569708,0.6293203910498375,19.2,83,0.0,7.4,-0.5591929034707466,0.8290375725550418,18.4,90,0.0,7.3,-0.8660254037844386,0.5000000000000001,0.6749999999999972,open-meteo,2026-08-08T09:50:20+00:00
2026-07-05 04:00:00+00:00,BE,offshore,18.6,86,1.0,8.4,-0.7431448254773946,0.6691306063588578,18.3,85,2.0,8.5,-0.8191520442889918,0.573576436351046,19.1,81,2.0,7.9,-0.6946583704589976,0.7193398003386509,18.6,86,2.0,8.5,-0.7313537016191703,0.6819983600624987,0.6500000000000021,open-meteo,2026-08-08T09:50:20+00:00
2026-07-05 05:00:00+00:00,BE,offshore,18.3,86,57.0,7.3,-0.7071067811865477,0.7071067811865474,18.0,87,54.0,9.4,-0.8386705679454243,0.5446390350150266,18.9,85,54.0,7.8,-0.8571673007021123,0.5150380749100542,18.3,86,59.0,9.4,-0.8829475928589271,0.4694715627858904,0.375,open-meteo,2026-08-08T09:50:20+00:00
2026-07-05 06:00:00+00:00,BE,offshore,18.4,87,174.0,6.6,-0.7986355100472932,0.6018150231520479,17.9,87,143.0,8.8,-0.898794046299167,0.4383711467890774,18.8,81,174.0,8.2,-0.7880107536067218,0.6156614753256585,18.0,86,153.0,8.3,-0.8746197071393956,0.4848096202463373,0.2749999999999986,open-meteo,2026-08-08T09:50:20+00:00
2026-07-05 07:00:00+00:00,BE,offshore,18.3,89,159.0,8.2,-0.8746197071393956,0.4848096202463373,17.8,89,236.0,9.1,-0.9271838545667874,0.37460659341591196,18.7,86,181.0,8.3,-0.9205048534524405,0.3907311284892735,17.9,88,233.0,9.5,-0.9335804264972017,0.3583679495453004,0.17499999999999716,open-meteo,2026-08-08T09:50:20+00:00
2026-07-05 08:00:00+00:00,BE,offshore,18.1,89,173.0,7.8,-0.9271838545667874,0.37460659341591196,17.6,90,336.0,8.5,-0.9702957262759966,0.24192189559966745,18.4,85,149.0,8.3,-0.9063077870366498,0.4226182617406996,17.8,88,207.0,8.4,-0.9563047559630354,0.2923717047227367,0.02499999999999858,open-meteo,2026-08-08T09:50:20+00:00
2026-07-05 09:00:00+00:00,BE,offshore,17.9,85,93.0,7.2,-0.9205048534524405,0.3907311284892735,17.4,88,247.0,7.3,-0.9702957262759966,0.24192189559966745,18.2,82,249.0,7.9,-0.8910065241883679,0.45399049973954664,17.6,85,151.0,8.0,-0.9510565162951536,0.30901699437494723,0.22500000000000142,open-meteo,2026-08-08T09:50:20+00:00
2026-07-05 10:00:00+00:00,BE,offshore,18.1,88,534.0,6.7,-0.9135454576426011,0.40673664307579976,17.5,89,206.0,7.4,-0.9781476007338056,0.20791169081775945,18.4,84,494.0,8.1,-0.9063077870366498,0.4226182617406996,17.8,87,237.0,8.1,-0.9743700647852352,0.22495105434386492,0.05000000000000071,open-meteo,2026-08-08T09:50:20+00:00
2026-07-05 11:00:00+00:00,BE,offshore,18.1,86,659.0,7.1,-0.9396926207859083,0.342020143325669,17.7,88,657.0,7.4,-0.9998476951563913,-0.017452406437283498,18.2,84,669.0,7.7,-0.8746197071393956,0.4848096202463373,17.8,87,528.0,7.7,-0.9781476007338056,0.20791169081775945,0.05000000000000071,open-meteo,2026-08-08T09:50:20+00:00
2026-07-05 12:00:00+00:00,BE,offshore,17.8,87,713.0,6.2,-0.9993908270190958,-0.03489949670250076,17.5,89,759.0,8.5,-0.9743700647852351,-0.22495105434386525,18.0,83,707.0,6.9,-0.992546151641322,0.12186934340514768,17.7,86,338.0,8.1,-0.9876883405951377,-0.15643446504023104,0.25,open-meteo,2026-08-08T09:50:20+00:00
2026-07-05 13:00:00+00:00,BE,offshore,18.3,85,804.0,7.6,-0.945518575599317,0.3255681544571563,17.8,88,650.0,8.1,-0.9702957262759965,-0.24192189559966779,18.6,82,755.0,7.3,-0.9612616959383188,0.2756373558169994,18.0,87,199.0,8.1,-0.9998476951563913,-0.017452406437283498,0.1750000000000007,open-meteo,2026-08-08T09:50:20+00:00
2026-07-05 14:00:00+00:00,BE,offshore,18.2,86,795.0,5.7,-0.9335804264972017,0.3583679495453004,17.9,86,797.0,8.8,-0.9205048534524403,-0.3907311284892738,18.5,82,791.0,6.7,-0.992546151641322,0.12186934340514768,18.1,86,732.0,9.8,-0.9876883405951377,-0.15643446504023104,0.17499999999999716,open-meteo,2026-08-08T09:50:20+00:00
2026-07-05 15:00:00+00:00,BE,offshore,18.0,89,686.0,7.5,-0.9659258262890683,-0.25881904510252063,18.1,84,675.0,8.8,-0.913545457642601,-0.4067366430758001,18.2,87,669.0,7.2,-0.9925461516413221,-0.12186934340514717,18.2,84,634.0,9.4,-0.981627183447664,-0.1908089953765446,0.125,open-meteo,2026-08-08T09:50:20+00:00
2026-07-05 16:00:00+00:00,BE,offshore,18.4,86,534.0,8.9,-0.882947592858927,-0.46947156278589075,18.2,84,366.0,8.1,-0.754709580222772,-0.6560590289905073,18.6,85,530.0,6.4,-0.9781476007338056,-0.2079116908177598,18.5,84,477.0,7.3,-0.9961946980917455,-0.08715574274765825,0.42499999999999716,open-meteo,2026-08-08T09:50:20+00:00
2026-07-05 17:00:00+00:00,BE,offshore,18.5,88,369.0,10.1,-0.874619707139396,-0.48480962024633684,17.9,90,274.0,9.9,-0.7986355100472928,-0.6018150231520483,18.8,87,384.0,7.8,-0.9563047559630353,-0.2923717047227371,18.1,90,259.0,8.9,-0.9205048534524403,-0.3907311284892738,0.32500000000000284,open-meteo,2026-08-08T09:50:20+00:00
2026-07-05 18:00:00+00:00,BE,offshore,18.1,91,254.0,10.4,-0.90630778703665,-0.42261826174069916,17.7,93,182.0,7.4,-0.8290375725550418,-0.5591929034707466,18.7,89,241.0,8.2,-0.9702957262759965,-0.24192189559966779,17.9,92,184.0,7.4,-0.9563047559630353,-0.2923717047227371,0.10000000000000142,open-meteo,2026-08-08T09:50:20+00:00
2026-07-05 19:00:00+00:00,BE,offshore,18.1,91,135.0,11.9,-0.874619707139396,-0.48480962024633684,17.6,93,84.0,7.4,-0.7660444431189779,-0.6427876096865395,18.9,88,130.0,9.4,-0.9396926207859084,-0.34202014332566855,18.0,90,71.0,2.4,-0.8480480961564262,0.5299192642332047,0.14999999999999858,open-meteo,2026-08-08T09:50:20+00:00
2026-07-05 20:00:00+00:00,BE,offshore,18.8,87,25.0,11.9,-0.7071067811865475,-0.7071067811865477,17.9,93,37.0,10.9,-0.6946583704589974,-0.7193398003386511,19.6,85,26.0,11.4,-0.8090169943749473,-0.5877852522924732,18.0,92,33.0,5.1,-0.7771459614569706,-0.6293203910498378,0.5750000000000028,open-meteo,2026-08-08T09:50:20+00:00
2026-07-05 21:00:00+00:00,BE,offshore,18.9,88,0.0,11.0,-0.7193398003386512,-0.6946583704589973,18.2,92,0.0,11.4,-0.7771459614569706,-0.6293203910498378,19.6,85,0.0,10.0,-0.848048096156426,-0.529919264233205,18.4,92,0.0,7.7,-0.8090169943749473,-0.5877852522924732,0.7749999999999986,open-meteo,2026-08-08T09:50:20+00:00
2026-07-05 22:00:00+00:00,BE,offshore,18.8,89,0.0,11.4,-0.7771459614569706,-0.6293203910498378,18.2,93,0.0,11.9,-0.7771459614569706,-0.6293203910498378,19.6,85,0.0,10.3,-0.7880107536067221,-0.6156614753256581,18.3,93,0.0,6.7,-0.8290375725550418,-0.5591929034707466,0.7250000000000014,open-meteo,2026-08-08T09:50:20+00:00
2026-07-05 23:00:00+00:00,BE,offshore,18.5,90,0.0,9.8,-0.656059028990507,-0.7547095802227721,17.9,93,0.0,11.8,-0.6819983600624984,-0.7313537016191706,19.2,86,0.0,9.2,-0.7431448254773944,-0.6691306063588581,18.3,92,0.0,10.7,-0.754709580222772,-0.6560590289905073,0.47499999999999787,open-meteo,2026-08-08T09:50:20+00:00
2026-07-06 00:00:00+00:00,BE,offshore,18.3,92,0.0,10.7,-0.7431448254773944,-0.6691306063588581,18.0,94,0.0,12.5,-0.6946583704589974,-0.7193398003386511,18.9,88,0.0,9.8,-0.7660444431189779,-0.6427876096865395,18.3,92,0.0,11.3,-0.7313537016191703,-0.6819983600624986,0.375,open-meteo,2026-08-08T09:50:20+00:00
2026-07-06 01:00:00+00:00,BE,offshore,18.4,92,0.0,11.0,-0.8386705679454242,-0.544639035015027,18.0,93,0.0,12.4,-0.8090169943749473,-0.5877852522924732,18.7,89,0.0,9.9,-0.8290375725550418,-0.5591929034707466,18.3,93,0.0,12.0,-0.7986355100472928,-0.6018150231520483,0.34999999999999787,open-meteo,2026-08-08T09:50:20+00:00
2026-07-06 02:00:00+00:00,BE,offshore,18.5,93,0.0,11.8,-0.848048096156426,-0.529919264233205,18.1,93,0.0,12.0,-0.9876883405951377,-0.15643446504023104,18.7,91,0.0,11.0,-0.8090169943749473,-0.5877852522924732,18.2,94,0.0,13.4,-0.8660254037844384,-0.5000000000000004,0.375,open-meteo,2026-08-08T09:50:20+00:00
2026-07-06 03:00:00+00:00,BE,offshore,18.8,94,0.0,12.4,-0.8290375725550418,-0.5591929034707466,18.7,93,0.0,11.7,-0.9975640502598242,-0.06975647374412558,19.0,92,0.0,11.9,-0.7986355100472928,-0.6018150231520483,18.7,94,0.0,12.0,-0.9396926207859084,-0.34202014332566855,0.8000000000000007,open-meteo,2026-08-08T09:50:20+00:00
2026-07-06 04:00:00+00:00,BE,offshore,18.9,92,1.0,11.5,-0.9563047559630353,-0.2923717047227371,18.8,91,1.0,10.6,-0.9848077530122081,0.17364817766692997,19.4,90,1.0,11.2,-0.9396926207859084,-0.34202014332566855,19.0,91,1.0,12.9,-0.9986295347545738,0.052335956242943946,1.0249999999999986,open-meteo,2026-08-08T09:50:20+00:00
2026-07-06 05:00:00+00:00,BE,offshore,18.6,91,43.0,11.0,-0.9455185755993168,-0.32556815445715664,18.9,88,32.0,12.9,-0.992546151641322,0.12186934340514768,19.0,90,47.0,11.4,-0.9455185755993168,-0.32556815445715664,18.8,91,30.0,12.3,-0.9986295347545738,0.052335956242943946,0.8249999999999993,open-meteo,2026-08-08T09:50:20+00:00
2026-07-06 06:00:00+00:00,BE,offshore,18.6,92,133.0,12.4,-0.9743700647852351,-0.22495105434386525,18.8,90,99.0,11.9,-0.9986295347545738,0.052335956242943946,19.1,92,120.0,11.6,-0.9510565162951535,-0.30901699437494756,18.7,93,89.0,10.7,-0.9998476951563913,-0.017452406437283498,0.8000000000000007,open-meteo,2026-08-08T09:50:20+00:00
2026-07-06 07:00:00+00:00,BE,offshore,18.7,90,320.0,11.5,-0.9455185755993168,-0.32556815445715664,18.6,91,231.0,10.4,-0.9961946980917455,-0.08715574274765825,19.2,90,309.0,11.0,-0.9205048534524403,-0.3907311284892738,18.7,93,195.0,9.7,-0.9925461516413221,-0.12186934340514717,0.8000000000000007,open-meteo,2026-08-08T09:50:20+00:00
2026-07-06 08:00:00+00:00,BE,offshore,18.3,88,478.0,10.3,-0.8987940462991668,-0.43837114678907774,18.4,91,479.0,10.5,-0.961261695938319,-0.2756373558169989,18.8,88,475.0,10.8,-0.8910065241883678,-0.45399049973954697,18.3,93,424.0,9.7,-0.9455185755993168,-0.32556815445715664,0.4499999999999993,open-meteo,2026-08-08T09:50:20+00:00
2026-07-06 09:00:00+00:00,BE,offshore,18.4,91,625.0,10.5,-0.8910065241883678,-0.45399049973954697,17.9,92,621.0,11.0,-0.9205048534524403,-0.3907311284892738,18.9,89,627.0,10.5,-0.913545457642601,-0.4067366430758001,18.3,91,619.0,11.4,-0.9205048534524403,-0.3907311284892738,0.375,open-meteo,2026-08-08T09:50:20+00:00
2026-07-06 10:00:00+00:00,BE,offshore,18.3,91,741.0,11.3,-0.8386705679454242,-0.544639035015027,17.7,91,736.0,12.2,-0.8386705679454242,-0.544639035015027,18.9,86,742.0,10.5,-0.848048096156426,-0.529919264233205,18.1,90,720.0,12.0,-0.8290375725550418,-0.5591929034707466,0.25,open-meteo,2026-08-08T09:50:20+00:00
2026-07-06 11:00:00+00:00,BE,offshore,18.4,89,808.0,11.6,-0.8386705679454242,-0.544639035015027,18.0,89,748.0,13.2,-0.8290375725550418,-0.5591929034707466,19.0,86,801.0,11.3,-0.8910065241883678,-0.45399049973954697,18.4,87,762.0,11.4,-0.8571673007021121,-0.5150380749100544,0.4499999999999993,open-meteo,2026-08-08T09:50:20+00:00
2026-07-06 12:00:00+00:00,BE,offshore,18.4,90,857.0,12.5,-0.848048096156426,-0.529919264233205,18.0,89,817.0,13.3,-0.754709580222772,-0.6560590289905073,19.1,86,835.0,11.9,-0.913545457642601,-0.4067366430758001,18.2,90,687.0,13.0,-0.7986355100472928,-0.6018150231520483,0.4250000000000007,open-meteo,2026-08-08T09:50:20+00:00
2026-07-06 13:00:00+00:00,BE,offshore,18.7,87,823.0,13.4,-0.7986355100472928,-0.6018150231520483,17.9,91,827.0,14.4,-0.6819983600624984,-0.7313537016191706,19.5,83,841.0,11.8,-0.8386705679454242,-0.544639035015027,18.2,90,837.0,14.0,-0.7660444431189779,-0.6427876096865395,0.5749999999999993,open-meteo,2026-08-08T09:50:20+00:00
2026-07-06 14:00:00+00:00,BE,offshore,18.9,86,731.0,13.8,-0.7660444431189779,-0.6427876096865395,18.0,91,770.0,14.6,-0.6946583704589974,-0.7193398003386511,19.9,83,777.0,12.4,-0.8386705679454242,-0.544639035015027,18.6,88,803.0,14.6,-0.7771459614569706,-0.6293203910498378,0.8500000000000014,open-meteo,2026-08-08T09:50:20+00:00
2026-07-06 15:00:00+00:00,BE,offshore,19.2,82,685.0,15.3,-0.7771459614569706,-0.6293203910498378,17.9,90,713.0,15.0,-0.7071067811865475,-0.7071067811865477,19.9,82,693.0,12.8,-0.8290375725550418,-0.5591929034707466,18.6,86,718.0,16.6,-0.7880107536067221,-0.6156614753256581,0.8999999999999986,open-meteo,2026-08-08T09:50:20+00:00
2026-07-06 16:00:00+00:00,BE,offshore,20.4,76,563.0,15.0,-0.7313537016191703,-0.6819983600624986,18.7,88,574.0,15.7,-0.7193398003386512,-0.6946583704589973,20.9,81,575.0,14.5,-0.8386705679454242,-0.544639035015027,19.5,83,589.0,17.4,-0.7660444431189779,-0.6427876096865395,1.875,open-meteo,2026-08-08T09:50:20+00:00
2026-07-06 17:00:00+00:00,BE,offshore,20.2,75,453.0,15.1,-0.7660444431189779,-0.6427876096865395,18.6,88,453.0,15.0,-0.8191520442889916,-0.5735764363510464,21.8,71,450.0,13.8,-0.7986355100472928,-0.6018150231520483,19.5,81,447.0,15.6,-0.7771459614569706,-0.6293203910498378,2.0249999999999986,open-meteo,2026-08-08T09:50:20+00:00
2026-07-06 18:00:00+00:00,BE,offshore,19.5,81,287.0,13.7,-0.8290375725550418,-0.5591929034707466,18.7,86,277.0,13.6,-0.8660254037844384,-0.5000000000000004,21.5,69,289.0,14.6,-0.8571673007021121,-0.5150380749100544,19.3,84,277.0,16.2,-0.8660254037844384,-0.5000000000000004,1.75,open-meteo,2026-08-08T09:50:20+00:00
2026-07-06 19:00:00+00:00,BE,offshore,19.3,81,145.0,15.9,-0.8660254037844384,-0.5000000000000004,18.7,86,142.0,17.6,-0.8987940462991668,-0.43837114678907774,21.0,69,137.0,15.3,-0.848048096156426,-0.529919264233205,19.0,85,132.0,16.3,-0.8571673007021121,-0.5150380749100544,1.5,open-meteo,2026-08-08T09:50:20+00:00
2026-07-06 20:00:00+00:00,BE,offshore,19.8,77,39.0,16.3,-0.8910065241883678,-0.45399049973954697,19.2,83,40.0,16.2,-0.9396926207859084,-0.34202014332566855,20.9,71,36.0,14.9,-0.8910065241883678,-0.45399049973954697,19.3,85,36.0,17.4,-0.9335804264972015,-0.3583679495453007,1.8000000000000007,open-meteo,2026-08-08T09:50:20+00:00
2026-07-06 21:00:00+00:00,BE,offshore,19.5,81,0.0,17.1,-0.981627183447664,-0.1908089953765446,19.1,86,0.0,12.8,-0.9975640502598242,-0.06975647374412558,20.3,76,0.0,16.1,-0.9455185755993168,-0.32556815445715664,19.4,84,0.0,14.0,-0.9975640502598243,0.06975647374412522,1.5750000000000028,open-meteo,2026-08-08T09:50:20+00:00
2026-07-06 22:00:00+00:00,BE,offshore,19.5,82,0.0,15.5,-0.9945218953682734,-0.10452846326765336,19.4,84,0.0,6.1,-0.9063077870366498,0.4226182617406996,20.2,79,0.0,15.7,-0.9781476007338056,-0.2079116908177598,19.8,82,0.0,8.4,-0.9271838545667874,0.37460659341591196,1.7249999999999979,open-meteo,2026-08-08T09:50:20+00:00
2026-07-06 23:00:00+00:00,BE,offshore,19.5,84,0.0,15.3,-0.9993908270190958,-0.03489949670250076,19.8,81,0.0,5.5,-0.898794046299167,0.4383711467890774,20.1,82,0.0,15.5,-0.9925461516413221,-0.12186934340514717,19.8,84,0.0,4.3,-0.7986355100472932,0.6018150231520479,1.8000000000000007,open-meteo,2026-08-08T09:50:20+00:00
2026-07-07 00:00:00+00:00,BE,offshore,19.6,85,0.0,14.3,-0.9975640502598242,-0.06975647374412558,20.0,82,0.0,10.0,-0.9612616959383188,0.2756373558169994,20.2,83,0.0,13.9,-0.981627183447664,-0.1908089953765446,19.7,86,0.0,3.5,-0.9612616959383188,0.2756373558169994,1.875,open-meteo,2026-08-08T09:50:20+00:00
2026-07-07 01:00:00+00:00,BE,offshore,19.5,85,0.0,13.0,-0.9998476951563913,-0.017452406437283498,18.9,89,0.0,6.4,-0.9945218953682734,0.10452846326765299,20.4,82,0.0,13.1,-0.9961946980917455,-0.08715574274765825,19.2,90,0.0,3.0,-0.874619707139396,-0.48480962024633684,1.5,open-meteo,2026-08-08T09:50:20+00:00
2026-07-07 02:00:00+00:00,BE,offshore,19.6,84,0.0,13.5,-0.9986295347545738,-0.052335956242944306,19.3,86,0.0,6.8,-0.9876883405951378,0.15643446504023067,20.3,82,0.0,13.4,-0.984807753012208,-0.17364817766693033,19.2,90,0.0,0.7,0.3420201433256687,0.9396926207859084,1.6000000000000014,open-meteo,2026-08-08T09:50:20+00:00
2026-07-07 03:00:00+00:00,BE,offshore,19.2,88,0.0,12.5,-0.9961946980917455,-0.08715574274765825,19.6,86,0.0,9.6,-0.9993908270190958,0.03489949670250128,19.9,86,0.0,11.8,-0.9781476007338056,-0.2079116908177598,19.2,89,0.0,6.1,-1.0,-1.8369701987210297e-16,1.4749999999999979,open-meteo,2026-08-08T09:50:20+00:00
2026-07-07 04:00:00+00:00,BE,offshore,19.0,89,1.0,11.9,-0.9925461516413221,-0.12186934340514717,18.7,91,1.0,9.9,-0.9975640502598243,0.06975647374412522,19.7,86,1.0,11.0,-0.9659258262890683,-0.25881904510252063,19.1,90,2.0,9.7,-0.9743700647852352,0.22495105434386492,1.125,open-meteo,2026-08-08T09:50:20+00:00
2026-07-07 05:00:00+00:00,BE,offshore,18.9,89,56.0,11.2,-0.9975640502598242,-0.06975647374412558,18.7,89,58.0,9.2,-0.9961946980917455,0.08715574274765789,19.6,86,57.0,11.5,-0.9975640502598242,-0.06975647374412558,19.1,87,61.0,9.8,-0.9659258262890684,0.2588190451025203,1.0749999999999993,open-meteo,2026-08-08T09:50:20+00:00
2026-07-07 06:00:00+00:00,BE,offshore,18.9,88,136.0,12.4,-0.9902680687415704,0.13917310096006547,19.0,83,124.0,12.2,-0.9702957262759966,0.24192189559966745,19.5,87,144.0,11.6,-0.9975640502598242,-0.06975647374412558,19.1,87,120.0,12.2,-0.9743700647852352,0.22495105434386492,1.125,open-meteo,2026-08-08T09:50:20+00:00
2026-07-07 07:00:00+00:00,BE,offshore,19.4,87,299.0,12.0,-0.9510565162951536,0.30901699437494723,19.1,84,297.0,10.5,-0.9659258262890684,0.2588190451025203,20.1,84,307.0,10.8,-0.9848077530122081,0.17364817766692997,19.4,84,304.0,10.8,-0.9743700647852352,0.22495105434386492,1.5,open-meteo,2026-08-08T09:50:20+00:00
2026-07-07 08:00:00+00:00,BE,offshore,18.8,87,395.0,9.7,-0.992546151641322,0.12186934340514768,18.6,85,388.0,9.7,-0.9781476007338056,0.20791169081775945,19.3,86,431.0,10.0,-0.9902680687415704,0.13917310096006547,18.9,83,417.0,10.4,-0.9781476007338056,0.20791169081775945,0.8999999999999986,open-meteo,2026-08-08T09:50:20+00:00
2026-07-07 09:00:00+00:00,BE,offshore,18.6,87,426.0,9.2,-0.992546151641322,0.12186934340514768,18.3,86,423.0,10.2,-0.9876883405951378,0.15643446504023067,19.2,85,423.0,9.2,-0.9986295347545738,0.052335956242943946,18.4,86,417.0,10.5,-0.9848077530122081,0.17364817766692997,0.625,open-meteo,2026-08-08T09:50:20+00:00
2026-07-07 10:00:00+00:00,BE,offshore,19.0,87,517.0,9.9,-0.9993908270190958,0.03489949670250128,18.7,86,583.0,9.0,-0.9902680687415703,-0.13917310096006583,19.8,84,534.0,9.0,-0.9986295347545738,0.052335956242943946,18.8,85,625.0,9.9,-0.9848077530122081,0.17364817766692997,1.0749999999999993,open-meteo,2026-08-08T09:50:20+00:00
2026-07-07 11:00:00+00:00,BE,offshore,18.7,90,755.0,8.8,-0.9993908270190958,0.03489949670250128,18.5,87,681.0,7.9,-0.9455185755993168,-0.32556815445715664,19.4,86,757.0,8.1,-0.9998476951563913,-0.017452406437283498,18.7,87,661.0,7.4,-0.9993908270190958,0.03489949670250128,0.8249999999999993,open-meteo,2026-08-08T09:50:20+00:00
2026-07-07 12:00:00+00:00,BE,offshore,18.7,88,727.0,7.8,-1.0,-1.8369701987210297e-16,18.6,85,726.0,8.5,-0.9876883405951377,-0.15643446504023104,19.1,87,694.0,9.0,-0.9986295347545738,0.052335956242943946,18.7,86,705.0,9.2,-0.9975640502598242,-0.06975647374412558,0.7749999999999986,open-meteo,2026-08-08T09:50:20+00:00
2026-07-07 13:00:00+00:00,BE,offshore,18.6,90,837.0,8.0,-0.9945218953682734,-0.10452846326765336,18.5,89,843.0,10.2,-0.984807753012208,-0.17364817766693033,19.3,87,816.0,9.0,-0.9998476951563913,0.01745240643728313,18.7,89,837.0,10.8,-0.9925461516413221,-0.12186934340514717,0.7750000000000021,open-meteo,2026-08-08T09:50:20+00:00
2026-07-07 14:00:00+00:00,BE,offshore,18.7,87,767.0,8.0,-0.9702957262759965,-0.24192189559966779,18.1,91,686.0,9.4,-0.981627183447664,-0.1908089953765446,19.2,86,728.0,9.4,-0.9975640502598242,-0.06975647374412558,18.5,90,687.0,9.7,-0.984807753012208,-0.17364817766693033,0.625,open-meteo,2026-08-08T09:50:20+00:00
2026-07-07 15:00:00+00:00,BE,offshore,19.0,88,615.0,9.6,-0.913545457642601,-0.4067366430758001,18.5,88,647.0,3.9,0.224951054343865,0.9743700647852352,19.5,86,683.0,9.4,-0.9743700647852351,-0.22495105434386525,18.8,86,686.0,3.0,0.15643446504023087,0.9876883405951378,0.9499999999999993,open-meteo,2026-08-08T09:50:20+00:00
2026-07-07 16:00:00+00:00,BE,offshore,19.1,89,566.0,8.3,-0.9335804264972015,-0.3583679495453007,18.7,84,579.0,5.3,0.7071067811865475,0.7071067811865476,19.8,87,585.0,9.1,-0.984807753012208,-0.17364817766693033,19.2,81,556.0,4.7,0.27563735581699916,0.9612616959383189,1.1999999999999993,open-meteo,2026-08-08T09:50:20+00:00
2026-07-07 17:00:00+00:00,BE,offshore,19.1,88,421.0,8.0,-0.8660254037844384,-0.5000000000000004,18.7,84,429.0,4.6,0.848048096156426,0.5299192642332049,19.0,90,435.0,5.0,0.0697564737441253,0.9975640502598242,18.9,83,431.0,3.5,0.6156614753256583,0.7880107536067219,0.9249999999999972,open-meteo,2026-08-08T09:50:20+00:00
2026-07-07 18:00:00+00:00,BE,offshore,19.3,84,208.0,3.5,0.766044443118978,0.6427876096865394,18.7,81,265.0,3.6,0.9271838545667874,0.37460659341591196,20.1,75,234.0,5.5,0.6293203910498374,0.7771459614569709,19.0,79,263.0,3.1,0.7431448254773942,0.6691306063588582,1.2749999999999986,open-meteo,2026-08-08T09:50:20+00:00
2026-07-07 19:00:00+00:00,BE,offshore,19.4,80,107.0,3.8,0.7986355100472928,0.6018150231520483,18.5,85,146.0,2.8,0.9961946980917455,0.08715574274765814,19.9,75,112.0,3.6,0.766044443118978,0.6427876096865394,18.8,85,140.0,2.2,0.8829475928589269,0.46947156278589086,1.1499999999999986,open-meteo,2026-08-08T09:50:20+00:00
2026-07-07 20:00:00+00:00,BE,offshore,19.4,82,37.0,5.1,0.9961946980917455,0.08715574274765814,18.6,86,39.0,3.2,0.7986355100472927,-0.6018150231520484,20.0,76,33.0,3.9,0.9563047559630354,0.29237170472273677,19.0,84,37.0,1.8,0.8910065241883679,-0.45399049973954675,1.25,open-meteo,2026-08-08T09:50:20+00:00
2026-07-07 21:00:00+00:00,BE,offshore,19.3,84,0.0,4.2,0.9961946980917455,-0.08715574274765824,18.5,85,0.0,3.1,0.7986355100472927,-0.6018150231520484,19.8,77,0.0,3.0,0.9975640502598242,0.06975647374412523,18.8,84,0.0,2.1,0.838670567945424,-0.5446390350150272,1.0999999999999979,open-meteo,2026-08-08T09:50:20+00:00
2026-07-07 22:00:00+00:00,BE,offshore,19.2,89,0.0,3.5,0.9876883405951378,-0.1564344650402308,18.4,88,0.0,2.0,0.9945218953682733,0.10452846326765346,19.8,81,0.0,2.4,0.9961946980917455,0.08715574274765814,18.6,90,0.0,0.7,0.9876883405951378,0.15643446504023092,1.0,open-meteo,2026-08-08T09:50:20+00:00
2026-07-07 23:00:00+00:00,BE,offshore,19.4,88,0.0,1.6,0.8910065241883679,0.45399049973954686,18.1,92,0.0,1.7,-0.01745240643728356,0.9998476951563913,19.9,86,0.0,1.1,0.9993908270190958,0.03489949670250108,18.5,92,0.0,2.5,-0.3090169943749477,0.9510565162951535,0.9750000000000014,open-meteo,2026-08-08T09:50:20+00:00
2026-07-08 00:00:00+00:00,BE,offshore,19.7,87,0.0,1.6,0.9335804264972017,-0.35836794954530027,18.3,90,0.0,2.8,-0.19080899537654467,0.981627183447664,20.3,84,0.0,0.4,0.40673664307580043,-0.9135454576426008,18.7,85,0.0,3.1,-0.06975647374412564,0.9975640502598242,1.25,open-meteo,2026-08-08T09:50:20+00:00
2026-07-08 01:00:00+00:00,BE,offshore,19.4,90,0.0,0.9,0.5877852522924732,-0.8090169943749473,18.3,89,0.0,2.3,0.0697564737441253,0.9975640502598242,19.9,89,0.0,0.4,-0.8910065241883679,0.45399049973954664,18.7,83,0.0,3.2,-0.15643446504023112,0.9876883405951377,1.0749999999999993,open-meteo,2026-08-08T09:50:20+00:00
2026-07-08 02:00:00+00:00,BE,offshore,19.0,94,0.0,2.0,0.08715574274765817,0.9961946980917455,18.1,92,0.0,3.1,-0.3090169943749477,0.9510565162951535,19.8,88,0.0,2.3,-0.19080899537654467,0.981627183447664,18.5,86,0.0,4.5,-0.24192189559966787,0.9702957262759965,0.8500000000000014,open-meteo,2026-08-08T09:50:20+00:00
2026-07-08 03:00:00+00:00,BE,offshore,18.9,86,0.0,4.8,0.374606593415912,0.9271838545667874,18.5,84,0.0,3.4,0.08715574274765817,0.9961946980917455,19.4,83,0.0,4.5,0.29237170472273677,0.9563047559630354,18.7,79,0.0,4.7,-0.13917310096006588,0.9902680687415703,0.875,open-meteo,2026-08-08T09:50:20+00:00
2026-07-08 04:00:00+00:00,BE,offshore,19.0,84,1.0,3.6,0.24192189559966773,0.9702957262759965,18.2,88,1.0,1.7,-0.8386705679454243,0.5446390350150266,19.3,79,1.0,3.6,0.29237170472273677,0.9563047559630354,18.6,81,1.0,2.4,-0.6560590289905074,0.7547095802227719,0.7749999999999986,open-meteo,2026-08-08T09:50:20+00:00
2026-07-08 05:00:00+00:00,BE,offshore,18.9,86,53.0,3.0,0.25881904510252074,0.9659258262890683,18.2,87,31.0,2.8,-0.3255681544571567,0.9455185755993168,19.3,81,55.0,4.0,0.15643446504023087,0.9876883405951378,18.6,82,38.0,4.0,-0.6293203910498378,0.7771459614569706,0.75,open-meteo,2026-08-08T09:50:20+00:00
2026-07-08 06:00:00+00:00,BE,offshore,19.1,80,171.0,4.3,0.8090169943749475,0.5877852522924731,18.4,84,172.0,2.2,-0.20791169081775987,0.9781476007338056,19.4,76,172.0,2.4,0.25881904510252074,0.9659258262890683,18.8,79,163.0,3.8,-0.544639035015027,0.838670567945424,0.9250000000000007,open-meteo,2026-08-08T09:50:20+00:00
2026-07-08 07:00:00+00:00,BE,offshore,19.1,85,314.0,2.2,0.052335956242943835,0.9986295347545738,18.3,87,250.0,2.1,-0.5000000000000004,0.8660254037844384,19.4,79,315.0,1.7,-0.35836794954530077,0.9335804264972015,18.4,86,155.0,3.3,-0.6946583704589976,0.7193398003386509,0.8000000000000007,open-meteo,2026-08-08T09:50:20+00:00
2026-07-08 08:00:00+00:00,BE,offshore,18.8,83,465.0,2.4,0.43837114678907746,0.898794046299167,17.9,90,349.0,2.2,-0.3255681544571567,0.9455185755993168,19.2,79,441.0,3.1,-0.01745240643728356,0.9998476951563913,18.3,85,337.0,4.8,-0.529919264233205,0.8480480961564258,0.5500000000000007,open-meteo,2026-08-08T09:50:20+00:00
2026-07-08 09:00:00+00:00,BE,offshore,18.7,81,542.0,4.6,0.7313537016191705,0.6819983600624985,17.7,88,403.0,2.1,0.224951054343865,0.9743700647852352,19.0,77,503.0,3.2,0.224951054343865,0.9743700647852352,18.1,84,483.0,3.5,-0.22495105434386534,0.9743700647852351,0.375,open-meteo,2026-08-08T09:50:20+00:00
2026-07-08 10:00:00+00:00,BE,offshore,18.6,84,726.0,2.7,0.8660254037844386,0.5000000000000001,17.6,94,719.0,1.7,0.20791169081775934,0.9781476007338057,19.0,79,727.0,2.7,0.24192189559966773,0.9702957262759965,18.2,85,725.0,3.1,-0.15643446504023112,0.9876883405951377,0.3500000000000014,open-meteo,2026-08-08T09:50:20+00:00
2026-07-08 11:00:00+00:00,BE,offshore,18.6,83,806.0,2.4,0.8571673007021123,0.5150380749100542,17.6,92,793.0,0.3,0.37460659341591224,-0.9271838545667873,19.0,78,809.0,2.5,0.5150380749100542,0.8571673007021123,18.2,82,803.0,1.8,-0.2588190451025207,0.9659258262890683,0.3500000000000014,open-meteo,2026-08-08T09:50:20+00:00
2026-07-08 12:00:00+00:00,BE,offshore,18.6,80,840.0,2.8,0.984807753012208,0.17364817766693041,17.7,87,806.0,0.8,-0.17364817766693047,-0.984807753012208,18.6,81,841.0,1.7,0.5446390350150271,0.838670567945424,18.3,79,803.0,1.2,-0.37460659341591235,0.9271838545667873,0.3000000000000007,open-meteo,2026-08-08T09:50:20+00:00
2026-07-08 13:00:00+00:00,BE,offshore,18.4,82,841.0,1.8,0.8090169943749475,0.5877852522924731,17.5,90,833.0,2.4,0.05233595624294381,-0.9986295347545738,18.7,77,836.0,2.0,0.374606593415912,0.9271838545667874,18.1,81,831.0,1.3,-0.9271838545667873,-0.3746065934159123,0.17499999999999716,open-meteo,2026-08-08T09:50:20+00:00
2026-07-08 14:00:00+00:00,BE,offshore,18.8,83,794.0,1.2,0.9702957262759965,-0.24192189559966779,18.0,89,791.0,2.2,0.45399049973954686,-0.8910065241883678,19.0,78,793.0,2.5,0.766044443118978,0.6427876096865394,18.5,77,788.0,0.6,0.9961946980917455,0.08715574274765814,0.5749999999999993,open-meteo,2026-08-08T09:50:20+00:00
2026-07-08 15:00:00+00:00,BE,offshore,18.6,83,700.0,3.8,0.984807753012208,0.17364817766693041,17.9,87,707.0,2.0,0.9986295347545738,-0.05233595624294384,18.8,81,707.0,3.0,0.838670567945424,0.5446390350150271,18.4,80,707.0,2.3,0.6018150231520483,0.7986355100472928,0.42499999999999716,open-meteo,2026-08-08T09:50:20+00:00
2026-07-08 16:00:00+00:00,BE,offshore,18.9,81,577.0,1.2,0.9335804264972017,0.3583679495453004,18.1,86,581.0,1.6,0.2249510543438652,-0.9743700647852351,19.1,76,576.0,2.0,0.8571673007021123,0.5150380749100542,18.5,76,578.0,0.4,-0.08715574274765794,-0.9961946980917455,0.6499999999999986,open-meteo,2026-08-08T09:50:20+00:00
2026-07-08 17:00:00+00:00,BE,offshore,19.0,84,423.0,3.8,0.9902680687415704,0.13917310096006547,18.2,88,431.0,2.6,0.8987940462991669,-0.4383711467890775,19.4,78,427.0,3.9,0.8746197071393957,0.4848096202463371,18.6,80,434.0,2.2,0.9998476951563913,-0.017452406437283477,0.8000000000000007,open-meteo,2026-08-08T09:50:20+00:00
2026-07-08 18:00:00+00:00,BE,offshore,19.1,85,277.0,4.3,0.981627183447664,0.19080899537654492,18.1,88,290.0,3.5,0.9563047559630355,-0.29237170472273666,19.3,80,284.0,3.4,0.9205048534524404,0.3907311284892737,18.5,83,288.0,3.6,0.9781476007338056,0.20791169081775945,0.75,open-meteo,2026-08-08T09:50:20+00:00
2026-07-08 19:00:00+00:00,BE,offshore,18.8,83,141.0,4.1,0.8746197071393959,-0.484809620246337,18.1,88,138.0,3.7,0.4694715627858907,-0.882947592858927,19.1,76,137.0,3.4,0.9961946980917455,0.08715574274765814,18.6,77,141.0,1.8,0.766044443118978,-0.6427876096865394,0.6500000000000021,open-meteo,2026-08-08T09:50:20+00:00
2026-07-08 20:00:00+00:00,BE,offshore,19.1,87,33.0,5.3,0.9993908270190958,0.03489949670250108,17.9,90,34.0,5.2,0.9925461516413221,-0.12186934340514737,19.5,80,32.0,5.5,0.9335804264972017,0.3583679495453004,18.4,83,31.0,3.6,0.9975640502598242,0.06975647374412523,0.7250000000000014,open-meteo,2026-08-08T09:50:20+00:00
2026-07-08 21:00:00+00:00,BE,offshore,19.8,82,0.0,5.2,1.0,6.123233995736766e-17,18.9,83,0.0,4.7,0.9925461516413221,-0.12186934340514737,19.9,79,0.0,5.8,0.9612616959383189,0.27563735581699916,19.0,80,0.0,3.9,0.9743700647852352,0.22495105434386492,1.3999999999999986,open-meteo,2026-08-08T09:50:20+00:00
2026-07-08 22:00:00+00:00,BE,offshore,19.5,76,0.0,2.7,0.9902680687415704,-0.13917310096006535,19.0,77,0.0,2.8,0.05233595624294381,-0.9986295347545738,19.6,76,0.0,3.4,0.9702957262759965,0.24192189559966767,18.8,75,0.0,2.6,0.9986295347545738,0.052335956242943966,1.2250000000000014,open-meteo,2026-08-08T09:50:20+00:00
2026-07-08 23:00:00+00:00,BE,offshore,19.8,80,0.0,3.8,0.9781476007338057,-0.20791169081775934,19.1,81,0.0,2.9,0.6427876096865395,-0.7660444431189779,19.9,78,0.0,2.4,0.9975640502598242,-0.06975647374412533,19.1,79,0.0,1.9,0.45399049973954686,-0.8910065241883678,1.4750000000000014,open-meteo,2026-08-08T09:50:20+00:00
2026-07-09 00:00:00+00:00,BE,offshore,20.0,81,0.0,2.9,0.9612616959383189,-0.27563735581699905,19.2,82,0.0,2.2,0.3420201433256689,-0.9396926207859083,19.9,79,0.0,2.4,0.9925461516413221,-0.12186934340514737,19.3,81,0.0,1.6,0.6691306063588585,-0.743144825477394,1.6000000000000014,open-meteo,2026-08-08T09:50:20+00:00
2026-07-09 01:00:00+00:00,BE,offshore,19.7,79,0.0,3.1,0.9925461516413221,-0.12186934340514737,19.0,78,0.0,2.8,0.7986355100472927,-0.6018150231520484,19.6,78,0.0,2.3,0.9702957262759965,0.24192189559966767,18.8,76,0.0,1.2,0.9781476007338057,-0.20791169081775934,1.2750000000000021,open-meteo,2026-08-08T09:50:20+00:00
2026-07-09 02:00:00+00:00,BE,offshore,19.9,82,0.0,3.6,0.9659258262890683,-0.25881904510252085,19.1,84,0.0,3.4,0.9135454576426009,-0.40673664307580026,19.6,81,0.0,3.0,0.9961946980917455,-0.08715574274765824,19.1,82,0.0,1.8,0.9975640502598242,-0.06975647374412533,1.4250000000000007,open-meteo,2026-08-08T09:50:20+00:00
2026-07-09 03:00:00+00:00,BE,offshore,19.8,83,0.0,3.9,0.8746197071393959,-0.484809620246337,19.3,84,0.0,3.6,0.8660254037844387,-0.49999999999999983,19.6,82,0.0,3.2,0.9659258262890683,-0.25881904510252085,19.1,82,0.0,2.0,0.984807753012208,-0.1736481776669303,1.4500000000000028,open-meteo,2026-08-08T09:50:20+00:00
2026-07-09 04:00:00+00:00,BE,offshore,19.6,81,1.0,2.9,0.8829475928589269,-0.4694715627858909,19.2,80,1.0,3.2,0.766044443118978,-0.6427876096865394,19.4,80,1.0,2.8,0.9781476007338057,-0.20791169081775934,18.9,78,1.0,2.8,0.9902680687415704,-0.13917310096006535,1.2749999999999986,open-meteo,2026-08-08T09:50:20+00:00
2026-07-09 05:00:00+00:00,BE,offshore,19.6,81,50.0,5.2,0.8910065241883679,-0.45399049973954675,19.5,84,53.0,4.4,0.8191520442889917,-0.5735764363510462,19.4,80,52.0,5.0,0.8910065241883679,-0.45399049973954675,19.2,83,55.0,4.3,0.9335804264972017,-0.35836794954530027,1.4250000000000007,open-meteo,2026-08-08T09:50:20+00:00
2026-07-09 06:00:00+00:00,BE,offshore,19.5,81,168.0,4.3,0.8191520442889917,-0.5735764363510462,19.5,84,166.0,3.8,0.7986355100472927,-0.6018150231520484,19.3,82,172.0,4.4,0.9135454576426009,-0.40673664307580026,19.1,83,174.0,3.7,0.9612616959383189,-0.27563735581699905,1.3500000000000014,open-meteo,2026-08-08T09:50:20+00:00
2026-07-09 07:00:00+00:00,BE,offshore,19.4,80,314.0,4.3,0.8290375725550417,-0.5591929034707467,19.4,80,316.0,4.6,0.8191520442889917,-0.5735764363510462,19.3,80,317.0,3.7,0.7986355100472927,-0.6018150231520484,19.3,79,317.0,3.9,0.9455185755993168,-0.32556815445715664,1.3499999999999979,open-meteo,2026-08-08T09:50:20+00:00
2026-07-09 08:00:00+00:00,BE,offshore,19.3,80,466.0,3.6,0.777145961456971,-0.6293203910498373,19.4,82,465.0,4.6,0.6691306063588585,-0.743144825477394,19.4,78,470.0,3.3,0.8829475928589269,-0.4694715627858909,19.3,82,472.0,3.8,0.7313537016191706,-0.6819983600624984,1.3500000000000014,open-meteo,2026-08-08T09:50:20+00:00
2026-07-09 09:00:00+00:00,BE,offshore,19.2,82,598.0,3.9,0.9612616959383189,-0.27563735581699905,19.2,86,600.0,4.2,0.7547095802227721,-0.6560590289905072,19.3,81,604.0,3.1,1.0,6.123233995736766e-17,19.1,83,603.0,3.1,0.9876883405951378,-0.1564344650402308,1.2000000000000028,open-meteo,2026-08-08T09:50:20+00:00
2026-07-09 10:00:00+00:00,BE,offshore,19.4,81,718.0,3.9,0.9993908270190958,-0.034899496702500955,19.3,85,706.0,4.6,0.8480480961564261,-0.5299192642332048,19.7,80,711.0,3.3,0.9925461516413221,-0.12186934340514737,19.2,83,719.0,3.5,0.8987940462991669,-0.4383711467890775,1.4000000000000021,open-meteo,2026-08-08T09:50:20+00:00
2026-07-09 11:00:00+00:00,BE,offshore,19.3,83,806.0,3.7,0.9975640502598242,0.06975647374412523,19.0,83,803.0,4.6,0.8480480961564261,-0.5299192642332048,19.6,80,813.0,3.9,0.8910065241883679,0.45399049973954686,19.0,81,813.0,2.9,0.9271838545667874,-0.37460659341591207,1.2250000000000014,open-meteo,2026-08-08T09:50:20+00:00
2026-07-09 12:00:00+00:00,BE,offshore,19.4,83,851.0,3.4,0.984807753012208,0.17364817766693041,18.9,85,851.0,3.9,0.90630778703665,-0.42261826174069933,19.3,84,857.0,3.6,0.766044443118978,0.6427876096865394,18.8,84,857.0,2.1,0.9961946980917455,-0.08715574274765824,1.0999999999999979,open-meteo,2026-08-08T09:50:20+00:00
2026-07-09 13:00:00+00:00,BE,offshore,19.5,84,851.0,3.6,0.9510565162951535,0.30901699437494745,19.1,85,847.0,3.4,0.9986295347545738,-0.05233595624294384,19.7,83,853.0,4.5,0.754709580222772,0.6560590289905073,19.1,83,850.0,3.0,0.9063077870366499,0.42261826174069944,1.3500000000000014,open-meteo,2026-08-08T09:50:20+00:00
2026-07-09 14:00:00+00:00,BE,offshore,19.6,85,795.0,2.8,0.9455185755993167,0.32556815445715676,19.1,84,793.0,3.5,0.9659258262890683,-0.25881904510252085,19.8,82,800.0,4.9,0.573576436351046,0.8191520442889918,19.3,80,798.0,3.3,0.9135454576426009,0.4067366430758002,1.4499999999999993,open-meteo,2026-08-08T09:50:20+00:00
2026-07-09 15:00:00+00:00,BE,offshore,19.4,86,703.0,5.0,0.8829475928589269,0.46947156278589086,18.8,87,701.0,3.8,0.992546151641322,0.12186934340514749,19.7,82,705.0,5.4,0.6427876096865393,0.766044443118978,18.9,84,709.0,3.5,0.838670567945424,0.5446390350150271,1.2000000000000028,open-meteo,2026-08-08T09:50:20+00:00
2026-07-09 16:00:00+00:00,BE,offshore,19.6,86,585.0,5.3,0.7986355100472928,0.6018150231520483,19.0,87,541.0,4.1,0.9743700647852352,0.22495105434386492,19.9,82,590.0,6.3,0.5877852522924731,0.8090169943749475,19.1,84,570.0,4.4,0.6293203910498374,0.7771459614569709,1.3999999999999986,open-meteo,2026-08-08T09:50:20+00:00
2026-07-09 17:00:00+00:00,BE,offshore,19.5,85,440.0,6.8,0.788010753606722,0.6156614753256583,19.0,86,438.0,5.0,0.8987940462991669,0.43837114678907746,19.9,83,443.0,7.3,0.5299192642332049,0.848048096156426,19.2,84,433.0,6.0,0.7071067811865475,0.7071067811865476,1.3999999999999986,open-meteo,2026-08-08T09:50:20+00:00
2026-07-09 18:00:00+00:00,BE,offshore,19.6,87,290.0,7.4,0.9396926207859083,0.3420201433256688,19.0,88,294.0,6.6,0.9902680687415704,0.13917310096006547,19.9,83,292.0,7.6,0.754709580222772,0.6560590289905073,19.1,85,292.0,7.0,0.8829475928589269,0.46947156278589086,1.3999999999999986,open-meteo,2026-08-08T09:50:20+00:00
2026-07-09 19:00:00+00:00,BE,offshore,19.6,86,149.0,8.0,0.9063077870366499,0.42261826174069944,18.9,86,126.0,6.7,0.9743700647852352,0.22495105434386492,20.2,82,143.0,8.0,0.766044443118978,0.6427876096865394,19.3,85,127.0,6.8,0.8090169943749475,0.5877852522924731,1.5,open-meteo,2026-08-08T09:50:20+00:00
2026-07-09 20:00:00+00:00,BE,offshore,19.8,88,35.0,9.1,0.9455185755993167,0.32556815445715676,19.0,88,33.0,7.7,0.9876883405951378,0.15643446504023092,20.5,86,34.0,9.1,0.8090169943749475,0.5877852522924731,19.6,87,32.0,7.6,0.8987940462991669,0.43837114678907746,1.7250000000000014,open-meteo,2026-08-08T09:50:20+00:00
2026-07-09 21:00:00+00:00,BE,offshore,20.6,87,0.0,9.6,0.9702957262759965,0.24192189559966767,19.9,88,0.0,8.3,0.9975640502598242,0.06975647374412523,20.9,84,0.0,9.4,0.9135454576426009,0.4067366430758002,20.4,84,0.0,8.4,0.9612616959383189,0.27563735581699916,2.4499999999999993,open-meteo,2026-08-08T09:50:20+00:00
2026-07-09 22:00:00+00:00,BE,offshore,21.1,87,0.0,7.6,0.8660254037844386,0.5000000000000001,20.4,87,0.0,7.8,0.8987940462991669,0.43837114678907746,21.4,87,0.0,8.9,0.9781476007338056,0.20791169081775945,20.8,86,0.0,9.0,0.9563047559630354,0.29237170472273677,2.9250000000000007,open-meteo,2026-08-08T09:50:20+00:00
2026-07-09 23:00:00+00:00,BE,offshore,21.1,90,0.0,8.9,1.0,6.123233995736766e-17,20.5,90,0.0,9.1,0.9961946980917455,-0.08715574274765824,21.6,81,0.0,9.3,0.9993908270190958,0.03489949670250108,21.1,86,0.0,9.6,0.9961946980917455,-0.08715574274765824,3.075000000000003,open-meteo,2026-08-08T09:50:20+00:00
2026-07-10 00:00:00+00:00,BE,offshore,21.1,88,0.0,8.6,0.9998476951563913,0.0174524064372836,20.5,91,0.0,7.7,0.9612616959383189,-0.27563735581699905,21.4,81,0.0,8.3,0.9986295347545738,0.052335956242943966,21.0,87,0.0,7.3,0.9945218953682733,-0.10452846326765355,3.0,open-meteo,2026-08-08T09:50:20+00:00
2026-07-10 01:00:00+00:00,BE,offshore,21.1,84,0.0,8.9,0.9781476007338057,-0.20791169081775934,20.7,88,0.0,8.6,0.9335804264972017,-0.35836794954530027,21.2,79,0.0,8.5,0.9925461516413221,-0.12186934340514737,21.0,84,0.0,7.3,0.9612616959383189,-0.27563735581699905,3.0,open-meteo,2026-08-08T09:50:20+00:00
2026-07-10 02:00:00+00:00,BE,offshore,21.0,84,0.0,10.3,0.9702957262759965,-0.24192189559966779,20.6,87,0.0,8.4,0.9612616959383189,-0.27563735581699905,21.1,79,0.0,9.6,0.9702957262759965,-0.24192189559966779,20.8,83,0.0,8.1,0.9659258262890683,-0.25881904510252085,2.875,open-meteo,2026-08-08T09:50:20+00:00
2026-07-10 03:00:00+00:00,BE,offshore,20.8,82,0.0,7.9,0.9925461516413221,-0.12186934340514737,20.5,84,0.0,7.5,0.9993908270190958,-0.034899496702500955,20.6,80,0.0,8.4,0.9876883405951378,-0.1564344650402308,20.4,82,0.0,7.8,0.9961946980917455,-0.08715574274765824,2.5749999999999993,open-meteo,2026-08-08T09:50:20+00:00
2026-07-10 04:00:00+00:00,BE,offshore,20.9,79,1.0,7.8,0.9925461516413221,-0.12186934340514737,20.5,84,1.0,7.4,0.9998476951563913,-0.017452406437283477,20.6,80,1.0,8.1,0.9986295347545738,-0.05233595624294384,20.4,81,1.0,7.7,0.9998476951563913,-0.017452406437283477,2.6000000000000014,open-meteo,2026-08-08T09:50:20+00:00
2026-07-10 05:00:00+00:00,BE,offshore,20.6,81,46.0,8.1,0.9998476951563913,-0.017452406437283477,20.4,83,45.0,7.9,0.9902680687415704,-0.13917310096006535,20.2,80,51.0,8.6,1.0,6.123233995736766e-17,20.2,81,53.0,8.0,0.9945218953682733,-0.10452846326765355,2.3500000000000014,open-meteo,2026-08-08T09:50:20+00:00
2026-07-10 06:00:00+00:00,BE,offshore,20.1,82,169.0,7.3,0.9945218953682733,-0.10452846326765355,19.8,84,166.0,7.4,0.984807753012208,-0.1736481776669303,19.6,83,173.0,7.5,0.9975640502598242,-0.06975647374412533,19.7,83,176.0,7.5,0.9902680687415704,-0.13917310096006535,1.8000000000000007,open-meteo,2026-08-08T09:50:20+00:00
2026-07-10 07:00:00+00:00,BE,offshore,19.8,83,269.0,6.6,0.9986295347545738,-0.05233595624294384,19.7,83,296.0,6.9,0.9781476007338057,-0.20791169081775934,19.5,82,295.0,6.9,0.9998476951563913,-0.017452406437283477,19.5,84,304.0,6.4,0.9902680687415704,-0.13917310096006535,1.625,open-meteo,2026-08-08T09:50:20+00:00
2026-07-10 08:00:00+00:00,BE,offshore,19.8,82,444.0,6.5,0.9902680687415704,0.13917310096006547,19.7,83,455.0,6.7,0.9986295347545738,-0.05233595624294384,20.1,77,455.0,5.5,0.9702957262759965,0.24192189559966767,19.5,80,435.0,6.7,0.9945218953682733,0.10452846326765346,1.7749999999999986,open-meteo,2026-08-08T09:50:20+00:00
2026-07-10 09:00:00+00:00,BE,offshore,19.6,83,615.0,5.7,0.9455185755993167,0.32556815445715676,19.2,86,615.0,5.8,0.9781476007338056,0.20791169081775945,19.9,81,618.0,5.1,0.848048096156426,0.5299192642332049,19.3,83,610.0,6.1,0.9612616959383189,0.27563735581699916,1.5,open-meteo,2026-08-08T09:50:20+00:00
2026-07-10 10:00:00+00:00,BE,offshore,19.6,86,611.0,6.5,0.8910065241883679,0.45399049973954686,19.1,85,736.0,5.8,0.9781476007338056,0.20791169081775945,20.0,82,665.0,6.5,0.838670567945424,0.5446390350150271,19.4,81,736.0,5.9,0.9563047559630354,0.29237170472273677,1.5249999999999986,open-meteo,2026-08-08T09:50:20+00:00
2026-07-10 11:00:00+00:00,BE,offshore,19.9,83,781.0,6.1,0.838670567945424,0.5446390350150271,19.4,83,826.0,5.2,0.9455185755993167,0.32556815445715676,20.7,81,779.0,6.2,0.8191520442889918,0.573576436351046,19.6,82,825.0,5.3,0.8090169943749475,0.5877852522924731,1.8999999999999986,open-meteo,2026-08-08T09:50:20+00:00
2026-07-10 12:00:00+00:00,BE,offshore,19.8,85,845.0,6.4,0.6946583704589973,0.7193398003386512,19.0,87,854.0,6.0,0.8090169943749475,0.5877852522924731,20.4,82,860.0,7.2,0.5591929034707469,0.8290375725550417,19.5,86,861.0,6.6,0.6819983600624985,0.7313537016191705,1.6749999999999972,open-meteo,2026-08-08T09:50:20+00:00
2026-07-10 13:00:00+00:00,BE,offshore,19.6,86,838.0,8.2,0.6293203910498374,0.7771459614569709,19.0,87,862.0,7.2,0.7071067811865475,0.7071067811865476,20.3,84,752.0,8.5,0.5446390350150271,0.838670567945424,19.4,85,858.0,8.6,0.6293203910498374,0.7771459614569709,1.5750000000000028,open-meteo,2026-08-08T09:50:20+00:00
2026-07-10 14:00:00+00:00,BE,offshore,19.6,88,762.0,9.8,0.5591929034707469,0.8290375725550417,19.1,89,791.0,8.9,0.6560590289905073,0.754709580222772,20.5,85,796.0,9.9,0.5446390350150271,0.838670567945424,19.7,86,793.0,10.3,0.6018150231520483,0.7986355100472928,1.7250000000000014,open-meteo,2026-08-08T09:50:20+00:00
2026-07-10 15:00:00+00:00,BE,offshore,19.7,89,714.0,11.2,0.6946583704589973,0.7193398003386512,19.1,89,717.0,10.1,0.7313537016191705,0.6819983600624985,20.4,85,716.0,11.4,0.6018150231520483,0.7986355100472928,19.6,87,585.0,10.8,0.6427876096865393,0.766044443118978,1.6999999999999993,open-meteo,2026-08-08T09:50:20+00:00
2026-07-10 16:00:00+00:00,BE,offshore,19.9,87,409.0,11.5,0.5877852522924731,0.8090169943749475,19.3,88,589.0,11.0,0.6560590289905073,0.754709580222772,20.5,85,466.0,12.5,0.5877852522924731,0.8090169943749475,19.7,86,557.0,11.5,0.5877852522924731,0.8090169943749475,1.8500000000000014,open-meteo,2026-08-08T09:50:20+00:00
2026-07-10 17:00:00+00:00,BE,offshore,20.1,85,368.0,12.7,0.573576436351046,0.8191520442889918,19.5,86,405.0,12.5,0.6560590289905073,0.754709580222772,20.9,82,421.0,13.3,0.5299192642332049,0.848048096156426,19.9,86,346.0,12.8,0.5591929034707469,0.8290375725550417,2.1000000000000014,open-meteo,2026-08-08T09:50:20+00:00
2026-07-10 18:00:00+00:00,BE,offshore,20.0,88,252.0,12.4,0.6427876096865393,0.766044443118978,19.3,90,280.0,12.4,0.7071067811865475,0.7071067811865476,20.7,86,285.0,12.0,0.573576436351046,0.8191520442889918,19.9,88,287.0,12.1,0.6156614753256583,0.7880107536067219,1.9750000000000014,open-meteo,2026-08-08T09:50:20+00:00
2026-07-10 19:00:00+00:00,BE,offshore,20.0,89,123.0,13.3,0.6946583704589973,0.7193398003386512,19.2,90,112.0,12.6,0.7313537016191705,0.6819983600624985,20.6,88,118.0,12.0,0.6427876096865393,0.766044443118978,19.7,89,117.0,13.0,0.6691306063588582,0.7431448254773942,1.875,open-meteo,2026-08-08T09:50:20+00:00
2026-07-10 20:00:00+00:00,BE,offshore,20.2,89,29.0,12.7,0.6427876096865393,0.766044443118978,19.4,88,37.0,12.9,0.6691306063588582,0.7431448254773942,21.1,87,30.0,12.9,0.6427876096865393,0.766044443118978,20.1,88,32.0,13.4,0.6293203910498374,0.7771459614569709,2.1999999999999993,open-meteo,2026-08-08T09:50:20+00:00
2026-07-10 21:00:00+00:00,BE,offshore,20.6,88,0.0,12.6,0.6819983600624985,0.7313537016191705,19.8,88,0.0,12.7,0.6946583704589973,0.7193398003386512,21.3,87,0.0,12.2,0.6427876096865393,0.766044443118978,20.5,87,0.0,12.3,0.6427876096865393,0.766044443118978,2.5500000000000007,open-meteo,2026-08-08T09:50:20+00:00
2026-07-10 22:00:00+00:00,BE,offshore,20.6,89,0.0,13.0,0.7986355100472928,0.6018150231520483,19.8,89,0.0,12.6,0.7986355100472928,0.6018150231520483,21.4,89,0.0,12.7,0.8571673007021123,0.5150380749100542,20.4,88,0.0,12.2,0.7771459614569709,0.6293203910498374,2.5500000000000007,open-meteo,2026-08-08T09:50:20+00:00
2026-07-10 23:00:00+00:00,BE,offshore,20.6,90,0.0,11.7,0.8290375725550417,0.5591929034707468,19.7,91,0.0,11.3,0.8290375725550417,0.5591929034707468,21.3,90,0.0,9.9,0.8191520442889918,0.573576436351046,20.2,89,0.0,10.7,0.8090169943749475,0.5877852522924731,2.4499999999999993,open-meteo,2026-08-08T09:50:20+00:00
2026-07-11 00:00:00+00:00,BE,offshore,20.8,88,0.0,12.2,0.8191520442889918,0.573576436351046,19.9,90,0.0,11.4,0.838670567945424,0.5446390350150271,21.5,88,0.0,10.6,0.838670567945424,0.5446390350150271,20.4,88,0.0,10.6,0.8290375725550417,0.5591929034707468,2.6499999999999986,open-meteo,2026-08-08T09:50:20+00:00
2026-07-11 01:00:00+00:00,BE,offshore,20.7,90,0.0,10.6,0.8829475928589269,0.46947156278589086,19.8,91,0.0,10.0,0.8987940462991669,0.43837114678907746,21.3,85,0.0,9.8,0.8987940462991669,0.43837114678907746,20.3,89,0.0,9.9,0.8910065241883679,0.45399049973954686,2.5249999999999986,open-meteo,2026-08-08T09:50:20+00:00
2026-07-11 02:00:00+00:00,BE,offshore,20.8,88,0.0,9.6,0.9396926207859083,0.3420201433256688,19.8,92,0.0,9.1,0.9135454576426009,0.4067366430758002,21.0,83,0.0,8.8,0.9510565162951535,0.30901699437494745,20.3,88,0.0,8.6,0.9271838545667874,0.37460659341591196,2.4750000000000014,open-meteo,2026-08-08T09:50:20+00:00
2026-07-11 03:00:00+00:00,BE,offshore,20.5,89,0.0,9.5,0.9396926207859083,0.3420201433256688,19.7,93,0.0,8.8,0.9135454576426009,0.4067366430758002,20.8,84,0.0,8.1,0.9510565162951535,0.30901699437494745,20.2,89,0.0,7.8,0.9205048534524404,0.3907311284892737,2.3000000000000007,open-meteo,2026-08-08T09:50:20+00:00
2026-07-11 04:00:00+00:00,BE,offshore,20.3,88,1.0,8.7,0.9271838545667874,0.37460659341591196,19.6,91,1.0,8.2,0.9205048534524404,0.3907311284892737,20.5,84,1.0,8.0,0.9455185755993167,0.32556815445715676,20.0,87,1.0,7.8,0.9205048534524404,0.3907311284892737,2.1000000000000014,open-meteo,2026-08-08T09:50:20+00:00
2026-07-11 05:00:00+00:00,BE,offshore,20.2,88,44.0,9.2,0.8987940462991669,0.43837114678907746,19.4,92,54.0,8.5,0.8571673007021123,0.5150380749100542,20.3,85,54.0,8.6,0.9335804264972017,0.3583679495453004,19.8,89,56.0,8.7,0.848048096156426,0.5299192642332049,1.9249999999999972,open-meteo,2026-08-08T09:50:20+00:00
2026-07-11 06:00:00+00:00,BE,offshore,20.1,89,165.0,8.3,0.9205048534524404,0.3907311284892737,19.2,92,166.0,8.5,0.848048096156426,0.5299192642332049,20.1,85,176.0,8.0,0.9396926207859083,0.3420201433256688,19.5,91,175.0,7.6,0.8571673007021123,0.5150380749100542,1.7250000000000014,open-meteo,2026-08-08T09:50:20+00:00
2026-07-11 07:00:00+00:00,BE,offshore,20.0,87,325.0,7.3,0.9271838545667874,0.37460659341591196,19.2,90,323.0,8.3,0.8090169943749475,0.5877852522924731,20.0,84,329.0,6.0,0.9510565162951535,0.30901699437494745,19.5,89,304.0,8.0,0.8090169943749475,0.5877852522924731,1.6750000000000007,open-meteo,2026-08-08T09:50:20+00:00
2026-07-11 08:00:00+00:00,BE,offshore,19.7,91,478.0,9.5,0.7431448254773942,0.6691306063588582,17.6,96,421.0,8.9,0.7193398003386511,0.6946583704589973,20.0,88,480.0,8.0,0.7193398003386511,0.6946583704589973,17.9,96,468.0,8.2,0.6946583704589973,0.7193398003386512,0.7999999999999972,open-meteo,2026-08-08T09:50:20+00:00
2026-07-11 09:00:00+00:00,BE,offshore,18.9,95,559.0,9.1,0.6691306063588582,0.7431448254773942,16.9,99,402.0,8.0,0.7431448254773942,0.6691306063588582,19.6,89,625.0,8.5,0.5877852522924731,0.8090169943749475,17.6,98,460.0,7.7,0.6946583704589973,0.7193398003386512,0.25,open-meteo,2026-08-08T09:50:20+00:00
2026-07-11 10:00:00+00:00,BE,offshore,18.1,97,613.0,10.3,0.5446390350150271,0.838670567945424,17.7,92,319.0,9.6,0.5877852522924731,0.8090169943749475,19.0,95,741.0,10.2,0.4539904997395468,0.8910065241883679,17.9,94,364.0,8.7,0.5299192642332049,0.848048096156426,0.17499999999999716,open-meteo,2026-08-08T09:50:20+00:00
2026-07-11 11:00:00+00:00,BE,offshore,18.2,92,622.0,10.4,0.4539904997395468,0.8910065241883679,17.8,89,656.0,9.0,0.5299192642332049,0.848048096156426,18.9,91,819.0,10.5,0.35836794954530027,0.9335804264972017,18.0,89,612.0,9.5,0.49999999999999994,0.8660254037844387,0.22500000000000142,open-meteo,2026-08-08T09:50:20+00:00
2026-07-11 12:00:00+00:00,BE,offshore,18.3,92,692.0,10.5,0.42261826174069944,0.9063077870366499,17.5,89,833.0,9.2,0.573576436351046,0.8191520442889918,18.9,91,859.0,10.2,0.35836794954530027,0.9335804264972017,18.0,89,866.0,9.1,0.49999999999999994,0.8660254037844387,0.17499999999999716,open-meteo,2026-08-08T09:50:20+00:00
2026-07-11 13:00:00+00:00,BE,offshore,18.4,89,859.0,10.3,0.4694715627858908,0.882947592858927,18.0,88,702.0,9.9,0.6156614753256583,0.7880107536067219,19.0,91,835.0,10.2,0.4067366430758002,0.9135454576426009,18.3,86,854.0,10.4,0.5446390350150271,0.838670567945424,0.4250000000000007,open-meteo,2026-08-08T09:50:20+00:00
2026-07-11 14:00:00+00:00,BE,offshore,18.6,88,813.0,11.0,0.39073112848927377,0.9205048534524404,18.1,89,808.0,9.4,0.48480962024633706,0.8746197071393957,19.4,86,810.0,10.6,0.3420201433256687,0.9396926207859084,18.5,87,810.0,9.4,0.48480962024633706,0.8746197071393957,0.6499999999999986,open-meteo,2026-08-08T09:50:20+00:00
2026-07-11 15:00:00+00:00,BE,offshore,18.5,88,716.0,11.9,0.3255681544571567,0.9455185755993168,17.9,90,637.0,10.0,0.39073112848927377,0.9205048534524404,19.5,88,680.0,11.9,0.3420201433256687,0.9396926207859084,18.5,91,720.0,10.7,0.43837114678907746,0.898794046299167,0.6000000000000014,open-meteo,2026-08-08T09:50:20+00:00
2026-07-11 16:00:00+00:00,BE,offshore,18.8,91,596.0,13.0,0.43837114678907746,0.898794046299167,17.9,92,553.0,11.7,0.4694715627858908,0.882947592858927,19.7,89,591.0,13.0,0.4067366430758002,0.9135454576426009,18.4,93,589.0,11.9,0.4694715627858908,0.882947592858927,0.7000000000000028,open-meteo,2026-08-08T09:50:20+00:00
2026-07-11 17:00:00+00:00,BE,offshore,18.5,91,441.0,13.4,0.42261826174069944,0.9063077870366499,17.6,91,330.0,12.7,0.42261826174069944,0.9063077870366499,19.5,88,445.0,13.2,0.374606593415912,0.9271838545667874,18.3,91,439.0,12.1,0.39073112848927377,0.9205048534524404,0.4750000000000014,open-meteo,2026-08-08T09:50:20+00:00
2026-07-11 18:00:00+00:00,BE,offshore,18.6,91,292.0,12.9,0.4067366430758002,0.9135454576426009,17.8,92,241.0,12.4,0.43837114678907746,0.898794046299167,19.7,89,290.0,12.6,0.374606593415912,0.9271838545667874,18.6,91,289.0,12.8,0.4539904997395468,0.8910065241883679,0.6750000000000043,open-meteo,2026-08-08T09:50:20+00:00
2026-07-11 19:00:00+00:00,BE,offshore,18.5,92,147.0,13.7,0.4067366430758002,0.9135454576426009,17.5,94,145.0,12.6,0.48480962024633706,0.8746197071393957,19.6,90,144.0,13.4,0.374606593415912,0.9271838545667874,18.5,92,144.0,12.8,0.43837114678907746,0.898794046299167,0.5249999999999986,open-meteo,2026-08-08T09:50:20+00:00
2026-07-11 20:00:00+00:00,BE,offshore,18.9,91,34.0,13.0,0.49999999999999994,0.8660254037844387,17.6,94,19.0,12.2,0.5299192642332049,0.848048096156426,19.8,89,33.0,12.9,0.4539904997395468,0.8910065241883679,18.7,91,33.0,11.9,0.48480962024633706,0.8746197071393957,0.75,open-meteo,2026-08-08T09:50:20+00:00
2026-07-11 21:00:00+00:00,BE,offshore,19.3,92,0.0,12.0,0.5299192642332049,0.848048096156426,18.1,94,0.0,11.4,0.5877852522924731,0.8090169943749475,20.6,89,0.0,11.3,0.5446390350150271,0.838670567945424,19.2,92,0.0,11.7,0.5877852522924731,0.8090169943749475,1.3000000000000007,open-meteo,2026-08-08T09:50:20+00:00
2026-07-11 22:00:00+00:00,BE,offshore,19.4,92,0.0,12.2,0.5591929034707469,0.8290375725550417,18.0,95,0.0,11.8,0.6560590289905073,0.754709580222772,20.5,90,0.0,11.9,0.5446390350150271,0.838670567945424,19.3,92,0.0,12.3,0.6156614753256583,0.7880107536067219,1.3000000000000007,open-meteo,2026-08-08T09:50:20+00:00
2026-07-11 23:00:00+00:00,BE,offshore,19.3,92,0.0,12.3,0.5591929034707469,0.8290375725550417,17.9,95,0.0,11.7,0.6156614753256583,0.7880107536067219,20.5,90,0.0,11.8,0.5877852522924731,0.8090169943749475,19.1,92,0.0,11.7,0.6018150231520483,0.7986355100472928,1.2000000000000028,open-meteo,2026-08-08T09:50:20+00:00
2026-07-12 00:00:00+00:00,BE,offshore,19.6,92,0.0,12.8,0.6427876096865393,0.766044443118978,18.2,95,0.0,11.9,0.6427876096865393,0.766044443118978,20.6,89,0.0,12.6,0.6156614753256583,0.7880107536067219,19.3,92,0.0,12.1,0.6560590289905073,0.754709580222772,1.4250000000000007,open-meteo,2026-08-08T09:50:20+00:00
2026-07-12 01:00:00+00:00,BE,offshore,19.8,92,0.0,12.6,0.7193398003386511,0.6946583704589973,18.0,96,0.0,12.0,0.7431448254773942,0.6691306063588582,20.7,89,0.0,12.0,0.7313537016191705,0.6819983600624985,19.2,92,0.0,11.9,0.7431448254773942,0.6691306063588582,1.4250000000000007,open-meteo,2026-08-08T09:50:20+00:00
2026-07-12 02:00:00+00:00,BE,offshore,19.9,93,0.0,12.2,0.766044443118978,0.6427876096865394,18.6,94,0.0,12.4,0.7193398003386511,0.6946583704589973,20.9,87,0.0,11.6,0.8191520442889918,0.573576436351046,19.5,91,0.0,12.5,0.7771459614569709,0.6293203910498374,1.7250000000000014,open-meteo,2026-08-08T09:50:20+00:00
2026-07-12 03:00:00+00:00,BE,offshore,19.8,93,0.0,11.4,0.7193398003386511,0.6946583704589973,18.3,95,0.0,11.6,0.7431448254773942,0.6691306063588582,20.7,88,0.0,10.7,0.7771459614569709,0.6293203910498374,19.5,92,0.0,11.4,0.7986355100472928,0.6018150231520483,1.5749999999999993,open-meteo,2026-08-08T09:50:20+00:00
2026-07-12 04:00:00+00:00,BE,offshore,19.8,92,0.0,11.5,0.754709580222772,0.6560590289905073,18.4,95,1.0,11.8,0.6946583704589973,0.7193398003386512,20.6,87,1.0,11.1,0.7771459614569709,0.6293203910498374,19.3,91,1.0,11.7,0.7313537016191705,0.6819983600624985,1.5250000000000021,open-meteo,2026-08-08T09:50:20+00:00
2026-07-12 05:00:00+00:00,BE,offshore,19.8,90,49.0,10.7,0.7986355100472928,0.6018150231520483,18.6,94,49.0,11.7,0.7071067811865475,0.7071067811865476,20.4,82,52.0,9.8,0.8571673007021123,0.5150380749100542,19.4,87,53.0,10.9,0.766044443118978,0.6427876096865394,1.5500000000000007,open-meteo,2026-08-08T09:50:20+00:00
2026-07-12 06:00:00+00:00,BE,offshore,19.7,89,170.0,10.9,0.7771459614569709,0.6293203910498374,18.6,93,170.0,11.8,0.754709580222772,0.6560590289905073,20.1,82,173.0,9.4,0.7986355100472928,0.6018150231520483,19.4,87,173.0,11.0,0.7771459614569709,0.6293203910498374,1.4499999999999993,open-meteo,2026-08-08T09:50:20+00:00
2026-07-12 07:00:00+00:00,BE,offshore,19.8,88,317.0,11.3,0.8090169943749475,0.5877852522924731,18.3,92,296.0,12.1,0.7193398003386511,0.6946583704589973,20.3,83,321.0,9.9,0.8290375725550417,0.5591929034707468,19.1,89,297.0,11.6,0.7193398003386511,0.6946583704589973,1.375,open-meteo,2026-08-08T09:50:20+00:00
2026-07-12 08:00:00+00:00,BE,offshore,19.8,86,470.0,10.5,0.8191520442889918,0.573576436351046,18.6,92,462.0,11.9,0.754709580222772,0.6560590289905073,20.3,79,473.0,8.8,0.7986355100472928,0.6018150231520483,19.3,88,456.0,11.3,0.7771459614569709,0.6293203910498374,1.5,open-meteo,2026-08-08T09:50:20+00:00
2026-07-12 09:00:00+00:00,BE,offshore,20.0,85,616.0,10.9,0.766044443118978,0.6427876096865394,18.8,93,605.0,12.7,0.766044443118978,0.6427876096865394,20.8,79,619.0,9.6,0.7193398003386511,0.6946583704589973,19.5,89,592.0,12.0,0.766044443118978,0.6427876096865394,1.7749999999999986,open-meteo,2026-08-08T09:50:20+00:00
2026-07-12 10:00:00+00:00,BE,offshore,19.7,88,734.0,11.6,0.7313537016191705,0.6819983600624985,18.7,89,662.0,12.2,0.7313537016191705,0.6819983600624985,20.3,84,734.0,11.3,0.6560590289905073,0.754709580222772,19.4,88,636.0,11.4,0.7313537016191705,0.6819983600624985,1.5249999999999986,open-meteo,2026-08-08T09:50:20+00:00
2026-07-12 11:00:00+00:00,BE,offshore,19.7,88,817.0,11.3,0.7193398003386511,0.6946583704589973,18.6,87,772.0,11.2,0.7431448254773942,0.6691306063588582,20.5,84,818.0,11.3,0.6156614753256583,0.7880107536067219,19.4,85,757.0,10.9,0.6691306063588582,0.7431448254773942,1.5499999999999972,open-meteo,2026-08-08T09:50:20+00:00
2026-07-12 12:00:00+00:00,BE,offshore,19.9,89,862.0,12.3,0.6819983600624985,0.7313537016191705,18.8,86,830.0,12.4,0.7193398003386511,0.6946583704589973,20.8,84,862.0,12.2,0.6018150231520483,0.7986355100472928,19.7,81,803.0,11.9,0.6560590289905073,0.754709580222772,1.8000000000000007,open-meteo,2026-08-08T09:50:20+00:00
2026-07-12 13:00:00+00:00,BE,offshore,19.7,84,855.0,13.0,0.6018150231520483,0.7986355100472928,18.6,84,849.0,12.8,0.6691306063588582,0.7431448254773942,20.7,79,853.0,12.9,0.5150380749100542,0.8571673007021123,19.5,79,848.0,12.6,0.6018150231520483,0.7986355100472928,1.625,open-meteo,2026-08-08T09:50:20+00:00
2026-07-12 14:00:00+00:00,BE,offshore,19.9,82,806.0,14.3,0.5591929034707469,0.8290375725550417,18.7,84,802.0,14.1,0.6156614753256583,0.7880107536067219,20.8,78,803.0,14.4,0.48480962024633706,0.8746197071393957,19.6,78,799.0,13.8,0.5591929034707469,0.8290375725550417,1.75,open-meteo,2026-08-08T09:50:20+00:00
2026-07-12 15:00:00+00:00,BE,offshore,19.7,80,716.0,14.6,0.5446390350150271,0.838670567945424,18.6,82,715.0,14.2,0.6018150231520483,0.7986355100472928,20.6,77,712.0,14.7,0.49999999999999994,0.8660254037844387,19.4,78,711.0,14.2,0.5299192642332049,0.848048096156426,1.5749999999999993,open-meteo,2026-08-08T09:50:20+00:00
2026-07-12 16:00:00+00:00,BE,offshore,19.8,77,591.0,15.5,0.5446390350150271,0.838670567945424,18.6,79,565.0,15.2,0.5150380749100542,0.8571673007021123,20.8,73,586.0,15.4,0.5150380749100542,0.8571673007021123,19.4,76,574.0,15.0,0.49999999999999994,0.8660254037844387,1.6499999999999986,open-meteo,2026-08-08T09:50:20+00:00
2026-07-12 17:00:00+00:00,BE,offshore,19.8,77,447.0,15.6,0.5446390350150271,0.838670567945424,18.6,78,432.0,15.7,0.5446390350150271,0.838670567945424,20.9,73,442.0,15.7,0.49999999999999994,0.8660254037844387,19.4,76,428.0,15.5,0.49999999999999994,0.8660254037844387,1.6750000000000007,open-meteo,2026-08-08T09:50:20+00:00
2026-07-12 18:00:00+00:00,BE,offshore,19.9,78,291.0,16.4,0.573576436351046,0.8191520442889918,18.6,78,294.0,16.1,0.5877852522924731,0.8090169943749475,20.8,76,287.0,16.4,0.5446390350150271,0.838670567945424,19.4,76,290.0,16.2,0.5591929034707469,0.8290375725550417,1.6749999999999972,open-meteo,2026-08-08T09:50:20+00:00
2026-07-12 19:00:00+00:00,BE,offshore,19.6,76,146.0,16.3,0.5591929034707469,0.8290375725550417,18.4,79,149.0,15.4,0.6156614753256583,0.7880107536067219,20.4,75,143.0,16.0,0.573576436351046,0.8191520442889918,19.1,75,145.0,15.6,0.5299192642332049,0.848048096156426,1.375,open-meteo,2026-08-08T09:50:20+00:00
2026-07-12 20:00:00+00:00,BE,offshore,19.6,74,34.0,15.4,0.5299192642332049,0.848048096156426,18.3,77,36.0,13.8,0.6018150231520483,0.7986355100472928,20.5,73,32.0,15.3,0.5446390350150271,0.838670567945424,19.2,72,34.0,14.1,0.573576436351046,0.8191520442889918,1.4000000000000021,open-meteo,2026-08-08T09:50:20+00:00
2026-07-12 21:00:00+00:00,BE,offshore,19.7,72,0.0,14.8,0.573576436351046,0.8191520442889918,18.2,75,0.0,13.1,0.5877852522924731,0.8090169943749475,20.4,72,0.0,15.0,0.5446390350150271,0.838670567945424,18.9,71,0.0,13.3,0.573576436351046,0.8191520442889918,1.2999999999999972,open-meteo,2026-08-08T09:50:20+00:00
2026-07-12 22:00:00+00:00,BE,offshore,19.5,74,0.0,14.9,0.6427876096865393,0.766044443118978,18.2,75,0.0,13.9,0.6293203910498374,0.7771459614569709,20.1,73,0.0,14.5,0.6427876096865393,0.766044443118978,18.7,74,0.0,13.4,0.6156614753256583,0.7880107536067219,1.125,open-meteo,2026-08-08T09:50:20+00:00
2026-07-12 23:00:00+00:00,BE,offshore,19.4,74,0.0,14.4,0.6560590289905073,0.754709580222772,18.0,82,0.0,12.9,0.6946583704589973,0.7193398003386512,20.0,74,0.0,14.2,0.6427876096865393,0.766044443118978,18.6,81,0.0,13.1,0.6946583704589973,0.7193398003386512,1.0,open-meteo,2026-08-08T09:50:20+00:00
2026-07-13 00:00:00+00:00,BE,offshore,19.2,77,0.0,14.0,0.6819983600624985,0.7313537016191705,18.0,84,0.0,13.2,0.6946583704589973,0.7193398003386512,19.9,72,0.0,13.6,0.6819983600624985,0.7313537016191705,18.6,82,0.0,13.0,0.7071067811865475,0.7071067811865476,0.9250000000000007,open-meteo,2026-08-08T09:50:20+00:00
2026-07-13 01:00:00+00:00,BE,offshore,19.2,78,0.0,13.5,0.766044443118978,0.6427876096865394,18.3,83,0.0,12.7,0.7313537016191705,0.6819983600624985,19.6,77,0.0,13.5,0.766044443118978,0.6427876096865394,18.8,81,0.0,12.5,0.7431448254773942,0.6691306063588582,0.9750000000000014,open-meteo,2026-08-08T09:50:20+00:00
2026-07-13 02:00:00+00:00,BE,offshore,19.3,82,0.0,13.9,0.7771459614569709,0.6293203910498374,18.2,84,0.0,13.6,0.7071067811865475,0.7071067811865476,19.5,82,0.0,13.3,0.7986355100472928,0.6018150231520483,18.7,83,0.0,12.9,0.7313537016191705,0.6819983600624985,0.9250000000000007,open-meteo,2026-08-08T09:50:20+00:00
2026-07-13 03:00:00+00:00,BE,offshore,19.2,80,0.0,13.7,0.7771459614569709,0.6293203910498374,18.2,84,0.0,12.4,0.7771459614569709,0.6293203910498374,19.1,81,0.0,12.7,0.838670567945424,0.5446390350150271,18.5,83,0.0,11.9,0.788010753606722,0.6156614753256583,0.75,open-meteo,2026-08-08T09:50:20+00:00
2026-07-13 04:00:00+00:00,BE,offshore,19.2,81,0.0,12.3,0.788010753606722,0.6156614753256583,18.3,88,0.0,11.5,0.7071067811865475,0.7071067811865476,19.1,83,0.0,11.3,0.838670567945424,0.5446390350150271,18.8,85,0.0,11.1,0.7431448254773942,0.6691306063588582,0.8500000000000014,open-meteo,2026-08-08T09:50:20+00:00
2026-07-13 05:00:00+00:00,BE,offshore,19.0,84,39.0,11.8,0.754709580222772,0.6560590289905073,18.4,85,17.0,11.9,0.7313537016191705,0.6819983600624985,18.9,83,36.0,10.3,0.8090169943749475,0.5877852522924731,18.7,82,16.0,10.5,0.754709580222772,0.6560590289905073,0.75,open-meteo,2026-08-08T09:50:20+00:00
2026-07-13 06:00:00+00:00,BE,offshore,19.1,81,116.0,12.3,0.7771459614569709,0.6293203910498374,18.2,90,58.0,11.9,0.6427876096865393,0.766044443118978,19.0,81,166.0,11.0,0.8191520442889918,0.573576436351046,18.6,88,71.0,11.2,0.7193398003386511,0.6946583704589973,0.7250000000000014,open-meteo,2026-08-08T09:50:20+00:00
2026-07-13 07:00:00+00:00,BE,offshore,18.9,84,259.0,12.2,0.7313537016191705,0.6819983600624985,17.9,88,78.0,10.8,0.7431448254773942,0.6691306063588582,18.9,85,298.0,11.6,0.7313537016191705,0.6819983600624985,18.3,87,71.0,10.4,0.7313537016191705,0.6819983600624985,0.5,open-meteo,2026-08-08T09:50:20+00:00
2026-07-13 08:00:00+00:00,BE,offshore,19.3,81,259.0,10.1,0.7431448254773942,0.6691306063588582,18.2,88,92.0,10.6,0.6293203910498374,0.7771459614569709,19.3,79,357.0,10.0,0.766044443118978,0.6427876096865394,18.6,86,120.0,10.4,0.6560590289905073,0.754709580222772,0.8500000000000014,open-meteo,2026-08-08T09:50:20+00:00
2026-07-13 09:00:00+00:00,BE,offshore,18.8,84,600.0,12.4,0.7313537016191705,0.6819983600624985,17.9,92,426.0,10.1,0.6691306063588582,0.7431448254773942,18.9,83,599.0,11.8,0.7313537016191705,0.6819983600624985,18.5,87,357.0,10.0,0.6946583704589973,0.7193398003386512,0.5249999999999986,open-meteo,2026-08-08T09:50:20+00:00
2026-07-13 10:00:00+00:00,BE,offshore,18.6,86,595.0,12.6,0.7193398003386511,0.6946583704589973,17.7,92,236.0,10.4,0.6560590289905073,0.754709580222772,18.7,85,725.0,11.6,0.6560590289905073,0.754709580222772,18.3,90,354.0,10.1,0.7193398003386511,0.6946583704589973,0.3249999999999993,open-meteo,2026-08-08T09:50:20+00:00
2026-07-13 11:00:00+00:00,BE,offshore,18.8,85,683.0,10.9,0.6946583704589973,0.7193398003386512,17.8,92,221.0,9.5,0.6156614753256583,0.7880107536067219,19.0,84,797.0,10.9,0.5877852522924731,0.8090169943749475,18.4,90,250.0,9.3,0.6427876096865393,0.766044443118978,0.5,open-meteo,2026-08-08T09:50:20+00:00
2026-07-13 12:00:00+00:00,BE,offshore,18.9,86,844.0,11.7,0.5299192642332049,0.848048096156426,17.7,92,439.0,11.4,0.5446390350150271,0.838670567945424,19.2,84,853.0,11.6,0.48480962024633706,0.8746197071393957,18.2,91,544.0,11.2,0.5446390350150271,0.838670567945424,0.5,open-meteo,2026-08-08T09:50:20+00:00
2026-07-13 13:00:00+00:00,BE,offshore,18.7,85,841.0,12.9,0.43837114678907746,0.898794046299167,17.8,88,456.0,11.4,0.5150380749100542,0.8571673007021123,19.2,84,843.0,12.7,0.39073112848927377,0.9205048534524404,18.3,84,708.0,11.2,0.4539904997395468,0.8910065241883679,0.5,open-meteo,2026-08-08T09:50:20+00:00
2026-07-13 14:00:00+00:00,BE,offshore,18.9,85,766.0,12.7,0.4067366430758002,0.9135454576426009,18.1,88,768.0,11.8,0.48480962024633706,0.8746197071393957,19.6,84,716.0,12.6,0.374606593415912,0.9271838545667874,18.6,87,817.0,11.6,0.42261826174069944,0.9063077870366499,0.8000000000000007,open-meteo,2026-08-08T09:50:20+00:00
2026-07-13 15:00:00+00:00,BE,offshore,18.8,86,624.0,12.5,0.4694715627858908,0.882947592858927,17.9,90,720.0,13.2,0.5150380749100542,0.8571673007021123,19.4,85,632.0,12.6,0.4539904997395468,0.8910065241883679,18.3,89,721.0,13.0,0.4694715627858908,0.882947592858927,0.6000000000000014,open-meteo,2026-08-08T09:50:20+00:00
2026-07-13 16:00:00+00:00,BE,offshore,18.9,85,577.0,12.9,0.42261826174069944,0.9063077870366499,18.0,91,594.0,12.9,0.374606593415912,0.9271838545667874,19.6,83,568.0,12.7,0.374606593415912,0.9271838545667874,18.6,88,601.0,12.8,0.35836794954530027,0.9335804264972017,0.7749999999999986,open-meteo,2026-08-08T09:50:20+00:00
2026-07-13 17:00:00+00:00,BE,offshore,19.1,88,445.0,13.9,0.4694715627858908,0.882947592858927,18.0,91,425.0,13.0,0.43837114678907746,0.898794046299167,19.9,83,447.0,13.5,0.4694715627858908,0.882947592858927,18.7,90,453.0,13.1,0.4067366430758002,0.9135454576426009,0.9250000000000007,open-meteo,2026-08-08T09:50:20+00:00
2026-07-13 18:00:00+00:00,BE,offshore,19.2,85,220.0,12.8,0.5299192642332049,0.848048096156426,18.0,91,283.0,13.2,0.5299192642332049,0.848048096156426,19.9,83,238.0,13.0,0.49999999999999994,0.8660254037844387,18.8,86,289.0,13.1,0.49999999999999994,0.8660254037844387,0.9750000000000014,open-meteo,2026-08-08T09:50:20+00:00
2026-07-13 19:00:00+00:00,BE,offshore,18.9,88,133.0,13.0,0.4539904997395468,0.8910065241883679,17.7,91,126.0,13.2,0.42261826174069944,0.9063077870366499,19.7,86,140.0,13.1,0.39073112848927377,0.9205048534524404,18.6,90,150.0,13.1,0.35836794954530027,0.9335804264972017,0.7250000000000014,open-meteo,2026-08-08T09:50:20+00:00
2026-07-13 20:00:00+00:00,BE,offshore,18.4,90,34.0,13.9,0.4067366430758002,0.9135454576426009,17.5,92,23.0,12.6,0.4694715627858908,0.882947592858927,19.2,86,31.0,13.5,0.374606593415912,0.9271838545667874,18.1,89,32.0,12.5,0.42261826174069944,0.9063077870366499,0.29999999999999716,open-meteo,2026-08-08T09:50:20+00:00
2026-07-13 21:00:00+00:00,BE,offshore,18.9,87,0.0,13.3,0.39073112848927377,0.9205048534524404,18.2,88,0.0,12.0,0.43837114678907746,0.898794046299167,19.7,86,0.0,13.2,0.374606593415912,0.9271838545667874,19.0,87,0.0,12.0,0.4067366430758002,0.9135454576426009,0.9499999999999993,open-meteo,2026-08-08T09:50:20+00:00
2026-07-13 22:00:00+00:00,BE,offshore,19.1,90,0.0,11.3,0.4694715627858908,0.882947592858927,18.2,91,0.0,11.5,0.4067366430758002,0.9135454576426009,19.9,88,0.0,11.0,0.5299192642332049,0.848048096156426,19.0,90,0.0,11.0,0.4539904997395468,0.8910065241883679,1.0499999999999972,open-meteo,2026-08-08T09:50:20+00:00
2026-07-13 23:00:00+00:00,BE,offshore,18.8,90,0.0,10.9,0.5150380749100542,0.8571673007021123,17.8,91,0.0,10.3,0.4067366430758002,0.9135454576426009,19.8,88,0.0,10.4,0.573576436351046,0.8191520442889918,18.6,90,0.0,9.9,0.43837114678907746,0.898794046299167,0.75,open-meteo,2026-08-08T09:50:20+00:00
2026-07-14 00:00:00+00:00,BE,offshore,19.4,90,0.0,10.2,0.49999999999999994,0.8660254037844387,18.3,92,0.0,9.9,0.5446390350150271,0.838670567945424,20.1,88,0.0,9.9,0.48480962024633706,0.8746197071393957,19.1,89,0.0,9.8,0.4694715627858908,0.882947592858927,1.2250000000000014,open-meteo,2026-08-08T09:50:20+00:00
2026-07-14 01:00:00+00:00,BE,offshore,19.2,92,0.0,9.7,0.43837114678907746,0.898794046299167,18.2,93,0.0,9.7,0.4067366430758002,0.9135454576426009,19.8,91,0.0,9.3,0.5150380749100542,0.8571673007021123,19.0,93,0.0,9.3,0.49999999999999994,0.8660254037844387,1.0500000000000007,open-meteo,2026-08-08T09:50:20+00:00
2026-07-14 02:00:00+00:00,BE,offshore,19.2,92,0.0,9.3,0.35836794954530027,0.9335804264972017,18.4,94,0.0,9.9,0.3090169943749474,0.9510565162951535,20.0,90,0.0,8.5,0.3420201433256687,0.9396926207859084,19.2,91,0.0,10.1,0.43837114678907746,0.898794046299167,1.1999999999999993,open-meteo,2026-08-08T09:50:20+00:00
2026-07-14 03:00:00+00:00,BE,offshore,19.5,91,0.0,10.3,0.3420201433256687,0.9396926207859084,18.7,94,0.0,9.9,0.42261826174069944,0.9063077870366499,20.1,91,0.0,10.3,0.39073112848927377,0.9205048534524404,19.5,93,0.0,9.7,0.4539904997395468,0.8910065241883679,1.4500000000000028,open-meteo,2026-08-08T09:50:20+00:00
2026-07-14 04:00:00+00:00,BE,offshore,19.2,94,0.0,9.1,0.42261826174069944,0.9063077870366499,18.8,93,0.0,9.3,0.5299192642332049,0.848048096156426,19.8,93,0.0,9.6,0.5150380749100542,0.8571673007021123,19.5,92,0.0,8.9,0.5150380749100542,0.8571673007021123,1.3249999999999993,open-meteo,2026-08-08T09:50:20+00:00
2026-07-14 05:00:00+00:00,BE,offshore,19.2,93,22.0,9.3,0.35836794954530027,0.9335804264972017,18.4,95,44.0,10.1,0.35836794954530027,0.9335804264972017,19.8,92,43.0,9.9,0.3255681544571567,0.9455185755993168,19.1,94,51.0,9.5,0.4067366430758002,0.9135454576426009,1.125,open-meteo,2026-08-08T09:50:20+00:00
2026-07-14 06:00:00+00:00,BE,offshore,19.3,94,129.0,10.1,0.3255681544571567,0.9455185755993168,18.6,94,147.0,10.1,0.3420201433256687,0.9396926207859084,19.9,91,173.0,9.6,0.27563735581699916,0.9612616959383189,19.5,93,168.0,9.5,0.48480962024633706,0.8746197071393957,1.3250000000000028,open-meteo,2026-08-08T09:50:20+00:00
2026-07-14 07:00:00+00:00,BE,offshore,19.6,92,292.0,8.8,0.374606593415912,0.9271838545667874,18.7,94,315.0,10.5,0.43837114678907746,0.898794046299167,20.1,90,309.0,9.0,0.35836794954530027,0.9335804264972017,19.6,93,320.0,9.1,0.5446390350150271,0.838670567945424,1.5,open-meteo,2026-08-08T09:50:20+00:00
2026-07-14 08:00:00+00:00,BE,offshore,19.6,92,459.0,6.1,0.766044443118978,0.6427876096865394,18.7,96,467.0,8.6,0.573576436351046,0.8191520442889918,20.1,88,476.0,6.0,0.5446390350150271,0.838670567945424,19.5,91,473.0,7.4,0.6946583704589973,0.7193398003386512,1.4750000000000014,open-meteo,2026-08-08T09:50:20+00:00
2026-07-14 09:00:00+00:00,BE,offshore,19.6,91,589.0,6.5,0.8987940462991669,0.43837114678907746,18.8,94,609.0,8.6,0.6946583704589973,0.7193398003386512,19.9,88,620.0,5.9,0.6946583704589973,0.7193398003386512,19.3,92,613.0,6.2,0.7771459614569709,0.6293203910498374,1.4000000000000021,open-meteo,2026-08-08T09:50:20+00:00
2026-07-14 10:00:00+00:00,BE,offshore,19.7,91,737.0,7.3,0.43837114678907746,0.898794046299167,18.7,93,727.0,8.5,0.573576436351046,0.8191520442889918,20.5,89,737.0,7.1,0.49999999999999994,0.8660254037844387,19.5,91,731.0,9.5,0.6819983600624985,0.7313537016191705,1.6000000000000014,open-meteo,2026-08-08T09:50:20+00:00
2026-07-14 11:00:00+00:00,BE,offshore,19.4,93,821.0,7.2,0.25881904510252074,0.9659258262890683,18.5,95,811.0,9.2,0.5150380749100542,0.8571673007021123,20.2,90,819.0,8.0,0.3420201433256687,0.9396926207859084,19.3,93,810.0,9.6,0.6293203910498374,0.7771459614569709,1.3499999999999979,open-meteo,2026-08-08T09:50:20+00:00
2026-07-14 12:00:00+00:00,BE,offshore,19.3,92,852.0,7.6,0.29237170472273677,0.9563047559630354,18.5,94,850.0,9.7,0.6156614753256583,0.7880107536067219,20.5,86,850.0,9.3,0.48480962024633706,0.8746197071393957,19.5,89,852.0,10.7,0.7071067811865475,0.7071067811865476,1.4499999999999993,open-meteo,2026-08-08T09:50:20+00:00
2026-07-14 13:00:00+00:00,BE,offshore,20.3,87,852.0,10.7,0.5299192642332049,0.848048096156426,19.1,89,854.0,13.6,0.6946583704589973,0.7193398003386512,20.8,84,850.0,11.8,0.48480962024633706,0.8746197071393957,19.8,87,852.0,13.1,0.6691306063588582,0.7431448254773942,2.0,open-meteo,2026-08-08T09:50:20+00:00
2026-07-14 14:00:00+00:00,BE,offshore,20.4,87,811.0,12.0,0.5150380749100542,0.8571673007021123,19.3,88,802.0,13.9,0.7071067811865475,0.7071067811865476,21.1,84,809.0,14.1,0.5591929034707469,0.8290375725550417,20.3,84,801.0,14.4,0.6946583704589973,0.7193398003386512,2.275000000000002,open-meteo,2026-08-08T09:50:20+00:00
2026-07-14 15:00:00+00:00,BE,offshore,20.2,87,712.0,13.3,0.573576436351046,0.8191520442889918,19.0,91,715.0,13.5,0.6018150231520483,0.7986355100472928,21.0,84,709.0,13.4,0.5299192642332049,0.848048096156426,19.8,89,711.0,12.7,0.6156614753256583,0.7880107536067219,2.0,open-meteo,2026-08-08T09:50:20+00:00
2026-07-14 16:00:00+00:00,BE,offshore,20.4,87,589.0,13.9,0.5591929034707469,0.8290375725550417,19.1,91,597.0,13.6,0.573576436351046,0.8191520442889918,21.2,83,585.0,14.8,0.573576436351046,0.8191520442889918,20.2,87,595.0,15.1,0.6293203910498374,0.7771459614569709,2.2250000000000014,open-meteo,2026-08-08T09:50:20+00:00
2026-07-14 17:00:00+00:00,BE,offshore,20.5,87,446.0,14.4,0.5299192642332049,0.848048096156426,19.3,90,440.0,14.4,0.573576436351046,0.8191520442889918,21.4,83,441.0,15.6,0.5299192642332049,0.848048096156426,20.1,87,433.0,14.7,0.5591929034707469,0.8290375725550417,2.3249999999999993,open-meteo,2026-08-08T09:50:20+00:00
2026-07-14 18:00:00+00:00,BE,offshore,20.6,87,279.0,13.6,0.49999999999999994,0.8660254037844387,19.4,89,292.0,14.3,0.6156614753256583,0.7880107536067219,21.4,85,277.0,15.4,0.5591929034707469,0.8290375725550417,20.3,86,288.0,14.9,0.6018150231520483,0.7986355100472928,2.4250000000000007,open-meteo,2026-08-08T09:50:20+00:00
2026-07-14 19:00:00+00:00,BE,offshore,20.8,84,139.0,13.8,0.5591929034707469,0.8290375725550417,19.5,86,143.0,14.3,0.6560590289905073,0.754709580222772,21.5,81,136.0,15.8,0.5877852522924731,0.8090169943749475,20.5,81,137.0,15.2,0.6560590289905073,0.754709580222772,2.5749999999999993,open-meteo,2026-08-08T09:50:20+00:00
2026-07-14 20:00:00+00:00,BE,offshore,21.0,82,30.0,14.2,0.6560590289905073,0.754709580222772,19.9,81,34.0,14.6,0.7313537016191705,0.6819983600624985,21.7,80,30.0,15.2,0.6691306063588582,0.7431448254773942,20.6,79,32.0,15.2,0.7071067811865475,0.7071067811865476,2.799999999999997,open-meteo,2026-08-08T09:50:20+00:00
2026-07-14 21:00:00+00:00,BE,offshore,21.6,81,0.0,14.0,0.7071067811865475,0.7071067811865476,20.2,83,0.0,14.6,0.7431448254773942,0.6691306063588582,22.1,80,0.0,13.9,0.7193398003386511,0.6946583704589973,21.0,81,0.0,14.6,0.7431448254773942,0.6691306063588582,3.2250000000000014,open-meteo,2026-08-08T09:50:20+00:00
2026-07-14 22:00:00+00:00,BE,offshore,21.6,82,0.0,13.4,0.7193398003386511,0.6946583704589973,19.8,86,0.0,13.5,0.6691306063588582,0.7431448254773942,22.0,81,0.0,13.4,0.7313537016191705,0.6819983600624985,20.4,86,0.0,12.9,0.6946583704589973,0.7193398003386512,2.950000000000003,open-meteo,2026-08-08T09:50:20+00:00
2026-07-14 23:00:00+00:00,BE,offshore,20.9,82,0.0,12.8,0.754709580222772,0.6560590289905073,19.5,88,0.0,13.4,0.7431448254773942,0.6691306063588582,21.3,81,0.0,12.5,0.754709580222772,0.6560590289905073,20.0,87,0.0,12.6,0.7313537016191705,0.6819983600624985,2.4250000000000007,open-meteo,2026-08-08T09:50:20+00:00
2026-07-15 00:00:00+00:00,BE,offshore,20.8,84,0.0,11.8,0.7313537016191705,0.6819983600624985,19.5,91,0.0,12.6,0.7313537016191705,0.6819983600624985,21.2,81,0.0,12.0,0.6946583704589973,0.7193398003386512,20.1,88,0.0,12.5,0.7193398003386511,0.6946583704589973,2.3999999999999986,open-meteo,2026-08-08T09:50:20+00:00
2026-07-15 01:00:00+00:00,BE,offshore,20.5,84,0.0,12.3,0.754709580222772,0.6560590289905073,19.4,91,0.0,12.7,0.766044443118978,0.6427876096865394,20.8,82,0.0,11.3,0.7193398003386511,0.6946583704589973,19.9,88,0.0,12.0,0.754709580222772,0.6560590289905073,2.1499999999999986,open-meteo,2026-08-08T09:50:20+00:00
2026-07-15 02:00:00+00:00,BE,offshore,20.3,86,0.0,11.4,0.7071067811865475,0.7071067811865476,19.2,90,0.0,11.8,0.754709580222772,0.6560590289905073,20.8,82,0.0,10.9,0.7431448254773942,0.6691306063588582,19.7,87,0.0,11.5,0.754709580222772,0.6560590289905073,2.0,open-meteo,2026-08-08T09:50:20+00:00
2026-07-15 03:00:00+00:00,BE,offshore,20.6,85,0.0,11.4,0.7313537016191705,0.6819983600624985,19.5,91,0.0,11.5,0.7313537016191705,0.6819983600624985,21.0,82,0.0,10.2,0.766044443118978,0.6427876096865394,20.0,87,0.0,11.5,0.754709580222772,0.6560590289905073,2.2749999999999986,open-meteo,2026-08-08T09:50:20+00:00
2026-07-15 04:00:00+00:00,BE,offshore,20.3,86,0.0,11.2,0.7313537016191705,0.6819983600624985,19.3,89,0.0,11.6,0.6427876096865393,0.766044443118978,20.6,83,0.0,10.4,0.7193398003386511,0.6946583704589973,19.9,86,0.0,11.4,0.7193398003386511,0.6946583704589973,2.0249999999999986,open-meteo,2026-08-08T09:50:20+00:00
2026-07-15 05:00:00+00:00,BE,offshore,20.0,85,45.0,11.1,0.7431448254773942,0.6691306063588582,19.3,87,47.0,10.9,0.7313537016191705,0.6819983600624985,20.5,80,47.0,9.9,0.754709580222772,0.6560590289905073,19.7,85,49.0,11.1,0.7193398003386511,0.6946583704589973,1.875,open-meteo,2026-08-08T09:50:20+00:00
2026-07-15 06:00:00+00:00,BE,offshore,20.2,86,162.0,10.4,0.7193398003386511,0.6946583704589973,19.2,89,165.0,11.2,0.6946583704589973,0.7193398003386512,20.6,81,165.0,9.4,0.754709580222772,0.6560590289905073,19.9,86,167.0,10.9,0.7313537016191705,0.6819983600624985,1.9750000000000014,open-meteo,2026-08-08T09:50:20+00:00
2026-07-15 07:00:00+00:00,BE,offshore,20.2,86,310.0,9.9,0.6691306063588582,0.7431448254773942,19.2,89,312.0,12.4,0.6691306063588582,0.7431448254773942,20.5,83,313.0,9.5,0.6946583704589973,0.7193398003386512,19.8,87,314.0,11.4,0.6946583704589973,0.7193398003386512,1.9250000000000007,open-meteo,2026-08-08T09:50:20+00:00
2026-07-15 08:00:00+00:00,BE,offshore,20.1,86,464.0,10.1,0.6293203910498374,0.7771459614569709,19.4,90,465.0,10.4,0.6560590289905073,0.754709580222772,20.5,83,467.0,9.4,0.6819983600624985,0.7313537016191705,19.8,88,468.0,10.2,0.6560590289905073,0.754709580222772,1.9499999999999993,open-meteo,2026-08-08T09:50:20+00:00
2026-07-15 09:00:00+00:00,BE,offshore,19.8,86,607.0,10.0,0.5591929034707469,0.8290375725550417,19.0,92,604.0,10.8,0.573576436351046,0.8191520442889918,20.2,84,610.0,9.9,0.5446390350150271,0.838670567945424,19.6,88,607.0,10.5,0.6018150231520483,0.7986355100472928,1.6499999999999986,open-meteo,2026-08-08T09:50:20+00:00
2026-07-15 10:00:00+00:00,BE,offshore,19.8,86,731.0,9.4,0.6427876096865393,0.766044443118978,18.9,92,731.0,10.8,0.5877852522924731,0.8090169943749475,20.2,85,736.0,10.1,0.5150380749100542,0.8571673007021123,19.6,87,734.0,10.2,0.5591929034707469,0.8290375725550417,1.625,open-meteo,2026-08-08T09:50:20+00:00
2026-07-15 11:00:00+00:00,BE,offshore,19.4,90,815.0,10.0,0.49999999999999994,0.8660254037844387,18.5,94,815.0,9.9,0.573576436351046,0.8191520442889918,20.0,85,817.0,10.5,0.4694715627858908,0.882947592858927,19.2,91,819.0,9.8,0.5591929034707469,0.8290375725550417,1.2749999999999986,open-meteo,2026-08-08T09:50:20+00:00
2026-07-15 12:00:00+00:00,BE,offshore,19.4,91,860.0,10.7,0.4694715627858908,0.882947592858927,18.5,93,853.0,10.3,0.5446390350150271,0.838670567945424,20.0,88,859.0,10.9,0.43837114678907746,0.898794046299167,19.2,92,856.0,9.8,0.5299192642332049,0.848048096156426,1.2749999999999986,open-meteo,2026-08-08T09:50:20+00:00
2026-07-15 13:00:00+00:00,BE,offshore,19.6,88,856.0,11.4,0.43837114678907746,0.898794046299167,18.5,92,850.0,10.0,0.48480962024633706,0.8746197071393957,20.1,86,853.0,11.7,0.39073112848927377,0.9205048534524404,19.2,90,853.0,10.2,0.43837114678907746,0.898794046299167,1.3500000000000014,open-meteo,2026-08-08T09:50:20+00:00
2026-07-15 14:00:00+00:00,BE,offshore,19.7,88,810.0,11.3,0.374606593415912,0.9271838545667874,18.6,92,810.0,9.7,0.39073112848927377,0.9205048534524404,20.3,86,807.0,11.2,0.29237170472273677,0.9563047559630354,19.5,89,807.0,10.1,0.39073112848927377,0.9205048534524404,1.5249999999999986,open-meteo,2026-08-08T09:50:20+00:00
2026-07-15 15:00:00+00:00,BE,offshore,19.7,89,718.0,11.9,0.35836794954530027,0.9335804264972017,18.8,92,719.0,10.5,0.374606593415912,0.9271838545667874,20.4,87,716.0,11.8,0.3420201433256687,0.9396926207859084,19.6,90,715.0,10.6,0.4067366430758002,0.9135454576426009,1.625,open-meteo,2026-08-08T09:50:20+00:00
2026-07-15 16:00:00+00:00,BE,offshore,20.0,85,592.0,12.1,0.374606593415912,0.9271838545667874,18.9,90,593.0,11.2,0.3420201433256687,0.9396926207859084,20.8,81,588.0,12.7,0.35836794954530027,0.9335804264972017,19.9,85,587.0,11.0,0.35836794954530027,0.9335804264972017,1.8999999999999986,open-meteo,2026-08-08T09:50:20+00:00
2026-07-15 17:00:00+00:00,BE,offshore,20.0,87,448.0,11.9,0.374606593415912,0.9271838545667874,19.0,91,449.0,12.3,0.43837114678907746,0.898794046299167,20.9,81,443.0,13.2,0.374606593415912,0.9271838545667874,20.0,85,447.0,13.2,0.43837114678907746,0.898794046299167,1.9750000000000014,open-meteo,2026-08-08T09:50:20+00:00
2026-07-15 18:00:00+00:00,BE,offshore,20.4,83,292.0,12.9,0.39073112848927377,0.9205048534524404,19.3,88,294.0,12.5,0.4539904997395468,0.8910065241883679,21.1,80,289.0,13.1,0.39073112848927377,0.9205048534524404,20.2,83,292.0,13.8,0.49999999999999994,0.8660254037844387,2.25,open-meteo,2026-08-08T09:50:20+00:00
2026-07-15 19:00:00+00:00,BE,offshore,20.4,83,144.0,13.7,0.42261826174069944,0.9063077870366499,19.4,87,145.0,12.8,0.4694715627858908,0.882947592858927,21.0,81,140.0,13.1,0.39073112848927377,0.9205048534524404,20.4,82,142.0,13.1,0.4694715627858908,0.882947592858927,2.299999999999997,open-meteo,2026-08-08T09:50:20+00:00
2026-07-15 20:00:00+00:00,BE,offshore,20.3,83,31.0,12.5,0.48480962024633706,0.8746197071393957,19.4,86,33.0,11.6,0.5299192642332049,0.848048096156426,20.8,82,30.0,11.9,0.4694715627858908,0.882947592858927,20.2,84,31.0,11.9,0.573576436351046,0.8191520442889918,2.1750000000000007,open-meteo,2026-08-08T09:50:20+00:00
2026-07-15 21:00:00+00:00,BE,offshore,21.0,81,0.0,13.0,0.6293203910498374,0.7771459614569709,19.8,86,0.0,12.1,0.6156614753256583,0.7880107536067219,21.6,80,0.0,13.2,0.6819983600624985,0.7313537016191705,20.6,82,0.0,13.4,0.6293203910498374,0.7771459614569709,2.75,open-meteo,2026-08-08T09:50:20+00:00
2026-07-15 22:00:00+00:00,BE,offshore,20.8,84,0.0,13.2,0.766044443118978,0.6427876096865394,19.9,84,0.0,12.0,0.754709580222772,0.6560590289905073,21.5,81,0.0,12.4,0.8090169943749475,0.5877852522924731,20.6,81,0.0,12.8,0.7986355100472928,0.6018150231520483,2.700000000000003,open-meteo,2026-08-08T09:50:20+00:00
2026-07-15 23:00:00+00:00,BE,offshore,21.1,82,0.0,11.8,0.7771459614569709,0.6293203910498374,20.0,84,0.0,12.4,0.7986355100472928,0.6018150231520483,21.5,80,0.0,12.7,0.838670567945424,0.5446390350150271,20.5,83,0.0,12.5,0.848048096156426,0.5299192642332049,2.7749999999999986,open-meteo,2026-08-08T09:50:20+00:00
2026-07-16 00:00:00+00:00,BE,offshore,21.0,84,0.0,11.3,0.788010753606722,0.6156614753256583,19.9,87,0.0,11.0,0.7193398003386511,0.6946583704589973,21.6,79,0.0,10.2,0.8660254037844386,0.5000000000000001,20.5,82,0.0,9.9,0.766044443118978,0.6427876096865394,2.75,open-meteo,2026-08-08T09:50:20+00:00
2026-07-16 01:00:00+00:00,BE,offshore,21.0,79,0.0,9.1,0.7986355100472928,0.6018150231520483,19.8,84,0.0,11.2,0.7313537016191705,0.6819983600624985,21.6,69,0.0,8.9,0.848048096156426,0.5299192642332049,20.1,80,0.0,11.1,0.7071067811865475,0.7071067811865476,2.625,open-meteo,2026-08-08T09:50:20+00:00
2026-07-16 02:00:00+00:00,BE,offshore,20.8,81,0.0,9.9,0.7071067811865475,0.7071067811865476,19.8,84,0.0,11.1,0.7431448254773942,0.6691306063588582,21.2,77,0.0,8.9,0.7431448254773942,0.6691306063588582,20.2,80,0.0,10.5,0.7431448254773942,0.6691306063588582,2.5,open-meteo,2026-08-08T09:50:20+00:00
2026-07-16 03:00:00+00:00,BE,offshore,20.6,77,0.0,9.5,0.8090169943749475,0.5877852522924731,19.7,83,0.0,9.9,0.7193398003386511,0.6946583704589973,21.1,74,0.0,8.6,0.8090169943749475,0.5877852522924731,20.0,81,0.0,9.3,0.7071067811865475,0.7071067811865476,2.3500000000000014,open-meteo,2026-08-08T09:50:20+00:00
2026-07-16 04:00:00+00:00,BE,offshore,20.5,79,0.0,9.2,0.7771459614569709,0.6293203910498374,19.7,85,0.0,9.5,0.754709580222772,0.6560590289905073,20.8,77,0.0,8.1,0.754709580222772,0.6560590289905073,20.0,81,0.0,8.7,0.6819983600624985,0.7313537016191705,2.25,open-meteo,2026-08-08T09:50:20+00:00
2026-07-16 05:00:00+00:00,BE,offshore,20.2,81,44.0,8.2,0.7771459614569709,0.6293203910498374,19.4,86,46.0,9.4,0.7193398003386511,0.6946583704589973,20.6,77,46.0,8.0,0.766044443118978,0.6427876096865394,19.7,82,48.0,8.6,0.6946583704589973,0.7193398003386512,1.9749999999999979,open-meteo,2026-08-08T09:50:20+00:00
2026-07-16 06:00:00+00:00,BE,offshore,20.1,83,164.0,9.2,0.7193398003386511,0.6946583704589973,19.5,87,167.0,10.0,0.6819983600624985,0.7313537016191705,20.5,79,168.0,8.9,0.7071067811865475,0.7071067811865476,19.8,85,169.0,8.9,0.7071067811865475,0.7071067811865476,1.9750000000000014,open-meteo,2026-08-08T09:50:20+00:00
2026-07-16 07:00:00+00:00,BE,offshore,20.2,81,314.0,8.6,0.7193398003386511,0.6946583704589973,19.5,87,312.0,8.1,0.6560590289905073,0.754709580222772,20.6,77,317.0,7.9,0.6946583704589973,0.7193398003386512,19.8,84,313.0,8.3,0.5877852522924731,0.8090169943749475,2.025000000000002,open-meteo,2026-08-08T09:50:20+00:00
2026-07-16 08:00:00+00:00,BE,offshore,20.1,82,475.0,9.2,0.6819983600624985,0.7313537016191705,19.0,88,468.0,9.5,0.6018150231520483,0.7986355100472928,20.3,77,479.0,8.6,0.6691306063588582,0.7431448254773942,19.3,86,471.0,8.5,0.5446390350150271,0.838670567945424,1.6750000000000007,open-meteo,2026-08-08T09:50:20+00:00
2026-07-16 09:00:00+00:00,BE,offshore,19.5,87,613.0,10.0,0.5446390350150271,0.838670567945424,18.6,90,604.0,7.5,0.48480962024633706,0.8746197071393957,19.8,85,614.0,9.0,0.48480962024633706,0.8746197071393957,19.0,89,608.0,7.4,0.4694715627858908,0.882947592858927,1.2250000000000014,open-meteo,2026-08-08T09:50:20+00:00
2026-07-16 10:00:00+00:00,BE,offshore,19.3,89,730.0,10.3,0.4539904997395468,0.8910065241883679,18.4,91,699.0,9.1,0.49999999999999994,0.8660254037844387,19.6,84,732.0,9.4,0.4067366430758002,0.9135454576426009,18.8,91,587.0,9.1,0.39073112848927377,0.9205048534524404,1.0250000000000021,open-meteo,2026-08-08T09:50:20+00:00
2026-07-16 11:00:00+00:00,BE,offshore,19.3,83,817.0,9.5,0.5150380749100542,0.8571673007021123,18.3,92,435.0,9.7,0.4694715627858908,0.882947592858927,19.5,82,813.0,9.8,0.4539904997395468,0.8910065241883679,18.8,91,221.0,9.1,0.35836794954530027,0.9335804264972017,0.9750000000000014,open-meteo,2026-08-08T09:50:20+00:00
2026-07-16 12:00:00+00:00,BE,offshore,19.1,88,857.0,9.0,0.42261826174069944,0.9063077870366499,18.4,90,511.0,9.1,0.4067366430758002,0.9135454576426009,19.5,86,859.0,8.5,0.35836794954530027,0.9335804264972017,18.8,90,312.0,9.8,0.3255681544571567,0.9455185755993168,0.9499999999999993,open-meteo,2026-08-08T09:50:20+00:00
2026-07-16 13:00:00+00:00,BE,offshore,19.1,88,847.0,9.6,0.3420201433256687,0.9396926207859084,18.5,88,491.0,9.4,0.3090169943749474,0.9510565162951535,19.6,86,734.0,9.4,0.27563735581699916,0.9612616959383189,19.1,88,550.0,9.2,0.27563735581699916,0.9612616959383189,1.0750000000000028,open-meteo,2026-08-08T09:50:20+00:00
2026-07-16 14:00:00+00:00,BE,offshore,19.2,85,771.0,8.9,0.24192189559966773,0.9702957262759965,18.5,90,449.0,8.7,0.25881904510252074,0.9659258262890683,19.5,85,763.0,9.2,0.17364817766693033,0.984807753012208,19.0,89,417.0,9.9,0.224951054343865,0.9743700647852352,1.0500000000000007,open-meteo,2026-08-08T09:50:20+00:00
2026-07-16 15:00:00+00:00,BE,offshore,19.1,88,715.0,9.1,0.20791169081775934,0.9781476007338057,18.7,88,242.0,9.6,0.20791169081775934,0.9781476007338057,19.6,87,705.0,9.4,0.1908089953765448,0.981627183447664,19.1,88,346.0,10.0,0.24192189559966773,0.9702957262759965,1.125,open-meteo,2026-08-08T09:50:20+00:00
2026-07-16 16:00:00+00:00,BE,offshore,19.3,87,528.0,9.5,0.29237170472273677,0.9563047559630354,18.7,88,188.0,9.5,0.3420201433256687,0.9396926207859084,19.8,88,316.0,9.3,0.27563735581699916,0.9612616959383189,19.2,89,334.0,9.2,0.27563735581699916,0.9612616959383189,1.25,open-meteo,2026-08-08T09:50:20+00:00
2026-07-16 17:00:00+00:00,BE,offshore,19.3,89,211.0,9.2,0.20791169081775934,0.9781476007338057,18.7,89,429.0,10.1,0.3090169943749474,0.9510565162951535,20.0,87,287.0,8.6,0.20791169081775934,0.9781476007338057,19.2,91,437.0,10.2,0.29237170472273677,0.9563047559630354,1.3000000000000007,open-meteo,2026-08-08T09:50:20+00:00
2026-07-16 18:00:00+00:00,BE,offshore,19.3,87,149.0,9.5,0.1908089953765448,0.981627183447664,18.6,90,212.0,11.9,0.20791169081775934,0.9781476007338057,19.7,88,166.0,9.4,0.13917310096006544,0.9902680687415704,19.2,90,265.0,11.6,0.25881904510252074,0.9659258262890683,1.2000000000000028,open-meteo,2026-08-08T09:50:20+00:00
2026-07-16 19:00:00+00:00,BE,offshore,19.3,87,94.0,11.3,0.1908089953765448,0.981627183447664,18.6,92,135.0,10.9,0.13917310096006544,0.9902680687415704,19.8,84,75.0,10.3,0.0697564737441253,0.9975640502598242,19.5,86,134.0,10.5,0.224951054343865,0.9743700647852352,1.3000000000000007,open-meteo,2026-08-08T09:50:20+00:00
2026-07-16 20:00:00+00:00,BE,offshore,19.1,89,30.0,6.9,-0.15643446504023112,0.9876883405951377,18.5,91,31.0,9.5,0.24192189559966773,0.9702957262759965,19.8,87,28.0,8.1,-0.01745240643728356,0.9998476951563913,19.2,89,29.0,9.2,0.3090169943749474,0.9510565162951535,1.1500000000000021,open-meteo,2026-08-08T09:50:20+00:00
2026-07-16 21:00:00+00:00,BE,offshore,19.5,87,0.0,8.4,0.1908089953765448,0.981627183447664,18.8,91,0.0,9.5,0.39073112848927377,0.9205048534524404,20.2,82,0.0,9.7,0.35836794954530027,0.9335804264972017,19.4,87,0.0,10.2,0.42261826174069944,0.9063077870366499,1.4750000000000014,open-meteo,2026-08-08T09:50:20+00:00
2026-07-16 22:00:00+00:00,BE,offshore,19.5,87,0.0,11.8,0.3255681544571567,0.9455185755993168,18.8,90,0.0,10.5,0.48480962024633706,0.8746197071393957,20.3,83,0.0,12.3,0.48480962024633706,0.8746197071393957,19.3,88,0.0,11.3,0.5299192642332049,0.848048096156426,1.4749999999999979,open-meteo,2026-08-08T09:50:20+00:00
2026-07-16 23:00:00+00:00,BE,offshore,19.4,86,0.0,10.3,0.49999999999999994,0.8660254037844387,18.5,90,0.0,9.5,0.39073112848927377,0.9205048534524404,19.9,85,0.0,10.2,0.573576436351046,0.8191520442889918,19.0,89,0.0,9.9,0.4067366430758002,0.9135454576426009,1.1999999999999993,open-meteo,2026-08-08T09:50:20+00:00
2026-07-17 00:00:00+00:00,BE,offshore,19.5,85,0.0,8.5,0.5299192642332049,0.848048096156426,18.7,89,0.0,7.7,0.42261826174069944,0.9063077870366499,20.0,82,0.0,8.7,0.6018150231520483,0.7986355100472928,19.1,87,0.0,7.4,0.4539904997395468,0.8910065241883679,1.3250000000000028,open-meteo,2026-08-08T09:50:20+00:00
2026-07-17 01:00:00+00:00,BE,offshore,19.6,85,0.0,8.4,0.6819983600624985,0.7313537016191705,18.6,90,0.0,6.9,0.5591929034707469,0.8290375725550417,20.0,79,0.0,8.7,0.6427876096865393,0.766044443118978,18.8,89,0.0,6.4,0.573576436351046,0.8191520442889918,1.25,open-meteo,2026-08-08T09:50:20+00:00
2026-07-17 02:00:00+00:00,BE,offshore,19.3,86,0.0,7.5,0.49999999999999994,0.8660254037844387,18.5,89,0.0,6.3,0.5299192642332049,0.848048096156426,19.7,84,0.0,7.2,0.5299192642332049,0.848048096156426,18.9,87,0.0,6.7,0.5446390350150271,0.838670567945424,1.1000000000000014,open-meteo,2026-08-08T09:50:20+00:00
2026-07-17 03:00:00+00:00,BE,offshore,19.2,84,0.0,6.6,0.43837114678907746,0.898794046299167,18.3,89,0.0,7.5,0.25881904510252074,0.9659258262890683,19.4,84,0.0,6.5,0.39073112848927377,0.9205048534524404,18.6,88,0.0,7.3,0.27563735581699916,0.9612616959383189,0.875,open-meteo,2026-08-08T09:50:20+00:00
2026-07-17 04:00:00+00:00,BE,offshore,19.1,87,0.0,6.2,0.39073112848927377,0.9205048534524404,18.2,88,0.0,6.3,0.15643446504023087,0.9876883405951378,19.3,86,0.0,6.1,0.29237170472273677,0.9563047559630354,18.6,87,0.0,6.0,0.15643446504023087,0.9876883405951378,0.7999999999999972,open-meteo,2026-08-08T09:50:20+00:00
2026-07-17 05:00:00+00:00,BE,offshore,18.7,84,42.0,7.2,0.10452846326765347,0.9945218953682733,17.9,85,43.0,6.4,0.0697564737441253,0.9975640502598242,19.0,82,44.0,7.6,0.13917310096006544,0.9902680687415704,18.3,80,41.0,6.4,0.03489949670250097,0.9993908270190958,0.47499999999999787,open-meteo,2026-08-08T09:50:20+00:00
2026-07-17 06:00:00+00:00,BE,offshore,18.3,87,161.0,6.2,-0.06975647374412564,0.9975640502598242,17.6,88,161.0,8.4,-0.19080899537654467,0.981627183447664,18.7,83,164.0,5.8,-0.034899496702500823,0.9993908270190958,18.0,86,165.0,8.7,-0.22495105434386534,0.9743700647852351,0.15000000000000213,open-meteo,2026-08-08T09:50:20+00:00
2026-07-17 07:00:00+00:00,BE,offshore,18.0,87,306.0,6.7,-0.05233595624294437,0.9986295347545738,17.5,86,310.0,7.2,-0.12186934340514723,0.9925461516413221,18.5,84,310.0,6.0,-0.01745240643728356,0.9998476951563913,17.9,82,313.0,7.4,-0.13917310096006588,0.9902680687415703,0.02499999999999858,open-meteo,2026-08-08T09:50:20+00:00
2026-07-17 08:00:00+00:00,BE,offshore,18.2,80,439.0,6.7,-0.05233595624294437,0.9986295347545738,17.6,83,462.0,6.5,-0.24192189559966787,0.9702957262759965,18.5,77,461.0,6.7,-0.08715574274765832,0.9961946980917455,18.0,79,466.0,6.1,-0.1736481776669304,0.984807753012208,0.07499999999999929,open-meteo,2026-08-08T09:50:20+00:00
2026-07-17 09:00:00+00:00,BE,offshore,17.3,88,604.0,7.8,-0.1736481776669304,0.984807753012208,17.1,86,604.0,5.7,-0.20791169081775987,0.9781476007338056,17.9,84,610.0,7.7,-0.20791169081775987,0.9781476007338056,17.5,85,607.0,5.8,-0.2588190451025207,0.9659258262890683,0.5499999999999972,open-meteo,2026-08-08T09:50:20+00:00
2026-07-17 10:00:00+00:00,BE,offshore,17.6,82,724.0,7.1,0.0,1.0,17.1,85,709.0,6.7,-0.15643446504023112,0.9876883405951377,18.0,78,730.0,7.2,-0.01745240643728356,0.9998476951563913,17.5,82,692.0,6.2,-0.15643446504023112,0.9876883405951377,0.4499999999999993,open-meteo,2026-08-08T09:50:20+00:00
2026-07-17 11:00:00+00:00,BE,offshore,17.7,82,814.0,5.9,-0.05233595624294437,0.9986295347545738,17.2,82,806.0,6.6,-0.22495105434386534,0.9743700647852351,17.9,80,815.0,6.0,-0.19080899537654467,0.981627183447664,17.5,83,812.0,6.0,-0.29237170472273716,0.9563047559630353,0.4250000000000007,open-meteo,2026-08-08T09:50:20+00:00
2026-07-17 12:00:00+00:00,BE,offshore,17.8,80,860.0,4.6,-0.06975647374412564,0.9975640502598242,17.3,84,855.0,7.7,-0.12186934340514723,0.9925461516413221,18.0,82,857.0,4.5,-0.1736481776669304,0.984807753012208,17.5,84,811.0,6.7,-0.27563735581699894,0.9612616959383189,0.3500000000000014,open-meteo,2026-08-08T09:50:20+00:00
2026-07-17 13:00:00+00:00,BE,offshore,17.5,81,854.0,3.9,0.052335956242943835,0.9986295347545738,17.0,83,834.0,5.9,-0.13917310096006588,0.9902680687415703,17.8,79,832.0,4.6,-0.13917310096006588,0.9902680687415703,17.3,82,841.0,5.9,-0.3420201433256686,0.9396926207859084,0.6000000000000014,open-meteo,2026-08-08T09:50:20+00:00
2026-07-17 14:00:00+00:00,BE,offshore,18.0,76,807.0,3.7,0.01745240643728351,0.9998476951563913,17.5,82,803.0,4.9,0.12186934340514748,0.992546151641322,18.1,80,802.0,4.5,-0.22495105434386534,0.9743700647852351,17.7,83,797.0,5.3,-0.19080899537654467,0.981627183447664,0.1750000000000007,open-meteo,2026-08-08T09:50:20+00:00
2026-07-17 15:00:00+00:00,BE,offshore,17.9,79,712.0,4.8,-0.13917310096006588,0.9902680687415703,17.3,83,683.0,4.7,0.01745240643728351,0.9998476951563913,18.0,81,710.0,5.8,-0.20791169081775987,0.9781476007338056,17.6,81,703.0,5.7,-0.22495105434386534,0.9743700647852351,0.29999999999999716,open-meteo,2026-08-08T09:50:20+00:00
2026-07-17 16:00:00+00:00,BE,offshore,18.0,79,586.0,4.3,-2.4492935982947064e-16,1.0,17.6,81,568.0,5.7,-2.4492935982947064e-16,1.0,18.1,79,587.0,4.8,-0.15643446504023112,0.9876883405951377,17.8,80,579.0,6.8,-0.034899496702500823,0.9993908270190958,0.125,open-meteo,2026-08-08T09:50:20+00:00
2026-07-17 17:00:00+00:00,BE,offshore,18.2,80,441.0,5.5,-0.06975647374412564,0.9975640502598242,17.8,81,438.0,6.4,-0.15643446504023112,0.9876883405951377,18.4,79,439.0,5.9,-0.2588190451025207,0.9659258262890683,18.1,82,436.0,6.4,-0.22495105434386534,0.9743700647852351,0.125,open-meteo,2026-08-08T09:50:20+00:00
2026-07-17 18:00:00+00:00,BE,offshore,17.9,82,283.0,6.6,-2.4492935982947064e-16,1.0,17.5,82,279.0,6.6,-0.06975647374412564,0.9975640502598242,18.2,79,279.0,6.9,-0.20791169081775987,0.9781476007338056,17.7,82,264.0,7.3,-0.15643446504023112,0.9876883405951377,0.1750000000000007,open-meteo,2026-08-08T09:50:20+00:00
2026-07-17 19:00:00+00:00,BE,offshore,18.1,80,138.0,6.5,0.0697564737441253,0.9975640502598242,17.6,81,135.0,7.0,0.0697564737441253,0.9975640502598242,18.4,80,134.0,6.5,-0.06975647374412564,0.9975640502598242,17.8,82,132.0,6.5,0.03489949670250097,0.9993908270190958,0.02499999999999858,open-meteo,2026-08-08T09:50:20+00:00
2026-07-17 20:00:00+00:00,BE,offshore,18.1,80,28.0,5.8,0.17364817766693033,0.984807753012208,17.5,82,29.0,5.2,0.27563735581699916,0.9612616959383189,18.3,81,26.0,6.0,0.0697564737441253,0.9975640502598242,17.7,82,26.0,5.6,-0.15643446504023112,0.9876883405951377,0.09999999999999787,open-meteo,2026-08-08T09:50:20+00:00
2026-07-17 21:00:00+00:00,BE,offshore,17.7,82,0.0,3.3,0.052335956242943835,0.9986295347545738,17.2,82,0.0,4.8,0.24192189559966773,0.9702957262759965,17.8,81,0.0,4.5,-0.12186934340514723,0.9925461516413221,17.3,82,0.0,5.2,-0.19080899537654467,0.981627183447664,0.5,open-meteo,2026-08-08T09:50:20+00:00
2026-07-17 22:00:00+00:00,BE,offshore,17.9,81,0.0,2.9,-0.5150380749100545,0.8571673007021121,17.2,81,0.0,4.0,-0.22495105434386534,0.9743700647852351,18.0,81,0.0,3.5,-0.5150380749100545,0.8571673007021121,17.4,81,0.0,3.6,-0.3420201433256686,0.9396926207859084,0.375,open-meteo,2026-08-08T09:50:20+00:00
2026-07-17 23:00:00+00:00,BE,offshore,18.0,81,0.0,3.5,-0.6018150231520483,0.7986355100472928,17.3,80,0.0,4.3,-0.27563735581699894,0.9612616959383189,18.0,81,0.0,3.6,-0.6293203910498378,0.7771459614569706,17.5,81,0.0,4.0,-0.4226182617406992,0.90630778703665,0.3000000000000007,open-meteo,2026-08-08T09:50:20+00:00
2026-07-18 00:00:00+00:00,BE,offshore,17.6,80,0.0,4.0,-0.4226182617406992,0.90630778703665,16.9,80,0.0,4.9,-0.5000000000000004,0.8660254037844384,17.5,81,0.0,4.3,-0.5591929034707466,0.8290375725550418,17.0,81,0.0,4.4,-0.5591929034707466,0.8290375725550418,0.75,open-meteo,2026-08-08T09:50:20+00:00
2026-07-18 01:00:00+00:00,BE,offshore,17.3,80,0.0,5.6,-0.19080899537654467,0.981627183447664,16.9,78,0.0,5.7,-0.45399049973954697,0.8910065241883678,17.4,80,0.0,5.8,-0.37460659341591235,0.9271838545667873,17.1,78,0.0,5.9,-0.5735764363510465,0.8191520442889916,0.8249999999999993,open-meteo,2026-08-08T09:50:20+00:00
2026-07-18 02:00:00+00:00,BE,offshore,17.4,80,0.0,5.4,-0.22495105434386534,0.9743700647852351,17.1,79,0.0,6.6,-0.529919264233205,0.8480480961564258,17.4,79,0.0,5.5,-0.3420201433256686,0.9396926207859084,17.2,78,0.0,6.2,-0.6427876096865396,0.7660444431189778,0.7250000000000014,open-meteo,2026-08-08T09:50:20+00:00
2026-07-18 03:00:00+00:00,BE,offshore,17.3,81,0.0,5.9,-0.19080899537654467,0.981627183447664,17.3,79,0.0,6.0,-0.529919264233205,0.8480480961564258,17.3,80,0.0,5.6,-0.3420201433256686,0.9396926207859084,17.1,78,0.0,5.6,-0.6427876096865396,0.7660444431189778,0.75,open-meteo,2026-08-08T09:50:20+00:00
2026-07-18 04:00:00+00:00,BE,offshore,17.4,77,0.0,5.5,-0.15643446504023112,0.9876883405951377,17.4,74,0.0,6.5,-0.3090169943749477,0.9510565162951535,17.5,77,0.0,5.4,-0.20791169081775987,0.9781476007338056,17.3,74,0.0,6.1,-0.4226182617406992,0.90630778703665,0.6000000000000014,open-meteo,2026-08-08T09:50:20+00:00
2026-07-18 05:00:00+00:00,BE,offshore,17.4,78,22.0,5.4,-0.2588190451025207,0.9659258262890683,17.4,74,13.0,8.1,-0.22495105434386534,0.9743700647852351,17.5,78,24.0,6.2,-0.2588190451025207,0.9659258262890683,17.4,75,13.0,7.7,-0.35836794954530077,0.9335804264972015,0.5750000000000028,open-meteo,2026-08-08T09:50:20+00:00
2026-07-18 06:00:00+00:00,BE,offshore,17.9,75,47.0,5.8,-0.3907311284892739,0.9205048534524403,17.6,75,92.0,7.6,-0.24192189559966787,0.9702957262759965,18.1,74,65.0,6.3,-0.37460659341591235,0.9271838545667873,17.7,76,66.0,7.6,-0.29237170472273716,0.9563047559630353,0.1750000000000007,open-meteo,2026-08-08T09:50:20+00:00
2026-07-18 07:00:00+00:00,BE,offshore,17.8,73,58.0,5.4,-0.13917310096006588,0.9902680687415703,17.1,75,80.0,6.7,-0.19080899537654467,0.981627183447664,17.9,72,69.0,5.7,-0.15643446504023112,0.9876883405951377,17.3,74,62.0,6.8,-0.2588190451025207,0.9659258262890683,0.47499999999999787,open-meteo,2026-08-08T09:50:20+00:00
2026-07-18 08:00:00+00:00,BE,offshore,17.7,74,99.0,4.4,-0.8191520442889918,0.573576436351046,17.3,74,93.0,6.2,-0.45399049973954697,0.8910065241883678,17.8,73,121.0,4.5,-0.6560590289905074,0.7547095802227719,17.4,74,151.0,6.0,-0.544639035015027,0.838670567945424,0.45000000000000284,open-meteo,2026-08-08T09:50:20+00:00
2026-07-18 09:00:00+00:00,BE,offshore,17.4,73,90.0,5.8,-0.6427876096865396,0.7660444431189778,16.5,77,77.0,6.2,-0.37460659341591235,0.9271838545667873,17.6,73,117.0,5.7,-0.529919264233205,0.8480480961564258,16.8,76,114.0,7.3,-0.4694715627858908,0.882947592858927,0.9250000000000007,open-meteo,2026-08-08T09:50:20+00:00
2026-07-18 10:00:00+00:00,BE,offshore,16.8,81,169.0,7.9,-0.22495105434386534,0.9743700647852351,16.3,79,118.0,6.8,-0.4383711467890778,0.8987940462991668,17.1,76,214.0,7.6,-0.27563735581699894,0.9612616959383189,16.4,77,187.0,6.7,-0.45399049973954697,0.8910065241883678,1.3500000000000014,open-meteo,2026-08-08T09:50:20+00:00
2026-07-18 11:00:00+00:00,BE,offshore,16.2,84,161.0,6.2,-0.29237170472273716,0.9563047559630353,16.1,78,110.0,6.1,-0.15643446504023112,0.9876883405951377,16.8,79,266.0,7.2,-0.3420201433256686,0.9396926207859084,16.5,77,189.0,7.1,-0.3420201433256686,0.9396926207859084,1.6000000000000014,open-meteo,2026-08-08T09:50:20+00:00
2026-07-18 12:00:00+00:00,BE,offshore,16.3,80,55.0,7.8,-0.13917310096006588,0.9902680687415703,16.4,75,245.0,9.9,-0.2588190451025207,0.9659258262890683,16.5,81,157.0,7.6,-0.4694715627858908,0.882947592858927,16.6,73,206.0,8.8,-0.3090169943749477,0.9510565162951535,1.5499999999999972,open-meteo,2026-08-08T09:50:20+00:00
2026-07-18 13:00:00+00:00,BE,offshore,16.5,76,136.0,8.1,-0.20791169081775987,0.9781476007338056,16.2,74,459.0,8.1,-0.3255681544571567,0.9455185755993168,16.6,73,76.0,6.7,-0.3420201433256686,0.9396926207859084,16.3,73,531.0,7.3,-0.40673664307580015,0.9135454576426009,1.5999999999999979,open-meteo,2026-08-08T09:50:20+00:00
2026-07-18 14:00:00+00:00,BE,offshore,16.4,72,510.0,8.0,-0.08715574274765832,0.9961946980917455,16.0,76,314.0,8.3,-0.24192189559966787,0.9702957262759965,16.6,73,465.0,7.7,-0.20791169081775987,0.9781476007338056,16.3,73,535.0,9.1,-0.3255681544571567,0.9455185755993168,1.6750000000000007,open-meteo,2026-08-08T09:50:20+00:00
2026-07-18 15:00:00+00:00,BE,offshore,16.6,75,506.0,8.8,-0.12186934340514723,0.9925461516413221,16.1,80,154.0,9.4,-0.27563735581699894,0.9612616959383189,16.9,73,398.0,9.0,-0.1736481776669304,0.984807753012208,16.2,78,145.0,8.7,-0.3255681544571567,0.9455185755993168,1.5500000000000007,open-meteo,2026-08-08T09:50:20+00:00
2026-07-18 16:00:00+00:00,BE,offshore,16.5,81,160.0,8.5,-0.13917310096006588,0.9902680687415703,16.5,76,100.0,8.3,-0.08715574274765832,0.9961946980917455,16.9,77,264.0,8.1,-0.08715574274765832,0.9961946980917455,16.5,76,81.0,8.1,-0.12186934340514723,0.9925461516413221,1.3999999999999986,open-meteo,2026-08-08T09:50:20+00:00
2026-07-18 17:00:00+00:00,BE,offshore,16.7,77,88.0,9.0,-0.08715574274765832,0.9961946980917455,16.3,78,138.0,8.9,-0.15643446504023112,0.9876883405951377,16.9,76,83.0,8.8,-0.15643446504023112,0.9876883405951377,16.5,76,139.0,9.0,-0.24192189559966787,0.9702957262759965,1.3999999999999986,open-meteo,2026-08-08T09:50:20+00:00
2026-07-18 18:00:00+00:00,BE,offshore,16.8,75,65.0,9.1,-0.10452846326765342,0.9945218953682733,16.4,76,91.0,8.9,-0.1736481776669304,0.984807753012208,16.8,75,75.0,8.9,-0.1736481776669304,0.984807753012208,16.5,74,88.0,8.6,-0.24192189559966787,0.9702957262759965,1.375,open-meteo,2026-08-08T09:50:20+00:00
2026-07-18 19:00:00+00:00,BE,offshore,17.1,69,42.0,10.7,-0.13917310096006588,0.9902680687415703,16.8,67,93.0,10.3,-0.13917310096006588,0.9902680687415703,17.1,69,27.0,9.7,-0.1736481776669304,0.984807753012208,16.9,68,81.0,9.9,-0.15643446504023112,0.9876883405951377,1.0249999999999986,open-meteo,2026-08-08T09:50:20+00:00
2026-07-18 20:00:00+00:00,BE,offshore,17.2,71,27.0,7.8,0.27563735581699916,0.9612616959383189,16.7,74,28.0,9.9,-0.1736481776669304,0.984807753012208,17.2,71,10.0,9.0,-0.05233595624294437,0.9986295347545738,16.8,73,27.0,10.0,-0.22495105434386534,0.9743700647852351,1.0250000000000021,open-meteo,2026-08-08T09:50:20+00:00
2026-07-18 21:00:00+00:00,BE,offshore,16.9,72,0.0,8.4,0.17364817766693033,0.984807753012208,16.5,72,0.0,10.3,-0.12186934340514723,0.9925461516413221,16.9,73,0.0,9.3,-0.10452846326765342,0.9945218953682733,16.6,74,0.0,9.8,-0.1736481776669304,0.984807753012208,1.2749999999999986,open-meteo,2026-08-08T09:50:20+00:00
2026-07-18 22:00:00+00:00,BE,offshore,16.9,72,0.0,9.7,0.03489949670250097,0.9993908270190958,16.5,72,0.0,10.0,-0.08715574274765832,0.9961946980917455,17.0,72,0.0,9.1,-2.4492935982947064e-16,1.0,16.7,73,0.0,9.6,-0.12186934340514723,0.9925461516413221,1.2250000000000014,open-meteo,2026-08-08T09:50:20+00:00
2026-07-18 23:00:00+00:00,BE,offshore,16.9,72,0.0,9.4,-0.10452846326765342,0.9945218953682733,16.5,71,0.0,9.6,-0.19080899537654467,0.981627183447664,17.0,71,0.0,8.9,-0.1736481776669304,0.984807753012208,16.6,71,0.0,9.6,-0.29237170472273716,0.9563047559630353,1.25,open-meteo,2026-08-08T09:50:20+00:00
2026-07-19 00:00:00+00:00,BE,offshore,17.1,68,0.0,8.7,-0.20791169081775987,0.9781476007338056,16.8,66,0.0,8.8,-0.3420201433256686,0.9396926207859084,17.2,68,0.0,8.8,-0.19080899537654467,0.981627183447664,17.0,66,0.0,9.1,-0.3420201433256686,0.9396926207859084,0.9749999999999979,open-meteo,2026-08-08T09:50:20+00:00
2026-07-19 01:00:00+00:00,BE,offshore,16.8,70,0.0,7.4,-0.27563735581699894,0.9612616959383189,16.5,70,0.0,7.8,-0.35836794954530077,0.9335804264972015,16.8,71,0.0,7.6,-0.2588190451025207,0.9659258262890683,16.5,71,0.0,8.0,-0.3907311284892739,0.9205048534524403,1.3500000000000014,open-meteo,2026-08-08T09:50:20+00:00
2026-07-19 02:00:00+00:00,BE,offshore,16.9,68,0.0,8.0,-0.3090169943749477,0.9510565162951535,16.7,67,0.0,8.0,-0.3090169943749477,0.9510565162951535,16.8,68,0.0,7.8,-0.35836794954530077,0.9335804264972015,16.6,67,0.0,7.8,-0.3907311284892739,0.9205048534524403,1.25,open-meteo,2026-08-08T09:50:20+00:00
2026-07-19 03:00:00+00:00,BE,offshore,17.1,67,0.0,8.6,-0.45399049973954697,0.8910065241883678,16.7,71,0.0,9.4,-0.4383711467890778,0.8987940462991668,17.1,64,0.0,7.7,-0.4848096202463369,0.8746197071393959,16.7,73,0.0,9.6,-0.544639035015027,0.838670567945424,1.1000000000000014,open-meteo,2026-08-08T09:50:20+00:00
2026-07-19 04:00:00+00:00,BE,offshore,17.2,61,0.0,7.3,-0.4383711467890778,0.8987940462991668,16.8,65,0.0,8.9,-0.27563735581699894,0.9612616959383189,17.0,66,0.0,6.9,-0.544639035015027,0.838670567945424,16.9,65,0.0,8.4,-0.3255681544571567,0.9455185755993168,1.0249999999999986,open-meteo,2026-08-08T09:50:20+00:00
2026-07-19 05:00:00+00:00,BE,offshore,16.6,64,3.0,8.3,-0.3420201433256686,0.9396926207859084,16.3,66,29.0,8.2,-0.3420201433256686,0.9396926207859084,16.8,63,13.0,8.3,-0.4694715627858908,0.882947592858927,16.5,66,39.0,7.5,-0.35836794954530077,0.9335804264972015,1.4499999999999993,open-meteo,2026-08-08T09:50:20+00:00
2026-07-19 06:00:00+00:00,BE,offshore,16.9,62,131.0,9.6,-0.29237170472273716,0.9563047559630353,16.5,66,66.0,8.3,-0.1736481776669304,0.984807753012208,17.2,60,158.0,9.1,-0.24192189559966787,0.9702957262759965,16.5,66,85.0,8.7,-0.1736481776669304,0.984807753012208,1.2250000000000014,open-meteo,2026-08-08T09:50:20+00:00
2026-07-19 07:00:00+00:00,BE,offshore,16.7,63,301.0,8.3,-0.3420201433256686,0.9396926207859084,16.5,64,153.0,8.1,-0.10452846326765342,0.9945218953682733,16.8,66,306.0,8.3,-0.29237170472273716,0.9563047559630353,16.5,64,261.0,7.3,-0.12186934340514723,0.9925461516413221,1.375,open-meteo,2026-08-08T09:50:20+00:00
2026-07-19 08:00:00+00:00,BE,offshore,16.6,66,246.0,7.4,-0.19080899537654467,0.981627183447664,16.5,65,412.0,8.0,-0.15643446504023112,0.9876883405951377,16.9,66,220.0,8.2,-0.24192189559966787,0.9702957262759965,16.7,64,436.0,6.7,-0.10452846326765342,0.9945218953682733,1.3249999999999993,open-meteo,2026-08-08T09:50:20+00:00
2026-07-19 09:00:00+00:00,BE,offshore,16.9,61,291.0,6.8,-0.08715574274765832,0.9961946980917455,16.5,65,222.0,8.3,-0.20791169081775987,0.9781476007338056,16.9,63,535.0,7.6,-0.15643446504023112,0.9876883405951377,16.7,63,367.0,7.4,-0.15643446504023112,0.9876883405951377,1.25,open-meteo,2026-08-08T09:50:20+00:00
2026-07-19 10:00:00+00:00,BE,offshore,16.9,62,343.0,5.2,-0.5877852522924734,0.8090169943749473,16.6,64,490.0,7.5,-0.2588190451025207,0.9659258262890683,17.1,62,692.0,6.4,-0.35836794954530077,0.9335804264972015,16.8,63,563.0,7.3,-0.2588190451025207,0.9659258262890683,1.1499999999999986,open-meteo,2026-08-08T09:50:20+00:00
2026-07-19 11:00:00+00:00,BE,offshore,16.8,64,479.0,5.2,-0.544639035015027,0.838670567945424,16.6,64,436.0,7.4,-0.29237170472273716,0.9563047559630353,17.1,61,701.0,5.7,-0.3420201433256686,0.9396926207859084,16.7,63,626.0,6.5,-0.3090169943749477,0.9510565162951535,1.1999999999999993,open-meteo,2026-08-08T09:50:20+00:00
2026-07-19 12:00:00+00:00,BE,offshore,16.5,64,289.0,7.1,-0.08715574274765832,0.9961946980917455,16.1,64,461.0,7.2,-0.19080899537654467,0.981627183447664,16.6,65,757.0,7.3,-0.13917310096006588,0.9902680687415703,16.3,64,759.0,7.5,-0.27563735581699894,0.9612616959383189,1.625,open-meteo,2026-08-08T09:50:20+00:00
2026-07-19 13:00:00+00:00,BE,offshore,17.0,62,807.0,7.3,-0.19080899537654467,0.981627183447664,16.5,63,780.0,7.4,-0.24192189559966787,0.9702957262759965,17.0,64,849.0,7.6,-0.19080899537654467,0.981627183447664,16.6,63,827.0,8.3,-0.27563735581699894,0.9612616959383189,1.2250000000000014,open-meteo,2026-08-08T09:50:20+00:00
2026-07-19 14:00:00+00:00,BE,offshore,16.6,62,670.0,7.9,-0.12186934340514723,0.9925461516413221,16.2,61,768.0,8.1,-0.24192189559966787,0.9702957262759965,16.7,63,542.0,8.0,-0.1736481776669304,0.984807753012208,16.4,62,558.0,8.6,-0.29237170472273716,0.9563047559630353,1.5249999999999986,open-meteo,2026-08-08T09:50:20+00:00
2026-07-19 15:00:00+00:00,BE,offshore,16.4,62,712.0,8.8,-0.10452846326765342,0.9945218953682733,15.7,69,704.0,9.3,-0.1736481776669304,0.984807753012208,16.5,62,697.0,8.5,-0.24192189559966787,0.9702957262759965,15.9,69,696.0,9.7,-0.37460659341591235,0.9271838545667873,1.875,open-meteo,2026-08-08T09:50:20+00:00
2026-07-19 16:00:00+00:00,BE,offshore,16.5,63,572.0,7.5,-0.10452846326765342,0.9945218953682733,16.0,67,428.0,9.2,-0.15643446504023112,0.9876883405951377,16.6,64,555.0,9.1,-0.1736481776669304,0.984807753012208,16.1,67,504.0,9.6,-0.3090169943749477,0.9510565162951535,1.6999999999999993,open-meteo,2026-08-08T09:50:20+00:00
2026-07-19 17:00:00+00:00,BE,offshore,16.4,66,443.0,9.0,0.10452846326765347,0.9945218953682733,16.1,66,437.0,8.2,-0.10452846326765342,0.9945218953682733,16.5,65,440.0,7.9,-0.12186934340514723,0.9925461516413221,16.2,66,366.0,8.2,-0.2588190451025207,0.9659258262890683,1.6999999999999993,open-meteo,2026-08-08T09:50:20+00:00
2026-07-19 18:00:00+00:00,BE,offshore,16.7,65,285.0,9.3,0.10452846326765347,0.9945218953682733,16.4,65,283.0,9.2,-0.034899496702500823,0.9993908270190958,16.8,64,281.0,9.2,0.01745240643728351,0.9998476951563913,16.5,64,279.0,9.3,-0.13917310096006588,0.9902680687415703,1.4000000000000021,open-meteo,2026-08-08T09:50:20+00:00
2026-07-19 19:00:00+00:00,BE,offshore,16.5,69,137.0,9.3,0.10452846326765347,0.9945218953682733,16.4,66,139.0,9.6,-0.08715574274765832,0.9961946980917455,16.7,68,135.0,8.8,-0.034899496702500823,0.9993908270190958,16.7,65,136.0,9.1,-0.06975647374412564,0.9975640502598242,1.4250000000000007,open-meteo,2026-08-08T09:50:20+00:00
2026-07-19 20:00:00+00:00,BE,offshore,16.6,66,26.0,7.1,0.25881904510252074,0.9659258262890683,16.4,66,28.0,9.0,-0.13917310096006588,0.9902680687415703,16.7,64,25.0,8.1,-0.05233595624294437,0.9986295347545738,16.5,65,26.0,9.6,-0.2588190451025207,0.9659258262890683,1.4499999999999993,open-meteo,2026-08-08T09:50:20+00:00
2026-07-19 21:00:00+00:00,BE,offshore,16.6,67,0.0,6.8,0.25881904510252074,0.9659258262890683,16.4,67,0.0,9.0,-0.12186934340514723,0.9925461516413221,16.7,66,0.0,7.7,-0.05233595624294437,0.9986295347545738,16.5,67,0.0,8.9,-0.20791169081775987,0.9781476007338056,1.4499999999999993,open-meteo,2026-08-08T09:50:20+00:00
2026-07-19 22:00:00+00:00,BE,offshore,16.7,66,0.0,9.4,0.01745240643728351,0.9998476951563913,16.3,67,0.0,9.8,-0.1736481776669304,0.984807753012208,16.9,65,0.0,9.1,-0.034899496702500823,0.9993908270190958,16.4,69,0.0,9.8,-0.19080899537654467,0.981627183447664,1.4250000000000007,open-meteo,2026-08-08T09:50:20+00:00
2026-07-19 23:00:00+00:00,BE,offshore,16.6,67,0.0,8.2,-0.06975647374412564,0.9975640502598242,16.4,66,0.0,8.6,-0.15643446504023112,0.9876883405951377,16.6,70,0.0,8.6,-0.1736481776669304,0.984807753012208,16.6,66,0.0,9.1,-0.19080899537654467,0.981627183447664,1.4499999999999993,open-meteo,2026-08-08T09:50:20+00:00
2026-07-20 00:00:00+00:00,BE,offshore,16.6,65,0.0,7.8,-0.06975647374412564,0.9975640502598242,16.4,66,0.0,8.8,-0.24192189559966787,0.9702957262759965,16.6,70,0.0,8.7,-0.13917310096006588,0.9902680687415703,16.6,66,0.0,9.1,-0.29237170472273716,0.9563047559630353,1.4499999999999993,open-meteo,2026-08-08T09:50:20+00:00
2026-07-20 01:00:00+00:00,BE,offshore,16.5,65,0.0,8.1,-0.05233595624294437,0.9986295347545738,16.4,64,0.0,8.1,-0.19080899537654467,0.981627183447664,16.7,64,0.0,8.1,-0.15643446504023112,0.9876883405951377,16.5,65,0.0,8.1,-0.2588190451025207,0.9659258262890683,1.4750000000000014,open-meteo,2026-08-08T09:50:20+00:00
2026-07-20 02:00:00+00:00,BE,offshore,16.7,65,0.0,7.4,-0.13917310096006588,0.9902680687415703,16.6,66,0.0,7.9,-0.20791169081775987,0.9781476007338056,16.9,65,0.0,7.6,-0.3420201433256686,0.9396926207859084,16.6,67,0.0,8.0,-0.29237170472273716,0.9563047559630353,1.3000000000000007,open-meteo,2026-08-08T09:50:20+00:00
2026-07-20 03:00:00+00:00,BE,offshore,16.6,65,0.0,7.5,-0.20791169081775987,0.9781476007338056,16.4,66,0.0,7.4,-0.20791169081775987,0.9781476007338056,16.9,64,0.0,6.9,-0.3090169943749477,0.9510565162951535,16.6,66,0.0,7.9,-0.24192189559966787,0.9702957262759965,1.375,open-meteo,2026-08-08T09:50:20+00:00
2026-07-20 04:00:00+00:00,BE,offshore,16.7,62,0.0,7.1,-0.1736481776669304,0.984807753012208,16.6,64,0.0,7.6,-0.12186934340514723,0.9925461516413221,16.9,62,0.0,7.1,-0.22495105434386534,0.9743700647852351,16.8,61,0.0,7.3,-0.15643446504023112,0.9876883405951377,1.25,open-meteo,2026-08-08T09:50:20+00:00
2026-07-20 05:00:00+00:00,BE,offshore,16.7,63,11.0,7.9,-0.06975647374412564,0.9975640502598242,16.3,66,29.0,7.6,-0.08715574274765832,0.9961946980917455,16.9,62,22.0,8.1,-0.01745240643728356,0.9998476951563913,16.5,63,28.0,8.0,-0.12186934340514723,0.9925461516413221,1.3999999999999986,open-meteo,2026-08-08T09:50:20+00:00
2026-07-20 06:00:00+00:00,BE,offshore,16.7,65,72.0,7.8,-0.034899496702500823,0.9993908270190958,16.3,66,107.0,7.5,-2.4492935982947064e-16,1.0,16.8,65,91.0,8.0,-0.034899496702500823,0.9993908270190958,16.4,66,66.0,7.5,-0.034899496702500823,0.9993908270190958,1.4500000000000028,open-meteo,2026-08-08T09:50:20+00:00
2026-07-20 07:00:00+00:00,BE,offshore,16.9,64,228.0,7.6,0.052335956242943835,0.9986295347545738,16.4,68,275.0,7.4,-2.4492935982947064e-16,1.0,17.0,62,258.0,7.8,-0.01745240643728356,0.9998476951563913,16.5,66,268.0,7.7,-0.01745240643728356,0.9998476951563913,1.3000000000000007,open-meteo,2026-08-08T09:50:20+00:00
2026-07-20 08:00:00+00:00,BE,offshore,16.7,66,413.0,5.9,-0.3907311284892739,0.9205048534524403,16.5,66,385.0,5.8,-0.05233595624294437,0.9986295347545738,16.9,64,410.0,6.6,-0.19080899537654467,0.981627183447664,16.6,64,397.0,6.1,-0.01745240643728356,0.9998476951563913,1.3249999999999993,open-meteo,2026-08-08T09:50:20+00:00
2026-07-20 09:00:00+00:00,BE,offshore,16.7,65,333.0,6.5,-0.27563735581699894,0.9612616959383189,16.3,67,234.0,7.9,-0.05233595624294437,0.9986295347545738,16.8,63,478.0,6.7,-0.08715574274765832,0.9961946980917455,16.4,65,275.0,7.1,-0.05233595624294437,0.9986295347545738,1.4500000000000028,open-meteo,2026-08-08T09:50:20+00:00
2026-07-20 10:00:00+00:00,BE,offshore,16.7,65,434.0,7.9,0.03489949670250097,0.9993908270190958,16.4,67,515.0,8.3,-0.06975647374412564,0.9975640502598242,16.8,64,578.0,7.2,0.0,1.0,16.5,66,549.0,7.5,-0.12186934340514723,0.9925461516413221,1.4000000000000021,open-meteo,2026-08-08T09:50:20+00:00
2026-07-20 11:00:00+00:00,BE,offshore,16.8,67,731.0,7.0,-0.10452846326765342,0.9945218953682733,16.6,69,768.0,7.1,-0.4848096202463369,0.8746197071393959,17.1,62,735.0,7.0,-0.19080899537654467,0.981627183447664,17.0,66,537.0,7.1,-0.4226182617406992,0.90630778703665,1.125,open-meteo,2026-08-08T09:50:20+00:00
2026-07-20 12:00:00+00:00,BE,offshore,16.8,65,787.0,7.5,-0.12186934340514723,0.9925461516413221,16.4,73,799.0,7.6,-0.5735764363510465,0.8191520442889916,16.9,64,831.0,8.2,-0.27563735581699894,0.9612616959383189,16.9,65,723.0,7.7,-0.4226182617406992,0.90630778703665,1.25,open-meteo,2026-08-08T09:50:20+00:00
2026-07-20 13:00:00+00:00,BE,offshore,16.6,66,832.0,7.0,-0.08715574274765832,0.9961946980917455,15.8,79,287.0,6.0,-0.4694715627858908,0.882947592858927,16.8,65,815.0,7.7,-0.1736481776669304,0.984807753012208,16.5,67,763.0,7.0,-0.3420201433256686,0.9396926207859084,1.5749999999999993,open-meteo,2026-08-08T09:50:20+00:00
2026-07-20 14:00:00+00:00,BE,offshore,16.6,77,683.0,7.2,-0.13917310096006588,0.9902680687415703,16.2,81,198.0,5.7,-0.05233595624294437,0.9986295347545738,17.2,67,800.0,6.9,-0.05233595624294437,0.9986295347545738,16.9,66,572.0,6.1,0.052335956242943835,0.9986295347545738,1.2749999999999986,open-meteo,2026-08-08T09:50:20+00:00
2026-07-20 15:00:00+00:00,BE,offshore,16.7,78,489.0,6.6,0.13917310096006544,0.9902680687415704,16.7,76,412.0,6.5,0.17364817766693033,0.984807753012208,16.9,75,543.0,7.1,-0.034899496702500823,0.9993908270190958,17.0,70,664.0,6.3,0.10452846326765347,0.9945218953682733,1.1750000000000007,open-meteo,2026-08-08T09:50:20+00:00
2026-07-20 16:00:00+00:00,BE,offshore,16.7,74,476.0,6.5,0.24192189559966773,0.9702957262759965,16.4,79,516.0,6.1,0.0697564737441253,0.9975640502598242,17.0,70,490.0,7.0,0.08715574274765817,0.9961946980917455,16.6,76,493.0,6.6,-0.06975647374412564,0.9975640502598242,1.3250000000000028,open-meteo,2026-08-08T09:50:20+00:00
2026-07-20 17:00:00+00:00,BE,offshore,17.2,71,430.0,7.3,0.27563735581699916,0.9612616959383189,16.9,76,420.0,7.3,0.12186934340514748,0.992546151641322,17.5,66,428.0,7.6,0.20791169081775934,0.9781476007338057,17.0,71,430.0,6.7,0.01745240643728351,0.9998476951563913,0.8500000000000014,open-meteo,2026-08-08T09:50:20+00:00
2026-07-20 18:00:00+00:00,BE,offshore,16.9,75,280.0,7.7,0.25881904510252074,0.9659258262890683,16.8,72,279.0,7.7,0.20791169081775934,0.9781476007338057,17.1,69,276.0,7.6,0.25881904510252074,0.9659258262890683,16.9,70,275.0,7.1,0.17364817766693033,0.984807753012208,1.0749999999999993,open-meteo,2026-08-08T09:50:20+00:00
2026-07-20 19:00:00+00:00,BE,offshore,16.8,76,132.0,6.5,0.3255681544571567,0.9455185755993168,16.6,75,135.0,6.4,0.29237170472273677,0.9563047559630354,17.1,72,127.0,7.2,0.224951054343865,0.9743700647852352,16.8,71,130.0,6.7,0.15643446504023087,0.9876883405951378,1.1749999999999972,open-meteo,2026-08-08T09:50:20+00:00
2026-07-20 20:00:00+00:00,BE,offshore,17.4,71,24.0,8.1,0.42261826174069944,0.9063077870366499,17.0,73,26.0,6.6,0.29237170472273677,0.9563047559630354,17.5,69,22.0,8.1,0.3090169943749474,0.9510565162951535,17.1,71,24.0,7.6,0.20791169081775934,0.9781476007338057,0.75,open-meteo,2026-08-08T09:50:20+00:00
2026-07-20 21:00:00+00:00,BE,offshore,17.2,72,0.0,7.6,0.4067366430758002,0.9135454576426009,16.8,73,0.0,7.7,0.374606593415912,0.9271838545667874,17.3,71,0.0,7.9,0.29237170472273677,0.9563047559630354,17.0,71,0.0,8.3,0.3255681544571567,0.9455185755993168,0.9250000000000007,open-meteo,2026-08-08T09:50:20+00:00
2026-07-20 22:00:00+00:00,BE,offshore,17.2,68,0.0,7.5,0.48480962024633706,0.8746197071393957,16.8,75,0.0,7.0,0.3090169943749474,0.9510565162951535,17.4,68,0.0,8.1,0.39073112848927377,0.9205048534524404,17.1,70,0.0,8.2,0.27563735581699916,0.9612616959383189,0.875,open-meteo,2026-08-08T09:50:20+00:00
2026-07-20 23:00:00+00:00,BE,offshore,17.2,69,0.0,7.9,0.5299192642332049,0.848048096156426,16.8,73,0.0,7.2,0.43837114678907746,0.898794046299167,17.2,67,0.0,8.4,0.49999999999999994,0.8660254037844387,17.0,70,0.0,8.4,0.374606593415912,0.9271838545667874,0.9499999999999993,open-meteo,2026-08-08T09:50:20+00:00
2026-07-21 00:00:00+00:00,BE,offshore,17.2,69,0.0,7.0,0.42261826174069944,0.9063077870366499,16.8,74,0.0,6.1,0.29237170472273677,0.9563047559630354,17.4,67,0.0,7.8,0.42261826174069944,0.9063077870366499,17.1,69,0.0,6.8,0.29237170472273677,0.9563047559630354,0.875,open-meteo,2026-08-08T09:50:20+00:00
2026-07-21 01:00:00+00:00,BE,offshore,17.1,70,0.0,6.8,0.3090169943749474,0.9510565162951535,16.5,78,0.0,6.5,0.01745240643728351,0.9998476951563913,17.2,68,0.0,6.6,0.17364817766693033,0.984807753012208,17.0,70,0.0,6.1,0.15643446504023087,0.9876883405951378,1.0500000000000007,open-meteo,2026-08-08T09:50:20+00:00
2026-07-21 02:00:00+00:00,BE,offshore,16.9,72,0.0,6.8,0.15643446504023087,0.9876883405951378,16.5,78,0.0,7.4,-0.08715574274765832,0.9961946980917455,17.2,69,0.0,7.2,0.08715574274765817,0.9961946980917455,17.0,69,0.0,6.9,0.15643446504023087,0.9876883405951378,1.1000000000000014,open-meteo,2026-08-08T09:50:20+00:00
2026-07-21 03:00:00+00:00,BE,offshore,17.0,69,0.0,5.8,0.03489949670250097,0.9993908270190958,16.7,70,0.0,6.6,0.08715574274765817,0.9961946980917455,17.2,68,0.0,6.6,0.12186934340514748,0.992546151641322,16.9,69,0.0,6.8,0.17364817766693033,0.984807753012208,1.0499999999999972,open-meteo,2026-08-08T09:50:20+00:00
2026-07-21 04:00:00+00:00,BE,offshore,16.8,78,0.0,5.8,0.03489949670250097,0.9993908270190958,16.8,72,0.0,5.9,0.01745240643728351,0.9998476951563913,17.3,71,0.0,6.7,0.13917310096006544,0.9902680687415704,16.8,74,0.0,6.0,0.10452846326765347,0.9945218953682733,1.0749999999999993,open-meteo,2026-08-08T09:50:20+00:00
2026-07-21 05:00:00+00:00,BE,offshore,16.9,73,16.0,6.6,0.052335956242943835,0.9986295347545738,16.4,81,13.0,5.1,-0.1736481776669304,0.984807753012208,17.1,69,33.0,4.9,0.27563735581699916,0.9612616959383189,16.8,73,13.0,5.9,-0.20791169081775987,0.9781476007338056,1.1999999999999993,open-meteo,2026-08-08T09:50:20+00:00
2026-07-21 06:00:00+00:00,BE,offshore,17.1,69,36.0,5.3,0.13917310096006544,0.9902680687415704,16.5,80,37.0,5.2,-0.10452846326765342,0.9945218953682733,17.1,69,14.0,6.0,0.20791169081775934,0.9781476007338057,16.8,72,144.0,5.1,0.3090169943749474,0.9510565162951535,1.125,open-meteo,2026-08-08T09:50:20+00:00
2026-07-21 07:00:00+00:00,BE,offshore,16.6,78,118.0,5.0,-0.06975647374412564,0.9975640502598242,16.9,70,49.0,4.9,0.42261826174069944,0.9063077870366499,17.3,70,79.0,5.6,0.20791169081775934,0.9781476007338057,17.0,66,107.0,4.9,0.3090169943749474,0.9510565162951535,1.0500000000000007,open-meteo,2026-08-08T09:50:20+00:00
2026-07-21 08:00:00+00:00,BE,offshore,17.0,68,51.0,3.3,0.6018150231520483,0.7986355100472928,16.2,82,62.0,4.5,0.20791169081775934,0.9781476007338057,17.2,65,254.0,3.6,0.224951054343865,0.9743700647852352,17.1,63,76.0,3.7,0.0,1.0,1.125,open-meteo,2026-08-08T09:50:20+00:00
2026-07-21 09:00:00+00:00,BE,offshore,16.6,74,519.0,3.5,0.8660254037844386,0.5000000000000001,16.8,64,79.0,2.7,0.24192189559966773,0.9702957262759965,17.0,67,595.0,3.9,0.374606593415912,0.9271838545667874,16.9,65,456.0,3.3,0.0697564737441253,0.9975640502598242,1.1749999999999972,open-meteo,2026-08-08T09:50:20+00:00
2026-07-21 10:00:00+00:00,BE,offshore,17.0,69,429.0,4.5,0.15643446504023087,0.9876883405951378,16.4,79,193.0,5.1,0.35836794954530027,0.9335804264972017,17.2,65,335.0,4.5,0.35836794954530027,0.9335804264972017,16.1,79,691.0,4.7,0.29237170472273677,0.9563047559630354,1.3250000000000028,open-meteo,2026-08-08T09:50:20+00:00
2026-07-21 11:00:00+00:00,BE,offshore,16.7,71,380.0,3.7,-0.12186934340514723,0.9925461516413221,16.2,78,275.0,4.0,-0.6293203910498378,0.7771459614569706,16.9,71,688.0,4.9,-0.4694715627858908,0.882947592858927,16.5,77,158.0,5.2,-0.7771459614569708,0.6293203910498375,1.4250000000000007,open-meteo,2026-08-08T09:50:20+00:00
2026-07-21 12:00:00+00:00,BE,offshore,17.2,69,365.0,5.6,-0.40673664307580015,0.9135454576426009,16.5,79,435.0,5.0,-0.29237170472273716,0.9563047559630353,17.5,65,805.0,5.1,-0.3420201433256686,0.9396926207859084,16.4,76,338.0,3.1,-0.6156614753256582,0.7880107536067221,1.1000000000000014,open-meteo,2026-08-08T09:50:20+00:00
2026-07-21 13:00:00+00:00,BE,offshore,16.5,79,445.0,5.8,-0.08715574274765832,0.9961946980917455,16.4,76,193.0,5.9,-0.3907311284892739,0.9205048534524403,16.5,77,264.0,6.1,-0.12186934340514723,0.9925461516413221,16.2,79,304.0,5.8,-0.3090169943749477,0.9510565162951535,1.6000000000000014,open-meteo,2026-08-08T09:50:20+00:00
2026-07-21 14:00:00+00:00,BE,offshore,16.3,83,326.0,5.7,-0.35836794954530077,0.9335804264972015,16.1,84,428.0,6.4,-0.24192189559966787,0.9702957262759965,16.5,80,292.0,5.5,-0.4226182617406992,0.90630778703665,16.3,80,364.0,4.5,-0.3255681544571567,0.9455185755993168,1.6999999999999993,open-meteo,2026-08-08T09:50:20+00:00
2026-07-21 15:00:00+00:00,BE,offshore,16.8,79,120.0,6.1,-0.10452846326765342,0.9945218953682733,16.6,78,374.0,5.4,-0.08715574274765832,0.9961946980917455,16.8,80,219.0,6.0,-0.19080899537654467,0.981627183447664,16.7,79,281.0,5.8,-0.20791169081775987,0.9781476007338056,1.2749999999999986,open-meteo,2026-08-08T09:50:20+00:00
2026-07-21 16:00:00+00:00,BE,offshore,16.7,77,268.0,4.8,-0.2588190451025207,0.9659258262890683,16.4,78,391.0,5.2,-0.22495105434386534,0.9743700647852351,16.8,78,341.0,5.5,-0.2588190451025207,0.9659258262890683,16.4,78,359.0,5.7,-0.27563735581699894,0.9612616959383189,1.4250000000000043,open-meteo,2026-08-08T09:50:20+00:00
2026-07-21 17:00:00+00:00,BE,offshore,16.8,79,243.0,6.6,0.0697564737441253,0.9975640502598242,16.5,80,279.0,6.1,-0.13917310096006588,0.9902680687415703,17.0,76,297.0,6.4,-0.05233595624294437,0.9986295347545738,16.6,80,404.0,6.4,-0.3420201433256686,0.9396926207859084,1.2749999999999986,open-meteo,2026-08-08T09:50:20+00:00
2026-07-21 18:00:00+00:00,BE,offshore,17.0,77,209.0,6.0,-0.06975647374412564,0.9975640502598242,16.6,78,257.0,6.3,-0.12186934340514723,0.9925461516413221,17.0,77,155.0,6.4,-0.12186934340514723,0.9925461516413221,16.7,78,181.0,6.6,-0.20791169081775987,0.9781476007338056,1.1750000000000007,open-meteo,2026-08-08T09:50:20+00:00
2026-07-21 19:00:00+00:00,BE,offshore,16.9,78,29.0,6.0,-0.15643446504023112,0.9876883405951377,16.5,78,33.0,7.1,-0.08715574274765832,0.9961946980917455,17.1,77,90.0,6.1,-0.06975647374412564,0.9975640502598242,16.7,78,53.0,6.4,-0.13917310096006588,0.9902680687415703,1.1999999999999993,open-meteo,2026-08-08T09:50:20+00:00
2026-07-21 20:00:00+00:00,BE,offshore,17.1,79,5.0,6.6,0.03489949670250097,0.9993908270190958,16.7,80,6.0,6.8,0.01745240643728351,0.9998476951563913,17.2,78,13.0,6.6,-0.10452846326765342,0.9945218953682733,16.8,81,7.0,7.2,-0.06975647374412564,0.9975640502598242,1.0500000000000007,open-meteo,2026-08-08T09:50:20+00:00
2026-07-21 21:00:00+00:00,BE,offshore,16.9,76,0.0,6.1,0.25881904510252074,0.9659258262890683,16.4,80,0.0,6.5,0.12186934340514748,0.992546151641322,17.1,77,0.0,6.6,0.01745240643728351,0.9998476951563913,16.6,79,0.0,6.5,0.01745240643728351,0.9998476951563913,1.25,open-meteo,2026-08-08T09:50:20+00:00
2026-07-21 22:00:00+00:00,BE,offshore,16.9,74,0.0,5.5,0.39073112848927377,0.9205048534524404,16.4,80,0.0,5.5,0.0697564737441253,0.9975640502598242,17.1,75,0.0,5.3,0.03489949670250097,0.9993908270190958,16.8,75,0.0,5.4,-0.06975647374412564,0.9975640502598242,1.1999999999999993,open-meteo,2026-08-08T09:50:20+00:00
2026-07-21 23:00:00+00:00,BE,offshore,16.8,75,0.0,4.8,0.1908089953765448,0.981627183447664,16.6,73,0.0,5.9,0.03489949670250097,0.9993908270190958,16.9,76,0.0,5.4,-2.4492935982947064e-16,1.0,16.7,74,0.0,6.1,0.0697564737441253,0.9975640502598242,1.25,open-meteo,2026-08-08T09:50:20+00:00
2026-07-22 00:00:00+00:00,BE,offshore,16.9,75,0.0,5.6,0.08715574274765817,0.9961946980917455,16.6,78,0.0,6.0,-0.19080899537654467,0.981627183447664,17.2,72,0.0,6.1,-0.034899496702500823,0.9993908270190958,16.7,79,0.0,6.3,-0.29237170472273716,0.9563047559630353,1.1499999999999986,open-meteo,2026-08-08T09:50:20+00:00
2026-07-22 01:00:00+00:00,BE,offshore,16.7,76,0.0,5.4,-0.1736481776669304,0.984807753012208,16.5,79,0.0,5.9,-0.29237170472273716,0.9563047559630353,17.0,76,0.0,5.9,-0.29237170472273716,0.9563047559630353,16.9,75,0.0,7.4,-0.35836794954530077,0.9335804264972015,1.2250000000000014,open-meteo,2026-08-08T09:50:20+00:00
2026-07-22 02:00:00+00:00,BE,offshore,16.7,76,0.0,4.7,-0.08715574274765832,0.9961946980917455,16.4,77,0.0,4.8,-0.37460659341591235,0.9271838545667873,17.0,75,0.0,5.8,-0.15643446504023112,0.9876883405951377,16.7,77,0.0,5.9,-0.5591929034707466,0.8290375725550418,1.3000000000000007,open-meteo,2026-08-08T09:50:20+00:00
2026-07-22 03:00:00+00:00,BE,offshore,16.9,73,0.0,6.4,-0.27563735581699894,0.9612616959383189,16.7,76,0.0,6.5,-0.3420201433256686,0.9396926207859084,17.2,74,0.0,6.4,-0.24192189559966787,0.9702957262759965,16.9,76,0.0,7.6,-0.3420201433256686,0.9396926207859084,1.0750000000000028,open-meteo,2026-08-08T09:50:20+00:00
2026-07-22 04:00:00+00:00,BE,offshore,16.7,77,0.0,6.4,-0.29237170472273716,0.9563047559630353,16.5,76,0.0,6.2,-0.35836794954530077,0.9335804264972015,17.0,73,0.0,7.5,-0.27563735581699894,0.9612616959383189,16.7,75,0.0,7.0,-0.40673664307580015,0.9135454576426009,1.2749999999999986,open-meteo,2026-08-08T09:50:20+00:00
2026-07-22 05:00:00+00:00,BE,offshore,16.6,74,28.0,6.1,-0.3255681544571567,0.9455185755993168,16.4,76,26.0,6.5,-0.35836794954530077,0.9335804264972015,16.7,74,31.0,6.4,-0.3907311284892739,0.9205048534524403,16.6,72,19.0,7.6,-0.35836794954530077,0.9335804264972015,1.4249999999999972,open-meteo,2026-08-08T09:50:20+00:00
2026-07-22 06:00:00+00:00,BE,offshore,16.9,74,89.0,6.4,-0.3907311284892739,0.9205048534524403,16.6,75,56.0,6.7,-0.37460659341591235,0.9271838545667873,17.0,72,45.0,6.4,-0.3420201433256686,0.9396926207859084,16.8,73,76.0,6.7,-0.37460659341591235,0.9271838545667873,1.1750000000000007,open-meteo,2026-08-08T09:50:20+00:00
2026-07-22 07:00:00+00:00,BE,offshore,17.0,74,165.0,7.0,-0.3907311284892739,0.9205048534524403,16.9,74,111.0,6.7,-0.29237170472273716,0.9563047559630353,17.1,74,171.0,7.4,-0.2588190451025207,0.9659258262890683,16.9,75,105.0,7.2,-0.2588190451025207,0.9659258262890683,1.0249999999999986,open-meteo,2026-08-08T09:50:20+00:00
2026-07-22 08:00:00+00:00,BE,offshore,16.8,74,392.0,6.5,-0.08715574274765832,0.9961946980917455,16.4,80,221.0,7.1,-0.4694715627858908,0.882947592858927,16.9,75,311.0,8.8,-0.22495105434386534,0.9743700647852351,16.8,75,260.0,8.6,-0.40673664307580015,0.9135454576426009,1.2749999999999986,open-meteo,2026-08-08T09:50:20+00:00
2026-07-22 09:00:00+00:00,BE,offshore,16.4,81,564.0,7.3,-0.10452846326765342,0.9945218953682733,16.1,82,548.0,7.0,-0.4383711467890778,0.8987940462991668,16.7,77,518.0,8.0,-0.2588190451025207,0.9659258262890683,16.6,78,556.0,8.1,-0.4694715627858908,0.882947592858927,1.5499999999999972,open-meteo,2026-08-08T09:50:20+00:00
2026-07-22 10:00:00+00:00,BE,offshore,16.6,82,690.0,8.5,-0.24192189559966787,0.9702957262759965,16.3,82,680.0,8.1,-0.35836794954530077,0.9335804264972015,16.9,76,587.0,7.3,-0.3907311284892739,0.9205048534524403,16.7,78,682.0,8.5,-0.3907311284892739,0.9205048534524403,1.375,open-meteo,2026-08-08T09:50:20+00:00
2026-07-22 11:00:00+00:00,BE,offshore,16.7,79,714.0,6.3,-0.3420201433256686,0.9396926207859084,16.6,80,705.0,6.8,-0.529919264233205,0.8480480961564258,16.9,79,668.0,7.3,-0.4848096202463369,0.8746197071393959,16.9,80,434.0,8.0,-0.529919264233205,0.8480480961564258,1.2250000000000014,open-meteo,2026-08-08T09:50:20+00:00
2026-07-22 12:00:00+00:00,BE,offshore,16.7,79,564.0,6.1,-0.4383711467890778,0.8987940462991668,16.8,79,756.0,6.2,-0.5150380749100545,0.8571673007021121,17.0,79,693.0,7.6,-0.5000000000000004,0.8660254037844384,17.1,76,702.0,8.1,-0.529919264233205,0.8480480961564258,1.1000000000000014,open-meteo,2026-08-08T09:50:20+00:00
2026-07-22 13:00:00+00:00,BE,offshore,16.7,78,688.0,4.1,-0.29237170472273716,0.9563047559630353,16.8,75,792.0,5.4,-0.24192189559966787,0.9702957262759965,17.0,75,717.0,6.4,-0.5877852522924734,0.8090169943749473,17.0,75,798.0,7.7,-0.4694715627858908,0.882947592858927,1.125,open-meteo,2026-08-08T09:50:20+00:00
2026-07-22 14:00:00+00:00,BE,offshore,17.0,75,583.0,3.9,-0.3090169943749477,0.9510565162951535,17.0,75,705.0,5.8,-0.35836794954530077,0.9335804264972015,17.3,73,640.0,6.0,-0.40673664307580015,0.9135454576426009,17.2,75,497.0,8.0,-0.4383711467890778,0.8987940462991668,0.875,open-meteo,2026-08-08T09:50:20+00:00
2026-07-22 15:00:00+00:00,BE,offshore,17.2,73,654.0,5.5,-0.10452846326765342,0.9945218953682733,17.0,75,249.0,6.4,-0.3255681544571567,0.9455185755993168,17.2,74,635.0,6.9,-0.2588190451025207,0.9659258262890683,17.1,75,206.0,9.0,-0.4226182617406992,0.90630778703665,0.875,open-meteo,2026-08-08T09:50:20+00:00
2026-07-22 16:00:00+00:00,BE,offshore,16.9,78,563.0,5.5,0.0,1.0,16.7,75,404.0,6.7,-0.13917310096006588,0.9902680687415703,17.0,76,526.0,6.9,-0.20791169081775987,0.9781476007338056,16.8,75,238.0,8.3,-0.3255681544571567,0.9455185755993168,1.1500000000000021,open-meteo,2026-08-08T09:50:20+00:00
2026-07-22 17:00:00+00:00,BE,offshore,16.9,80,262.0,6.1,0.01745240643728351,0.9998476951563913,16.8,76,152.0,6.3,-0.22495105434386534,0.9743700647852351,17.1,78,290.0,7.0,-0.27563735581699894,0.9612616959383189,17.0,76,240.0,7.5,-0.3090169943749477,0.9510565162951535,1.0499999999999972,open-meteo,2026-08-08T09:50:20+00:00
2026-07-22 18:00:00+00:00,BE,offshore,16.8,79,159.0,6.8,0.17364817766693033,0.984807753012208,16.6,75,96.0,6.6,-0.08715574274765832,0.9961946980917455,17.1,76,78.0,7.9,-0.01745240643728356,0.9998476951563913,16.7,74,134.0,7.9,-0.15643446504023112,0.9876883405951377,1.1999999999999993,open-meteo,2026-08-08T09:50:20+00:00
2026-07-22 19:00:00+00:00,BE,offshore,17.0,74,115.0,6.8,0.10452846326765347,0.9945218953682733,16.5,76,87.0,7.8,-0.01745240643728356,0.9998476951563913,17.2,73,89.0,7.4,-0.13917310096006588,0.9902680687415703,16.8,75,109.0,8.6,-0.12186934340514723,0.9925461516413221,1.125,open-meteo,2026-08-08T09:50:20+00:00
2026-07-22 20:00:00+00:00,BE,offshore,17.1,74,22.0,7.8,-0.034899496702500823,0.9993908270190958,16.5,76,23.0,7.3,-0.08715574274765832,0.9961946980917455,17.2,75,20.0,7.5,-0.13917310096006588,0.9902680687415703,16.9,75,20.0,8.5,-0.13917310096006588,0.9902680687415703,1.0750000000000028,open-meteo,2026-08-08T09:50:20+00:00
2026-07-22 21:00:00+00:00,BE,offshore,16.8,73,0.0,7.4,-0.034899496702500823,0.9993908270190958,16.4,75,0.0,7.1,-0.08715574274765832,0.9961946980917455,17.0,73,0.0,7.3,-0.01745240643728356,0.9998476951563913,16.7,73,0.0,7.7,-0.08715574274765832,0.9961946980917455,1.2749999999999986,open-meteo,2026-08-08T09:50:20+00:00
2026-07-22 22:00:00+00:00,BE,offshore,16.8,74,0.0,5.9,0.10452846326765347,0.9945218953682733,16.8,76,0.0,5.5,-0.10452846326765342,0.9945218953682733,17.0,73,0.0,6.4,-0.034899496702500823,0.9993908270190958,16.8,77,0.0,6.5,-0.3420201433256686,0.9396926207859084,1.1499999999999986,open-meteo,2026-08-08T09:50:20+00:00
2026-07-22 23:00:00+00:00,BE,offshore,16.7,76,0.0,6.0,0.08715574274765817,0.9961946980917455,16.5,78,0.0,4.7,-0.24192189559966787,0.9702957262759965,16.9,75,0.0,6.5,-0.05233595624294437,0.9986295347545738,16.7,77,0.0,5.4,-0.5000000000000004,0.8660254037844384,1.3000000000000007,open-meteo,2026-08-08T09:50:20+00:00
2026-07-23 00:00:00+00:00,BE,offshore,16.8,77,0.0,4.7,-0.05233595624294437,0.9986295347545738,16.7,79,0.0,4.8,-0.37460659341591235,0.9271838545667873,17.0,75,0.0,5.9,-0.10452846326765342,0.9945218953682733,16.9,77,0.0,6.6,-0.40673664307580015,0.9135454576426009,1.1499999999999986,open-meteo,2026-08-08T09:50:20+00:00
2026-07-23 01:00:00+00:00,BE,offshore,17.1,76,0.0,4.2,-0.27563735581699894,0.9612616959383189,16.8,80,0.0,5.9,-0.40673664307580015,0.9135454576426009,17.0,76,0.0,5.2,-0.3255681544571567,0.9455185755993168,16.7,80,0.0,6.8,-0.3420201433256686,0.9396926207859084,1.0999999999999979,open-meteo,2026-08-08T09:50:20+00:00
2026-07-23 02:00:00+00:00,BE,offshore,17.1,77,0.0,4.9,-0.27563735581699894,0.9612616959383189,16.8,79,0.0,5.7,-0.6691306063588581,0.7431448254773944,17.1,78,0.0,6.1,-0.35836794954530077,0.9335804264972015,16.9,77,0.0,6.1,-0.6156614753256582,0.7880107536067221,1.0249999999999986,open-meteo,2026-08-08T09:50:20+00:00
2026-07-23 03:00:00+00:00,BE,offshore,16.9,77,0.0,4.2,-0.35836794954530077,0.9335804264972015,16.7,79,0.0,4.9,-0.7313537016191703,0.6819983600624987,16.9,78,0.0,5.7,-0.3907311284892739,0.9205048534524403,16.8,78,0.0,6.1,-0.7880107536067218,0.6156614753256585,1.1750000000000007,open-meteo,2026-08-08T09:50:20+00:00
2026-07-23 04:00:00+00:00,BE,offshore,17.3,77,0.0,6.0,-0.5591929034707466,0.8290375725550418,17.2,79,0.0,6.5,-0.8386705679454243,0.5446390350150266,17.4,76,0.0,7.0,-0.6293203910498378,0.7771459614569706,17.4,78,0.0,7.7,-0.7880107536067218,0.6156614753256585,0.6750000000000007,open-meteo,2026-08-08T09:50:20+00:00
2026-07-23 05:00:00+00:00,BE,offshore,17.5,74,23.0,5.5,-0.8571673007021123,0.5150380749100542,17.4,76,22.0,8.6,-0.7986355100472932,0.6018150231520479,17.6,74,26.0,5.9,-0.7880107536067218,0.6156614753256585,17.4,78,26.0,8.1,-0.7431448254773946,0.6691306063588578,0.5249999999999986,open-meteo,2026-08-08T09:50:20+00:00
2026-07-23 06:00:00+00:00,BE,offshore,17.5,76,130.0,6.8,-0.7193398003386512,0.6946583704589973,17.3,81,98.0,8.4,-0.7771459614569708,0.6293203910498375,17.5,78,62.0,7.3,-0.7313537016191703,0.6819983600624987,17.4,79,21.0,8.0,-0.6819983600624984,0.7313537016191707,0.5750000000000028,open-meteo,2026-08-08T09:50:20+00:00
2026-07-23 07:00:00+00:00,BE,offshore,17.9,77,68.0,7.8,-0.5150380749100545,0.8571673007021121,17.6,77,125.0,6.8,-0.4226182617406992,0.90630778703665,17.9,77,53.0,8.5,-0.6293203910498378,0.7771459614569706,17.6,79,64.0,8.4,-0.40673664307580015,0.9135454576426009,0.25,open-meteo,2026-08-08T09:50:20+00:00
2026-07-23 08:00:00+00:00,BE,offshore,17.7,76,120.0,6.0,-0.20791169081775987,0.9781476007338056,17.4,77,154.0,6.7,-0.3907311284892739,0.9205048534524403,17.6,77,69.0,8.4,-0.4226182617406992,0.90630778703665,17.5,78,101.0,8.2,-0.40673664307580015,0.9135454576426009,0.45000000000000284,open-meteo,2026-08-08T09:50:20+00:00
2026-07-23 09:00:00+00:00,BE,offshore,17.5,77,249.0,5.8,-0.15643446504023112,0.9876883405951377,17.2,80,485.0,6.8,-0.3907311284892739,0.9205048534524403,17.5,77,377.0,8.1,-0.3907311284892739,0.9205048534524403,17.2,83,270.0,8.2,-0.37460659341591235,0.9271838545667873,0.6499999999999986,open-meteo,2026-08-08T09:50:20+00:00
2026-07-23 10:00:00+00:00,BE,offshore,17.5,79,637.0,5.5,-0.4383711467890778,0.8987940462991668,17.2,82,668.0,5.0,-0.4848096202463369,0.8746197071393959,17.6,79,637.0,6.2,-0.29237170472273716,0.9563047559630353,17.4,78,626.0,5.9,-0.45399049973954697,0.8910065241883678,0.5749999999999993,open-meteo,2026-08-08T09:50:20+00:00
2026-07-23 11:00:00+00:00,BE,offshore,17.7,76,712.0,5.6,-0.4383711467890778,0.8987940462991668,17.3,79,728.0,6.6,-0.4694715627858908,0.882947592858927,17.7,77,429.0,6.2,-0.35836794954530077,0.9335804264972015,17.4,80,698.0,7.1,-0.45399049973954697,0.8910065241883678,0.4750000000000014,open-meteo,2026-08-08T09:50:20+00:00
2026-07-23 12:00:00+00:00,BE,offshore,17.5,78,528.0,4.5,-0.4694715627858908,0.882947592858927,17.2,80,662.0,5.3,-0.6560590289905074,0.7547095802227719,17.6,79,627.0,5.5,-0.4383711467890778,0.8987940462991668,17.4,79,709.0,6.2,-0.544639035015027,0.838670567945424,0.5749999999999993,open-meteo,2026-08-08T09:50:20+00:00
2026-07-23 13:00:00+00:00,BE,offshore,17.4,78,720.0,4.4,-0.5150380749100545,0.8571673007021121,17.1,81,700.0,3.6,-0.4226182617406992,0.90630778703665,17.6,77,738.0,5.3,-0.4383711467890778,0.8987940462991668,17.3,78,702.0,5.5,-0.5735764363510465,0.8191520442889916,0.6499999999999986,open-meteo,2026-08-08T09:50:20+00:00
2026-07-23 14:00:00+00:00,BE,offshore,17.5,74,732.0,3.4,-0.37460659341591235,0.9271838545667873,17.2,79,740.0,2.9,-0.4226182617406992,0.90630778703665,17.5,77,694.0,5.4,-0.24192189559966787,0.9702957262759965,17.3,78,726.0,5.0,-0.13917310096006588,0.9902680687415703,0.625,open-meteo,2026-08-08T09:50:20+00:00
2026-07-23 15:00:00+00:00,BE,offshore,17.4,76,682.0,1.9,-0.19080899537654467,0.981627183447664,17.3,76,665.0,1.6,-0.35836794954530077,0.9335804264972015,17.5,78,677.0,3.7,-0.3255681544571567,0.9455185755993168,17.3,79,663.0,3.7,-0.4694715627858908,0.882947592858927,0.625,open-meteo,2026-08-08T09:50:20+00:00
2026-07-23 16:00:00+00:00,BE,offshore,17.5,75,359.0,0.7,0.25881904510252074,0.9659258262890683,17.2,79,370.0,0.5,-0.8829475928589271,0.4694715627858904,17.5,78,398.0,2.3,-0.20791169081775987,0.9781476007338056,17.3,79,327.0,2.3,-0.529919264233205,0.8480480961564258,0.625,open-meteo,2026-08-08T09:50:20+00:00
2026-07-23 17:00:00+00:00,BE,offshore,17.4,75,187.0,1.9,0.8660254037844386,0.5000000000000001,17.1,78,264.0,1.1,0.981627183447664,0.19080899537654492,17.5,77,353.0,2.4,0.15643446504023087,0.9876883405951378,17.2,78,323.0,1.7,-0.06975647374412564,0.9975640502598242,0.6999999999999993,open-meteo,2026-08-08T09:50:20+00:00
2026-07-23 18:00:00+00:00,BE,offshore,17.7,74,253.0,2.3,0.9876883405951378,0.15643446504023092,17.5,75,253.0,0.9,0.9925461516413221,-0.12186934340514737,17.8,76,257.0,2.7,0.27563735581699916,0.9612616959383189,17.5,79,253.0,2.1,0.1908089953765448,0.981627183447664,0.375,open-meteo,2026-08-08T09:50:20+00:00
2026-07-23 19:00:00+00:00,BE,offshore,17.7,76,121.0,3.2,0.9998476951563913,0.0174524064372836,17.1,77,119.0,2.8,0.9271838545667874,-0.37460659341591207,17.6,77,121.0,2.7,0.7071067811865475,0.7071067811865476,17.2,78,121.0,2.4,0.3255681544571567,0.9455185755993168,0.6000000000000014,open-meteo,2026-08-08T09:50:20+00:00
2026-07-23 20:00:00+00:00,BE,offshore,17.7,75,6.0,3.5,0.9998476951563913,0.0174524064372836,17.1,76,17.0,2.9,0.9902680687415704,-0.13917310096006535,17.6,76,17.0,2.7,0.8829475928589269,0.46947156278589086,17.1,77,20.0,1.9,0.6293203910498374,0.7771459614569709,0.625,open-meteo,2026-08-08T09:50:20+00:00
2026-07-23 21:00:00+00:00,BE,offshore,17.8,74,0.0,2.7,0.7193398003386511,-0.6946583704589974,17.6,76,0.0,4.5,0.258819045102521,-0.9659258262890682,17.8,77,0.0,1.5,0.9563047559630354,0.29237170472273677,17.5,78,0.0,1.0,-0.5000000000000001,-0.8660254037844386,0.3249999999999993,open-meteo,2026-08-08T09:50:20+00:00
2026-07-23 22:00:00+00:00,BE,offshore,17.7,76,0.0,3.5,0.6946583704589971,-0.7193398003386513,17.3,78,0.0,4.5,0.3255681544571566,-0.9455185755993168,17.6,77,0.0,2.1,0.9876883405951378,-0.1564344650402308,17.2,78,0.0,1.2,0.8746197071393959,-0.484809620246337,0.5500000000000007,open-meteo,2026-08-08T09:50:20+00:00
2026-07-23 23:00:00+00:00,BE,offshore,17.9,75,0.0,2.9,0.7431448254773942,-0.6691306063588582,17.4,76,0.0,3.0,0.2249510543438652,-0.9743700647852351,17.7,75,0.0,1.0,0.8987940462991669,-0.4383711467890775,17.2,77,0.0,0.8,0.8191520442889917,-0.5735764363510462,0.4499999999999993,open-meteo,2026-08-08T09:50:20+00:00
2026-07-24 00:00:00+00:00,BE,offshore,18.5,75,0.0,4.5,0.2249510543438652,-0.9743700647852351,18.1,77,0.0,4.8,0.10452846326765373,-0.9945218953682733,18.2,76,0.0,3.1,0.3090169943749475,-0.9510565162951535,17.9,77,0.0,3.1,0.03489949670250114,-0.9993908270190958,0.17499999999999716,open-meteo,2026-08-08T09:50:20+00:00
2026-07-24 01:00:00+00:00,BE,offshore,18.3,75,0.0,5.4,0.3583679495453002,-0.9335804264972017,18.2,78,0.0,5.4,0.13917310096006533,-0.9902680687415704,17.8,81,0.0,3.8,0.19080899537654497,-0.9816271834476639,17.7,77,0.0,3.2,0.10452846326765373,-0.9945218953682733,0.0,open-meteo,2026-08-08T09:50:20+00:00
2026-07-24 02:00:00+00:00,BE,offshore,18.5,72,0.0,5.2,0.17364817766693028,-0.984807753012208,18.2,77,0.0,4.6,0.13917310096006533,-0.9902680687415704,17.9,78,0.0,3.9,0.39073112848927377,-0.9205048534524404,17.8,76,0.0,3.6,0.258819045102521,-0.9659258262890682,0.10000000000000142,open-meteo,2026-08-08T09:50:20+00:00
2026-07-24 03:00:00+00:00,BE,offshore,18.7,75,0.0,6.8,0.13917310096006533,-0.9902680687415704,18.9,73,0.0,5.8,-0.017452406437283637,-0.9998476951563913,18.1,77,0.0,5.8,0.4226182617406995,-0.9063077870366499,18.5,77,0.0,4.8,0.24192189559966773,-0.9702957262759965,0.5499999999999972,open-meteo,2026-08-08T09:50:20+00:00
2026-07-24 04:00:00+00:00,BE,offshore,18.5,75,0.0,6.2,1.2246467991473532e-16,-1.0,18.9,75,0.0,5.2,-0.08715574274765794,-0.9961946980917455,17.8,76,0.0,5.2,0.37460659341591224,-0.9271838545667873,18.3,79,0.0,4.8,0.2249510543438652,-0.9743700647852351,0.375,open-meteo,2026-08-08T09:50:20+00:00
2026-07-24 05:00:00+00:00,BE,offshore,18.2,75,19.0,6.0,1.2246467991473532e-16,-1.0,18.7,73,19.0,5.6,-0.12186934340514731,-0.9925461516413221,17.4,77,17.0,5.6,0.48480962024633717,-0.8746197071393957,18.3,75,29.0,4.6,0.12186934340514755,-0.992546151641322,0.14999999999999858,open-meteo,2026-08-08T09:50:20+00:00
2026-07-24 06:00:00+00:00,BE,offshore,17.9,79,122.0,7.3,0.01745240643728344,-0.9998476951563913,18.6,77,100.0,6.8,-0.12186934340514731,-0.9925461516413221,17.3,81,128.0,7.4,0.2249510543438652,-0.9743700647852351,18.2,76,125.0,6.4,0.03489949670250114,-0.9993908270190958,0.0,open-meteo,2026-08-08T09:50:20+00:00
2026-07-24 07:00:00+00:00,BE,offshore,18.1,76,92.0,6.1,-0.17364817766693047,-0.984807753012208,18.4,79,271.0,6.3,0.12186934340514755,-0.992546151641322,17.4,78,151.0,5.8,0.0871557427476582,-0.9961946980917455,18.0,78,183.0,6.0,-0.0348994967025009,-0.9993908270190958,0.02499999999999858,open-meteo,2026-08-08T09:50:20+00:00
2026-07-24 08:00:00+00:00,BE,offshore,18.2,74,93.0,5.5,-0.017452406437283637,-0.9998476951563913,18.2,78,143.0,6.0,0.3090169943749475,-0.9510565162951535,18.0,72,412.0,5.6,0.10452846326765373,-0.9945218953682733,17.9,75,232.0,5.1,0.17364817766693028,-0.984807753012208,0.07499999999999929,open-meteo,2026-08-08T09:50:20+00:00
2026-07-24 09:00:00+00:00,BE,offshore,18.8,73,560.0,4.9,-0.29237170472273677,-0.9563047559630354,18.5,79,567.0,5.8,-0.1045284632676535,-0.9945218953682733,18.5,71,499.0,5.4,-0.22495105434386498,-0.9743700647852352,18.2,77,581.0,5.6,-0.17364817766693047,-0.984807753012208,0.5,open-meteo,2026-08-08T09:50:20+00:00
2026-07-24 10:00:00+00:00,BE,offshore,18.9,71,635.0,4.9,-0.275637355816999,-0.9612616959383189,18.5,80,646.0,6.1,-0.017452406437283637,-0.9998476951563913,19.1,68,657.0,5.0,-0.46947156278589086,-0.8829475928589269,18.2,77,666.0,5.3,-0.052335956242943564,-0.9986295347545738,0.6750000000000007,open-meteo,2026-08-08T09:50:20+00:00
2026-07-24 11:00:00+00:00,BE,offshore,19.5,74,679.0,3.9,-0.35836794954530043,-0.9335804264972016,18.7,78,738.0,5.5,-0.0348994967025009,-0.9993908270190958,19.5,73,710.0,2.4,-0.9510565162951535,-0.30901699437494756,18.7,72,740.0,4.5,-0.017452406437283637,-0.9998476951563913,1.1000000000000014,open-meteo,2026-08-08T09:50:20+00:00
2026-07-24 12:00:00+00:00,BE,offshore,19.2,85,703.0,3.1,-0.7313537016191703,-0.6819983600624986,18.8,81,752.0,4.5,-0.39073112848927355,-0.9205048534524404,19.5,71,739.0,3.2,-0.9902680687415703,-0.13917310096006583,18.7,77,750.0,3.9,-0.5735764363510462,-0.8191520442889918,1.0500000000000007,open-meteo,2026-08-08T09:50:20+00:00
2026-07-24 13:00:00+00:00,BE,offshore,19.2,83,684.0,2.9,-0.7660444431189779,-0.6427876096865395,18.8,87,799.0,5.1,-0.2419218955996675,-0.9702957262759965,19.4,73,712.0,2.2,-0.9961946980917455,-0.08715574274765825,19.0,77,776.0,4.3,-0.43837114678907746,-0.8987940462991669,1.1000000000000014,open-meteo,2026-08-08T09:50:20+00:00
2026-07-24 14:00:00+00:00,BE,offshore,19.3,81,770.0,2.5,-0.9271838545667874,0.37460659341591196,18.9,85,696.0,3.4,-0.5299192642332048,-0.8480480961564261,19.3,76,747.0,1.8,-0.27563735581699894,0.9612616959383189,18.9,79,682.0,2.1,-0.8571673007021121,-0.5150380749100544,1.1000000000000014,open-meteo,2026-08-08T09:50:20+00:00
2026-07-24 15:00:00+00:00,BE,offshore,18.8,83,674.0,1.6,-0.3907311284892739,0.9205048534524403,18.5,89,555.0,1.7,0.12186934340514755,-0.992546151641322,19.1,78,669.0,2.5,-0.22495105434386534,0.9743700647852351,18.7,81,592.0,0.7,-0.22495105434386498,-0.9743700647852352,0.7749999999999986,open-meteo,2026-08-08T09:50:20+00:00
2026-07-24 16:00:00+00:00,BE,offshore,19.1,81,536.0,1.8,-0.5591929034707466,0.8290375725550418,18.6,89,542.0,3.0,-0.29237170472273677,-0.9563047559630354,19.2,78,512.0,2.4,-0.3090169943749477,0.9510565162951535,18.9,81,480.0,1.8,-0.9271838545667873,-0.3746065934159123,0.9500000000000028,open-meteo,2026-08-08T09:50:20+00:00
2026-07-24 17:00:00+00:00,BE,offshore,19.0,83,356.0,1.2,0.3255681544571567,0.9455185755993168,18.6,87,381.0,1.6,-0.1045284632676535,-0.9945218953682733,19.1,81,358.0,3.2,-0.27563735581699894,0.9612616959383189,18.8,83,351.0,1.5,-0.8386705679454242,-0.544639035015027,0.875,open-meteo,2026-08-08T09:50:20+00:00
2026-07-24 18:00:00+00:00,BE,offshore,19.0,84,232.0,0.6,0.9510565162951536,-0.30901699437494734,18.8,87,224.0,5.0,-0.052335956242943564,-0.9986295347545738,19.4,81,227.0,1.4,-0.35836794954530077,0.9335804264972015,19.1,84,206.0,3.2,-0.35836794954530043,-0.9335804264972016,1.0749999999999993,open-meteo,2026-08-08T09:50:20+00:00
2026-07-24 19:00:00+00:00,BE,offshore,19.1,84,86.0,2.0,-0.4067366430758002,-0.9135454576426009,18.8,87,95.0,4.6,-0.0348994967025009,-0.9993908270190958,19.1,81,82.0,1.2,-0.20791169081775987,0.9781476007338056,18.8,86,99.0,3.1,-0.2419218955996675,-0.9702957262759965,0.9500000000000028,open-meteo,2026-08-08T09:50:20+00:00
2026-07-24 20:00:00+00:00,BE,offshore,19.1,81,13.0,2.4,-0.017452406437283637,-0.9998476951563913,18.7,85,16.0,4.7,-0.34202014332566866,-0.9396926207859084,19.2,82,11.0,0.4,-0.1045284632676535,-0.9945218953682733,18.9,86,16.0,2.2,0.13917310096006533,-0.9902680687415704,0.9750000000000014,open-meteo,2026-08-08T09:50:20+00:00
2026-07-24 21:00:00+00:00,BE,offshore,19.5,82,0.0,3.5,-0.587785252292473,-0.8090169943749475,19.3,85,0.0,6.1,-0.3090169943749473,-0.9510565162951536,19.9,81,0.0,1.7,0.258819045102521,-0.9659258262890682,19.7,81,0.0,5.3,-0.2079116908177595,-0.9781476007338056,1.5999999999999979,open-meteo,2026-08-08T09:50:20+00:00
2026-07-24 22:00:00+00:00,BE,offshore,19.9,81,0.0,4.0,-0.6691306063588582,-0.7431448254773942,19.5,86,0.0,6.2,-0.39073112848927355,-0.9205048534524404,19.4,84,0.0,3.5,-0.8090169943749473,-0.5877852522924732,19.1,84,0.0,4.2,-0.6156614753256582,-0.788010753606722,1.4750000000000014,open-meteo,2026-08-08T09:50:20+00:00
2026-07-24 23:00:00+00:00,BE,offshore,20.2,77,0.0,4.6,-0.7880107536067221,-0.6156614753256581,19.7,84,0.0,6.3,-0.6018150231520484,-0.7986355100472928,19.7,81,0.0,2.7,-0.8987940462991668,-0.43837114678907774,19.4,83,0.0,4.7,-0.6946583704589974,-0.7193398003386511,1.75,open-meteo,2026-08-08T09:50:20+00:00
2026-07-25 00:00:00+00:00,BE,offshore,20.3,78,0.0,4.2,-0.5735764363510462,-0.8191520442889918,19.6,89,0.0,5.8,-0.6156614753256582,-0.788010753606722,19.8,83,0.0,3.4,-0.5735764363510462,-0.8191520442889918,19.6,86,0.0,6.0,-0.6946583704589974,-0.7193398003386511,1.8250000000000028,open-meteo,2026-08-08T09:50:20+00:00
2026-07-25 01:00:00+00:00,BE,offshore,20.0,83,0.0,3.8,-0.4539904997395467,-0.8910065241883679,19.5,89,0.0,6.2,-0.374606593415912,-0.9271838545667874,20.1,80,0.0,4.0,-0.5299192642332048,-0.8480480961564261,19.6,86,0.0,5.8,-0.5735764363510462,-0.8191520442889918,1.8000000000000007,open-meteo,2026-08-08T09:50:20+00:00
2026-07-25 02:00:00+00:00,BE,offshore,20.4,76,0.0,6.2,-0.19080899537654472,-0.981627183447664,19.8,87,0.0,7.2,-0.35836794954530043,-0.9335804264972016,19.8,85,0.0,5.3,-0.275637355816999,-0.9612616959383189,19.7,86,0.0,6.3,-0.13917310096006552,-0.9902680687415703,1.9250000000000007,open-meteo,2026-08-08T09:50:20+00:00
2026-07-25 03:00:00+00:00,BE,offshore,20.1,82,0.0,5.5,-0.32556815445715676,-0.9455185755993167,20.1,89,0.0,5.5,-0.7193398003386512,-0.6946583704589973,20.2,79,0.0,5.0,-0.29237170472273677,-0.9563047559630354,20.2,82,0.0,6.4,-0.32556815445715676,-0.9455185755993167,2.150000000000002,open-meteo,2026-08-08T09:50:20+00:00
2026-07-25 04:00:00+00:00,BE,offshore,19.8,81,0.0,5.0,-0.6691306063588582,-0.7431448254773942,19.8,87,0.0,4.3,-0.874619707139396,-0.48480962024633684,19.9,75,0.0,6.0,-0.4226182617406993,-0.90630778703665,20.0,83,0.0,5.6,-0.6293203910498376,-0.7771459614569708,1.875,open-meteo,2026-08-08T09:50:20+00:00
2026-07-25 05:00:00+00:00,BE,offshore,20.2,85,25.0,4.1,-0.9659258262890683,-0.25881904510252063,19.4,75,21.0,4.8,-0.034899496702500823,0.9993908270190958,19.8,77,29.0,5.0,-0.6946583704589974,-0.7193398003386511,19.8,86,20.0,4.6,-0.9510565162951535,-0.30901699437494756,1.7999999999999972,open-meteo,2026-08-08T09:50:20+00:00
2026-07-25 06:00:00+00:00,BE,offshore,20.1,81,48.0,3.4,-0.5150380749100545,0.8571673007021121,19.1,85,57.0,5.4,-0.29237170472273716,0.9563047559630353,20.0,85,43.0,4.7,-0.8910065241883678,-0.45399049973954697,19.6,83,47.0,4.3,-0.8090169943749476,0.5877852522924729,1.7000000000000028,open-meteo,2026-08-08T09:50:20+00:00
2026-07-25 07:00:00+00:00,BE,offshore,19.9,82,125.0,3.1,-0.20791169081775987,0.9781476007338056,19.4,73,238.0,5.3,-0.19080899537654467,0.981627183447664,20.1,87,186.0,2.8,-0.9986295347545738,-0.052335956242944306,19.3,86,143.0,2.2,-0.4226182617406992,0.90630778703665,1.6750000000000007,open-meteo,2026-08-08T09:50:20+00:00
2026-07-25 08:00:00+00:00,BE,offshore,19.6,75,317.0,4.5,-0.22495105434386534,0.9743700647852351,18.5,77,441.0,3.1,-0.22495105434386534,0.9743700647852351,20.0,80,369.0,4.1,-0.40673664307580015,0.9135454576426009,18.8,80,442.0,4.1,-0.1736481776669304,0.984807753012208,1.2250000000000014,open-meteo,2026-08-08T09:50:20+00:00
2026-07-25 09:00:00+00:00,BE,offshore,18.7,77,584.0,2.4,-0.27563735581699894,0.9612616959383189,18.0,76,585.0,5.1,-0.6819983600624984,0.7313537016191707,19.2,83,585.0,3.8,-0.4383711467890778,0.8987940462991668,18.4,80,587.0,5.1,-0.7071067811865477,0.7071067811865474,0.5750000000000028,open-meteo,2026-08-08T09:50:20+00:00
2026-07-25 10:00:00+00:00,BE,offshore,18.8,81,711.0,5.4,-0.5591929034707466,0.8290375725550418,17.9,76,710.0,5.1,-0.7193398003386512,0.6946583704589973,19.6,81,710.0,5.3,-0.7547095802227722,0.656059028990507,18.3,82,711.0,5.5,-0.6427876096865396,0.7660444431189778,0.6500000000000021,open-meteo,2026-08-08T09:50:20+00:00
2026-07-25 11:00:00+00:00,BE,offshore,18.7,74,794.0,4.7,-0.7880107536067218,0.6156614753256585,17.9,74,795.0,4.4,-0.9902680687415704,0.13917310096006547,19.1,78,796.0,5.7,-0.6946583704589976,0.7193398003386509,18.3,76,794.0,4.8,-0.9063077870366498,0.4226182617406996,0.5,open-meteo,2026-08-08T09:50:20+00:00
2026-07-25 12:00:00+00:00,BE,offshore,18.3,74,757.0,2.5,-0.9925461516413221,-0.12186934340514717,18.2,74,788.0,5.7,-0.6018150231520484,-0.7986355100472928,18.6,74,826.0,3.6,-0.9335804264972017,0.3583679495453004,18.2,74,771.0,4.7,-0.882947592858927,-0.46947156278589075,0.3249999999999993,open-meteo,2026-08-08T09:50:20+00:00
2026-07-25 13:00:00+00:00,BE,offshore,18.6,74,815.0,1.5,-0.913545457642601,-0.4067366430758001,18.4,73,833.0,4.1,-0.7986355100472928,-0.6018150231520483,18.8,76,810.0,2.1,-0.9659258262890684,0.2588190451025203,18.5,74,822.0,3.7,-0.9396926207859084,-0.34202014332566855,0.5749999999999993,open-meteo,2026-08-08T09:50:20+00:00
2026-07-25 14:00:00+00:00,BE,offshore,19.0,70,758.0,2.5,-0.9876883405951377,-0.15643446504023104,18.7,75,767.0,6.1,-0.4539904997395467,-0.8910065241883679,19.0,71,768.0,2.4,-0.9781476007338056,0.20791169081775945,18.7,73,766.0,5.0,-0.6819983600624984,-0.7313537016191706,0.8500000000000014,open-meteo,2026-08-08T09:50:20+00:00
2026-07-25 15:00:00+00:00,BE,offshore,19.2,74,665.0,5.9,-0.9993908270190958,-0.03489949670250076,19.1,77,588.0,7.5,-0.7193398003386512,-0.6946583704589973,19.4,72,637.0,6.5,-0.9563047559630354,0.2923717047227367,19.1,76,630.0,5.8,-0.7986355100472928,-0.6018150231520483,1.1999999999999993,open-meteo,2026-08-08T09:50:20+00:00
2026-07-25 16:00:00+00:00,BE,offshore,19.1,74,544.0,4.5,-0.8660254037844384,-0.5000000000000004,19.2,76,569.0,8.4,-0.6293203910498376,-0.7771459614569708,19.3,71,535.0,3.3,-0.992546151641322,0.12186934340514768,19.3,75,564.0,7.7,-0.7193398003386512,-0.6946583704589973,1.2249999999999979,open-meteo,2026-08-08T09:50:20+00:00
2026-07-25 17:00:00+00:00,BE,offshore,20.2,78,399.0,10.0,-0.8987940462991668,-0.43837114678907774,19.6,79,405.0,11.7,-0.6691306063588582,-0.7431448254773942,20.0,72,405.0,6.4,-0.9743700647852351,-0.22495105434386525,19.9,73,410.0,10.3,-0.7660444431189779,-0.6427876096865395,1.9249999999999972,open-meteo,2026-08-08T09:50:20+00:00
2026-07-25 18:00:00+00:00,BE,offshore,20.2,75,238.0,11.9,-0.8987940462991668,-0.43837114678907774,19.6,83,237.0,12.2,-0.6427876096865393,-0.766044443118978,20.8,73,234.0,11.7,-0.9205048534524403,-0.3907311284892738,20.0,78,245.0,11.6,-0.7071067811865475,-0.7071067811865477,2.1499999999999986,open-meteo,2026-08-08T09:50:20+00:00
2026-07-25 19:00:00+00:00,BE,offshore,19.8,78,100.0,13.1,-0.7986355100472928,-0.6018150231520483,19.7,82,113.0,13.4,-0.7193398003386512,-0.6946583704589973,20.5,75,100.0,12.9,-0.9510565162951535,-0.30901699437494756,19.9,80,106.0,12.1,-0.8090169943749473,-0.5877852522924732,1.9750000000000014,open-meteo,2026-08-08T09:50:20+00:00
2026-07-25 20:00:00+00:00,BE,offshore,20.0,78,18.0,12.8,-0.7193398003386512,-0.6946583704589973,19.6,83,19.0,13.9,-0.6293203910498376,-0.7771459614569708,20.5,69,17.0,13.0,-0.8090169943749473,-0.5877852522924732,19.7,81,18.0,13.5,-0.7071067811865475,-0.7071067811865477,1.9499999999999993,open-meteo,2026-08-08T09:50:20+00:00
2026-07-25 21:00:00+00:00,BE,offshore,20.3,82,0.0,13.2,-0.7313537016191703,-0.6819983600624986,20.2,87,0.0,14.5,-0.6293203910498376,-0.7771459614569708,20.5,75,0.0,12.5,-0.7660444431189779,-0.6427876096865395,20.3,83,0.0,14.4,-0.6819983600624984,-0.7313537016191706,2.3249999999999993,open-meteo,2026-08-08T09:50:20+00:00
2026-07-25 22:00:00+00:00,BE,offshore,20.1,84,0.0,14.1,-0.7771459614569706,-0.6293203910498378,20.1,88,0.0,13.9,-0.754709580222772,-0.6560590289905073,20.2,80,0.0,13.6,-0.754709580222772,-0.6560590289905073,20.1,87,0.0,14.3,-0.7071067811865475,-0.7071067811865477,2.125,open-meteo,2026-08-08T09:50:20+00:00
2026-07-25 23:00:00+00:00,BE,offshore,20.5,84,0.0,11.9,-0.7986355100472928,-0.6018150231520483,20.3,87,0.0,12.8,-0.7880107536067221,-0.6156614753256581,20.2,82,0.0,12.3,-0.7986355100472928,-0.6018150231520483,20.2,87,0.0,13.6,-0.7313537016191703,-0.6819983600624986,2.3000000000000007,open-meteo,2026-08-08T09:50:20+00:00
2026-07-26 00:00:00+00:00,BE,offshore,21.0,81,0.0,13.7,-0.9396926207859084,-0.34202014332566855,20.2,77,0.0,6.1,0.5877852522924731,0.8090169943749475,20.6,83,0.0,12.6,-0.8090169943749473,-0.5877852522924732,20.5,87,0.0,6.7,-0.9961946980917455,0.08715574274765789,2.575000000000003,open-meteo,2026-08-08T09:50:20+00:00
2026-07-26 01:00:00+00:00,BE,offshore,20.8,77,0.0,9.4,-0.9998476951563913,0.01745240643728313,20.0,73,0.0,3.3,-0.22495105434386534,0.9743700647852351,21.0,78,0.0,12.8,-0.9702957262759965,-0.24192189559966779,20.2,72,0.0,3.8,-0.4383711467890778,0.8987940462991668,2.5,open-meteo,2026-08-08T09:50:20+00:00
2026-07-26 02:00:00+00:00,BE,offshore,20.6,79,0.0,10.3,-0.9998476951563913,-0.017452406437283498,20.1,71,0.0,1.3,0.4067366430758002,0.9135454576426009,20.7,78,0.0,11.5,-0.9902680687415703,-0.13917310096006583,20.2,71,0.0,2.8,0.1908089953765448,0.981627183447664,2.400000000000002,open-meteo,2026-08-08T09:50:20+00:00
2026-07-26 03:00:00+00:00,BE,offshore,20.2,75,0.0,3.9,-0.6293203910498376,-0.7771459614569708,19.9,78,0.0,5.6,-0.874619707139396,-0.48480962024633684,20.5,70,0.0,2.1,-0.9902680687415703,-0.13917310096006583,19.9,75,0.0,2.9,-0.913545457642601,-0.4067366430758001,2.125,open-meteo,2026-08-08T09:50:20+00:00
2026-07-26 04:00:00+00:00,BE,offshore,19.6,77,0.0,8.7,-0.9205048534524403,-0.3907311284892738,19.7,78,0.0,6.5,-0.6427876096865393,-0.766044443118978,20.0,78,0.0,7.8,-0.9396926207859084,-0.34202014332566855,19.8,75,0.0,4.4,-0.848048096156426,-0.529919264233205,1.7749999999999986,open-meteo,2026-08-08T09:50:20+00:00
2026-07-26 05:00:00+00:00,BE,offshore,19.4,80,18.0,10.2,-0.984807753012208,-0.17364817766693033,19.7,77,9.0,9.9,-0.9986295347545738,0.052335956242943946,19.9,77,14.0,10.1,-0.981627183447664,-0.1908089953765446,20.0,78,20.0,5.9,-0.8571673007021121,-0.5150380749100544,1.75,open-meteo,2026-08-08T09:50:20+00:00
2026-07-26 06:00:00+00:00,BE,offshore,19.6,79,38.0,9.3,-0.9335804264972015,-0.3583679495453007,19.7,82,54.0,7.4,-0.8660254037844384,-0.5000000000000004,19.8,80,39.0,9.4,-0.9702957262759965,-0.24192189559966779,20.1,73,35.0,7.9,-0.9335804264972015,-0.3583679495453007,1.7999999999999972,open-meteo,2026-08-08T09:50:20+00:00
2026-07-26 07:00:00+00:00,BE,offshore,19.2,80,155.0,9.8,-0.90630778703665,-0.42261826174069916,19.2,81,182.0,11.1,-0.90630778703665,-0.42261826174069916,19.4,78,75.0,10.3,-0.9396926207859084,-0.34202014332566855,19.5,78,91.0,10.3,-0.9455185755993168,-0.32556815445715664,1.3249999999999993,open-meteo,2026-08-08T09:50:20+00:00
2026-07-26 08:00:00+00:00,BE,offshore,19.6,82,189.0,12.2,-0.9271838545667873,-0.3746065934159123,18.8,86,56.0,13.0,-0.8660254037844384,-0.5000000000000004,19.6,81,252.0,11.7,-0.9271838545667873,-0.3746065934159123,19.0,85,139.0,12.3,-0.8910065241883678,-0.45399049973954697,1.25,open-meteo,2026-08-08T09:50:20+00:00
2026-07-26 09:00:00+00:00,BE,offshore,19.4,85,36.0,12.8,-0.8910065241883678,-0.45399049973954697,19.0,84,39.0,12.4,-0.8191520442889916,-0.5735764363510464,19.6,83,50.0,11.4,-0.8910065241883678,-0.45399049973954697,19.0,85,73.0,11.9,-0.8386705679454242,-0.544639035015027,1.25,open-meteo,2026-08-08T09:50:20+00:00
2026-07-26 10:00:00+00:00,BE,offshore,19.8,87,104.0,13.6,-0.8571673007021121,-0.5150380749100544,19.4,86,160.0,13.2,-0.7771459614569706,-0.6293203910498378,19.8,87,207.0,13.7,-0.8987940462991668,-0.43837114678907774,19.2,85,64.0,12.4,-0.8386705679454242,-0.544639035015027,1.5500000000000007,open-meteo,2026-08-08T09:50:20+00:00
2026-07-26 11:00:00+00:00,BE,offshore,19.9,89,361.0,15.2,-0.8090169943749473,-0.5877852522924732,19.7,87,518.0,12.1,-0.8191520442889916,-0.5735764363510464,20.0,88,179.0,15.6,-0.8571673007021121,-0.5150380749100544,19.7,87,398.0,12.4,-0.8090169943749473,-0.5877852522924732,1.8249999999999993,open-meteo,2026-08-08T09:50:20+00:00
2026-07-26 12:00:00+00:00,BE,offshore,19.8,92,744.0,16.9,-0.7431448254773944,-0.6691306063588581,19.7,91,284.0,14.1,-0.7771459614569706,-0.6293203910498378,20.2,88,454.0,15.9,-0.7771459614569706,-0.6293203910498378,19.9,90,527.0,15.6,-0.7660444431189779,-0.6427876096865395,1.8999999999999986,open-meteo,2026-08-08T09:50:20+00:00
2026-07-26 13:00:00+00:00,BE,offshore,19.8,92,688.0,14.7,-0.8191520442889916,-0.5735764363510464,19.7,91,56.0,11.1,-0.882947592858927,-0.46947156278589075,20.0,90,586.0,15.1,-0.8660254037844384,-0.5000000000000004,19.6,92,163.0,13.7,-0.8386705679454242,-0.544639035015027,1.7749999999999986,open-meteo,2026-08-08T09:50:20+00:00
2026-07-26 14:00:00+00:00,BE,offshore,19.9,91,178.0,15.0,-0.8910065241883678,-0.45399049973954697,19.6,82,135.0,7.1,-0.9510565162951536,0.30901699437494723,19.7,92,48.0,15.3,-0.9205048534524403,-0.3907311284892738,19.8,89,428.0,12.5,-0.9702957262759965,-0.24192189559966779,1.75,open-meteo,2026-08-08T09:50:20+00:00
2026-07-26 15:00:00+00:00,BE,offshore,19.9,89,184.0,14.2,-0.8660254037844384,-0.5000000000000004,19.8,83,110.0,8.8,-0.992546151641322,0.12186934340514768,20.1,88,121.0,14.5,-0.9335804264972015,-0.3583679495453007,19.9,90,167.0,9.9,-0.9986295347545738,-0.052335956242944306,1.9250000000000007,open-meteo,2026-08-08T09:50:20+00:00
2026-07-26 16:00:00+00:00,BE,offshore,20.1,92,131.0,10.5,-0.9396926207859084,-0.34202014332566855,19.8,87,275.0,6.8,-0.9659258262890683,-0.25881904510252063,20.2,92,446.0,10.3,-0.9455185755993168,-0.32556815445715664,19.9,85,120.0,9.2,-0.961261695938319,-0.2756373558169989,2.0,open-meteo,2026-08-08T09:50:20+00:00
2026-07-26 17:00:00+00:00,BE,offshore,20.5,83,216.0,8.9,-0.913545457642601,-0.4067366430758001,20.2,81,108.0,9.2,-0.9612616959383188,0.2756373558169994,20.5,88,212.0,8.9,-0.9455185755993168,-0.32556815445715664,20.3,80,85.0,8.4,-0.9876883405951378,0.15643446504023067,2.375,open-meteo,2026-08-08T09:50:20+00:00
2026-07-26 18:00:00+00:00,BE,offshore,20.3,90,171.0,8.4,-0.9271838545667873,-0.3746065934159123,19.9,86,103.0,7.9,-0.9612616959383188,0.2756373558169994,20.4,89,156.0,9.9,-0.913545457642601,-0.4067366430758001,20.0,85,209.0,8.7,-0.961261695938319,-0.2756373558169989,2.1499999999999986,open-meteo,2026-08-08T09:50:20+00:00
2026-07-26 19:00:00+00:00,BE,offshore,20.7,82,88.0,7.0,-0.9396926207859083,0.342020143325669,20.0,79,38.0,5.2,-0.4694715627858908,0.882947592858927,20.5,88,49.0,9.2,-0.9205048534524403,-0.3907311284892738,20.0,79,48.0,4.3,0.25881904510252074,0.9659258262890683,2.3000000000000007,open-meteo,2026-08-08T09:50:20+00:00
2026-07-26 20:00:00+00:00,BE,offshore,20.8,77,1.0,7.6,-0.5000000000000004,0.8660254037844384,20.3,76,5.0,9.7,-0.7660444431189781,0.6427876096865393,20.7,88,6.0,8.4,-0.9975640502598243,0.06975647374412522,20.1,79,3.0,0.9,-0.544639035015027,0.838670567945424,2.4750000000000014,open-meteo,2026-08-08T09:50:20+00:00
2026-07-26 21:00:00+00:00,BE,offshore,20.5,74,0.0,10.3,-0.5150380749100545,0.8571673007021121,20.1,70,0.0,11.8,-0.8191520442889918,0.573576436351046,20.2,83,0.0,5.1,-0.3907311284892739,0.9205048534524403,19.9,77,0.0,3.3,-0.9135454576426011,0.40673664307579976,2.174999999999997,open-meteo,2026-08-08T09:50:20+00:00
2026-07-26 22:00:00+00:00,BE,offshore,20.3,70,0.0,10.8,-0.6293203910498378,0.7771459614569706,19.6,73,0.0,11.3,-0.7986355100472932,0.6018150231520479,20.3,70,0.0,11.1,-0.5877852522924734,0.8090169943749473,19.7,71,0.0,10.4,-0.7986355100472932,0.6018150231520479,1.9750000000000014,open-meteo,2026-08-08T09:50:20+00:00
2026-07-26 23:00:00+00:00,BE,offshore,19.9,69,0.0,9.6,-0.6691306063588581,0.7431448254773944,19.3,70,0.0,11.8,-0.7660444431189781,0.6427876096865393,20.0,68,0.0,13.2,-0.6560590289905074,0.7547095802227719,19.5,67,0.0,13.1,-0.8191520442889918,0.573576436351046,1.6750000000000007,open-meteo,2026-08-08T09:50:20+00:00
2026-07-27 00:00:00+00:00,BE,offshore,19.5,66,0.0,11.9,-0.7660444431189781,0.6427876096865393,19.3,67,0.0,10.4,-0.9396926207859083,0.342020143325669,19.9,68,0.0,10.3,-0.8090169943749476,0.5877852522924729,19.4,66,0.0,10.6,-0.8191520442889918,0.573576436351046,1.5249999999999986,open-meteo,2026-08-08T09:50:20+00:00
2026-07-27 01:00:00+00:00,BE,offshore,19.2,67,0.0,11.2,-0.8090169943749476,0.5877852522924729,18.8,69,0.0,9.3,-0.9396926207859083,0.342020143325669,19.5,69,0.0,10.4,-0.8290375725550416,0.559192903470747,18.9,68,0.0,9.8,-0.9271838545667874,0.37460659341591196,1.1000000000000014,open-meteo,2026-08-08T09:50:20+00:00
2026-07-27 02:00:00+00:00,BE,offshore,18.9,71,0.0,9.8,-0.8571673007021123,0.5150380749100542,18.6,71,0.0,9.3,-0.9205048534524405,0.3907311284892735,19.1,69,0.0,10.2,-0.8191520442889918,0.573576436351046,18.5,70,0.0,10.0,-0.8571673007021123,0.5150380749100542,0.7749999999999986,open-meteo,2026-08-08T09:50:20+00:00
2026-07-27 03:00:00+00:00,BE,offshore,18.9,69,0.0,11.1,-0.7880107536067218,0.6156614753256585,18.3,71,0.0,11.5,-0.8386705679454243,0.5446390350150266,19.0,67,0.0,10.2,-0.7547095802227722,0.656059028990507,18.4,72,0.0,11.6,-0.8090169943749476,0.5877852522924729,0.6499999999999986,open-meteo,2026-08-08T09:50:20+00:00
2026-07-27 04:00:00+00:00,BE,offshore,18.8,70,0.0,10.0,-0.8090169943749476,0.5877852522924729,17.8,75,0.0,10.9,-0.8480480961564262,0.5299192642332047,18.7,71,0.0,9.9,-0.8290375725550416,0.559192903470747,17.8,77,0.0,10.5,-0.8480480961564262,0.5299192642332047,0.2749999999999986,open-meteo,2026-08-08T09:50:20+00:00
2026-07-27 05:00:00+00:00,BE,offshore,18.2,72,10.0,10.3,-0.7660444431189781,0.6427876096865393,17.5,77,10.0,10.9,-0.8386705679454243,0.5446390350150266,18.3,72,9.0,9.5,-0.7660444431189781,0.6427876096865393,17.5,78,6.0,9.9,-0.8386705679454243,0.5446390350150266,0.125,open-meteo,2026-08-08T09:50:20+00:00
2026-07-27 06:00:00+00:00,BE,offshore,18.1,71,100.0,9.5,-0.8386705679454243,0.5446390350150266,17.3,74,104.0,10.4,-0.8191520442889918,0.573576436351046,18.2,70,102.0,9.8,-0.8090169943749476,0.5877852522924729,17.5,74,51.0,10.1,-0.8290375725550416,0.559192903470747,0.22499999999999787,open-meteo,2026-08-08T09:50:20+00:00
2026-07-27 07:00:00+00:00,BE,offshore,18.1,73,201.0,8.2,-0.8191520442889918,0.573576436351046,17.3,77,205.0,9.4,-0.8290375725550416,0.559192903470747,17.9,74,188.0,9.2,-0.7986355100472932,0.6018150231520479,17.4,78,113.0,9.5,-0.8480480961564262,0.5299192642332047,0.3249999999999993,open-meteo,2026-08-08T09:50:20+00:00
2026-07-27 08:00:00+00:00,BE,offshore,17.7,73,113.0,7.9,-0.8746197071393956,0.4848096202463373,17.3,75,388.0,7.6,-0.9205048534524405,0.3907311284892735,17.8,73,167.0,7.6,-0.8829475928589271,0.4694715627858904,17.4,77,391.0,7.5,-0.9271838545667874,0.37460659341591196,0.45000000000000284,open-meteo,2026-08-08T09:50:20+00:00
2026-07-27 09:00:00+00:00,BE,offshore,17.7,73,575.0,8.0,-0.8829475928589271,0.4694715627858904,17.0,76,491.0,6.9,-0.9271838545667874,0.37460659341591196,17.7,73,555.0,8.3,-0.8480480961564262,0.5299192642332047,17.1,77,546.0,7.7,-0.9510565162951536,0.30901699437494723,0.625,open-meteo,2026-08-08T09:50:20+00:00
2026-07-27 10:00:00+00:00,BE,offshore,18.1,72,702.0,8.2,-0.9063077870366498,0.4226182617406996,17.7,73,626.0,7.5,-0.9135454576426011,0.40673664307579976,18.1,74,702.0,8.1,-0.945518575599317,0.3255681544571563,17.6,76,679.0,8.5,-0.9335804264972017,0.3583679495453004,0.125,open-meteo,2026-08-08T09:50:20+00:00
2026-07-27 11:00:00+00:00,BE,offshore,17.9,71,788.0,7.4,-0.9659258262890684,0.2588190451025203,17.4,74,777.0,6.9,-0.9659258262890684,0.2588190451025203,17.8,73,781.0,7.6,-0.9816271834476639,0.1908089953765451,17.3,74,705.0,8.4,-0.9876883405951378,0.15643446504023067,0.40000000000000213,open-meteo,2026-08-08T09:50:20+00:00
2026-07-27 12:00:00+00:00,BE,offshore,18.2,67,818.0,7.2,-0.9975640502598243,0.06975647374412522,18.1,69,833.0,6.1,-0.9743700647852351,-0.22495105434386525,17.9,70,746.0,7.0,-0.9902680687415704,0.13917310096006547,17.7,71,833.0,6.6,-1.0,-1.8369701987210297e-16,0.02500000000000213,open-meteo,2026-08-08T09:50:20+00:00
2026-07-27 13:00:00+00:00,BE,offshore,18.4,69,833.0,6.1,-0.9902680687415704,0.13917310096006547,18.4,69,774.0,7.1,-0.981627183447664,-0.1908089953765446,18.3,71,794.0,6.7,-0.9902680687415704,0.13917310096006547,18.3,69,829.0,6.8,-0.9993908270190958,0.03489949670250128,0.34999999999999787,open-meteo,2026-08-08T09:50:20+00:00
2026-07-27 14:00:00+00:00,BE,offshore,18.5,66,780.0,5.1,-0.9925461516413221,-0.12186934340514717,18.4,68,761.0,7.4,-0.848048096156426,-0.529919264233205,18.3,68,778.0,5.3,-0.9986295347545738,-0.052335956242944306,18.3,67,775.0,6.5,-0.9396926207859084,-0.34202014332566855,0.375,open-meteo,2026-08-08T09:50:20+00:00
2026-07-27 15:00:00+00:00,BE,offshore,18.7,68,690.0,6.4,-0.7986355100472928,-0.6018150231520483,18.9,67,686.0,8.3,-0.7986355100472928,-0.6018150231520483,18.6,68,687.0,6.4,-0.8910065241883678,-0.45399049973954697,18.8,65,685.0,7.4,-0.874619707139396,-0.48480962024633684,0.75,open-meteo,2026-08-08T09:50:20+00:00
2026-07-27 16:00:00+00:00,BE,offshore,18.7,68,561.0,7.2,-0.7771459614569706,-0.6293203910498378,19.0,71,560.0,7.7,-0.6946583704589974,-0.7193398003386511,18.7,68,559.0,6.6,-0.8290375725550418,-0.5591929034707466,19.0,69,558.0,5.8,-0.8290375725550418,-0.5591929034707466,0.8500000000000014,open-meteo,2026-08-08T09:50:20+00:00
2026-07-27 17:00:00+00:00,BE,offshore,18.8,69,416.0,7.4,-0.7986355100472928,-0.6018150231520483,18.6,74,415.0,10.5,-0.6691306063588582,-0.7431448254773942,18.8,69,412.0,6.9,-0.8660254037844384,-0.5000000000000004,18.8,71,412.0,8.8,-0.7431448254773944,-0.6691306063588581,0.75,open-meteo,2026-08-08T09:50:20+00:00
2026-07-27 18:00:00+00:00,BE,offshore,19.3,71,260.0,7.9,-0.874619707139396,-0.48480962024633684,19.0,74,260.0,10.9,-0.7313537016191703,-0.6819983600624986,19.6,64,257.0,5.3,-0.848048096156426,-0.529919264233205,19.1,71,257.0,8.6,-0.7771459614569706,-0.6293203910498378,1.25,open-meteo,2026-08-08T09:50:20+00:00
2026-07-27 19:00:00+00:00,BE,offshore,19.4,73,114.0,9.0,-0.848048096156426,-0.529919264233205,19.2,74,116.0,10.0,-0.587785252292473,-0.8090169943749475,19.5,70,112.0,6.7,-0.874619707139396,-0.48480962024633684,19.3,70,113.0,8.3,-0.6691306063588582,-0.7431448254773942,1.3499999999999979,open-meteo,2026-08-08T09:50:20+00:00
2026-07-27 20:00:00+00:00,BE,offshore,19.6,74,16.0,10.9,-0.7880107536067221,-0.6156614753256581,19.3,76,17.0,11.5,-0.6018150231520484,-0.7986355100472928,19.9,74,14.0,8.9,-0.90630778703665,-0.42261826174069916,19.6,75,15.0,8.5,-0.7313537016191703,-0.6819983600624986,1.6000000000000014,open-meteo,2026-08-08T09:50:20+00:00
2026-07-27 21:00:00+00:00,BE,offshore,19.5,70,0.0,10.9,-0.7071067811865475,-0.7071067811865477,18.9,82,0.0,11.8,-0.6293203910498376,-0.7771459614569708,19.8,71,0.0,10.3,-0.8386705679454242,-0.544639035015027,19.4,73,0.0,11.2,-0.7071067811865475,-0.7071067811865477,1.3999999999999986,open-meteo,2026-08-08T09:50:20+00:00
2026-07-27 22:00:00+00:00,BE,offshore,19.4,73,0.0,11.6,-0.6293203910498376,-0.7771459614569708,19.0,83,0.0,11.8,-0.587785252292473,-0.8090169943749475,20.0,68,0.0,10.2,-0.6293203910498376,-0.7771459614569708,19.5,74,0.0,11.4,-0.6819983600624984,-0.7313537016191706,1.4750000000000014,open-meteo,2026-08-08T09:50:20+00:00
2026-07-27 23:00:00+00:00,BE,offshore,19.4,79,0.0,11.6,-0.6819983600624984,-0.7313537016191706,19.3,85,0.0,12.3,-0.6427876096865393,-0.766044443118978,20.0,70,0.0,11.5,-0.6691306063588582,-0.7431448254773942,19.7,81,0.0,12.6,-0.7193398003386512,-0.6946583704589973,1.6000000000000014,open-meteo,2026-08-08T09:50:20+00:00
2026-07-28 00:00:00+00:00,BE,offshore,19.3,82,0.0,10.8,-0.7880107536067221,-0.6156614753256581,19.4,86,0.0,11.4,-0.7313537016191703,-0.6819983600624986,19.5,76,0.0,10.4,-0.7193398003386512,-0.6946583704589973,19.6,83,0.0,11.5,-0.7771459614569706,-0.6293203910498378,1.4500000000000028,open-meteo,2026-08-08T09:50:20+00:00
2026-07-28 01:00:00+00:00,BE,offshore,19.2,85,0.0,10.7,-0.754709580222772,-0.6560590289905073,19.2,88,0.0,11.4,-0.7193398003386512,-0.6946583704589973,19.2,78,0.0,9.7,-0.7071067811865475,-0.7071067811865477,19.4,85,0.0,11.2,-0.754709580222772,-0.6560590289905073,1.25,open-meteo,2026-08-08T09:50:20+00:00
2026-07-28 02:00:00+00:00,BE,offshore,19.3,88,0.0,9.8,-0.8290375725550418,-0.5591929034707466,19.2,90,0.0,9.9,-0.8191520442889916,-0.5735764363510464,19.6,80,0.0,8.9,-0.754709580222772,-0.6560590289905073,19.4,89,0.0,10.1,-0.8571673007021121,-0.5150380749100544,1.375,open-meteo,2026-08-08T09:50:20+00:00
2026-07-28 03:00:00+00:00,BE,offshore,19.3,90,0.0,8.8,-0.7986355100472928,-0.6018150231520483,19.3,90,0.0,8.7,-0.8191520442889916,-0.5735764363510464,19.2,85,0.0,7.9,-0.7193398003386512,-0.6946583704589973,19.5,89,0.0,9.3,-0.8290375725550418,-0.5591929034707466,1.3249999999999993,open-meteo,2026-08-08T09:50:20+00:00
2026-07-28 04:00:00+00:00,BE,offshore,19.4,91,0.0,7.9,-0.8386705679454242,-0.544639035015027,19.3,89,0.0,8.5,-0.961261695938319,-0.2756373558169989,19.2,88,0.0,7.7,-0.7431448254773944,-0.6691306063588581,19.5,89,0.0,8.9,-0.8290375725550418,-0.5591929034707466,1.3500000000000014,open-meteo,2026-08-08T09:50:20+00:00
2026-07-28 05:00:00+00:00,BE,offshore,18.9,93,21.0,6.6,-0.7986355100472928,-0.6018150231520483,18.9,91,23.0,7.2,-0.9205048534524403,-0.3907311284892738,18.3,90,21.0,6.2,-0.7313537016191703,-0.6819983600624986,19.2,91,25.0,7.5,-0.7660444431189779,-0.6427876096865395,0.8249999999999993,open-meteo,2026-08-08T09:50:20+00:00
2026-07-28 06:00:00+00:00,BE,offshore,18.9,94,120.0,5.8,-0.6946583704589974,-0.7193398003386511,18.9,92,127.0,4.4,-0.9335804264972015,-0.3583679495453007,17.9,92,125.0,6.0,-0.5735764363510462,-0.8191520442889918,19.2,92,131.0,6.7,-0.7071067811865475,-0.7071067811865477,0.7249999999999979,open-meteo,2026-08-08T09:50:20+00:00
2026-07-28 07:00:00+00:00,BE,offshore,18.9,92,193.0,5.5,-0.46947156278589086,-0.8829475928589269,19.3,92,258.0,6.2,-0.587785252292473,-0.8090169943749475,18.1,91,240.0,6.3,-0.35836794954530043,-0.9335804264972016,19.6,90,262.0,6.8,-0.6293203910498376,-0.7771459614569708,0.9750000000000014,open-meteo,2026-08-08T09:50:20+00:00
2026-07-28 08:00:00+00:00,BE,offshore,18.6,93,333.0,5.7,-0.39073112848927355,-0.9205048534524404,19.3,92,353.0,7.0,-0.5591929034707467,-0.8290375725550418,18.6,87,348.0,6.3,-0.275637355816999,-0.9612616959383189,19.5,90,370.0,7.7,-0.46947156278589086,-0.8829475928589269,1.0,open-meteo,2026-08-08T09:50:20+00:00
2026-07-28 09:00:00+00:00,BE,offshore,18.8,90,540.0,7.3,-0.35836794954530043,-0.9335804264972016,19.0,94,478.0,7.9,-0.48480962024633695,-0.8746197071393959,19.6,80,548.0,6.6,-0.35836794954530043,-0.9335804264972016,18.7,92,475.0,7.7,-0.35836794954530043,-0.9335804264972016,1.0249999999999986,open-meteo,2026-08-08T09:50:20+00:00
2026-07-28 10:00:00+00:00,BE,offshore,19.0,89,653.0,6.4,-0.5150380749100542,-0.8571673007021123,18.9,95,615.0,7.7,-0.5591929034707467,-0.8290375725550418,19.5,84,673.0,6.1,-0.6156614753256582,-0.788010753606722,19.0,93,640.0,7.1,-0.46947156278589086,-0.8829475928589269,1.1000000000000014,open-meteo,2026-08-08T09:50:20+00:00
2026-07-28 11:00:00+00:00,BE,offshore,19.1,89,701.0,4.6,-0.8987940462991668,-0.43837114678907774,18.5,93,710.0,7.1,-0.6018150231520484,-0.7986355100472928,19.9,82,690.0,4.5,-0.913545457642601,-0.4067366430758001,18.9,90,737.0,6.5,-0.6691306063588582,-0.7431448254773942,1.1000000000000014,open-meteo,2026-08-08T09:50:20+00:00
2026-07-28 12:00:00+00:00,BE,offshore,19.3,91,762.0,5.6,-0.9902680687415703,-0.13917310096006583,18.8,94,796.0,7.2,-0.6427876096865393,-0.766044443118978,20.1,84,765.0,4.1,-0.9816271834476639,0.1908089953765451,19.2,90,797.0,5.6,-0.7660444431189779,-0.6427876096865395,1.3500000000000014,open-meteo,2026-08-08T09:50:20+00:00
2026-07-28 13:00:00+00:00,BE,offshore,19.5,86,811.0,5.1,-0.9998476951563913,-0.017452406437283498,18.9,92,433.0,5.6,-0.7071067811865475,-0.7071067811865477,19.9,88,814.0,4.4,-0.9510565162951536,0.30901699437494723,19.2,91,691.0,5.1,-0.882947592858927,-0.46947156278589075,1.375,open-meteo,2026-08-08T09:50:20+00:00
2026-07-28 14:00:00+00:00,BE,offshore,19.6,87,738.0,6.3,-0.9993908270190958,0.03489949670250128,19.2,89,718.0,6.5,-0.8290375725550418,-0.5591929034707466,20.1,87,740.0,5.3,-0.8571673007021123,0.5150380749100542,19.5,89,725.0,5.6,-0.9902680687415703,-0.13917310096006583,1.6000000000000014,open-meteo,2026-08-08T09:50:20+00:00
2026-07-28 15:00:00+00:00,BE,offshore,19.7,86,658.0,6.9,-0.9998476951563913,0.01745240643728313,19.4,88,575.0,6.2,-0.8290375725550418,-0.5591929034707466,20.0,86,624.0,3.3,-0.6560590289905074,0.7547095802227719,19.7,87,532.0,5.1,-0.9975640502598242,-0.06975647374412558,1.6999999999999993,open-meteo,2026-08-08T09:50:20+00:00
2026-07-28 16:00:00+00:00,BE,offshore,19.6,87,531.0,5.3,-0.9993908270190958,0.03489949670250128,19.3,89,536.0,5.1,-0.7986355100472928,-0.6018150231520483,20.0,84,501.0,3.7,-0.6293203910498378,0.7771459614569706,19.6,88,500.0,2.7,-0.981627183447664,-0.1908089953765446,1.625,open-meteo,2026-08-08T09:50:20+00:00
2026-07-28 17:00:00+00:00,BE,offshore,19.7,86,347.0,3.5,-0.9993908270190958,-0.03489949670250076,19.3,89,335.0,4.2,-0.754709580222772,-0.6560590289905073,20.1,85,352.0,3.3,-0.7431448254773946,0.6691306063588578,19.7,88,335.0,2.8,-0.9271838545667873,-0.3746065934159123,1.6999999999999993,open-meteo,2026-08-08T09:50:20+00:00
2026-07-28 18:00:00+00:00,BE,offshore,19.8,86,254.0,3.2,-0.9975640502598242,-0.06975647374412558,19.4,88,224.0,4.7,-0.6819983600624984,-0.7313537016191706,20.1,84,249.0,2.7,-0.8910065241883679,0.45399049973954664,19.8,89,234.0,3.4,-0.90630778703665,-0.42261826174069916,1.7750000000000021,open-meteo,2026-08-08T09:50:20+00:00
2026-07-28 19:00:00+00:00,BE,offshore,19.6,86,111.0,2.0,-0.5000000000000001,-0.8660254037844386,19.3,91,111.0,5.6,0.01745240643728344,-0.9998476951563913,20.0,84,107.0,1.4,-0.7547095802227722,0.656059028990507,19.7,90,103.0,3.2,-0.5299192642332048,-0.8480480961564261,1.6500000000000021,open-meteo,2026-08-08T09:50:20+00:00
2026-07-28 20:00:00+00:00,BE,offshore,19.7,87,14.0,2.3,-0.9998476951563913,0.01745240643728313,19.3,91,15.0,4.6,-0.39073112848927355,-0.9205048534524404,20.1,86,13.0,2.4,-0.6691306063588581,0.7431448254773944,19.6,92,14.0,2.6,-0.7431448254773944,-0.6691306063588581,1.6750000000000007,open-meteo,2026-08-08T09:50:20+00:00
2026-07-28 21:00:00+00:00,BE,offshore,20.2,81,0.0,2.9,-0.874619707139396,-0.48480962024633684,19.9,90,0.0,6.8,-0.2079116908177595,-0.9781476007338056,20.4,82,0.0,2.3,-0.7986355100472932,0.6018150231520479,20.2,86,0.0,3.5,-0.656059028990507,-0.7547095802227721,2.174999999999997,open-meteo,2026-08-08T09:50:20+00:00
2026-07-28 22:00:00+00:00,BE,offshore,19.9,84,0.0,3.5,-0.6427876096865393,-0.766044443118978,19.5,92,0.0,8.0,-0.275637355816999,-0.9612616959383189,20.3,78,0.0,2.6,-0.9993908270190958,0.03489949670250128,19.9,86,0.0,5.5,-0.754709580222772,-0.6560590289905073,1.8999999999999986,open-meteo,2026-08-08T09:50:20+00:00
2026-07-28 23:00:00+00:00,BE,offshore,20.3,84,0.0,2.2,0.20791169081775931,-0.9781476007338057,19.7,91,0.0,5.3,-0.1045284632676535,-0.9945218953682733,20.5,82,0.0,1.7,-0.9945218953682734,-0.10452846326765336,20.0,88,0.0,2.8,-0.374606593415912,-0.9271838545667874,2.125,open-meteo,2026-08-08T09:50:20+00:00
2026-07-29 00:00:00+00:00,BE,offshore,20.9,83,0.0,3.7,0.2923717047227366,-0.9563047559630355,20.0,89,0.0,5.4,-0.43837114678907746,-0.8987940462991669,21.0,81,0.0,1.7,-0.5150380749100542,-0.8571673007021123,20.4,88,0.0,3.8,-0.4067366430758002,-0.9135454576426009,2.5749999999999993,open-meteo,2026-08-08T09:50:20+00:00
2026-07-29 01:00:00+00:00,BE,offshore,21.0,84,0.0,3.9,0.3420201433256689,-0.9396926207859083,20.1,90,0.0,5.3,-0.13917310096006552,-0.9902680687415703,21.2,82,0.0,1.0,-0.1045284632676535,-0.9945218953682733,20.9,84,0.0,3.5,0.05233595624294381,-0.9986295347545738,2.799999999999997,open-meteo,2026-08-08T09:50:20+00:00
2026-07-29 02:00:00+00:00,BE,offshore,20.8,89,0.0,3.9,0.39073112848927377,-0.9205048534524404,20.1,89,0.0,4.4,-0.06975647374412527,-0.9975640502598242,21.4,85,0.0,3.0,0.6293203910498374,-0.7771459614569709,21.2,82,0.0,5.3,0.24192189559966773,-0.9702957262759965,2.875,open-meteo,2026-08-08T09:50:20+00:00
2026-07-29 03:00:00+00:00,BE,offshore,21.3,86,0.0,4.5,0.2923717047227366,-0.9563047559630355,20.5,88,0.0,4.7,-0.8386705679454242,-0.544639035015027,22.0,77,0.0,4.2,-0.08715574274765794,-0.9961946980917455,21.3,84,0.0,3.9,-0.17364817766693047,-0.984807753012208,3.2749999999999986,open-meteo,2026-08-08T09:50:20+00:00
2026-07-29 04:00:00+00:00,BE,offshore,21.2,85,0.0,4.8,0.20791169081775931,-0.9781476007338057,20.2,90,0.0,3.8,-0.4226182617406993,-0.90630778703665,21.6,79,0.0,4.0,-0.12186934340514731,-0.9925461516413221,21.4,82,0.0,5.2,-0.4067366430758002,-0.9135454576426009,3.1000000000000014,open-meteo,2026-08-08T09:50:20+00:00
2026-07-29 05:00:00+00:00,BE,offshore,20.8,86,22.0,3.9,0.19080899537654497,-0.9816271834476639,20.0,85,23.0,4.2,-0.13917310096006552,-0.9902680687415703,21.3,81,23.0,3.2,0.3420201433256689,-0.9396926207859083,20.2,90,25.0,3.1,-0.3090169943749473,-0.9510565162951536,2.5749999999999993,open-meteo,2026-08-08T09:50:20+00:00
2026-07-29 06:00:00+00:00,BE,offshore,20.9,81,122.0,2.6,0.0871557427476582,-0.9961946980917455,20.2,85,129.0,3.5,-0.4226182617406993,-0.90630778703665,21.4,75,128.0,3.6,-0.2419218955996675,-0.9702957262759965,21.1,79,133.0,2.5,-0.2419218955996675,-0.9702957262759965,2.8999999999999986,open-meteo,2026-08-08T09:50:20+00:00
2026-07-29 07:00:00+00:00,BE,offshore,21.1,73,266.0,2.5,0.2756373558169992,-0.9612616959383189,20.0,89,256.0,3.2,-0.35836794954530043,-0.9335804264972016,21.3,70,270.0,5.5,-0.06975647374412527,-0.9975640502598242,20.5,92,261.0,2.3,0.03489949670250114,-0.9993908270190958,2.7250000000000014,open-meteo,2026-08-08T09:50:20+00:00
2026-07-29 08:00:00+00:00,BE,offshore,20.6,73,406.0,2.9,0.45399049973954686,-0.8910065241883678,19.8,96,408.0,4.4,-0.32556815445715676,-0.9455185755993167,21.0,70,406.0,2.8,0.12186934340514755,-0.992546151641322,20.5,91,411.0,3.4,-0.275637355816999,-0.9612616959383189,2.4750000000000014,open-meteo,2026-08-08T09:50:20+00:00
2026-07-29 09:00:00+00:00,BE,offshore,20.4,83,550.0,2.8,-0.29237170472273677,-0.9563047559630354,19.9,91,551.0,5.4,-0.34202014332566866,-0.9396926207859084,20.9,78,553.0,2.7,-0.5299192642332048,-0.8480480961564261,20.3,93,546.0,5.3,-0.39073112848927355,-0.9205048534524404,2.375,open-meteo,2026-08-08T09:50:20+00:00
2026-07-29 10:00:00+00:00,BE,offshore,20.5,81,686.0,5.7,-0.15643446504023073,-0.9876883405951378,19.9,95,691.0,5.9,-0.2419218955996675,-0.9702957262759965,21.1,79,690.0,4.9,-0.4226182617406993,-0.90630778703665,20.7,89,692.0,5.2,-0.34202014332566866,-0.9396926207859084,2.5500000000000007,open-meteo,2026-08-08T09:50:20+00:00
2026-07-29 11:00:00+00:00,BE,offshore,20.7,82,778.0,5.7,-0.1045284632676535,-0.9945218953682733,20.2,90,773.0,8.3,-0.17364817766693047,-0.984807753012208,21.1,83,779.0,2.9,-0.4226182617406993,-0.90630778703665,20.7,89,774.0,7.8,-0.34202014332566866,-0.9396926207859084,2.6750000000000007,open-meteo,2026-08-08T09:50:20+00:00
2026-07-29 12:00:00+00:00,BE,offshore,21.1,87,823.0,3.4,1.2246467991473532e-16,-1.0,20.4,90,818.0,6.6,-0.15643446504023073,-0.9876883405951378,21.5,84,824.0,0.8,-0.39073112848927355,-0.9205048534524404,20.9,90,819.0,5.5,-0.19080899537654472,-0.981627183447664,2.9750000000000014,open-meteo,2026-08-08T09:50:20+00:00
2026-07-29 13:00:00+00:00,BE,offshore,21.8,85,820.0,2.8,0.45399049973954686,-0.8910065241883678,21.1,82,816.0,6.1,0.01745240643728344,-0.9998476951563913,22.6,78,819.0,0.8,0.9335804264972017,-0.35836794954530027,21.2,86,815.0,5.9,-0.12186934340514731,-0.9925461516413221,3.6750000000000007,open-meteo,2026-08-08T09:50:20+00:00
2026-07-29 14:00:00+00:00,BE,offshore,22.0,86,772.0,1.4,-0.12186934340514731,-0.9925461516413221,21.3,80,768.0,4.3,-0.1045284632676535,-0.9945218953682733,22.8,78,769.0,1.7,0.992546151641322,0.12186934340514749,21.6,86,766.0,3.5,-0.052335956242943564,-0.9986295347545738,3.924999999999997,open-meteo,2026-08-08T09:50:20+00:00
2026-07-29 15:00:00+00:00,BE,offshore,22.1,77,679.0,2.1,-0.9205048534524405,0.3907311284892735,20.9,85,676.0,3.5,-0.587785252292473,-0.8090169943749475,22.6,76,676.0,3.3,0.8660254037844386,0.5000000000000001,21.3,86,673.0,1.3,-0.34202014332566866,-0.9396926207859084,3.724999999999998,open-meteo,2026-08-08T09:50:20+00:00
2026-07-29 16:00:00+00:00,BE,offshore,22.4,79,555.0,2.8,0.9945218953682733,-0.10452846326765355,21.5,82,552.0,4.9,0.5150380749100544,-0.8571673007021122,23.1,70,550.0,2.5,0.766044443118978,0.6427876096865394,22.4,73,548.0,3.2,0.40673664307580043,-0.9135454576426008,4.350000000000001,open-meteo,2026-08-08T09:50:20+00:00
2026-07-29 17:00:00+00:00,BE,offshore,21.9,83,410.0,3.1,0.9455185755993168,-0.32556815445715664,22.1,73,407.0,4.7,0.3090169943749475,-0.9510565162951535,23.0,74,404.0,2.3,0.224951054343865,0.9743700647852352,22.2,77,402.0,2.6,0.06975647374412552,-0.9975640502598242,4.300000000000001,open-meteo,2026-08-08T09:50:20+00:00
2026-07-29 18:00:00+00:00,BE,offshore,22.5,74,255.0,3.6,0.9925461516413221,-0.12186934340514737,21.3,81,256.0,5.2,0.529919264233205,-0.848048096156426,23.0,73,250.0,2.6,0.7431448254773942,0.6691306063588582,21.9,79,250.0,3.0,0.7431448254773942,-0.6691306063588582,4.174999999999997,open-meteo,2026-08-08T09:50:20+00:00
2026-07-29 19:00:00+00:00,BE,offshore,23.9,65,110.0,1.7,0.03489949670250114,-0.9993908270190958,22.5,72,112.0,5.0,0.40673664307580043,-0.9135454576426008,23.7,68,107.0,3.9,0.9902680687415704,0.13917310096006547,22.2,81,109.0,5.4,0.838670567945424,-0.5446390350150272,5.074999999999999,open-meteo,2026-08-08T09:50:20+00:00
2026-07-29 20:00:00+00:00,BE,offshore,22.6,76,13.0,6.8,-0.5299192642332048,-0.8480480961564261,22.1,74,14.0,8.6,-0.08715574274765794,-0.9961946980917455,24.3,64,12.0,1.4,0.5446390350150273,-0.8386705679454239,22.2,80,13.0,6.1,0.258819045102521,-0.9659258262890682,4.800000000000001,open-meteo,2026-08-08T09:50:20+00:00
2026-07-29 21:00:00+00:00,BE,offshore,23.1,69,0.0,10.2,-0.6427876096865393,-0.766044443118978,22.5,79,0.0,11.5,-0.2419218955996675,-0.9702957262759965,23.2,79,0.0,6.3,-0.7313537016191703,-0.6819983600624986,23.3,77,0.0,6.9,-0.17364817766693047,-0.984807753012208,5.024999999999999,open-meteo,2026-08-08T09:50:20+00:00
2026-07-29 22:00:00+00:00,BE,offshore,22.6,77,0.0,10.1,-0.5446390350150271,-0.838670567945424,21.5,83,0.0,11.1,-0.39073112848927355,-0.9205048534524404,23.6,73,0.0,8.7,-0.656059028990507,-0.7547095802227721,22.7,75,0.0,11.7,-0.5591929034707467,-0.8290375725550418,4.600000000000001,open-meteo,2026-08-08T09:50:20+00:00
2026-07-29 23:00:00+00:00,BE,offshore,21.9,79,0.0,13.3,-0.8386705679454242,-0.544639035015027,21.0,87,0.0,11.7,-0.6691306063588582,-0.7431448254773942,22.6,74,0.0,9.9,-0.7313537016191703,-0.6819983600624986,22.1,78,0.0,12.5,-0.6018150231520484,-0.7986355100472928,3.8999999999999986,open-meteo,2026-08-08T09:50:20+00:00
2026-07-30 00:00:00+00:00,BE,offshore,21.8,82,0.0,11.1,-0.8386705679454242,-0.544639035015027,21.2,86,0.0,14.4,-0.882947592858927,-0.46947156278589075,22.4,78,0.0,10.5,-0.7431448254773944,-0.6691306063588581,21.8,84,0.0,11.6,-0.8386705679454242,-0.544639035015027,3.8000000000000007,open-meteo,2026-08-08T09:50:20+00:00
2026-07-30 01:00:00+00:00,BE,offshore,21.3,85,0.0,11.7,-0.8191520442889916,-0.5735764363510464,21.0,88,0.0,13.5,-0.9455185755993168,-0.32556815445715664,21.9,80,0.0,10.9,-0.8090169943749473,-0.5877852522924732,21.6,84,0.0,10.5,-0.874619707139396,-0.48480962024633684,3.4499999999999957,open-meteo,2026-08-08T09:50:20+00:00
2026-07-30 02:00:00+00:00,BE,offshore,21.2,87,0.0,11.2,-0.8660254037844384,-0.5000000000000004,20.9,89,0.0,11.7,-0.9563047559630353,-0.2923717047227371,21.6,83,0.0,10.3,-0.8660254037844384,-0.5000000000000004,21.3,88,0.0,10.9,-0.8910065241883678,-0.45399049973954697,3.25,open-meteo,2026-08-08T09:50:20+00:00
2026-07-30 03:00:00+00:00,BE,offshore,21.4,87,0.0,10.5,-0.8660254037844384,-0.5000000000000004,21.1,86,0.0,11.0,-0.9702957262759965,-0.24192189559966779,21.5,85,0.0,10.6,-0.8660254037844384,-0.5000000000000004,21.6,85,0.0,11.7,-0.9659258262890683,-0.25881904510252063,3.3999999999999986,open-meteo,2026-08-08T09:50:20+00:00
2026-07-30 04:00:00+00:00,BE,offshore,21.3,87,0.0,9.4,-0.9271838545667873,-0.3746065934159123,21.6,76,0.0,5.5,-0.9205048534524405,0.3907311284892735,21.4,87,0.0,9.9,-0.8191520442889916,-0.5735764363510464,21.5,85,0.0,8.6,-0.981627183447664,-0.1908089953765446,3.450000000000003,open-meteo,2026-08-08T09:50:20+00:00
2026-07-30 05:00:00+00:00,BE,offshore,20.8,87,19.0,6.2,-0.9455185755993168,-0.32556815445715664,20.9,73,21.0,3.6,-0.8290375725550416,0.559192903470747,20.8,89,19.0,8.0,-0.9271838545667873,-0.3746065934159123,21.0,86,23.0,6.5,-0.9702957262759965,-0.24192189559966779,2.875,open-meteo,2026-08-08T09:50:20+00:00
2026-07-30 06:00:00+00:00,BE,offshore,21.7,73,106.0,3.4,-0.8829475928589271,0.4694715627858904,20.6,81,110.0,5.2,-0.945518575599317,0.3255681544571563,21.6,80,108.0,6.4,-0.9998476951563913,-0.017452406437283498,21.1,82,107.0,4.7,-0.898794046299167,0.4383711467890774,3.25,open-meteo,2026-08-08T09:50:20+00:00
2026-07-30 07:00:00+00:00,BE,offshore,21.2,85,259.0,4.1,-0.9612616959383188,0.2756373558169994,20.7,78,193.0,4.0,-0.7880107536067218,0.6156614753256585,21.5,84,243.0,5.8,-0.9743700647852352,0.22495105434386492,21.1,79,197.0,4.9,-0.5591929034707466,0.8290375725550418,3.125,open-meteo,2026-08-08T09:50:20+00:00
2026-07-30 08:00:00+00:00,BE,offshore,21.2,71,426.0,4.0,-0.8746197071393956,0.4848096202463373,20.2,81,408.0,4.5,-0.7431448254773946,0.6691306063588578,21.4,73,426.0,4.1,-0.7880107536067218,0.6156614753256585,20.5,79,421.0,4.6,-0.6946583704589976,0.7193398003386509,2.8249999999999993,open-meteo,2026-08-08T09:50:20+00:00
2026-07-30 09:00:00+00:00,BE,offshore,20.1,93,525.0,5.3,-0.898794046299167,0.4383711467890774,19.3,85,558.0,5.5,-0.8191520442889918,0.573576436351046,20.4,91,501.0,6.0,-0.9659258262890684,0.2588190451025203,19.8,85,551.0,6.7,-0.8829475928589271,0.4694715627858904,1.9000000000000021,open-meteo,2026-08-08T09:50:20+00:00
2026-07-30 10:00:00+00:00,BE,offshore,20.1,82,548.0,3.9,-0.7880107536067218,0.6156614753256585,19.4,83,538.0,3.9,-0.9961946980917455,-0.08715574274765825,20.6,82,504.0,4.7,-0.9612616959383188,0.2756373558169994,19.7,84,581.0,4.9,-0.9563047559630354,0.2923717047227367,1.9499999999999993,open-meteo,2026-08-08T09:50:20+00:00
2026-07-30 11:00:00+00:00,BE,offshore,20.2,80,380.0,4.6,-0.9781476007338056,0.20791169081775945,19.6,82,415.0,4.7,-0.9743700647852352,0.22495105434386492,20.4,81,320.0,4.7,-0.9816271834476639,0.1908089953765451,19.9,84,443.0,4.7,-0.9612616959383188,0.2756373558169994,2.0249999999999986,open-meteo,2026-08-08T09:50:20+00:00
2026-07-30 12:00:00+00:00,BE,offshore,20.0,81,322.0,4.1,-0.9986295347545738,-0.052335956242944306,19.5,83,332.0,3.9,-1.0,-1.8369701987210297e-16,20.3,80,229.0,3.2,-0.992546151641322,0.12186934340514768,19.7,85,324.0,4.7,-0.9986295347545738,0.052335956242943946,1.875,open-meteo,2026-08-08T09:50:20+00:00
2026-07-30 13:00:00+00:00,BE,offshore,20.0,80,268.0,2.9,-0.7193398003386512,-0.6946583704589973,19.7,84,212.0,4.1,-0.22495105434386498,-0.9743700647852352,20.3,80,283.0,2.7,-0.374606593415912,-0.9271838545667874,19.9,82,304.0,2.8,-0.4226182617406993,-0.90630778703665,1.9750000000000014,open-meteo,2026-08-08T09:50:20+00:00
2026-07-30 14:00:00+00:00,BE,offshore,20.3,79,639.0,3.0,-0.7660444431189779,-0.6427876096865395,20.0,85,535.0,5.9,-0.2588190451025208,-0.9659258262890683,20.5,78,404.0,2.1,-0.984807753012208,-0.17364817766693033,20.3,81,472.0,4.1,-0.5000000000000001,-0.8660254037844386,2.2749999999999986,open-meteo,2026-08-08T09:50:20+00:00
2026-07-30 15:00:00+00:00,BE,offshore,20.3,82,586.0,4.8,-0.7071067811865475,-0.7071067811865477,19.9,87,597.0,6.7,-0.4226182617406993,-0.90630778703665,20.4,81,472.0,4.6,-0.9510565162951535,-0.30901699437494756,20.1,84,484.0,4.9,-0.4067366430758002,-0.9135454576426009,2.1750000000000007,open-meteo,2026-08-08T09:50:20+00:00
2026-07-30 16:00:00+00:00,BE,offshore,20.1,86,552.0,6.0,-0.8910065241883678,-0.45399049973954697,19.8,90,552.0,7.5,-0.5735764363510462,-0.8191520442889918,20.4,83,500.0,3.2,-0.7771459614569706,-0.6293203910498378,20.1,83,531.0,4.7,-0.46947156278589086,-0.8829475928589269,2.1000000000000014,open-meteo,2026-08-08T09:50:20+00:00
2026-07-30 17:00:00+00:00,BE,offshore,20.3,86,407.0,7.9,-0.8191520442889916,-0.5735764363510464,19.9,90,405.0,8.6,-0.5735764363510462,-0.8191520442889918,20.5,84,401.0,4.2,-0.6946583704589974,-0.7193398003386511,20.3,85,402.0,6.5,-0.4067366430758002,-0.9135454576426009,2.25,open-meteo,2026-08-08T09:50:20+00:00
2026-07-30 18:00:00+00:00,BE,offshore,20.4,87,250.0,8.8,-0.8386705679454242,-0.544639035015027,20.0,91,228.0,8.4,-0.6018150231520484,-0.7986355100472928,20.7,86,247.0,5.4,-0.8910065241883678,-0.45399049973954697,20.5,86,246.0,6.8,-0.5150380749100542,-0.8571673007021123,2.3999999999999986,open-meteo,2026-08-08T09:50:20+00:00
2026-07-30 19:00:00+00:00,BE,offshore,20.3,83,106.0,11.9,-0.8191520442889916,-0.5735764363510464,19.8,89,92.0,11.5,-0.6018150231520484,-0.7986355100472928,20.8,83,103.0,9.0,-0.874619707139396,-0.48480962024633684,20.2,88,104.0,7.7,-0.6691306063588582,-0.7431448254773942,2.275000000000002,open-meteo,2026-08-08T09:50:20+00:00
2026-07-30 20:00:00+00:00,BE,offshore,20.6,82,12.0,11.5,-0.7771459614569706,-0.6293203910498378,20.0,89,13.0,11.0,-0.6427876096865393,-0.766044443118978,20.6,85,11.0,8.7,-0.874619707139396,-0.48480962024633684,20.2,88,12.0,6.9,-0.7771459614569706,-0.6293203910498378,2.3500000000000014,open-meteo,2026-08-08T09:50:20+00:00
2026-07-30 21:00:00+00:00,BE,offshore,20.6,82,0.0,10.6,-0.8090169943749473,-0.5877852522924732,20.4,88,0.0,12.5,-0.587785252292473,-0.8090169943749475,21.0,83,0.0,8.8,-0.9271838545667873,-0.3746065934159123,20.6,85,0.0,8.3,-0.7660444431189779,-0.6427876096865395,2.6499999999999986,open-meteo,2026-08-08T09:50:20+00:00
2026-07-30 22:00:00+00:00,BE,offshore,20.5,80,0.0,7.9,-0.656059028990507,-0.7547095802227721,20.0,89,0.0,9.2,-0.5446390350150271,-0.838670567945424,21.0,76,0.0,8.3,-0.754709580222772,-0.6560590289905073,20.3,85,0.0,3.5,-0.984807753012208,-0.17364817766693033,2.4499999999999993,open-meteo,2026-08-08T09:50:20+00:00
2026-07-30 23:00:00+00:00,BE,offshore,20.2,84,0.0,7.6,-0.374606593415912,-0.9271838545667874,20.0,91,0.0,8.1,-0.43837114678907746,-0.8987940462991669,20.7,77,0.0,6.1,-0.3090169943749473,-0.9510565162951536,20.5,81,0.0,2.2,1.2246467991473532e-16,-1.0,2.3500000000000014,open-meteo,2026-08-08T09:50:20+00:00
2026-07-31 00:00:00+00:00,BE,offshore,20.3,86,0.0,9.4,-0.46947156278589086,-0.8829475928589269,20.4,92,0.0,9.1,-0.5150380749100542,-0.8571673007021123,20.6,82,0.0,6.7,-0.017452406437283637,-0.9998476951563913,20.7,87,0.0,8.8,-0.374606593415912,-0.9271838545667874,2.5,open-meteo,2026-08-08T09:50:20+00:00
2026-07-31 01:00:00+00:00,BE,offshore,19.8,87,0.0,7.1,-0.34202014332566866,-0.9396926207859084,20.2,88,0.0,7.6,-0.0348994967025009,-0.9993908270190958,20.2,80,0.0,6.4,-0.4067366430758002,-0.9135454576426009,20.8,82,0.0,5.8,-0.12186934340514731,-0.9925461516413221,2.25,open-meteo,2026-08-08T09:50:20+00:00
2026-07-31 02:00:00+00:00,BE,offshore,19.4,92,0.0,6.8,-0.32556815445715676,-0.9455185755993167,19.8,90,0.0,6.0,0.01745240643728344,-0.9998476951563913,19.5,87,0.0,6.2,-0.5000000000000001,-0.8660254037844386,20.3,82,0.0,5.3,0.15643446504023098,-0.9876883405951377,1.75,open-meteo,2026-08-08T09:50:20+00:00
2026-07-31 03:00:00+00:00,BE,offshore,20.2,94,0.0,7.1,-0.5000000000000001,-0.8660254037844386,20.0,96,0.0,2.6,-0.754709580222772,-0.6560590289905073,19.4,93,0.0,6.6,-0.6156614753256582,-0.788010753606722,19.9,93,0.0,8.3,-0.3090169943749473,-0.9510565162951536,1.875,open-meteo,2026-08-08T09:50:20+00:00
2026-07-31 04:00:00+00:00,BE,offshore,20.3,92,0.0,6.7,-0.9335804264972015,-0.3583679495453007,20.1,95,0.0,4.4,-0.35836794954530043,-0.9335804264972016,19.0,95,0.0,7.0,-0.43837114678907746,-0.8987940462991669,19.7,90,0.0,5.8,-0.017452406437283637,-0.9998476951563913,1.7750000000000021,open-meteo,2026-08-08T09:50:20+00:00
2026-07-31 05:00:00+00:00,BE,offshore,20.1,94,8.0,5.5,-0.9993908270190958,-0.03489949670250076,19.5,96,11.0,3.2,0.838670567945424,0.5446390350150271,19.4,95,7.0,7.5,-0.5446390350150271,-0.838670567945424,19.4,92,7.0,2.6,-0.48480962024633695,-0.8746197071393959,1.6000000000000014,open-meteo,2026-08-08T09:50:20+00:00
2026-07-31 06:00:00+00:00,BE,offshore,19.3,89,72.0,8.8,-0.13917310096006588,0.9902680687415703,18.7,88,18.0,11.5,0.15643446504023087,0.9876883405951378,20.3,93,48.0,4.4,-0.9975640502598243,0.06975647374412522,19.9,95,14.0,3.5,-0.6819983600624984,0.7313537016191707,1.5499999999999972,open-meteo,2026-08-08T09:50:20+00:00
2026-07-31 07:00:00+00:00,BE,offshore,19.6,92,193.0,9.1,-0.3255681544571567,0.9455185755993168,18.7,86,84.0,10.9,0.20791169081775934,0.9781476007338057,20.3,94,167.0,5.6,-0.9902680687415704,0.13917310096006547,19.8,92,193.0,4.7,0.35836794954530027,0.9335804264972017,1.5999999999999979,open-meteo,2026-08-08T09:50:20+00:00
2026-07-31 08:00:00+00:00,BE,offshore,19.3,89,248.0,9.9,0.15643446504023087,0.9876883405951378,18.5,83,104.0,9.4,0.4539904997395468,0.8910065241883679,20.3,94,294.0,8.7,-0.3420201433256686,0.9396926207859084,18.8,85,50.0,10.2,0.374606593415912,0.9271838545667874,1.2249999999999979,open-meteo,2026-08-08T09:50:20+00:00
2026-07-31 09:00:00+00:00,BE,offshore,18.8,82,148.0,9.2,0.17364817766693033,0.984807753012208,18.1,81,79.0,7.6,0.1908089953765448,0.981627183447664,19.2,85,56.0,11.6,0.15643446504023087,0.9876883405951378,18.6,82,53.0,8.4,0.42261826174069944,0.9063077870366499,0.6750000000000043,open-meteo,2026-08-08T09:50:20+00:00
2026-07-31 10:00:00+00:00,BE,offshore,19.3,84,213.0,9.5,-0.05233595624294437,0.9986295347545738,18.6,83,239.0,8.9,-0.01745240643728356,0.9998476951563913,19.7,84,208.0,8.9,0.01745240643728351,0.9998476951563913,19.0,83,146.0,9.7,0.27563735581699916,0.9612616959383189,1.1500000000000021,open-meteo,2026-08-08T09:50:20+00:00
2026-07-31 11:00:00+00:00,BE,offshore,19.3,80,464.0,8.3,0.13917310096006544,0.9902680687415704,18.6,80,751.0,7.7,-0.01745240643728356,0.9998476951563913,19.5,82,598.0,9.0,0.35836794954530027,0.9335804264972017,19.0,76,764.0,8.2,0.13917310096006544,0.9902680687415704,1.1000000000000014,open-meteo,2026-08-08T09:50:20+00:00
2026-07-31 12:00:00+00:00,BE,offshore,18.9,76,770.0,6.6,0.12186934340514748,0.992546151641322,18.2,82,813.0,4.7,0.15643446504023087,0.9876883405951378,19.2,72,646.0,7.6,0.08715574274765817,0.9961946980917455,18.6,78,794.0,6.8,-0.10452846326765342,0.9945218953682733,0.7250000000000014,open-meteo,2026-08-08T09:50:20+00:00
2026-07-31 13:00:00+00:00,BE,offshore,19.0,79,813.0,6.4,0.224951054343865,0.9743700647852352,18.4,81,625.0,5.2,0.35836794954530027,0.9335804264972017,19.3,77,817.0,7.4,0.13917310096006544,0.9902680687415704,18.8,78,742.0,6.3,0.0697564737441253,0.9975640502598242,0.875,open-meteo,2026-08-08T09:50:20+00:00
2026-07-31 14:00:00+00:00,BE,offshore,19.3,78,759.0,5.9,0.20791169081775934,0.9781476007338057,18.8,81,766.0,5.1,0.24192189559966773,0.9702957262759965,19.5,76,682.0,7.0,0.1908089953765448,0.981627183447664,19.1,78,764.0,6.4,0.17364817766693033,0.984807753012208,1.1750000000000007,open-meteo,2026-08-08T09:50:20+00:00
2026-07-31 15:00:00+00:00,BE,offshore,18.8,80,664.0,6.1,0.15643446504023087,0.9876883405951378,18.4,80,669.0,7.4,0.15643446504023087,0.9876883405951378,18.8,79,656.0,7.8,0.01745240643728351,0.9998476951563913,18.3,81,674.0,7.1,0.052335956242943835,0.9986295347545738,0.5749999999999993,open-meteo,2026-08-08T09:50:20+00:00
2026-07-31 16:00:00+00:00,BE,offshore,18.9,80,531.0,4.0,0.224951054343865,0.9743700647852352,18.6,78,550.0,5.7,0.35836794954530027,0.9335804264972017,19.1,76,464.0,2.8,0.15643446504023087,0.9876883405951378,18.8,77,548.0,5.6,0.27563735581699916,0.9612616959383189,0.8500000000000014,open-meteo,2026-08-08T09:50:20+00:00
2026-07-31 17:00:00+00:00,BE,offshore,19.1,77,365.0,4.1,0.374606593415912,0.9271838545667874,18.8,74,386.0,6.0,0.5446390350150271,0.838670567945424,19.2,75,355.0,3.2,0.27563735581699916,0.9612616959383189,18.9,75,375.0,5.6,0.3420201433256687,0.9396926207859084,1.0,open-meteo,2026-08-08T09:50:20+00:00
2026-07-31 18:00:00+00:00,BE,offshore,18.8,72,233.0,4.6,0.6018150231520483,0.7986355100472928,18.3,77,229.0,4.5,0.39073112848927377,0.9205048534524404,18.9,69,233.0,6.0,0.374606593415912,0.9271838545667874,18.5,75,232.0,4.5,-0.08715574274765832,0.9961946980917455,0.625,open-meteo,2026-08-08T09:50:20+00:00
2026-07-31 19:00:00+00:00,BE,offshore,18.9,72,101.0,4.4,0.766044443118978,0.6427876096865394,18.4,70,108.0,3.4,0.5150380749100542,0.8571673007021123,19.0,69,92.0,4.7,0.4539904997395468,0.8910065241883679,18.5,72,101.0,3.2,-0.40673664307580015,0.9135454576426009,0.6999999999999993,open-meteo,2026-08-08T09:50:20+00:00
2026-07-31 20:00:00+00:00,BE,offshore,19.1,72,10.0,4.4,0.9063077870366499,0.42261826174069944,18.5,70,12.0,3.8,0.8829475928589269,0.46947156278589086,19.2,69,10.0,4.5,0.6427876096865393,0.766044443118978,18.6,70,11.0,3.0,0.3090169943749474,0.9510565162951535,0.8500000000000014,open-meteo,2026-08-08T09:50:20+00:00
2026-07-31 21:00:00+00:00,BE,offshore,18.8,70,0.0,4.5,0.7771459614569709,0.6293203910498374,18.6,67,0.0,3.6,0.9702957262759965,0.24192189559966767,19.1,70,0.0,5.1,0.6293203910498374,0.7771459614569709,18.8,65,0.0,3.5,0.6946583704589973,0.7193398003386512,0.8250000000000028,open-meteo,2026-08-08T09:50:20+00:00
2026-07-31 22:00:00+00:00,BE,offshore,18.9,66,0.0,3.9,0.8987940462991669,0.43837114678907746,18.5,69,0.0,3.6,0.9510565162951535,0.30901699437494745,19.0,66,0.0,4.3,0.5591929034707469,0.8290375725550417,18.7,68,0.0,3.4,0.7071067811865475,0.7071067811865476,0.7749999999999986,open-meteo,2026-08-08T09:50:20+00:00
2026-07-31 23:00:00+00:00,BE,offshore,19.0,66,0.0,2.8,0.9998476951563913,0.0174524064372836,18.3,65,0.0,1.6,0.9135454576426009,-0.40673664307580026,19.0,66,0.0,3.1,0.7431448254773942,0.6691306063588582,18.4,65,0.0,1.9,0.7193398003386511,0.6946583704589973,0.6749999999999972,open-meteo,2026-08-08T09:50:20+00:00
2026-08-01 00:00:00+00:00,BE,offshore,19.5,61,0.0,3.2,0.8571673007021123,-0.5150380749100543,19.0,60,0.0,2.2,0.6560590289905073,-0.754709580222772,19.7,59,0.0,3.4,0.9986295347545738,0.052335956242943966,19.0,59,0.0,1.1,0.9455185755993167,0.32556815445715676,1.3000000000000007,open-meteo,2026-08-08T09:50:20+00:00
2026-08-01 01:00:00+00:00,BE,offshore,19.3,65,0.0,2.0,0.9986295347545738,0.052335956242943966,18.9,67,0.0,1.4,0.6156614753256584,-0.7880107536067219,19.5,65,0.0,3.0,0.9743700647852352,0.22495105434386492,18.9,65,0.0,1.5,1.0,6.123233995736766e-17,1.1499999999999986,open-meteo,2026-08-08T09:50:20+00:00
2026-08-01 02:00:00+00:00,BE,offshore,19.3,60,0.0,3.2,0.9876883405951378,0.15643446504023092,18.6,61,0.0,1.5,0.9961946980917455,0.08715574274765814,19.4,61,0.0,3.0,0.8987940462991669,0.43837114678907746,18.8,63,0.0,1.1,0.8090169943749475,0.5877852522924731,1.0250000000000021,open-meteo,2026-08-08T09:50:20+00:00
2026-08-01 03:00:00+00:00,BE,offshore,19.5,58,0.0,1.6,0.9396926207859084,-0.3420201433256687,19.1,59,0.0,1.2,0.7431448254773942,-0.6691306063588582,19.6,58,0.0,1.9,0.8746197071393957,0.4848096202463371,18.8,61,0.0,2.2,0.13917310096006544,0.9902680687415704,1.25,open-meteo,2026-08-08T09:50:20+00:00
2026-08-01 04:00:00+00:00,BE,offshore,19.5,64,0.0,1.4,0.3090169943749475,-0.9510565162951535,18.8,68,0.0,2.0,-0.29237170472273716,0.9563047559630353,19.1,72,0.0,3.2,0.8746197071393959,-0.484809620246337,18.9,62,0.0,2.2,0.9612616959383189,0.27563735581699916,1.0749999999999993,open-meteo,2026-08-08T09:50:20+00:00
2026-08-01 05:00:00+00:00,BE,offshore,19.5,60,7.0,3.4,0.8480480961564261,-0.5299192642332048,19.0,63,7.0,4.3,0.6156614753256584,-0.7880107536067219,19.0,70,19.0,3.2,0.9945218953682733,-0.10452846326765355,19.0,63,7.0,4.8,0.8571673007021123,-0.5150380749100543,1.125,open-meteo,2026-08-08T09:50:20+00:00
2026-08-01 06:00:00+00:00,BE,offshore,19.2,71,125.0,1.6,-0.5150380749100542,-0.8571673007021123,18.1,76,124.0,4.0,-0.12186934340514723,0.9925461516413221,19.4,63,128.0,1.3,0.9510565162951535,0.30901699437494745,18.9,58,129.0,0.8,-0.24192189559966787,0.9702957262759965,0.8999999999999986,open-meteo,2026-08-08T09:50:20+00:00
2026-08-01 07:00:00+00:00,BE,offshore,18.6,79,272.0,2.7,0.7193398003386511,-0.6946583704589974,18.4,77,156.0,2.2,0.4539904997395468,0.8910065241883679,18.5,78,275.0,3.1,0.8290375725550417,-0.5591929034707467,19.1,64,72.0,1.9,0.9961946980917455,-0.08715574274765824,0.6499999999999986,open-meteo,2026-08-08T09:50:20+00:00
2026-08-01 08:00:00+00:00,BE,offshore,18.3,76,358.0,1.0,0.27563735581699916,0.9612616959383189,18.1,70,182.0,1.2,-0.9945218953682734,0.10452846326765299,19.0,65,425.0,1.4,0.3090169943749475,-0.9510565162951535,18.1,69,309.0,2.1,-0.5150380749100545,0.8571673007021121,0.375,open-meteo,2026-08-08T09:50:20+00:00
2026-08-01 09:00:00+00:00,BE,offshore,18.9,75,477.0,1.9,-0.2419218955996675,-0.9702957262759965,17.1,77,491.0,3.6,0.20791169081775934,0.9781476007338057,18.8,76,583.0,1.3,-0.8910065241883678,-0.45399049973954697,18.4,72,434.0,3.0,0.224951054343865,0.9743700647852352,0.29999999999999716,open-meteo,2026-08-08T09:50:20+00:00
2026-08-01 10:00:00+00:00,BE,offshore,17.8,76,672.0,5.5,0.374606593415912,0.9271838545667874,16.7,83,82.0,4.6,0.7547095802227721,-0.6560590289905072,18.3,81,702.0,4.6,0.12186934340514748,0.992546151641322,17.4,66,395.0,2.2,-0.8746197071393956,0.4848096202463373,0.45000000000000284,open-meteo,2026-08-08T09:50:20+00:00
2026-08-01 11:00:00+00:00,BE,offshore,18.4,77,680.0,1.1,-0.8386705679454243,0.5446390350150266,18.4,73,757.0,0.8,-0.4226182617406993,-0.90630778703665,18.6,78,708.0,3.0,-0.4848096202463369,0.8746197071393959,18.6,77,243.0,3.2,-0.5735764363510462,-0.8191520442889918,0.5,open-meteo,2026-08-08T09:50:20+00:00
2026-08-01 12:00:00+00:00,BE,offshore,19.0,69,695.0,2.2,0.9335804264972017,0.3583679495453004,18.9,71,206.0,4.3,0.4694715627858907,-0.882947592858927,19.0,72,830.0,2.5,0.766044443118978,0.6427876096865394,18.9,67,181.0,2.3,0.6819983600624986,-0.7313537016191705,0.9499999999999993,open-meteo,2026-08-08T09:50:20+00:00
2026-08-01 13:00:00+00:00,BE,offshore,19.0,72,829.0,2.8,0.49999999999999994,0.8660254037844387,18.5,70,767.0,2.1,-0.9986295347545738,-0.052335956242944306,19.4,70,832.0,3.1,0.3420201433256687,0.9396926207859084,18.9,67,826.0,2.5,-0.8571673007021123,0.5150380749100542,0.9499999999999993,open-meteo,2026-08-08T09:50:20+00:00
2026-08-01 14:00:00+00:00,BE,offshore,19.3,67,779.0,4.6,0.13917310096006544,0.9902680687415704,18.5,76,772.0,2.6,-0.10452846326765342,0.9945218953682733,19.7,65,775.0,5.3,0.0,1.0,18.9,72,669.0,3.6,-0.08715574274765832,0.9961946980917455,1.1000000000000014,open-meteo,2026-08-08T09:50:20+00:00
2026-08-01 15:00:00+00:00,BE,offshore,19.6,66,686.0,4.8,0.29237170472273677,0.9563047559630354,19.0,71,683.0,1.4,0.01745240643728351,0.9998476951563913,20.1,64,651.0,5.8,0.27563735581699916,0.9612616959383189,19.3,66,680.0,2.7,0.35836794954530027,0.9335804264972017,1.5,open-meteo,2026-08-08T09:50:20+00:00
2026-08-01 16:00:00+00:00,BE,offshore,19.1,76,457.0,4.7,0.15643446504023087,0.9876883405951378,18.4,79,526.0,1.8,0.838670567945424,0.5446390350150271,19.6,69,549.0,6.3,0.29237170472273677,0.9563047559630354,18.7,76,546.0,2.8,0.17364817766693033,0.984807753012208,0.9499999999999993,open-meteo,2026-08-08T09:50:20+00:00
2026-08-01 17:00:00+00:00,BE,offshore,19.4,70,360.0,4.6,0.5591929034707469,0.8290375725550417,18.7,76,302.0,2.7,0.9945218953682733,-0.10452846326765355,19.8,69,371.0,5.1,0.43837114678907746,0.898794046299167,19.0,71,341.0,2.6,0.8191520442889918,0.573576436351046,1.2249999999999979,open-meteo,2026-08-08T09:50:20+00:00
2026-08-01 18:00:00+00:00,BE,offshore,20.0,66,226.0,4.7,0.788010753606722,0.6156614753256583,18.9,74,241.0,3.7,0.984807753012208,-0.1736481776669303,20.2,63,230.0,5.7,0.7071067811865475,0.7071067811865476,19.1,70,239.0,3.5,0.9659258262890683,0.25881904510252074,1.5499999999999972,open-meteo,2026-08-08T09:50:20+00:00
2026-08-01 19:00:00+00:00,BE,offshore,20.0,69,83.0,2.8,0.984807753012208,-0.1736481776669303,19.3,75,94.0,3.8,0.6819983600624986,-0.7313537016191705,20.0,68,82.0,3.2,0.9563047559630354,0.29237170472273677,19.6,69,78.0,3.2,0.8480480961564261,-0.5299192642332048,1.7250000000000014,open-meteo,2026-08-08T09:50:20+00:00
2026-08-01 20:00:00+00:00,BE,offshore,20.1,69,8.0,5.5,0.9902680687415704,0.13917310096006547,19.5,70,11.0,4.6,0.8290375725550417,-0.5591929034707467,20.1,68,7.0,5.6,0.9335804264972017,0.3583679495453004,19.7,66,9.0,3.8,0.9902680687415704,-0.13917310096006535,1.8500000000000014,open-meteo,2026-08-08T09:50:20+00:00
2026-08-01 21:00:00+00:00,BE,offshore,20.6,62,0.0,5.1,0.9975640502598242,0.06975647374412523,20.0,65,0.0,5.3,0.7071067811865476,-0.7071067811865475,20.8,59,0.0,5.0,0.9335804264972017,0.3583679495453004,20.0,63,0.0,4.7,0.8987940462991669,-0.4383711467890775,2.3500000000000014,open-meteo,2026-08-08T09:50:20+00:00
2026-08-01 22:00:00+00:00,BE,offshore,20.5,59,0.0,3.6,0.9993908270190958,-0.034899496702500955,19.8,66,0.0,2.9,0.984807753012208,0.17364817766693041,20.5,61,0.0,4.6,0.9781476007338056,0.20791169081775945,19.8,66,0.0,4.3,0.9876883405951378,0.15643446504023092,2.1499999999999986,open-meteo,2026-08-08T09:50:20+00:00
2026-08-01 23:00:00+00:00,BE,offshore,20.9,63,0.0,4.9,0.9396926207859084,-0.3420201433256687,20.0,62,0.0,4.1,0.9876883405951378,-0.1564344650402308,21.1,56,0.0,6.4,0.9335804264972017,-0.35836794954530027,20.2,60,0.0,3.9,0.9998476951563913,0.0174524064372836,2.5500000000000007,open-meteo,2026-08-08T09:50:20+00:00
2026-08-02 00:00:00+00:00,BE,offshore,21.3,54,0.0,4.8,0.9781476007338057,-0.20791169081775934,20.2,63,0.0,5.3,0.9612616959383189,-0.27563735581699905,21.4,54,0.0,6.4,0.9563047559630355,-0.29237170472273666,20.3,61,0.0,5.2,0.9993908270190958,-0.034899496702500955,2.8000000000000007,open-meteo,2026-08-08T09:50:20+00:00
2026-08-02 01:00:00+00:00,BE,offshore,21.1,54,0.0,5.7,0.9510565162951536,-0.30901699437494734,20.2,62,0.0,5.5,0.9205048534524403,-0.39073112848927377,20.8,59,0.0,6.3,0.9781476007338057,-0.20791169081775934,20.6,58,0.0,5.4,0.9563047559630355,-0.29237170472273666,2.674999999999997,open-meteo,2026-08-08T09:50:20+00:00
2026-08-02 02:00:00+00:00,BE,offshore,21.0,58,0.0,6.0,0.838670567945424,-0.5446390350150272,20.8,60,0.0,4.7,0.8191520442889917,-0.5735764363510462,21.0,56,0.0,8.2,0.8480480961564261,-0.5299192642332048,20.6,60,0.0,4.9,0.8987940462991669,-0.4383711467890775,2.8500000000000014,open-meteo,2026-08-08T09:50:20+00:00
2026-08-02 03:00:00+00:00,BE,offshore,21.3,59,0.0,5.4,0.8910065241883679,-0.45399049973954675,20.8,60,0.0,5.8,0.8746197071393959,-0.484809620246337,21.1,58,0.0,6.4,0.9612616959383189,-0.27563735581699905,20.7,59,0.0,5.0,0.9396926207859084,-0.3420201433256687,2.9750000000000014,open-meteo,2026-08-08T09:50:20+00:00
2026-08-02 04:00:00+00:00,BE,offshore,21.0,59,0.0,5.7,0.9396926207859084,-0.3420201433256687,20.6,64,0.0,4.5,0.8746197071393959,-0.484809620246337,20.8,58,0.0,7.0,0.9563047559630355,-0.29237170472273666,20.4,61,0.0,6.1,0.8987940462991669,-0.4383711467890775,2.700000000000003,open-meteo,2026-08-08T09:50:20+00:00
2026-08-02 05:00:00+00:00,BE,offshore,20.7,56,17.0,5.7,0.9743700647852352,-0.22495105434386503,20.4,60,16.0,4.0,0.9205048534524403,-0.39073112848927377,20.5,58,18.0,6.0,0.9781476007338057,-0.20791169081775934,20.2,59,18.0,5.5,0.9563047559630355,-0.29237170472273666,2.4499999999999993,open-meteo,2026-08-08T09:50:20+00:00
2026-08-02 06:00:00+00:00,BE,offshore,20.3,60,122.0,5.2,0.9986295347545738,0.052335956242943966,20.4,64,123.0,5.3,0.9455185755993168,-0.32556815445715664,20.1,59,126.0,6.0,0.984807753012208,-0.1736481776669303,20.2,61,126.0,5.7,0.9510565162951536,-0.30901699437494734,2.25,open-meteo,2026-08-08T09:50:20+00:00
2026-08-02 07:00:00+00:00,BE,offshore,20.5,61,267.0,5.9,0.9702957262759965,-0.24192189559966779,20.5,61,268.0,4.7,0.9612616959383189,-0.27563735581699905,19.9,65,274.0,6.0,0.984807753012208,-0.1736481776669303,20.1,64,274.0,5.4,0.9335804264972017,-0.35836794954530027,2.25,open-meteo,2026-08-08T09:50:20+00:00
2026-08-02 08:00:00+00:00,BE,offshore,20.2,63,405.0,4.6,0.9993908270190958,0.03489949670250108,20.2,63,400.0,4.0,0.981627183447664,-0.1908089953765448,19.6,65,419.0,4.5,0.9902680687415704,0.13917310096006547,20.2,60,416.0,4.5,0.9659258262890683,-0.25881904510252085,2.0500000000000007,open-meteo,2026-08-08T09:50:20+00:00
2026-08-02 09:00:00+00:00,BE,offshore,20.1,59,540.0,5.8,0.992546151641322,0.12186934340514749,20.0,69,557.0,5.1,0.984807753012208,-0.1736481776669303,20.1,60,566.0,6.0,0.9702957262759965,0.24192189559966767,20.3,59,563.0,5.3,0.984807753012208,-0.1736481776669303,2.125,open-meteo,2026-08-08T09:50:20+00:00
2026-08-02 10:00:00+00:00,BE,offshore,20.3,62,641.0,6.0,0.9563047559630354,0.29237170472273677,19.8,67,594.0,4.2,0.9961946980917455,0.08715574274765814,20.7,55,637.0,5.5,0.9063077870366499,0.42261826174069944,20.0,60,602.0,4.2,0.9961946980917455,0.08715574274765814,2.1999999999999993,open-meteo,2026-08-08T09:50:20+00:00
2026-08-02 11:00:00+00:00,BE,offshore,20.4,63,673.0,7.5,0.838670567945424,0.5446390350150271,19.9,66,666.0,6.1,0.9135454576426009,0.4067366430758002,20.9,56,714.0,7.7,0.6691306063588582,0.7431448254773942,20.1,62,689.0,6.2,0.8746197071393957,0.4848096202463371,2.3249999999999993,open-meteo,2026-08-08T09:50:20+00:00
2026-08-02 12:00:00+00:00,BE,offshore,20.8,59,844.0,8.3,0.788010753606722,0.6156614753256583,19.6,69,802.0,7.0,0.8090169943749475,0.5877852522924731,21.1,59,827.0,9.3,0.6560590289905073,0.754709580222772,19.9,68,795.0,7.6,0.6691306063588582,0.7431448254773942,2.3500000000000014,open-meteo,2026-08-08T09:50:20+00:00
2026-08-02 13:00:00+00:00,BE,offshore,20.7,66,836.0,9.5,0.6018150231520483,0.7986355100472928,19.9,68,810.0,8.2,0.766044443118978,0.6427876096865394,21.0,65,837.0,10.5,0.48480962024633706,0.8746197071393957,20.3,65,814.0,8.9,0.6156614753256583,0.7880107536067219,2.474999999999998,open-meteo,2026-08-08T09:50:20+00:00
2026-08-02 14:00:00+00:00,BE,offshore,20.8,65,760.0,10.0,0.5591929034707469,0.8290375725550417,20.2,67,769.0,8.5,0.7071067811865475,0.7071067811865476,21.1,62,767.0,11.1,0.48480962024633706,0.8746197071393957,20.5,63,767.0,9.0,0.5877852522924731,0.8090169943749475,2.6499999999999986,open-meteo,2026-08-08T09:50:20+00:00
2026-08-02 15:00:00+00:00,BE,offshore,20.7,66,689.0,11.0,0.5299192642332049,0.848048096156426,19.9,70,674.0,8.8,0.6293203910498374,0.7771459614569709,21.1,61,687.0,11.6,0.43837114678907746,0.898794046299167,20.3,67,637.0,9.8,0.4694715627858908,0.882947592858927,2.5,open-meteo,2026-08-08T09:50:20+00:00
2026-08-02 16:00:00+00:00,BE,offshore,20.6,68,552.0,12.0,0.5299192642332049,0.848048096156426,20.0,70,557.0,10.2,0.6156614753256583,0.7880107536067219,21.0,65,556.0,12.6,0.42261826174069944,0.9063077870366499,20.3,67,552.0,11.0,0.49999999999999994,0.8660254037844387,2.4750000000000014,open-meteo,2026-08-08T09:50:20+00:00
2026-08-02 17:00:00+00:00,BE,offshore,20.7,64,399.0,12.5,0.5591929034707469,0.8290375725550417,20.0,67,407.0,11.1,0.6560590289905073,0.754709580222772,20.9,63,398.0,13.2,0.4539904997395468,0.8910065241883679,20.2,68,405.0,11.8,0.5446390350150271,0.838670567945424,2.4499999999999993,open-meteo,2026-08-08T09:50:20+00:00
2026-08-02 18:00:00+00:00,BE,offshore,20.4,69,238.0,12.8,0.5877852522924731,0.8090169943749475,19.8,70,241.0,11.9,0.6691306063588582,0.7431448254773942,20.8,65,237.0,13.4,0.49999999999999994,0.8660254037844387,20.1,70,241.0,12.8,0.573576436351046,0.8191520442889918,2.2749999999999986,open-meteo,2026-08-08T09:50:20+00:00
2026-08-02 19:00:00+00:00,BE,offshore,20.7,66,92.0,12.4,0.573576436351046,0.8191520442889918,20.1,70,86.0,11.2,0.6427876096865393,0.766044443118978,21.1,67,90.0,13.0,0.5299192642332049,0.848048096156426,20.3,76,89.0,11.9,0.5446390350150271,0.838670567945424,2.5500000000000007,open-meteo,2026-08-08T09:50:20+00:00
2026-08-02 20:00:00+00:00,BE,offshore,20.7,69,7.0,12.8,0.6427876096865393,0.766044443118978,20.0,75,8.0,11.7,0.6293203910498374,0.7771459614569709,21.1,69,7.0,13.0,0.573576436351046,0.8191520442889918,20.6,71,8.0,12.8,0.6018150231520483,0.7986355100472928,2.6000000000000014,open-meteo,2026-08-08T09:50:20+00:00
2026-08-02 21:00:00+00:00,BE,offshore,21.2,75,0.0,12.1,0.6691306063588582,0.7431448254773942,20.6,77,0.0,12.1,0.7193398003386511,0.6946583704589973,21.9,71,0.0,12.3,0.6293203910498374,0.7771459614569709,21.2,74,0.0,12.8,0.6293203910498374,0.7771459614569709,3.224999999999998,open-meteo,2026-08-08T09:50:20+00:00
2026-08-02 22:00:00+00:00,BE,offshore,21.2,75,0.0,11.9,0.754709580222772,0.6560590289905073,20.6,76,0.0,11.8,0.788010753606722,0.6156614753256583,21.6,72,0.0,11.8,0.6691306063588582,0.7431448254773942,20.8,74,0.0,11.9,0.7431448254773942,0.6691306063588582,3.0500000000000007,open-meteo,2026-08-08T09:50:20+00:00
2026-08-02 23:00:00+00:00,BE,offshore,21.4,73,0.0,11.9,0.766044443118978,0.6427876096865394,20.9,73,0.0,12.1,0.838670567945424,0.5446390350150271,21.8,71,0.0,11.7,0.6560590289905073,0.754709580222772,21.2,71,0.0,11.8,0.8191520442889918,0.573576436351046,3.3249999999999993,open-meteo,2026-08-08T09:50:20+00:00
2026-08-03 00:00:00+00:00,BE,offshore,21.3,75,0.0,10.9,0.6691306063588582,0.7431448254773942,20.9,75,0.0,11.3,0.838670567945424,0.5446390350150271,21.7,68,0.0,10.5,0.6691306063588582,0.7431448254773942,21.1,71,0.0,11.9,0.7431448254773942,0.6691306063588582,3.25,open-meteo,2026-08-08T09:50:20+00:00
2026-08-03 01:00:00+00:00,BE,offshore,21.4,73,0.0,11.4,0.754709580222772,0.6560590289905073,20.8,76,0.0,11.0,0.8571673007021123,0.5150380749100542,21.5,72,0.0,10.7,0.7071067811865475,0.7071067811865476,21.0,73,0.0,11.7,0.766044443118978,0.6427876096865394,3.1750000000000007,open-meteo,2026-08-08T09:50:20+00:00
2026-08-03 02:00:00+00:00,BE,offshore,21.2,74,0.0,11.1,0.8290375725550417,0.5591929034707468,20.7,77,0.0,11.6,0.8829475928589269,0.46947156278589086,21.7,66,0.0,9.8,0.8746197071393957,0.4848096202463371,20.8,73,0.0,11.7,0.8290375725550417,0.5591929034707468,3.099999999999998,open-meteo,2026-08-08T09:50:20+00:00
2026-08-03 03:00:00+00:00,BE,offshore,21.4,71,0.0,10.1,0.9063077870366499,0.42261826174069944,20.7,75,0.0,13.4,0.9396926207859083,0.3420201433256688,21.6,62,0.0,8.9,0.9135454576426009,0.4067366430758002,20.6,70,0.0,12.3,0.8987940462991669,0.43837114678907746,3.0749999999999993,open-meteo,2026-08-08T09:50:20+00:00
2026-08-03 04:00:00+00:00,BE,offshore,21.3,68,0.0,8.8,0.9455185755993167,0.32556815445715676,20.4,72,0.0,13.0,0.9563047559630354,0.29237170472273677,21.5,61,0.0,7.6,0.9271838545667874,0.37460659341591196,20.6,67,0.0,10.9,0.9205048534524404,0.3907311284892737,2.950000000000003,open-meteo,2026-08-08T09:50:20+00:00
2026-08-03 05:00:00+00:00,BE,offshore,20.8,66,13.0,5.9,0.9396926207859083,0.3420201433256688,20.1,73,13.0,8.3,0.9612616959383189,0.27563735581699916,20.7,62,16.0,5.3,0.9271838545667874,0.37460659341591196,20.2,68,15.0,8.2,0.9510565162951535,0.30901699437494745,2.450000000000003,open-meteo,2026-08-08T09:50:20+00:00
2026-08-03 06:00:00+00:00,BE,offshore,20.7,66,114.0,4.9,0.8910065241883679,0.45399049973954686,20.1,71,101.0,7.0,0.9205048534524404,0.3907311284892737,20.8,60,116.0,4.3,0.8660254037844386,0.5000000000000001,20.2,66,107.0,6.4,0.9063077870366499,0.42261826174069944,2.4499999999999993,open-meteo,2026-08-08T09:50:20+00:00
2026-08-03 07:00:00+00:00,BE,offshore,20.7,65,256.0,5.3,0.788010753606722,0.6156614753256583,20.1,70,257.0,6.6,0.8746197071393957,0.4848096202463371,20.9,58,256.0,4.2,0.788010753606722,0.6156614753256583,20.1,67,260.0,6.1,0.838670567945424,0.5446390350150271,2.4499999999999993,open-meteo,2026-08-08T09:50:20+00:00
2026-08-03 08:00:00+00:00,BE,offshore,20.3,68,424.0,3.4,0.8571673007021123,0.5150380749100542,19.7,70,413.0,5.7,0.8571673007021123,0.5150380749100542,20.3,63,422.0,3.3,0.8290375725550417,0.5591929034707468,19.5,69,423.0,5.7,0.9063077870366499,0.42261826174069944,1.9499999999999993,open-meteo,2026-08-08T09:50:20+00:00
2026-08-03 09:00:00+00:00,BE,offshore,20.1,69,570.0,3.6,0.42261826174069944,0.9063077870366499,19.7,71,567.0,4.0,0.49999999999999994,0.8660254037844387,20.3,62,574.0,2.8,0.43837114678907746,0.898794046299167,19.7,67,571.0,2.9,0.8090169943749475,0.5877852522924731,1.9499999999999993,open-meteo,2026-08-08T09:50:20+00:00
2026-08-03 10:00:00+00:00,BE,offshore,20.4,68,691.0,4.0,0.25881904510252074,0.9659258262890683,19.9,71,690.0,4.3,0.39073112848927377,0.9205048534524404,20.7,61,694.0,2.9,0.10452846326765347,0.9945218953682733,20.0,67,693.0,3.2,0.5877852522924731,0.8090169943749475,2.25,open-meteo,2026-08-08T09:50:20+00:00
2026-08-03 11:00:00+00:00,BE,offshore,20.0,72,779.0,4.5,0.3090169943749474,0.9510565162951535,19.5,72,773.0,3.6,0.3420201433256687,0.9396926207859084,20.2,67,776.0,3.8,-0.034899496702500823,0.9993908270190958,19.6,69,776.0,2.7,0.052335956242943835,0.9986295347545738,1.8250000000000028,open-meteo,2026-08-08T09:50:20+00:00
2026-08-03 12:00:00+00:00,BE,offshore,20.2,72,808.0,4.0,0.24192189559966773,0.9702957262759965,19.5,76,814.0,3.3,0.052335956242943835,0.9986295347545738,20.5,69,802.0,3.2,0.03489949670250097,0.9993908270190958,19.9,68,817.0,1.4,-0.01745240643728356,0.9998476951563913,2.0249999999999986,open-meteo,2026-08-08T09:50:20+00:00
2026-08-03 13:00:00+00:00,BE,offshore,20.0,74,816.0,4.6,0.24192189559966773,0.9702957262759965,19.5,75,816.0,3.6,0.3090169943749474,0.9510565162951535,20.4,70,816.0,4.1,-0.034899496702500823,0.9993908270190958,19.8,70,816.0,3.2,-0.034899496702500823,0.9993908270190958,1.9250000000000007,open-meteo,2026-08-08T09:50:20+00:00
2026-08-03 14:00:00+00:00,BE,offshore,19.8,75,764.0,4.6,0.4067366430758002,0.9135454576426009,19.2,79,760.0,4.1,0.13917310096006544,0.9902680687415704,20.0,73,759.0,4.0,0.15643446504023087,0.9876883405951378,19.4,76,757.0,3.9,-0.15643446504023112,0.9876883405951377,1.6000000000000014,open-meteo,2026-08-08T09:50:20+00:00
2026-08-03 15:00:00+00:00,BE,offshore,20.0,78,670.0,5.1,0.374606593415912,0.9271838545667874,19.5,80,669.0,3.8,0.35836794954530027,0.9335804264972017,20.5,73,668.0,4.4,0.15643446504023087,0.9876883405951378,19.8,74,654.0,3.2,-0.10452846326765342,0.9945218953682733,1.9499999999999993,open-meteo,2026-08-08T09:50:20+00:00
2026-08-03 16:00:00+00:00,BE,offshore,20.2,77,539.0,5.6,0.374606593415912,0.9271838545667874,19.5,77,544.0,4.1,0.43837114678907746,0.898794046299167,20.5,73,537.0,5.5,0.27563735581699916,0.9612616959383189,19.8,75,538.0,4.0,0.20791169081775934,0.9781476007338057,2.0,open-meteo,2026-08-08T09:50:20+00:00
2026-08-03 17:00:00+00:00,BE,offshore,20.2,79,374.0,5.3,0.4539904997395468,0.8910065241883679,19.6,81,393.0,4.8,0.4694715627858908,0.882947592858927,20.5,78,390.0,5.6,0.3090169943749474,0.9510565162951535,19.9,78,390.0,5.0,0.25881904510252074,0.9659258262890683,2.049999999999997,open-meteo,2026-08-08T09:50:20+00:00
2026-08-03 18:00:00+00:00,BE,offshore,20.1,81,235.0,6.1,0.3090169943749474,0.9510565162951535,19.6,81,189.0,3.8,0.5299192642332049,0.848048096156426,20.4,80,231.0,5.7,0.25881904510252074,0.9659258262890683,19.8,80,206.0,4.2,0.29237170472273677,0.9563047559630354,1.9750000000000014,open-meteo,2026-08-08T09:50:20+00:00
2026-08-03 19:00:00+00:00,BE,offshore,20.3,80,95.0,7.8,0.42261826174069944,0.9063077870366499,19.6,79,97.0,6.1,0.4539904997395468,0.8910065241883679,20.7,78,90.0,7.6,0.27563735581699916,0.9612616959383189,19.9,78,94.0,5.8,0.1908089953765448,0.981627183447664,2.125,open-meteo,2026-08-08T09:50:20+00:00
2026-08-03 20:00:00+00:00,BE,offshore,20.0,84,7.0,8.2,0.5150380749100542,0.8571673007021123,19.4,83,8.0,6.6,0.6691306063588582,0.7431448254773942,20.4,81,6.0,8.7,0.3420201433256687,0.9396926207859084,19.6,82,8.0,6.5,0.4067366430758002,0.9135454576426009,1.8500000000000014,open-meteo,2026-08-08T09:50:20+00:00
2026-08-03 21:00:00+00:00,BE,offshore,21.3,74,0.0,7.1,0.8090169943749475,0.5877852522924731,20.2,80,0.0,6.8,0.5591929034707469,0.8290375725550417,21.6,75,0.0,6.4,0.5446390350150271,0.838670567945424,20.9,77,0.0,6.5,0.3090169943749474,0.9510565162951535,3.0,open-meteo,2026-08-08T09:50:20+00:00
2026-08-03 22:00:00+00:00,BE,offshore,21.2,75,0.0,7.0,0.9998476951563913,-0.017452406437283477,20.3,73,0.0,6.8,0.573576436351046,0.8191520442889918,21.4,75,0.0,6.2,0.9876883405951378,0.15643446504023092,20.7,72,0.0,6.5,0.35836794954530027,0.9335804264972017,2.8999999999999986,open-meteo,2026-08-08T09:50:20+00:00
2026-08-03 23:00:00+00:00,BE,offshore,21.4,79,0.0,8.0,0.984807753012208,-0.1736481776669303,20.7,78,0.0,5.9,0.9925461516413221,-0.12186934340514737,21.4,74,0.0,8.0,0.9993908270190958,-0.034899496702500955,20.9,77,0.0,9.2,0.7986355100472927,-0.6018150231520484,3.099999999999998,open-meteo,2026-08-08T09:50:20+00:00
2026-08-04 00:00:00+00:00,BE,offshore,21.4,84,0.0,5.0,0.9998476951563913,0.0174524064372836,20.6,84,0.0,4.7,0.4694715627858908,0.882947592858927,21.8,77,0.0,7.5,0.9396926207859083,0.3420201433256688,20.9,82,0.0,3.8,0.573576436351046,0.8191520442889918,3.174999999999997,open-meteo,2026-08-08T09:50:20+00:00
2026-08-04 01:00:00+00:00,BE,offshore,21.6,78,0.0,6.5,0.992546151641322,0.12186934340514749,20.9,78,0.0,5.2,0.984807753012208,0.17364817766693041,21.9,69,0.0,4.0,0.9986295347545738,0.052335956242943966,21.0,75,0.0,4.2,0.9455185755993167,0.32556815445715676,3.3500000000000014,open-meteo,2026-08-08T09:50:20+00:00
2026-08-04 02:00:00+00:00,BE,offshore,21.6,80,0.0,6.7,0.8829475928589269,-0.4694715627858909,20.7,84,0.0,4.2,0.8910065241883679,-0.45399049973954675,21.9,76,0.0,5.1,0.7431448254773942,-0.6691306063588582,21.0,80,0.0,5.3,0.777145961456971,-0.6293203910498373,3.299999999999997,open-meteo,2026-08-08T09:50:20+00:00
2026-08-04 03:00:00+00:00,BE,offshore,21.8,83,0.0,8.8,0.24192189559966773,-0.9702957262759965,21.0,84,0.0,8.8,0.7986355100472927,-0.6018150231520484,21.8,79,0.0,9.4,0.4226182617406995,-0.9063077870366499,21.4,80,0.0,7.7,0.6156614753256584,-0.7880107536067219,3.5,open-meteo,2026-08-08T09:50:20+00:00
2026-08-04 04:00:00+00:00,BE,offshore,22.0,76,0.0,9.4,0.45399049973954686,-0.8910065241883678,21.7,80,0.0,11.0,0.5446390350150273,-0.8386705679454239,22.0,77,0.0,11.3,0.258819045102521,-0.9659258262890682,22.0,75,0.0,10.2,0.40673664307580043,-0.9135454576426008,3.9250000000000007,open-meteo,2026-08-08T09:50:20+00:00
2026-08-04 05:00:00+00:00,BE,offshore,21.5,79,14.0,10.1,-0.017452406437283637,-0.9998476951563913,21.4,84,15.0,9.6,0.3420201433256689,-0.9396926207859083,21.1,84,15.0,9.7,1.2246467991473532e-16,-1.0,21.6,83,16.0,9.0,0.40673664307580043,-0.9135454576426008,3.3999999999999986,open-meteo,2026-08-08T09:50:20+00:00
2026-08-04 06:00:00+00:00,BE,offshore,21.5,81,112.0,8.4,-0.2419218955996675,-0.9702957262759965,21.4,83,113.0,9.8,-0.052335956242943564,-0.9986295347545738,21.8,81,115.0,10.2,-0.19080899537654472,-0.981627183447664,21.7,85,116.0,9.0,-0.17364817766693047,-0.984807753012208,3.6000000000000014,open-meteo,2026-08-08T09:50:20+00:00
2026-08-04 07:00:00+00:00,BE,offshore,21.8,77,260.0,10.0,-0.6819983600624984,-0.7313537016191706,21.1,87,259.0,8.3,-0.3090169943749473,-0.9510565162951536,22.1,81,263.0,8.9,-0.35836794954530043,-0.9335804264972016,21.5,88,263.0,8.4,-0.29237170472273677,-0.9563047559630354,3.625,open-meteo,2026-08-08T09:50:20+00:00
2026-08-04 08:00:00+00:00,BE,offshore,21.9,81,412.0,7.4,-0.8191520442889916,-0.5735764363510464,21.3,85,412.0,7.3,-0.8191520442889916,-0.5735764363510464,22.7,79,417.0,9.3,-0.6156614753256582,-0.788010753606722,21.7,85,415.0,7.0,-0.4539904997395467,-0.8910065241883679,3.900000000000002,open-meteo,2026-08-08T09:50:20+00:00
2026-08-04 09:00:00+00:00,BE,offshore,21.8,87,558.0,6.8,-0.8386705679454242,-0.544639035015027,20.7,90,556.0,7.5,-0.874619707139396,-0.48480962024633684,23.0,79,560.0,7.1,-0.656059028990507,-0.7547095802227721,21.4,89,558.0,7.7,-0.5299192642332048,-0.8480480961564261,3.7250000000000014,open-meteo,2026-08-08T09:50:20+00:00
2026-08-04 10:00:00+00:00,BE,offshore,21.2,84,676.0,5.9,-0.882947592858927,-0.46947156278589075,20.1,92,672.0,7.2,-0.8987940462991668,-0.43837114678907774,22.2,79,678.0,6.1,-0.7660444431189779,-0.6427876096865395,20.9,87,673.0,6.5,-0.7660444431189779,-0.6427876096865395,3.1000000000000014,open-meteo,2026-08-08T09:50:20+00:00
2026-08-04 11:00:00+00:00,BE,offshore,20.9,91,757.0,5.9,-0.9510565162951535,-0.30901699437494756,20.3,95,752.0,8.4,-0.6018150231520484,-0.7986355100472928,21.4,85,761.0,6.2,-0.8987940462991668,-0.43837114678907774,20.7,92,752.0,7.7,-0.5446390350150271,-0.838670567945424,2.8249999999999993,open-meteo,2026-08-08T09:50:20+00:00
2026-08-04 12:00:00+00:00,BE,offshore,21.3,87,795.0,7.1,-0.9563047559630353,-0.2923717047227371,20.5,93,750.0,8.7,-0.754709580222772,-0.6560590289905073,21.7,86,797.0,6.2,-0.9975640502598242,-0.06975647374412558,20.8,91,798.0,7.5,-0.7071067811865475,-0.7071067811865477,3.0749999999999993,open-meteo,2026-08-08T09:50:20+00:00
2026-08-04 13:00:00+00:00,BE,offshore,21.6,84,670.0,8.4,-0.8290375725550418,-0.5591929034707466,20.5,91,705.0,7.3,-0.5299192642332048,-0.8480480961564261,21.3,84,534.0,5.0,-0.9986295347545738,-0.052335956242944306,20.7,88,769.0,7.4,-0.8571673007021121,-0.5150380749100544,3.025000000000002,open-meteo,2026-08-08T09:50:20+00:00
2026-08-04 14:00:00+00:00,BE,offshore,21.8,75,211.0,13.3,-0.8090169943749473,-0.5877852522924732,20.5,90,610.0,9.7,-0.8571673007021121,-0.5150380749100544,21.5,86,251.0,7.3,-0.9335804264972015,-0.3583679495453007,20.9,89,419.0,7.4,-0.913545457642601,-0.4067366430758001,3.174999999999997,open-meteo,2026-08-08T09:50:20+00:00
2026-08-04 15:00:00+00:00,BE,offshore,21.7,75,600.0,14.9,-0.7193398003386512,-0.6946583704589973,21.3,76,497.0,14.6,-0.6427876096865393,-0.766044443118978,22.3,74,579.0,13.6,-0.8290375725550418,-0.5591929034707466,21.6,78,333.0,13.6,-0.7431448254773944,-0.6691306063588581,3.7250000000000014,open-meteo,2026-08-08T09:50:20+00:00
2026-08-04 16:00:00+00:00,BE,offshore,21.6,79,319.0,16.3,-0.7431448254773944,-0.6691306063588581,21.0,84,341.0,13.8,-0.5735764363510462,-0.8191520442889918,21.7,80,128.0,9.4,-0.7071067811865475,-0.7071067811865477,21.3,78,450.0,12.1,-0.7071067811865475,-0.7071067811865477,3.3999999999999986,open-meteo,2026-08-08T09:50:20+00:00
2026-08-04 17:00:00+00:00,BE,offshore,21.6,84,376.0,15.6,-0.7660444431189779,-0.6427876096865395,20.8,89,366.0,14.9,-0.656059028990507,-0.7547095802227721,21.8,84,376.0,11.9,-0.8660254037844384,-0.5000000000000004,21.4,83,372.0,13.5,-0.6946583704589974,-0.7193398003386511,3.3999999999999986,open-meteo,2026-08-08T09:50:20+00:00
2026-08-04 18:00:00+00:00,BE,offshore,21.4,87,232.0,11.5,-0.7771459614569706,-0.6293203910498378,20.9,89,233.0,13.8,-0.587785252292473,-0.8090169943749475,21.9,85,230.0,11.9,-0.8191520442889916,-0.5735764363510464,21.3,88,230.0,14.3,-0.6819983600624984,-0.7313537016191706,3.3749999999999964,open-meteo,2026-08-08T09:50:20+00:00
2026-08-04 19:00:00+00:00,BE,offshore,21.3,88,91.0,11.0,-0.8290375725550418,-0.5591929034707466,21.0,87,93.0,15.1,-0.6946583704589974,-0.7193398003386511,21.8,85,89.0,12.0,-0.8910065241883678,-0.45399049973954697,21.2,88,90.0,13.9,-0.7313537016191703,-0.6819983600624986,3.3249999999999993,open-meteo,2026-08-08T09:50:20+00:00
2026-08-04 20:00:00+00:00,BE,offshore,21.5,87,7.0,10.7,-0.7431448254773944,-0.6691306063588581,21.1,86,7.0,14.4,-0.656059028990507,-0.7547095802227721,22.1,82,6.0,13.0,-0.848048096156426,-0.529919264233205,21.4,86,7.0,14.2,-0.7193398003386512,-0.6946583704589973,3.5249999999999986,open-meteo,2026-08-08T09:50:20+00:00
2026-08-04 21:00:00+00:00,BE,offshore,21.5,83,0.0,12.2,-0.8290375725550418,-0.5591929034707466,21.0,86,0.0,13.8,-0.6691306063588582,-0.7431448254773942,22.0,81,0.0,10.6,-0.8571673007021121,-0.5150380749100544,21.5,83,0.0,15.3,-0.7986355100472928,-0.6018150231520483,3.5,open-meteo,2026-08-08T09:50:20+00:00
2026-08-04 22:00:00+00:00,BE,offshore,21.0,85,0.0,12.7,-0.7313537016191703,-0.6819983600624986,20.7,89,0.0,14.5,-0.7313537016191703,-0.6819983600624986,21.7,79,0.0,13.8,-0.8571673007021121,-0.5150380749100544,21.1,85,0.0,14.5,-0.7193398003386512,-0.6946583704589973,3.125,open-meteo,2026-08-08T09:50:20+00:00
2026-08-04 23:00:00+00:00,BE,offshore,21.1,83,0.0,10.6,-0.7193398003386512,-0.6946583704589973,20.8,85,0.0,14.1,-0.7986355100472928,-0.6018150231520483,21.8,76,0.0,12.1,-0.8191520442889916,-0.5735764363510464,20.9,86,0.0,13.6,-0.7431448254773944,-0.6691306063588581,3.1499999999999986,open-meteo,2026-08-08T09:50:20+00:00
2026-08-05 00:00:00+00:00,BE,offshore,21.1,83,0.0,11.5,-0.7660444431189779,-0.6427876096865395,20.6,86,0.0,14.0,-0.7071067811865475,-0.7071067811865477,21.4,80,0.0,10.9,-0.754709580222772,-0.6560590289905073,21.0,85,0.0,12.9,-0.7313537016191703,-0.6819983600624986,3.0249999999999986,open-meteo,2026-08-08T09:50:20+00:00
2026-08-05 01:00:00+00:00,BE,offshore,21.6,79,0.0,11.7,-0.754709580222772,-0.6560590289905073,20.9,85,0.0,13.8,-0.7071067811865475,-0.7071067811865477,21.8,78,0.0,9.6,-0.656059028990507,-0.7547095802227721,21.4,81,0.0,12.5,-0.7071067811865475,-0.7071067811865477,3.424999999999997,open-meteo,2026-08-08T09:50:20+00:00
2026-08-05 02:00:00+00:00,BE,offshore,21.0,84,0.0,10.8,-0.656059028990507,-0.7547095802227721,20.7,83,0.0,12.5,-0.7313537016191703,-0.6819983600624986,21.4,80,0.0,10.3,-0.7431448254773944,-0.6691306063588581,20.9,84,0.0,12.5,-0.7071067811865475,-0.7071067811865477,3.0,open-meteo,2026-08-08T09:50:20+00:00
2026-08-05 03:00:00+00:00,BE,offshore,20.7,84,0.0,11.3,-0.7660444431189779,-0.6427876096865395,20.3,87,0.0,12.8,-0.7071067811865475,-0.7071067811865477,21.0,81,0.0,10.2,-0.7313537016191703,-0.6819983600624986,20.5,86,0.0,13.0,-0.7880107536067221,-0.6156614753256581,2.625,open-meteo,2026-08-08T09:50:20+00:00
2026-08-05 04:00:00+00:00,BE,offshore,20.5,86,0.0,12.1,-0.7313537016191703,-0.6819983600624986,20.3,88,0.0,13.8,-0.6819983600624984,-0.7313537016191706,20.9,83,0.0,10.5,-0.7193398003386512,-0.6946583704589973,20.6,87,0.0,13.0,-0.6946583704589974,-0.7193398003386511,2.5749999999999993,open-meteo,2026-08-08T09:50:20+00:00
2026-08-05 05:00:00+00:00,BE,offshore,20.5,82,13.0,12.4,-0.8290375725550418,-0.5591929034707466,20.2,83,9.0,13.3,-0.7313537016191703,-0.6819983600624986,20.7,83,14.0,11.6,-0.8386705679454242,-0.544639035015027,20.4,84,15.0,13.4,-0.8090169943749473,-0.5877852522924732,2.450000000000003,open-meteo,2026-08-08T09:50:20+00:00
2026-08-05 06:00:00+00:00,BE,offshore,20.3,81,54.0,11.3,-0.8571673007021121,-0.5150380749100544,19.9,79,81.0,12.0,-0.6946583704589974,-0.7193398003386511,20.6,81,112.0,12.0,-0.8660254037844384,-0.5000000000000004,20.2,82,62.0,12.0,-0.848048096156426,-0.529919264233205,2.25,open-meteo,2026-08-08T09:50:20+00:00
2026-08-05 07:00:00+00:00,BE,offshore,20.3,80,178.0,12.4,-0.8090169943749473,-0.5877852522924732,20.2,82,255.0,11.4,-0.6691306063588582,-0.7431448254773942,20.4,83,39.0,12.4,-0.8290375725550418,-0.5591929034707466,20.2,84,230.0,12.2,-0.7313537016191703,-0.6819983600624986,2.2749999999999986,open-meteo,2026-08-08T09:50:20+00:00
2026-08-05 08:00:00+00:00,BE,offshore,20.2,76,280.0,12.3,-0.656059028990507,-0.7547095802227721,20.1,83,313.0,11.7,-0.7313537016191703,-0.6819983600624986,20.2,83,90.0,9.9,-0.587785252292473,-0.8090169943749475,20.2,80,305.0,12.7,-0.6427876096865393,-0.766044443118978,2.1750000000000007,open-meteo,2026-08-08T09:50:20+00:00
2026-08-05 09:00:00+00:00,BE,offshore,20.2,79,219.0,11.4,-0.6691306063588582,-0.7431448254773942,19.9,82,355.0,13.3,-0.6427876096865393,-0.766044443118978,20.4,77,137.0,9.5,-0.7193398003386512,-0.6946583704589973,20.1,78,248.0,12.9,-0.656059028990507,-0.7547095802227721,2.1499999999999986,open-meteo,2026-08-08T09:50:20+00:00
2026-08-05 10:00:00+00:00,BE,offshore,20.3,76,641.0,12.5,-0.7313537016191703,-0.6819983600624986,19.8,83,676.0,13.6,-0.656059028990507,-0.7547095802227721,20.5,73,608.0,9.6,-0.7986355100472928,-0.6018150231520483,19.9,80,673.0,13.3,-0.6819983600624984,-0.7313537016191706,2.125,open-meteo,2026-08-08T09:50:20+00:00
2026-08-05 11:00:00+00:00,BE,offshore,20.6,79,513.0,13.8,-0.7313537016191703,-0.6819983600624986,20.0,84,536.0,13.6,-0.587785252292473,-0.8090169943749475,21.1,72,763.0,10.0,-0.7193398003386512,-0.6946583704589973,20.3,80,472.0,14.2,-0.6691306063588582,-0.7431448254773942,2.5,open-meteo,2026-08-08T09:50:20+00:00
2026-08-05 12:00:00+00:00,BE,offshore,20.4,81,802.0,14.7,-0.7771459614569706,-0.6293203910498378,20.0,82,705.0,14.5,-0.6293203910498376,-0.7771459614569708,20.8,78,679.0,11.4,-0.7880107536067221,-0.6156614753256581,20.3,80,766.0,14.0,-0.7071067811865475,-0.7071067811865477,2.375,open-meteo,2026-08-08T09:50:20+00:00
2026-08-05 13:00:00+00:00,BE,offshore,20.2,79,653.0,14.3,-0.7880107536067221,-0.6156614753256581,20.0,81,538.0,14.3,-0.6293203910498376,-0.7771459614569708,20.8,78,804.0,12.6,-0.8660254037844384,-0.5000000000000004,20.2,80,776.0,13.9,-0.6946583704589974,-0.7193398003386511,2.3000000000000007,open-meteo,2026-08-08T09:50:20+00:00
2026-08-05 14:00:00+00:00,BE,offshore,20.6,76,757.0,14.4,-0.7660444431189779,-0.6427876096865395,20.0,82,693.0,14.3,-0.6293203910498376,-0.7771459614569708,20.8,78,753.0,11.1,-0.874619707139396,-0.48480962024633684,20.1,80,745.0,14.4,-0.6946583704589974,-0.7193398003386511,2.375,open-meteo,2026-08-08T09:50:20+00:00
2026-08-05 15:00:00+00:00,BE,offshore,20.1,81,665.0,14.5,-0.7986355100472928,-0.6018150231520483,19.8,87,412.0,13.7,-0.656059028990507,-0.7547095802227721,20.8,79,661.0,13.0,-0.8910065241883678,-0.45399049973954697,20.0,83,632.0,13.8,-0.7071067811865475,-0.7071067811865477,2.1750000000000007,open-meteo,2026-08-08T09:50:20+00:00
2026-08-05 16:00:00+00:00,BE,offshore,20.2,75,538.0,16.6,-0.7431448254773944,-0.6691306063588581,20.1,77,481.0,14.6,-0.656059028990507,-0.7547095802227721,21.0,71,534.0,14.7,-0.8386705679454242,-0.544639035015027,20.3,77,289.0,14.4,-0.7660444431189779,-0.6427876096865395,2.3999999999999986,open-meteo,2026-08-08T09:50:20+00:00
2026-08-05 17:00:00+00:00,BE,offshore,20.2,76,391.0,16.0,-0.7431448254773944,-0.6691306063588581,20.1,80,389.0,15.2,-0.6427876096865393,-0.766044443118978,20.8,71,389.0,14.3,-0.8290375725550418,-0.5591929034707466,20.1,79,383.0,15.2,-0.7313537016191703,-0.6819983600624986,2.299999999999997,open-meteo,2026-08-08T09:50:20+00:00
2026-08-05 18:00:00+00:00,BE,offshore,20.3,77,200.0,16.6,-0.7880107536067221,-0.6156614753256581,20.3,81,235.0,15.4,-0.6819983600624984,-0.7313537016191706,20.8,70,199.0,15.4,-0.8290375725550418,-0.5591929034707466,20.3,78,170.0,15.9,-0.7431448254773944,-0.6691306063588581,2.4250000000000007,open-meteo,2026-08-08T09:50:20+00:00
2026-08-05 19:00:00+00:00,BE,offshore,20.3,76,91.0,15.8,-0.7986355100472928,-0.6018150231520483,20.3,80,92.0,14.8,-0.7313537016191703,-0.6819983600624986,20.5,72,85.0,16.2,-0.848048096156426,-0.529919264233205,20.5,78,89.0,15.9,-0.7880107536067221,-0.6156614753256581,2.3999999999999986,open-meteo,2026-08-08T09:50:20+00:00
2026-08-05 20:00:00+00:00,BE,offshore,20.7,75,6.0,15.1,-0.8290375725550418,-0.5591929034707466,20.7,78,7.0,13.3,-0.7880107536067221,-0.6156614753256581,20.7,73,5.0,15.2,-0.8290375725550418,-0.5591929034707466,20.7,77,6.0,15.0,-0.7880107536067221,-0.6156614753256581,2.6999999999999993,open-meteo,2026-08-08T09:50:20+00:00
2026-08-05 21:00:00+00:00,BE,offshore,20.4,73,0.0,14.3,-0.848048096156426,-0.529919264233205,20.5,78,0.0,11.9,-0.8191520442889916,-0.5735764363510464,20.5,73,0.0,14.9,-0.8660254037844384,-0.5000000000000004,20.5,77,0.0,13.8,-0.7986355100472928,-0.6018150231520483,2.4750000000000014,open-meteo,2026-08-08T09:50:20+00:00
2026-08-05 22:00:00+00:00,BE,offshore,20.4,73,0.0,11.7,-0.9271838545667873,-0.3746065934159123,20.5,73,0.0,11.0,-0.9271838545667873,-0.3746065934159123,20.2,77,0.0,13.9,-0.8910065241883678,-0.45399049973954697,20.5,74,0.0,13.4,-0.8910065241883678,-0.45399049973954697,2.3999999999999986,open-meteo,2026-08-08T09:50:20+00:00
2026-08-05 23:00:00+00:00,BE,offshore,20.5,69,0.0,10.8,-0.9876883405951377,-0.15643446504023104,20.1,76,0.0,11.4,-0.9743700647852351,-0.22495105434386525,20.3,75,0.0,11.7,-0.90630778703665,-0.42261826174069916,20.3,74,0.0,11.9,-0.9396926207859084,-0.34202014332566855,2.3000000000000007,open-meteo,2026-08-08T09:50:20+00:00
2026-08-06 00:00:00+00:00,BE,offshore,20.7,60,0.0,11.9,-0.9961946980917455,0.08715574274765789,20.6,55,0.0,8.9,-0.898794046299167,0.4383711467890774,21.2,56,0.0,11.0,-0.9998476951563913,-0.017452406437283498,21.0,57,0.0,8.7,-0.8191520442889918,0.573576436351046,2.875,open-meteo,2026-08-08T09:50:20+00:00
2026-08-06 01:00:00+00:00,BE,offshore,20.7,56,0.0,10.8,-0.9335804264972017,0.3583679495453004,20.1,49,0.0,10.2,-0.9205048534524405,0.3907311284892735,21.0,56,0.0,10.7,-0.9743700647852352,0.22495105434386492,20.5,52,0.0,8.5,-0.9271838545667874,0.37460659341591196,2.5749999999999993,open-meteo,2026-08-08T09:50:20+00:00
2026-08-06 02:00:00+00:00,BE,offshore,20.1,52,0.0,7.3,-0.8090169943749476,0.5877852522924729,19.4,55,0.0,7.9,-0.898794046299167,0.4383711467890774,20.5,52,0.0,7.8,-0.7986355100472932,0.6018150231520479,19.8,54,0.0,8.8,-0.9271838545667874,0.37460659341591196,1.9499999999999993,open-meteo,2026-08-08T09:50:20+00:00
2026-08-06 03:00:00+00:00,BE,offshore,19.3,53,0.0,8.6,-0.8829475928589271,0.4694715627858904,18.5,58,0.0,8.5,-0.8660254037844386,0.5000000000000001,19.8,54,0.0,8.6,-0.8191520442889918,0.573576436351046,19.0,58,0.0,8.8,-0.898794046299167,0.4383711467890774,1.1499999999999986,open-meteo,2026-08-08T09:50:20+00:00
2026-08-06 04:00:00+00:00,BE,offshore,19.2,57,0.0,8.2,-0.8829475928589271,0.4694715627858904,18.5,61,0.0,8.3,-0.9271838545667874,0.37460659341591196,19.6,55,0.0,7.7,-0.9205048534524405,0.3907311284892735,18.8,60,0.0,8.1,-0.9510565162951536,0.30901699437494723,1.0250000000000021,open-meteo,2026-08-08T09:50:20+00:00
2026-08-06 05:00:00+00:00,BE,offshore,18.7,59,12.0,7.9,-0.9135454576426011,0.40673664307579976,17.9,64,12.0,8.3,-0.945518575599317,0.3255681544571563,18.9,58,12.0,7.7,-0.9563047559630354,0.2923717047227367,18.3,62,14.0,8.2,-0.9781476007338056,0.20791169081775945,0.4499999999999993,open-meteo,2026-08-08T09:50:20+00:00
2026-08-06 06:00:00+00:00,BE,offshore,18.5,63,97.0,8.0,-0.9271838545667874,0.37460659341591196,17.6,66,105.0,7.6,-0.9205048534524405,0.3907311284892735,18.8,58,111.0,7.4,-0.9563047559630354,0.2923717047227367,17.9,63,111.0,7.3,-0.9563047559630354,0.2923717047227367,0.20000000000000284,open-meteo,2026-08-08T09:50:20+00:00
2026-08-06 07:00:00+00:00,BE,offshore,18.0,65,209.0,7.6,-0.9205048534524405,0.3907311284892735,17.1,69,260.0,7.7,-0.9271838545667874,0.37460659341591196,18.5,62,252.0,7.8,-0.9335804264972017,0.3583679495453004,17.7,66,217.0,8.0,-0.9781476007338056,0.20791169081775945,0.1750000000000007,open-meteo,2026-08-08T09:50:20+00:00
2026-08-06 08:00:00+00:00,BE,offshore,17.6,66,395.0,7.2,-0.9335804264972017,0.3583679495453004,17.0,65,418.0,7.5,-0.9335804264972017,0.3583679495453004,18.0,65,419.0,7.3,-0.9612616959383188,0.2756373558169994,17.2,67,420.0,8.0,-0.9510565162951536,0.30901699437494723,0.5500000000000007,open-meteo,2026-08-08T09:50:20+00:00
2026-08-06 09:00:00+00:00,BE,offshore,17.4,66,456.0,6.9,-0.9271838545667874,0.37460659341591196,16.9,66,566.0,7.9,-0.9563047559630354,0.2923717047227367,17.8,68,468.0,7.7,-0.9563047559630354,0.2923717047227367,17.3,65,568.0,8.1,-0.9702957262759966,0.24192189559966745,0.6500000000000021,open-meteo,2026-08-08T09:50:20+00:00
2026-08-06 10:00:00+00:00,BE,offshore,17.5,61,689.0,7.1,-0.9335804264972017,0.3583679495453004,17.3,63,687.0,7.0,-0.9993908270190958,0.03489949670250128,17.8,62,686.0,7.0,-0.9396926207859083,0.342020143325669,17.3,63,688.0,6.8,-0.9902680687415704,0.13917310096006547,0.5250000000000021,open-meteo,2026-08-08T09:50:20+00:00
2026-08-06 11:00:00+00:00,BE,offshore,17.4,63,778.0,6.6,-0.9816271834476639,0.1908089953765451,17.3,62,775.0,7.1,-1.0,-1.8369701987210297e-16,17.6,63,781.0,6.6,-0.9612616959383188,0.2756373558169994,17.3,63,777.0,7.2,-0.9945218953682734,0.10452846326765299,0.5999999999999979,open-meteo,2026-08-08T09:50:20+00:00
2026-08-06 12:00:00+00:00,BE,offshore,17.6,63,816.0,7.6,-0.9998476951563913,-0.017452406437283498,17.9,54,820.0,8.2,-0.9945218953682734,-0.10452846326765336,17.8,62,823.0,7.6,-1.0,-1.8369701987210297e-16,17.7,59,820.0,8.3,-0.9993908270190958,-0.03489949670250076,0.25,open-meteo,2026-08-08T09:50:20+00:00
2026-08-06 13:00:00+00:00,BE,offshore,17.9,60,824.0,6.5,-0.9945218953682734,0.10452846326765299,18.0,57,821.0,8.1,-0.9743700647852351,-0.22495105434386525,18.0,63,822.0,7.8,-0.9902680687415704,0.13917310096006547,18.1,58,820.0,8.3,-0.9945218953682734,-0.10452846326765336,0.0,open-meteo,2026-08-08T09:50:20+00:00
2026-08-06 14:00:00+00:00,BE,offshore,17.9,56,770.0,5.9,-0.9876883405951378,0.15643446504023067,18.2,49,767.0,7.8,-0.984807753012208,-0.17364817766693033,17.8,59,767.0,6.7,-0.9975640502598243,0.06975647374412522,18.1,52,765.0,7.4,-0.9945218953682734,-0.10452846326765336,0.0,open-meteo,2026-08-08T09:50:20+00:00
2026-08-06 15:00:00+00:00,BE,offshore,18.2,54,680.0,5.6,-0.9986295347545738,0.052335956242943946,18.6,51,677.0,7.7,-0.9702957262759965,-0.24192189559966779,18.3,53,677.0,5.7,-0.992546151641322,0.12186934340514768,18.5,52,673.0,7.8,-0.981627183447664,-0.1908089953765446,0.3999999999999986,open-meteo,2026-08-08T09:50:20+00:00
2026-08-06 16:00:00+00:00,BE,offshore,18.0,60,547.0,6.2,-0.882947592858927,-0.46947156278589075,18.8,50,545.0,7.1,-0.984807753012208,-0.17364817766693033,18.5,51,545.0,5.5,-0.9986295347545738,0.052335956242943946,18.6,52,541.0,7.4,-0.9876883405951377,-0.15643446504023104,0.4750000000000014,open-meteo,2026-08-08T09:50:20+00:00
2026-08-06 17:00:00+00:00,BE,offshore,18.0,60,395.0,5.6,-0.9271838545667873,-0.3746065934159123,18.7,50,394.0,5.4,-0.9510565162951536,0.30901699437494723,18.2,56,392.0,5.8,-0.9902680687415703,-0.13917310096006583,18.4,55,371.0,5.4,-0.529919264233205,0.8480480961564258,0.32500000000000284,open-meteo,2026-08-08T09:50:20+00:00
2026-08-06 18:00:00+00:00,BE,offshore,18.6,59,235.0,4.8,-0.961261695938319,-0.2756373558169989,19.0,51,231.0,5.4,-0.9396926207859083,0.342020143325669,18.5,58,231.0,5.1,-0.984807753012208,-0.17364817766693033,18.3,59,225.0,3.4,0.10452846326765347,0.9945218953682733,0.6000000000000014,open-meteo,2026-08-08T09:50:20+00:00
2026-08-06 19:00:00+00:00,BE,offshore,18.7,58,89.0,5.6,-0.9902680687415703,-0.13917310096006583,17.7,59,90.0,3.7,0.6156614753256583,0.7880107536067219,18.8,54,86.0,5.6,-0.945518575599317,0.3255681544571563,17.8,60,81.0,5.1,0.03489949670250097,0.9993908270190958,0.25,open-meteo,2026-08-08T09:50:20+00:00
2026-08-06 20:00:00+00:00,BE,offshore,18.9,59,5.0,4.0,-0.9902680687415704,0.13917310096006547,17.5,63,6.0,5.2,0.766044443118978,0.6427876096865394,18.8,56,5.0,4.0,-0.7313537016191703,0.6819983600624987,17.5,62,5.0,4.4,0.3255681544571567,0.9455185755993168,0.1750000000000007,open-meteo,2026-08-08T09:50:20+00:00
2026-08-06 21:00:00+00:00,BE,offshore,18.9,58,0.0,3.1,-0.9702957262759966,0.24192189559966745,17.6,66,0.0,5.0,0.8191520442889918,0.573576436351046,18.9,56,0.0,3.7,-0.8571673007021123,0.5150380749100542,17.5,66,0.0,4.3,0.5299192642332049,0.848048096156426,0.22500000000000142,open-meteo,2026-08-08T09:50:20+00:00
2026-08-06 22:00:00+00:00,BE,offshore,18.6,55,0.0,2.2,-0.034899496702500823,0.9993908270190958,17.2,61,0.0,3.5,0.8290375725550417,0.5591929034707468,18.0,61,0.0,3.5,0.48480962024633706,0.8746197071393957,17.3,61,0.0,3.0,0.5150380749100542,0.8571673007021123,0.22500000000000142,open-meteo,2026-08-08T09:50:20+00:00
2026-08-06 23:00:00+00:00,BE,offshore,18.4,62,0.0,2.5,0.9876883405951378,0.15643446504023092,17.5,63,0.0,2.4,0.984807753012208,0.17364817766693041,18.2,62,0.0,2.1,0.8829475928589269,0.46947156278589086,17.4,62,0.0,1.9,0.6427876096865393,0.766044443118978,0.125,open-meteo,2026-08-08T09:50:20+00:00
2026-08-07 00:00:00+00:00,BE,offshore,18.6,62,0.0,3.2,0.8987940462991669,0.43837114678907746,17.6,62,0.0,2.0,0.8090169943749475,0.5877852522924731,18.4,64,0.0,3.4,0.6018150231520483,0.7986355100472928,17.5,62,0.0,1.4,-0.4226182617406992,0.90630778703665,0.02499999999999858,open-meteo,2026-08-08T09:50:20+00:00
2026-08-07 01:00:00+00:00,BE,offshore,18.4,62,0.0,2.5,0.7431448254773942,-0.6691306063588582,17.6,62,0.0,1.6,0.9510565162951536,-0.30901699437494734,18.3,61,0.0,1.8,0.7431448254773942,-0.6691306063588582,17.5,60,0.0,0.4,0.9396926207859084,-0.3420201433256687,0.05000000000000071,open-meteo,2026-08-08T09:50:20+00:00
2026-08-07 02:00:00+00:00,BE,offshore,18.5,64,0.0,2.7,0.9135454576426009,-0.40673664307580026,17.8,61,0.0,2.2,0.48480962024633717,-0.8746197071393957,18.0,64,0.0,3.7,0.6427876096865395,-0.7660444431189779,17.6,59,0.0,0.4,0.9986295347545738,0.052335956242943966,0.02499999999999858,open-meteo,2026-08-08T09:50:20+00:00
2026-08-07 03:00:00+00:00,BE,offshore,18.2,67,0.0,3.1,0.9993908270190958,-0.034899496702500955,17.6,59,0.0,1.4,0.838670567945424,0.5446390350150271,18.0,67,0.0,2.8,0.777145961456971,-0.6293203910498373,17.5,59,0.0,1.5,-0.13917310096006588,0.9902680687415703,0.1750000000000007,open-meteo,2026-08-08T09:50:20+00:00
2026-08-07 04:00:00+00:00,BE,offshore,18.1,66,0.0,2.9,0.5150380749100544,-0.8571673007021122,17.8,65,0.0,1.3,0.8191520442889917,-0.5735764363510462,17.7,68,0.0,3.3,0.5877852522924732,-0.8090169943749473,17.6,64,0.0,0.9,0.49999999999999994,-0.8660254037844387,0.19999999999999574,open-meteo,2026-08-08T09:50:20+00:00
2026-08-07 05:00:00+00:00,BE,offshore,17.4,81,11.0,3.3,0.5150380749100544,-0.8571673007021122,17.8,66,12.0,0.8,0.6691306063588585,-0.743144825477394,17.1,69,12.0,4.4,0.39073112848927377,-0.9205048534524404,17.6,59,13.0,0.8,0.981627183447664,0.19080899537654492,0.5249999999999986,open-meteo,2026-08-08T09:50:20+00:00
2026-08-07 06:00:00+00:00,BE,offshore,17.8,75,103.0,4.1,0.7193398003386511,-0.6946583704589974,17.6,57,108.0,1.1,0.9781476007338056,0.20791169081775945,17.5,71,105.0,3.5,0.48480962024633717,-0.8746197071393957,17.7,57,109.0,0.8,-0.8571673007021123,0.5150380749100542,0.34999999999999787,open-meteo,2026-08-08T09:50:20+00:00
2026-08-07 07:00:00+00:00,BE,offshore,17.9,68,216.0,3.9,-0.3090169943749473,-0.9510565162951536,18.0,66,244.0,1.0,0.9961946980917455,-0.08715574274765824,17.3,69,213.0,4.2,-0.06975647374412527,-0.9975640502598242,17.8,66,230.0,1.0,0.9743700647852352,-0.22495105434386503,0.25,open-meteo,2026-08-08T09:50:20+00:00
2026-08-07 08:00:00+00:00,BE,offshore,17.8,73,395.0,4.2,-0.2079116908177595,-0.9781476007338056,18.2,69,388.0,2.9,1.2246467991473532e-16,-1.0,17.2,73,400.0,3.9,-0.19080899537654472,-0.981627183447664,18.2,68,377.0,2.8,-0.15643446504023073,-0.9876883405951378,0.14999999999999858,open-meteo,2026-08-08T09:50:20+00:00
2026-08-07 09:00:00+00:00,BE,offshore,18.0,63,527.0,4.5,-0.3090169943749473,-0.9510565162951536,17.9,63,556.0,2.2,0.8910065241883679,-0.45399049973954675,17.7,63,507.0,2.9,-0.06975647374412527,-0.9975640502598242,17.9,60,551.0,1.0,0.258819045102521,-0.9659258262890682,0.125,open-meteo,2026-08-08T09:50:20+00:00
2026-08-07 10:00:00+00:00,BE,offshore,18.1,60,663.0,4.5,-0.48480962024633695,-0.8746197071393959,18.3,67,591.0,3.2,-0.5735764363510462,-0.8191520442889918,18.4,58,645.0,3.6,-0.7193398003386512,-0.6946583704589973,18.2,67,621.0,3.4,-0.5000000000000001,-0.8660254037844386,0.25,open-meteo,2026-08-08T09:50:20+00:00
2026-08-07 11:00:00+00:00,BE,offshore,18.2,65,736.0,1.6,-0.754709580222772,-0.6560590289905073,18.3,69,763.0,2.8,-0.4539904997395467,-0.8910065241883679,18.2,63,751.0,1.7,-0.9743700647852351,-0.22495105434386525,18.3,68,750.0,3.4,-0.4067366430758002,-0.9135454576426009,0.25,open-meteo,2026-08-08T09:50:20+00:00
2026-08-07 12:00:00+00:00,BE,offshore,18.7,59,813.0,2.0,-0.882947592858927,-0.46947156278589075,18.3,65,802.0,2.8,-0.48480962024633695,-0.8746197071393959,18.6,57,792.0,2.0,-0.9848077530122081,0.17364817766692997,18.2,66,812.0,3.0,-0.6018150231520484,-0.7986355100472928,0.4499999999999993,open-meteo,2026-08-08T09:50:20+00:00
2026-08-07 13:00:00+00:00,BE,offshore,18.7,54,821.0,1.3,-0.3907311284892739,0.9205048534524403,18.5,60,812.0,2.5,-0.7771459614569706,-0.6293203910498378,18.8,54,820.0,2.8,-0.4848096202463369,0.8746197071393959,18.5,60,811.0,2.6,-0.913545457642601,-0.4067366430758001,0.625,open-meteo,2026-08-08T09:50:20+00:00
2026-08-07 14:00:00+00:00,BE,offshore,18.7,66,772.0,2.1,0.0,1.0,18.5,64,766.0,0.6,0.6293203910498374,0.7771459614569709,19.1,54,770.0,2.9,0.35836794954530027,0.9335804264972017,18.6,62,763.0,0.9,-0.034899496702500823,0.9993908270190958,0.7250000000000014,open-meteo,2026-08-08T09:50:20+00:00
2026-08-07 15:00:00+00:00,BE,offshore,19.0,60,670.0,2.4,0.3255681544571567,0.9455185755993168,18.6,62,671.0,2.5,0.788010753606722,0.6156614753256583,19.2,57,668.0,3.6,0.15643446504023087,0.9876883405951378,18.8,58,666.0,1.9,0.374606593415912,0.9271838545667874,0.8999999999999986,open-meteo,2026-08-08T09:50:20+00:00
2026-08-07 16:00:00+00:00,BE,offshore,19.3,49,541.0,3.2,0.7313537016191705,0.6819983600624985,18.8,48,546.0,2.6,0.9998476951563913,0.0174524064372836,19.4,47,538.0,4.2,0.6018150231520483,0.7986355100472928,18.7,53,538.0,2.4,0.838670567945424,0.5446390350150271,1.0500000000000007,open-meteo,2026-08-08T09:50:20+00:00
2026-08-07 17:00:00+00:00,BE,offshore,19.4,51,392.0,3.2,0.9205048534524404,0.3907311284892737,18.9,58,395.0,3.5,0.9271838545667874,-0.37460659341591207,19.6,50,388.0,3.4,0.6819983600624985,0.7313537016191705,18.9,57,386.0,3.4,0.9876883405951378,0.15643446504023092,1.1999999999999993,open-meteo,2026-08-08T09:50:20+00:00
2026-08-07 18:00:00+00:00,BE,offshore,19.5,54,232.0,2.6,0.984807753012208,0.17364817766693041,19.2,55,232.0,4.2,0.8480480961564261,-0.5299192642332048,19.7,53,226.0,2.9,0.8090169943749475,0.5877852522924731,19.1,56,228.0,3.3,1.0,6.123233995736766e-17,1.375,open-meteo,2026-08-08T09:50:20+00:00
2026-08-07 19:00:00+00:00,BE,offshore,19.5,51,87.0,3.0,1.0,6.123233995736766e-17,19.1,54,88.0,3.9,0.8829475928589269,-0.4694715627858909,19.6,54,84.0,3.3,0.9455185755993167,0.32556815445715676,19.1,55,85.0,3.7,0.9876883405951378,-0.1564344650402308,1.3250000000000028,open-meteo,2026-08-08T09:50:20+00:00
2026-08-07 20:00:00+00:00,BE,offshore,20.0,53,5.0,3.9,0.9975640502598242,-0.06975647374412533,19.4,55,5.0,4.5,0.9563047559630355,-0.29237170472273666,20.0,54,4.0,4.7,0.9986295347545738,0.052335956242943966,19.4,55,4.0,4.3,0.9925461516413221,-0.12186934340514737,1.6999999999999993,open-meteo,2026-08-08T09:50:20+00:00
2026-08-07 21:00:00+00:00,BE,offshore,19.9,57,0.0,4.6,0.9925461516413221,-0.12186934340514737,19.4,56,0.0,5.2,0.9702957262759965,-0.24192189559966779,20.1,53,0.0,3.9,0.9743700647852352,-0.22495105434386503,19.5,53,0.0,4.2,0.9961946980917455,-0.08715574274765824,1.7250000000000014,open-meteo,2026-08-08T09:50:20+00:00
2026-08-07 22:00:00+00:00,BE,offshore,20.1,54,0.0,4.3,0.8746197071393959,-0.484809620246337,19.4,56,0.0,4.8,0.9455185755993168,-0.32556815445715664,20.2,49,0.0,3.6,0.9975640502598242,0.06975647374412523,19.5,54,0.0,4.2,0.9945218953682733,-0.10452846326765355,1.8000000000000007,open-meteo,2026-08-08T09:50:20+00:00
2026-08-07 23:00:00+00:00,BE,offshore,20.3,54,0.0,5.0,0.9455185755993168,-0.32556815445715664,19.8,57,0.0,3.9,0.7986355100472927,-0.6018150231520484,20.0,53,0.0,6.2,0.9961946980917455,0.08715574274765814,19.8,55,0.0,4.0,0.9612616959383189,-0.27563735581699905,1.9750000000000014,open-meteo,2026-08-08T09:50:20+00:00
2026-08-08 00:00:00+00:00,BE,offshore,20.2,55,0.0,5.5,0.8660254037844387,-0.49999999999999983,20.0,57,0.0,3.7,0.4383711467890773,-0.898794046299167,19.9,52,0.0,5.7,0.981627183447664,-0.1908089953765448,20.1,53,0.0,3.3,0.6427876096865395,-0.7660444431189779,2.0500000000000007,open-meteo,2026-08-08T09:50:20+00:00
2026-08-08 01:00:00+00:00,BE,offshore,20.0,52,0.0,6.7,0.9271838545667874,-0.37460659341591207,19.8,55,0.0,4.6,0.7431448254773942,-0.6691306063588582,19.9,49,0.0,6.2,0.9743700647852352,-0.22495105434386503,19.8,52,0.0,5.0,0.777145961456971,-0.6293203910498373,1.875,open-meteo,2026-08-08T09:50:20+00:00
2026-08-08 02:00:00+00:00,BE,offshore,19.8,56,0.0,7.1,0.8480480961564261,-0.5299192642332048,19.9,55,0.0,5.5,0.5877852522924732,-0.8090169943749473,19.5,56,0.0,7.5,0.838670567945424,-0.5446390350150272,19.8,55,0.0,6.1,0.6018150231520482,-0.7986355100472929,1.75,open-meteo,2026-08-08T09:50:20+00:00
2026-08-08 03:00:00+00:00,BE,offshore,19.7,56,0.0,7.0,0.7547095802227721,-0.6560590289905072,20.0,57,0.0,6.9,0.5446390350150273,-0.8386705679454239,19.3,58,0.0,7.0,0.8290375725550417,-0.5591929034707467,19.9,53,0.0,6.7,0.5591929034707469,-0.8290375725550416,1.7250000000000014,open-meteo,2026-08-08T09:50:20+00:00
2026-08-08 04:00:00+00:00,BE,offshore,19.4,58,0.0,7.3,0.6018150231520482,-0.7986355100472929,20.0,56,0.0,7.3,0.40673664307580043,-0.9135454576426008,18.9,58,0.0,7.6,0.6156614753256584,-0.7880107536067219,19.7,55,0.0,7.1,0.49999999999999994,-0.8660254037844387,1.5,open-meteo,2026-08-08T09:50:20+00:00
2026-08-08 05:00:00+00:00,BE,offshore,18.8,61,10.0,7.5,0.529919264233205,-0.848048096156426,19.6,59,11.0,8.6,0.3583679495453002,-0.9335804264972017,18.3,61,11.0,7.4,0.5446390350150273,-0.8386705679454239,19.5,58,12.0,7.7,0.48480962024633717,-0.8746197071393957,1.0500000000000007,open-meteo,2026-08-08T09:50:20+00:00
2026-08-08 06:00:00+00:00,BE,offshore,19.0,62,106.0,7.2,0.39073112848927377,-0.9205048534524404,19.6,62,107.0,7.6,0.3090169943749475,-0.9510565162951535,18.3,65,110.0,7.9,0.4226182617406995,-0.9063077870366499,19.5,62,110.0,7.9,0.24192189559966773,-0.9702957262759965,1.1000000000000014,open-meteo,2026-08-08T09:50:20+00:00
2026-08-08 07:00:00+00:00,BE,offshore,18.8,60,255.0,6.8,0.24192189559966773,-0.9702957262759965,19.6,59,253.0,6.8,0.10452846326765373,-0.9945218953682733,18.4,60,258.0,7.7,0.4694715627858907,-0.882947592858927,19.6,57,258.0,6.7,0.2249510543438652,-0.9743700647852351,1.1000000000000014,open-meteo,2026-08-08T09:50:20+00:00
2026-08-08 08:00:00+00:00,BE,offshore,18.8,59,416.0,6.1,0.258819045102521,-0.9659258262890682,19.4,61,405.0,6.7,0.13917310096006533,-0.9902680687415704,19.0,57,420.0,6.5,0.529919264233205,-0.848048096156426,19.4,59,409.0,6.5,0.2923717047227366,-0.9563047559630355,1.1499999999999986,open-meteo,2026-08-08T09:50:20+00:00
2026-08-08 09:00:00+00:00,BE,offshore,19.3,56,559.0,4.8,0.3583679495453002,-0.9335804264972017,19.3,60,557.0,5.6,0.10452846326765373,-0.9945218953682733,20.0,51,564.0,5.1,0.5877852522924732,-0.8090169943749473,19.6,57,562.0,5.5,0.24192189559966773,-0.9702957262759965,1.5500000000000007,open-meteo,2026-08-08T09:50:20+00:00
2026-08-08 10:00:00+00:00,BE,offshore,20.5,49,688.0,4.0,0.5735764363510459,-0.8191520442889919,19.5,59,682.0,4.7,0.13917310096006533,-0.9902680687415704,20.8,45,690.0,3.5,0.8090169943749475,-0.587785252292473,19.9,56,683.0,4.9,0.3583679495453002,-0.9335804264972017,2.174999999999997,open-meteo,2026-08-08T09:50:20+00:00
2026-08-08 11:00:00+00:00,BE,offshore,21.0,46,777.0,3.4,0.8910065241883679,-0.45399049973954675,19.9,58,770.0,3.4,0.3583679495453002,-0.9335804264972017,21.0,45,778.0,3.1,0.992546151641322,0.12186934340514749,20.2,54,773.0,3.8,0.4226182617406995,-0.9063077870366499,2.5249999999999986,open-meteo,2026-08-08T09:50:20+00:00
2026-08-08 12:00:00+00:00,BE,offshore,21.1,46,815.0,3.6,0.9063077870366499,0.42261826174069944,20.4,54,810.0,3.2,0.6293203910498374,-0.7771459614569709,21.3,43,817.0,4.4,0.9063077870366499,0.42261826174069944,20.6,50,813.0,2.2,0.7986355100472927,-0.6018150231520484,2.8500000000000014,open-meteo,2026-08-08T09:50:20+00:00
2026-08-08 13:00:00+00:00,BE,offshore,21.0,50,804.0,5.0,0.848048096156426,0.5299192642332049,20.6,53,803.0,2.4,0.9612616959383189,-0.27563735581699905,21.5,48,800.0,6.1,0.766044443118978,0.6427876096865394,20.7,50,799.0,2.7,0.9993908270190958,0.03489949670250108,2.9499999999999993,open-meteo,2026-08-08T09:50:20+00:00
2026-08-08 14:00:00+00:00,BE,offshore,21.1,51,754.0,6.0,0.8191520442889918,0.573576436351046,20.7,50,729.0,3.8,0.992546151641322,0.12186934340514749,21.5,52,753.0,6.0,0.7313537016191705,0.6819983600624985,20.8,49,748.0,3.7,0.8910065241883679,0.45399049973954686,3.0249999999999986,open-meteo,2026-08-08T09:50:20+00:00
2026-08-08 15:00:00+00:00,BE,offshore,21.1,56,662.0,6.8,0.7313537016191705,0.6819983600624985,20.6,56,644.0,4.2,0.9510565162951535,0.30901699437494745,21.3,56,647.0,7.0,0.6018150231520483,0.7986355100472928,20.8,54,635.0,4.4,0.754709580222772,0.6560590289905073,2.9499999999999993,open-meteo,2026-08-08T09:50:20+00:00
2026-08-08 16:00:00+00:00,BE,offshore,21.1,59,485.0,7.7,0.754709580222772,0.6560590289905073,20.6,59,524.0,5.1,0.8910065241883679,0.45399049973954686,21.2,60,501.0,8.2,0.6156614753256583,0.7880107536067219,20.7,57,514.0,6.0,0.754709580222772,0.6560590289905073,2.900000000000002,open-meteo,2026-08-08T09:50:20+00:00
2026-08-08 17:00:00+00:00,BE,offshore,21.0,63,342.0,8.8,0.788010753606722,0.6156614753256583,20.5,62,309.0,6.5,0.9063077870366499,0.42261826174069944,21.2,62,325.0,9.0,0.6946583704589973,0.7193398003386512,20.7,61,320.0,7.0,0.8090169943749475,0.5877852522924731,2.8500000000000014,open-meteo,2026-08-08T09:50:20+00:00
2026-08-08 18:00:00+00:00,BE,offshore,21.0,66,216.0,9.7,0.848048096156426,0.5299192642332049,20.5,65,206.0,7.7,0.9335804264972017,0.3583679495453004,21.5,63,214.0,9.5,0.7986355100472928,0.6018150231520483,20.9,63,202.0,7.4,0.8571673007021123,0.5150380749100542,2.9750000000000014,open-meteo,2026-08-08T09:50:20+00:00
2026-08-08 19:00:00+00:00,BE,offshore,21.2,67,76.0,9.3,0.9063077870366499,0.42261826174069944,20.7,68,82.0,7.9,0.9612616959383189,0.27563735581699916,21.5,66,76.0,9.1,0.8571673007021123,0.5150380749100542,20.8,66,79.0,8.2,0.8829475928589269,0.46947156278589086,3.0500000000000007,open-meteo,2026-08-08T09:50:20+00:00
2026-08-08 20:00:00+00:00,BE,offshore,21.2,71,3.0,9.7,0.9455185755993167,0.32556815445715676,20.5,71,4.0,8.7,0.9659258262890683,0.25881904510252074,21.5,70,3.0,9.2,0.9063077870366499,0.42261826174069944,20.9,69,4.0,8.8,0.9205048534524404,0.3907311284892737,3.0249999999999986,open-meteo,2026-08-08T09:50:20+00:00
2026-08-08 21:00:00+00:00,BE,offshore,21.2,74,0.0,9.2,0.9743700647852352,0.22495105434386492,20.6,75,0.0,8.2,0.984807753012208,0.17364817766693041,21.6,72,0.0,8.7,0.9510565162951535,0.30901699437494745,20.9,72,0.0,9.1,0.9659258262890683,0.25881904510252074,3.0749999999999993,open-meteo,2026-08-08T09:50:20+00:00
2026-08-08 22:00:00+00:00,BE,offshore,21.3,79,0.0,9.1,0.9998476951563913,0.0174524064372836,20.6,79,0.0,8.7,0.9993908270190958,0.03489949670250108,21.7,75,0.0,8.0,0.9993908270190958,0.03489949670250108,21.0,77,0.0,9.0,0.9998476951563913,0.0174524064372836,3.150000000000002,open-meteo,2026-08-08T09:50:20+00:00
2026-08-08 23:00:00+00:00,BE,offshore,21.4,81,0.0,9.2,0.981627183447664,-0.1908089953765448,20.7,83,0.0,9.6,0.9510565162951536,-0.30901699437494734,21.8,71,0.0,8.3,0.9702957262759965,-0.24192189559966779,21.4,77,0.0,9.0,0.9702957262759965,-0.24192189559966779,3.3249999999999957,open-meteo,2026-08-08T09:50:20+00:00
2026-08-09 00:00:00+00:00,BE,offshore,21.5,78,0.0,9.5,0.9205048534524403,-0.39073112848927377,21.1,76,0.0,9.2,0.8987940462991669,-0.4383711467890775,22.0,62,0.0,8.9,0.9612616959383189,-0.27563735581699905,21.5,68,0.0,8.5,0.8910065241883679,-0.45399049973954675,3.5249999999999986,open-meteo,2026-08-08T09:50:20+00:00
2026-08-09 01:00:00+00:00,BE,offshore,21.6,68,0.0,8.9,0.9335804264972017,-0.35836794954530027,21.0,78,0.0,8.8,0.8290375725550417,-0.5591929034707467,21.7,63,0.0,9.0,0.9510565162951536,-0.30901699437494734,21.5,69,0.0,8.6,0.8571673007021123,-0.5150380749100543,3.4499999999999993,open-meteo,2026-08-08T09:50:20+00:00
2026-08-09 02:00:00+00:00,BE,offshore,21.4,64,0.0,9.3,0.8660254037844387,-0.49999999999999983,21.1,74,0.0,10.2,0.8090169943749475,-0.587785252292473,21.4,63,0.0,9.1,0.8987940462991669,-0.4383711467890775,21.5,70,0.0,8.8,0.8290375725550417,-0.5591929034707467,3.3500000000000014,open-meteo,2026-08-08T09:50:20+00:00
2026-08-09 03:00:00+00:00,BE,offshore,21.2,62,0.0,9.8,0.8191520442889917,-0.5735764363510462,21.0,73,0.0,9.1,0.7431448254773942,-0.6691306063588582,21.2,60,0.0,9.2,0.8660254037844387,-0.49999999999999983,21.5,66,0.0,8.4,0.777145961456971,-0.6293203910498373,3.2250000000000014,open-meteo,2026-08-08T09:50:20+00:00
2026-08-09 04:00:00+00:00,BE,offshore,21.1,62,0.0,8.7,0.7071067811865476,-0.7071067811865475,20.9,74,0.0,7.9,0.6427876096865395,-0.7660444431189779,21.1,58,0.0,8.9,0.7313537016191706,-0.6819983600624984,21.4,64,0.0,7.1,0.6691306063588585,-0.743144825477394,3.125,open-meteo,2026-08-08T09:50:20+00:00
2026-08-09 05:00:00+00:00,BE,offshore,20.7,61,9.0,6.8,0.529919264233205,-0.848048096156426,20.8,77,9.0,6.7,0.5591929034707469,-0.8290375725550416,20.7,58,10.0,7.3,0.6156614753256584,-0.7880107536067219,21.2,63,8.0,6.5,0.6156614753256584,-0.7880107536067219,2.8500000000000014,open-meteo,2026-08-08T09:50:20+00:00
2026-08-09 06:00:00+00:00,BE,offshore,20.5,60,100.0,5.7,0.03489949670250114,-0.9993908270190958,20.9,75,86.0,6.8,0.2249510543438652,-0.9743700647852351,20.3,59,101.0,7.2,0.0871557427476582,-0.9961946980917455,21.1,70,86.0,5.7,0.2756373558169992,-0.9612616959383189,2.700000000000003,open-meteo,2026-08-08T09:50:20+00:00
2026-08-09 07:00:00+00:00,BE,offshore,20.1,62,238.0,5.2,-0.17364817766693047,-0.984807753012208,20.7,69,233.0,6.2,-0.08715574274765794,-0.9961946980917455,20.2,57,238.0,6.6,-0.3090169943749473,-0.9510565162951536,21.2,64,227.0,6.5,-0.06975647374412527,-0.9975640502598242,2.5500000000000007,open-meteo,2026-08-08T09:50:20+00:00
2026-08-09 08:00:00+00:00,BE,offshore,20.4,64,342.0,4.1,-0.5446390350150271,-0.838670567945424,20.5,69,297.0,5.9,-0.4226182617406993,-0.90630778703665,20.4,59,353.0,5.0,-0.7193398003386512,-0.6946583704589973,21.0,65,318.0,5.9,-0.34202014332566866,-0.9396926207859084,2.5749999999999993,open-meteo,2026-08-08T09:50:20+00:00
2026-08-09 09:00:00+00:00,BE,offshore,20.9,64,520.0,3.5,-0.981627183447664,-0.1908089953765446,20.4,73,451.0,5.4,-0.8386705679454242,-0.544639035015027,21.1,59,530.0,5.0,-0.9455185755993168,-0.32556815445715664,21.0,67,460.0,5.3,-0.6293203910498376,-0.7771459614569708,2.8500000000000014,open-meteo,2026-08-08T09:50:20+00:00
2026-08-09 10:00:00+00:00,BE,offshore,21.0,66,600.0,3.1,-0.8660254037844384,-0.5000000000000004,20.5,77,602.0,3.9,-0.9743700647852351,-0.22495105434386525,21.5,61,616.0,3.5,-0.9396926207859084,-0.34202014332566855,21.0,69,619.0,4.5,-0.882947592858927,-0.46947156278589075,3.0,open-meteo,2026-08-08T09:50:20+00:00
2026-08-09 11:00:00+00:00,BE,offshore,21.1,68,716.0,3.0,-0.7071067811865475,-0.7071067811865477,20.5,79,741.0,2.7,-0.9975640502598242,-0.06975647374412558,21.6,62,710.0,3.8,-0.656059028990507,-0.7547095802227721,21.1,70,689.0,3.4,-0.8386705679454242,-0.544639035015027,3.075000000000003,open-meteo,2026-08-08T09:50:20+00:00
2026-08-09 12:00:00+00:00,BE,offshore,21.1,70,458.0,1.6,-0.1045284632676535,-0.9945218953682733,20.5,81,644.0,0.8,-0.9510565162951536,0.30901699437494723,21.7,63,556.0,0.9,-0.3420201433256686,0.9396926207859084,21.1,72,529.0,2.9,-0.6819983600624984,-0.7313537016191706,3.1000000000000014,open-meteo,2026-08-08T09:50:20+00:00
2026-08-09 13:00:00+00:00,BE,offshore,21.1,74,326.0,2.0,0.984807753012208,-0.1736481776669303,20.4,84,237.0,1.9,0.529919264233205,-0.848048096156426,21.7,67,353.0,0.6,-0.22495105434386498,-0.9743700647852352,21.1,74,348.0,2.2,-0.2419218955996675,-0.9702957262759965,3.075000000000003,open-meteo,2026-08-08T09:50:20+00:00
2026-08-09 14:00:00+00:00,BE,offshore,21.3,74,632.0,2.4,0.8480480961564261,-0.5299192642332048,20.6,82,312.0,2.9,0.8571673007021123,-0.5150380749100543,21.7,72,641.0,1.2,1.0,6.123233995736766e-17,21.0,77,254.0,1.6,0.10452846326765373,-0.9945218953682733,3.150000000000002,open-meteo,2026-08-08T09:50:20+00:00
2026-08-09 15:00:00+00:00,BE,offshore,21.4,76,653.0,0.6,0.9743700647852352,-0.22495105434386503,20.5,84,583.0,1.9,0.3255681544571566,-0.9455185755993168,21.8,75,650.0,2.4,0.3583679495453002,-0.9335804264972017,21.0,80,640.0,1.8,-0.3090169943749473,-0.9510565162951536,3.1750000000000007,open-meteo,2026-08-08T09:50:20+00:00
2026-08-09 16:00:00+00:00,BE,offshore,21.5,75,522.0,2.3,-0.981627183447664,-0.1908089953765446,20.5,86,523.0,2.2,0.2249510543438652,-0.9743700647852351,21.9,78,463.0,3.7,-0.8987940462991668,-0.43837114678907774,21.1,81,520.0,1.3,-0.43837114678907746,-0.8987940462991669,3.25,open-meteo,2026-08-08T09:50:20+00:00
2026-08-09 17:00:00+00:00,BE,offshore,21.4,81,370.0,5.5,-0.8987940462991668,-0.43837114678907774,20.4,90,371.0,3.3,0.40673664307580043,-0.9135454576426008,21.9,83,363.0,3.5,-0.9063077870366498,0.4226182617406996,21.0,85,369.0,1.6,-0.06975647374412527,-0.9975640502598242,3.174999999999997,open-meteo,2026-08-08T09:50:20+00:00
2026-08-09 18:00:00+00:00,BE,offshore,21.2,84,214.0,5.9,-0.8987940462991668,-0.43837114678907774,20.4,88,214.0,3.4,-0.22495105434386498,-0.9743700647852352,21.9,84,210.0,5.6,-0.9902680687415703,-0.13917310096006583,21.3,85,211.0,3.2,-0.275637355816999,-0.9612616959383189,3.1999999999999993,open-meteo,2026-08-08T09:50:20+00:00
2026-08-09 19:00:00+00:00,BE,offshore,22.0,73,77.0,8.3,-0.7193398003386512,-0.6946583704589973,20.5,88,78.0,6.3,-0.3090169943749473,-0.9510565162951536,22.6,68,64.0,5.9,-0.8090169943749473,-0.5877852522924732,21.3,87,74.0,4.1,-0.39073112848927355,-0.9205048534524404,3.599999999999998,open-meteo,2026-08-08T09:50:20+00:00
2026-08-09 20:00:00+00:00,BE,offshore,21.5,73,3.0,13.9,-0.8290375725550418,-0.5591929034707466,21.2,78,3.0,8.2,-0.34202014332566866,-0.9396926207859084,22.7,71,2.0,10.1,-0.8191520442889916,-0.5735764363510464,21.7,82,3.0,6.9,-0.5000000000000001,-0.8660254037844386,3.775000000000002,open-meteo,2026-08-08T09:50:20+00:00
2026-08-09 21:00:00+00:00,BE,offshore,21.6,72,0.0,12.7,-0.7071067811865475,-0.7071067811865477,20.6,84,0.0,10.4,-0.6293203910498376,-0.7771459614569708,22.1,72,0.0,13.3,-0.7986355100472928,-0.6018150231520483,21.4,78,0.0,8.4,-0.6427876096865393,-0.766044443118978,3.4250000000000043,open-meteo,2026-08-08T09:50:20+00:00
2026-08-09 22:00:00+00:00,BE,offshore,21.0,76,0.0,10.6,-0.6691306063588582,-0.7431448254773942,20.3,89,0.0,12.4,-0.7431448254773944,-0.6691306063588581,22.3,69,0.0,11.2,-0.7071067811865475,-0.7071067811865477,20.8,83,0.0,11.8,-0.6946583704589974,-0.7193398003386511,3.099999999999998,open-meteo,2026-08-08T09:50:20+00:00
2026-08-09 23:00:00+00:00,BE,offshore,20.8,78,0.0,10.5,-0.7193398003386512,-0.6946583704589973,20.3,89,0.0,11.4,-0.7986355100472928,-0.6018150231520483,21.6,69,0.0,10.1,-0.7660444431189779,-0.6427876096865395,20.8,85,0.0,11.7,-0.7313537016191703,-0.6819983600624986,2.875,open-meteo,2026-08-08T09:50:20+00:00
2026-08-10 00:00:00+00:00,BE,offshore,20.8,84,0.0,10.3,-0.8191520442889916,-0.5735764363510464,20.5,88,0.0,6.6,-0.7771459614569708,0.6293203910498375,21.3,75,0.0,10.3,-0.8191520442889916,-0.5735764363510464,20.7,86,0.0,10.9,-0.8910065241883678,-0.45399049973954697,2.8249999999999993,open-meteo,2026-08-08T09:50:20+00:00
2026-08-10 01:00:00+00:00,BE,offshore,21.0,84,0.0,7.7,-0.4848096202463369,0.8746197071393959,19.7,84,0.0,11.5,-0.05233595624294437,0.9986295347545738,21.1,83,0.0,9.2,-0.8910065241883678,-0.45399049973954697,20.3,86,0.0,7.0,-0.3090169943749477,0.9510565162951535,2.525000000000002,open-meteo,2026-08-08T09:50:20+00:00
2026-08-10 02:00:00+00:00,BE,offshore,20.2,78,0.0,11.4,0.10452846326765347,0.9945218953682733,19.9,76,0.0,11.2,0.03489949670250097,0.9993908270190958,20.7,83,0.0,7.6,-0.20791169081775987,0.9781476007338056,20.3,71,0.0,11.9,0.052335956242943835,0.9986295347545738,2.2749999999999986,open-meteo,2026-08-08T09:50:20+00:00
2026-08-10 03:00:00+00:00,BE,offshore,20.3,75,0.0,9.3,0.0697564737441253,0.9975640502598242,19.8,75,0.0,9.3,-0.05233595624294437,0.9986295347545738,20.7,69,0.0,10.2,0.13917310096006544,0.9902680687415704,20.1,73,0.0,10.0,-0.06975647374412564,0.9975640502598242,2.2250000000000014,open-meteo,2026-08-08T09:50:20+00:00
2026-08-10 04:00:00+00:00,BE,offshore,20.1,73,0.0,8.1,-0.1736481776669304,0.984807753012208,19.4,78,0.0,8.3,-0.27563735581699894,0.9612616959383189,20.5,73,0.0,8.3,-0.05233595624294437,0.9986295347545738,19.8,76,0.0,9.1,-0.24192189559966787,0.9702957262759965,1.9499999999999993,open-meteo,2026-08-08T09:50:20+00:00
2026-08-10 05:00:00+00:00,BE,offshore,19.7,77,7.0,8.1,-0.3255681544571567,0.9455185755993168,19.3,81,8.0,6.8,-0.4848096202463369,0.8746197071393959,20.0,75,8.0,9.1,-0.29237170472273716,0.9563047559630353,19.4,77,9.0,9.1,-0.40673664307580015,0.9135454576426009,1.6000000000000014,open-meteo,2026-08-08T09:50:20+00:00
2026-08-10 06:00:00+00:00,BE,offshore,19.6,79,97.0,6.8,-0.4383711467890778,0.8987940462991668,19.4,78,94.0,8.1,-0.5735764363510465,0.8191520442889916,19.8,77,99.0,7.8,-0.37460659341591235,0.9271838545667873,19.3,79,93.0,8.2,-0.4694715627858908,0.882947592858927,1.5249999999999986,open-meteo,2026-08-08T09:50:20+00:00
2026-08-10 07:00:00+00:00,BE,offshore,19.7,75,240.0,7.6,-0.45399049973954697,0.8910065241883678,19.2,79,233.0,7.8,-0.6560590289905074,0.7547095802227719,19.8,79,243.0,7.8,-0.5000000000000004,0.8660254037844384,19.4,79,225.0,7.5,-0.5735764363510465,0.8191520442889916,1.5249999999999986,open-meteo,2026-08-08T09:50:20+00:00
2026-08-10 08:00:00+00:00,BE,offshore,19.5,75,394.0,8.0,-0.40673664307580015,0.9135454576426009,19.0,76,294.0,9.1,-0.529919264233205,0.8480480961564258,19.7,77,392.0,7.5,-0.4694715627858908,0.882947592858927,19.3,79,285.0,8.4,-0.6427876096865396,0.7660444431189778,1.375,open-meteo,2026-08-08T09:50:20+00:00
2026-08-10 09:00:00+00:00,BE,offshore,19.4,75,532.0,6.9,-0.4694715627858908,0.882947592858927,18.9,76,466.0,8.5,-0.5150380749100545,0.8571673007021121,19.6,75,512.0,6.5,-0.45399049973954697,0.8910065241883678,19.1,77,417.0,8.2,-0.5735764363510465,0.8191520442889916,1.25,open-meteo,2026-08-08T09:50:20+00:00
2026-08-10 10:00:00+00:00,BE,offshore,19.2,76,629.0,6.4,-0.4383711467890778,0.8987940462991668,18.0,83,520.0,8.6,-0.22495105434386534,0.9743700647852351,19.4,75,634.0,6.8,-0.5150380749100545,0.8571673007021121,18.6,83,523.0,8.5,-0.35836794954530077,0.9335804264972015,0.8000000000000007,open-meteo,2026-08-08T09:50:20+00:00
2026-08-10 11:00:00+00:00,BE,offshore,18.6,82,372.0,7.9,-0.01745240643728356,0.9998476951563913,18.0,79,281.0,8.0,-0.15643446504023112,0.9876883405951377,19.0,80,633.0,7.4,-0.27563735581699894,0.9612616959383189,18.2,80,292.0,8.0,-0.2588190451025207,0.9659258262890683,0.4499999999999993,open-meteo,2026-08-08T09:50:20+00:00
2026-08-10 12:00:00+00:00,BE,offshore,18.4,79,249.0,7.6,0.03489949670250097,0.9993908270190958,18.1,72,483.0,7.3,-0.06975647374412564,0.9975640502598242,18.7,80,274.0,7.3,-0.12186934340514723,0.9925461516413221,18.3,75,221.0,7.5,-0.15643446504023112,0.9876883405951377,0.375,open-meteo,2026-08-08T09:50:20+00:00
2026-08-10 13:00:00+00:00,BE,offshore,18.5,76,325.0,6.6,0.13917310096006544,0.9902680687415704,18.1,68,774.0,6.2,0.03489949670250097,0.9993908270190958,18.7,77,289.0,6.6,0.0,1.0,18.4,70,575.0,6.6,-0.19080899537654467,0.981627183447664,0.42499999999999716,open-meteo,2026-08-08T09:50:20+00:00
2026-08-10 14:00:00+00:00,BE,offshore,18.6,71,598.0,5.5,0.3255681544571567,0.9455185755993168,18.2,64,758.0,5.5,0.1908089953765448,0.981627183447664,18.8,72,286.0,5.9,0.03489949670250097,0.9993908270190958,18.4,64,725.0,5.4,-0.06975647374412564,0.9975640502598242,0.5,open-meteo,2026-08-08T09:50:20+00:00
2026-08-10 15:00:00+00:00,BE,offshore,18.7,69,638.0,4.5,0.35836794954530027,0.9335804264972017,18.3,65,641.0,4.9,0.3420201433256687,0.9396926207859084,18.9,69,644.0,5.0,-2.4492935982947064e-16,1.0,18.4,66,652.0,5.0,0.08715574274765817,0.9961946980917455,0.5749999999999993,open-meteo,2026-08-08T09:50:20+00:00
2026-08-10 16:00:00+00:00,BE,offshore,18.8,63,448.0,4.8,0.224951054343865,0.9743700647852352,18.3,65,455.0,4.6,0.43837114678907746,0.898794046299167,18.9,63,466.0,5.3,0.03489949670250097,0.9993908270190958,18.5,65,449.0,5.3,0.1908089953765448,0.981627183447664,0.625,open-meteo,2026-08-08T09:50:20+00:00
2026-08-10 17:00:00+00:00,BE,offshore,18.7,67,233.0,5.8,0.3090169943749474,0.9510565162951535,18.3,69,265.5,5.85,0.35836794954530027,0.9335804264972017,18.9,66,282.0,6.23,0.20791169081775934,0.9781476007338057,18.5,67,294.0,6.25,0.1908089953765448,0.981627183447664,0.6000000000000014,open-meteo,2026-08-08T09:50:20+00:00
2026-08-10 18:00:00+00:00,BE,offshore,18.7,69,138.5,6.84,0.39073112848927377,0.9205048534524404,18.2,71,143.5,7.18,0.35836794954530027,0.9335804264972017,19.0,67,141.5,7.03,0.27563735581699916,0.9612616959383189,18.7,67,142.0,7.32,0.1908089953765448,0.981627183447664,0.6499999999999986,open-meteo,2026-08-08T09:50:20+00:00
2026-08-10 19:00:00+00:00,BE,offshore,18.8,70,64.3,7.45,0.4694715627858908,0.882947592858927,18.2,74,63.0,7.66,0.4694715627858908,0.882947592858927,19.1,68,66.0,7.4,0.39073112848927377,0.9205048534524404,18.8,68,62.5,7.69,0.29237170472273677,0.9563047559630354,0.7250000000000014,open-meteo,2026-08-08T09:50:20+00:00
2026-08-10 20:00:00+00:00,BE,offshore,18.9,71,2.0,7.47,0.6018150231520483,0.7986355100472928,18.2,76,3.0,6.86,0.6819983600624985,0.7313537016191705,19.3,68,2.0,7.69,0.43837114678907746,0.898794046299167,18.9,68,2.0,7.16,0.374606593415912,0.9271838545667874,0.8249999999999957,open-meteo,2026-08-08T09:50:20+00:00
2026-08-10 21:00:00+00:00,BE,offshore,19.1,69,0.0,6.76,0.6819983600624985,0.7313537016191705,18.3,74,0.0,6.03,0.766044443118978,0.6427876096865394,19.4,67,0.0,7.41,0.5299192642332049,0.848048096156426,18.6,72,0.0,6.24,0.6156614753256583,0.7880107536067219,0.8500000000000014,open-meteo,2026-08-08T09:50:20+00:00
2026-08-10 22:00:00+00:00,BE,offshore,19.2,66,0.0,5.73,0.788010753606722,0.6156614753256583,18.3,75,0.0,5.46,0.754709580222772,0.6560590289905073,19.4,66,0.0,6.2,0.6691306063588582,0.7431448254773942,18.5,74,0.0,5.22,0.6293203910498374,0.7771459614569709,0.8500000000000014,open-meteo,2026-08-08T09:50:20+00:00
2026-08-10 23:00:00+00:00,BE,offshore,19.1,68,0.0,5.49,0.788010753606722,0.6156614753256583,18.3,74,0.0,5.37,0.8090169943749475,0.5877852522924731,19.3,68,0.0,5.66,0.6946583704589973,0.7193398003386512,18.4,74,0.0,5.14,0.6560590289905073,0.754709580222772,0.7749999999999986,open-meteo,2026-08-08T09:50:20+00:00
2026-08-11 00:00:00+00:00,BE,offshore,18.9,69,0.0,5.4,0.8090169943749475,0.5877852522924731,18.2,74,0.0,5.15,0.8660254037844386,0.5000000000000001,19.2,69,0.0,5.38,0.7431448254773942,0.6691306063588582,18.4,73,0.0,4.91,0.7071067811865475,0.7071067811865476,0.6749999999999972,open-meteo,2026-08-08T09:50:20+00:00
2026-08-11 01:00:00+00:00,BE,offshore,18.9,70,0.0,5.12,0.8290375725550417,0.5591929034707468,18.1,73,0.0,4.54,0.8910065241883679,0.45399049973954686,19.1,69,0.0,5.0,0.7986355100472928,0.6018150231520483,18.3,71,0.0,4.29,0.754709580222772,0.6560590289905073,0.6000000000000014,open-meteo,2026-08-08T09:50:20+00:00
2026-08-11 02:00:00+00:00,BE,offshore,18.9,69,0.0,5.02,0.8191520442889918,0.573576436351046,18.1,71,0.0,4.3,0.8746197071393957,0.4848096202463371,18.9,70,0.0,4.68,0.8660254037844386,0.5000000000000001,18.3,70,0.0,4.11,0.7431448254773942,0.6691306063588582,0.5500000000000007,open-meteo,2026-08-08T09:50:20+00:00
2026-08-11 03:00:00+00:00,BE,offshore,18.9,69,0.0,5.26,0.8090169943749475,0.5877852522924731,18.0,71,0.0,4.53,0.8290375725550417,0.5591929034707468,18.8,69,0.0,4.81,0.8829475928589269,0.46947156278589086,18.2,70,0.0,4.56,0.7193398003386511,0.6946583704589973,0.4750000000000014,open-meteo,2026-08-08T09:50:20+00:00
2026-08-11 04:00:00+00:00,BE,offshore,18.9,69,0.0,5.64,0.8191520442889918,0.573576436351046,18.0,71,0.0,5.17,0.788010753606722,0.6156614753256583,18.5,73,0.0,5.18,0.9271838545667874,0.37460659341591196,18.1,71,0.0,5.2,0.7071067811865475,0.7071067811865476,0.375,open-meteo,2026-08-08T09:50:20+00:00
2026-08-11 05:00:00+00:00,BE,offshore,18.8,70,6.0,5.91,0.8829475928589269,0.46947156278589086,17.9,72,6.0,5.68,0.7986355100472928,0.6018150231520483,18.1,76,6.0,5.27,0.9781476007338056,0.20791169081775945,18.1,69,7.0,5.69,0.7313537016191705,0.6819983600624985,0.22500000000000142,open-meteo,2026-08-08T09:50:20+00:00
2026-08-11 06:00:00+00:00,BE,offshore,18.5,72,87.0,5.84,0.9396926207859083,0.3420201433256688,17.9,71,92.0,5.81,0.8571673007021123,0.5150380749100542,17.8,78,89.0,5.45,0.992546151641322,0.12186934340514749,18.1,68,95.0,5.85,0.7986355100472928,0.6018150231520483,0.07500000000000284,open-meteo,2026-08-08T09:50:20+00:00
2026-08-11 07:00:00+00:00,BE,offshore,18.2,75,216.0,6.08,0.9781476007338056,0.20791169081775945,18.0,69,237.0,5.92,0.9205048534524404,0.3907311284892737,17.7,76,225.0,6.14,0.992546151641322,0.12186934340514749,18.1,68,234.0,5.78,0.8660254037844386,0.5000000000000001,0.0,open-meteo,2026-08-08T09:50:20+00:00
2026-08-11 08:00:00+00:00,BE,offshore,17.9,76,361.0,6.29,0.992546151641322,0.12186934340514749,18.0,69,394.0,6.03,0.9563047559630354,0.29237170472273677,17.9,74,380.0,6.23,0.9781476007338056,0.20791169081775945,18.2,67,386.0,5.44,0.9205048534524404,0.3907311284892737,0.0,open-meteo,2026-08-08T09:50:20+00:00
2026-08-11 09:00:00+00:00,BE,offshore,18.0,75,499.0,6.34,0.984807753012208,0.17364817766693041,18.1,68,541.0,6.0,0.9612616959383189,0.27563735581699916,18.1,69,536.0,6.1,0.9510565162951535,0.30901699437494745,18.2,67,525.0,5.48,0.9335804264972017,0.3583679495453004,0.10000000000000142,open-meteo,2026-08-08T09:50:20+00:00
2026-08-11 10:00:00+00:00,BE,offshore,18.2,71,622.0,6.52,0.9612616959383189,0.27563735581699916,18.2,68,655.0,5.95,0.9563047559630354,0.29237170472273677,18.4,67,655.0,6.07,0.9135454576426009,0.4067366430758002,18.4,66,608.0,5.64,0.9335804264972017,0.3583679495453004,0.29999999999999716,open-meteo,2026-08-08T09:50:20+00:00
2026-08-11 11:00:00+00:00,BE,offshore,18.4,70,737.0,6.76,0.9135454576426009,0.4067366430758002,18.5,66,715.0,6.08,0.9612616959383189,0.27563735581699916,18.8,65,754.0,6.16,0.848048096156426,0.5299192642332049,18.3,69,576.0,6.26,0.9271838545667874,0.37460659341591196,0.5,open-meteo,2026-08-08T09:50:20+00:00
2026-08-11 12:00:00+00:00,BE,offshore,18.7,68,784.0,7.1,0.8660254037844386,0.5000000000000001,18.7,65,755.0,6.59,0.9455185755993167,0.32556815445715676,19.2,63,790.0,6.63,0.788010753606722,0.6156614753256583,18.2,69,671.0,6.91,0.8910065241883679,0.45399049973954686,0.6999999999999993,open-meteo,2026-08-08T09:50:20+00:00
2026-08-11 13:00:00+00:00,BE,offshore,18.8,69,786.0,7.72,0.7986355100472928,0.6018150231520483,18.5,67,670.0,7.34,0.9335804264972017,0.3583679495453004,19.1,68,789.0,7.87,0.6560590289905073,0.754709580222772,18.5,65,783.0,7.47,0.788010753606722,0.6156614753256583,0.7250000000000014,open-meteo,2026-08-08T09:50:20+00:00
2026-08-11 14:00:00+00:00,BE,offshore,18.7,71,739.0,8.45,0.6819983600624985,0.7313537016191705,18.3,68,733.0,7.64,0.8660254037844386,0.5000000000000001,18.8,70,738.0,9.82,0.5299192642332049,0.848048096156426,18.7,64,737.0,7.54,0.6691306063588582,0.7431448254773942,0.625,open-meteo,2026-08-08T09:50:20+00:00
2026-08-11 15:00:00+00:00,BE,offshore,19.2,68,646.0,8.87,0.6427876096865393,0.766044443118978,18.5,65,644.0,7.7,0.788010753606722,0.6156614753256583,19.1,70,643.0,10.96,0.5446390350150271,0.838670567945424,18.8,65,643.0,8.56,0.6427876096865393,0.766044443118978,0.9000000000000021,open-meteo,2026-08-08T09:50:20+00:00
2026-08-11 16:00:00+00:00,BE,offshore,19.4,68,518.0,10.1,0.6560590289905073,0.754709580222772,18.6,66,519.0,8.53,0.7771459614569709,0.6293203910498374,19.5,69,515.0,11.56,0.5877852522924731,0.8090169943749475,19.0,66,513.0,9.4,0.6427876096865393,0.766044443118978,1.125,open-meteo,2026-08-08T09:50:20+00:00
2026-08-11 17:00:00+00:00,BE,offshore,19.6,69,366.0,11.07,0.7193398003386511,0.6946583704589973,18.7,68,369.0,9.23,0.8090169943749475,0.5877852522924731,19.6,72,363.0,12.18,0.6427876096865393,0.766044443118978,18.9,69,363.0,10.15,0.6819983600624985,0.7313537016191705,1.1999999999999993,open-meteo,2026-08-08T09:50:20+00:00
2026-08-11 18:00:00+00:00,BE,offshore,19.6,72,208.0,11.71,0.766044443118978,0.6427876096865394,18.8,70,210.0,9.72,0.838670567945424,0.5446390350150271,19.7,74,204.0,12.34,0.6946583704589973,0.7193398003386512,19.0,71,205.0,10.6,0.754709580222772,0.6560590289905073,1.2750000000000021,open-meteo,2026-08-08T09:50:20+00:00
2026-08-11 19:00:00+00:00,BE,offshore,20.0,69,69.0,11.27,0.848048096156426,0.5299192642332049,19.0,71,72.0,10.29,0.8829475928589269,0.46947156278589086,20.0,70,66.0,11.43,0.8090169943749475,0.5877852522924731,19.4,68,66.0,10.23,0.8571673007021123,0.5150380749100542,1.6000000000000014,open-meteo,2026-08-08T09:50:20+00:00
2026-08-11 20:00:00+00:00,BE,offshore,20.5,64,0.0,10.67,0.9455185755993167,0.32556815445715676,19.4,71,0.0,10.8,0.9205048534524404,0.3907311284892737,20.3,65,0.0,10.53,0.9396926207859083,0.3420201433256688,19.8,64,0.0,9.91,0.9510565162951535,0.30901699437494745,2.0,open-meteo,2026-08-08T09:50:20+00:00
2026-08-11 21:00:00+00:00,BE,offshore,20.7,61,0.0,10.51,0.9902680687415704,0.13917310096006547,19.5,71,0.0,11.04,0.9563047559630354,0.29237170472273677,20.3,61,0.0,10.34,0.9902680687415704,0.13917310096006547,20.0,62,0.0,9.97,0.992546151641322,0.12186934340514749,2.125,open-meteo,2026-08-08T09:50:20+00:00
2026-08-11 22:00:00+00:00,BE,offshore,20.4,63,0.0,10.51,0.9986295347545738,0.052335956242943966,19.4,71,0.0,10.7,0.984807753012208,0.17364817766693041,20.0,62,0.0,10.22,0.9986295347545738,0.052335956242943966,19.7,64,0.0,9.95,0.9993908270190958,0.03489949670250108,1.875,open-meteo,2026-08-08T09:50:20+00:00
2026-08-11 23:00:00+00:00,BE,offshore,19.8,66,0.0,10.45,1.0,6.123233995736766e-17,19.2,70,0.0,10.15,0.9998476951563913,0.0174524064372836,19.4,66,0.0,9.92,0.9986295347545738,0.052335956242943966,19.2,66,0.0,9.8,1.0,6.123233995736766e-17,1.3999999999999986,open-meteo,2026-08-08T09:50:20+00:00
