timestamp_utc,country,target,temperature_2m_p1,relative_humidity_2m_p1,shortwave_radiation_p1,wind_speed_100m_ms_p1,wind_dir_sin_p1,wind_dir_cos_p1,temperature_2m_p2,relative_humidity_2m_p2,shortwave_radiation_p2,wind_speed_100m_ms_p2,wind_dir_sin_p2,wind_dir_cos_p2,temperature_2m_p3,relative_humidity_2m_p3,shortwave_radiation_p3,wind_speed_100m_ms_p3,wind_dir_sin_p3,wind_dir_cos_p3,temperature_2m_p4,relative_humidity_2m_p4,shortwave_radiation_p4,wind_speed_100m_ms_p4,wind_dir_sin_p4,wind_dir_cos_p4,deg_proxy,source,updated_at_utc
2026-04-20 00:00:00+00:00,DE,onshore,8.6,84,0.0,11.64,-0.3746065934159123,0.9271838545667872,6.4,94,0.0,8.67,0.7431448254773942,0.6691306063588582,5.9,87,0.0,1.87,0.7313537016191705,0.6819983600624985,7.2,87,0.0,9.24,-0.7547095802227722,0.656059028990507,10.975,open-meteo,2026-08-10T08:06:50+00:00
2026-04-20 01:00:00+00:00,DE,onshore,8.6,85,0.0,12.65,-0.2249510543438653,0.9743700647852352,6.3,89,0.0,8.94,0.7193398003386511,0.6946583704589973,5.4,87,0.0,1.06,0.5591929034707469,0.8290375725550417,6.1,83,0.0,10.64,-0.6018150231520483,0.7986355100472928,11.4,open-meteo,2026-08-10T08:06:50+00:00
2026-04-20 02:00:00+00:00,DE,onshore,8.5,87,0.0,8.16,0.7771459614569709,0.6293203910498374,5.8,87,0.0,8.65,0.6293203910498374,0.7771459614569709,5.8,84,0.0,1.23,0.484809620246337,0.8746197071393957,5.5,85,0.0,9.55,-0.6293203910498378,0.7771459614569706,11.6,open-meteo,2026-08-10T08:06:50+00:00
2026-04-20 03:00:00+00:00,DE,onshore,7.1,87,0.0,9.6,0.8090169943749475,0.5877852522924731,5.7,90,0.0,8.81,0.6819983600624985,0.7313537016191705,5.2,92,0.0,0.62,0.9510565162951536,0.3090169943749474,4.9,87,0.0,9.43,-0.7880107536067218,0.6156614753256585,12.275,open-meteo,2026-08-10T08:06:50+00:00
2026-04-20 04:00:00+00:00,DE,onshore,6.4,86,0.0,9.31,0.8660254037844386,0.5000000000000001,5.7,91,0.0,8.18,0.6946583704589973,0.7193398003386512,4.6,91,0.0,0.1,-1.0,-1.8369701987210287e-16,4.6,88,0.0,10.37,-0.7771459614569708,0.6293203910498375,12.675,open-meteo,2026-08-10T08:06:50+00:00
2026-04-20 05:00:00+00:00,DE,onshore,5.9,87,5.0,7.82,0.788010753606722,0.6156614753256583,6.0,89,10.0,9.01,0.7071067811865475,0.7071067811865476,4.5,89,9.0,1.74,-0.2756373558169989,0.9612616959383188,4.2,92,5.0,9.95,-0.8290375725550416,0.559192903470747,12.85,open-meteo,2026-08-10T08:06:50+00:00
2026-04-20 06:00:00+00:00,DE,onshore,6.3,82,26.0,6.23,0.6018150231520483,0.7986355100472928,6.3,84,45.0,7.97,0.7313537016191705,0.6819983600624985,5.3,93,72.0,2.07,-0.0871557427476583,0.9961946980917455,4.1,94,18.0,9.39,-0.7986355100472932,0.6018150231520479,12.5,open-meteo,2026-08-10T08:06:50+00:00
2026-04-20 07:00:00+00:00,DE,onshore,6.8,77,63.0,8.11,0.2079116908177593,0.9781476007338056,6.7,76,87.0,10.06,0.754709580222772,0.6560590289905073,8.7,80,199.0,1.67,0.3583679495453002,0.9335804264972016,4.2,95,39.0,8.88,-0.7431448254773946,0.6691306063588578,11.4,open-meteo,2026-08-10T08:06:50+00:00
2026-04-20 08:00:00+00:00,DE,onshore,7.6,80,131.0,9.62,0.2588190451025207,0.9659258262890684,8.2,71,257.0,10.27,0.788010753606722,0.6156614753256583,9.8,68,300.0,2.21,0.224951054343865,0.9743700647852352,4.5,94,77.0,8.43,-0.7771459614569708,0.6293203910498375,10.475,open-meteo,2026-08-10T08:06:50+00:00
2026-04-20 09:00:00+00:00,DE,onshore,7.7,77,200.0,10.91,0.3090169943749474,0.9510565162951536,9.6,66,505.0,9.38,0.766044443118978,0.6427876096865394,11.7,56,398.0,2.45,-0.6018150231520483,0.7986355100472928,5.2,92,117.0,7.1,-0.6293203910498378,0.7771459614569706,9.45,open-meteo,2026-08-10T08:06:50+00:00
2026-04-20 10:00:00+00:00,DE,onshore,7.6,80,167.0,11.35,0.4539904997395468,0.8910065241883679,10.2,64,677.0,10.4,0.7313537016191705,0.6819983600624985,12.5,51,484.0,2.92,-0.6427876096865396,0.7660444431189778,5.7,93,131.0,6.76,-0.5000000000000004,0.8660254037844384,9.0,open-meteo,2026-08-10T08:06:50+00:00
2026-04-20 11:00:00+00:00,DE,onshore,8.5,72,372.0,9.98,0.6819983600624985,0.7313537016191705,10.6,59,740.0,12.49,0.7431448254773942,0.6691306063588582,13.2,49,593.0,4.49,-0.5877852522924734,0.8090169943749473,5.9,94,115.0,6.12,-0.7660444431189781,0.6427876096865393,8.450000000000001,open-meteo,2026-08-10T08:06:50+00:00
2026-04-20 12:00:00+00:00,DE,onshore,9.5,68,571.0,11.11,0.7986355100472928,0.6018150231520483,10.3,61,753.0,12.82,0.7313537016191705,0.6819983600624985,13.8,47,648.0,4.65,-0.5000000000000004,0.8660254037844384,7.0,93,198.0,4.52,-0.8660254037844386,0.5000000000000001,7.85,open-meteo,2026-08-10T08:06:50+00:00
2026-04-20 13:00:00+00:00,DE,onshore,10.1,63,660.0,12.36,0.8829475928589269,0.4694715627858908,10.1,59,710.0,13.1,0.7193398003386511,0.6946583704589973,14.1,43,786.0,5.3,-0.4226182617406992,0.90630778703665,7.4,93,116.0,4.03,-0.9510565162951536,0.3090169943749472,7.575000000000001,open-meteo,2026-08-10T08:06:50+00:00
2026-04-20 14:00:00+00:00,DE,onshore,9.7,60,631.0,13.19,0.8910065241883679,0.4539904997395468,9.7,59,620.0,13.3,0.6946583704589973,0.7193398003386512,14.3,39,614.0,4.97,-0.3746065934159123,0.9271838545667872,9.2,87,267.0,3.69,-0.9563047559630354,0.2923717047227367,7.274999999999999,open-meteo,2026-08-10T08:06:50+00:00
2026-04-20 15:00:00+00:00,DE,onshore,9.6,58,538.0,12.91,0.8660254037844386,0.5000000000000001,8.8,60,477.0,13.03,0.6819983600624985,0.7313537016191705,14.0,34,582.0,4.06,-0.3420201433256686,0.9396926207859084,9.1,90,191.0,3.55,-0.9135454576426012,0.4067366430757997,7.625,open-meteo,2026-08-10T08:06:50+00:00
2026-04-20 16:00:00+00:00,DE,onshore,9.4,56,396.0,13.15,0.8829475928589269,0.4694715627858908,7.6,60,342.0,12.82,0.7313537016191705,0.6819983600624985,13.4,41,392.0,4.19,-0.6018150231520483,0.7986355100472928,9.3,89,121.0,4.0,-0.9271838545667874,0.3746065934159119,8.075,open-meteo,2026-08-10T08:06:50+00:00
2026-04-20 17:00:00+00:00,DE,onshore,9.1,56,247.0,14.15,0.8829475928589269,0.4694715627858908,6.7,61,179.0,12.83,0.7431448254773942,0.6691306063588582,12.8,42,235.0,5.04,-0.4067366430758001,0.9135454576426008,9.0,93,86.0,0.89,0.1045284632676534,0.9945218953682732,8.6,open-meteo,2026-08-10T08:06:50+00:00
2026-04-20 18:00:00+00:00,DE,onshore,8.7,57,97.0,13.83,0.9205048534524404,0.3907311284892737,5.9,66,49.0,12.56,0.7431448254773942,0.6691306063588582,11.3,46,72.0,5.01,-0.0523359562429443,0.9986295347545738,8.5,93,47.0,4.49,0.5299192642332049,0.848048096156426,9.4,open-meteo,2026-08-10T08:06:50+00:00
2026-04-20 19:00:00+00:00,DE,onshore,8.3,60,8.0,13.73,0.9396926207859084,0.3420201433256688,4.7,68,0.0,11.74,0.754709580222772,0.6560590289905073,9.4,55,3.0,5.44,0.2419218955996677,0.9702957262759964,7.7,80,1.0,8.15,0.5446390350150271,0.838670567945424,10.475,open-meteo,2026-08-10T08:06:50+00:00
2026-04-20 20:00:00+00:00,DE,onshore,8.0,62,0.0,11.91,0.9781476007338056,0.2079116908177594,4.0,73,0.0,11.69,0.766044443118978,0.6427876096865394,7.8,63,0.0,4.17,0.4067366430758002,0.9135454576426008,6.2,82,0.0,8.3,0.4999999999999999,0.8660254037844387,11.5,open-meteo,2026-08-10T08:06:50+00:00
2026-04-20 21:00:00+00:00,DE,onshore,7.5,63,0.0,12.18,0.8987940462991669,0.4383711467890774,3.9,73,0.0,10.56,0.7986355100472928,0.6018150231520483,7.6,58,0.0,6.72,0.3907311284892737,0.9205048534524404,5.9,76,0.0,7.41,0.4694715627858908,0.882947592858927,11.775,open-meteo,2026-08-10T08:06:50+00:00
2026-04-20 22:00:00+00:00,DE,onshore,7.3,65,0.0,11.41,0.9205048534524404,0.3907311284892737,3.3,80,0.0,10.21,0.7986355100472928,0.6018150231520483,7.3,60,0.0,6.31,0.8090169943749475,0.5877852522924731,4.9,79,0.0,8.07,0.484809620246337,0.8746197071393957,12.3,open-meteo,2026-08-10T08:06:50+00:00
2026-04-20 23:00:00+00:00,DE,onshore,7.2,64,0.0,10.08,0.9335804264972016,0.3583679495453004,2.8,86,0.0,10.1,0.7771459614569709,0.6293203910498374,6.5,68,0.0,5.75,0.8660254037844386,0.5000000000000001,4.1,81,0.0,7.18,0.6293203910498374,0.7771459614569709,12.85,open-meteo,2026-08-10T08:06:50+00:00
2026-04-21 00:00:00+00:00,DE,onshore,6.9,66,0.0,9.12,0.90630778703665,0.4226182617406994,2.5,91,0.0,9.53,0.766044443118978,0.6427876096865394,5.1,76,0.0,4.53,0.7771459614569709,0.6293203910498374,3.5,82,0.0,6.6,0.6560590289905073,0.754709580222772,13.5,open-meteo,2026-08-10T08:06:50+00:00
2026-04-21 01:00:00+00:00,DE,onshore,6.6,68,0.0,8.66,0.788010753606722,0.6156614753256583,2.1,92,0.0,9.87,0.766044443118978,0.6427876096865394,4.3,80,0.0,4.16,0.8910065241883679,0.4539904997395468,2.8,84,0.0,5.89,0.6819983600624985,0.7313537016191705,14.05,open-meteo,2026-08-10T08:06:50+00:00
2026-04-21 02:00:00+00:00,DE,onshore,6.6,66,0.0,9.04,0.766044443118978,0.6427876096865394,1.8,93,0.0,9.25,0.766044443118978,0.6427876096865394,3.3,84,0.0,3.05,0.7431448254773942,0.6691306063588582,2.3,87,0.0,6.18,0.7431448254773942,0.6691306063588582,14.5,open-meteo,2026-08-10T08:06:50+00:00
2026-04-21 03:00:00+00:00,DE,onshore,6.4,67,0.0,9.71,0.7431448254773942,0.6691306063588582,1.5,92,0.0,9.28,0.6946583704589973,0.7193398003386512,1.9,89,0.0,0.88,0.8910065241883679,0.4539904997395468,1.9,87,0.0,6.79,0.6946583704589973,0.7193398003386512,15.075,open-meteo,2026-08-10T08:06:50+00:00
2026-04-21 04:00:00+00:00,DE,onshore,6.2,69,0.0,10.16,0.8290375725550417,0.5591929034707468,1.2,93,0.0,8.94,0.6946583704589973,0.7193398003386512,1.3,90,0.0,2.22,0.6560590289905073,0.754709580222772,1.4,89,0.0,6.73,0.6691306063588582,0.7431448254773942,15.475,open-meteo,2026-08-10T08:06:50+00:00
2026-04-21 05:00:00+00:00,DE,onshore,6.1,70,18.0,9.11,0.848048096156426,0.5299192642332049,1.7,94,42.0,8.67,0.6819983600624985,0.7313537016191705,1.4,92,12.0,2.88,0.573576436351046,0.8191520442889918,1.5,89,30.0,6.96,0.6293203910498374,0.7771459614569709,15.325,open-meteo,2026-08-10T08:06:50+00:00
2026-04-21 06:00:00+00:00,DE,onshore,6.6,70,124.0,8.86,0.8191520442889918,0.573576436351046,3.6,88,169.0,7.02,0.5877852522924731,0.8090169943749475,4.4,86,120.0,3.53,0.7193398003386511,0.6946583704589973,3.1,81,150.0,6.04,0.6691306063588582,0.7431448254773942,13.575,open-meteo,2026-08-10T08:06:50+00:00
2026-04-21 07:00:00+00:00,DE,onshore,6.9,69,274.0,8.59,0.7071067811865475,0.7071067811865476,5.7,81,319.0,5.76,0.5299192642332049,0.848048096156426,6.6,76,267.0,2.42,0.9335804264972016,0.3583679495453004,4.8,74,310.0,4.79,0.6560590289905073,0.754709580222772,12.0,open-meteo,2026-08-10T08:06:50+00:00
2026-04-21 08:00:00+00:00,DE,onshore,7.3,63,427.0,7.56,0.7431448254773942,0.6691306063588582,7.6,69,439.0,5.68,0.5877852522924731,0.8090169943749475,8.0,71,359.0,3.29,0.7986355100472928,0.6018150231520483,6.8,67,472.0,4.5,0.6946583704589973,0.7193398003386512,10.575,open-meteo,2026-08-10T08:06:50+00:00
2026-04-21 09:00:00+00:00,DE,onshore,8.4,56,564.0,7.48,0.6946583704589973,0.7193398003386512,9.3,58,607.0,6.05,0.6427876096865393,0.766044443118978,8.6,74,446.0,4.08,0.8660254037844386,0.5000000000000001,9.0,56,610.0,4.32,0.6293203910498374,0.7771459614569709,9.175,open-meteo,2026-08-10T08:06:50+00:00
2026-04-21 10:00:00+00:00,DE,onshore,9.2,53,669.0,6.65,0.7071067811865475,0.7071067811865476,10.6,43,707.0,8.19,0.7431448254773942,0.6691306063588582,9.9,67,461.0,3.6,0.9271838545667874,0.3746065934159119,10.9,50,715.0,4.18,0.6293203910498374,0.7771459614569709,7.850000000000001,open-meteo,2026-08-10T08:06:50+00:00
2026-04-21 11:00:00+00:00,DE,onshore,10.1,50,735.0,6.29,0.7986355100472928,0.6018150231520483,10.9,40,760.0,8.27,0.754709580222772,0.6560590289905073,10.1,65,306.0,3.65,0.9945218953682732,0.1045284632676534,12.3,45,772.0,4.53,0.6293203910498374,0.7771459614569709,7.149999999999999,open-meteo,2026-08-10T08:06:50+00:00
2026-04-21 12:00:00+00:00,DE,onshore,10.6,48,756.0,6.92,0.788010753606722,0.6156614753256583,11.1,39,767.0,9.12,0.7771459614569709,0.6293203910498374,10.5,67,308.0,2.91,0.9396926207859084,0.3420201433256688,12.7,38,776.0,4.43,0.573576436351046,0.8191520442889918,6.774999999999999,open-meteo,2026-08-10T08:06:50+00:00
2026-04-21 13:00:00+00:00,DE,onshore,10.9,49,731.0,7.24,0.8660254037844386,0.5000000000000001,11.1,41,722.0,8.71,0.7771459614569709,0.6293203910498374,10.2,69,291.0,5.92,0.8910065241883679,0.4539904997395468,13.3,36,733.0,4.57,0.6819983600624985,0.7313537016191705,6.625,open-meteo,2026-08-10T08:06:50+00:00
2026-04-21 14:00:00+00:00,DE,onshore,11.0,46,660.0,7.8,0.90630778703665,0.4226182617406994,10.9,44,632.0,8.13,0.6560590289905073,0.754709580222772,11.2,68,366.0,5.98,0.848048096156426,0.5299192642332049,13.2,31,647.0,5.4,0.8746197071393957,0.4848096202463371,6.425000000000001,open-meteo,2026-08-10T08:06:50+00:00
2026-04-21 15:00:00+00:00,DE,onshore,11.2,46,550.0,8.03,0.8660254037844386,0.5000000000000001,10.7,41,507.0,7.38,0.6427876096865393,0.766044443118978,10.5,70,261.0,3.49,0.788010753606722,0.6156614753256583,13.2,33,501.0,5.6,0.8090169943749475,0.5877852522924731,6.600000000000001,open-meteo,2026-08-10T08:06:50+00:00
2026-04-21 16:00:00+00:00,DE,onshore,11.2,46,410.0,8.11,0.8829475928589269,0.4694715627858908,9.9,43,356.0,7.26,0.573576436351046,0.8191520442889918,10.8,67,264.0,5.58,0.8571673007021123,0.5150380749100542,12.8,39,325.0,6.23,0.4999999999999999,0.8660254037844387,6.824999999999999,open-meteo,2026-08-10T08:06:50+00:00
2026-04-21 17:00:00+00:00,DE,onshore,11.0,52,252.0,7.58,0.8910065241883679,0.4539904997395468,8.8,47,196.0,7.5,0.484809620246337,0.8746197071393957,10.7,66,166.0,5.9,0.7431448254773942,0.6691306063588582,12.0,37,210.0,6.52,0.6819983600624985,0.7313537016191705,7.375,open-meteo,2026-08-10T08:06:50+00:00
2026-04-21 18:00:00+00:00,DE,onshore,10.9,54,101.0,6.98,0.8746197071393957,0.4848096202463371,7.2,58,57.0,6.81,0.4999999999999999,0.8660254037844387,9.7,68,51.0,4.32,0.9986295347545738,0.0523359562429439,10.5,40,68.0,7.2,0.5591929034707469,0.8290375725550417,8.425,open-meteo,2026-08-10T08:06:50+00:00
2026-04-21 19:00:00+00:00,DE,onshore,10.5,53,9.0,7.39,0.848048096156426,0.5299192642332049,5.5,68,1.0,7.45,0.5446390350150271,0.838670567945424,8.1,78,2.0,5.73,0.9396926207859084,0.3420201433256688,8.2,52,1.0,6.98,0.6156614753256583,0.7880107536067219,9.925,open-meteo,2026-08-10T08:06:50+00:00
2026-04-21 20:00:00+00:00,DE,onshore,10.1,54,0.0,6.15,0.9271838545667874,0.3746065934159119,4.2,75,0.0,6.98,0.6156614753256583,0.7880107536067219,7.5,74,0.0,5.4,0.8746197071393957,0.4848096202463371,6.9,52,0.0,8.19,0.6560590289905073,0.754709580222772,10.825,open-meteo,2026-08-10T08:06:50+00:00
2026-04-21 21:00:00+00:00,DE,onshore,9.7,55,0.0,5.19,0.9271838545667874,0.3746065934159119,3.1,75,0.0,6.61,0.573576436351046,0.8191520442889918,7.7,69,0.0,5.14,0.8191520442889918,0.573576436351046,5.9,60,0.0,7.76,0.6018150231520483,0.7986355100472928,11.4,open-meteo,2026-08-10T08:06:50+00:00
2026-04-21 22:00:00+00:00,DE,onshore,9.6,56,0.0,4.46,0.9876883405951378,0.1564344650402309,2.6,76,0.0,5.26,0.484809620246337,0.8746197071393957,6.9,71,0.0,7.18,0.848048096156426,0.5299192642332049,4.8,64,0.0,7.36,0.6691306063588582,0.7431448254773942,12.025,open-meteo,2026-08-10T08:06:50+00:00
2026-04-21 23:00:00+00:00,DE,onshore,9.5,57,0.0,3.23,0.9702957262759964,0.2419218955996676,2.2,77,0.0,4.61,0.0697564737441253,0.9975640502598242,6.3,73,0.0,6.33,0.9612616959383188,0.2756373558169991,3.9,67,0.0,6.03,0.6946583704589973,0.7193398003386512,12.525,open-meteo,2026-08-10T08:06:50+00:00
2026-04-22 00:00:00+00:00,DE,onshore,9.2,62,0.0,2.77,0.9205048534524404,0.3907311284892737,1.9,81,0.0,4.5,-0.2756373558169989,0.9612616959383188,5.7,70,0.0,6.51,0.9612616959383188,0.2756373558169991,2.5,77,0.0,5.47,0.6946583704589973,0.7193398003386512,13.175,open-meteo,2026-08-10T08:06:50+00:00
2026-04-22 01:00:00+00:00,DE,onshore,9.0,60,0.0,1.77,0.9455185755993168,0.3255681544571567,1.3,84,0.0,5.19,-0.5877852522924734,0.8090169943749473,4.9,74,0.0,5.31,0.9205048534524404,0.3907311284892737,1.9,83,0.0,4.53,0.6293203910498374,0.7771459614569709,13.725,open-meteo,2026-08-10T08:06:50+00:00
2026-04-22 02:00:00+00:00,DE,onshore,9.1,58,0.0,1.1,0.8910065241883679,0.4539904997395468,1.2,79,0.0,6.45,-0.7431448254773946,0.6691306063588578,4.0,78,0.0,4.73,0.9743700647852352,0.2249510543438649,1.2,87,0.0,4.02,0.5591929034707469,0.8290375725550417,14.125,open-meteo,2026-08-10T08:06:50+00:00
2026-04-22 03:00:00+00:00,DE,onshore,8.6,67,0.0,1.19,0.1564344650402308,0.9876883405951378,1.1,76,0.0,6.82,-0.8480480961564262,0.5299192642332047,3.8,78,0.0,4.67,0.838670567945424,0.5446390350150271,-0.1,92,0.0,4.08,0.4999999999999999,0.8660254037844387,14.65,open-meteo,2026-08-10T08:06:50+00:00
2026-04-22 04:00:00+00:00,DE,onshore,8.8,68,0.0,1.02,-0.2923717047227371,0.9563047559630352,1.0,72,0.0,7.94,-0.8191520442889918,0.573576436351046,3.1,81,0.0,4.75,0.9271838545667874,0.3746065934159119,-0.3,90,0.0,4.03,0.4383711467890774,0.898794046299167,14.85,open-meteo,2026-08-10T08:06:50+00:00
2026-04-22 05:00:00+00:00,DE,onshore,8.9,67,20.0,1.4,-0.9063077870366498,0.4226182617406996,1.7,71,43.0,9.32,-0.7660444431189781,0.6427876096865393,2.7,82,13.0,3.76,0.9659258262890684,0.2588190451025207,-0.4,88,32.0,3.35,0.1218693434051474,0.992546151641322,14.775,open-meteo,2026-08-10T08:06:50+00:00
2026-04-22 06:00:00+00:00,DE,onshore,9.1,69,130.0,1.93,-0.9135454576426012,0.4067366430757997,3.8,66,170.0,9.06,-0.7771459614569708,0.6293203910498375,5.1,68,125.0,4.92,0.8191520442889918,0.573576436351046,2.6,76,153.0,4.34,-0.3090169943749477,0.9510565162951536,12.85,open-meteo,2026-08-10T08:06:50+00:00
2026-04-22 07:00:00+00:00,DE,onshore,9.3,64,281.0,2.46,-0.9205048534524404,0.3907311284892735,6.5,62,326.0,6.61,-0.8191520442889918,0.573576436351046,6.4,67,294.0,4.76,0.7986355100472928,0.6018150231520483,5.7,64,313.0,4.12,-0.4694715627858908,0.882947592858927,11.025,open-meteo,2026-08-10T08:06:50+00:00
2026-04-22 08:00:00+00:00,DE,onshore,9.5,66,435.0,3.69,-0.9271838545667874,0.3746065934159119,9.3,56,479.0,5.87,-0.8386705679454243,0.5446390350150266,8.9,62,469.0,5.48,0.8910065241883679,0.4539904997395468,8.5,54,476.0,2.86,-0.8571673007021123,0.5150380749100542,8.95,open-meteo,2026-08-10T08:06:50+00:00
2026-04-22 09:00:00+00:00,DE,onshore,10.0,62,571.0,4.38,-0.8910065241883679,0.4539904997395466,12.1,53,609.0,5.9,-0.7431448254773946,0.6691306063588578,12.2,45,625.0,6.43,0.9902680687415704,0.1391731009600654,11.7,44,614.0,3.74,-0.7313537016191703,0.6819983600624987,6.5,open-meteo,2026-08-10T08:06:50+00:00
2026-04-22 10:00:00+00:00,DE,onshore,9.8,66,681.0,5.74,-0.8910065241883679,0.4539904997395466,14.2,49,707.0,6.95,-0.6427876096865396,0.7660444431189778,13.3,40,748.0,7.45,0.9993908270190958,0.034899496702501,13.5,38,718.0,4.44,-0.6560590289905074,0.7547095802227719,5.300000000000001,open-meteo,2026-08-10T08:06:50+00:00
2026-04-22 11:00:00+00:00,DE,onshore,9.6,78,743.0,5.48,-0.8746197071393956,0.4848096202463373,15.3,41,761.0,8.13,-0.5877852522924734,0.8090169943749473,14.5,36,817.0,7.06,0.9986295347545738,0.0523359562429439,14.6,35,777.0,5.45,-0.6156614753256582,0.7880107536067221,4.5,open-meteo,2026-08-10T08:06:50+00:00
2026-04-22 12:00:00+00:00,DE,onshore,10.0,80,755.0,4.82,-0.6156614753256582,0.7880107536067221,15.9,38,765.0,8.3,-0.5000000000000004,0.8660254037844384,15.2,33,840.0,6.31,0.9945218953682732,0.1045284632676534,15.3,32,784.0,5.43,-0.6293203910498378,0.7771459614569706,3.900000000000002,open-meteo,2026-08-10T08:06:50+00:00
2026-04-22 13:00:00+00:00,DE,onshore,9.9,76,722.0,5.96,-0.5877852522924734,0.8090169943749473,16.4,35,720.0,8.41,-0.4694715627858908,0.882947592858927,15.8,32,806.0,6.56,0.9702957262759964,0.2419218955996676,15.8,33,743.0,5.62,-0.7547095802227722,0.656059028990507,3.525000000000002,open-meteo,2026-08-10T08:06:50+00:00
2026-04-22 14:00:00+00:00,DE,onshore,9.7,77,651.0,7.1,-0.5735764363510465,0.8191520442889916,16.1,34,635.0,9.13,-0.5735764363510465,0.8191520442889916,16.0,29,723.0,6.84,0.9743700647852352,0.2249510543438649,16.3,30,659.0,5.63,-0.6427876096865396,0.7660444431189778,3.4750000000000014,open-meteo,2026-08-10T08:06:50+00:00
2026-04-22 15:00:00+00:00,DE,onshore,9.3,81,541.0,7.58,-0.544639035015027,0.838670567945424,15.8,36,511.0,9.56,-0.6946583704589976,0.7193398003386509,16.3,26,596.0,6.4,0.981627183447664,0.1908089953765449,16.7,29,535.0,4.86,-0.4694715627858908,0.882947592858927,3.474999999999998,open-meteo,2026-08-10T08:06:50+00:00
2026-04-22 16:00:00+00:00,DE,onshore,8.8,84,397.0,7.83,-0.529919264233205,0.8480480961564258,15.0,39,361.0,9.66,-0.7660444431189781,0.6427876096865393,15.9,35,435.0,6.49,0.90630778703665,0.4226182617406994,16.4,31,381.0,5.43,-0.4694715627858908,0.882947592858927,3.975,open-meteo,2026-08-10T08:06:50+00:00
2026-04-22 17:00:00+00:00,DE,onshore,8.5,89,241.0,8.75,-0.529919264233205,0.8480480961564258,13.9,34,202.0,9.89,-0.8290375725550416,0.559192903470747,15.1,31,256.0,6.64,0.9271838545667874,0.3746065934159119,15.5,32,219.0,5.06,-0.7313537016191703,0.6819983600624987,4.75,open-meteo,2026-08-10T08:06:50+00:00
2026-04-22 18:00:00+00:00,DE,onshore,8.0,83,90.0,8.45,-0.5735764363510465,0.8191520442889916,12.4,37,62.0,9.4,-0.8290375725550416,0.559192903470747,13.6,35,90.0,6.17,0.9396926207859084,0.3420201433256688,14.0,38,72.0,5.71,-0.7771459614569708,0.6293203910498375,6.0,open-meteo,2026-08-10T08:06:50+00:00
2026-04-22 19:00:00+00:00,DE,onshore,7.8,90,9.0,8.54,-0.6018150231520483,0.7986355100472928,10.2,44,1.0,10.63,-0.8386705679454243,0.5446390350150266,11.2,46,4.0,6.1,0.9135454576426008,0.4067366430758002,11.1,45,2.0,8.45,-0.7193398003386512,0.6946583704589973,7.925000000000001,open-meteo,2026-08-10T08:06:50+00:00
2026-04-22 20:00:00+00:00,DE,onshore,7.4,87,0.0,8.86,-0.6156614753256582,0.7880107536067221,9.0,48,0.0,11.12,-0.8191520442889918,0.573576436351046,10.3,50,0.0,6.06,0.9702957262759964,0.2419218955996676,9.4,52,0.0,8.54,-0.7547095802227722,0.656059028990507,8.975,open-meteo,2026-08-10T08:06:50+00:00
2026-04-22 21:00:00+00:00,DE,onshore,7.1,90,0.0,9.4,-0.5591929034707466,0.8290375725550418,8.2,49,0.0,10.64,-0.8571673007021123,0.5150380749100542,8.7,56,0.0,5.13,0.9135454576426008,0.4067366430758002,8.4,58,0.0,9.7,-0.7880107536067218,0.6156614753256585,9.9,open-meteo,2026-08-10T08:06:50+00:00
2026-04-22 22:00:00+00:00,DE,onshore,7.1,92,0.0,9.05,-0.5591929034707466,0.8290375725550418,7.6,59,0.0,11.46,-0.8660254037844386,0.5000000000000001,8.2,59,0.0,4.62,0.9563047559630354,0.2923717047227367,7.9,61,0.0,9.43,-0.7431448254773946,0.6691306063588578,10.3,open-meteo,2026-08-10T08:06:50+00:00
2026-04-22 23:00:00+00:00,DE,onshore,6.9,92,0.0,8.86,-0.6156614753256582,0.7880107536067221,7.2,67,0.0,10.96,-0.8480480961564262,0.5299192642332047,6.9,63,0.0,3.34,0.9986295347545738,-0.0523359562429438,7.1,66,0.0,8.82,-0.7547095802227722,0.656059028990507,10.975,open-meteo,2026-08-10T08:06:50+00:00
2026-04-23 00:00:00+00:00,DE,onshore,6.9,91,0.0,9.37,-0.6018150231520483,0.7986355100472928,7.1,65,0.0,10.26,-0.8746197071393956,0.4848096202463373,6.0,63,0.0,2.42,0.9335804264972016,0.3583679495453004,6.6,66,0.0,9.18,-0.7660444431189781,0.6427876096865393,11.35,open-meteo,2026-08-10T08:06:50+00:00
2026-04-23 01:00:00+00:00,DE,onshore,6.9,93,0.0,9.21,-0.7071067811865477,0.7071067811865474,6.4,71,0.0,10.03,-0.8290375725550416,0.559192903470747,4.8,68,0.0,2.57,0.9510565162951536,0.3090169943749474,5.7,66,0.0,9.86,-0.8290375725550416,0.559192903470747,12.05,open-meteo,2026-08-10T08:06:50+00:00
2026-04-23 02:00:00+00:00,DE,onshore,7.0,93,0.0,9.45,-0.7547095802227722,0.656059028990507,5.6,83,0.0,10.19,-0.8386705679454243,0.5446390350150266,3.8,72,0.0,1.81,0.9743700647852352,-0.224951054343865,5.0,62,0.0,10.31,-0.8746197071393956,0.4848096202463373,12.65,open-meteo,2026-08-10T08:06:50+00:00
2026-04-23 03:00:00+00:00,DE,onshore,7.7,79,0.0,10.22,-0.8480480961564262,0.5299192642332047,5.1,94,0.0,9.41,-0.8090169943749476,0.5877852522924729,3.0,73,0.0,2.07,0.9961946980917455,-0.0871557427476582,4.5,58,0.0,9.76,-0.9510565162951536,0.3090169943749472,12.925,open-meteo,2026-08-10T08:06:50+00:00
2026-04-23 04:00:00+00:00,DE,onshore,7.9,82,0.0,10.49,-0.8386705679454243,0.5446390350150266,5.1,93,0.0,9.33,-0.7771459614569708,0.6293203910498375,1.8,80,0.0,1.55,0.9510565162951536,-0.3090169943749473,3.7,64,0.0,9.5,-0.9271838545667874,0.3746065934159119,13.375,open-meteo,2026-08-10T08:06:50+00:00
2026-04-23 05:00:00+00:00,DE,onshore,8.3,85,19.0,10.82,-0.8191520442889918,0.573576436351046,5.1,90,24.0,8.89,-0.7547095802227722,0.656059028990507,2.7,76,14.0,1.41,0.8290375725550417,0.5591929034707468,3.4,75,34.0,9.46,-0.8480480961564262,0.5299192642332047,13.125,open-meteo,2026-08-10T08:06:50+00:00
2026-04-23 06:00:00+00:00,DE,onshore,8.5,87,110.0,11.47,-0.8191520442889918,0.573576436351046,5.7,86,95.0,7.83,-0.8290375725550416,0.559192903470747,3.8,79,127.0,1.14,0.8571673007021123,0.5150380749100542,4.2,81,152.0,8.62,-0.8480480961564262,0.5299192642332047,12.45,open-meteo,2026-08-10T08:06:50+00:00
2026-04-23 07:00:00+00:00,DE,onshore,8.4,87,196.0,11.44,-0.6819983600624984,0.7313537016191707,6.8,82,214.0,8.15,-0.898794046299167,0.4383711467890774,7.1,69,295.0,0.96,0.9135454576426008,0.4067366430758002,5.0,80,271.0,7.12,-0.8480480961564262,0.5299192642332047,11.175,open-meteo,2026-08-10T08:06:50+00:00
2026-04-23 08:00:00+00:00,DE,onshore,8.5,87,278.0,10.68,-0.6691306063588581,0.7431448254773944,8.2,75,364.0,8.81,-0.8910065241883679,0.4539904997395466,10.6,58,472.0,0.66,0.8910065241883679,-0.4539904997395467,6.8,72,405.0,6.88,-0.8386705679454243,0.5446390350150266,9.475,open-meteo,2026-08-10T08:06:50+00:00
2026-04-23 09:00:00+00:00,DE,onshore,8.9,86,284.0,11.03,-0.7431448254773946,0.6691306063588578,9.4,71,470.0,8.19,-0.898794046299167,0.4383711467890774,13.8,40,630.0,1.57,1.0,6.123233995736766e-17,8.6,68,545.0,6.21,-0.7880107536067218,0.6156614753256585,7.824999999999999,open-meteo,2026-08-10T08:06:50+00:00
2026-04-23 10:00:00+00:00,DE,onshore,8.9,85,287.0,10.61,-0.7431448254773946,0.6691306063588578,11.0,65,610.0,7.6,-0.8660254037844386,0.5000000000000001,15.7,26,752.0,1.55,0.9510565162951536,0.3090169943749474,10.6,60,638.0,6.52,-0.7313537016191703,0.6819983600624987,6.450000000000001,open-meteo,2026-08-10T08:06:50+00:00
2026-04-23 11:00:00+00:00,DE,onshore,9.3,83,403.0,10.69,-0.6560590289905074,0.7547095802227719,12.5,59,674.0,7.83,-0.8480480961564262,0.5299192642332047,17.1,24,828.0,1.23,0.484809620246337,0.8746197071393957,12.2,56,713.0,6.74,-0.7547095802227722,0.656059028990507,5.224999999999998,open-meteo,2026-08-10T08:06:50+00:00
2026-04-23 12:00:00+00:00,DE,onshore,9.1,83,435.0,10.51,-0.6293203910498378,0.7771459614569706,13.3,60,747.0,7.68,-0.8660254037844386,0.5000000000000001,18.0,22,851.0,1.82,0.5877852522924731,0.8090169943749475,13.6,54,752.0,6.67,-0.7660444431189781,0.6427876096865393,4.5,open-meteo,2026-08-10T08:06:50+00:00
2026-04-23 13:00:00+00:00,DE,onshore,9.1,85,438.0,10.33,-0.6819983600624984,0.7313537016191707,14.2,55,691.0,8.24,-0.8191520442889918,0.573576436351046,18.6,26,816.0,1.39,0.1391731009600654,0.9902680687415704,14.8,51,698.0,6.74,-0.7547095802227722,0.656059028990507,3.8249999999999993,open-meteo,2026-08-10T08:06:50+00:00
2026-04-23 14:00:00+00:00,DE,onshore,9.1,83,433.0,11.74,-0.6560590289905074,0.7547095802227719,14.6,54,602.0,8.46,-0.7431448254773946,0.6691306063588578,19.3,27,725.0,1.46,-0.3420201433256686,0.9396926207859084,15.7,51,618.0,6.9,-0.8191520442889918,0.573576436351046,3.325,open-meteo,2026-08-10T08:06:50+00:00
2026-04-23 15:00:00+00:00,DE,onshore,9.2,81,415.0,12.23,-0.6156614753256582,0.7880107536067221,14.9,52,488.0,8.04,-0.7313537016191703,0.6819983600624987,19.3,27,597.0,2.08,-0.6560590289905074,0.7547095802227719,16.7,48,520.0,6.64,-0.7986355100472932,0.6018150231520479,2.974999999999998,open-meteo,2026-08-10T08:06:50+00:00
2026-04-23 16:00:00+00:00,DE,onshore,8.9,85,262.0,12.5,-0.6560590289905074,0.7547095802227719,14.5,50,352.0,8.67,-0.7431448254773946,0.6691306063588578,18.9,31,435.0,2.75,-0.5735764363510465,0.8191520442889916,16.6,49,374.0,7.2,-0.8290375725550416,0.559192903470747,3.2750000000000004,open-meteo,2026-08-10T08:06:50+00:00
2026-04-23 17:00:00+00:00,DE,onshore,8.6,84,177.0,12.42,-0.6691306063588581,0.7431448254773944,13.8,51,198.0,8.46,-0.7986355100472932,0.6018150231520479,17.9,34,257.0,3.95,-0.7193398003386512,0.6946583704589973,16.0,51,214.0,7.56,-0.7986355100472932,0.6018150231520479,3.9250000000000007,open-meteo,2026-08-10T08:06:50+00:00
2026-04-23 18:00:00+00:00,DE,onshore,8.5,86,81.0,13.16,-0.6946583704589976,0.7193398003386509,12.7,56,62.0,8.16,-0.7771459614569708,0.6293203910498375,16.0,37,92.0,4.39,-0.8746197071393956,0.4848096202463373,14.4,56,71.0,7.24,-0.7660444431189781,0.6427876096865393,5.1,open-meteo,2026-08-10T08:06:50+00:00
2026-04-23 19:00:00+00:00,DE,onshore,8.3,86,8.0,12.86,-0.6427876096865396,0.7660444431189778,10.8,71,1.0,9.27,-0.8090169943749476,0.5877852522924729,12.3,46,4.0,5.06,-0.7313537016191703,0.6819983600624987,11.8,71,2.0,8.26,-0.7431448254773946,0.6691306063588578,7.199999999999999,open-meteo,2026-08-10T08:06:50+00:00
2026-04-23 20:00:00+00:00,DE,onshore,8.1,86,0.0,12.28,-0.6691306063588581,0.7431448254773944,9.7,78,0.0,8.67,-0.8480480961564262,0.5299192642332047,9.5,53,0.0,3.51,-0.8090169943749476,0.5877852522924729,10.3,78,0.0,9.09,-0.8660254037844386,0.5000000000000001,8.600000000000001,open-meteo,2026-08-10T08:06:50+00:00
2026-04-23 21:00:00+00:00,DE,onshore,8.1,86,0.0,12.27,-0.6819983600624984,0.7313537016191707,9.0,82,0.0,8.64,-0.9063077870366498,0.4226182617406996,7.8,59,0.0,2.86,-0.9271838545667874,0.3746065934159119,9.6,75,0.0,10.09,-0.8746197071393956,0.4848096202463373,9.375,open-meteo,2026-08-10T08:06:50+00:00
2026-04-23 22:00:00+00:00,DE,onshore,8.2,85,0.0,11.85,-0.7071067811865477,0.7071067811865474,8.5,88,0.0,9.44,-0.984807753012208,0.1736481776669299,7.2,59,0.0,5.34,-0.7313537016191703,0.6819983600624987,8.3,80,0.0,9.43,-0.9135454576426012,0.4067366430757997,9.95,open-meteo,2026-08-10T08:06:50+00:00
2026-04-23 23:00:00+00:00,DE,onshore,8.2,85,0.0,12.96,-0.7313537016191703,0.6819983600624987,7.9,92,0.0,9.55,-0.984807753012208,0.1736481776669299,6.0,68,0.0,4.21,-0.2079116908177598,0.9781476007338056,7.0,83,0.0,8.55,-0.9063077870366498,0.4226182617406996,10.725,open-meteo,2026-08-10T08:06:50+00:00
2026-04-24 00:00:00+00:00,DE,onshore,8.4,84,0.0,13.37,-0.6293203910498378,0.7771459614569706,7.4,90,0.0,9.99,-0.981627183447664,0.1908089953765451,4.1,76,0.0,2.55,-0.0697564737441256,0.9975640502598242,6.1,83,0.0,8.64,-0.9063077870366498,0.4226182617406996,11.5,open-meteo,2026-08-10T08:06:50+00:00
2026-04-24 01:00:00+00:00,DE,onshore,8.3,85,0.0,13.72,-0.6018150231520483,0.7986355100472928,6.8,87,0.0,9.29,-0.9063077870366498,0.4226182617406996,3.2,78,0.0,1.08,-0.0871557427476583,0.9961946980917455,5.6,85,0.0,8.63,-0.8829475928589271,0.4694715627858904,12.025,open-meteo,2026-08-10T08:06:50+00:00
2026-04-24 02:00:00+00:00,DE,onshore,8.2,86,0.0,13.45,-0.5735764363510465,0.8191520442889916,6.1,89,0.0,9.3,-0.9135454576426012,0.4067366430757997,2.7,78,0.0,0.84,-0.5877852522924734,0.8090169943749473,5.5,84,0.0,8.81,-0.8480480961564262,0.5299192642332047,12.375,open-meteo,2026-08-10T08:06:50+00:00
2026-04-24 03:00:00+00:00,DE,onshore,8.2,88,0.0,12.72,-0.5591929034707466,0.8290375725550418,5.9,90,0.0,9.39,-0.9396926207859084,0.342020143325669,2.0,82,0.0,0.79,-0.8660254037844386,0.5000000000000001,6.2,83,0.0,8.35,-0.8090169943749476,0.5877852522924729,12.425,open-meteo,2026-08-10T08:06:50+00:00
2026-04-24 04:00:00+00:00,DE,onshore,8.0,89,0.0,11.96,-0.529919264233205,0.8480480961564258,6.0,90,0.0,9.01,-0.9271838545667874,0.3746065934159119,1.4,83,0.0,0.75,-0.9205048534524404,0.3907311284892735,6.4,84,0.0,6.94,-0.945518575599317,0.3255681544571563,12.55,open-meteo,2026-08-10T08:06:50+00:00
2026-04-24 05:00:00+00:00,DE,onshore,8.0,86,11.0,11.69,-0.544639035015027,0.838670567945424,6.3,89,29.0,8.34,-0.9135454576426012,0.4067366430757997,1.7,81,16.0,1.2,-0.8191520442889918,0.573576436351046,6.9,83,12.0,7.34,-0.9743700647852352,0.2249510543438649,12.275,open-meteo,2026-08-10T08:06:50+00:00
2026-04-24 06:00:00+00:00,DE,onshore,8.2,84,73.0,11.88,-0.5735764363510465,0.8191520442889916,7.0,87,97.0,7.67,-0.9063077870366498,0.4226182617406996,4.2,78,127.0,1.2,-0.8191520442889918,0.573576436351046,7.6,81,48.0,5.75,-0.9702957262759966,0.2419218955996674,11.25,open-meteo,2026-08-10T08:06:50+00:00
2026-04-24 07:00:00+00:00,DE,onshore,8.1,85,148.0,11.9,-0.6293203910498378,0.7771459614569706,7.6,83,165.0,7.01,-0.9396926207859084,0.342020143325669,7.5,73,296.0,0.57,-0.5150380749100545,0.8571673007021121,8.4,78,124.0,6.26,-0.9396926207859084,0.342020143325669,10.1,open-meteo,2026-08-10T08:06:50+00:00
2026-04-24 08:00:00+00:00,DE,onshore,8.0,84,189.0,12.06,-0.6293203910498378,0.7771459614569706,8.7,78,297.0,6.04,-0.9743700647852352,0.2249510543438649,11.5,56,476.0,0.71,-0.275637355816999,-0.9612616959383188,9.3,73,222.0,6.94,-0.8571673007021123,0.5150380749100542,8.625,open-meteo,2026-08-10T08:06:50+00:00
2026-04-24 09:00:00+00:00,DE,onshore,8.2,87,193.0,11.57,-0.7071067811865477,0.7071067811865474,9.0,76,464.0,6.06,-0.9876883405951378,0.1564344650402306,14.6,40,633.0,1.04,-0.656059028990507,-0.7547095802227721,10.1,71,337.0,7.11,-0.9205048534524404,0.3907311284892735,7.525,open-meteo,2026-08-10T08:06:50+00:00
2026-04-24 10:00:00+00:00,DE,onshore,8.3,87,266.0,11.66,-0.7431448254773946,0.6691306063588578,10.8,68,555.0,5.51,-0.9961946980917455,0.0871557427476578,16.6,40,753.0,1.58,-0.8660254037844384,-0.5000000000000004,11.0,67,444.0,6.45,-0.9563047559630354,0.2923717047227367,6.324999999999999,open-meteo,2026-08-10T08:06:50+00:00
2026-04-24 11:00:00+00:00,DE,onshore,8.2,87,348.0,12.33,-0.7193398003386512,0.6946583704589973,13.1,60,707.0,5.72,-0.992546151641322,0.1218693434051476,18.2,29,824.0,3.07,-0.9563047559630354,0.2923717047227367,12.5,62,607.0,5.82,-0.9743700647852352,0.2249510543438649,5.0,open-meteo,2026-08-10T08:06:50+00:00
2026-04-24 12:00:00+00:00,DE,onshore,8.2,90,332.0,12.06,-0.6946583704589976,0.7193398003386509,14.2,60,753.0,6.11,-0.9945218953682734,0.1045284632676529,19.1,27,852.0,2.89,-0.8829475928589271,0.4694715627858904,13.8,58,677.0,5.92,-0.992546151641322,0.1218693434051476,4.175000000000001,open-meteo,2026-08-10T08:06:50+00:00
2026-04-24 13:00:00+00:00,DE,onshore,8.3,89,263.0,11.85,-0.7071067811865477,0.7071067811865474,15.4,56,703.0,6.57,-0.9563047559630354,0.2923717047227367,19.7,22,818.0,3.59,-0.8191520442889918,0.573576436351046,14.6,57,713.0,6.8,-0.9659258262890684,0.2588190451025203,3.4999999999999982,open-meteo,2026-08-10T08:06:50+00:00
2026-04-24 14:00:00+00:00,DE,onshore,8.4,86,247.0,11.33,-0.6427876096865396,0.7660444431189778,15.9,58,591.0,7.16,-0.9563047559630354,0.2923717047227367,19.9,19,736.0,3.74,-0.7071067811865477,0.7071067811865474,14.6,57,627.0,7.45,-0.9063077870366498,0.4226182617406996,3.299999999999999,open-meteo,2026-08-10T08:06:50+00:00
2026-04-24 15:00:00+00:00,DE,onshore,8.2,88,235.0,11.15,-0.7071067811865477,0.7071067811865474,15.9,58,342.0,7.86,-0.8571673007021123,0.5150380749100542,20.1,18,612.0,3.15,-0.8090169943749476,0.5877852522924729,14.3,59,463.0,7.86,-0.8571673007021123,0.5150380749100542,3.375,open-meteo,2026-08-10T08:06:50+00:00
2026-04-24 16:00:00+00:00,DE,onshore,8.2,87,139.0,11.24,-0.6691306063588581,0.7431448254773944,14.9,59,295.0,8.72,-0.898794046299167,0.4383711467890774,19.5,22,445.0,3.49,-0.7880107536067218,0.6156614753256585,12.7,63,299.0,8.29,-0.8746197071393956,0.4848096202463373,4.175000000000001,open-meteo,2026-08-10T08:06:50+00:00
2026-04-24 17:00:00+00:00,DE,onshore,7.8,89,87.0,11.36,-0.7193398003386512,0.6946583704589973,13.8,62,195.0,8.7,-0.9205048534524404,0.3907311284892735,18.6,26,264.0,3.72,-0.8191520442889918,0.573576436351046,11.7,63,140.0,7.45,-0.8829475928589271,0.4694715627858904,5.024999999999999,open-meteo,2026-08-10T08:06:50+00:00
2026-04-24 18:00:00+00:00,DE,onshore,7.9,85,39.0,10.48,-0.7431448254773946,0.6691306063588578,12.8,68,63.0,8.64,-0.9063077870366498,0.4226182617406996,16.6,35,96.0,3.68,-0.7431448254773946,0.6691306063588578,10.6,67,54.0,7.68,-0.8660254037844386,0.5000000000000001,6.024999999999999,open-meteo,2026-08-10T08:06:50+00:00
2026-04-24 19:00:00+00:00,DE,onshore,7.7,86,4.0,10.33,-0.7313537016191703,0.6819983600624987,11.2,74,2.0,8.56,-0.9135454576426012,0.4067366430757997,11.9,51,5.0,3.26,-0.7547095802227722,0.656059028990507,9.6,72,2.0,7.06,-0.8746197071393956,0.4848096202463373,7.9,open-meteo,2026-08-10T08:06:50+00:00
2026-04-24 20:00:00+00:00,DE,onshore,7.9,87,0.0,10.67,-0.7071067811865477,0.7071067811865474,10.1,80,0.0,9.12,-0.9993908270190958,0.0348994967025012,10.0,56,0.0,3.64,-0.4539904997395469,0.8910065241883678,8.5,77,0.0,6.44,-0.8386705679454243,0.5446390350150266,8.875,open-meteo,2026-08-10T08:06:50+00:00
2026-04-24 21:00:00+00:00,DE,onshore,7.6,86,0.0,10.88,-0.7880107536067218,0.6156614753256585,9.2,83,0.0,9.44,-0.9961946980917455,0.0871557427476578,8.5,68,0.0,1.15,-0.3420201433256686,0.9396926207859084,8.1,81,0.0,6.88,-0.898794046299167,0.4383711467890774,9.65,open-meteo,2026-08-10T08:06:50+00:00
2026-04-24 22:00:00+00:00,DE,onshore,7.6,85,0.0,11.05,-0.7986355100472932,0.6018150231520479,8.2,86,0.0,9.61,-0.9993908270190958,0.0348994967025012,8.0,66,0.0,1.67,-0.9986295347545738,0.0523359562429439,7.8,80,0.0,7.36,-0.8910065241883679,0.4539904997395466,10.1,open-meteo,2026-08-10T08:06:50+00:00
2026-04-24 23:00:00+00:00,DE,onshore,7.6,85,0.0,11.32,-0.7547095802227722,0.656059028990507,7.6,87,0.0,9.27,-0.9743700647852352,0.2249510543438649,6.3,75,0.0,2.07,-0.9961946980917455,0.0871557427476578,7.3,81,0.0,7.39,-0.9271838545667874,0.3746065934159119,10.8,open-meteo,2026-08-10T08:06:50+00:00
2026-04-25 00:00:00+00:00,DE,onshore,7.6,83,0.0,11.11,-0.7547095802227722,0.656059028990507,7.2,85,0.0,9.86,-0.984807753012208,0.1736481776669299,4.8,86,0.0,1.86,-1.0,-1.8369701987210287e-16,7.0,82,0.0,8.06,-0.8910065241883679,0.4539904997395466,11.35,open-meteo,2026-08-10T08:06:50+00:00
2026-04-25 01:00:00+00:00,DE,onshore,7.4,85,0.0,11.13,-0.7660444431189781,0.6427876096865393,6.9,80,0.0,9.9,-0.981627183447664,0.1908089953765451,4.3,87,0.0,2.11,-0.9271838545667874,0.3746065934159119,6.3,80,0.0,8.16,-0.9135454576426012,0.4067366430757997,11.775,open-meteo,2026-08-10T08:06:50+00:00
2026-04-25 02:00:00+00:00,DE,onshore,7.5,83,0.0,11.52,-0.7431448254773946,0.6691306063588578,6.2,82,0.0,10.07,-0.992546151641322,0.1218693434051476,3.3,92,0.0,1.5,-0.8480480961564262,0.5299192642332047,5.9,82,0.0,7.91,-0.9659258262890684,0.2588190451025203,12.275,open-meteo,2026-08-10T08:06:50+00:00
2026-04-25 03:00:00+00:00,DE,onshore,7.5,82,0.0,11.17,-0.7880107536067218,0.6156614753256585,5.7,82,0.0,10.29,-0.9998476951563912,0.0174524064372831,2.6,91,0.0,0.49,-0.6018150231520483,0.7986355100472928,5.8,81,0.0,7.84,-0.9743700647852352,0.2249510543438649,12.6,open-meteo,2026-08-10T08:06:50+00:00
2026-04-25 04:00:00+00:00,DE,onshore,7.6,82,0.0,11.06,-0.7660444431189781,0.6427876096865393,5.4,82,0.0,10.88,-0.9993908270190958,0.0348994967025012,1.9,92,0.0,0.28,-0.7071067811865475,-0.7071067811865477,5.7,82,0.0,8.2,-0.9781476007338056,0.2079116908177594,12.85,open-meteo,2026-08-10T08:06:50+00:00
2026-04-25 05:00:00+00:00,DE,onshore,7.6,81,14.0,10.76,-0.8191520442889918,0.573576436351046,5.6,81,28.0,12.1,-0.9961946980917455,0.0871557427476578,3.2,87,17.0,0.63,-0.6293203910498376,-0.7771459614569708,5.8,81,20.0,8.59,-0.981627183447664,0.1908089953765451,12.45,open-meteo,2026-08-10T08:06:50+00:00
2026-04-25 06:00:00+00:00,DE,onshore,7.3,81,62.0,11.27,-0.7986355100472932,0.6018150231520479,6.1,78,115.0,12.61,-0.9876883405951378,0.1564344650402306,6.8,77,130.0,0.78,-1.0,-1.8369701987210287e-16,6.4,77,93.0,9.7,-0.9612616959383188,0.2756373558169994,11.35,open-meteo,2026-08-10T08:06:50+00:00
2026-04-25 07:00:00+00:00,DE,onshore,7.4,80,123.0,11.14,-0.8290375725550416,0.559192903470747,7.1,75,229.0,12.8,-0.981627183447664,0.1908089953765451,9.4,68,300.0,0.28,-0.7071067811865477,0.7071067811865474,7.4,74,209.0,9.3,-0.9396926207859084,0.342020143325669,10.175,open-meteo,2026-08-10T08:06:50+00:00
2026-04-25 08:00:00+00:00,DE,onshore,7.7,82,182.0,10.31,-0.8090169943749476,0.5877852522924729,8.1,71,303.0,12.26,-0.9743700647852352,0.2249510543438649,12.9,56,475.0,0.22,0.8910065241883679,0.4539904997395468,8.6,68,345.0,8.44,-0.9271838545667874,0.3746065934159119,8.674999999999999,open-meteo,2026-08-10T08:06:50+00:00
2026-04-25 09:00:00+00:00,DE,onshore,7.7,82,222.0,10.87,-0.8480480961564262,0.5299192642332047,9.7,64,404.0,12.06,-0.9563047559630354,0.2923717047227367,16.1,50,631.0,0.62,0.9510565162951536,-0.3090169943749473,10.6,60,482.0,7.91,-0.9659258262890684,0.2588190451025203,6.975,open-meteo,2026-08-10T08:06:50+00:00
2026-04-25 10:00:00+00:00,DE,onshore,7.4,80,340.0,10.88,-0.9205048534524404,0.3907311284892735,10.8,61,528.0,11.51,-0.9612616959383188,0.2756373558169994,18.0,47,752.0,0.31,0.3090169943749475,-0.9510565162951536,12.0,55,658.0,8.39,-0.9702957262759966,0.2419218955996674,5.949999999999999,open-meteo,2026-08-10T08:06:50+00:00
2026-04-25 11:00:00+00:00,DE,onshore,7.6,80,421.0,10.27,-0.9135454576426012,0.4067366430757997,11.7,58,592.0,11.53,-0.9510565162951536,0.3090169943749472,19.5,37,819.0,2.57,-0.6427876096865396,0.7660444431189778,13.3,51,727.0,8.33,-0.9876883405951378,0.1564344650402306,4.975000000000001,open-meteo,2026-08-10T08:06:50+00:00
2026-04-25 12:00:00+00:00,DE,onshore,7.7,84,461.0,12.12,-0.8660254037844386,0.5000000000000001,13.4,55,644.0,10.82,-0.9781476007338056,0.2079116908177594,20.0,33,835.0,2.3,-0.6427876096865396,0.7660444431189778,14.5,50,742.0,8.9,-0.981627183447664,0.1908089953765451,4.1,open-meteo,2026-08-10T08:06:50+00:00
2026-04-25 13:00:00+00:00,DE,onshore,7.8,84,270.0,13.91,-0.8660254037844386,0.5000000000000001,13.8,55,625.0,12.21,-0.945518575599317,0.3255681544571563,20.5,34,763.0,2.85,-0.6560590289905074,0.7547095802227719,15.2,48,697.0,9.01,-0.9781476007338056,0.2079116908177594,3.6750000000000007,open-meteo,2026-08-10T08:06:50+00:00
2026-04-25 14:00:00+00:00,DE,onshore,7.9,75,370.0,13.07,-0.8746197071393956,0.4848096202463373,13.5,54,464.0,11.77,-0.9510565162951536,0.3090169943749472,20.8,29,728.0,3.4,-0.7547095802227722,0.656059028990507,15.4,48,625.0,10.48,-0.9612616959383188,0.2756373558169994,3.6,open-meteo,2026-08-10T08:06:50+00:00
2026-04-25 15:00:00+00:00,DE,onshore,8.4,78,398.0,13.97,-0.8290375725550416,0.559192903470747,12.7,57,305.0,12.45,-0.8829475928589271,0.4694715627858904,21.0,26,600.0,3.82,-0.7431448254773946,0.6691306063588578,15.9,45,516.0,10.24,-0.9271838545667874,0.3746065934159119,3.5,open-meteo,2026-08-10T08:06:50+00:00
2026-04-25 16:00:00+00:00,DE,onshore,8.5,78,232.0,13.95,-0.8480480961564262,0.5299192642332047,10.9,60,240.0,15.16,-0.8829475928589271,0.4694715627858904,20.4,24,446.0,4.52,-0.7547095802227722,0.656059028990507,15.4,47,377.0,10.78,-0.9063077870366498,0.4226182617406996,4.200000000000001,open-meteo,2026-08-10T08:06:50+00:00
2026-04-25 17:00:00+00:00,DE,onshore,8.5,80,88.0,15.77,-0.5877852522924734,0.8090169943749473,9.6,60,104.0,15.85,-0.9335804264972016,0.3583679495453004,19.5,21,273.0,4.06,-0.6018150231520483,0.7986355100472928,14.2,49,218.0,10.32,-0.8660254037844386,0.5000000000000001,5.050000000000001,open-meteo,2026-08-10T08:06:50+00:00
2026-04-25 18:00:00+00:00,DE,onshore,8.1,71,64.0,13.44,-0.6946583704589976,0.7193398003386509,8.8,62,28.0,13.39,-0.9335804264972016,0.3583679495453004,17.3,27,101.0,3.61,-0.544639035015027,0.838670567945424,13.0,53,77.0,12.06,-0.6946583704589976,0.7193398003386509,6.199999999999999,open-meteo,2026-08-10T08:06:50+00:00
2026-04-25 19:00:00+00:00,DE,onshore,8.1,78,6.0,13.26,-0.6560590289905074,0.7547095802227719,8.4,65,1.0,13.02,-0.9135454576426012,0.4067366430757997,12.3,46,6.0,2.92,-0.2419218955996678,0.9702957262759964,10.1,61,3.0,10.82,-0.6819983600624984,0.7313537016191707,8.275,open-meteo,2026-08-10T08:06:50+00:00
2026-04-25 20:00:00+00:00,DE,onshore,8.0,77,0.0,12.93,-0.5591929034707466,0.8290375725550418,7.7,64,0.0,14.04,-0.9135454576426012,0.4067366430757997,11.0,45,0.0,3.16,-0.5000000000000004,0.8660254037844384,8.6,64,0.0,10.52,-0.8910065241883679,0.4539904997395466,9.175,open-meteo,2026-08-10T08:06:50+00:00
2026-04-25 21:00:00+00:00,DE,onshore,8.1,66,0.0,12.01,-0.4694715627858908,0.882947592858927,6.9,68,0.0,13.85,-0.8910065241883679,0.4539904997395466,9.4,58,0.0,3.43,-0.6018150231520483,0.7986355100472928,8.3,65,0.0,9.78,-0.8191520442889918,0.573576436351046,9.825,open-meteo,2026-08-10T08:06:50+00:00
2026-04-25 22:00:00+00:00,DE,onshore,7.8,71,0.0,11.99,-0.3907311284892739,0.9205048534524404,6.6,70,0.0,13.11,-0.8746197071393956,0.4848096202463373,9.4,49,0.0,5.43,-0.4694715627858908,0.882947592858927,7.9,64,0.0,10.39,-0.7193398003386512,0.6946583704589973,10.075,open-meteo,2026-08-10T08:06:50+00:00
2026-04-25 23:00:00+00:00,DE,onshore,7.6,72,0.0,10.27,-0.4067366430758001,0.9135454576426008,6.1,74,0.0,11.99,-0.8090169943749476,0.5877852522924729,6.9,60,0.0,3.07,-0.2923717047227371,0.9563047559630352,7.1,62,0.0,9.81,-0.7660444431189781,0.6427876096865393,11.075,open-meteo,2026-08-10T08:06:50+00:00
2026-04-26 00:00:00+00:00,DE,onshore,7.5,73,0.0,9.11,-0.4539904997395469,0.8910065241883678,5.3,80,0.0,10.88,-0.8746197071393956,0.4848096202463373,5.5,65,0.0,2.39,-0.5735764363510465,0.8191520442889916,6.1,67,0.0,8.73,-0.7313537016191703,0.6819983600624987,11.9,open-meteo,2026-08-10T08:06:50+00:00
2026-04-26 01:00:00+00:00,DE,onshore,7.4,79,0.0,9.38,-0.4226182617406992,0.90630778703665,4.7,84,0.0,10.01,-0.7986355100472932,0.6018150231520479,5.2,63,0.0,3.17,-0.1564344650402311,0.9876883405951375,5.2,74,0.0,8.96,-0.8660254037844386,0.5000000000000001,12.375,open-meteo,2026-08-10T08:06:50+00:00
2026-04-26 02:00:00+00:00,DE,onshore,7.4,79,0.0,8.25,-0.4067366430758001,0.9135454576426008,4.1,86,0.0,9.08,-0.6946583704589976,0.7193398003386509,3.8,72,0.0,1.49,-0.3907311284892739,0.9205048534524404,4.5,79,0.0,8.45,-0.8191520442889918,0.573576436351046,13.05,open-meteo,2026-08-10T08:06:50+00:00
2026-04-26 03:00:00+00:00,DE,onshore,7.2,82,0.0,7.34,-0.3255681544571567,0.9455185755993168,3.5,87,0.0,9.53,-0.6427876096865396,0.7660444431189778,2.7,78,0.0,0.96,-0.9135454576426012,0.4067366430757997,3.8,83,0.0,8.86,-0.8191520442889918,0.573576436351046,13.7,open-meteo,2026-08-10T08:06:50+00:00
2026-04-26 04:00:00+00:00,DE,onshore,7.4,81,0.0,6.48,-0.0523359562429443,0.9986295347545738,2.9,88,1.0,8.9,-0.5877852522924734,0.8090169943749473,2.4,75,0.0,0.5,-0.1908089953765446,0.981627183447664,3.1,86,0.0,8.04,-0.6946583704589976,0.7193398003386509,14.05,open-meteo,2026-08-10T08:06:50+00:00
2026-04-26 05:00:00+00:00,DE,onshore,7.3,82,27.0,4.98,0.1736481776669303,0.984807753012208,3.4,86,60.0,8.17,-0.5000000000000004,0.8660254037844384,2.3,76,20.0,0.49,0.6018150231520483,0.7986355100472928,3.2,86,45.0,6.86,-0.6018150231520483,0.7986355100472928,13.95,open-meteo,2026-08-10T08:06:50+00:00
2026-04-26 06:00:00+00:00,DE,onshore,7.2,82,134.0,2.95,0.1045284632676534,0.9945218953682732,5.1,82,198.0,5.45,-0.6156614753256582,0.7880107536067221,4.0,75,134.0,0.84,0.5877852522924732,-0.8090169943749473,5.0,77,175.0,4.21,-0.5877852522924734,0.8090169943749473,12.675,open-meteo,2026-08-10T08:06:50+00:00
2026-04-26 07:00:00+00:00,DE,onshore,7.2,83,278.0,2.21,-0.2249510543438653,0.9743700647852352,7.0,55,362.0,5.31,-0.3907311284892739,0.9205048534524404,9.3,56,298.0,1.0,0.981627183447664,0.1908089953765449,6.9,69,336.0,2.81,-0.4848096202463369,0.8746197071393959,10.4,open-meteo,2026-08-10T08:06:50+00:00
2026-04-26 08:00:00+00:00,DE,onshore,7.3,84,417.0,1.55,-0.5735764363510465,0.8191520442889916,8.5,35,519.0,6.8,-0.2588190451025207,0.9659258262890684,12.3,49,408.0,1.43,0.9612616959383188,-0.275637355816999,8.9,62,496.0,2.79,-0.3090169943749477,0.9510565162951536,8.75,open-meteo,2026-08-10T08:06:50+00:00
2026-04-26 09:00:00+00:00,DE,onshore,7.7,81,542.0,1.81,-0.9743700647852352,0.2249510543438649,9.2,32,651.0,6.71,-0.2079116908177598,0.9781476007338056,14.6,39,557.0,1.19,0.9876883405951378,-0.1564344650402308,10.7,51,632.0,2.23,-0.2588190451025207,0.9659258262890684,7.449999999999999,open-meteo,2026-08-10T08:06:50+00:00
2026-04-26 10:00:00+00:00,DE,onshore,7.9,78,665.0,1.98,-0.9876883405951378,0.1564344650402306,10.0,32,745.0,5.75,-0.2419218955996678,0.9702957262759964,15.9,38,644.0,1.19,0.9876883405951378,0.1564344650402309,12.0,39,736.0,3.04,-0.3583679495453007,0.9335804264972016,6.550000000000001,open-meteo,2026-08-10T08:06:50+00:00
2026-04-26 11:00:00+00:00,DE,onshore,8.0,78,716.0,2.86,-0.9271838545667874,0.3746065934159119,10.7,32,793.0,4.56,-0.2588190451025207,0.9659258262890684,17.3,36,719.0,2.04,0.8191520442889918,0.573576436351046,12.9,36,793.0,2.95,-0.2588190451025207,0.9659258262890684,5.775,open-meteo,2026-08-10T08:06:50+00:00
2026-04-26 12:00:00+00:00,DE,onshore,8.1,76,711.0,4.19,-0.8386705679454243,0.5446390350150266,11.2,35,791.0,3.46,-0.4226182617406992,0.90630778703665,18.1,30,812.0,2.46,0.484809620246337,0.8746197071393957,13.4,36,793.0,2.2,-0.3583679495453007,0.9335804264972016,5.300000000000001,open-meteo,2026-08-10T08:06:50+00:00
2026-04-26 13:00:00+00:00,DE,onshore,8.0,78,701.0,4.61,-0.7880107536067218,0.6156614753256585,11.8,34,721.0,4.19,-0.6018150231520483,0.7986355100472928,18.3,29,610.0,2.26,0.5591929034707469,0.8290375725550417,13.8,30,748.0,3.25,0.0871557427476581,0.9961946980917455,5.024999999999999,open-meteo,2026-08-10T08:06:50+00:00
2026-04-26 14:00:00+00:00,DE,onshore,7.9,79,653.0,5.57,-0.7771459614569708,0.6293203910498375,11.4,29,650.0,3.84,-0.3255681544571567,0.9455185755993168,19.3,30,658.0,2.89,0.4694715627858908,0.882947592858927,13.9,28,676.0,2.35,-0.0348994967025008,0.9993908270190958,4.875,open-meteo,2026-08-10T08:06:50+00:00
2026-04-26 15:00:00+00:00,DE,onshore,8.2,77,548.0,6.39,-0.7547095802227722,0.656059028990507,11.5,26,527.0,5.0,-0.5735764363510465,0.8191520442889916,19.4,30,570.0,3.46,0.4226182617406994,0.90630778703665,14.0,29,542.0,3.14,-0.2419218955996678,0.9702957262759964,4.725000000000001,open-meteo,2026-08-10T08:06:50+00:00
2026-04-26 16:00:00+00:00,DE,onshore,7.9,76,378.0,6.45,-0.5877852522924734,0.8090169943749473,10.7,26,334.0,4.72,-0.6691306063588581,0.7431448254773944,18.7,33,417.0,3.48,0.5299192642332049,0.848048096156426,13.4,32,386.0,2.95,-0.2588190451025207,0.9659258262890684,5.325000000000001,open-meteo,2026-08-10T08:06:50+00:00
2026-04-26 17:00:00+00:00,DE,onshore,7.9,75,253.0,6.14,-0.4848096202463369,0.8746197071393959,10.3,34,181.0,4.17,-0.5000000000000004,0.8660254037844384,17.8,39,251.0,3.35,0.6156614753256583,0.7880107536067219,12.9,34,192.0,1.15,0.3420201433256687,0.9396926207859084,5.775,open-meteo,2026-08-10T08:06:50+00:00
2026-04-26 18:00:00+00:00,DE,onshore,7.8,74,100.0,6.26,-0.3420201433256686,0.9396926207859084,9.3,39,62.0,3.72,0.0348994967025009,0.9993908270190958,16.4,45,98.0,2.98,0.7193398003386511,0.6946583704589973,12.1,41,60.0,1.8,0.9271838545667874,0.3746065934159119,6.6,open-meteo,2026-08-10T08:06:50+00:00
2026-04-26 19:00:00+00:00,DE,onshore,7.7,71,14.0,5.66,-0.2419218955996678,0.9702957262759964,7.3,48,3.0,2.65,0.0697564737441253,0.9975640502598242,12.7,53,6.0,4.02,0.8290375725550417,0.5591929034707468,10.2,50,4.0,2.39,0.8191520442889918,0.573576436351046,8.525,open-meteo,2026-08-10T08:06:50+00:00
2026-04-26 20:00:00+00:00,DE,onshore,7.6,73,0.0,5.14,-0.3090169943749477,0.9510565162951536,7.1,45,0.0,1.08,-0.0871557427476583,0.9961946980917455,11.5,55,0.0,4.26,0.9205048534524404,0.3907311284892737,7.9,54,0.0,4.21,0.9998476951563912,-0.0174524064372834,9.475,open-meteo,2026-08-10T08:06:50+00:00
2026-04-26 21:00:00+00:00,DE,onshore,7.2,72,0.0,5.86,-0.1736481776669304,0.984807753012208,4.4,62,0.0,0.57,0.8571673007021123,0.5150380749100542,9.9,59,0.0,3.49,0.788010753606722,0.6156614753256583,5.7,71,0.0,4.29,0.8910065241883679,-0.4539904997395467,11.2,open-meteo,2026-08-10T08:06:50+00:00
2026-04-26 22:00:00+00:00,DE,onshore,7.1,73,0.0,5.32,-0.1045284632676534,0.9945218953682732,2.5,74,0.0,1.38,-0.0697564737441252,-0.9975640502598242,9.2,62,0.0,2.33,0.9271838545667874,0.3746065934159119,5.3,72,0.0,4.58,0.7431448254773942,-0.6691306063588582,11.975,open-meteo,2026-08-10T08:06:50+00:00
2026-04-26 23:00:00+00:00,DE,onshore,6.8,74,0.0,5.07,-0.1736481776669304,0.984807753012208,2.4,74,0.0,2.47,-0.5591929034707467,-0.8290375725550418,8.6,64,0.0,2.26,0.9510565162951536,-0.3090169943749473,4.7,75,0.0,4.44,0.7313537016191706,-0.6819983600624984,12.375,open-meteo,2026-08-10T08:06:50+00:00
2026-04-27 00:00:00+00:00,DE,onshore,6.7,78,0.0,4.66,-0.1391731009600658,0.9902680687415704,1.4,73,0.0,3.33,-0.6819983600624984,-0.7313537016191706,7.9,64,0.0,2.55,0.9975640502598242,0.0697564737441252,2.2,87,0.0,4.47,0.6156614753256584,-0.7880107536067219,13.45,open-meteo,2026-08-10T08:06:50+00:00
2026-04-27 01:00:00+00:00,DE,onshore,6.8,77,0.0,4.9,-2.4492935982947064e-16,1.0,1.4,72,0.0,4.19,-0.7986355100472928,-0.6018150231520483,7.0,66,0.0,2.45,1.0,6.123233995736766e-17,2.0,85,0.0,4.21,0.3090169943749475,-0.9510565162951536,13.7,open-meteo,2026-08-10T08:06:50+00:00
2026-04-27 02:00:00+00:00,DE,onshore,6.8,77,0.0,5.15,0.1564344650402308,0.9876883405951378,2.1,68,0.0,4.65,-0.8191520442889916,-0.5735764363510464,6.0,70,0.0,2.23,0.9659258262890684,0.2588190451025207,0.8,90,0.0,4.64,-0.1218693434051473,-0.992546151641322,14.075,open-meteo,2026-08-10T08:06:50+00:00
2026-04-27 03:00:00+00:00,DE,onshore,6.7,77,0.0,4.3,0.2079116908177593,0.9781476007338056,2.2,66,0.0,5.62,-0.754709580222772,-0.6560590289905073,4.7,75,0.0,2.33,0.9271838545667874,0.3746065934159119,0.1,89,0.0,4.92,-0.5150380749100542,-0.8571673007021123,14.575,open-meteo,2026-08-10T08:06:50+00:00
2026-04-27 04:00:00+00:00,DE,onshore,6.7,76,0.0,4.34,0.3090169943749474,0.9510565162951536,2.0,62,1.0,6.34,-0.6293203910498376,-0.7771459614569708,3.8,77,0.0,1.39,0.9902680687415704,0.1391731009600654,-0.5,92,0.0,4.05,-0.5299192642332048,-0.8480480961564261,15.0,open-meteo,2026-08-10T08:06:50+00:00
2026-04-27 05:00:00+00:00,DE,onshore,6.4,73,17.0,4.12,0.4226182617406994,0.90630778703665,3.0,59,62.0,6.04,-0.587785252292473,-0.8090169943749475,4.4,74,21.0,1.84,0.90630778703665,0.4226182617406994,0.1,92,47.0,4.58,-0.7431448254773944,-0.6691306063588581,14.525,open-meteo,2026-08-10T08:06:50+00:00
2026-04-27 06:00:00+00:00,DE,onshore,6.3,82,74.0,4.17,0.6560590289905073,0.754709580222772,6.0,53,198.0,4.97,-0.848048096156426,-0.529919264233205,6.4,72,134.0,1.97,0.9945218953682732,0.1045284632676534,5.2,78,161.0,3.79,-0.984807753012208,-0.1736481776669303,12.025,open-meteo,2026-08-10T08:06:50+00:00
2026-04-27 07:00:00+00:00,DE,onshore,6.1,81,156.0,3.11,0.8829475928589269,0.4694715627858908,7.7,53,349.0,2.48,-0.9876883405951378,0.1564344650402306,9.8,62,243.0,2.02,0.9205048534524404,0.3907311284892737,8.1,71,314.0,2.71,-0.9743700647852352,0.2249510543438649,10.075,open-meteo,2026-08-10T08:06:50+00:00
2026-04-27 08:00:00+00:00,DE,onshore,6.2,79,209.0,3.24,0.90630778703665,0.4226182617406994,9.5,49,502.0,3.45,-0.992546151641322,0.1218693434051476,12.4,51,410.0,2.11,0.9743700647852352,0.2249510543438649,10.4,60,485.0,3.08,-0.7986355100472932,0.6018150231520479,8.375,open-meteo,2026-08-10T08:06:50+00:00
2026-04-27 09:00:00+00:00,DE,onshore,6.6,75,303.0,2.56,0.6819983600624985,0.7313537016191705,11.3,44,629.0,2.91,-0.544639035015027,0.838670567945424,15.1,40,603.0,2.5,0.8571673007021123,0.5150380749100542,12.5,50,621.0,2.96,-0.8290375725550416,0.559192903470747,6.625,open-meteo,2026-08-10T08:06:50+00:00
2026-04-27 10:00:00+00:00,DE,onshore,6.9,72,301.0,2.89,0.4694715627858908,0.882947592858927,12.5,45,729.0,3.1,-0.3090169943749477,0.9510565162951536,17.0,38,734.0,2.64,0.7431448254773942,0.6691306063588582,14.0,45,714.0,3.08,-0.6018150231520483,0.7986355100472928,5.4,open-meteo,2026-08-10T08:06:50+00:00
2026-04-27 11:00:00+00:00,DE,onshore,7.2,72,413.0,2.92,0.2419218955996677,0.9702957262759964,13.3,42,779.0,2.75,-0.0697564737441256,0.9975640502598242,18.5,35,814.0,3.15,0.8090169943749475,0.5877852522924731,15.1,42,748.0,3.19,-0.6819983600624984,0.7313537016191707,4.475,open-meteo,2026-08-10T08:06:50+00:00
2026-04-27 12:00:00+00:00,DE,onshore,7.3,70,365.0,4.7,-0.0174524064372835,0.9998476951563912,13.9,42,781.0,3.59,-0.1908089953765446,0.981627183447664,19.4,31,826.0,2.77,0.7071067811865475,0.7071067811865476,15.6,39,761.0,3.61,-0.7547095802227722,0.656059028990507,3.950000000000001,open-meteo,2026-08-10T08:06:50+00:00
2026-04-27 13:00:00+00:00,DE,onshore,7.8,70,351.0,5.0,0.0348994967025009,0.9993908270190958,14.1,42,705.0,4.02,-0.0174524064372835,0.9998476951563912,19.9,27,758.0,2.77,0.6691306063588582,0.7431448254773942,15.7,38,584.0,3.27,-0.6293203910498378,0.7771459614569706,3.625,open-meteo,2026-08-10T08:06:50+00:00
2026-04-27 14:00:00+00:00,DE,onshore,7.9,77,340.0,5.49,-0.0174524064372835,0.9998476951563912,13.2,53,557.0,5.41,0.5299192642332049,0.848048096156426,20.3,25,717.0,3.18,0.5591929034707469,0.8290375725550417,15.8,38,506.0,3.04,-0.544639035015027,0.838670567945424,3.6999999999999993,open-meteo,2026-08-10T08:06:50+00:00
2026-04-27 15:00:00+00:00,DE,onshore,8.1,77,308.0,5.13,-0.1218693434051472,0.992546151641322,12.5,46,479.0,6.3,0.5446390350150271,0.838670567945424,19.9,27,602.0,3.26,0.5446390350150271,0.838670567945424,15.7,38,432.0,3.29,-0.3907311284892739,0.9205048534524404,3.9499999999999993,open-meteo,2026-08-10T08:06:50+00:00
2026-04-27 16:00:00+00:00,DE,onshore,8.4,75,317.0,5.78,-0.0348994967025008,0.9993908270190958,11.3,43,352.0,6.25,0.573576436351046,0.8191520442889918,19.3,28,364.0,3.2,0.6427876096865393,0.766044443118978,15.1,23,254.0,2.89,-0.4067366430758001,0.9135454576426008,4.475,open-meteo,2026-08-10T08:06:50+00:00
2026-04-27 17:00:00+00:00,DE,onshore,8.5,77,128.0,6.18,0.0697564737441253,0.9975640502598242,10.0,44,187.0,6.4,0.6427876096865393,0.766044443118978,18.6,27,212.0,3.92,0.6018150231520483,0.7986355100472928,14.5,34,158.0,3.59,0.1908089953765448,0.981627183447664,5.1,open-meteo,2026-08-10T08:06:50+00:00
2026-04-27 18:00:00+00:00,DE,onshore,9.1,80,75.0,7.05,0.1736481776669303,0.984807753012208,8.4,46,69.0,5.82,0.7193398003386511,0.6946583704589973,16.4,31,85.0,4.96,0.6156614753256583,0.7880107536067219,12.8,41,63.0,5.68,0.5299192642332049,0.848048096156426,6.324999999999999,open-meteo,2026-08-10T08:06:50+00:00
2026-04-27 19:00:00+00:00,DE,onshore,9.3,78,13.0,7.08,0.374606593415912,0.9271838545667874,6.0,55,3.0,6.58,0.838670567945424,0.5446390350150271,13.8,36,6.0,5.56,0.754709580222772,0.6560590289905073,10.3,57,4.0,7.01,0.6691306063588582,0.7431448254773942,8.149999999999999,open-meteo,2026-08-10T08:06:50+00:00
2026-04-27 20:00:00+00:00,DE,onshore,9.3,80,0.0,7.77,0.484809620246337,0.8746197071393957,4.6,74,0.0,7.23,0.90630778703665,0.4226182617406994,12.7,39,0.0,5.49,0.8191520442889918,0.573576436351046,9.3,61,0.0,7.43,0.6560590289905073,0.754709580222772,9.025,open-meteo,2026-08-10T08:06:50+00:00
2026-04-27 21:00:00+00:00,DE,onshore,9.2,72,0.0,6.69,0.8191520442889918,0.573576436351046,3.9,76,0.0,7.38,0.8660254037844386,0.5000000000000001,12.5,47,0.0,4.4,0.9563047559630354,0.2923717047227367,9.4,63,0.0,9.03,0.9135454576426008,0.4067366430758002,9.25,open-meteo,2026-08-10T08:06:50+00:00
2026-04-27 22:00:00+00:00,DE,onshore,8.8,71,0.0,8.48,0.9702957262759964,0.2419218955996676,2.9,89,0.0,7.43,0.8571673007021123,0.5150380749100542,11.3,56,0.0,2.97,0.9902680687415704,0.1391731009600654,8.6,58,0.0,8.77,0.90630778703665,0.4226182617406994,10.1,open-meteo,2026-08-10T08:06:50+00:00
2026-04-27 23:00:00+00:00,DE,onshore,8.5,71,0.0,8.53,0.9659258262890684,0.2588190451025207,2.5,92,0.0,7.66,0.9335804264972016,0.3583679495453004,10.3,55,0.0,3.78,0.9563047559630354,0.2923717047227367,7.1,57,0.0,7.66,0.9612616959383188,0.2756373558169991,10.9,open-meteo,2026-08-10T08:06:50+00:00
2026-04-28 00:00:00+00:00,DE,onshore,8.6,69,0.0,7.75,0.9335804264972016,0.3583679495453004,1.9,93,0.0,6.89,0.9659258262890684,0.2588190451025207,10.0,61,0.0,2.76,0.9945218953682732,0.1045284632676534,5.7,64,0.0,7.63,0.9743700647852352,0.2249510543438649,11.45,open-meteo,2026-08-10T08:06:50+00:00
2026-04-28 01:00:00+00:00,DE,onshore,8.3,70,0.0,8.3,0.9205048534524404,0.3907311284892737,1.4,83,0.0,6.96,0.9993908270190958,-0.0348994967025009,9.0,65,0.0,3.43,0.9986295347545738,-0.0523359562429438,4.5,71,0.0,7.44,0.9510565162951536,0.3090169943749474,12.2,open-meteo,2026-08-10T08:06:50+00:00
2026-04-28 02:00:00+00:00,DE,onshore,8.0,73,0.0,7.94,0.9396926207859084,0.3420201433256688,1.1,77,0.0,7.82,0.9659258262890684,-0.2588190451025208,8.4,65,0.0,4.22,0.9271838545667874,0.3746065934159119,3.7,74,0.0,7.63,0.9612616959383188,0.2756373558169991,12.7,open-meteo,2026-08-10T08:06:50+00:00
2026-04-28 03:00:00+00:00,DE,onshore,7.7,76,0.0,8.7,0.9205048534524404,0.3907311284892737,0.4,79,0.0,6.41,0.9205048534524404,-0.3907311284892737,8.5,64,0.0,4.48,0.9205048534524404,0.3907311284892737,3.6,70,0.0,9.14,0.9563047559630354,0.2923717047227367,12.95,open-meteo,2026-08-10T08:06:50+00:00
2026-04-28 04:00:00+00:00,DE,onshore,7.2,78,0.0,9.74,0.9335804264972016,0.3583679495453004,0.5,74,2.0,5.09,0.8660254037844387,-0.4999999999999998,7.4,68,0.0,3.88,0.984807753012208,0.1736481776669304,3.2,68,0.0,9.11,0.9781476007338056,0.2079116908177594,13.425,open-meteo,2026-08-10T08:06:50+00:00
2026-04-28 05:00:00+00:00,DE,onshore,7.3,78,35.0,9.14,0.9563047559630354,0.2923717047227367,1.0,71,65.0,4.39,0.8746197071393959,-0.484809620246337,7.2,71,22.0,3.64,0.9702957262759964,0.2419218955996676,3.6,65,47.0,6.99,0.9945218953682732,0.1045284632676534,13.225,open-meteo,2026-08-10T08:06:50+00:00
2026-04-28 06:00:00+00:00,DE,onshore,7.7,76,153.0,8.06,0.9510565162951536,0.3090169943749474,4.4,57,202.0,2.83,0.9702957262759964,-0.2419218955996677,10.8,54,140.0,4.46,0.838670567945424,0.5446390350150271,5.6,55,171.0,7.13,0.9743700647852352,0.2249510543438649,10.875,open-meteo,2026-08-10T08:06:50+00:00
2026-04-28 07:00:00+00:00,DE,onshore,7.6,76,305.0,7.9,0.9205048534524404,0.3907311284892737,6.9,44,360.0,1.64,0.9563047559630354,0.2923717047227367,12.0,53,272.0,4.03,0.8746197071393957,0.4848096202463371,7.7,46,331.0,6.17,0.984807753012208,0.1736481776669304,9.45,open-meteo,2026-08-10T08:06:50+00:00
2026-04-28 08:00:00+00:00,DE,onshore,8.3,74,457.0,7.01,0.9396926207859084,0.3420201433256688,9.1,39,517.0,1.84,0.90630778703665,0.4226182617406994,14.2,49,470.0,4.25,0.8987940462991669,0.4383711467890774,9.5,40,494.0,5.23,0.9743700647852352,0.2249510543438649,7.725000000000001,open-meteo,2026-08-10T08:06:50+00:00
2026-04-28 09:00:00+00:00,DE,onshore,9.6,66,591.0,5.86,0.9335804264972016,0.3583679495453004,11.5,31,648.0,2.05,0.9563047559630354,0.2923717047227367,16.8,45,635.0,4.49,0.848048096156426,0.5299192642332049,11.7,33,628.0,5.15,0.9876883405951378,0.1564344650402309,5.599999999999998,open-meteo,2026-08-10T08:06:50+00:00
2026-04-28 10:00:00+00:00,DE,onshore,10.3,64,693.0,5.57,0.8290375725550417,0.5591929034707468,12.2,33,704.0,2.46,0.3907311284892737,0.9205048534524404,19.1,37,749.0,5.14,0.9510565162951536,0.3090169943749474,13.1,29,717.0,6.17,0.9510565162951536,0.3090169943749474,4.324999999999999,open-meteo,2026-08-10T08:06:50+00:00
2026-04-28 11:00:00+00:00,DE,onshore,10.7,71,728.0,3.81,0.6946583704589973,0.7193398003386512,12.8,32,716.0,2.55,0.3907311284892737,0.9205048534524404,20.6,33,827.0,5.3,0.9781476007338056,0.2079116908177594,14.1,28,799.0,6.59,0.9205048534524404,0.3907311284892737,3.45,open-meteo,2026-08-10T08:06:50+00:00
2026-04-28 12:00:00+00:00,DE,onshore,11.2,71,753.0,4.37,0.7431448254773942,0.6691306063588582,13.4,34,769.0,3.37,0.1391731009600654,0.9902680687415704,21.5,30,843.0,5.13,0.9743700647852352,0.2249510543438649,14.7,28,808.0,6.79,0.8829475928589269,0.4694715627858908,2.8000000000000007,open-meteo,2026-08-10T08:06:50+00:00
2026-04-28 13:00:00+00:00,DE,onshore,11.6,72,702.0,6.4,0.8910065241883679,0.4539904997395468,13.6,34,744.0,4.45,0.1391731009600654,0.9902680687415704,22.0,29,785.0,5.27,0.984807753012208,0.1736481776669304,15.1,27,764.0,6.66,0.838670567945424,0.5446390350150271,2.424999999999999,open-meteo,2026-08-10T08:06:50+00:00
2026-04-28 14:00:00+00:00,DE,onshore,12.1,51,654.0,9.77,0.8910065241883679,0.4539904997395468,13.0,31,501.0,6.06,0.3907311284892737,0.9205048534524404,22.4,30,662.0,5.57,0.9135454576426008,0.4067366430758002,15.0,24,664.0,6.75,0.766044443118978,0.6427876096865394,2.375,open-meteo,2026-08-10T08:06:50+00:00
2026-04-28 15:00:00+00:00,DE,onshore,12.1,47,569.0,11.1,0.9205048534524404,0.3907311284892737,13.0,41,471.0,7.2,0.5591929034707469,0.8290375725550417,21.5,31,496.0,5.71,0.9271838545667874,0.3746065934159119,14.8,28,556.0,6.25,0.848048096156426,0.5299192642332049,2.6499999999999986,open-meteo,2026-08-10T08:06:50+00:00
2026-04-28 16:00:00+00:00,DE,onshore,12.1,47,431.0,11.28,0.9205048534524404,0.3907311284892737,11.7,35,356.0,6.53,0.5877852522924731,0.8090169943749475,20.9,32,315.0,7.39,0.8191520442889918,0.573576436351046,14.5,31,378.0,6.24,0.9271838545667874,0.3746065934159119,3.200000000000001,open-meteo,2026-08-10T08:06:50+00:00
2026-04-28 17:00:00+00:00,DE,onshore,11.9,52,276.0,10.44,0.9563047559630354,0.2923717047227367,10.4,40,226.0,7.42,0.6819983600624985,0.7313537016191705,19.8,32,154.0,9.95,0.848048096156426,0.5299192642332049,13.8,32,239.0,5.88,0.6018150231520483,0.7986355100472928,4.024999999999999,open-meteo,2026-08-10T08:06:50+00:00
2026-04-28 18:00:00+00:00,DE,onshore,11.8,56,124.0,9.42,0.9455185755993168,0.3255681544571567,9.0,44,81.0,7.42,0.7313537016191705,0.6819983600624985,18.5,37,59.0,7.98,0.8746197071393957,0.4848096202463371,12.6,36,90.0,7.15,0.5877852522924731,0.8090169943749475,5.025,open-meteo,2026-08-10T08:06:50+00:00
2026-04-28 19:00:00+00:00,DE,onshore,11.4,59,18.0,8.7,0.9702957262759964,0.2419218955996676,6.5,60,5.0,7.38,0.766044443118978,0.6427876096865394,17.1,36,6.0,9.91,0.8829475928589269,0.4694715627858908,9.9,46,6.0,8.37,0.573576436351046,0.8191520442889918,6.775,open-meteo,2026-08-10T08:06:50+00:00
2026-04-28 20:00:00+00:00,DE,onshore,11.1,60,0.0,8.01,0.9781476007338056,0.2079116908177594,4.9,77,0.0,7.28,0.838670567945424,0.5446390350150271,15.9,43,0.0,10.82,0.6691306063588582,0.7431448254773942,8.8,44,0.0,10.53,0.7313537016191705,0.6819983600624985,7.824999999999999,open-meteo,2026-08-10T08:06:50+00:00
2026-04-28 21:00:00+00:00,DE,onshore,10.9,59,0.0,6.51,0.9612616959383188,0.2756373558169991,3.9,83,0.0,7.05,0.8910065241883679,0.4539904997395468,15.0,48,0.0,10.95,0.6819983600624985,0.7313537016191705,7.5,56,0.0,8.43,0.9205048534524404,0.3907311284892737,8.675,open-meteo,2026-08-10T08:06:50+00:00
2026-04-28 22:00:00+00:00,DE,onshore,10.2,60,0.0,6.61,0.8191520442889918,0.573576436351046,3.1,92,0.0,6.71,0.90630778703665,0.4226182617406994,13.5,49,0.0,10.74,0.7313537016191705,0.6819983600624985,6.5,60,0.0,8.33,0.90630778703665,0.4226182617406994,9.675,open-meteo,2026-08-10T08:06:50+00:00
2026-04-28 23:00:00+00:00,DE,onshore,9.8,59,0.0,7.83,0.7313537016191705,0.6819983600624985,2.8,89,0.0,6.54,0.9455185755993168,0.3255681544571567,12.3,51,0.0,10.12,0.7193398003386511,0.6946583704589973,5.3,62,0.0,8.12,0.9205048534524404,0.3907311284892737,10.45,open-meteo,2026-08-10T08:06:50+00:00
2026-04-29 00:00:00+00:00,DE,onshore,9.4,59,0.0,8.06,0.754709580222772,0.6560590289905073,2.0,89,0.0,5.52,0.9781476007338056,0.2079116908177594,11.4,51,0.0,9.44,0.6691306063588582,0.7431448254773942,4.4,65,0.0,8.28,0.8910065241883679,0.4539904997395468,11.2,open-meteo,2026-08-10T08:06:50+00:00
2026-04-29 01:00:00+00:00,DE,onshore,8.8,59,0.0,8.26,0.8290375725550417,0.5591929034707468,1.5,87,0.0,5.98,1.0,6.123233995736766e-17,10.5,53,0.0,10.12,0.7313537016191705,0.6819983600624985,3.3,70,0.0,7.1,0.9135454576426008,0.4067366430758002,11.975,open-meteo,2026-08-10T08:06:50+00:00
2026-04-29 02:00:00+00:00,DE,onshore,8.2,64,0.0,6.76,0.9455185755993168,0.3255681544571567,1.2,81,0.0,6.68,0.9271838545667874,-0.374606593415912,9.7,54,0.0,9.15,0.7431448254773942,0.6691306063588582,2.4,75,0.0,7.73,0.9271838545667874,0.3746065934159119,12.625,open-meteo,2026-08-10T08:06:50+00:00
2026-04-29 03:00:00+00:00,DE,onshore,8.2,66,0.0,6.85,0.9563047559630354,0.2923717047227367,0.3,82,0.0,4.99,0.7313537016191706,-0.6819983600624984,9.0,54,0.0,9.01,0.7313537016191705,0.6819983600624985,1.6,80,0.0,7.84,0.9743700647852352,0.2249510543438649,13.225,open-meteo,2026-08-10T08:06:50+00:00
2026-04-29 04:00:00+00:00,DE,onshore,8.0,71,0.0,6.8,0.9659258262890684,0.2588190451025207,0.2,76,2.0,4.16,0.6819983600624986,-0.7313537016191705,8.1,56,0.0,9.35,0.7071067811865475,0.7071067811865476,1.2,83,1.0,8.25,0.9975640502598242,0.0697564737441252,13.625,open-meteo,2026-08-10T08:06:50+00:00
2026-04-29 05:00:00+00:00,DE,onshore,7.7,73,36.0,6.32,0.9743700647852352,0.2249510543438649,1.0,72,68.0,3.81,0.7193398003386511,-0.6946583704589974,7.8,56,24.0,9.08,0.7313537016191705,0.6819983600624985,2.2,78,53.0,7.74,0.9998476951563912,-0.0174524064372834,13.325,open-meteo,2026-08-10T08:06:50+00:00
2026-04-29 06:00:00+00:00,DE,onshore,8.0,74,156.0,5.56,0.9876883405951378,0.1564344650402309,4.6,64,206.0,3.86,0.8090169943749475,-0.587785252292473,9.2,53,146.0,5.82,0.7193398003386511,0.6946583704589973,5.3,64,185.0,6.37,0.9993908270190958,-0.0348994967025009,11.225,open-meteo,2026-08-10T08:06:50+00:00
2026-04-29 07:00:00+00:00,DE,onshore,8.2,73,300.0,5.35,0.9902680687415704,0.1391731009600654,7.6,48,365.0,2.42,0.8480480961564261,-0.5299192642332048,10.7,49,312.0,4.9,0.7986355100472928,0.6018150231520483,7.8,53,348.0,4.95,0.9902680687415704,0.1391731009600654,9.425,open-meteo,2026-08-10T08:06:50+00:00
2026-04-29 08:00:00+00:00,DE,onshore,8.6,71,457.0,4.86,0.9455185755993168,0.3255681544571567,9.5,38,520.0,2.84,0.7193398003386511,-0.6946583704589974,13.1,44,484.0,5.68,0.848048096156426,0.5299192642332049,9.9,41,505.0,5.06,0.9876883405951378,-0.1564344650402308,7.725,open-meteo,2026-08-10T08:06:50+00:00
2026-04-29 09:00:00+00:00,DE,onshore,9.5,66,590.0,4.29,0.8191520442889918,0.573576436351046,11.1,29,650.0,2.98,0.7193398003386511,-0.6946583704589974,15.2,41,638.0,5.94,0.788010753606722,0.6156614753256583,11.7,32,639.0,5.82,0.9743700647852352,-0.224951054343865,6.125,open-meteo,2026-08-10T08:06:50+00:00
2026-04-29 10:00:00+00:00,DE,onshore,10.1,58,691.0,3.81,0.7193398003386511,0.6946583704589973,11.9,29,743.0,1.98,0.9876883405951378,-0.1564344650402308,17.2,38,757.0,6.05,0.90630778703665,0.4226182617406994,12.9,31,740.0,4.7,0.9998476951563912,-0.0174524064372834,4.975,open-meteo,2026-08-10T08:06:50+00:00
2026-04-29 11:00:00+00:00,DE,onshore,10.3,59,754.0,2.83,0.5591929034707469,0.8290375725550417,12.4,29,788.0,1.33,0.9563047559630354,0.2923717047227367,18.5,35,832.0,7.9,0.8660254037844386,0.5000000000000001,13.4,28,788.0,4.43,0.9961946980917455,0.0871557427476581,4.35,open-meteo,2026-08-10T08:06:50+00:00
2026-04-29 12:00:00+00:00,DE,onshore,10.1,66,770.0,4.5,-0.1908089953765446,0.981627183447664,13.0,32,793.0,1.12,0.6156614753256583,0.7880107536067219,19.0,33,854.0,7.5,0.8746197071393957,0.4848096202463371,14.0,29,805.0,4.78,0.8987940462991669,0.4383711467890774,3.975,open-meteo,2026-08-10T08:06:50+00:00
2026-04-29 13:00:00+00:00,DE,onshore,10.8,69,740.0,3.45,0.2588190451025207,0.9659258262890684,13.4,33,747.0,2.43,0.7313537016191705,0.6819983600624985,19.3,31,819.0,8.05,0.848048096156426,0.5299192642332049,14.4,30,763.0,4.56,0.90630778703665,0.4226182617406994,3.5250000000000004,open-meteo,2026-08-10T08:06:50+00:00
2026-04-29 14:00:00+00:00,DE,onshore,11.5,74,668.0,4.25,0.8987940462991669,0.4383711467890774,13.4,30,661.0,4.52,0.3090169943749474,0.9510565162951536,19.2,28,736.0,8.54,0.8910065241883679,0.4539904997395468,14.6,30,677.0,4.54,0.9702957262759964,0.2419218955996676,3.325000000000001,open-meteo,2026-08-10T08:06:50+00:00
2026-04-29 15:00:00+00:00,DE,onshore,12.3,60,564.0,7.41,0.8829475928589269,0.4694715627858908,13.7,32,532.0,4.44,0.6560590289905073,0.754709580222772,18.9,24,612.0,8.55,0.8829475928589269,0.4694715627858908,14.0,32,552.0,3.02,0.9743700647852352,-0.224951054343865,3.2750000000000004,open-meteo,2026-08-10T08:06:50+00:00
2026-04-29 16:00:00+00:00,DE,onshore,12.4,55,426.0,8.94,0.8987940462991669,0.4383711467890774,12.5,30,388.0,5.66,0.8660254037844386,0.5000000000000001,18.2,23,457.0,8.98,0.90630778703665,0.4226182617406994,13.8,31,399.0,5.83,0.9563047559630354,0.2923717047227367,3.775000000000002,open-meteo,2026-08-10T08:06:50+00:00
2026-04-29 17:00:00+00:00,DE,onshore,12.3,57,273.0,9.33,0.9563047559630354,0.2923717047227367,11.6,31,228.0,5.31,0.788010753606722,0.6156614753256583,17.1,24,280.0,9.17,0.9396926207859084,0.3420201433256688,13.4,34,242.0,5.26,0.9135454576426008,0.4067366430758002,4.4,open-meteo,2026-08-10T08:06:50+00:00
2026-04-29 18:00:00+00:00,DE,onshore,12.4,56,124.0,9.74,0.9335804264972016,0.3583679495453004,10.3,39,83.0,4.34,0.8829475928589269,0.4694715627858908,16.0,24,112.0,8.54,0.8910065241883679,0.4539904997395468,12.1,40,92.0,5.13,0.992546151641322,0.1218693434051474,5.299999999999999,open-meteo,2026-08-10T08:06:50+00:00
2026-04-29 19:00:00+00:00,DE,onshore,11.9,63,19.0,8.46,0.9743700647852352,0.2249510543438649,7.6,52,5.0,4.03,0.8746197071393957,0.4848096202463371,14.0,29,9.0,9.02,0.9455185755993168,0.3255681544571567,9.4,46,6.0,6.07,1.0,6.123233995736766e-17,7.275,open-meteo,2026-08-10T08:06:50+00:00
2026-04-29 20:00:00+00:00,DE,onshore,11.6,63,0.0,8.83,0.9986295347545738,0.0523359562429439,6.4,57,0.0,3.35,0.9335804264972016,0.3583679495453004,12.4,32,0.0,7.84,0.8829475928589269,0.4694715627858908,7.7,55,0.0,5.42,0.9743700647852352,-0.224951054343865,8.475,open-meteo,2026-08-10T08:06:50+00:00
2026-04-29 21:00:00+00:00,DE,onshore,11.3,60,0.0,8.45,0.9975640502598242,-0.0697564737441253,5.1,64,0.0,1.71,0.9135454576426008,-0.4067366430758002,11.8,42,0.0,10.13,0.8660254037844386,0.5000000000000001,5.6,69,0.0,3.59,0.8987940462991669,-0.4383711467890775,9.55,open-meteo,2026-08-10T08:06:50+00:00
2026-04-29 22:00:00+00:00,DE,onshore,10.7,63,0.0,7.84,0.9510565162951536,-0.3090169943749473,3.7,69,0.0,1.67,0.3583679495453002,-0.9335804264972016,10.5,43,0.0,10.44,0.9135454576426008,0.4067366430758002,4.4,75,0.0,3.4,0.7547095802227721,-0.6560590289905072,10.675,open-meteo,2026-08-10T08:06:50+00:00
2026-04-29 23:00:00+00:00,DE,onshore,10.5,64,0.0,7.59,0.9135454576426008,-0.4067366430758002,3.5,69,0.0,1.38,0.0697564737441255,-0.9975640502598242,9.5,43,0.0,8.67,0.984807753012208,0.1736481776669304,4.5,73,0.0,3.2,0.3907311284892737,-0.9205048534524404,11.0,open-meteo,2026-08-10T08:06:50+00:00
2026-04-30 00:00:00+00:00,DE,onshore,10.5,64,0.0,7.34,0.8571673007021123,-0.5150380749100543,2.5,75,0.0,2.22,-0.754709580222772,-0.6560590289905073,8.8,41,0.0,8.36,0.984807753012208,0.1736481776669304,2.0,86,0.0,2.91,0.7071067811865476,-0.7071067811865475,12.05,open-meteo,2026-08-08T09:59:26+00:00
2026-04-30 01:00:00+00:00,DE,onshore,10.4,66,0.0,7.18,0.777145961456971,-0.6293203910498373,2.3,73,0.0,2.81,-0.874619707139396,-0.4848096202463368,8.0,40,0.0,9.05,0.984807753012208,0.1736481776669304,1.4,87,0.0,3.04,0.9335804264972016,-0.3583679495453002,12.475,open-meteo,2026-08-08T09:59:26+00:00
2026-04-30 02:00:00+00:00,DE,onshore,10.4,69,0.0,6.44,0.7193398003386511,-0.6946583704589974,2.5,69,0.0,3.29,-0.984807753012208,-0.1736481776669303,7.3,41,0.0,9.19,0.992546151641322,0.1218693434051474,0.8,87,0.0,3.27,0.6293203910498374,-0.7771459614569709,12.75,open-meteo,2026-08-08T09:59:26+00:00
2026-04-30 03:00:00+00:00,DE,onshore,10.3,71,0.0,5.61,0.6946583704589971,-0.7193398003386513,2.3,73,0.0,5.19,-0.981627183447664,0.1908089953765451,6.6,42,0.0,8.42,0.9876883405951378,0.1564344650402309,-0.2,91,0.0,1.98,0.1564344650402309,-0.9876883405951375,13.25,open-meteo,2026-08-08T09:59:26+00:00
2026-04-30 04:00:00+00:00,DE,onshore,10.3,69,0.0,3.95,0.6946583704589971,-0.7193398003386513,2.6,76,3.0,5.68,-0.9335804264972016,0.3583679495453004,5.9,42,0.0,8.66,0.9961946980917455,0.0871557427476581,-0.9,94,1.0,1.8,-0.374606593415912,-0.9271838545667874,13.525,open-meteo,2026-08-08T09:59:26+00:00
2026-04-30 05:00:00+00:00,DE,onshore,10.2,71,39.0,2.99,0.7547095802227721,-0.6560590289905072,4.1,72,68.0,5.89,-0.9335804264972016,0.3583679495453004,5.9,43,27.0,8.78,0.981627183447664,0.1908089953765449,-0.3,95,53.0,1.31,-0.4539904997395467,-0.8910065241883679,13.025,open-meteo,2026-08-08T09:59:26+00:00
2026-04-30 06:00:00+00:00,DE,onshore,10.2,70,157.0,2.84,0.6946583704589971,-0.7193398003386513,7.0,68,197.0,5.75,-0.8660254037844386,0.5000000000000001,7.0,42,155.0,6.99,0.981627183447664,0.1908089953765449,4.6,78,181.0,2.23,-0.7880107536067221,-0.6156614753256581,10.8,open-meteo,2026-08-08T09:59:26+00:00
2026-04-30 07:00:00+00:00,DE,onshore,10.0,71,307.0,2.43,0.6427876096865395,-0.7660444431189779,9.4,61,353.0,4.87,-0.8660254037844386,0.5000000000000001,8.5,38,327.0,7.37,0.9961946980917455,0.0871557427476581,8.3,59,337.0,1.5,-0.848048096156426,-0.529919264233205,8.95,open-meteo,2026-08-08T09:59:26+00:00
2026-04-30 08:00:00+00:00,DE,onshore,10.0,74,455.0,2.61,0.5591929034707469,-0.8290375725550416,12.0,52,504.0,4.32,-0.7771459614569708,0.6293203910498375,10.6,33,501.0,7.84,1.0,6.123233995736766e-17,11.3,48,493.0,0.9,-0.754709580222772,-0.6560590289905073,7.024999999999999,open-meteo,2026-08-08T09:59:26+00:00
2026-04-30 09:00:00+00:00,DE,onshore,10.0,67,587.0,2.47,-0.1218693434051473,-0.992546151641322,14.4,36,632.0,5.52,-0.544639035015027,0.838670567945424,12.2,29,656.0,8.35,0.9975640502598242,0.0697564737441252,14.0,32,627.0,0.39,-2.4492935982947064e-16,1.0,5.350000000000001,open-meteo,2026-08-08T09:59:26+00:00
2026-04-30 10:00:00+00:00,DE,onshore,10.7,61,690.0,0.57,0.5150380749100544,-0.8571673007021122,15.6,36,724.0,5.24,-0.3583679495453007,0.9335804264972016,13.6,26,776.0,8.62,0.9998476951563912,0.0174524064372836,15.4,33,729.0,1.04,0.754709580222772,0.6560590289905073,4.175000000000001,open-meteo,2026-08-08T09:59:26+00:00
2026-04-30 11:00:00+00:00,DE,onshore,11.1,65,753.0,1.48,0.9902680687415704,0.1391731009600654,16.8,34,772.0,4.7,-0.3907311284892739,0.9205048534524404,15.0,23,849.0,9.02,0.9998476951563912,0.0174524064372836,16.6,33,783.0,1.9,0.573576436351046,0.8191520442889918,3.125,open-meteo,2026-08-08T09:59:26+00:00
2026-04-30 12:00:00+00:00,DE,onshore,11.6,61,770.0,2.36,0.6691306063588582,0.7431448254773942,17.2,42,775.0,4.57,-0.3907311284892739,0.9205048534524404,16.1,24,869.0,8.53,0.9986295347545738,0.0523359562429439,17.0,32,791.0,0.1,1.2246467991473532e-16,-1.0,2.5250000000000004,open-meteo,2026-08-08T09:59:26+00:00
2026-04-30 13:00:00+00:00,DE,onshore,11.8,64,740.0,3.45,0.573576436351046,0.8191520442889918,17.6,40,726.0,4.75,-0.3746065934159123,0.9271838545667872,16.9,22,833.0,9.01,0.9998476951563912,0.0174524064372836,18.1,33,751.0,1.4,0.2079116908177593,0.9781476007338056,1.8999999999999984,open-meteo,2026-08-08T09:59:26+00:00
2026-04-30 14:00:00+00:00,DE,onshore,11.9,65,667.0,3.34,0.766044443118978,0.6427876096865394,17.6,40,646.0,4.97,-0.3746065934159123,0.9271838545667872,17.4,21,750.0,9.02,0.9998476951563912,0.0174524064372836,18.2,32,666.0,2.1,0.7986355100472928,0.6018150231520483,1.7250000000000014,open-meteo,2026-08-08T09:59:26+00:00
2026-04-30 15:00:00+00:00,DE,onshore,12.2,64,556.0,3.75,0.5446390350150271,0.838670567945424,17.7,40,509.0,4.71,-0.3583679495453007,0.9335804264972016,18.0,22,622.0,8.36,0.9961946980917455,0.0871557427476581,18.4,32,545.0,2.45,0.0348994967025009,0.9993908270190958,1.4250000000000007,open-meteo,2026-08-08T09:59:26+00:00
2026-04-30 16:00:00+00:00,DE,onshore,12.1,67,420.0,4.24,0.6427876096865393,0.766044443118978,17.1,41,379.0,5.06,-0.529919264233205,0.8480480961564258,17.4,23,461.0,8.24,0.9993908270190958,0.034899496702501,18.2,34,397.0,2.11,-0.2249510543438653,0.9743700647852352,1.8000000000000007,open-meteo,2026-08-08T09:59:26+00:00
2026-04-30 17:00:00+00:00,DE,onshore,12.6,66,268.0,5.96,0.5877852522924731,0.8090169943749475,16.1,45,223.0,5.21,-0.4383711467890778,0.8987940462991668,16.4,25,282.0,8.92,0.9993908270190958,0.034899496702501,17.8,37,239.0,3.03,0.8746197071393957,0.4848096202463371,2.2749999999999986,open-meteo,2026-08-08T09:59:26+00:00
2026-04-30 18:00:00+00:00,DE,onshore,13.3,65,124.0,6.71,0.5591929034707469,0.8290375725550417,14.7,48,82.0,5.57,-0.4067366430758001,0.9135454576426008,15.4,22,113.0,8.62,1.0,6.123233995736766e-17,16.3,41,93.0,2.06,0.90630778703665,0.4226182617406994,3.075,open-meteo,2026-08-08T09:59:26+00:00
2026-04-30 19:00:00+00:00,DE,onshore,12.8,66,20.0,6.72,0.7313537016191705,0.6819983600624985,12.0,58,6.0,5.56,-0.4383711467890778,0.8987940462991668,13.3,23,9.0,9.9,0.9998476951563912,-0.0174524064372834,13.7,49,8.0,2.32,0.8829475928589269,0.4694715627858908,5.050000000000001,open-meteo,2026-08-08T09:59:26+00:00
2026-04-30 20:00:00+00:00,DE,onshore,12.6,67,0.0,7.44,0.766044443118978,0.6427876096865394,10.8,62,0.0,5.14,-0.5150380749100545,0.8571673007021121,12.0,30,0.0,7.55,0.9986295347545738,0.0523359562429439,11.8,57,0.0,1.71,0.9135454576426008,0.4067366430758002,6.199999999999999,open-meteo,2026-08-08T09:59:26+00:00
2026-04-30 21:00:00+00:00,DE,onshore,12.3,73,0.0,8.03,0.8660254037844386,0.5000000000000001,9.4,67,0.0,4.57,-0.7071067811865477,0.7071067811865474,10.9,35,0.0,8.33,0.9998476951563912,0.0174524064372836,10.1,68,0.0,1.96,0.6018150231520483,0.7986355100472928,7.324999999999999,open-meteo,2026-08-08T09:59:26+00:00
2026-04-30 22:00:00+00:00,DE,onshore,12.2,72,0.0,7.35,0.9993908270190958,0.034899496702501,8.3,71,0.0,5.0,-0.7431448254773946,0.6691306063588578,10.1,37,0.0,7.94,0.9993908270190958,-0.0348994967025009,7.8,81,0.0,3.83,0.766044443118978,0.6427876096865394,8.4,open-meteo,2026-08-08T09:59:26+00:00
2026-04-30 23:00:00+00:00,DE,onshore,12.1,75,0.0,6.37,0.7986355100472927,-0.6018150231520484,7.8,70,0.0,4.87,-0.6427876096865396,0.7660444431189778,9.1,40,0.0,7.66,0.9975640502598242,-0.0697564737441253,7.6,79,0.0,4.09,0.981627183447664,0.1908089953765449,8.85,open-meteo,2026-08-08T09:59:26+00:00
2026-05-01 00:00:00+00:00,DE,onshore,12.0,75,0.0,6.53,0.6560590289905073,-0.754709580222772,6.5,71,0.0,5.06,-0.7313537016191703,0.6819983600624987,8.7,40,0.0,6.67,0.9986295347545738,-0.0523359562429438,5.8,86,0.0,3.35,0.9659258262890684,0.2588190451025207,9.75,open-meteo,2026-08-08T09:59:26+00:00
2026-05-01 01:00:00+00:00,DE,onshore,12.0,78,0.0,7.37,0.4848096202463371,-0.8746197071393957,6.0,75,0.0,5.37,-0.6156614753256582,0.7880107536067221,7.9,42,0.0,5.99,0.9975640502598242,-0.0697564737441253,5.6,87,0.0,2.17,0.9510565162951536,0.3090169943749474,10.125,open-meteo,2026-08-08T09:59:26+00:00
2026-05-01 02:00:00+00:00,DE,onshore,11.9,75,0.0,6.94,0.3255681544571566,-0.9455185755993168,5.6,77,0.0,5.25,-0.6018150231520483,0.7986355100472928,7.6,43,0.0,6.27,0.9998476951563912,-0.0174524064372834,3.9,90,0.0,1.36,0.8660254037844386,0.5000000000000001,10.75,open-meteo,2026-08-08T09:59:26+00:00
2026-05-01 03:00:00+00:00,DE,onshore,11.7,73,0.0,5.96,0.2419218955996677,-0.9702957262759964,5.1,79,0.0,4.65,-0.5735764363510465,0.8191520442889916,6.7,48,0.0,5.75,0.9876883405951378,-0.1564344650402308,3.4,92,0.0,1.58,0.9271838545667874,0.3746065934159119,11.275000000000002,open-meteo,2026-08-08T09:59:26+00:00
2026-05-01 04:00:00+00:00,DE,onshore,11.5,74,0.0,5.13,0.2249510543438652,-0.9743700647852352,4.9,80,3.0,4.22,-0.5150380749100545,0.8571673007021121,6.4,49,0.0,6.0,0.9961946980917455,-0.0871557427476582,2.8,94,1.0,1.12,0.9659258262890684,0.2588190451025207,11.6,open-meteo,2026-08-08T09:59:26+00:00
2026-05-01 05:00:00+00:00,DE,onshore,11.3,75,41.0,5.06,0.258819045102521,-0.9659258262890682,6.0,78,72.0,3.86,-0.4067366430758001,0.9135454576426008,6.2,51,29.0,5.52,0.9945218953682732,-0.1045284632676535,3.3,93,56.0,0.6,0.9876883405951378,0.1564344650402309,11.3,open-meteo,2026-08-08T09:59:26+00:00
2026-05-01 06:00:00+00:00,DE,onshore,11.9,69,158.0,5.57,0.4067366430758004,-0.9135454576426008,9.2,69,206.0,3.4,-0.6946583704589976,0.7193398003386509,9.0,41,153.0,6.15,0.9876883405951378,0.1564344650402309,7.3,81,187.0,0.84,0.5877852522924731,0.8090169943749475,8.65,open-meteo,2026-08-08T09:59:26+00:00
2026-05-01 07:00:00+00:00,DE,onshore,11.4,72,308.0,5.59,0.258819045102521,-0.9659258262890682,11.7,59,361.0,3.26,-0.7547095802227722,0.656059028990507,11.0,38,324.0,4.74,0.992546151641322,-0.1218693434051473,12.3,58,346.0,0.22,0.4539904997395468,-0.8910065241883678,6.399999999999999,open-meteo,2026-08-08T09:59:26+00:00
2026-05-01 08:00:00+00:00,DE,onshore,11.6,75,456.0,5.63,0.2249510543438652,-0.9743700647852352,14.5,54,513.0,1.94,-0.7547095802227722,0.656059028990507,12.9,33,496.0,4.71,0.9563047559630355,-0.2923717047227366,15.4,49,503.0,0.49,0.6018150231520482,-0.7986355100472929,4.4,open-meteo,2026-08-08T09:59:26+00:00
2026-05-01 09:00:00+00:00,DE,onshore,12.6,73,590.0,4.21,0.2079116908177593,-0.9781476007338056,17.1,47,642.0,3.47,-0.6819983600624984,0.7313537016191707,16.1,31,647.0,4.69,0.8987940462991669,-0.4383711467890775,17.8,34,640.0,0.22,-0.4539904997395469,0.8910065241883678,2.099999999999998,open-meteo,2026-08-08T09:59:26+00:00
2026-05-01 10:00:00+00:00,DE,onshore,12.9,73,694.0,2.72,0.4383711467890773,-0.898794046299167,18.6,42,737.0,3.51,-0.5000000000000004,0.8660254037844384,18.5,23,768.0,6.05,0.90630778703665,-0.4226182617406993,19.3,28,743.0,0.35,0.8290375725550417,0.5591929034707468,0.6750000000000007,open-meteo,2026-08-08T09:59:26+00:00
2026-05-01 11:00:00+00:00,DE,onshore,13.6,69,755.0,1.4,0.2079116908177593,-0.9781476007338056,19.8,38,787.0,2.85,-0.4539904997395469,0.8910065241883678,20.0,21,843.0,5.61,0.90630778703665,-0.4226182617406993,20.5,26,799.0,0.62,0.9510565162951536,-0.3090169943749473,0.4750000000000014,open-meteo,2026-08-08T09:59:26+00:00
2026-05-01 12:00:00+00:00,DE,onshore,14.1,71,775.0,1.87,0.6819983600624986,-0.7313537016191705,20.5,38,790.0,2.42,-0.3583679495453007,0.9335804264972016,21.2,22,861.0,4.79,0.9205048534524404,-0.3907311284892737,21.0,30,807.0,0.66,0.4539904997395468,-0.8910065241883678,1.1999999999999993,open-meteo,2026-08-08T09:59:26+00:00
2026-05-01 13:00:00+00:00,DE,onshore,14.4,68,744.0,3.18,0.8290375725550417,-0.5591929034707467,21.1,37,742.0,2.31,-0.2079116908177598,0.9781476007338056,22.2,22,826.0,4.84,0.9335804264972016,-0.3583679495453002,21.6,31,764.0,0.89,-0.1045284632676535,-0.9945218953682732,1.8250000000000028,open-meteo,2026-08-08T09:59:26+00:00
2026-05-01 14:00:00+00:00,DE,onshore,15.1,64,672.0,4.87,0.8660254037844387,-0.4999999999999998,21.3,37,655.0,1.77,0.1045284632676534,0.9945218953682732,23.0,22,741.0,4.53,0.9271838545667874,-0.374606593415912,22.1,32,678.0,1.43,-0.275637355816999,-0.9612616959383188,2.375,open-meteo,2026-08-08T09:59:26+00:00
2026-05-01 15:00:00+00:00,DE,onshore,15.9,62,563.0,6.96,0.777145961456971,-0.6293203910498373,21.5,36,531.0,0.9,-0.2249510543438653,0.9743700647852352,23.5,20,615.0,5.11,0.9396926207859084,-0.3420201433256687,22.4,30,555.0,1.4,0.4226182617406995,-0.90630778703665,2.825,open-meteo,2026-08-08T09:59:26+00:00
2026-05-01 16:00:00+00:00,DE,onshore,15.7,60,429.0,7.53,0.6293203910498374,-0.7771459614569709,21.1,39,387.0,0.79,-0.1218693434051472,0.992546151641322,23.3,21,458.0,5.39,0.9455185755993168,-0.3255681544571566,22.2,31,408.0,2.16,0.6293203910498374,-0.7771459614569709,2.575,open-meteo,2026-08-08T09:59:26+00:00
2026-05-01 17:00:00+00:00,DE,onshore,15.5,61,278.0,6.79,0.4539904997395468,-0.8910065241883678,20.5,40,232.0,0.42,-0.7071067811865477,0.7071067811865474,22.3,27,283.0,5.7,0.9961946980917455,-0.0871557427476582,21.3,27,248.0,4.29,0.8910065241883679,-0.4539904997395467,1.8999999999999984,open-meteo,2026-08-08T09:59:26+00:00
2026-05-01 18:00:00+00:00,DE,onshore,15.6,61,131.0,6.3,0.2079116908177593,-0.9781476007338056,19.3,44,88.0,0.75,0.3907311284892737,0.9205048534524404,20.5,30,115.0,7.4,0.992546151641322,-0.1218693434051473,19.0,32,98.0,3.54,0.7431448254773942,-0.6691306063588582,0.6000000000000014,open-meteo,2026-08-08T09:59:26+00:00
2026-05-01 19:00:00+00:00,DE,onshore,15.6,60,23.0,7.06,0.3255681544571566,-0.9455185755993168,15.4,58,6.0,1.88,0.7771459614569709,0.6293203910498374,17.7,39,11.0,6.23,0.8660254037844387,-0.4999999999999998,15.4,47,9.0,3.67,0.6946583704589971,-0.7193398003386513,1.974999999999998,open-meteo,2026-08-08T09:59:26+00:00
2026-05-01 20:00:00+00:00,DE,onshore,15.6,58,0.0,7.91,0.1391731009600653,-0.9902680687415704,12.2,69,0.0,3.5,0.981627183447664,-0.1908089953765448,15.8,42,0.0,6.4,0.8746197071393959,-0.484809620246337,13.3,54,0.0,4.16,0.7313537016191706,-0.6819983600624984,3.775000000000002,open-meteo,2026-08-08T09:59:26+00:00
2026-05-01 21:00:00+00:00,DE,onshore,15.6,59,0.0,8.34,0.2249510543438652,-0.9743700647852352,10.4,71,0.0,4.98,0.8090169943749475,-0.587785252292473,14.1,50,0.0,4.7,0.8090169943749475,-0.587785252292473,10.8,71,0.0,5.06,0.5877852522924732,-0.8090169943749473,5.274999999999999,open-meteo,2026-08-08T09:59:26+00:00
2026-05-01 22:00:00+00:00,DE,onshore,14.8,63,0.0,9.46,0.2756373558169992,-0.9612616959383188,9.8,67,0.0,5.4,0.4848096202463371,-0.8746197071393957,13.2,53,0.0,4.17,0.7547095802227721,-0.6560590289905072,9.5,80,0.0,4.34,0.3090169943749475,-0.9510565162951536,6.175000000000001,open-meteo,2026-08-08T09:59:26+00:00
2026-05-01 23:00:00+00:00,DE,onshore,14.3,64,0.0,11.03,0.2419218955996677,-0.9702957262759964,9.5,64,0.0,6.1,0.3255681544571566,-0.9455185755993168,11.8,59,0.0,3.9,0.8829475928589269,-0.4694715627858909,8.3,86,0.0,5.31,0.3907311284892737,-0.9205048534524404,7.024999999999999,open-meteo,2026-08-08T09:59:26+00:00
2026-05-02 00:00:00+00:00,DE,onshore,14.7,63,0.0,11.34,0.1045284632676537,-0.9945218953682732,8.5,67,0.0,6.65,0.1564344650402309,-0.9876883405951375,9.8,66,0.0,3.26,0.7193398003386511,-0.6946583704589974,7.3,88,0.0,5.77,0.258819045102521,-0.9659258262890682,7.925000000000001,open-meteo,2026-08-08T09:59:26+00:00
2026-05-02 01:00:00+00:00,DE,onshore,13.9,66,0.0,11.79,-0.0697564737441252,-0.9975640502598242,8.4,70,0.0,7.18,0.0871557427476582,-0.9961946980917455,8.6,70,0.0,3.83,0.766044443118978,-0.6427876096865394,6.7,87,0.0,6.08,0.0523359562429438,-0.9986295347545738,8.6,open-meteo,2026-08-08T09:59:26+00:00
2026-05-02 02:00:00+00:00,DE,onshore,13.6,69,0.0,11.81,-0.2419218955996675,-0.9702957262759964,8.4,70,0.0,7.55,0.0174524064372834,-0.9998476951563912,7.2,76,0.0,3.08,0.6018150231520482,-0.7986355100472929,6.4,87,0.0,6.48,-0.0523359562429435,-0.9986295347545738,9.1,open-meteo,2026-08-08T09:59:26+00:00
2026-05-02 03:00:00+00:00,DE,onshore,13.6,70,0.0,11.34,-0.3090169943749473,-0.9510565162951536,6.9,81,0.0,7.5,-0.1218693434051473,-0.992546151641322,6.9,78,0.0,3.67,0.6946583704589971,-0.7193398003386513,5.4,90,0.0,6.76,1.2246467991473532e-16,-1.0,9.8,open-meteo,2026-08-08T09:59:26+00:00
2026-05-02 04:00:00+00:00,DE,onshore,13.2,72,0.0,10.44,-0.2923717047227367,-0.9563047559630354,7.1,84,5.0,8.34,-0.1564344650402307,-0.9876883405951378,6.3,78,0.0,3.83,0.8480480961564261,-0.5299192642332048,5.3,90,1.0,7.35,-0.0348994967025009,-0.9993908270190958,10.025,open-meteo,2026-08-08T09:59:26+00:00
2026-05-02 05:00:00+00:00,DE,onshore,12.8,73,45.0,10.38,-0.2419218955996675,-0.9702957262759964,9.9,79,77.0,9.54,-0.1564344650402307,-0.9876883405951378,6.1,80,31.0,4.62,0.8480480961564261,-0.5299192642332048,7.1,85,59.0,7.96,-0.0697564737441252,-0.9975640502598242,9.025,open-meteo,2026-08-08T09:59:26+00:00
2026-05-02 06:00:00+00:00,DE,onshore,13.1,70,167.0,11.44,-0.275637355816999,-0.9612616959383188,14.4,62,213.0,9.26,-0.1736481776669304,-0.984807753012208,10.8,60,155.0,3.98,0.788010753606722,-0.6156614753256583,11.6,69,189.0,7.61,-0.1218693434051473,-0.992546151641322,5.525,open-meteo,2026-08-08T09:59:26+00:00
2026-05-02 07:00:00+00:00,DE,onshore,13.4,71,318.0,11.22,-0.275637355816999,-0.9612616959383188,16.6,55,369.0,7.4,-0.1218693434051473,-0.992546151641322,13.8,49,318.0,2.32,0.8829475928589269,-0.4694715627858909,15.4,60,348.0,5.49,-0.0348994967025009,-0.9993908270190958,3.200000000000001,open-meteo,2026-08-08T09:59:26+00:00
2026-05-02 08:00:00+00:00,DE,onshore,13.8,69,469.0,11.31,-0.3090169943749473,-0.9510565162951536,18.5,52,517.0,7.14,-0.1564344650402307,-0.9876883405951378,16.1,46,490.0,0.84,0.8090169943749475,-0.587785252292473,18.5,50,508.0,5.5,-0.0697564737441252,-0.9975640502598242,1.2749999999999986,open-meteo,2026-08-08T09:59:26+00:00
2026-05-02 09:00:00+00:00,DE,onshore,14.9,67,602.0,10.86,-0.2588190451025208,-0.9659258262890684,21.1,41,643.0,6.48,-0.3420201433256686,-0.9396926207859084,19.5,38,637.0,0.44,-0.8910065241883678,-0.4539904997395469,21.6,39,644.0,4.88,-0.1736481776669304,-0.984807753012208,1.2749999999999986,open-meteo,2026-08-08T09:59:26+00:00
2026-05-02 10:00:00+00:00,DE,onshore,15.2,66,708.0,9.89,-0.275637355816999,-0.9612616959383188,22.7,40,738.0,6.58,-0.4694715627858908,-0.8829475928589269,22.5,34,741.0,2.1,-0.8829475928589271,0.4694715627858904,23.3,33,747.0,5.61,-0.0871557427476579,-0.9961946980917455,2.9250000000000007,open-meteo,2026-08-08T09:59:26+00:00
2026-05-02 11:00:00+00:00,DE,onshore,15.6,65,772.0,9.12,-0.3583679495453004,-0.9335804264972016,23.7,37,788.0,7.02,-0.5000000000000001,-0.8660254037844386,23.6,31,790.0,2.45,-0.7986355100472932,0.6018150231520479,24.5,29,802.0,6.19,-0.0871557427476579,-0.9961946980917455,3.8500000000000014,open-meteo,2026-08-08T09:59:26+00:00
2026-05-02 12:00:00+00:00,DE,onshore,16.9,59,757.0,8.41,-0.2588190451025208,-0.9659258262890684,24.2,34,792.0,7.32,-0.4226182617406993,-0.90630778703665,24.6,30,830.0,0.39,1.0,6.123233995736766e-17,25.1,25,811.0,6.08,-0.0523359562429435,-0.9986295347545738,4.699999999999996,open-meteo,2026-08-08T09:59:26+00:00
2026-05-02 13:00:00+00:00,DE,onshore,16.8,55,607.0,8.3,-0.3907311284892735,-0.9205048534524404,24.6,32,751.0,7.53,-0.3090169943749473,-0.9510565162951536,25.5,31,799.0,2.52,0.9743700647852352,-0.224951054343865,25.7,25,771.0,6.88,-0.0697564737441252,-0.9975640502598242,5.150000000000002,open-meteo,2026-08-08T09:59:26+00:00
2026-05-02 14:00:00+00:00,DE,onshore,15.5,63,640.0,6.28,-0.8290375725550418,-0.5591929034707466,24.8,29,665.0,7.98,-0.2419218955996675,-0.9702957262759964,25.5,29,699.0,2.29,0.8571673007021123,-0.5150380749100543,26.0,24,685.0,6.94,-0.1564344650402307,-0.9876883405951378,4.949999999999999,open-meteo,2026-08-08T09:59:26+00:00
2026-05-02 15:00:00+00:00,DE,onshore,13.9,74,509.0,8.21,-0.9205048534524404,0.3907311284892735,24.8,27,545.0,7.98,-0.4226182617406993,-0.90630778703665,25.9,23,569.0,1.28,0.8480480961564261,-0.5299192642332048,25.7,26,563.0,6.65,-0.1564344650402307,-0.9876883405951378,4.574999999999999,open-meteo,2026-08-08T09:59:26+00:00
2026-05-02 16:00:00+00:00,DE,onshore,13.0,84,341.0,10.82,-0.8910065241883679,0.4539904997395466,24.3,26,400.0,8.11,-0.4226182617406993,-0.90630778703665,25.4,23,419.0,1.62,0.90630778703665,-0.4226182617406993,25.2,27,412.0,7.25,-0.1564344650402307,-0.9876883405951378,3.974999999999998,open-meteo,2026-08-08T09:59:26+00:00
2026-05-02 17:00:00+00:00,DE,onshore,12.8,90,154.0,8.51,-0.8386705679454243,0.5446390350150266,23.7,27,240.0,7.41,-0.4383711467890774,-0.8987940462991669,24.5,26,258.0,2.29,0.9396926207859084,-0.3420201433256687,24.5,30,250.0,5.75,-0.2419218955996675,-0.9702957262759964,3.375,open-meteo,2026-08-08T09:59:26+00:00
2026-05-02 18:00:00+00:00,DE,onshore,13.4,92,91.0,6.35,-0.8910065241883679,0.4539904997395466,20.9,35,94.0,9.82,-0.4848096202463369,-0.8746197071393959,22.4,29,115.0,3.27,0.9876883405951378,0.1564344650402309,21.5,40,92.0,6.57,0.0348994967025011,-0.9993908270190958,1.5499999999999972,open-meteo,2026-08-08T09:59:26+00:00
2026-05-02 19:00:00+00:00,DE,onshore,12.7,93,20.0,5.31,-0.8660254037844386,0.5000000000000001,17.7,43,8.0,10.35,-0.4226182617406993,-0.90630778703665,19.0,36,12.0,3.31,0.9781476007338056,0.2079116908177594,17.8,52,8.0,7.06,0.0348994967025011,-0.9993908270190958,1.1999999999999993,open-meteo,2026-08-08T09:59:26+00:00
2026-05-02 20:00:00+00:00,DE,onshore,12.5,92,0.0,4.75,-0.9271838545667874,0.3746065934159119,16.4,46,0.0,10.49,-0.5000000000000001,-0.8660254037844386,17.8,40,0.0,2.85,0.9975640502598242,-0.0697564737441253,15.9,59,0.0,7.45,0.0174524064372834,-0.9998476951563912,2.35,open-meteo,2026-08-08T09:59:26+00:00
2026-05-02 21:00:00+00:00,DE,onshore,12.3,86,0.0,4.04,-0.9205048534524404,0.3907311284892735,16.3,49,0.0,10.74,-0.5299192642332048,-0.8480480961564261,16.7,48,0.0,1.74,0.6156614753256584,-0.7880107536067219,14.6,63,0.0,7.42,-0.2588190451025208,-0.9659258262890684,3.0250000000000004,open-meteo,2026-08-08T09:59:26+00:00
2026-05-02 22:00:00+00:00,DE,onshore,12.1,88,0.0,2.55,-0.9205048534524404,0.3907311284892735,15.8,50,0.0,10.72,-0.5150380749100542,-0.8571673007021123,14.6,56,0.0,1.21,0.2419218955996677,-0.9702957262759964,13.0,68,0.0,7.29,-0.1045284632676535,-0.9945218953682732,4.125,open-meteo,2026-08-08T09:59:26+00:00
2026-05-02 23:00:00+00:00,DE,onshore,11.8,90,0.0,2.24,-0.8746197071393956,0.4848096202463373,15.4,51,0.0,11.01,-0.5591929034707467,-0.8290375725550418,12.0,69,0.0,1.08,-0.0871557427476579,-0.9961946980917455,11.9,73,0.0,6.86,-0.1736481776669304,-0.984807753012208,5.225,open-meteo,2026-08-08T09:59:26+00:00
2026-05-03 00:00:00+00:00,DE,onshore,11.2,94,0.0,5.09,-0.275637355816999,-0.9612616959383188,15.0,52,0.0,10.47,-0.6156614753256582,-0.788010753606722,11.9,74,0.0,1.18,-0.0871557427476579,-0.9961946980917455,11.4,78,0.0,7.4,-0.1908089953765447,-0.981627183447664,5.625,open-meteo,2026-08-08T09:59:26+00:00
2026-05-03 01:00:00+00:00,DE,onshore,11.7,91,0.0,1.5,-0.848048096156426,-0.529919264233205,14.4,53,0.0,10.15,-0.6018150231520484,-0.7986355100472928,11.4,74,0.0,2.75,-0.9975640502598242,-0.0697564737441255,10.9,81,0.0,6.2,-0.3583679495453004,-0.9335804264972016,5.9,open-meteo,2026-08-08T09:59:26+00:00
2026-05-03 02:00:00+00:00,DE,onshore,11.6,93,0.0,0.71,-0.9612616959383188,0.2756373558169994,13.9,56,0.0,9.7,-0.5735764363510462,-0.8191520442889918,12.2,73,0.0,3.63,-0.945518575599317,0.3255681544571563,10.1,85,0.0,5.84,-0.5735764363510462,-0.8191520442889918,6.049999999999999,open-meteo,2026-08-08T09:59:26+00:00
2026-05-03 03:00:00+00:00,DE,onshore,11.7,92,0.0,0.69,0.1391731009600653,-0.9902680687415704,12.9,64,0.0,8.94,-0.6156614753256582,-0.788010753606722,12.2,72,0.0,3.42,-0.8910065241883679,0.4539904997395466,9.3,86,0.0,5.22,-0.7660444431189779,-0.6427876096865395,6.475000000000001,open-meteo,2026-08-08T09:59:26+00:00
2026-05-03 04:00:00+00:00,DE,onshore,12.1,90,0.0,2.08,0.6560590289905073,-0.754709580222772,11.9,69,6.0,6.66,-0.8090169943749473,-0.5877852522924732,10.2,84,0.0,1.04,-0.6560590289905074,0.7547095802227719,9.2,89,2.0,4.18,-0.6293203910498376,-0.7771459614569708,7.149999999999999,open-meteo,2026-08-08T09:59:26+00:00
2026-05-03 05:00:00+00:00,DE,onshore,12.4,90,10.0,3.12,0.6560590289905073,-0.754709580222772,13.0,67,76.0,5.0,-0.882947592858927,-0.4694715627858907,10.2,85,23.0,0.39,1.2246467991473532e-16,-1.0,10.6,82,57.0,4.86,-0.4694715627858908,-0.8829475928589269,6.450000000000001,open-meteo,2026-08-08T09:59:26+00:00
2026-05-03 06:00:00+00:00,DE,onshore,11.8,94,34.0,0.89,0.9945218953682732,-0.1045284632676535,16.1,60,208.0,5.06,-0.7313537016191703,-0.6819983600624986,13.8,69,114.0,1.71,-0.9743700647852352,0.2249510543438649,14.4,62,172.0,6.45,-0.5000000000000001,-0.8660254037844386,3.975,open-meteo,2026-08-08T09:59:26+00:00
2026-05-03 07:00:00+00:00,DE,onshore,12.3,93,121.0,2.42,0.9335804264972016,-0.3583679495453002,18.1,54,356.0,3.47,-0.374606593415912,-0.9271838545667874,15.5,66,228.0,1.18,-0.7431448254773946,0.6691306063588578,17.4,55,329.0,4.88,-0.1736481776669304,-0.984807753012208,2.174999999999999,open-meteo,2026-08-08T09:59:26+00:00
2026-05-03 08:00:00+00:00,DE,onshore,12.6,91,247.0,1.67,0.9335804264972016,-0.3583679495453002,20.2,51,454.0,3.82,-0.4848096202463369,-0.8746197071393959,18.5,57,403.0,1.18,-1.0,-1.8369701987210287e-16,20.8,49,495.0,3.23,1.2246467991473532e-16,-1.0,0.0249999999999985,open-meteo,2026-08-08T09:59:26+00:00
2026-05-03 09:00:00+00:00,DE,onshore,12.7,90,424.0,1.77,0.9945218953682732,-0.1045284632676535,22.6,46,608.0,3.14,-0.7771459614569706,-0.6293203910498378,20.9,40,554.0,1.84,-0.9063077870366498,0.4226182617406996,24.0,36,616.0,4.42,-0.2249510543438649,-0.9743700647852352,2.049999999999997,open-meteo,2026-08-08T09:59:26+00:00
2026-05-03 10:00:00+00:00,DE,onshore,13.0,90,485.0,1.29,0.9876883405951378,-0.1564344650402308,24.3,43,709.0,4.24,-0.7660444431189779,-0.6427876096865395,22.6,40,734.0,0.77,-0.6427876096865393,-0.766044443118978,26.1,27,716.0,5.4,-0.275637355816999,-0.9612616959383188,3.5,open-meteo,2026-08-08T09:59:26+00:00
2026-05-03 11:00:00+00:00,DE,onshore,13.4,90,655.0,1.15,0.9396926207859084,0.3420201433256688,25.5,38,773.0,5.01,-0.6427876096865393,-0.766044443118978,24.0,36,704.0,1.77,0.1045284632676537,-0.9945218953682732,27.2,24,759.0,7.07,-0.7313537016191703,-0.6819983600624986,4.524999999999999,open-meteo,2026-08-08T09:59:26+00:00
2026-05-03 12:00:00+00:00,DE,onshore,13.4,90,604.0,1.31,0.8910065241883679,0.4539904997395468,25.9,33,752.0,5.49,-0.6427876096865393,-0.766044443118978,24.0,35,710.0,2.91,0.838670567945424,-0.5446390350150272,26.5,28,589.0,5.73,-0.9743700647852352,-0.2249510543438652,4.449999999999999,open-meteo,2026-08-08T09:59:26+00:00
2026-05-03 13:00:00+00:00,DE,onshore,13.9,89,517.0,1.86,0.9986295347545738,-0.0523359562429438,26.5,28,691.0,7.84,-0.754709580222772,-0.6560590289905073,24.8,32,640.0,0.96,0.9135454576426008,-0.4067366430758002,26.6,21,534.0,6.21,-0.9781476007338056,-0.2079116908177598,4.950000000000003,open-meteo,2026-08-08T09:59:26+00:00
2026-05-03 14:00:00+00:00,DE,onshore,14.2,88,494.0,1.88,0.7771459614569709,0.6293203910498374,25.9,32,502.0,5.48,-0.874619707139396,-0.4848096202463368,24.4,35,426.0,3.16,-0.9612616959383188,0.2756373558169994,26.6,28,467.0,5.25,-0.8386705679454242,-0.544639035015027,4.774999999999999,open-meteo,2026-08-08T09:59:26+00:00
2026-05-03 15:00:00+00:00,DE,onshore,13.9,89,371.0,4.56,0.2588190451025207,0.9659258262890684,24.8,29,320.0,7.97,-0.8987940462991668,-0.4383711467890777,24.5,34,351.0,0.98,-0.9945218953682734,-0.1045284632676533,26.2,27,411.0,4.95,-0.90630778703665,-0.4226182617406991,4.350000000000001,open-meteo,2026-08-08T09:59:26+00:00
2026-05-03 16:00:00+00:00,DE,onshore,14.2,86,41.0,6.09,0.1908089953765448,0.981627183447664,24.1,31,166.0,7.24,-0.7660444431189779,-0.6427876096865395,22.4,40,162.0,5.38,-0.984807753012208,0.1736481776669299,25.1,29,273.0,6.01,-0.9781476007338056,-0.2079116908177598,3.45,open-meteo,2026-08-08T09:59:26+00:00
2026-05-03 17:00:00+00:00,DE,onshore,13.4,97,21.0,4.71,-0.9563047559630352,-0.2923717047227371,23.5,34,131.0,7.07,-0.8571673007021121,-0.5150380749100544,21.7,37,63.0,6.51,-0.9612616959383188,0.2756373558169994,23.5,29,164.0,7.75,-0.961261695938319,-0.2756373558169989,2.5249999999999986,open-meteo,2026-08-08T09:59:26+00:00
2026-05-03 18:00:00+00:00,DE,onshore,12.4,97,14.0,2.7,-0.6946583704589976,0.7193398003386509,21.0,47,42.0,5.86,-0.7880107536067221,-0.6156614753256581,19.6,35,56.0,11.1,-0.9876883405951378,0.1564344650402306,22.0,33,56.0,7.34,-0.8571673007021121,-0.5150380749100544,0.75,open-meteo,2026-08-08T09:59:26+00:00
2026-05-03 19:00:00+00:00,DE,onshore,12.3,97,4.0,3.59,-0.8191520442889916,-0.5735764363510464,19.0,53,4.0,7.23,-0.8090169943749473,-0.5877852522924732,18.1,36,6.0,9.69,-0.9702957262759966,0.2419218955996674,19.3,43,5.0,7.27,-0.7986355100472928,-0.6018150231520483,0.8249999999999993,open-meteo,2026-08-08T09:59:26+00:00
2026-05-03 20:00:00+00:00,DE,onshore,12.8,96,0.0,7.68,-0.8660254037844384,-0.5000000000000004,18.5,51,0.0,9.64,-0.7313537016191703,-0.6819983600624986,17.1,38,0.0,9.15,-0.9743700647852352,0.2249510543438649,18.7,46,0.0,6.11,-0.754709580222772,-0.6560590289905073,1.224999999999998,open-meteo,2026-08-08T09:59:26+00:00
2026-05-03 21:00:00+00:00,DE,onshore,13.2,96,0.0,7.43,-0.8090169943749473,-0.5877852522924732,18.9,47,0.0,12.49,-0.8987940462991668,-0.4383711467890777,16.1,46,0.0,5.79,-0.9975640502598244,0.0697564737441252,17.2,50,0.0,6.49,-0.8290375725550418,-0.5591929034707466,1.650000000000002,open-meteo,2026-08-08T09:59:26+00:00
2026-05-03 22:00:00+00:00,DE,onshore,12.7,97,0.0,7.68,-0.8660254037844384,-0.5000000000000004,18.2,48,0.0,8.8,-0.7071067811865475,-0.7071067811865477,15.0,60,0.0,2.29,-0.9396926207859084,-0.3420201433256685,16.4,52,0.0,9.15,-0.9612616959383188,0.2756373558169994,2.4250000000000007,open-meteo,2026-08-08T09:59:26+00:00
2026-05-03 23:00:00+00:00,DE,onshore,11.8,97,0.0,9.32,-0.9659258262890684,-0.2588190451025206,16.5,56,0.0,10.01,-0.9986295347545738,-0.0523359562429443,14.2,61,0.0,0.92,-0.5299192642332048,-0.8480480961564261,16.3,57,0.0,5.84,-0.9205048534524404,0.3907311284892735,3.3000000000000007,open-meteo,2026-08-08T09:59:26+00:00
2026-05-04 00:00:00+00:00,DE,onshore,11.8,97,0.0,11.82,-0.984807753012208,-0.1736481776669303,16.5,57,0.0,9.31,-0.9998476951563912,0.0174524064372831,13.6,64,0.0,1.58,0.3746065934159122,-0.9271838545667872,16.3,63,0.0,8.15,-0.9510565162951536,0.3090169943749472,3.45,open-meteo,2026-08-08T09:59:26+00:00
2026-05-04 01:00:00+00:00,DE,onshore,11.3,94,0.0,11.24,-0.992546151641322,-0.1218693434051471,15.2,66,0.0,9.79,-0.9510565162951536,-0.3090169943749475,13.4,66,0.0,2.31,0.5877852522924732,-0.8090169943749473,15.6,69,0.0,5.24,-0.9563047559630354,0.2923717047227367,4.125,open-meteo,2026-08-08T09:59:26+00:00
2026-05-04 02:00:00+00:00,DE,onshore,10.7,98,0.0,9.66,-0.9205048534524404,0.3907311284892735,14.7,72,0.0,9.63,-0.9876883405951375,-0.156434465040231,12.4,68,0.0,1.77,0.3255681544571566,-0.9455185755993168,14.5,77,0.0,4.56,-0.90630778703665,-0.4226182617406991,4.925000000000001,open-meteo,2026-08-08T09:59:26+00:00
2026-05-04 03:00:00+00:00,DE,onshore,10.4,95,0.0,6.9,-0.8191520442889918,0.573576436351046,14.6,74,0.0,7.97,-0.981627183447664,-0.1908089953765446,10.3,79,0.0,0.88,-0.4539904997395467,-0.8910065241883679,14.2,78,0.0,4.73,-0.7660444431189779,-0.6427876096865395,5.625,open-meteo,2026-08-08T09:59:26+00:00
2026-05-04 04:00:00+00:00,DE,onshore,9.9,93,0.0,6.45,-0.8090169943749476,0.5877852522924729,14.0,77,4.0,8.42,-0.874619707139396,-0.4848096202463368,8.9,85,0.0,0.84,-0.3583679495453004,-0.9335804264972016,13.6,80,2.0,5.93,-0.8571673007021121,-0.5150380749100544,6.4,open-meteo,2026-08-08T09:59:26+00:00
2026-05-04 05:00:00+00:00,DE,onshore,9.6,93,21.0,5.55,-0.6691306063588581,0.7431448254773944,14.7,77,61.0,7.23,-0.90630778703665,-0.4226182617406991,8.8,88,34.0,0.98,-0.1045284632676535,-0.9945218953682732,14.0,79,58.0,7.52,-0.9902680687415704,-0.1391731009600658,6.225000000000001,open-meteo,2026-08-08T09:59:26+00:00
2026-05-04 06:00:00+00:00,DE,onshore,10.0,87,59.0,3.99,-0.9063077870366498,0.4226182617406996,15.5,76,152.0,6.84,-0.9743700647852352,-0.2249510543438652,11.9,76,142.0,0.69,1.2246467991473532e-16,-1.0,16.0,69,162.0,5.24,-0.9563047559630352,-0.2923717047227371,4.65,open-meteo,2026-08-08T09:59:26+00:00
2026-05-04 07:00:00+00:00,DE,onshore,9.9,88,114.0,3.75,-0.9396926207859084,0.342020143325669,16.5,74,273.0,7.17,-0.9271838545667872,-0.3746065934159123,14.6,63,282.0,0.5,0.1908089953765449,-0.981627183447664,17.4,67,324.0,5.59,-0.9998476951563912,-0.0174524064372834,3.4000000000000004,open-meteo,2026-08-08T09:59:26+00:00
2026-05-04 08:00:00+00:00,DE,onshore,10.0,88,206.0,3.47,-0.9612616959383188,0.2756373558169994,17.7,66,429.0,8.04,-0.9876883405951375,-0.156434465040231,17.5,54,444.0,0.49,0.6018150231520482,-0.7986355100472929,18.4,62,384.0,5.09,-1.0,-1.8369701987210287e-16,2.1,open-meteo,2026-08-08T09:59:26+00:00
2026-05-04 09:00:00+00:00,DE,onshore,10.4,84,431.0,3.68,-0.8746197071393956,0.4848096202463373,18.6,61,519.0,7.3,-0.992546151641322,-0.1218693434051471,18.4,50,591.0,0.44,0.4539904997395468,-0.8910065241883678,19.3,58,409.0,4.72,-0.9961946980917455,-0.0871557427476582,1.3249999999999993,open-meteo,2026-08-08T09:59:26+00:00
2026-05-04 10:00:00+00:00,DE,onshore,10.3,86,511.0,4.25,-0.8746197071393956,0.4848096202463373,19.4,54,617.0,7.3,-0.992546151641322,-0.1218693434051471,19.4,44,413.0,0.53,0.3746065934159122,-0.9271838545667872,19.8,57,357.0,5.1,-0.9998476951563912,-0.0174524064372834,0.7750000000000021,open-meteo,2026-08-08T09:59:26+00:00
2026-05-04 11:00:00+00:00,DE,onshore,10.3,85,498.0,3.84,-0.945518575599317,0.3255681544571563,19.9,50,692.0,8.04,-0.9993908270190958,0.0348994967025012,20.4,42,458.0,1.15,-0.9396926207859084,-0.3420201433256685,20.9,50,565.0,4.82,-0.9961946980917455,-0.0871557427476582,0.125,open-meteo,2026-08-08T09:59:26+00:00
2026-05-04 12:00:00+00:00,DE,onshore,10.1,86,500.0,3.52,-0.9743700647852352,0.2249510543438649,19.5,52,617.0,8.06,-0.9975640502598244,0.0697564737441252,20.8,39,390.0,2.2,-0.9335804264972016,0.3583679495453004,20.6,52,481.0,4.41,-0.9986295347545738,0.0523359562429439,0.25,open-meteo,2026-08-08T09:59:26+00:00
2026-05-04 13:00:00+00:00,DE,onshore,10.2,85,400.0,3.67,-0.7193398003386512,0.6946583704589973,19.3,55,561.0,7.23,-0.9743700647852352,0.2249510543438649,21.2,39,378.0,1.49,-0.9205048534524404,0.3907311284892735,21.6,50,531.0,4.13,-0.9975640502598244,0.0697564737441252,0.0750000000000028,open-meteo,2026-08-08T09:59:26+00:00
2026-05-04 14:00:00+00:00,DE,onshore,10.2,85,380.0,4.52,-0.5000000000000004,0.8660254037844384,18.5,59,443.0,6.58,-0.7313537016191703,0.6819983600624987,21.6,44,514.0,3.0,-0.7880107536067218,0.6156614753256585,21.9,47,540.0,3.85,-0.9659258262890684,0.2588190451025203,0.0499999999999971,open-meteo,2026-08-08T09:59:26+00:00
2026-05-04 15:00:00+00:00,DE,onshore,9.9,84,422.0,3.38,-0.3746065934159123,0.9271838545667872,18.5,56,405.0,5.51,-0.7771459614569708,0.6293203910498375,20.9,43,423.0,2.75,-0.5735764363510465,0.8191520442889916,21.4,52,358.0,3.54,-0.7431448254773946,0.6691306063588578,0.3250000000000028,open-meteo,2026-08-08T09:59:26+00:00
2026-05-04 16:00:00+00:00,DE,onshore,10.0,81,400.0,4.8,-0.2923717047227371,0.9563047559630352,17.8,56,288.0,4.73,-0.5591929034707466,0.8290375725550418,20.2,42,198.0,2.96,-0.5591929034707466,0.8290375725550418,20.8,50,270.0,3.73,-0.5000000000000004,0.8660254037844384,0.8000000000000007,open-meteo,2026-08-08T09:59:26+00:00
2026-05-04 17:00:00+00:00,DE,onshore,10.0,86,270.0,4.35,-0.3907311284892739,0.9205048534524404,17.2,59,223.0,3.52,-0.2249510543438653,0.9743700647852352,19.0,47,87.0,4.43,-0.9063077870366498,0.4226182617406996,20.7,50,153.0,2.83,-0.5591929034707466,0.8290375725550418,1.2749999999999986,open-meteo,2026-08-08T09:59:26+00:00
2026-05-04 18:00:00+00:00,DE,onshore,10.1,78,132.0,5.89,-0.2588190451025207,0.9659258262890684,16.1,63,88.0,4.25,0.1391731009600654,0.9902680687415704,17.4,59,36.0,5.77,-0.9659258262890684,0.2588190451025203,19.5,55,68.0,4.75,0.1391731009600654,0.9902680687415704,2.225,open-meteo,2026-08-08T09:59:26+00:00
2026-05-04 19:00:00+00:00,DE,onshore,9.9,81,28.0,6.09,-0.1908089953765446,0.981627183447664,13.7,69,9.0,4.56,0.4694715627858908,0.882947592858927,16.2,64,8.0,6.3,-0.9659258262890684,0.2588190451025203,17.6,61,9.0,5.4,0.374606593415912,0.9271838545667874,3.65,open-meteo,2026-08-08T09:59:26+00:00
2026-05-04 20:00:00+00:00,DE,onshore,9.8,76,0.0,6.01,-0.2079116908177598,0.9781476007338056,12.6,74,0.0,3.7,0.6018150231520483,0.7986355100472928,16.0,63,0.0,6.01,-0.945518575599317,0.3255681544571563,16.2,65,0.0,5.65,0.6293203910498374,0.7771459614569709,4.350000000000001,open-meteo,2026-08-08T09:59:26+00:00
2026-05-04 21:00:00+00:00,DE,onshore,9.5,82,0.0,5.62,-0.1045284632676534,0.9945218953682732,11.1,82,0.0,3.95,0.7431448254773942,0.6691306063588582,15.3,73,0.0,4.38,-0.7660444431189781,0.6427876096865393,14.9,68,0.0,5.35,0.754709580222772,0.6560590289905073,5.299999999999999,open-meteo,2026-08-08T09:59:26+00:00
2026-05-04 22:00:00+00:00,DE,onshore,9.3,85,0.0,6.09,-0.0871557427476583,0.9961946980917455,10.6,84,0.0,2.84,0.6946583704589973,0.7193398003386512,14.2,81,0.0,6.15,-0.9702957262759966,0.2419218955996674,14.7,70,0.0,4.79,0.8571673007021123,0.5150380749100542,5.800000000000001,open-meteo,2026-08-08T09:59:26+00:00
2026-05-04 23:00:00+00:00,DE,onshore,9.2,81,0.0,5.19,-0.0174524064372835,0.9998476951563912,10.0,87,0.0,2.33,0.9659258262890684,0.2588190451025207,14.0,84,0.0,6.68,-0.9271838545667874,0.3746065934159119,14.1,76,0.0,4.0,-0.981627183447664,-0.1908089953765446,6.174999999999999,open-meteo,2026-08-08T09:59:26+00:00
2026-05-05 00:00:00+00:00,DE,onshore,8.9,78,0.0,5.38,-0.1736481776669304,0.984807753012208,8.9,94,0.0,1.57,0.9975640502598242,0.0697564737441252,13.8,80,0.0,5.02,-0.9563047559630354,0.2923717047227367,13.7,89,0.0,1.2,-0.5735764363510462,-0.8191520442889918,6.675000000000001,open-meteo,2026-08-08T09:59:26+00:00
2026-05-05 01:00:00+00:00,DE,onshore,8.7,80,0.0,5.21,-0.0697564737441256,0.9975640502598242,8.8,93,0.0,1.59,0.7313537016191705,0.6819983600624985,13.3,85,0.0,2.42,-0.9335804264972016,0.3583679495453004,13.3,91,0.0,2.67,0.9902680687415704,0.1391731009600654,6.975,open-meteo,2026-08-08T09:59:26+00:00
2026-05-05 02:00:00+00:00,DE,onshore,8.7,79,0.0,5.98,-0.0174524064372835,0.9998476951563912,8.9,94,0.0,2.39,0.573576436351046,0.8191520442889918,13.0,87,0.0,1.24,-0.9510565162951536,0.3090169943749472,13.2,92,0.0,1.71,0.9743700647852352,0.2249510543438649,7.050000000000001,open-meteo,2026-08-08T09:59:26+00:00
2026-05-05 03:00:00+00:00,DE,onshore,8.7,80,0.0,5.85,0.2419218955996677,0.9702957262759964,9.2,95,0.0,2.5,0.5150380749100542,0.8571673007021123,12.4,89,0.0,0.44,0.4539904997395468,0.8910065241883679,13.0,96,0.0,1.04,0.6560590289905073,0.754709580222772,7.175000000000001,open-meteo,2026-08-08T09:59:26+00:00
2026-05-05 04:00:00+00:00,DE,onshore,8.7,81,1.0,5.65,0.4383711467890774,0.898794046299167,9.6,94,2.0,1.74,0.788010753606722,0.6156614753256583,12.0,89,0.0,2.08,-0.945518575599317,0.3255681544571563,12.9,96,2.0,1.47,-0.0697564737441256,0.9975640502598242,7.200000000000001,open-meteo,2026-08-08T09:59:26+00:00
2026-05-05 05:00:00+00:00,DE,onshore,8.9,76,18.0,6.22,0.5446390350150271,0.838670567945424,9.7,93,19.0,2.26,0.5591929034707469,0.8290375725550417,11.7,92,27.0,1.11,-0.7071067811865477,0.7071067811865474,13.1,96,30.0,1.1,0.4539904997395468,0.8910065241883679,7.15,open-meteo,2026-08-08T09:59:26+00:00
2026-05-05 06:00:00+00:00,DE,onshore,8.6,78,100.0,6.86,0.6018150231520483,0.7986355100472928,9.7,93,39.0,3.33,0.8829475928589269,0.4694715627858908,12.9,90,83.0,0.2,-2.4492935982947064e-16,1.0,13.7,91,77.0,1.47,-2.4492935982947064e-16,1.0,6.775000000000002,open-meteo,2026-08-08T09:59:26+00:00
2026-05-05 07:00:00+00:00,DE,onshore,8.8,78,282.0,6.71,0.5591929034707469,0.8290375725550417,10.0,95,57.0,3.23,0.8191520442889918,0.573576436351046,15.1,78,186.0,1.23,-0.8746197071393956,0.4848096202463373,14.3,90,123.0,1.59,-0.6819983600624984,0.7313537016191707,5.949999999999999,open-meteo,2026-08-08T09:59:26+00:00
2026-05-05 08:00:00+00:00,DE,onshore,9.0,76,464.0,6.4,0.4539904997395468,0.8910065241883679,10.1,96,67.0,4.96,0.788010753606722,0.6156614753256583,16.9,72,363.0,1.27,-0.9205048534524404,0.3907311284892735,15.4,83,227.0,1.77,-0.3255681544571567,0.9455185755993168,5.15,open-meteo,2026-08-08T09:59:26+00:00
2026-05-05 09:00:00+00:00,DE,onshore,9.6,76,605.0,6.37,0.5150380749100542,0.8571673007021123,10.9,95,134.0,2.91,0.7431448254773942,0.6691306063588582,17.8,68,454.0,2.06,-0.9063077870366498,0.4226182617406996,15.3,85,256.0,2.01,-0.7313537016191703,0.6819983600624987,4.600000000000001,open-meteo,2026-08-08T09:59:26+00:00
2026-05-05 10:00:00+00:00,DE,onshore,10.1,74,639.0,5.65,0.4383711467890774,0.898794046299167,11.1,93,119.0,3.21,0.6156614753256583,0.7880107536067219,18.0,65,449.0,2.94,-0.7986355100472932,0.6018150231520479,15.8,82,222.0,2.06,-0.0523359562429443,0.9986295347545738,4.25,open-meteo,2026-08-08T09:59:26+00:00
2026-05-05 11:00:00+00:00,DE,onshore,10.7,72,759.0,6.54,0.3255681544571567,0.9455185755993168,11.7,93,137.0,3.95,0.6691306063588582,0.7431448254773942,18.9,61,472.0,3.23,-0.8191520442889918,0.573576436351046,16.1,78,278.0,2.91,-0.3420201433256686,0.9396926207859084,3.65,open-meteo,2026-08-08T09:59:26+00:00
2026-05-05 12:00:00+00:00,DE,onshore,11.4,72,769.0,5.33,0.1218693434051474,0.992546151641322,11.4,94,108.0,3.73,0.4999999999999999,0.8660254037844387,18.6,61,419.0,4.52,-0.9135454576426012,0.4067366430757997,16.7,82,230.0,3.63,0.0348994967025009,0.9993908270190958,3.474999999999998,open-meteo,2026-08-08T09:59:26+00:00
2026-05-05 13:00:00+00:00,DE,onshore,11.1,77,444.0,7.27,-0.0697564737441256,0.9975640502598242,11.4,92,84.0,4.74,0.4999999999999999,0.8660254037844387,16.6,76,196.0,5.98,-0.9986295347545738,0.0523359562429439,16.0,81,248.0,4.52,0.0871557427476581,0.9961946980917455,4.225,open-meteo,2026-08-08T09:59:26+00:00
2026-05-05 14:00:00+00:00,DE,onshore,11.1,75,391.0,7.4,-0.1218693434051472,0.992546151641322,11.0,92,105.0,5.53,0.6018150231520483,0.7986355100472928,15.4,82,147.0,3.81,-0.9510565162951536,0.3090169943749472,15.9,80,152.0,4.52,0.0871557427476581,0.9961946980917455,4.65,open-meteo,2026-08-08T09:59:26+00:00
2026-05-05 15:00:00+00:00,DE,onshore,10.6,84,294.0,8.81,-0.1391731009600658,0.9902680687415704,10.4,92,80.0,5.29,0.6293203910498374,0.7771459614569709,14.3,84,152.0,1.36,-0.9335804264972016,-0.3583679495453007,15.5,83,247.0,5.19,0.1908089953765448,0.981627183447664,5.300000000000001,open-meteo,2026-08-08T09:59:26+00:00
2026-05-05 16:00:00+00:00,DE,onshore,10.8,79,176.0,10.68,-0.0348994967025008,0.9993908270190958,10.1,92,83.0,5.78,0.4383711467890774,0.898794046299167,14.9,84,210.0,2.45,-0.7986355100472928,-0.6018150231520483,14.9,84,131.0,5.76,0.3090169943749474,0.9510565162951536,5.325000000000001,open-meteo,2026-08-08T09:59:26+00:00
2026-05-05 17:00:00+00:00,DE,onshore,11.0,77,142.0,10.51,0.0697564737441253,0.9975640502598242,9.6,92,80.0,5.6,0.5877852522924731,0.8090169943749475,15.2,83,206.0,0.75,-0.9205048534524404,-0.3907311284892738,14.4,85,120.0,5.48,0.4539904997395468,0.8910065241883679,5.450000000000001,open-meteo,2026-08-08T09:59:26+00:00
2026-05-05 18:00:00+00:00,DE,onshore,11.1,78,73.0,10.41,0.1564344650402308,0.9876883405951378,9.2,91,50.0,5.25,0.6018150231520483,0.7986355100472928,14.8,85,66.0,0.88,0.8910065241883679,-0.4539904997395467,13.6,90,54.0,5.48,0.3255681544571567,0.9455185755993168,5.825000000000001,open-meteo,2026-08-08T09:59:26+00:00
2026-05-05 19:00:00+00:00,DE,onshore,11.3,73,12.0,9.67,0.224951054343865,0.9743700647852352,8.5,94,8.0,5.72,0.6156614753256583,0.7880107536067219,14.1,90,4.0,0.98,0.1045284632676537,-0.9945218953682732,13.0,91,5.0,6.62,0.484809620246337,0.8746197071393957,6.275,open-meteo,2026-08-08T09:59:26+00:00
2026-05-05 20:00:00+00:00,DE,onshore,11.2,78,0.0,9.08,0.3090169943749474,0.9510565162951536,8.2,94,0.0,6.7,0.6156614753256583,0.7880107536067219,13.7,92,0.0,4.12,-0.882947592858927,-0.4694715627858907,12.6,90,0.0,7.2,0.5591929034707469,0.8290375725550417,6.575000000000001,open-meteo,2026-08-08T09:59:26+00:00
2026-05-05 21:00:00+00:00,DE,onshore,11.2,81,0.0,8.6,0.4999999999999999,0.8660254037844387,8.5,96,0.0,7.0,0.6018150231520483,0.7986355100472928,12.6,95,0.0,3.75,-0.9396926207859084,-0.3420201433256685,12.3,90,0.0,7.35,0.6018150231520483,0.7986355100472928,6.850000000000001,open-meteo,2026-08-08T09:59:26+00:00
2026-05-05 22:00:00+00:00,DE,onshore,11.1,74,0.0,6.79,0.8829475928589269,0.4694715627858908,8.3,96,0.0,6.7,0.6156614753256583,0.7880107536067219,12.0,94,0.0,2.54,-0.4694715627858908,-0.8829475928589269,11.6,91,0.0,7.23,0.5877852522924731,0.8090169943749475,7.25,open-meteo,2026-08-08T09:59:26+00:00
2026-05-05 23:00:00+00:00,DE,onshore,10.7,73,0.0,5.3,0.9455185755993168,0.3255681544571567,7.8,96,0.0,7.21,0.6819983600624985,0.7313537016191705,11.2,93,0.0,3.55,-0.4067366430758002,-0.9135454576426008,11.1,94,0.0,6.89,0.766044443118978,0.6427876096865394,7.800000000000001,open-meteo,2026-08-08T09:59:26+00:00
2026-05-06 00:00:00+00:00,DE,onshore,10.4,74,0.0,5.49,0.8571673007021123,0.5150380749100542,8.1,94,0.0,6.86,0.6819983600624985,0.7313537016191705,10.0,94,0.0,3.4,-0.6946583704589974,-0.7193398003386511,11.2,91,0.0,6.2,0.8571673007021123,0.5150380749100542,8.075,open-meteo,2026-08-08T09:59:26+00:00
2026-05-06 01:00:00+00:00,DE,onshore,10.1,76,0.0,6.18,0.8910065241883679,0.4539904997395468,7.7,95,0.0,7.69,0.6946583704589973,0.7193398003386512,9.4,93,0.0,3.06,-0.6427876096865393,-0.766044443118978,11.2,92,0.0,6.3,0.6946583704589973,0.7193398003386512,8.399999999999999,open-meteo,2026-08-08T09:59:26+00:00
2026-05-06 02:00:00+00:00,DE,onshore,9.8,74,0.0,7.02,0.8090169943749475,0.5877852522924731,7.6,95,0.0,7.67,0.8191520442889918,0.573576436351046,8.9,95,0.0,2.18,-0.587785252292473,-0.8090169943749475,10.9,93,0.0,6.3,0.6946583704589973,0.7193398003386512,8.700000000000001,open-meteo,2026-08-08T09:59:26+00:00
2026-05-06 03:00:00+00:00,DE,onshore,10.0,75,0.0,8.42,0.766044443118978,0.6427876096865394,8.7,90,0.0,7.27,0.7986355100472928,0.6018150231520483,8.0,99,0.0,1.8,-0.374606593415912,-0.9271838545667874,10.4,95,0.0,6.1,0.7193398003386511,0.6946583704589973,8.725,open-meteo,2026-08-08T09:59:26+00:00
2026-05-06 04:00:00+00:00,DE,onshore,9.6,74,1.0,9.44,0.7986355100472928,0.6018150231520483,8.9,87,2.0,8.52,0.6946583704589973,0.7193398003386512,7.7,99,0.0,2.37,-0.4067366430758002,-0.9135454576426008,10.1,95,0.0,6.51,0.6018150231520483,0.7986355100472928,8.925,open-meteo,2026-08-08T09:59:26+00:00
2026-05-06 05:00:00+00:00,DE,onshore,9.3,76,47.0,9.69,0.7771459614569709,0.6293203910498374,8.8,91,14.0,7.76,0.6946583704589973,0.7193398003386512,8.1,99,35.0,1.39,0.1391731009600653,-0.9902680687415704,10.0,95,9.0,5.71,0.573576436351046,0.8191520442889918,8.95,open-meteo,2026-08-08T09:59:26+00:00
2026-05-06 06:00:00+00:00,DE,onshore,9.5,75,119.0,9.84,0.788010753606722,0.6156614753256583,8.9,94,38.0,6.64,0.7986355100472928,0.6018150231520483,10.5,96,164.0,1.36,0.3583679495453002,-0.9335804264972016,9.9,95,29.0,5.16,0.5446390350150271,0.838670567945424,8.3,open-meteo,2026-08-08T09:59:26+00:00
2026-05-06 07:00:00+00:00,DE,onshore,9.7,73,216.0,10.07,0.754709580222772,0.6560590289905073,9.3,96,74.0,7.45,0.573576436351046,0.8191520442889918,12.8,83,329.0,0.28,0.7071067811865476,-0.7071067811865475,10.0,94,48.0,5.42,0.6560590289905073,0.754709580222772,7.550000000000001,open-meteo,2026-08-08T09:59:26+00:00
2026-05-06 08:00:00+00:00,DE,onshore,10.4,70,312.0,10.54,0.788010753606722,0.6156614753256583,9.7,96,87.0,6.95,0.6427876096865393,0.766044443118978,14.8,78,484.0,0.98,0.1045284632676537,-0.9945218953682732,10.2,94,82.0,4.99,0.7313537016191705,0.6819983600624985,6.724999999999998,open-meteo,2026-08-08T09:59:26+00:00
2026-05-06 09:00:00+00:00,DE,onshore,11.5,59,392.0,9.24,0.8290375725550417,0.5591929034707468,9.4,95,102.0,8.45,0.6156614753256583,0.7880107536067219,16.2,68,486.0,2.16,-0.9986295347545738,-0.0523359562429443,10.6,93,115.0,3.88,0.6819983600624985,0.7313537016191705,6.075000000000001,open-meteo,2026-08-08T09:59:26+00:00
2026-05-06 10:00:00+00:00,DE,onshore,11.9,58,431.0,9.01,0.7071067811865475,0.7071067811865476,9.5,93,153.0,7.36,0.6691306063588582,0.7431448254773942,17.0,64,472.0,1.77,-0.9986295347545738,-0.0523359562429443,11.4,92,160.0,4.57,0.6819983600624985,0.7313537016191705,5.550000000000001,open-meteo,2026-08-08T09:59:26+00:00
2026-05-06 11:00:00+00:00,DE,onshore,12.3,57,528.0,8.54,0.6018150231520483,0.7986355100472928,9.2,92,140.0,6.73,0.6691306063588582,0.7431448254773942,17.3,63,432.0,3.5,-0.981627183447664,-0.1908089953765446,11.9,89,146.0,4.0,0.8571673007021123,0.5150380749100542,5.325000000000001,open-meteo,2026-08-08T09:59:26+00:00
2026-05-06 12:00:00+00:00,DE,onshore,12.6,57,601.0,9.42,0.4694715627858908,0.882947592858927,9.2,92,197.0,7.38,0.4999999999999999,0.8660254037844387,17.2,66,526.0,3.07,-0.9271838545667874,0.3746065934159119,12.1,86,112.0,2.88,0.9510565162951536,0.3090169943749474,5.225,open-meteo,2026-08-08T09:59:26+00:00
2026-05-06 13:00:00+00:00,DE,onshore,12.8,58,546.0,8.77,0.4694715627858908,0.882947592858927,8.9,92,151.0,6.49,0.6156614753256583,0.7880107536067219,16.9,71,390.0,5.63,-0.8191520442889918,0.573576436351046,12.2,86,112.0,3.92,0.848048096156426,0.5299192642332049,5.300000000000001,open-meteo,2026-08-08T09:59:26+00:00
2026-05-06 14:00:00+00:00,DE,onshore,12.9,63,568.0,7.77,0.3907311284892737,0.9205048534524404,9.1,92,148.0,6.46,0.6560590289905073,0.754709580222772,14.7,84,172.0,7.32,-0.9781476007338056,0.2079116908177594,12.9,85,242.0,4.56,0.90630778703665,0.4226182617406994,5.6,open-meteo,2026-08-08T09:59:26+00:00
2026-05-06 15:00:00+00:00,DE,onshore,12.9,66,416.0,6.11,0.6560590289905073,0.754709580222772,9.0,91,147.0,7.21,0.6018150231520483,0.7986355100472928,13.3,87,123.0,2.61,-0.8290375725550418,-0.5591929034707466,13.0,82,173.0,4.89,0.838670567945424,0.5446390350150271,5.949999999999999,open-meteo,2026-08-08T09:59:26+00:00
2026-05-06 16:00:00+00:00,DE,onshore,12.5,74,313.0,6.8,0.2588190451025207,0.9659258262890684,8.5,91,123.0,7.14,0.6691306063588582,0.7431448254773942,13.2,88,75.0,4.0,-0.8090169943749473,-0.5877852522924732,12.8,87,95.0,6.11,0.6560590289905073,0.754709580222772,6.25,open-meteo,2026-08-08T09:59:26+00:00
2026-05-06 17:00:00+00:00,DE,onshore,12.3,76,191.0,6.33,0.374606593415912,0.9271838545667874,8.4,91,91.0,7.56,0.7431448254773942,0.6691306063588582,12.9,85,52.0,3.35,-0.7880107536067221,-0.6156614753256581,12.4,88,56.0,6.17,0.6819983600624985,0.7313537016191705,6.5,open-meteo,2026-08-08T09:59:26+00:00
2026-05-06 18:00:00+00:00,DE,onshore,12.5,77,89.0,5.27,0.6691306063588582,0.7431448254773942,7.7,91,36.0,8.26,0.6691306063588582,0.7431448254773942,12.2,91,24.0,4.75,-0.1391731009600655,-0.9902680687415704,11.7,87,29.0,6.87,0.6691306063588582,0.7431448254773942,6.975000000000001,open-meteo,2026-08-08T09:59:26+00:00
2026-05-06 19:00:00+00:00,DE,onshore,12.7,63,24.0,5.53,0.8660254037844386,0.5000000000000001,7.1,90,5.0,8.19,0.754709580222772,0.6560590289905073,12.0,92,2.0,4.47,-0.4383711467890774,-0.8987940462991669,11.0,90,7.0,6.8,0.754709580222772,0.6560590289905073,7.300000000000001,open-meteo,2026-08-08T09:59:26+00:00
2026-05-06 20:00:00+00:00,DE,onshore,12.4,68,0.0,5.49,0.8571673007021123,0.5150380749100542,6.6,87,0.0,8.97,0.8290375725550417,0.5591929034707468,11.6,92,0.0,5.85,-0.6427876096865393,-0.766044443118978,10.5,92,0.0,6.1,0.7071067811865475,0.7071067811865476,7.725,open-meteo,2026-08-08T09:59:26+00:00
2026-05-06 21:00:00+00:00,DE,onshore,11.7,74,0.0,6.84,0.90630778703665,0.4226182617406994,6.7,87,0.0,9.38,0.766044443118978,0.6427876096865394,11.3,91,0.0,6.4,-0.7660444431189779,-0.6427876096865395,10.3,90,0.0,7.49,0.7313537016191705,0.6819983600624985,8.0,open-meteo,2026-08-08T09:59:26+00:00
2026-05-06 22:00:00+00:00,DE,onshore,10.7,74,0.0,6.63,0.9455185755993168,0.3255681544571567,6.4,86,0.0,8.64,0.8191520442889918,0.573576436351046,10.8,89,0.0,5.3,-0.882947592858927,-0.4694715627858907,9.8,91,0.0,6.98,0.788010753606722,0.6156614753256583,8.575,open-meteo,2026-08-08T09:59:26+00:00
2026-05-06 23:00:00+00:00,DE,onshore,9.9,82,0.0,6.11,0.9612616959383188,0.2756373558169991,6.0,86,0.0,8.21,0.838670567945424,0.5446390350150271,10.3,92,0.0,4.57,-0.6819983600624984,-0.7313537016191706,9.4,89,0.0,7.31,0.848048096156426,0.5299192642332049,9.1,open-meteo,2026-08-08T09:59:26+00:00
2026-05-07 00:00:00+00:00,DE,onshore,9.6,83,0.0,5.57,0.984807753012208,0.1736481776669304,5.9,89,0.0,7.98,0.8746197071393957,0.4848096202463371,9.8,90,0.0,5.85,-0.8571673007021121,-0.5150380749100544,9.5,91,0.0,6.17,0.8090169943749475,0.5877852522924731,9.3,open-meteo,2026-08-08T09:59:26+00:00
2026-05-07 01:00:00+00:00,DE,onshore,9.3,84,0.0,6.45,0.9396926207859084,0.3420201433256688,6.0,90,0.0,8.72,0.8987940462991669,0.4383711467890774,9.6,93,0.0,6.18,-0.9975640502598244,0.0697564737441252,8.4,88,0.0,5.85,0.8571673007021123,0.5150380749100542,9.675,open-meteo,2026-08-08T09:59:26+00:00
2026-05-07 02:00:00+00:00,DE,onshore,9.1,85,0.0,6.19,0.9961946980917455,0.0871557427476581,6.1,89,0.0,8.34,0.9396926207859084,0.3420201433256688,9.9,93,0.0,7.45,-0.9993908270190958,-0.0348994967025007,7.6,90,0.0,6.08,0.788010753606722,0.6156614753256583,9.825,open-meteo,2026-08-08T09:59:26+00:00
2026-05-07 03:00:00+00:00,DE,onshore,8.9,83,0.0,6.09,0.981627183447664,0.1908089953765449,6.7,85,0.0,8.53,0.8290375725550417,0.5591929034707468,9.2,91,0.0,3.51,-0.8090169943749476,0.5877852522924729,7.5,89,0.0,6.84,0.788010753606722,0.6156614753256583,9.925,open-meteo,2026-08-08T09:59:26+00:00
2026-05-07 04:00:00+00:00,DE,onshore,8.6,85,2.0,6.22,0.992546151641322,0.1218693434051474,6.6,86,4.0,8.91,0.766044443118978,0.6427876096865394,8.9,92,0.0,3.06,-0.7660444431189781,0.6427876096865393,7.3,88,1.0,6.47,0.7771459614569709,0.6293203910498374,10.15,open-meteo,2026-08-08T09:59:26+00:00
2026-05-07 05:00:00+00:00,DE,onshore,8.6,84,60.0,6.37,1.0,6.123233995736766e-17,6.7,78,36.0,8.43,0.8571673007021123,0.5150380749100542,9.0,93,7.0,3.77,-0.8829475928589271,0.4694715627858904,7.3,89,15.0,6.05,0.766044443118978,0.6427876096865394,10.1,open-meteo,2026-08-08T09:59:26+00:00
2026-05-07 06:00:00+00:00,DE,onshore,8.8,81,186.0,5.91,0.9945218953682732,-0.1045284632676535,7.2,82,103.0,7.9,0.7986355100472928,0.6018150231520483,9.3,93,19.0,4.73,-0.9945218953682734,0.1045284632676529,7.4,84,32.0,5.35,0.6560590289905073,0.754709580222772,9.825,open-meteo,2026-08-08T09:59:26+00:00
2026-05-07 07:00:00+00:00,DE,onshore,9.1,78,345.0,5.1,0.9998476951563912,0.0174524064372836,7.8,79,235.0,8.33,0.7986355100472928,0.6018150231520483,9.6,93,80.0,3.76,-0.992546151641322,-0.1218693434051471,7.6,84,60.0,6.67,0.766044443118978,0.6427876096865394,9.475,open-meteo,2026-08-08T09:59:26+00:00
2026-05-07 08:00:00+00:00,DE,onshore,9.5,75,496.0,4.23,0.9743700647852352,0.2249510543438649,8.4,76,293.0,7.84,0.7986355100472928,0.6018150231520483,10.3,89,162.0,5.43,-0.992546151641322,-0.1218693434051471,8.4,81,143.0,6.33,0.8191520442889918,0.573576436351046,8.85,open-meteo,2026-08-08T09:59:26+00:00
2026-05-07 09:00:00+00:00,DE,onshore,10.0,73,617.0,3.55,0.8829475928589269,0.4694715627858908,9.8,68,391.0,8.13,0.8090169943749475,0.5877852522924731,10.9,84,303.0,5.14,-0.9902680687415704,-0.1391731009600658,8.8,78,201.0,5.42,0.754709580222772,0.6560590289905073,8.125,open-meteo,2026-08-08T09:59:26+00:00
2026-05-07 10:00:00+00:00,DE,onshore,10.8,68,723.0,3.51,0.8660254037844386,0.5000000000000001,10.6,60,638.0,8.59,0.7313537016191705,0.6819983600624985,11.6,78,322.0,4.46,-0.9876883405951375,-0.156434465040231,9.5,72,227.0,6.53,0.8090169943749475,0.5877852522924731,7.375,open-meteo,2026-08-08T09:59:26+00:00
2026-05-07 11:00:00+00:00,DE,onshore,11.4,65,784.0,2.84,0.7193398003386511,0.6946583704589973,11.0,54,672.0,8.95,0.7431448254773942,0.6691306063588582,12.9,70,503.0,5.29,-0.9998476951563912,0.0174524064372831,10.1,69,243.0,5.78,0.7771459614569709,0.6293203910498374,6.65,open-meteo,2026-08-08T09:59:26+00:00
2026-05-07 12:00:00+00:00,DE,onshore,11.3,71,800.0,3.9,-0.3090169943749477,0.9510565162951536,11.4,46,640.0,8.35,0.8090169943749475,0.5877852522924731,12.1,76,405.0,4.46,-0.945518575599317,0.3255681544571563,10.9,69,269.0,5.0,0.8191520442889918,0.573576436351046,6.574999999999999,open-meteo,2026-08-08T09:59:26+00:00
2026-05-07 13:00:00+00:00,DE,onshore,11.2,74,772.0,5.27,-0.5735764363510465,0.8191520442889916,11.3,44,557.0,8.05,0.7986355100472928,0.6018150231520483,13.6,66,424.0,5.55,-0.9335804264972016,0.3583679495453004,11.2,68,275.0,4.9,0.9781476007338056,0.2079116908177594,6.175000000000001,open-meteo,2026-08-08T09:59:26+00:00
2026-05-07 14:00:00+00:00,DE,onshore,11.3,77,699.0,5.65,-0.4383711467890778,0.8987940462991668,11.1,37,459.0,7.62,0.7986355100472928,0.6018150231520483,13.3,71,301.0,4.79,-0.8571673007021123,0.5150380749100542,11.5,68,259.0,3.23,0.9702957262759964,0.2419218955996676,6.199999999999999,open-meteo,2026-08-08T09:59:26+00:00
2026-05-07 15:00:00+00:00,DE,onshore,11.9,74,583.0,6.54,-0.2249510543438653,0.9743700647852352,11.0,35,397.0,6.74,0.754709580222772,0.6560590289905073,13.7,70,291.0,4.91,-0.9205048534524404,0.3907311284892735,12.2,59,236.0,2.98,0.9205048534524404,0.3907311284892737,5.800000000000001,open-meteo,2026-08-08T09:59:26+00:00
2026-05-07 16:00:00+00:00,DE,onshore,11.9,75,434.0,7.47,0.0871557427476581,0.9961946980917455,10.5,41,253.0,6.35,0.788010753606722,0.6156614753256583,13.6,68,378.0,4.38,-0.7660444431189781,0.6427876096865393,11.2,73,93.0,2.36,0.2923717047227366,-0.9563047559630355,6.199999999999999,open-meteo,2026-08-08T09:59:26+00:00
2026-05-07 17:00:00+00:00,DE,onshore,12.0,75,266.0,7.21,0.1218693434051474,0.992546151641322,9.8,45,187.0,6.1,0.7071067811865475,0.7071067811865476,12.9,75,259.0,3.47,-0.2756373558169989,0.9612616959383188,11.1,74,67.0,1.98,-0.3420201433256686,-0.9396926207859084,6.549999999999999,open-meteo,2026-08-08T09:59:26+00:00
2026-05-07 18:00:00+00:00,DE,onshore,12.2,77,130.0,7.15,0.3907311284892737,0.9205048534524404,9.1,56,87.0,6.1,0.6946583704589973,0.7193398003386512,12.3,75,124.0,1.71,0.4067366430758002,0.9135454576426008,10.8,80,55.0,1.63,-0.5446390350150271,-0.838670567945424,6.900000000000002,open-meteo,2026-08-08T09:59:26+00:00
2026-05-07 19:00:00+00:00,DE,onshore,13.5,55,34.0,7.38,0.981627183447664,-0.1908089953765448,7.3,69,12.0,7.07,0.6819983600624985,0.7313537016191705,10.4,83,18.0,2.15,0.8660254037844386,0.5000000000000001,10.4,83,6.0,1.23,-0.874619707139396,-0.4848096202463368,7.6,open-meteo,2026-08-08T09:59:26+00:00
2026-05-07 20:00:00+00:00,DE,onshore,13.1,54,0.0,7.69,0.981627183447664,-0.1908089953765448,6.0,77,0.0,7.18,0.7771459614569709,0.6293203910498374,9.0,88,0.0,1.52,0.9659258262890684,0.2588190451025207,9.9,86,0.0,1.27,-2.4492935982947064e-16,1.0,8.5,open-meteo,2026-08-08T09:59:26+00:00
2026-05-07 21:00:00+00:00,DE,onshore,12.5,57,0.0,7.62,0.9902680687415704,-0.1391731009600653,5.2,82,0.0,6.82,0.7771459614569709,0.6293203910498374,7.8,91,0.0,1.77,0.9986295347545738,0.0523359562429439,9.3,78,0.0,4.08,0.9135454576426008,0.4067366430758002,9.3,open-meteo,2026-08-08T09:59:26+00:00
2026-05-07 22:00:00+00:00,DE,onshore,11.8,56,0.0,8.23,0.9876883405951378,-0.1564344650402308,4.5,85,0.0,6.7,0.788010753606722,0.6156614753256583,7.0,96,0.0,2.29,0.984807753012208,-0.1736481776669303,8.3,71,0.0,5.3,0.8290375725550417,0.5591929034707468,10.1,open-meteo,2026-08-08T09:59:26+00:00
2026-05-07 23:00:00+00:00,DE,onshore,11.2,56,0.0,8.32,0.9659258262890684,-0.2588190451025208,4.0,85,0.0,6.88,0.754709580222772,0.6560590289905073,6.5,99,0.0,2.07,0.9961946980917455,-0.0871557427476582,7.5,79,0.0,5.22,0.8829475928589269,0.4694715627858908,10.7,open-meteo,2026-08-08T09:59:26+00:00
2026-05-08 00:00:00+00:00,DE,onshore,10.7,57,0.0,7.12,0.8290375725550417,-0.5591929034707467,3.4,86,0.0,6.67,0.766044443118978,0.6427876096865394,5.9,100,0.0,2.79,0.984807753012208,-0.1736481776669303,6.5,88,0.0,5.92,0.8746197071393957,0.4848096202463371,11.375,open-meteo,2026-08-08T09:59:26+00:00
2026-05-08 01:00:00+00:00,DE,onshore,10.5,67,0.0,5.89,0.7313537016191706,-0.6819983600624984,3.0,89,0.0,6.72,0.7986355100472928,0.6018150231520483,6.1,100,0.0,2.76,0.9945218953682732,-0.1045284632676535,6.4,89,0.0,5.73,0.838670567945424,0.5446390350150271,11.5,open-meteo,2026-08-08T09:59:26+00:00
2026-05-08 02:00:00+00:00,DE,onshore,10.5,68,0.0,6.18,0.7547095802227721,-0.6560590289905072,2.9,89,0.0,6.44,0.838670567945424,0.5446390350150271,5.9,100,0.0,2.55,0.9993908270190958,-0.0348994967025009,5.9,92,0.0,5.3,0.8290375725550417,0.5591929034707468,11.7,open-meteo,2026-08-08T09:59:26+00:00
2026-05-08 03:00:00+00:00,DE,onshore,10.5,68,0.0,7.08,0.7431448254773942,-0.6691306063588582,2.4,93,0.0,6.01,0.9135454576426008,0.4067366430758002,4.6,100,0.0,1.98,0.9396926207859084,-0.3420201433256687,5.3,93,0.0,5.18,0.8746197071393957,0.4848096202463371,12.3,open-meteo,2026-08-08T09:59:26+00:00
2026-05-08 04:00:00+00:00,DE,onshore,10.6,69,2.0,8.14,0.6427876096865395,-0.7660444431189779,2.4,93,11.0,6.05,0.8910065241883679,0.4539904997395468,5.2,100,0.0,1.86,0.9986295347545738,0.0523359562429439,5.5,89,4.0,5.58,0.8571673007021123,0.5150380749100542,12.075,open-meteo,2026-08-08T09:59:26+00:00
2026-05-08 05:00:00+00:00,DE,onshore,10.8,66,58.0,7.62,0.7193398003386511,-0.6946583704589974,3.8,89,100.0,6.36,0.8746197071393957,0.4848096202463371,5.4,100,26.0,1.96,1.0,6.123233995736766e-17,5.9,85,56.0,5.56,0.8987940462991669,0.4383711467890774,11.525,open-meteo,2026-08-08T09:59:26+00:00
2026-05-08 06:00:00+00:00,DE,onshore,10.8,67,192.0,6.69,0.8480480961564261,-0.5299192642332048,6.5,77,229.0,5.85,0.8571673007021123,0.5150380749100542,6.3,99,94.0,1.77,0.9986295347545738,0.0523359562429439,6.8,82,172.0,3.78,0.8571673007021123,0.5150380749100542,10.4,open-meteo,2026-08-08T09:59:26+00:00
2026-05-08 07:00:00+00:00,DE,onshore,10.4,68,351.0,5.7,0.8746197071393959,-0.484809620246337,8.6,67,362.0,5.46,0.838670567945424,0.5446390350150271,8.9,93,265.0,1.97,0.8910065241883679,0.4539904997395468,8.6,78,316.0,3.38,0.8660254037844386,0.5000000000000001,8.875,open-meteo,2026-08-08T09:59:26+00:00
2026-05-08 08:00:00+00:00,DE,onshore,10.5,63,501.0,4.69,0.8987940462991669,-0.4383711467890775,10.3,58,533.0,6.49,0.8746197071393957,0.4848096202463371,11.1,82,474.0,2.55,0.9205048534524404,0.3907311284892737,10.3,73,436.0,2.94,0.8987940462991669,0.4383711467890774,7.449999999999999,open-meteo,2026-08-08T09:59:26+00:00
2026-05-08 09:00:00+00:00,DE,onshore,11.5,52,632.0,3.35,0.9335804264972016,-0.3583679495453002,11.8,50,652.0,5.96,0.8910065241883679,0.4539904997395468,12.8,76,634.0,1.89,0.9335804264972016,0.3583679495453004,12.0,66,593.0,3.38,0.9271838545667874,0.3746065934159119,5.975,open-meteo,2026-08-08T09:59:26+00:00
2026-05-08 10:00:00+00:00,DE,onshore,11.9,51,736.0,2.2,0.9335804264972016,-0.3583679495453002,12.7,53,733.0,5.65,0.8829475928589269,0.4694715627858908,14.2,74,749.0,2.76,0.8910065241883679,0.4539904997395468,12.5,64,560.0,2.97,0.9563047559630354,0.2923717047227367,5.175000000000001,open-meteo,2026-08-08T09:59:26+00:00
2026-05-08 11:00:00+00:00,DE,onshore,12.1,52,797.0,0.49,0.7986355100472927,-0.6018150231520484,12.7,56,635.0,5.83,0.8910065241883679,0.4539904997395468,15.4,65,746.0,2.55,0.9205048534524404,0.3907311284892737,13.0,61,464.0,1.87,0.9945218953682732,0.1045284632676534,4.700000000000001,open-meteo,2026-08-08T09:59:26+00:00
2026-05-08 12:00:00+00:00,DE,onshore,12.6,51,812.0,2.04,0.5735764363510459,-0.8191520442889919,12.9,55,321.0,6.14,0.8290375725550417,0.5591929034707468,16.8,61,661.0,2.46,0.8746197071393957,0.4848096202463371,13.0,58,429.0,2.29,0.9396926207859084,0.3420201433256688,4.175000000000001,open-meteo,2026-08-08T09:59:26+00:00
2026-05-08 13:00:00+00:00,DE,onshore,12.9,50,773.0,0.97,0.7071067811865476,-0.7071067811865475,12.2,61,279.0,6.3,0.9335804264972016,0.3583679495453004,17.5,58,664.0,2.65,0.7771459614569709,0.6293203910498374,14.1,57,557.0,1.33,0.9563047559630354,0.2923717047227367,3.8249999999999993,open-meteo,2026-08-08T09:59:26+00:00
2026-05-08 14:00:00+00:00,DE,onshore,12.8,58,705.0,3.29,-0.5000000000000004,0.8660254037844384,12.9,56,407.0,6.05,0.90630778703665,0.4226182617406994,18.0,55,634.0,3.4,0.6946583704589973,0.7193398003386512,13.0,60,282.0,2.75,0.9993908270190958,-0.0348994967025009,3.8249999999999993,open-meteo,2026-08-08T09:59:26+00:00
2026-05-08 15:00:00+00:00,DE,onshore,14.6,40,584.0,8.52,0.9998476951563912,0.0174524064372836,12.5,55,449.0,6.23,0.8660254037844386,0.5000000000000001,18.0,54,546.0,4.86,0.6691306063588582,0.7431448254773942,13.8,63,377.0,2.91,0.838670567945424,-0.5446390350150272,3.2749999999999986,open-meteo,2026-08-08T09:59:26+00:00
2026-05-08 16:00:00+00:00,DE,onshore,14.3,43,476.0,8.37,0.9612616959383188,0.2756373558169991,12.2,53,272.0,7.34,0.8571673007021123,0.5150380749100542,17.4,56,462.0,6.34,0.6293203910498374,0.7771459614569709,13.0,58,120.0,2.73,0.9335804264972016,-0.3583679495453002,3.775,open-meteo,2026-08-08T09:59:26+00:00
2026-05-08 17:00:00+00:00,DE,onshore,14.1,46,318.0,7.1,0.9945218953682732,0.1045284632676534,11.0,55,128.0,6.61,0.8191520442889918,0.573576436351046,16.7,58,286.0,7.43,0.5877852522924731,0.8090169943749475,13.1,58,213.0,2.2,0.9335804264972016,-0.3583679495453002,4.275,open-meteo,2026-08-08T09:59:26+00:00
2026-05-08 18:00:00+00:00,DE,onshore,13.8,61,163.0,7.27,0.9702957262759964,0.2419218955996676,10.4,57,79.0,6.63,0.788010753606722,0.6156614753256583,16.2,55,124.0,7.43,0.6560590289905073,0.754709580222772,12.8,64,76.0,2.43,0.766044443118978,-0.6427876096865394,4.699999999999999,open-meteo,2026-08-08T09:59:26+00:00
2026-05-08 19:00:00+00:00,DE,onshore,13.4,65,39.0,9.46,0.9612616959383188,0.2756373558169991,8.7,70,8.0,8.17,0.788010753606722,0.6156614753256583,14.7,60,17.0,7.59,0.7771459614569709,0.6293203910498374,11.9,70,7.0,1.93,0.4999999999999999,-0.8660254037844387,5.825000000000001,open-meteo,2026-08-08T09:59:26+00:00
2026-05-08 20:00:00+00:00,DE,onshore,13.1,61,0.0,9.75,0.9945218953682732,0.1045284632676534,7.2,77,0.0,8.15,0.838670567945424,0.5446390350150271,14.0,61,0.0,7.2,0.8290375725550417,0.5591929034707468,11.4,74,0.0,1.69,0.8090169943749475,-0.587785252292473,6.575000000000001,open-meteo,2026-08-08T09:59:26+00:00
2026-05-08 21:00:00+00:00,DE,onshore,12.0,63,0.0,9.7,1.0,6.123233995736766e-17,6.2,86,0.0,7.37,0.8090169943749475,0.5877852522924731,13.6,66,0.0,4.99,0.7313537016191705,0.6819983600624985,10.8,82,0.0,1.77,0.9986295347545738,-0.0523359562429438,7.350000000000001,open-meteo,2026-08-08T09:59:26+00:00
2026-05-08 22:00:00+00:00,DE,onshore,11.1,67,0.0,9.85,0.9945218953682732,-0.1045284632676535,5.4,91,0.0,6.17,0.8090169943749475,0.5877852522924731,12.3,73,0.0,4.99,0.6819983600624985,0.7313537016191705,10.3,88,0.0,3.01,0.9455185755993168,0.3255681544571567,8.225,open-meteo,2026-08-08T09:59:26+00:00
2026-05-08 23:00:00+00:00,DE,onshore,10.6,73,0.0,9.48,0.9510565162951536,-0.3090169943749473,5.1,92,0.0,5.87,0.8829475928589269,0.4694715627858908,11.5,77,0.0,3.57,0.7986355100472928,0.6018150231520483,10.2,86,0.0,3.46,0.90630778703665,0.4226182617406994,8.65,open-meteo,2026-08-08T09:59:26+00:00
2026-05-09 00:00:00+00:00,DE,onshore,10.7,77,0.0,9.95,0.8987940462991669,-0.4383711467890775,4.1,95,0.0,5.04,0.8746197071393957,0.4848096202463371,10.5,82,0.0,3.8,0.8191520442889918,0.573576436351046,10.3,86,0.0,3.68,0.90630778703665,0.4226182617406994,9.1,open-meteo,2026-08-08T09:59:26+00:00
2026-05-09 01:00:00+00:00,DE,onshore,10.5,79,0.0,9.02,0.8290375725550417,-0.5591929034707467,3.7,96,0.0,4.61,0.8746197071393957,0.4848096202463371,10.0,84,0.0,4.29,0.8191520442889918,0.573576436351046,9.3,90,0.0,4.77,0.9455185755993168,0.3255681544571567,9.625,open-meteo,2026-08-08T09:59:26+00:00
2026-05-09 02:00:00+00:00,DE,onshore,10.5,78,0.0,7.78,0.8090169943749475,-0.587785252292473,3.5,95,0.0,4.6,0.8910065241883679,0.4539904997395468,10.5,81,0.0,4.44,0.6819983600624985,0.7313537016191705,8.9,85,0.0,4.71,0.9335804264972016,0.3583679495453004,9.65,open-meteo,2026-08-08T09:59:26+00:00
2026-05-09 03:00:00+00:00,DE,onshore,10.3,75,0.0,6.92,0.788010753606722,-0.6156614753256583,3.5,99,0.0,4.57,0.9205048534524404,0.3907311284892737,9.5,87,0.0,3.61,0.838670567945424,0.5446390350150271,9.0,76,0.0,5.11,0.9396926207859084,0.3420201433256688,9.925,open-meteo,2026-08-08T09:59:26+00:00
2026-05-09 04:00:00+00:00,DE,onshore,10.1,73,3.0,6.09,0.838670567945424,-0.5446390350150272,3.5,98,10.0,4.56,0.9876883405951378,0.1564344650402309,8.4,92,0.0,2.74,1.0,6.123233995736766e-17,8.4,77,3.0,4.8,0.9781476007338056,0.2079116908177594,10.4,open-meteo,2026-08-08T09:59:26+00:00
2026-05-09 05:00:00+00:00,DE,onshore,9.3,73,67.0,5.92,0.9455185755993168,-0.3255681544571566,4.7,94,97.0,3.92,1.0,6.123233995736766e-17,9.0,91,31.0,2.84,0.9993908270190958,0.034899496702501,8.3,80,32.0,4.32,0.9975640502598242,0.0697564737441252,10.175,open-meteo,2026-08-08T09:59:26+00:00
2026-05-09 06:00:00+00:00,DE,onshore,9.1,70,197.0,6.84,0.9743700647852352,-0.224951054343865,7.0,81,233.0,3.25,0.9961946980917455,-0.0871557427476582,10.8,82,112.0,2.9,0.9781476007338056,0.2079116908177594,9.0,79,92.0,3.96,0.9876883405951378,0.1564344650402309,9.025,open-meteo,2026-08-08T09:59:26+00:00
2026-05-09 07:00:00+00:00,DE,onshore,9.5,67,349.0,5.94,0.9876883405951378,-0.1564344650402308,9.4,74,396.0,2.08,0.9902680687415704,0.1391731009600654,12.4,76,329.0,2.41,0.8910065241883679,0.4539904997395468,10.7,75,302.0,2.46,0.9961946980917455,0.0871557427476581,7.5,open-meteo,2026-08-08T09:59:26+00:00
2026-05-09 08:00:00+00:00,DE,onshore,10.6,63,499.0,5.27,0.984807753012208,-0.1736481776669303,11.5,66,545.0,1.96,1.0,6.123233995736766e-17,13.7,72,441.0,2.42,0.9335804264972016,0.3583679495453004,13.1,68,493.0,2.94,0.9993908270190958,0.034899496702501,5.775,open-meteo,2026-08-08T09:59:26+00:00
2026-05-09 09:00:00+00:00,DE,onshore,11.3,60,631.0,4.23,0.9743700647852352,-0.224951054343865,13.4,59,669.0,2.45,0.9993908270190958,-0.0348994967025009,16.1,61,513.0,2.27,0.992546151641322,0.1218693434051474,14.6,55,656.0,2.65,0.9975640502598242,-0.0697564737441253,4.149999999999999,open-meteo,2026-08-08T09:59:26+00:00
2026-05-09 10:00:00+00:00,DE,onshore,12.1,57,730.0,2.75,0.9993908270190958,-0.0348994967025009,14.5,55,758.0,2.11,0.9271838545667874,-0.374606593415912,17.9,59,741.0,2.08,0.9902680687415704,0.1391731009600654,15.5,52,724.0,2.67,0.9902680687415704,0.1391731009600654,3.0,open-meteo,2026-08-08T09:59:26+00:00
2026-05-09 11:00:00+00:00,DE,onshore,12.6,54,788.0,2.15,0.9135454576426008,0.4067366430758002,15.3,52,803.0,1.93,0.9135454576426008,-0.4067366430758002,19.4,57,828.0,2.41,0.8910065241883679,0.4539904997395468,15.7,49,648.0,2.83,0.9702957262759964,0.2419218955996676,2.25,open-meteo,2026-08-08T09:59:26+00:00
2026-05-09 12:00:00+00:00,DE,onshore,13.0,51,809.0,2.71,0.754709580222772,0.6560590289905073,15.9,52,794.0,1.02,0.9563047559630355,-0.2923717047227366,20.9,50,852.0,2.18,0.8090169943749475,0.5877852522924731,16.1,47,650.0,1.67,0.8829475928589269,-0.4694715627858909,1.5249999999999986,open-meteo,2026-08-08T09:59:26+00:00
2026-05-09 13:00:00+00:00,DE,onshore,13.2,55,694.0,1.98,0.5446390350150271,0.838670567945424,16.2,48,616.0,2.53,0.8090169943749475,-0.587785252292473,21.7,47,811.0,1.86,0.9510565162951536,0.3090169943749474,15.4,50,352.0,3.42,0.9743700647852352,-0.224951054343865,1.375,open-meteo,2026-08-08T09:59:26+00:00
2026-05-09 14:00:00+00:00,DE,onshore,13.1,59,664.0,2.27,0.1218693434051474,0.992546151641322,16.5,43,547.0,2.1,0.7986355100472927,-0.6018150231520484,21.9,46,581.0,2.3,0.766044443118978,0.6427876096865394,16.0,51,431.0,2.18,0.9902680687415704,-0.1391731009600653,1.125,open-meteo,2026-08-08T09:59:26+00:00
2026-05-09 15:00:00+00:00,DE,onshore,13.3,65,466.0,2.75,-0.0348994967025008,0.9993908270190958,16.0,45,312.0,3.65,0.8571673007021123,-0.5150380749100543,22.5,42,622.0,2.29,0.7313537016191705,0.6819983600624985,15.9,49,317.0,3.26,0.838670567945424,-0.5446390350150272,1.0749999999999993,open-meteo,2026-08-08T09:59:26+00:00
2026-05-09 16:00:00+00:00,DE,onshore,13.0,69,244.0,4.02,-2.4492935982947064e-16,1.0,15.7,49,286.0,3.21,0.8571673007021123,-0.5150380749100543,22.1,42,468.0,2.92,0.6427876096865393,0.766044443118978,15.8,50,248.0,3.82,0.9205048534524404,-0.3907311284892737,1.3500000000000014,open-meteo,2026-08-08T09:59:26+00:00
2026-05-09 17:00:00+00:00,DE,onshore,13.0,72,104.0,5.01,-0.0523359562429443,0.9986295347545738,14.0,62,219.0,6.28,0.981627183447664,0.1908089953765449,21.5,43,299.0,3.84,0.6156614753256583,0.7880107536067219,15.4,51,228.0,4.16,0.8290375725550417,-0.5591929034707467,2.0250000000000004,open-meteo,2026-08-08T09:59:26+00:00
2026-05-09 18:00:00+00:00,DE,onshore,13.3,70,48.0,4.61,0.2079116908177593,0.9781476007338056,12.8,62,107.0,6.08,0.9659258262890684,0.2588190451025207,20.2,50,134.0,4.93,0.6560590289905073,0.754709580222772,14.5,60,122.0,3.8,0.8191520442889917,-0.5735764363510462,2.8000000000000007,open-meteo,2026-08-08T09:59:26+00:00
2026-05-09 19:00:00+00:00,DE,onshore,13.4,71,13.0,5.33,0.1218693434051474,0.992546151641322,10.5,70,15.0,6.46,0.984807753012208,0.1736481776669304,17.9,58,20.0,7.07,0.7071067811865475,0.7071067811865476,12.2,71,18.0,3.98,0.788010753606722,-0.6156614753256583,4.5,open-meteo,2026-08-08T09:59:26+00:00
2026-05-09 20:00:00+00:00,DE,onshore,13.1,72,0.0,8.16,0.2756373558169991,0.9612616959383188,9.0,69,0.0,6.97,0.9986295347545738,-0.0523359562429438,17.3,60,0.0,7.39,0.7771459614569709,0.6293203910498374,10.9,75,0.0,3.57,0.7986355100472927,-0.6018150231520484,5.424999999999999,open-meteo,2026-08-08T09:59:26+00:00
2026-05-09 21:00:00+00:00,DE,onshore,13.2,74,0.0,5.54,0.7071067811865475,0.7071067811865476,7.7,77,0.0,6.71,0.992546151641322,-0.1218693434051473,16.9,64,0.0,7.63,0.6691306063588582,0.7431448254773942,8.9,89,0.0,3.12,0.7547095802227721,-0.6560590289905072,6.325000000000001,open-meteo,2026-08-08T09:59:26+00:00
2026-05-09 22:00:00+00:00,DE,onshore,13.1,81,0.0,4.22,0.9975640502598242,0.0697564737441252,7.2,77,0.0,6.12,0.8480480961564261,-0.5299192642332048,15.7,71,0.0,6.12,0.6427876096865393,0.766044443118978,7.8,91,0.0,3.07,0.9271838545667874,-0.374606593415912,7.050000000000001,open-meteo,2026-08-08T09:59:26+00:00
2026-05-09 23:00:00+00:00,DE,onshore,13.1,80,0.0,4.6,0.8910065241883679,-0.4539904997395467,6.9,78,0.0,5.01,0.5150380749100544,-0.8571673007021122,14.5,77,0.0,4.3,0.8660254037844386,0.5000000000000001,7.4,92,0.0,3.53,0.7193398003386511,-0.6946583704589974,7.525,open-meteo,2026-08-08T09:59:26+00:00
2026-05-10 00:00:00+00:00,DE,onshore,13.1,75,0.0,4.93,0.7547095802227721,-0.6560590289905072,6.0,84,0.0,4.44,0.2419218955996677,-0.9702957262759964,13.5,81,0.0,4.09,0.9563047559630354,0.2923717047227367,5.9,97,0.0,3.75,0.5446390350150273,-0.8386705679454239,8.375,open-meteo,2026-08-08T09:59:26+00:00
2026-05-10 01:00:00+00:00,DE,onshore,12.6,78,0.0,4.57,0.7071067811865476,-0.7071067811865475,6.0,86,0.0,4.5,0.3420201433256689,-0.9396926207859084,12.4,86,0.0,3.84,0.9945218953682732,-0.1045284632676535,5.5,96,0.0,4.24,0.8290375725550417,-0.5591929034707467,8.875,open-meteo,2026-08-08T09:59:26+00:00
2026-05-10 02:00:00+00:00,DE,onshore,12.4,78,0.0,4.12,0.6156614753256584,-0.7880107536067219,6.1,88,0.0,4.87,0.4226182617406995,-0.90630778703665,11.8,86,0.0,3.65,0.9945218953682732,-0.1045284632676535,5.4,95,0.0,4.62,0.8090169943749475,-0.587785252292473,9.075,open-meteo,2026-08-08T09:59:26+00:00
2026-05-10 03:00:00+00:00,DE,onshore,12.5,80,0.0,2.98,0.6946583704589971,-0.7193398003386513,5.4,90,0.0,5.17,0.6018150231520482,-0.7986355100472929,11.3,87,0.0,3.74,0.9945218953682732,0.1045284632676534,3.9,99,0.0,3.49,0.788010753606722,-0.6156614753256583,9.725,open-meteo,2026-08-08T09:59:26+00:00
2026-05-10 04:00:00+00:00,DE,onshore,12.2,81,1.0,2.16,0.6293203910498374,-0.7771459614569709,5.5,90,13.0,5.78,0.4383711467890773,-0.898794046299167,10.7,89,0.0,3.16,0.992546151641322,0.1218693434051474,3.7,100,7.0,2.83,0.8290375725550417,-0.5591929034707467,9.975,open-meteo,2026-08-08T09:59:26+00:00
2026-05-10 05:00:00+00:00,DE,onshore,12.2,79,33.0,0.92,0.8480480961564261,-0.5299192642332048,7.5,83,107.0,5.88,0.4067366430758004,-0.9135454576426008,11.2,89,45.0,3.59,0.9563047559630354,0.2923717047227367,4.9,98,79.0,3.02,0.90630778703665,-0.4226182617406993,9.05,open-meteo,2026-08-08T09:59:26+00:00
2026-05-10 06:00:00+00:00,DE,onshore,12.1,84,64.0,0.79,0.4999999999999999,0.8660254037844387,10.8,77,249.0,5.0,0.3907311284892737,-0.9205048534524404,13.9,76,152.0,2.88,0.984807753012208,0.1736481776669304,8.6,87,216.0,0.71,0.5591929034707469,-0.8290375725550416,6.65,open-meteo,2026-08-08T09:59:26+00:00
2026-05-10 07:00:00+00:00,DE,onshore,12.2,83,106.0,1.98,-0.544639035015027,0.838670567945424,12.8,70,308.0,4.37,0.5591929034707469,-0.8290375725550416,15.5,66,340.0,2.59,0.90630778703665,0.4226182617406994,11.0,82,325.0,0.79,0.8660254037844387,-0.4999999999999998,5.125,open-meteo,2026-08-08T09:59:26+00:00
2026-05-10 08:00:00+00:00,DE,onshore,12.0,82,158.0,5.91,-0.1045284632676534,0.9945218953682732,14.0,67,446.0,4.43,0.4226182617406995,-0.90630778703665,16.8,61,477.0,3.13,0.848048096156426,0.5299192642332049,13.2,74,394.0,1.27,0.9205048534524404,-0.3907311284892737,4.0,open-meteo,2026-08-08T09:59:26+00:00
2026-05-10 09:00:00+00:00,DE,onshore,12.3,81,411.0,6.17,0.0174524064372835,0.9998476951563912,14.6,62,398.0,4.87,0.258819045102521,-0.9659258262890682,19.1,57,606.0,3.07,0.8910065241883679,0.4539904997395468,16.0,61,445.0,0.92,0.848048096156426,0.5299192642332049,2.5,open-meteo,2026-08-08T09:59:26+00:00
2026-05-10 10:00:00+00:00,DE,onshore,12.2,74,285.0,7.35,-0.0348994967025008,0.9993908270190958,15.4,57,422.0,4.43,-0.4226182617406993,-0.90630778703665,20.8,55,718.0,3.34,0.848048096156426,0.5299192642332049,17.6,55,701.0,1.63,0.838670567945424,0.5446390350150271,1.5,open-meteo,2026-08-08T09:59:26+00:00
2026-05-10 11:00:00+00:00,DE,onshore,12.0,77,482.0,8.9,-0.1908089953765446,0.981627183447664,16.0,54,414.0,4.22,-0.8571673007021121,-0.5150380749100544,22.5,54,774.0,3.83,0.848048096156426,0.5299192642332049,18.5,48,661.0,1.67,0.9335804264972016,0.3583679495453004,0.75,open-meteo,2026-08-08T09:59:26+00:00
2026-05-10 12:00:00+00:00,DE,onshore,11.8,75,430.0,9.8,-0.1391731009600658,0.9902680687415704,15.9,53,537.0,4.69,-0.874619707139396,-0.4848096202463368,24.2,39,803.0,4.22,0.9975640502598242,0.0697564737441252,19.3,39,617.0,1.2,0.8191520442889918,0.573576436351046,0.1999999999999993,open-meteo,2026-08-08T09:59:26+00:00
2026-05-10 13:00:00+00:00,DE,onshore,11.0,78,612.0,10.88,-0.2419218955996678,0.9702957262759964,16.8,48,565.0,5.75,-0.9702957262759964,-0.2419218955996677,24.6,37,715.0,3.63,0.9993908270190958,0.034899496702501,19.8,38,707.0,1.5,0.5299192642332049,0.848048096156426,0.0500000000000007,open-meteo,2026-08-08T09:59:26+00:00
2026-05-10 14:00:00+00:00,DE,onshore,10.7,75,587.0,11.83,-0.2419218955996678,0.9702957262759964,16.7,48,491.0,5.02,-0.9945218953682734,0.1045284632676529,24.2,34,498.0,3.46,0.90630778703665,-0.4226182617406993,20.0,39,542.0,0.96,0.9135454576426008,0.4067366430758002,0.1000000000000014,open-meteo,2026-08-08T09:59:26+00:00
2026-05-10 15:00:00+00:00,DE,onshore,10.7,76,560.0,12.68,-0.2923717047227371,0.9563047559630352,16.8,47,422.0,5.13,-0.898794046299167,0.4383711467890774,23.8,38,267.0,4.24,0.992546151641322,0.1218693434051474,20.3,41,468.0,0.69,0.7071067811865475,0.7071067811865476,0.1000000000000014,open-meteo,2026-08-08T09:59:26+00:00
2026-05-10 16:00:00+00:00,DE,onshore,10.4,72,458.0,12.5,-0.2419218955996678,0.9702957262759964,16.2,55,371.0,4.19,-0.6018150231520483,0.7986355100472928,23.3,38,258.0,3.77,0.8829475928589269,-0.4694715627858909,20.1,41,399.0,1.79,0.9876883405951378,0.1564344650402309,0.5,open-meteo,2026-08-08T09:59:26+00:00
2026-05-10 17:00:00+00:00,DE,onshore,10.1,70,309.0,12.79,-0.2249510543438653,0.9743700647852352,15.2,59,256.0,3.34,-0.0871557427476583,0.9961946980917455,22.3,43,125.0,5.02,0.777145961456971,-0.6293203910498373,19.1,44,204.0,2.5,0.981627183447664,-0.1908089953765448,1.3250000000000028,open-meteo,2026-08-08T09:59:26+00:00
2026-05-10 18:00:00+00:00,DE,onshore,9.9,68,161.0,11.89,-0.1564344650402311,0.9876883405951375,14.1,64,114.0,3.45,0.1218693434051474,0.992546151641322,17.5,72,37.0,6.0,-0.8987940462991668,-0.4383711467890777,17.9,57,86.0,2.94,0.7986355100472928,0.6018150231520483,3.1500000000000004,open-meteo,2026-08-08T09:59:26+00:00
2026-05-10 19:00:00+00:00,DE,onshore,9.7,66,42.0,11.09,-0.0697564737441256,0.9975640502598242,11.7,76,15.0,3.13,0.5299192642332049,0.848048096156426,15.7,82,3.0,6.86,-0.9271838545667874,0.3746065934159119,15.5,60,15.0,6.23,0.9902680687415704,0.1391731009600654,4.850000000000001,open-meteo,2026-08-08T09:59:26+00:00
2026-05-10 20:00:00+00:00,DE,onshore,9.5,64,0.0,10.39,-0.0348994967025008,0.9993908270190958,10.4,81,0.0,2.59,0.90630778703665,0.4226182617406994,14.7,86,0.0,6.33,-0.9902680687415704,0.1391731009600654,13.8,69,0.0,6.1,0.9945218953682732,0.1045284632676534,5.900000000000002,open-meteo,2026-08-08T09:59:26+00:00
2026-05-10 21:00:00+00:00,DE,onshore,9.2,68,0.0,9.52,0.0523359562429438,0.9986295347545738,9.1,88,0.0,4.82,0.9961946980917455,-0.0871557427476582,13.4,89,0.0,2.32,-0.8829475928589271,0.4694715627858904,12.4,77,0.0,6.44,0.9876883405951378,0.1564344650402309,6.975000000000001,open-meteo,2026-08-08T09:59:26+00:00
2026-05-10 22:00:00+00:00,DE,onshore,8.9,70,0.0,8.84,0.0697564737441253,0.9975640502598242,8.9,88,0.0,6.08,0.9659258262890684,0.2588190451025207,12.8,94,0.0,1.88,-0.882947592858927,-0.4694715627858907,12.6,72,0.0,7.15,1.0,6.123233995736766e-17,7.199999999999999,open-meteo,2026-08-08T09:59:26+00:00
2026-05-10 23:00:00+00:00,DE,onshore,8.9,73,0.0,8.04,0.0523359562429438,0.9986295347545738,8.8,85,0.0,7.66,0.9612616959383188,-0.275637355816999,12.6,95,0.0,1.94,-0.754709580222772,-0.6560590289905073,11.4,77,0.0,7.29,0.9945218953682732,-0.1045284632676535,7.574999999999999,open-meteo,2026-08-08T09:59:26+00:00
2026-05-11 00:00:00+00:00,DE,onshore,8.9,70,0.0,8.13,0.224951054343865,0.9743700647852352,9.9,80,0.0,8.77,0.9510565162951536,-0.3090169943749473,12.8,95,0.0,1.48,0.1391731009600653,-0.9902680687415704,10.9,83,0.0,5.94,0.9876883405951378,-0.1564344650402308,7.375,open-meteo,2026-08-08T09:59:26+00:00
2026-05-11 01:00:00+00:00,DE,onshore,8.5,74,0.0,8.11,0.2079116908177593,0.9781476007338056,10.0,80,0.0,6.22,0.992546151641322,-0.1218693434051473,12.4,97,0.0,1.98,-0.3420201433256686,-0.9396926207859084,10.8,85,0.0,5.56,0.9702957262759964,-0.2419218955996677,7.574999999999999,open-meteo,2026-08-08T09:59:26+00:00
2026-05-11 02:00:00+00:00,DE,onshore,8.1,77,0.0,8.29,0.2419218955996677,0.9702957262759964,9.2,83,0.0,7.85,0.9975640502598242,-0.0697564737441253,12.2,97,0.0,2.43,-0.6819983600624984,-0.7313537016191706,10.2,90,0.0,5.13,0.8987940462991669,-0.4383711467890775,8.075000000000001,open-meteo,2026-08-08T09:59:26+00:00
2026-05-11 03:00:00+00:00,DE,onshore,7.8,68,0.0,7.77,0.3907311284892737,0.9205048534524404,9.0,82,0.0,7.28,0.981627183447664,-0.1908089953765448,11.5,100,0.0,2.75,-0.5735764363510462,-0.8191520442889918,10.5,90,0.0,4.43,0.8191520442889917,-0.5735764363510462,8.3,open-meteo,2026-08-08T09:59:26+00:00
2026-05-11 04:00:00+00:00,DE,onshore,7.6,71,4.0,7.87,0.2923717047227367,0.9563047559630354,8.7,85,9.0,5.12,0.9961946980917455,0.0871557427476581,11.0,97,0.0,2.99,-0.5299192642332048,-0.8480480961564261,10.7,90,2.0,2.35,1.2246467991473532e-16,-1.0,8.5,open-meteo,2026-08-08T09:59:26+00:00
2026-05-11 05:00:00+00:00,DE,onshore,7.4,69,52.0,7.17,0.374606593415912,0.9271838545667874,9.3,83,52.0,6.06,0.9876883405951378,-0.1564344650402308,11.3,94,34.0,3.38,-0.5000000000000001,-0.8660254037844386,10.9,94,19.0,1.47,-2.4492935982947064e-16,1.0,8.274999999999999,open-meteo,2026-08-08T09:59:26+00:00
2026-05-11 06:00:00+00:00,DE,onshore,7.6,65,124.0,6.02,0.374606593415912,0.9271838545667874,10.2,80,68.0,8.12,0.9205048534524404,-0.3907311284892737,13.4,90,123.0,3.33,-0.6819983600624984,-0.7313537016191706,11.4,92,60.0,4.55,0.7986355100472928,0.6018150231520483,7.350000000000001,open-meteo,2026-08-08T09:59:26+00:00
2026-05-11 07:00:00+00:00,DE,onshore,7.6,69,237.0,5.52,0.1045284632676534,0.9945218953682732,9.9,89,66.0,3.1,-0.8191520442889918,0.573576436351046,15.4,82,285.0,6.39,-0.9335804264972016,-0.3583679495453007,11.9,91,106.0,1.77,0.9986295347545738,0.0523359562429439,6.800000000000001,open-meteo,2026-08-08T09:59:26+00:00
2026-05-11 08:00:00+00:00,DE,onshore,7.8,69,299.0,4.91,-0.0523359562429443,0.9986295347545738,10.0,92,92.0,3.04,0.5446390350150271,0.838670567945424,15.9,71,327.0,11.91,-0.961261695938319,-0.2756373558169989,12.5,90,134.0,3.09,0.981627183447664,-0.1908089953765448,6.449999999999999,open-meteo,2026-08-08T09:59:26+00:00
2026-05-11 09:00:00+00:00,DE,onshore,8.1,65,346.0,5.27,-0.6819983600624984,0.7313537016191707,11.0,93,144.0,5.98,0.8191520442889918,0.573576436351046,16.8,68,501.0,10.22,-0.9702957262759964,-0.2419218955996677,11.7,94,96.0,5.08,-0.90630778703665,-0.4226182617406991,6.099999999999998,open-meteo,2026-08-08T09:59:26+00:00
2026-05-11 10:00:00+00:00,DE,onshore,8.3,66,529.0,4.43,-0.8191520442889918,0.573576436351046,11.7,89,265.0,5.71,0.9945218953682732,0.1045284632676534,15.0,78,303.0,10.08,-0.90630778703665,-0.4226182617406991,11.2,91,90.0,6.97,-0.9563047559630354,0.2923717047227367,6.449999999999999,open-meteo,2026-08-08T09:59:26+00:00
2026-05-11 11:00:00+00:00,DE,onshore,8.4,64,625.0,4.86,-0.9876883405951378,0.1564344650402306,12.0,88,188.0,6.65,0.9702957262759964,-0.2419218955996677,15.2,73,363.0,10.88,-0.9563047559630352,-0.2923717047227371,11.7,88,101.0,9.81,-0.9702957262759966,0.2419218955996674,6.175000000000001,open-meteo,2026-08-08T09:59:26+00:00
2026-05-11 12:00:00+00:00,DE,onshore,8.5,66,733.0,5.09,-0.961261695938319,-0.2756373558169989,12.5,88,96.0,6.67,0.6427876096865395,-0.7660444431189779,15.8,70,149.0,11.61,-0.9271838545667872,-0.3746065934159123,11.2,87,129.0,11.27,-0.8746197071393956,0.4848096202463373,6.0,open-meteo,2026-08-08T09:59:26+00:00
2026-05-11 13:00:00+00:00,DE,onshore,9.2,63,202.0,6.69,-0.9961946980917455,-0.0871557427476582,12.0,94,72.0,5.68,-0.8480480961564262,0.5299192642332047,13.6,84,259.0,10.44,-0.9945218953682734,-0.1045284632676533,11.0,81,252.0,10.14,-0.8386705679454243,0.5446390350150266,6.550000000000001,open-meteo,2026-08-08T09:59:26+00:00
2026-05-11 14:00:00+00:00,DE,onshore,9.4,71,380.0,8.75,-0.961261695938319,-0.2756373558169989,10.5,93,82.0,7.91,-0.8571673007021123,0.5150380749100542,10.9,89,153.0,8.47,-0.5000000000000004,0.8660254037844384,10.1,85,216.0,9.75,-0.9271838545667874,0.3746065934159119,7.775,open-meteo,2026-08-08T09:59:26+00:00
2026-05-11 15:00:00+00:00,DE,onshore,9.5,74,545.0,12.0,-0.961261695938319,-0.2756373558169989,10.5,90,164.0,8.77,-0.8746197071393956,0.4848096202463373,9.5,89,133.0,9.95,-0.5877852522924734,0.8090169943749473,9.6,84,151.0,9.96,-0.9135454576426012,0.4067366430757997,8.225,open-meteo,2026-08-08T09:59:26+00:00
2026-05-11 16:00:00+00:00,DE,onshore,9.6,67,442.0,12.59,-0.9743700647852352,-0.2249510543438652,10.9,79,233.0,9.68,-0.9335804264972016,0.3583679495453004,8.9,87,185.0,9.05,-0.5877852522924734,0.8090169943749473,8.6,85,146.0,9.25,-0.898794046299167,0.4383711467890774,8.5,open-meteo,2026-08-08T09:59:26+00:00
2026-05-11 17:00:00+00:00,DE,onshore,9.5,69,265.0,11.13,-0.961261695938319,-0.2756373558169989,10.5,79,214.0,10.52,-0.9335804264972016,0.3583679495453004,8.3,88,80.0,7.05,-0.4539904997395469,0.8910065241883678,8.7,81,113.0,7.85,-0.9135454576426012,0.4067366430757997,8.75,open-meteo,2026-08-08T09:59:26+00:00
2026-05-11 18:00:00+00:00,DE,onshore,8.5,77,115.0,10.75,-0.9563047559630352,-0.2923717047227371,8.9,88,78.0,10.66,-0.981627183447664,0.1908089953765451,7.1,86,42.0,7.51,-0.6427876096865396,0.7660444431189778,8.6,83,42.0,5.9,-0.9961946980917455,0.0871557427476578,9.725,open-meteo,2026-08-08T09:59:26+00:00
2026-05-11 19:00:00+00:00,DE,onshore,8.8,73,32.0,7.93,-0.8910065241883678,-0.4539904997395469,8.3,89,7.0,9.97,-0.981627183447664,0.1908089953765451,7.0,90,9.0,4.9,-0.7986355100472932,0.6018150231520479,8.1,87,11.0,6.2,-0.9961946980917455,-0.0871557427476582,9.95,open-meteo,2026-08-08T09:59:26+00:00
2026-05-11 20:00:00+00:00,DE,onshore,8.8,79,0.0,6.24,-0.7193398003386512,-0.6946583704589973,8.4,82,0.0,8.97,-0.9271838545667874,0.3746065934159119,6.4,93,0.0,4.12,-0.9998476951563912,0.0174524064372831,7.5,89,0.0,7.51,-0.992546151641322,-0.1218693434051471,10.225,open-meteo,2026-08-08T09:59:26+00:00
2026-05-11 21:00:00+00:00,DE,onshore,8.1,75,0.0,5.39,-0.4539904997395467,-0.8910065241883679,8.0,84,0.0,8.55,-0.9961946980917455,0.0871557427476578,6.3,95,0.0,6.2,-0.9961946980917455,-0.0871557427476582,7.3,90,0.0,7.35,-0.9998476951563912,-0.0174524064372834,10.575,open-meteo,2026-08-08T09:59:26+00:00
2026-05-11 22:00:00+00:00,DE,onshore,8.1,76,0.0,0.29,1.2246467991473532e-16,-1.0,7.5,89,0.0,8.92,-0.9998476951563912,0.0174524064372831,7.0,92,0.0,8.59,-0.9563047559630354,0.2923717047227367,7.0,88,0.0,8.94,-0.9975640502598242,-0.0697564737441255,10.6,open-meteo,2026-08-08T09:59:26+00:00
2026-05-11 23:00:00+00:00,DE,onshore,8.4,74,0.0,1.9,0.2079116908177593,0.9781476007338056,7.5,83,0.0,9.03,-0.9986295347545738,-0.0523359562429443,6.3,88,0.0,5.59,-0.9271838545667874,0.3746065934159119,6.4,85,0.0,7.18,-0.9961946980917455,-0.0871557427476582,10.85,open-meteo,2026-08-08T09:59:26+00:00
2026-05-12 00:00:00+00:00,DE,onshore,8.0,77,0.0,2.15,0.4067366430758002,0.9135454576426008,6.5,80,0.0,9.43,-0.9975640502598244,0.0697564737441252,5.4,92,0.0,5.13,-0.898794046299167,0.4383711467890774,6.1,86,0.0,7.83,-0.9876883405951375,-0.156434465040231,11.5,open-meteo,2026-08-08T09:59:26+00:00
2026-05-12 01:00:00+00:00,DE,onshore,8.2,81,0.0,1.64,0.2923717047227367,0.9563047559630354,5.8,83,0.0,9.74,-0.9961946980917455,0.0871557427476578,6.2,93,0.0,6.14,-0.9063077870366498,0.4226182617406996,5.0,82,0.0,8.47,-0.981627183447664,-0.1908089953765446,11.7,open-meteo,2026-08-08T09:59:26+00:00
2026-05-12 02:00:00+00:00,DE,onshore,8.7,76,0.0,8.63,0.1564344650402308,0.9876883405951378,5.3,86,0.0,9.5,-0.9998476951563912,0.0174524064372831,6.0,88,0.0,7.29,-0.6560590289905074,0.7547095802227719,4.0,86,0.0,7.93,-0.9510565162951536,-0.3090169943749475,12.0,open-meteo,2026-08-08T09:59:26+00:00
2026-05-12 03:00:00+00:00,DE,onshore,8.3,75,0.0,7.19,0.2923717047227367,0.9563047559630354,4.6,87,0.0,9.38,-0.992546151641322,-0.1218693434051471,5.0,85,0.0,5.75,-0.8660254037844386,0.5000000000000001,3.4,87,0.0,7.45,-0.882947592858927,-0.4694715627858907,12.675,open-meteo,2026-08-08T09:59:26+00:00
2026-05-12 04:00:00+00:00,DE,onshore,9.8,73,2.0,10.27,-0.2249510543438653,0.9743700647852352,4.3,85,17.0,9.53,-0.9659258262890684,-0.2588190451025206,3.6,90,1.0,6.45,-0.9563047559630354,0.2923717047227367,4.0,85,5.0,7.69,-0.8290375725550418,-0.5591929034707466,12.575,open-meteo,2026-08-08T09:59:26+00:00
2026-05-12 05:00:00+00:00,DE,onshore,10.0,67,48.0,9.33,-0.1564344650402311,0.9876883405951375,4.9,82,115.0,8.06,-0.9510565162951536,-0.3090169943749475,3.8,88,57.0,6.9,-0.981627183447664,0.1908089953765451,5.1,80,43.0,6.44,-0.7193398003386512,-0.6946583704589973,12.05,open-meteo,2026-08-08T09:59:26+00:00
2026-05-12 06:00:00+00:00,DE,onshore,10.0,63,138.0,9.47,-0.4067366430758001,0.9135454576426008,5.9,78,266.0,6.07,-0.9510565162951536,-0.3090169943749475,5.1,84,203.0,7.55,-0.9986295347545738,0.0523359562429439,6.0,77,144.0,5.96,-0.8090169943749473,-0.5877852522924732,11.25,open-meteo,2026-08-08T09:59:26+00:00
2026-05-12 07:00:00+00:00,DE,onshore,9.7,68,278.0,8.98,-0.5877852522924734,0.8090169943749473,7.1,72,409.0,6.7,-0.9659258262890684,-0.2588190451025206,6.3,76,358.0,8.23,-0.9876883405951378,0.1564344650402306,7.1,71,234.0,5.02,-0.9781476007338056,-0.2079116908177598,10.45,open-meteo,2026-08-08T09:59:26+00:00
2026-05-12 08:00:00+00:00,DE,onshore,10.1,66,475.0,10.31,-0.5877852522924734,0.8090169943749473,8.4,64,543.0,7.42,-0.9205048534524404,-0.3907311284892738,7.3,70,436.0,8.32,-0.9781476007338056,0.2079116908177594,7.6,69,277.0,4.5,-0.981627183447664,0.1908089953765451,9.65,open-meteo,2026-08-08T09:59:26+00:00
2026-05-12 09:00:00+00:00,DE,onshore,9.6,74,247.0,12.19,-0.7071067811865477,0.7071067811865474,9.2,59,620.0,6.91,-0.9510565162951536,-0.3090169943749475,8.9,60,622.0,7.22,-0.9902680687415704,0.1391731009600654,8.2,74,358.0,4.5,-0.981627183447664,0.1908089953765451,9.025000000000002,open-meteo,2026-08-08T09:59:26+00:00
2026-05-12 10:00:00+00:00,DE,onshore,9.7,74,449.0,12.17,-0.7660444431189781,0.6427876096865393,10.0,55,697.0,6.45,-0.9563047559630352,-0.2923717047227371,9.6,55,519.0,8.39,-0.9702957262759966,0.2419218955996674,9.3,64,415.0,4.79,-0.9205048534524404,0.3907311284892735,8.350000000000001,open-meteo,2026-08-08T09:59:26+00:00
2026-05-12 11:00:00+00:00,DE,onshore,9.5,76,598.0,13.18,-0.8290375725550416,0.559192903470747,10.9,51,682.0,5.67,-0.984807753012208,-0.1736481776669303,8.0,71,456.0,10.0,-0.9998476951563912,-0.0174524064372834,9.9,65,520.0,4.73,-0.8910065241883679,0.4539904997395466,8.425,open-meteo,2026-08-08T09:59:26+00:00
2026-05-12 12:00:00+00:00,DE,onshore,9.4,72,580.0,11.99,-0.8090169943749476,0.5877852522924729,10.3,55,511.0,5.59,-0.9986295347545738,0.0523359562429439,9.7,60,631.0,8.95,-0.9961946980917455,-0.0871557427476582,9.7,68,413.0,8.86,-0.9396926207859084,0.342020143325669,8.225,open-meteo,2026-08-08T09:59:26+00:00
2026-05-12 13:00:00+00:00,DE,onshore,9.2,70,709.0,10.82,-0.8480480961564262,0.5299192642332047,10.4,60,443.0,5.91,-0.9945218953682734,0.1045284632676529,10.9,52,694.0,9.36,-0.984807753012208,0.1736481776669299,10.1,66,613.0,7.18,-0.8480480961564262,0.5299192642332047,7.85,open-meteo,2026-08-08T09:59:26+00:00
2026-05-12 14:00:00+00:00,DE,onshore,9.2,71,543.0,11.01,-0.8480480961564262,0.5299192642332047,10.6,64,430.0,5.89,-0.9659258262890684,0.2588190451025203,11.1,50,629.0,8.27,-0.9961946980917455,0.0871557427476578,10.0,64,576.0,9.86,-0.8290375725550416,0.559192903470747,7.775,open-meteo,2026-08-08T09:59:26+00:00
2026-05-12 15:00:00+00:00,DE,onshore,9.3,66,347.0,10.42,-0.9271838545667874,0.3746065934159119,9.9,75,263.0,7.27,-0.9702957262759966,0.2419218955996674,10.9,50,535.0,7.7,-0.992546151641322,0.1218693434051476,8.8,74,232.0,9.52,-0.8746197071393956,0.4848096202463373,8.274999999999999,open-meteo,2026-08-08T09:59:26+00:00
2026-05-12 16:00:00+00:00,DE,onshore,9.7,64,181.0,10.12,-0.9659258262890684,0.2588190451025203,9.1,80,142.0,6.61,-0.992546151641322,-0.1218693434051471,10.8,50,340.0,6.11,-0.9945218953682734,-0.1045284632676533,7.4,89,102.0,6.27,-0.9993908270190958,0.0348994967025012,8.75,open-meteo,2026-08-08T09:59:26+00:00
2026-05-12 17:00:00+00:00,DE,onshore,9.4,67,122.0,9.13,-0.9659258262890684,0.2588190451025203,9.1,77,122.0,6.0,-0.9961946980917455,-0.0871557427476582,10.3,51,271.0,5.59,-0.9998476951563912,0.0174524064372831,7.7,92,68.0,6.63,-0.961261695938319,-0.2756373558169989,8.875,open-meteo,2026-08-08T09:59:26+00:00
2026-05-12 18:00:00+00:00,DE,onshore,9.2,72,56.0,7.85,-0.9975640502598242,-0.0697564737441255,7.9,89,64.0,7.06,-0.9455185755993168,-0.3255681544571566,10.2,49,98.0,3.71,-0.9781476007338056,-0.2079116908177598,8.2,92,62.0,8.46,-0.9961946980917455,0.0871557427476578,9.125,open-meteo,2026-08-08T09:59:26+00:00
2026-05-12 19:00:00+00:00,DE,onshore,9.5,69,20.0,6.77,-0.9702957262759964,-0.2419218955996677,7.4,95,9.0,7.62,-0.8987940462991668,-0.4383711467890777,9.0,62,12.0,4.69,-0.981627183447664,-0.1908089953765446,7.6,81,11.0,8.74,-0.9510565162951536,0.3090169943749472,9.625,open-meteo,2026-08-08T09:59:26+00:00
2026-05-12 20:00:00+00:00,DE,onshore,9.0,74,0.0,8.08,-0.9205048534524404,-0.3907311284892738,7.3,97,0.0,7.34,-0.9743700647852352,-0.2249510543438652,7.4,67,0.0,4.44,-0.9271838545667872,-0.3746065934159123,6.8,88,0.0,8.45,-0.9975640502598244,0.0697564737441252,10.375,open-meteo,2026-08-08T09:59:26+00:00
2026-05-12 21:00:00+00:00,DE,onshore,9.2,73,0.0,7.3,-0.6427876096865393,-0.766044443118978,7.7,92,0.0,9.74,-0.984807753012208,0.1736481776669299,7.0,68,0.0,4.06,-0.9659258262890684,-0.2588190451025206,6.5,90,0.0,7.27,-0.9975640502598242,-0.0697564737441255,10.4,open-meteo,2026-08-08T09:59:26+00:00
2026-05-12 22:00:00+00:00,DE,onshore,9.5,72,0.0,10.39,-0.7071067811865475,-0.7071067811865477,7.2,85,0.0,9.36,-0.9945218953682734,0.1045284632676529,6.0,76,0.0,3.81,-0.8987940462991668,-0.4383711467890777,5.7,93,0.0,7.0,-0.9945218953682734,-0.1045284632676533,10.9,open-meteo,2026-08-08T09:59:26+00:00
2026-05-12 23:00:00+00:00,DE,onshore,9.1,81,0.0,10.42,-0.6018150231520484,-0.7986355100472928,6.6,88,0.0,9.07,-0.9945218953682734,0.1045284632676529,5.4,79,0.0,3.2,-0.8910065241883678,-0.4539904997395469,5.5,92,0.0,6.97,-0.9975640502598242,-0.0697564737441255,11.35,open-meteo,2026-08-08T09:59:26+00:00
2026-05-13 00:00:00+00:00,DE,onshore,9.3,82,0.0,12.86,-0.8191520442889916,-0.5735764363510464,5.8,88,0.0,8.83,-0.9986295347545738,-0.0523359562429443,5.8,77,0.0,3.06,-0.7660444431189779,-0.6427876096865395,5.6,93,0.0,5.7,-0.9455185755993168,-0.3255681544571566,11.375,open-meteo,2026-08-08T09:59:26+00:00
2026-05-13 01:00:00+00:00,DE,onshore,9.1,87,0.0,11.1,-0.874619707139396,-0.4848096202463368,5.1,90,0.0,8.76,-0.9945218953682734,-0.1045284632676533,5.2,78,0.0,4.0,-0.8090169943749473,-0.5877852522924732,5.5,94,0.0,5.99,-0.9335804264972016,-0.3583679495453007,11.775,open-meteo,2026-08-08T09:59:26+00:00
2026-05-13 02:00:00+00:00,DE,onshore,10.0,75,0.0,10.58,-0.9998476951563912,0.0174524064372831,4.6,94,0.0,7.64,-0.9876883405951375,-0.156434465040231,4.7,78,0.0,4.75,-0.9271838545667872,-0.3746065934159123,5.7,92,0.0,4.88,-0.9271838545667872,-0.3746065934159123,11.75,open-meteo,2026-08-08T09:59:26+00:00
2026-05-13 03:00:00+00:00,DE,onshore,9.5,76,0.0,12.48,-0.9271838545667874,0.3746065934159119,4.6,93,0.0,7.5,-0.9396926207859084,-0.3420201433256685,5.3,77,0.0,4.43,-0.882947592858927,-0.4694715627858907,6.1,91,0.0,5.61,-0.2079116908177595,-0.9781476007338056,11.625,open-meteo,2026-08-08T09:59:26+00:00
2026-05-13 04:00:00+00:00,DE,onshore,9.8,77,2.0,12.48,-0.8571673007021123,0.5150380749100542,4.4,91,11.0,8.11,-0.8910065241883678,-0.4539904997395469,5.3,81,0.0,3.47,-0.7660444431189779,-0.6427876096865395,6.2,94,3.0,6.32,-0.2249510543438649,-0.9743700647852352,11.575,open-meteo,2026-08-08T09:59:26+00:00
2026-05-13 05:00:00+00:00,DE,onshore,9.5,76,70.0,10.78,-0.898794046299167,0.4383711467890774,5.0,91,80.0,7.67,-0.8191520442889916,-0.5735764363510464,5.8,81,31.0,2.77,-0.7071067811865475,-0.7071067811865477,6.4,94,23.0,6.84,-0.2249510543438649,-0.9743700647852352,11.325,open-meteo,2026-08-08T09:59:26+00:00
2026-05-13 06:00:00+00:00,DE,onshore,9.0,78,213.0,8.67,-0.8480480961564262,0.5299192642332047,5.9,89,173.0,5.82,-0.587785252292473,-0.8090169943749475,6.9,78,158.0,1.71,-0.4067366430758002,-0.9135454576426008,7.2,92,59.0,5.9,-0.5299192642332048,-0.8480480961564261,10.75,open-meteo,2026-08-08T09:59:26+00:00
2026-05-13 07:00:00+00:00,DE,onshore,9.5,72,307.0,8.97,-0.8290375725550416,0.559192903470747,6.6,89,168.0,6.15,-0.5150380749100542,-0.8571673007021123,8.6,70,230.0,2.02,-0.4848096202463369,-0.8746197071393959,8.3,88,156.0,6.17,-0.7313537016191703,-0.6819983600624986,9.75,open-meteo,2026-08-08T09:59:26+00:00
2026-05-13 08:00:00+00:00,DE,onshore,9.5,69,280.0,7.28,-0.9135454576426012,0.4067366430757997,7.2,89,209.0,6.4,-0.4539904997395467,-0.8910065241883679,10.6,70,254.0,5.78,-0.8987940462991668,-0.4383711467890777,8.6,88,190.0,6.62,-0.90630778703665,-0.4226182617406991,9.025,open-meteo,2026-08-08T09:59:26+00:00
2026-05-13 09:00:00+00:00,DE,onshore,9.5,71,569.0,7.78,-0.981627183447664,0.1908089953765451,7.1,89,212.0,6.37,-0.7071067811865475,-0.7071067811865477,12.1,58,359.0,7.91,-0.9271838545667872,-0.3746065934159123,9.5,81,356.0,7.32,-0.9902680687415704,-0.1391731009600658,8.45,open-meteo,2026-08-08T09:59:26+00:00
2026-05-13 10:00:00+00:00,DE,onshore,9.4,71,603.0,7.11,-0.992546151641322,0.1218693434051476,8.1,88,322.0,5.54,-0.7071067811865475,-0.7071067811865477,13.0,54,319.0,10.04,-0.9455185755993168,-0.3255681544571566,11.1,75,521.0,6.8,-0.9659258262890684,-0.2588190451025206,7.6,open-meteo,2026-08-08T09:59:26+00:00
2026-05-13 11:00:00+00:00,DE,onshore,9.5,68,760.0,6.86,-0.984807753012208,0.1736481776669299,9.8,83,504.0,6.71,-0.8290375725550418,-0.5591929034707466,13.5,51,438.0,10.01,-0.9781476007338056,-0.2079116908177598,12.1,65,639.0,6.98,-0.981627183447664,-0.1908089953765446,6.775,open-meteo,2026-08-08T09:59:26+00:00
2026-05-13 12:00:00+00:00,DE,onshore,9.6,74,734.0,6.66,-0.9563047559630354,0.2923717047227367,9.9,74,414.0,7.15,-0.8386705679454242,-0.544639035015027,13.7,50,358.0,8.49,-0.9563047559630352,-0.2923717047227371,13.2,55,677.0,6.85,-0.9563047559630352,-0.2923717047227371,6.399999999999999,open-meteo,2026-08-08T09:59:26+00:00
2026-05-13 13:00:00+00:00,DE,onshore,9.6,70,674.0,5.89,-0.9510565162951536,0.3090169943749472,11.5,69,597.0,6.39,-0.9335804264972016,-0.3583679495453007,13.8,49,326.0,9.73,-0.9455185755993168,-0.3255681544571566,12.4,61,457.0,8.44,-0.9659258262890684,-0.2588190451025206,6.174999999999999,open-meteo,2026-08-08T09:59:26+00:00
2026-05-13 14:00:00+00:00,DE,onshore,9.8,69,718.0,5.21,-0.898794046299167,0.4383711467890774,9.1,86,276.0,2.77,-0.9902680687415704,-0.1391731009600658,14.6,46,418.0,11.74,-0.9455185755993168,-0.3255681544571566,13.0,53,516.0,10.66,-0.9563047559630352,-0.2923717047227371,6.375,open-meteo,2026-08-08T09:59:26+00:00
2026-05-13 15:00:00+00:00,DE,onshore,9.9,66,585.0,4.52,-0.8660254037844386,0.5000000000000001,10.2,78,377.0,4.9,-0.9781476007338056,0.2079116908177594,14.4,51,328.0,8.72,-0.9335804264972016,-0.3583679495453007,13.6,49,547.0,8.52,-0.9563047559630352,-0.2923717047227371,5.975,open-meteo,2026-08-08T09:59:26+00:00
2026-05-13 16:00:00+00:00,DE,onshore,9.8,68,451.0,3.46,-0.7071067811865477,0.7071067811865474,11.1,74,337.0,4.59,-0.9396926207859084,-0.3420201433256685,14.2,50,330.0,10.21,-0.882947592858927,-0.4694715627858907,13.4,50,392.0,8.28,-0.8910065241883678,-0.4539904997395469,5.875000000000002,open-meteo,2026-08-08T09:59:26+00:00
2026-05-13 17:00:00+00:00,DE,onshore,9.8,65,330.0,3.4,-0.544639035015027,0.838670567945424,10.6,78,215.0,5.36,-0.5150380749100542,-0.8571673007021123,12.9,57,160.0,10.41,-0.9781476007338056,0.2079116908177594,13.2,52,281.0,6.85,-0.9455185755993168,-0.3255681544571566,6.375,open-meteo,2026-08-08T09:59:26+00:00
2026-05-13 18:00:00+00:00,DE,onshore,10.0,64,179.0,2.64,-0.6691306063588581,0.7431448254773944,9.6,73,45.0,4.9,-0.7986355100472928,-0.6018150231520483,10.1,84,39.0,7.53,-0.9510565162951536,-0.3090169943749475,12.4,55,116.0,5.99,-0.9659258262890684,-0.2588190451025206,7.475,open-meteo,2026-08-08T09:59:26+00:00
2026-05-13 19:00:00+00:00,DE,onshore,9.9,65,51.0,2.91,-0.6691306063588581,0.7431448254773944,7.6,83,13.0,5.96,-0.6946583704589974,-0.7193398003386511,9.5,85,18.0,8.77,-0.9702957262759964,-0.2419218955996677,10.6,65,20.0,6.42,-0.9335804264972016,-0.3583679495453007,8.6,open-meteo,2026-08-08T09:59:26+00:00
2026-05-13 20:00:00+00:00,DE,onshore,9.8,65,1.0,2.71,-0.6560590289905074,0.7547095802227719,6.6,90,0.0,7.41,-0.7986355100472928,-0.6018150231520483,8.9,81,0.0,9.47,-0.6293203910498376,-0.7771459614569708,9.5,73,0.0,4.26,-0.9205048534524404,-0.3907311284892738,9.3,open-meteo,2026-08-08T09:59:26+00:00
2026-05-13 21:00:00+00:00,DE,onshore,9.5,67,0.0,2.82,-0.3420201433256686,0.9396926207859084,6.0,90,0.0,6.06,-0.7771459614569706,-0.6293203910498378,8.0,86,0.0,6.96,-0.2419218955996675,-0.9702957262759964,9.1,86,0.0,3.33,-0.6819983600624984,-0.7313537016191706,9.85,open-meteo,2026-08-08T09:59:26+00:00
2026-05-13 22:00:00+00:00,DE,onshore,9.6,63,0.0,2.5,-0.4383711467890778,0.8987940462991668,5.1,91,0.0,5.76,-0.6691306063588582,-0.7431448254773942,8.2,88,0.0,8.09,-0.981627183447664,-0.1908089953765446,8.8,93,0.0,3.04,-0.2588190451025208,-0.9659258262890684,10.075,open-meteo,2026-08-08T09:59:26+00:00
2026-05-13 23:00:00+00:00,DE,onshore,9.6,65,0.0,1.86,-0.3090169943749477,0.9510565162951536,5.0,92,0.0,7.31,-0.5735764363510462,-0.8191520442889918,7.5,87,0.0,8.41,-0.882947592858927,-0.4694715627858907,8.3,95,0.0,2.45,-0.6018150231520484,-0.7986355100472928,10.4,open-meteo,2026-08-08T09:59:26+00:00
2026-05-14 00:00:00+00:00,DE,onshore,9.2,72,0.0,3.93,-0.3255681544571567,0.9455185755993168,6.3,92,0.0,6.23,-0.7986355100472928,-0.6018150231520483,7.4,88,0.0,8.17,-0.9205048534524404,-0.3907311284892738,8.0,96,0.0,3.75,-0.3420201433256686,-0.9396926207859084,10.275,open-meteo,2026-08-08T09:59:26+00:00
2026-05-14 01:00:00+00:00,DE,onshore,9.4,68,0.0,3.34,-0.529919264233205,0.8480480961564258,6.3,94,0.0,5.7,-0.4848096202463369,-0.8746197071393959,6.8,89,0.0,5.76,-0.8191520442889916,-0.5735764363510464,7.5,97,0.0,5.76,-0.5299192642332048,-0.8480480961564261,10.5,open-meteo,2026-08-08T09:59:26+00:00
2026-05-14 02:00:00+00:00,DE,onshore,9.5,64,0.0,2.29,-0.6819983600624984,0.7313537016191707,6.3,97,0.0,2.61,-0.8290375725550418,-0.5591929034707466,6.7,89,0.0,5.17,-0.7986355100472928,-0.6018150231520483,7.3,96,0.0,5.65,-0.5591929034707467,-0.8290375725550418,10.55,open-meteo,2026-08-08T09:59:26+00:00
2026-05-14 03:00:00+00:00,DE,onshore,9.5,68,0.0,4.15,-0.3255681544571567,0.9455185755993168,6.0,98,0.0,3.86,-0.4067366430758002,-0.9135454576426008,6.7,90,0.0,5.68,-0.8090169943749473,-0.5877852522924732,7.2,95,0.0,5.04,-0.6018150231520484,-0.7986355100472928,10.65,open-meteo,2026-08-08T09:59:26+00:00
2026-05-14 04:00:00+00:00,DE,onshore,9.7,61,6.0,4.21,-0.4694715627858908,0.882947592858927,6.0,97,13.0,5.24,-0.2923717047227367,-0.9563047559630354,6.2,90,1.0,6.84,-0.913545457642601,-0.4067366430758001,7.1,96,3.0,5.27,-0.7313537016191703,-0.6819983600624986,10.75,open-meteo,2026-08-08T09:59:26+00:00
2026-05-14 05:00:00+00:00,DE,onshore,9.3,66,67.0,5.06,-0.529919264233205,0.8480480961564258,6.6,96,56.0,6.23,-0.4067366430758002,-0.9135454576426008,6.5,89,46.0,5.08,-0.6427876096865393,-0.766044443118978,7.5,95,23.0,5.68,-0.7193398003386512,-0.6946583704589973,10.525,open-meteo,2026-08-08T09:59:26+00:00
2026-05-14 06:00:00+00:00,DE,onshore,9.1,69,222.0,4.87,-0.7660444431189781,0.6427876096865393,7.6,92,86.0,4.15,-0.3255681544571567,-0.9455185755993168,7.8,87,140.0,4.61,-0.7880107536067221,-0.6156614753256581,8.0,94,87.0,6.15,-0.5150380749100542,-0.8571673007021123,9.875,open-meteo,2026-08-08T09:59:26+00:00
2026-05-14 07:00:00+00:00,DE,onshore,9.5,65,329.0,5.01,-0.7660444431189781,0.6427876096865393,8.6,86,225.0,3.55,-0.4694715627858908,-0.8829475928589269,9.5,77,305.0,7.01,-0.8386705679454242,-0.544639035015027,7.8,85,109.0,5.79,-0.913545457642601,-0.4067366430758001,9.15,open-meteo,2026-08-08T09:59:26+00:00
2026-05-14 08:00:00+00:00,DE,onshore,9.6,63,432.0,4.39,-0.8746197071393956,0.4848096202463373,9.3,86,259.0,4.16,-0.4539904997395467,-0.8910065241883679,10.2,70,446.0,8.13,-0.9659258262890684,-0.2588190451025206,9.0,82,219.0,7.9,-0.8660254037844384,-0.5000000000000004,8.475000000000001,open-meteo,2026-08-08T09:59:26+00:00
2026-05-14 09:00:00+00:00,DE,onshore,9.5,63,440.0,5.37,-0.9335804264972016,0.3583679495453004,8.9,91,167.0,3.88,-0.6819983600624984,-0.7313537016191706,10.4,66,383.0,8.31,-0.9563047559630352,-0.2923717047227371,9.4,74,353.0,9.39,-0.961261695938319,-0.2756373558169989,8.450000000000001,open-meteo,2026-08-08T09:59:26+00:00
2026-05-14 10:00:00+00:00,DE,onshore,9.6,63,645.0,6.05,-0.9063077870366498,0.4226182617406996,8.8,82,210.0,3.26,-0.6946583704589974,-0.7193398003386511,11.4,62,526.0,5.67,-0.984807753012208,-0.1736481776669303,10.7,69,465.0,6.2,-0.9335804264972016,-0.3583679495453007,7.875,open-meteo,2026-08-08T09:59:26+00:00
2026-05-14 11:00:00+00:00,DE,onshore,9.7,66,716.0,6.14,-0.8746197071393956,0.4848096202463373,8.6,87,180.0,5.06,-0.5299192642332048,-0.8480480961564261,12.9,51,561.0,6.75,-0.8987940462991668,-0.4383711467890777,11.3,64,598.0,5.82,-0.8090169943749473,-0.5877852522924732,7.375,open-meteo,2026-08-08T09:59:26+00:00
2026-05-14 12:00:00+00:00,DE,onshore,9.7,69,732.0,6.91,-0.9335804264972016,0.3583679495453004,9.8,81,298.0,5.41,-0.7431448254773944,-0.6691306063588581,9.4,69,448.0,9.31,-0.9902680687415704,0.1391731009600654,12.3,72,638.0,3.68,-0.874619707139396,-0.4848096202463368,7.699999999999999,open-meteo,2026-08-08T09:59:26+00:00
2026-05-14 13:00:00+00:00,DE,onshore,9.6,72,644.0,7.62,-0.898794046299167,0.4383711467890774,9.6,83,328.0,4.35,-0.9205048534524404,-0.3907311284892738,11.3,59,509.0,8.15,-0.9975640502598242,-0.0697564737441255,11.3,74,345.0,4.94,-0.9702957262759964,-0.2419218955996677,7.550000000000001,open-meteo,2026-08-08T09:59:26+00:00
2026-05-14 14:00:00+00:00,DE,onshore,9.8,67,620.0,6.84,-0.8910065241883679,0.4539904997395466,10.6,79,373.0,4.51,-1.0,-1.8369701987210287e-16,12.2,57,534.0,7.28,-0.981627183447664,-0.1908089953765446,12.7,61,521.0,5.98,-0.7660444431189779,-0.6427876096865395,6.675000000000001,open-meteo,2026-08-08T09:59:26+00:00
2026-05-14 15:00:00+00:00,DE,onshore,10.1,66,534.0,6.72,-0.945518575599317,0.3255681544571563,10.7,78,376.0,1.82,-0.8090169943749473,-0.5877852522924732,12.7,55,539.0,6.61,-0.9659258262890684,-0.2588190451025206,11.4,74,347.0,6.47,-0.9993908270190958,0.0348994967025012,6.775,open-meteo,2026-08-08T09:59:26+00:00
2026-05-14 16:00:00+00:00,DE,onshore,10.0,65,462.0,5.71,-0.9271838545667874,0.3746065934159119,10.3,80,254.0,2.01,-0.7313537016191703,-0.6819983600624986,11.7,58,371.0,6.49,-0.9961946980917455,-0.0871557427476582,12.0,68,384.0,4.04,-0.9702957262759964,-0.2419218955996677,7.0,open-meteo,2026-08-08T09:59:26+00:00
2026-05-14 17:00:00+00:00,DE,onshore,10.0,64,238.0,7.26,-0.9335804264972016,0.3583679495453004,10.2,86,142.0,1.68,0.992546151641322,-0.1218693434051473,10.5,74,225.0,4.49,-0.8090169943749476,0.5877852522924729,11.8,68,253.0,6.47,-0.9993908270190958,-0.0348994967025007,7.375,open-meteo,2026-08-08T09:59:26+00:00
2026-05-14 18:00:00+00:00,DE,onshore,10.0,66,161.0,7.56,-0.945518575599317,0.3255681544571563,8.5,88,98.0,3.64,0.5877852522924732,-0.8090169943749473,10.2,69,137.0,2.16,-0.9961946980917455,0.0871557427476578,10.2,78,101.0,2.53,-0.5877852522924734,0.8090169943749473,8.275,open-meteo,2026-08-08T09:59:26+00:00
2026-05-14 19:00:00+00:00,DE,onshore,10.2,64,50.0,7.23,-0.9743700647852352,0.2249510543438649,7.8,94,10.0,4.34,-0.3090169943749473,-0.9510565162951536,8.8,77,24.0,3.26,-0.992546151641322,-0.1218693434051471,9.4,83,22.0,1.18,-0.9961946980917455,-0.0871557427476582,8.95,open-meteo,2026-08-08T09:59:26+00:00
2026-05-14 20:00:00+00:00,DE,onshore,9.9,68,1.0,7.58,-0.9961946980917455,0.0871557427476578,6.5,94,0.0,4.69,-0.1908089953765447,-0.981627183447664,7.8,82,0.0,3.97,-0.961261695938319,-0.2756373558169989,8.0,91,0.0,2.59,-0.981627183447664,-0.1908089953765446,9.95,open-meteo,2026-08-08T09:59:26+00:00
2026-05-14 21:00:00+00:00,DE,onshore,9.8,69,0.0,7.74,-0.9998476951563912,-0.0174524064372834,5.1,95,0.0,4.91,-0.0523359562429435,-0.9986295347545738,6.7,85,0.0,3.66,-0.961261695938319,-0.2756373558169989,7.1,91,0.0,3.51,-0.8910065241883678,-0.4539904997395469,10.825,open-meteo,2026-08-08T09:59:26+00:00
2026-05-14 22:00:00+00:00,DE,onshore,9.7,68,0.0,7.35,-1.0,-1.8369701987210287e-16,4.4,96,0.0,4.31,-0.2923717047227367,-0.9563047559630354,5.8,85,0.0,3.95,-0.992546151641322,-0.1218693434051471,6.4,89,0.0,3.65,-0.8571673007021121,-0.5150380749100544,11.425,open-meteo,2026-08-08T09:59:26+00:00
2026-05-14 23:00:00+00:00,DE,onshore,9.6,68,0.0,7.33,-0.9902680687415704,-0.1391731009600658,4.1,97,0.0,3.46,-0.4226182617406993,-0.90630778703665,5.4,87,0.0,2.29,-0.6819983600624984,-0.7313537016191706,5.6,90,0.0,3.69,-0.9271838545667872,-0.3746065934159123,11.825,open-meteo,2026-08-08T09:59:26+00:00
2026-05-15 00:00:00+00:00,DE,onshore,9.5,71,0.0,7.62,-0.9510565162951536,-0.3090169943749475,2.9,98,0.0,2.22,-0.656059028990507,-0.7547095802227721,5.5,86,0.0,1.18,-0.4067366430758002,-0.9135454576426008,4.2,94,0.0,2.83,-0.8290375725550418,-0.5591929034707466,12.475,open-meteo,2026-08-08T09:59:26+00:00
2026-05-15 01:00:00+00:00,DE,onshore,9.7,69,0.0,8.77,-0.9396926207859084,-0.3420201433256685,2.9,94,0.0,2.77,-0.5299192642332048,-0.8480480961564261,6.1,84,0.0,1.83,-0.9612616959383188,0.2756373558169994,3.7,92,0.0,3.57,-0.9335804264972016,-0.3583679495453007,12.4,open-meteo,2026-08-08T09:59:26+00:00
2026-05-15 02:00:00+00:00,DE,onshore,9.4,77,0.0,8.28,-0.7660444431189779,-0.6427876096865395,2.8,92,0.0,2.76,-0.4539904997395467,-0.8910065241883679,6.0,90,0.0,1.87,-0.9945218953682734,0.1045284632676529,3.1,94,0.0,2.88,-0.984807753012208,-0.1736481776669303,12.675,open-meteo,2026-08-08T09:59:26+00:00
2026-05-15 03:00:00+00:00,DE,onshore,9.1,79,0.0,9.32,-0.7660444431189779,-0.6427876096865395,2.3,94,0.0,2.16,-0.7771459614569706,-0.6293203910498378,5.8,94,0.0,1.8,-0.9271838545667872,-0.3746065934159123,2.4,100,0.0,1.27,-0.9205048534524404,-0.3907311284892738,13.1,open-meteo,2026-08-08T09:59:26+00:00
2026-05-15 04:00:00+00:00,DE,onshore,9.0,82,3.0,9.43,-0.8191520442889916,-0.5735764363510464,2.7,92,21.0,1.46,-0.9396926207859084,-0.3420201433256685,5.8,95,1.0,2.29,-0.8571673007021121,-0.5150380749100544,1.8,100,11.0,1.77,-0.9945218953682734,0.1045284632676529,13.175,open-meteo,2026-08-08T09:59:26+00:00
2026-05-15 05:00:00+00:00,DE,onshore,8.8,81,40.0,9.08,-0.6946583704589974,-0.7193398003386511,4.1,94,125.0,1.96,-1.0,-1.8369701987210287e-16,6.3,94,34.0,2.19,-0.984807753012208,-0.1736481776669303,3.3,100,93.0,2.41,-0.8910065241883679,0.4539904997395466,12.375,open-meteo,2026-08-08T09:59:26+00:00
2026-05-15 06:00:00+00:00,DE,onshore,8.4,88,102.0,8.57,-0.9271838545667872,-0.3746065934159123,7.8,87,272.0,0.88,-0.4539904997395469,0.8910065241883678,7.5,88,104.0,2.67,-0.9902680687415704,-0.1391731009600658,6.9,90,231.0,2.37,-0.8660254037844386,0.5000000000000001,10.35,open-meteo,2026-08-08T09:59:26+00:00
2026-05-15 07:00:00+00:00,DE,onshore,8.4,85,187.0,7.02,-0.8090169943749473,-0.5877852522924732,10.0,79,428.0,0.69,0.1391731009600654,0.9902680687415704,8.0,88,153.0,2.67,-0.9902680687415704,0.1391731009600654,9.4,83,407.0,1.25,-0.7071067811865477,0.7071067811865474,9.05,open-meteo,2026-08-08T09:59:26+00:00
2026-05-15 08:00:00+00:00,DE,onshore,9.3,72,458.0,6.59,-0.7431448254773944,-0.6691306063588581,11.1,74,535.0,0.77,-0.7660444431189781,0.6427876096865393,8.6,82,232.0,2.51,-0.9335804264972016,0.3583679495453004,10.9,74,521.0,2.49,-0.7071067811865477,0.7071067811865474,8.025,open-meteo,2026-08-08T09:59:26+00:00
2026-05-15 09:00:00+00:00,DE,onshore,9.4,76,530.0,8.74,-0.7986355100472928,-0.6018150231520483,12.3,68,541.0,1.46,-0.9396926207859084,0.342020143325669,9.3,82,130.0,2.84,-0.9993908270190958,-0.0348994967025007,12.3,62,659.0,2.43,-0.6819983600624984,0.7313537016191707,7.174999999999999,open-meteo,2026-08-08T09:59:26+00:00
2026-05-15 10:00:00+00:00,DE,onshore,9.5,78,218.0,9.44,-0.8571673007021121,-0.5150380749100544,13.0,67,676.0,1.89,-0.9335804264972016,0.3583679495453004,10.3,77,420.0,2.83,-0.9702957262759966,0.2419218955996674,13.1,56,613.0,2.33,-0.9271838545667874,0.3746065934159119,6.525,open-meteo,2026-08-08T09:59:26+00:00
2026-05-15 11:00:00+00:00,DE,onshore,9.8,71,340.0,9.81,-0.848048096156426,-0.529919264233205,13.5,62,652.0,1.45,-0.8829475928589271,0.4694715627858904,10.3,76,274.0,2.89,-0.4694715627858908,0.882947592858927,13.9,54,707.0,2.33,-0.9659258262890684,0.2588190451025203,6.125,open-meteo,2026-08-08T09:59:26+00:00
2026-05-15 12:00:00+00:00,DE,onshore,10.1,73,422.0,10.52,-0.848048096156426,-0.529919264233205,13.8,60,633.0,2.15,-0.8660254037844386,0.5000000000000001,11.5,65,479.0,3.21,-0.7880107536067218,0.6156614753256585,12.7,61,578.0,2.16,-0.9986295347545738,-0.0523359562429443,5.975000000000001,open-meteo,2026-08-08T09:59:26+00:00
2026-05-15 13:00:00+00:00,DE,onshore,10.5,69,379.0,10.13,-0.882947592858927,-0.4694715627858907,13.7,60,495.0,2.71,-0.9743700647852352,0.2249510543438649,11.5,72,476.0,5.52,-0.9063077870366498,0.4226182617406996,14.0,55,520.0,0.96,-0.913545457642601,-0.4067366430758001,5.574999999999999,open-meteo,2026-08-08T09:59:26+00:00
2026-05-15 14:00:00+00:00,DE,onshore,10.4,70,408.0,12.12,-0.9205048534524404,-0.3907311284892738,13.6,62,424.0,3.4,-0.7547095802227722,0.656059028990507,12.0,67,381.0,5.87,-0.8829475928589271,0.4694715627858904,11.6,72,240.0,4.23,-0.9961946980917455,-0.0871557427476582,6.1,open-meteo,2026-08-08T09:59:26+00:00
2026-05-15 15:00:00+00:00,DE,onshore,9.7,77,305.0,10.17,-0.9743700647852352,-0.2249510543438652,13.5,58,403.0,1.81,-0.6560590289905074,0.7547095802227719,11.7,66,466.0,4.5,-0.7193398003386512,0.6946583704589973,14.0,58,413.0,2.16,-1.0,-1.8369701987210287e-16,5.775,open-meteo,2026-08-08T09:59:26+00:00
2026-05-15 16:00:00+00:00,DE,onshore,9.6,75,244.0,10.32,-0.9876883405951375,-0.156434465040231,13.5,56,262.0,1.5,-0.981627183447664,0.1908089953765451,11.9,61,389.0,3.95,-0.7193398003386512,0.6946583704589973,13.4,58,323.0,3.55,-0.8829475928589271,0.4694715627858904,5.9,open-meteo,2026-08-08T09:59:26+00:00
2026-05-15 17:00:00+00:00,DE,onshore,9.9,74,183.0,10.38,-0.9510565162951536,-0.3090169943749475,12.9,64,131.0,2.31,-0.8090169943749476,0.5877852522924729,11.1,67,142.0,4.12,-0.7880107536067218,0.6156614753256585,13.1,54,272.0,2.26,-0.9993908270190958,-0.0348994967025007,6.25,open-meteo,2026-08-08T09:59:26+00:00
2026-05-15 18:00:00+00:00,DE,onshore,9.7,79,77.0,9.6,-0.9510565162951536,-0.3090169943749475,12.2,70,74.0,1.93,-0.5000000000000004,0.8660254037844384,10.6,75,108.0,4.49,-0.8480480961564262,0.5299192642332047,12.7,69,128.0,1.43,-0.961261695938319,-0.2756373558169989,6.699999999999999,open-meteo,2026-08-08T09:59:26+00:00
2026-05-15 19:00:00+00:00,DE,onshore,9.4,79,19.0,10.08,-0.9743700647852352,-0.2249510543438652,10.2,85,16.0,1.36,-0.9335804264972016,-0.3583679495453007,9.2,77,23.0,5.82,-0.9743700647852352,0.2249510543438649,10.9,77,25.0,2.64,-0.8571673007021121,-0.5150380749100544,8.075,open-meteo,2026-08-08T09:59:26+00:00
2026-05-15 20:00:00+00:00,DE,onshore,9.5,76,1.0,9.84,-0.9743700647852352,-0.2249510543438652,9.1,83,0.0,2.37,-0.8660254037844384,-0.5000000000000004,8.6,79,0.0,4.64,-0.992546151641322,-0.1218693434051471,9.0,80,0.0,4.66,-0.9659258262890684,-0.2588190451025206,8.95,open-meteo,2026-08-08T09:59:26+00:00
2026-05-15 21:00:00+00:00,DE,onshore,9.7,72,0.0,9.49,-0.9902680687415704,-0.1391731009600658,6.4,89,0.0,3.48,-0.848048096156426,-0.529919264233205,7.8,76,0.0,6.88,-0.981627183447664,0.1908089953765451,7.6,86,0.0,4.6,-0.8910065241883678,-0.4539904997395469,10.125,open-meteo,2026-08-08T09:59:26+00:00
2026-05-15 22:00:00+00:00,DE,onshore,9.8,75,0.0,10.21,-0.9975640502598242,-0.0697564737441255,5.5,88,0.0,4.37,-0.9396926207859084,-0.3420201433256685,7.3,80,0.0,8.08,-0.9945218953682734,0.1045284632676529,6.7,89,0.0,7.45,-0.9063077870366498,0.4226182617406996,10.675,open-meteo,2026-08-08T09:59:26+00:00
2026-05-15 23:00:00+00:00,DE,onshore,9.9,71,0.0,10.71,-0.9876883405951375,-0.156434465040231,4.9,89,0.0,4.29,-0.8910065241883678,-0.4539904997395469,7.0,83,0.0,7.01,-0.9781476007338056,0.2079116908177594,6.0,93,0.0,6.17,-0.9396926207859084,0.342020143325669,11.05,open-meteo,2026-08-08T09:59:26+00:00
2026-05-16 00:00:00+00:00,DE,onshore,9.4,79,0.0,10.51,-0.9975640502598242,-0.0697564737441255,4.3,90,0.0,3.72,-1.0,-1.8369701987210287e-16,6.3,87,0.0,7.02,-0.9205048534524404,0.3907311284892735,5.5,94,0.0,5.98,-0.9510565162951536,0.3090169943749472,11.625,open-meteo,2026-08-08T09:59:26+00:00
2026-05-16 01:00:00+00:00,DE,onshore,9.8,74,0.0,10.4,-0.9986295347545738,-0.0523359562429443,3.5,93,0.0,2.95,-0.9945218953682734,-0.1045284632676533,6.3,88,0.0,7.59,-0.9563047559630354,0.2923717047227367,4.9,95,0.0,6.87,-0.9702957262759966,0.2419218955996674,11.875,open-meteo,2026-08-08T09:59:26+00:00
2026-05-16 02:00:00+00:00,DE,onshore,9.8,70,0.0,10.69,-0.9986295347545738,-0.0523359562429443,3.2,93,0.0,4.42,-0.9975640502598244,0.0697564737441252,6.1,90,0.0,6.69,-0.9510565162951536,0.3090169943749472,4.6,94,0.0,7.18,-0.9961946980917455,0.0871557427476578,12.075,open-meteo,2026-08-08T09:59:26+00:00
2026-05-16 03:00:00+00:00,DE,onshore,9.2,77,0.0,12.15,-0.9998476951563912,0.0174524064372831,2.8,95,0.0,5.01,-0.9975640502598242,-0.0697564737441255,5.7,89,0.0,6.06,-0.9876883405951378,0.1564344650402306,4.1,95,0.0,6.66,-1.0,-1.8369701987210287e-16,12.55,open-meteo,2026-08-08T09:59:26+00:00
2026-05-16 04:00:00+00:00,DE,onshore,9.1,79,2.0,12.76,-0.9986295347545738,-0.0523359562429443,3.5,96,22.0,6.18,-0.9975640502598242,-0.0697564737441255,4.9,93,1.0,5.42,-0.9945218953682734,0.1045284632676529,3.9,96,13.0,6.27,-0.9993908270190958,-0.0348994967025007,12.65,open-meteo,2026-08-08T09:59:26+00:00
2026-05-16 05:00:00+00:00,DE,onshore,9.4,76,29.0,12.0,-0.9876883405951375,-0.156434465040231,5.8,92,126.0,6.06,-0.9702957262759964,-0.2419218955996677,5.6,89,46.0,5.02,-0.9945218953682734,0.1045284632676529,5.3,93,104.0,6.49,-0.9961946980917455,-0.0871557427476582,11.475,open-meteo,2026-08-08T09:59:26+00:00
2026-05-16 06:00:00+00:00,DE,onshore,10.0,67,100.0,11.56,-0.992546151641322,-0.1218693434051471,8.1,82,272.0,4.13,-0.8090169943749473,-0.5877852522924732,6.7,84,112.0,3.73,-0.9986295347545738,0.0523359562429439,7.5,89,216.0,4.9,-0.9781476007338056,-0.2079116908177598,9.925,open-meteo,2026-08-08T09:59:26+00:00
2026-05-16 07:00:00+00:00,DE,onshore,10.0,68,271.0,11.68,-0.9902680687415704,-0.1391731009600658,9.5,78,429.0,4.57,-0.9205048534524404,-0.3907311284892738,8.2,74,188.0,4.56,-0.9659258262890684,0.2588190451025203,9.1,77,312.0,5.98,-0.9998476951563912,0.0174524064372831,8.8,open-meteo,2026-08-08T09:59:26+00:00
2026-05-16 08:00:00+00:00,DE,onshore,9.8,68,245.0,9.66,-0.9945218953682734,-0.1045284632676533,10.4,69,467.0,6.45,-0.9563047559630352,-0.2923717047227371,8.7,72,233.0,5.16,-0.9702957262759966,0.2419218955996674,10.2,68,368.0,5.88,-1.0,-1.8369701987210287e-16,8.225,open-meteo,2026-08-08T09:59:26+00:00
2026-05-16 09:00:00+00:00,DE,onshore,10.2,71,279.0,13.43,-0.984807753012208,-0.1736481776669303,11.5,62,562.0,7.02,-0.9205048534524404,-0.3907311284892738,9.1,73,269.0,4.52,-0.9743700647852352,0.2249510543438649,10.9,70,438.0,5.23,-0.9945218953682734,-0.1045284632676533,7.575000000000001,open-meteo,2026-08-08T09:59:26+00:00
2026-05-16 10:00:00+00:00,DE,onshore,10.0,73,280.0,14.06,-0.9902680687415704,-0.1391731009600658,12.1,58,535.0,7.1,-0.8987940462991668,-0.4383711467890777,9.9,67,366.0,4.59,-0.9612616959383188,0.2756373558169994,11.3,66,475.0,4.9,-0.9993908270190958,-0.0348994967025007,7.175000000000001,open-meteo,2026-08-08T09:59:26+00:00
2026-05-16 11:00:00+00:00,DE,onshore,10.1,64,395.0,12.15,-0.9743700647852352,-0.2249510543438652,12.7,56,522.0,7.3,-0.9659258262890684,-0.2588190451025206,11.3,55,491.0,4.35,-0.9902680687415704,0.1391731009600654,11.7,60,409.0,5.88,-0.981627183447664,-0.1908089953765446,6.550000000000001,open-meteo,2026-08-08T09:59:26+00:00
2026-05-16 12:00:00+00:00,DE,onshore,10.5,66,381.0,13.91,-0.9510565162951536,-0.3090169943749475,11.9,63,470.0,8.44,-0.9743700647852352,-0.2249510543438652,12.5,51,715.0,4.88,-0.984807753012208,0.1736481776669299,11.7,64,474.0,5.92,-0.8910065241883678,-0.4539904997395469,6.350000000000001,open-meteo,2026-08-08T09:59:26+00:00
2026-05-16 13:00:00+00:00,DE,onshore,10.2,72,524.0,14.19,-0.9510565162951536,-0.3090169943749475,12.6,55,530.0,7.17,-0.984807753012208,-0.1736481776669303,9.2,69,403.0,5.57,-0.7771459614569708,0.6293203910498375,13.1,53,666.0,5.57,-0.913545457642601,-0.4067366430758001,6.725000000000001,open-meteo,2026-08-08T09:59:26+00:00
2026-05-16 14:00:00+00:00,DE,onshore,10.6,70,379.0,13.28,-0.981627183447664,-0.1908089953765446,12.7,50,527.0,8.82,-0.9659258262890684,-0.2588190451025206,11.8,60,406.0,4.71,-0.9993908270190958,-0.0348994967025007,13.4,50,544.0,6.32,-0.9743700647852352,-0.2249510543438652,5.875000000000002,open-meteo,2026-08-08T09:59:26+00:00
2026-05-16 15:00:00+00:00,DE,onshore,10.6,69,483.0,12.61,-0.9876883405951375,-0.156434465040231,13.2,48,416.0,5.67,-0.9510565162951536,-0.3090169943749475,12.4,61,481.0,3.53,-0.9993908270190958,0.0348994967025012,13.7,49,510.0,4.22,-0.9975640502598244,0.0697564737441252,5.525000000000002,open-meteo,2026-08-08T09:59:26+00:00
2026-05-16 16:00:00+00:00,DE,onshore,10.6,69,466.0,11.87,-0.9902680687415704,-0.1391731009600658,13.0,49,295.0,5.92,-0.961261695938319,-0.2756373558169989,12.5,55,382.0,4.44,-0.8571673007021123,0.5150380749100542,13.1,53,317.0,6.63,-0.9455185755993168,-0.3255681544571566,5.699999999999999,open-meteo,2026-08-08T09:59:26+00:00
2026-05-16 17:00:00+00:00,DE,onshore,10.7,67,325.0,11.41,-0.961261695938319,-0.2756373558169989,12.4,50,176.0,5.31,-0.8660254037844384,-0.5000000000000004,12.1,62,327.0,3.73,-0.9702957262759966,0.2419218955996674,12.4,54,226.0,6.4,-0.981627183447664,0.1908089953765451,6.1,open-meteo,2026-08-08T09:59:26+00:00
2026-05-16 18:00:00+00:00,DE,onshore,10.3,75,89.0,11.84,-0.9510565162951536,-0.3090169943749475,11.8,58,129.0,5.37,-0.6156614753256582,-0.788010753606722,11.9,61,135.0,1.97,-0.9945218953682734,0.1045284632676529,12.0,60,114.0,4.54,-0.9702957262759966,0.2419218955996674,6.5,open-meteo,2026-08-08T09:59:26+00:00
2026-05-16 19:00:00+00:00,DE,onshore,10.3,72,45.0,9.88,-0.9510565162951536,-0.3090169943749475,10.0,62,26.0,6.4,-0.9961946980917455,-0.0871557427476582,10.8,68,25.0,2.06,-0.9986295347545738,-0.0523359562429443,10.0,68,26.0,4.86,-0.9876883405951375,-0.156434465040231,7.725,open-meteo,2026-08-08T09:59:26+00:00
2026-05-16 20:00:00+00:00,DE,onshore,10.3,73,1.0,8.61,-0.9455185755993168,-0.3255681544571566,8.5,71,0.0,6.23,-0.9135454576426012,0.4067366430757997,9.4,69,0.0,6.61,-0.992546151641322,-0.1218693434051471,8.1,71,0.0,5.43,-0.992546151641322,0.1218693434051476,8.924999999999999,open-meteo,2026-08-08T09:59:26+00:00
2026-05-16 21:00:00+00:00,DE,onshore,10.6,70,0.0,7.89,-0.882947592858927,-0.4694715627858907,6.9,79,0.0,6.41,-0.9945218953682734,0.1045284632676529,9.1,76,0.0,7.37,-0.9455185755993168,-0.3255681544571566,6.8,85,0.0,5.4,-0.9975640502598244,0.0697564737441252,9.65,open-meteo,2026-08-08T09:59:26+00:00
2026-05-16 22:00:00+00:00,DE,onshore,10.4,74,0.0,7.63,-0.7431448254773944,-0.6691306063588581,6.1,80,0.0,6.78,-0.9975640502598244,0.0697564737441252,8.2,84,0.0,3.16,-0.8660254037844384,-0.5000000000000004,6.2,89,0.0,5.55,-0.9563047559630354,0.2923717047227367,10.275,open-meteo,2026-08-08T09:59:26+00:00
2026-05-16 23:00:00+00:00,DE,onshore,10.4,69,0.0,7.55,-0.6819983600624984,-0.7313537016191706,5.4,86,0.0,5.6,-0.9975640502598244,0.0697564737441252,7.6,85,0.0,3.03,-0.874619707139396,-0.4848096202463368,5.9,90,0.0,3.88,-0.9335804264972016,0.3583679495453004,10.675,open-meteo,2026-08-08T09:59:26+00:00
2026-05-17 00:00:00+00:00,DE,onshore,10.5,70,0.0,7.35,-0.6018150231520484,-0.7986355100472928,3.7,92,0.0,4.57,-0.9205048534524404,-0.3907311284892738,6.2,90,0.0,3.04,-0.8386705679454242,-0.544639035015027,4.4,95,0.0,1.67,-0.882947592858927,-0.4694715627858907,11.8,open-meteo,2026-08-08T09:59:26+00:00
2026-05-17 01:00:00+00:00,DE,onshore,10.4,72,0.0,8.92,-0.6293203910498376,-0.7771459614569708,3.6,92,0.0,4.12,-0.882947592858927,-0.4694715627858907,5.8,93,0.0,2.02,-0.6293203910498376,-0.7771459614569708,3.9,95,0.0,2.67,-0.4694715627858908,-0.8829475928589269,12.075,open-meteo,2026-08-08T09:59:26+00:00
2026-05-17 02:00:00+00:00,DE,onshore,10.0,74,0.0,8.0,-0.6427876096865393,-0.766044443118978,3.6,92,0.0,3.75,-0.754709580222772,-0.6560590289905073,5.4,97,0.0,2.67,-0.1391731009600655,-0.9902680687415704,3.3,97,0.0,3.04,-0.0697564737441252,-0.9975640502598242,12.425,open-meteo,2026-08-08T09:59:26+00:00
2026-05-17 03:00:00+00:00,DE,onshore,10.0,72,0.0,7.67,-0.5735764363510462,-0.8191520442889918,2.5,93,0.0,4.55,-0.6018150231520484,-0.7986355100472928,5.6,93,0.0,1.77,-0.3255681544571567,-0.9455185755993168,2.7,97,0.0,5.5,-0.0697564737441252,-0.9975640502598242,12.8,open-meteo,2026-08-08T09:59:26+00:00
2026-05-17 04:00:00+00:00,DE,onshore,10.0,77,9.0,7.37,-0.3255681544571567,-0.9455185755993168,2.9,93,21.0,4.78,-0.4383711467890774,-0.8987940462991669,5.1,94,2.0,1.75,-0.4539904997395467,-0.8910065241883679,2.9,97,14.0,6.28,-0.0523359562429435,-0.9986295347545738,12.775,open-meteo,2026-08-08T09:59:26+00:00
2026-05-17 05:00:00+00:00,DE,onshore,9.1,87,90.0,7.47,-0.0871557427476579,-0.9961946980917455,5.5,87,127.0,5.3,-0.3255681544571567,-0.9455185755993168,5.5,94,58.0,1.64,-0.2923717047227367,-0.9563047559630354,4.9,94,106.0,6.57,0.0348994967025011,-0.9993908270190958,11.75,open-meteo,2026-08-08T09:59:26+00:00
2026-05-17 06:00:00+00:00,DE,onshore,9.2,85,222.0,6.96,-0.0174524064372836,-0.9998476951563912,9.5,75,274.0,5.69,-0.1908089953765447,-0.981627183447664,8.6,85,198.0,1.59,-0.1908089953765447,-0.981627183447664,7.9,84,223.0,5.39,0.0348994967025011,-0.9993908270190958,9.2,open-meteo,2026-08-08T09:59:26+00:00
2026-05-17 07:00:00+00:00,DE,onshore,9.7,77,208.0,6.87,0.0523359562429438,-0.9986295347545738,11.8,65,434.0,4.34,-0.3090169943749473,-0.9510565162951536,10.3,82,369.0,1.02,0.2923717047227366,-0.9563047559630355,10.5,75,388.0,3.82,0.0174524064372834,-0.9998476951563912,7.425000000000001,open-meteo,2026-08-08T09:59:26+00:00
2026-05-17 08:00:00+00:00,DE,onshore,10.2,77,366.0,7.64,1.2246467991473532e-16,-1.0,13.3,58,583.0,3.99,-0.4226182617406993,-0.90630778703665,12.1,74,503.0,0.71,-0.275637355816999,-0.9612616959383188,12.4,67,535.0,4.17,-0.1564344650402307,-0.9876883405951378,6.0,open-meteo,2026-08-08T09:59:26+00:00
2026-05-17 09:00:00+00:00,DE,onshore,11.3,76,354.0,8.06,-0.0871557427476579,-0.9961946980917455,14.5,46,685.0,4.46,-0.3255681544571567,-0.9455185755993168,14.0,58,617.0,1.39,-0.6293203910498376,-0.7771459614569708,14.9,47,679.0,3.97,-0.3420201433256686,-0.9396926207859084,4.325000000000001,open-meteo,2026-08-08T09:59:26+00:00
2026-05-17 10:00:00+00:00,DE,onshore,11.5,79,257.0,8.77,-0.1045284632676535,-0.9945218953682732,15.3,40,684.0,5.02,-0.2923717047227367,-0.9563047559630354,14.6,58,631.0,1.47,-1.0,-1.8369701987210287e-16,15.6,44,621.0,5.09,-0.3907311284892735,-0.9205048534524404,3.75,open-meteo,2026-08-08T09:59:26+00:00
2026-05-17 11:00:00+00:00,DE,onshore,12.2,74,422.0,10.57,-0.3583679495453004,-0.9335804264972016,15.9,36,716.0,5.08,-0.6427876096865393,-0.766044443118978,15.2,53,616.0,2.25,-1.0,-1.8369701987210287e-16,16.6,46,705.0,5.02,-0.3583679495453004,-0.9335804264972016,3.0250000000000004,open-meteo,2026-08-08T09:59:26+00:00
2026-05-17 12:00:00+00:00,DE,onshore,12.7,74,335.0,9.92,-0.3420201433256686,-0.9396926207859084,15.4,37,504.0,4.89,-0.5446390350150271,-0.838670567945424,15.9,51,706.0,1.36,-0.8660254037844384,-0.5000000000000004,16.1,42,821.0,4.21,-0.4694715627858908,-0.8829475928589269,2.975,open-meteo,2026-08-08T09:59:26+00:00
2026-05-17 13:00:00+00:00,DE,onshore,12.6,76,201.0,9.95,-0.3583679495453004,-0.9335804264972016,15.9,39,534.0,5.89,-0.3583679495453004,-0.9335804264972016,15.8,52,559.0,2.08,-0.9902680687415704,0.1391731009600654,16.9,41,566.0,3.34,-0.6427876096865393,-0.766044443118978,2.700000000000001,open-meteo,2026-08-08T09:59:26+00:00
2026-05-17 14:00:00+00:00,DE,onshore,12.5,79,262.0,8.52,-0.3255681544571567,-0.9455185755993168,16.2,37,447.0,3.77,-0.4226182617406993,-0.90630778703665,16.1,47,382.0,2.02,-0.9702957262759964,-0.2419218955996677,17.0,43,518.0,3.83,-0.848048096156426,-0.529919264233205,2.5500000000000007,open-meteo,2026-08-08T09:59:26+00:00
2026-05-17 15:00:00+00:00,DE,onshore,12.8,82,168.0,6.63,-0.275637355816999,-0.9612616959383188,16.4,41,418.0,1.58,-0.374606593415912,-0.9271838545667874,15.6,53,265.0,0.31,-0.3090169943749477,0.9510565162951536,17.0,43,532.0,1.28,0.9975640502598242,0.0697564737441252,2.5500000000000007,open-meteo,2026-08-08T09:59:26+00:00
2026-05-17 16:00:00+00:00,DE,onshore,12.7,83,199.0,6.02,-0.1218693434051473,-0.992546151641322,16.0,42,302.0,3.42,0.4539904997395468,-0.8910065241883678,15.6,53,401.0,0.2,1.0,6.123233995736766e-17,17.2,41,412.0,0.77,-0.6427876096865393,-0.766044443118978,2.625,open-meteo,2026-08-08T09:59:26+00:00
2026-05-17 17:00:00+00:00,DE,onshore,12.7,84,77.0,6.7,-0.1045284632676535,-0.9945218953682732,15.2,42,208.0,6.17,0.7313537016191706,-0.6819983600624984,15.4,51,281.0,0.81,0.9702957262759964,-0.2419218955996677,16.5,40,293.0,0.63,-0.6293203910498376,-0.7771459614569708,3.0500000000000007,open-meteo,2026-08-08T09:59:26+00:00
2026-05-17 18:00:00+00:00,DE,onshore,13.0,85,48.0,5.24,0.1391731009600653,-0.9902680687415704,14.5,50,120.0,5.68,0.6946583704589971,-0.7193398003386513,14.8,50,136.0,2.66,0.9945218953682732,-0.1045284632676535,16.3,43,126.0,0.39,1.2246467991473532e-16,-1.0,3.3500000000000014,open-meteo,2026-08-08T09:59:26+00:00
2026-05-17 19:00:00+00:00,DE,onshore,12.9,84,26.0,6.54,0.2923717047227366,-0.9563047559630355,11.3,60,26.0,6.24,0.7431448254773942,-0.6691306063588582,13.2,60,30.0,2.5,0.8987940462991669,-0.4383711467890775,14.2,57,28.0,0.79,0.4999999999999999,-0.8660254037844387,5.099999999999998,open-meteo,2026-08-08T09:59:26+00:00
2026-05-17 20:00:00+00:00,DE,onshore,12.9,82,1.0,7.69,0.1908089953765449,-0.981627183447664,9.4,70,0.0,6.49,0.6156614753256584,-0.7880107536067219,12.0,61,0.0,2.42,0.8480480961564261,-0.5299192642332048,11.3,69,0.0,3.19,0.6819983600624986,-0.7313537016191705,6.600000000000001,open-meteo,2026-08-08T09:59:26+00:00
2026-05-17 21:00:00+00:00,DE,onshore,12.6,85,0.0,6.08,0.0523359562429438,-0.9986295347545738,8.4,75,0.0,6.51,0.6946583704589971,-0.7193398003386513,9.6,78,0.0,1.84,0.4226182617406995,-0.90630778703665,10.0,80,0.0,3.02,0.4226182617406995,-0.90630778703665,7.85,open-meteo,2026-08-08T09:59:26+00:00
2026-05-17 22:00:00+00:00,DE,onshore,12.6,83,0.0,7.25,0.1564344650402309,-0.9876883405951375,7.8,75,0.0,6.05,0.6427876096865395,-0.7660444431189779,8.1,89,0.0,2.22,0.7071067811865476,-0.7071067811865475,9.9,80,0.0,2.24,0.3907311284892737,-0.9205048534524404,8.4,open-meteo,2026-08-08T09:59:26+00:00
2026-05-17 23:00:00+00:00,DE,onshore,12.4,84,0.0,7.41,0.1391731009600653,-0.9902680687415704,7.4,76,0.0,6.11,0.7547095802227721,-0.6560590289905072,7.1,98,0.0,2.65,0.6293203910498374,-0.7771459614569709,8.5,88,0.0,2.64,0.3746065934159122,-0.9271838545667872,9.15,open-meteo,2026-08-08T09:59:26+00:00
2026-05-18 00:00:00+00:00,DE,onshore,12.3,83,0.0,6.29,0.3090169943749475,-0.9510565162951536,7.5,76,0.0,6.21,0.788010753606722,-0.6156614753256583,6.2,97,0.0,2.84,0.7193398003386511,-0.6946583704589974,6.9,92,0.0,3.02,0.4226182617406995,-0.90630778703665,9.775,open-meteo,2026-08-08T09:59:26+00:00
2026-05-18 01:00:00+00:00,DE,onshore,12.1,83,0.0,7.22,0.1391731009600653,-0.9902680687415704,8.6,70,0.0,7.42,0.6691306063588585,-0.743144825477394,6.0,96,0.0,3.34,0.6427876096865395,-0.7660444431189779,6.6,92,0.0,3.33,0.4067366430758004,-0.9135454576426008,9.675,open-meteo,2026-08-08T09:59:26+00:00
2026-05-18 02:00:00+00:00,DE,onshore,12.0,84,0.0,7.79,0.258819045102521,-0.9659258262890682,8.1,70,0.0,7.73,0.6293203910498374,-0.7771459614569709,5.7,95,0.0,3.17,0.3746065934159122,-0.9271838545667872,6.2,94,0.0,3.56,0.529919264233205,-0.848048096156426,10.0,open-meteo,2026-08-08T09:59:26+00:00
2026-05-18 03:00:00+00:00,DE,onshore,12.2,83,0.0,7.82,0.3746065934159122,-0.9271838545667872,7.9,73,0.0,7.73,0.4999999999999999,-0.8660254037844387,5.1,94,0.0,3.33,0.4067366430758004,-0.9135454576426008,6.7,91,0.0,3.23,0.5735764363510459,-0.8191520442889919,10.025,open-meteo,2026-08-08T09:59:26+00:00
2026-05-18 04:00:00+00:00,DE,onshore,11.9,85,4.0,7.36,0.4539904997395468,-0.8910065241883678,7.6,79,23.0,6.86,0.6819983600624986,-0.7313537016191705,5.4,93,2.0,2.9,0.2079116908177593,-0.9781476007338056,6.4,92,11.0,4.84,0.8090169943749475,-0.587785252292473,10.175,open-meteo,2026-08-08T09:59:26+00:00
2026-05-18 05:00:00+00:00,DE,onshore,11.9,86,31.0,7.8,0.6293203910498374,-0.7771459614569709,9.5,72,105.0,7.25,0.6156614753256584,-0.7880107536067219,6.4,90,38.0,1.67,-0.6427876096865393,-0.766044443118978,8.0,89,83.0,4.78,0.5735764363510459,-0.8191520442889919,9.05,open-meteo,2026-08-08T09:59:26+00:00
2026-05-18 06:00:00+00:00,DE,onshore,12.0,83,101.0,8.33,0.6560590289905073,-0.754709580222772,11.0,70,254.0,7.41,0.6018150231520482,-0.7986355100472929,8.7,83,108.0,3.27,-0.9876883405951375,-0.156434465040231,10.5,81,211.0,4.24,0.5591929034707469,-0.8290375725550416,7.449999999999999,open-meteo,2026-08-08T09:59:26+00:00
2026-05-18 07:00:00+00:00,DE,onshore,11.8,86,209.0,7.9,0.6018150231520482,-0.7986355100472929,12.4,65,385.0,5.63,0.6427876096865395,-0.7660444431189779,9.9,87,119.0,3.63,-1.0,-1.8369701987210287e-16,12.6,74,285.0,2.85,0.7547095802227721,-0.6560590289905072,6.324999999999999,open-meteo,2026-08-08T09:59:26+00:00
2026-05-18 08:00:00+00:00,DE,onshore,12.3,86,326.0,8.73,0.7193398003386511,-0.6946583704589974,13.9,60,501.0,6.93,0.7193398003386511,-0.6946583704589974,10.7,88,206.0,1.38,-0.0697564737441252,-0.9975640502598242,14.9,69,409.0,3.34,0.766044443118978,-0.6427876096865394,5.049999999999999,open-meteo,2026-08-08T09:59:26+00:00
2026-05-18 09:00:00+00:00,DE,onshore,13.1,81,314.0,10.48,0.6691306063588585,-0.743144825477394,15.5,56,695.0,7.94,0.5735764363510459,-0.8191520442889919,12.7,78,333.0,0.98,0.6018150231520482,-0.7986355100472929,17.7,46,551.0,4.94,0.777145961456971,-0.6293203910498373,3.25,open-meteo,2026-08-08T09:59:26+00:00
2026-05-18 10:00:00+00:00,DE,onshore,13.1,81,328.0,9.55,-0.3583679495453004,-0.9335804264972016,16.5,52,780.0,6.86,0.7193398003386511,-0.6946583704589974,14.6,74,636.0,1.12,-0.6156614753256582,-0.788010753606722,18.3,43,665.0,4.87,0.6427876096865395,-0.7660444431189779,2.375,open-meteo,2026-08-08T09:59:26+00:00
2026-05-18 11:00:00+00:00,DE,onshore,12.6,84,457.0,9.65,-0.4067366430758002,-0.9135454576426008,17.3,48,763.0,5.0,0.6691306063588585,-0.743144825477394,15.6,70,661.0,2.81,-0.9781476007338056,-0.2079116908177598,18.9,40,502.0,4.57,0.5150380749100544,-0.8571673007021122,1.8999999999999984,open-meteo,2026-08-08T09:59:26+00:00
2026-05-18 12:00:00+00:00,DE,onshore,12.6,86,493.0,8.29,-0.4848096202463369,-0.8746197071393959,17.9,47,816.0,3.49,0.6156614753256584,-0.7880107536067219,16.1,73,666.0,2.22,-0.7071067811865475,-0.7071067811865477,19.4,36,502.0,3.88,0.7071067811865476,-0.7071067811865475,1.5,open-meteo,2026-08-08T09:59:26+00:00
2026-05-18 13:00:00+00:00,DE,onshore,11.6,89,415.0,5.24,-0.9563047559630352,-0.2923717047227371,17.2,48,624.0,5.75,0.9702957262759964,-0.2419218955996677,15.9,64,479.0,5.28,-0.981627183447664,-0.1908089953765446,19.8,37,566.0,4.27,0.529919264233205,-0.848048096156426,1.875,open-meteo,2026-08-08T09:59:26+00:00
2026-05-18 14:00:00+00:00,DE,onshore,11.4,90,448.0,5.0,-0.9993908270190958,-0.0348994967025007,17.3,49,561.0,5.89,0.9975640502598242,-0.0697564737441253,13.8,69,341.0,6.96,-1.0,-1.8369701987210287e-16,20.5,34,648.0,2.67,0.8090169943749475,-0.587785252292473,2.25,open-meteo,2026-08-08T09:59:26+00:00
2026-05-18 15:00:00+00:00,DE,onshore,11.2,90,268.0,4.28,-0.9612616959383188,0.2756373558169994,16.9,49,379.0,7.26,0.9993908270190958,0.034899496702501,15.6,59,390.0,5.92,-0.9781476007338056,0.2079116908177594,20.1,36,503.0,3.74,0.7313537016191706,-0.6819983600624984,2.0500000000000007,open-meteo,2026-08-08T09:59:26+00:00
2026-05-18 16:00:00+00:00,DE,onshore,11.4,86,152.0,3.17,-0.9271838545667874,0.3746065934159119,16.2,53,359.0,6.85,0.9876883405951378,-0.1564344650402308,15.2,59,316.0,5.98,-0.9510565162951536,0.3090169943749472,20.0,37,397.0,2.51,0.9335804264972016,-0.3583679495453002,2.3000000000000007,open-meteo,2026-08-08T09:59:26+00:00
2026-05-18 17:00:00+00:00,DE,onshore,11.4,84,70.0,2.32,-0.4694715627858908,0.882947592858927,15.3,53,273.0,7.55,0.984807753012208,-0.1736481776669303,14.9,63,245.0,3.42,-0.9743700647852352,0.2249510543438649,19.4,40,246.0,4.13,0.8571673007021123,-0.5150380749100543,2.75,open-meteo,2026-08-08T09:59:26+00:00
2026-05-18 18:00:00+00:00,DE,onshore,11.6,84,80.0,2.17,0.3090169943749474,0.9510565162951536,14.8,56,139.0,7.08,0.9961946980917455,0.0871557427476581,15.0,63,145.0,3.06,-0.992546151641322,-0.1218693434051471,18.1,48,125.0,5.31,0.9205048534524404,-0.3907311284892737,3.125,open-meteo,2026-08-08T09:59:26+00:00
2026-05-18 19:00:00+00:00,DE,onshore,11.7,85,28.0,2.64,0.7431448254773942,0.6691306063588582,11.9,55,29.0,8.46,0.984807753012208,0.1736481776669304,12.7,71,30.0,3.51,-0.9205048534524404,-0.3907311284892738,15.4,58,27.0,6.37,0.8571673007021123,-0.5150380749100543,5.075000000000001,open-meteo,2026-08-08T09:59:26+00:00
2026-05-18 20:00:00+00:00,DE,onshore,11.9,86,2.0,2.85,0.9612616959383188,0.2756373558169991,9.9,60,0.0,8.62,0.9998476951563912,-0.0174524064372834,10.9,77,0.0,3.4,-0.8386705679454242,-0.544639035015027,13.9,78,0.0,8.0,-0.8090169943749476,0.5877852522924729,6.35,open-meteo,2026-08-08T09:59:26+00:00
2026-05-18 21:00:00+00:00,DE,onshore,11.8,88,0.0,1.74,0.788010753606722,-0.6156614753256583,8.8,66,0.0,8.02,0.9902680687415704,-0.1391731009600653,10.2,74,0.0,2.32,-0.882947592858927,-0.4694715627858907,12.8,88,0.0,4.93,-0.7547095802227722,0.656059028990507,7.1,open-meteo,2026-08-08T09:59:26+00:00
2026-05-18 22:00:00+00:00,DE,onshore,11.8,86,0.0,0.77,0.6427876096865395,-0.7660444431189779,7.7,73,0.0,7.34,0.9743700647852352,-0.224951054343865,9.6,76,0.0,1.71,-0.8571673007021121,-0.5150380749100544,12.3,93,0.0,5.3,-0.4226182617406992,0.90630778703665,7.649999999999999,open-meteo,2026-08-08T09:59:26+00:00
2026-05-18 23:00:00+00:00,DE,onshore,11.8,87,0.0,1.4,0.9781476007338056,-0.2079116908177593,6.9,79,0.0,5.7,0.9135454576426008,-0.4067366430758002,9.2,79,0.0,1.77,-0.9986295347545738,-0.0523359562429443,12.1,92,0.0,3.8,-0.5735764363510465,0.8191520442889916,8.0,open-meteo,2026-08-08T09:59:26+00:00
2026-05-19 00:00:00+00:00,DE,onshore,11.9,88,0.0,1.87,-0.7313537016191703,-0.6819983600624986,5.9,82,0.0,5.09,0.9205048534524404,-0.3907311284892737,8.2,79,0.0,1.71,-0.8571673007021123,0.5150380749100542,11.5,93,0.0,5.26,-0.8746197071393956,0.4848096202463373,8.625,open-meteo,2026-08-08T09:59:26+00:00
2026-05-19 01:00:00+00:00,DE,onshore,11.8,88,0.0,3.05,-0.6691306063588582,-0.7431448254773942,5.5,85,0.0,4.71,0.7313537016191706,-0.6819983600624984,6.7,85,0.0,1.28,-0.9975640502598244,0.0697564737441252,10.4,97,0.0,6.13,-0.9743700647852352,0.2249510543438649,9.4,open-meteo,2026-08-08T09:59:26+00:00
2026-05-19 02:00:00+00:00,DE,onshore,11.8,89,0.0,3.12,-0.7193398003386512,-0.6946583704589973,5.4,85,0.0,4.46,0.5446390350150273,-0.8386705679454239,5.8,89,0.0,0.69,-0.9902680687415704,-0.1391731009600658,9.9,97,0.0,6.4,-0.981627183447664,0.1908089953765451,9.775,open-meteo,2026-08-08T09:59:26+00:00
2026-05-19 03:00:00+00:00,DE,onshore,11.3,93,0.0,3.95,-0.7193398003386512,-0.6946583704589973,4.6,91,0.0,3.0,0.788010753606722,-0.6156614753256583,4.7,94,0.0,0.2,1.2246467991473532e-16,-1.0,9.3,97,0.0,6.38,-0.9975640502598244,0.0697564737441252,10.525,open-meteo,2026-08-08T09:59:26+00:00
2026-05-19 04:00:00+00:00,DE,onshore,11.0,90,10.0,3.75,-0.8386705679454242,-0.544639035015027,4.8,91,24.0,3.22,0.9396926207859084,-0.3420201433256687,3.5,100,2.0,1.33,0.8090169943749475,-0.587785252292473,9.4,98,12.0,5.61,-0.8910065241883679,0.4539904997395466,10.825,open-meteo,2026-08-08T09:59:26+00:00
2026-05-19 05:00:00+00:00,DE,onshore,11.1,83,92.0,3.41,-0.7771459614569706,-0.6293203910498378,6.9,87,95.0,2.82,0.9396926207859084,-0.3420201433256687,4.5,100,49.0,1.8,0.4848096202463371,-0.8746197071393957,9.6,96,77.0,3.83,-0.8480480961564262,0.5299192642332047,9.975,open-meteo,2026-08-08T09:59:26+00:00
2026-05-19 06:00:00+00:00,DE,onshore,10.8,91,227.0,3.33,-0.6819983600624984,-0.7313537016191706,9.5,78,194.0,3.32,0.8290375725550417,-0.5591929034707467,8.2,92,147.0,1.4,0.4226182617406995,-0.90630778703665,10.9,89,163.0,3.18,-0.8290375725550416,0.559192903470747,8.15,open-meteo,2026-08-08T09:59:26+00:00
2026-05-19 07:00:00+00:00,DE,onshore,11.0,90,375.0,2.72,-0.5000000000000001,-0.8660254037844386,11.6,74,337.0,2.12,0.8290375725550417,-0.5591929034707467,11.5,78,358.0,0.92,0.8480480961564261,-0.5299192642332048,12.4,82,334.0,1.69,-0.8090169943749476,0.5877852522924729,6.375,open-meteo,2026-08-08T09:59:26+00:00
2026-05-19 08:00:00+00:00,DE,onshore,11.2,88,518.0,3.84,-0.3255681544571567,-0.9455185755993168,13.4,68,544.0,3.17,0.9271838545667874,-0.374606593415912,13.4,71,505.0,1.96,0.7986355100472927,-0.6018150231520484,13.9,76,519.0,1.9,-0.9781476007338056,0.2079116908177594,5.025,open-meteo,2026-08-08T09:59:26+00:00
2026-05-19 09:00:00+00:00,DE,onshore,11.6,87,645.0,4.35,-0.3907311284892735,-0.9205048534524404,15.4,60,667.0,2.92,0.6427876096865395,-0.7660444431189779,15.5,59,559.0,1.96,0.6018150231520482,-0.7986355100472929,15.3,68,649.0,0.98,-0.9945218953682734,-0.1045284632676533,3.5500000000000007,open-meteo,2026-08-08T09:59:26+00:00
2026-05-19 10:00:00+00:00,DE,onshore,12.0,84,741.0,3.66,-0.3420201433256686,-0.9396926207859084,16.8,57,771.0,2.98,0.3907311284892737,-0.9205048534524404,16.7,53,609.0,1.45,0.4694715627858907,-0.882947592858927,16.6,62,710.0,1.24,-0.9510565162951536,-0.3090169943749475,2.475,open-meteo,2026-08-08T09:59:26+00:00
2026-05-19 11:00:00+00:00,DE,onshore,12.3,83,804.0,2.67,-0.4694715627858908,-0.8829475928589269,17.0,56,585.0,3.38,0.1736481776669302,-0.984807753012208,16.3,54,334.0,1.4,-0.4226182617406993,-0.90630778703665,17.8,53,656.0,1.9,-0.8191520442889916,-0.5735764363510464,2.1499999999999986,open-meteo,2026-08-08T09:59:26+00:00
2026-05-19 12:00:00+00:00,DE,onshore,12.4,82,817.0,0.81,0.2419218955996677,-0.9702957262759964,17.1,60,506.0,2.88,-0.3090169943749473,-0.9510565162951536,17.2,54,496.0,1.69,-0.1736481776669304,-0.984807753012208,18.5,47,746.0,2.22,-0.7071067811865475,-0.7071067811865477,1.6999999999999993,open-meteo,2026-08-08T09:59:26+00:00
2026-05-19 13:00:00+00:00,DE,onshore,12.9,78,757.0,0.77,0.766044443118978,-0.6427876096865394,16.7,64,410.0,3.01,0.3255681544571566,-0.9455185755993168,17.0,53,368.0,2.67,-0.9563047559630352,-0.2923717047227371,19.1,44,621.0,2.7,-0.7193398003386512,-0.6946583704589973,1.5749999999999993,open-meteo,2026-08-08T09:59:26+00:00
2026-05-19 14:00:00+00:00,DE,onshore,13.2,76,587.0,1.38,0.9975640502598242,-0.0697564737441253,17.1,67,298.0,4.06,-0.9902680687415704,-0.1391731009600658,17.0,57,250.0,2.07,-0.8571673007021123,0.5150380749100542,20.0,41,678.0,1.97,-0.4539904997395467,-0.8910065241883679,1.1750000000000007,open-meteo,2026-08-08T09:59:26+00:00
2026-05-19 15:00:00+00:00,DE,onshore,13.6,75,464.0,2.16,1.0,6.123233995736766e-17,17.9,60,505.0,0.59,-1.0,-1.8369701987210287e-16,17.8,49,339.0,1.08,-0.9961946980917455,-0.0871557427476582,18.3,53,325.0,4.97,-0.5299192642332048,-0.8480480961564261,1.1000000000000014,open-meteo,2026-08-08T09:59:26+00:00
2026-05-19 16:00:00+00:00,DE,onshore,13.6,77,362.0,2.24,0.8746197071393959,-0.484809620246337,17.9,58,335.0,0.22,-0.8910065241883679,0.4539904997395466,17.6,52,254.0,2.08,-0.9902680687415704,-0.1391731009600658,16.7,66,327.0,3.48,-0.529919264233205,0.8480480961564258,1.5500000000000007,open-meteo,2026-08-08T09:59:26+00:00
2026-05-19 17:00:00+00:00,DE,onshore,13.6,76,186.0,2.94,0.4383711467890773,-0.898794046299167,16.2,75,181.0,3.92,0.8480480961564261,-0.5299192642332048,17.2,53,189.0,2.0,-0.981627183447664,0.1908089953765451,16.9,68,208.0,0.79,0.4999999999999999,0.8660254037844387,2.0250000000000004,open-meteo,2026-08-08T09:59:26+00:00
2026-05-19 18:00:00+00:00,DE,onshore,14.2,75,96.0,6.23,-0.3255681544571567,-0.9455185755993168,14.9,87,130.0,4.08,0.9135454576426008,-0.4067366430758002,16.6,65,78.0,1.28,-0.9975640502598244,0.0697564737441252,16.2,69,76.0,0.22,0.8910065241883679,-0.4539904997395467,2.5249999999999986,open-meteo,2026-08-08T09:59:26+00:00
2026-05-19 19:00:00+00:00,DE,onshore,13.6,80,30.0,7.67,-0.4226182617406993,-0.90630778703665,13.4,80,22.0,5.43,0.8290375725550417,-0.5591929034707467,15.7,67,20.0,1.75,-0.8910065241883678,-0.4539904997395469,15.5,71,28.0,1.37,1.2246467991473532e-16,-1.0,3.45,open-meteo,2026-08-08T09:59:26+00:00
2026-05-19 20:00:00+00:00,DE,onshore,13.5,82,1.0,7.06,-0.2419218955996675,-0.9702957262759964,11.7,88,0.0,3.49,0.788010753606722,-0.6156614753256583,14.5,69,0.0,2.12,-0.8290375725550418,-0.5591929034707466,15.0,74,0.0,1.43,-0.275637355816999,-0.9612616959383188,4.324999999999999,open-meteo,2026-08-08T09:59:26+00:00
2026-05-19 21:00:00+00:00,DE,onshore,13.9,80,0.0,8.38,-0.1908089953765447,-0.981627183447664,10.6,90,0.0,6.27,0.777145961456971,-0.6293203910498373,14.4,70,0.0,1.86,1.2246467991473532e-16,-1.0,13.5,82,0.0,3.16,-0.1218693434051473,-0.992546151641322,4.9,open-meteo,2026-08-08T09:59:26+00:00
2026-05-19 22:00:00+00:00,DE,onshore,13.4,83,0.0,10.31,-0.4067366430758002,-0.9135454576426008,10.0,91,0.0,6.96,0.529919264233205,-0.848048096156426,12.9,82,0.0,2.94,-0.5000000000000001,-0.8660254037844386,13.1,81,0.0,5.31,-0.0871557427476579,-0.9961946980917455,5.65,open-meteo,2026-08-08T09:59:26+00:00
2026-05-19 23:00:00+00:00,DE,onshore,12.5,91,0.0,8.99,-0.3420201433256686,-0.9396926207859084,10.3,89,0.0,6.64,0.5150380749100544,-0.8571673007021122,12.3,86,0.0,2.92,-0.7660444431189779,-0.6427876096865395,12.6,82,0.0,5.78,-0.1908089953765447,-0.981627183447664,6.074999999999999,open-meteo,2026-08-08T09:59:26+00:00
2026-05-20 00:00:00+00:00,DE,onshore,12.8,91,0.0,7.76,0.0697564737441255,-0.9975640502598242,10.1,90,0.0,7.02,0.3907311284892737,-0.9205048534524404,12.7,85,0.0,4.51,-0.9998476951563912,-0.0174524064372834,12.9,85,0.0,5.8,-0.275637355816999,-0.9612616959383188,5.875000000000002,open-meteo,2026-08-08T09:59:26+00:00
2026-05-20 01:00:00+00:00,DE,onshore,12.7,91,0.0,8.04,-0.0348994967025009,-0.9993908270190958,10.5,89,0.0,7.76,0.1736481776669302,-0.984807753012208,12.0,92,0.0,3.08,-0.7986355100472928,-0.6018150231520483,12.8,87,0.0,6.39,-0.2588190451025208,-0.9659258262890684,6.0,open-meteo,2026-08-08T09:59:26+00:00
2026-05-20 02:00:00+00:00,DE,onshore,12.6,92,0.0,8.33,0.0174524064372834,-0.9998476951563912,10.7,89,0.0,7.65,-0.0523359562429435,-0.9986295347545738,11.7,93,0.0,3.07,0.2923717047227366,-0.9563047559630355,12.7,87,0.0,6.06,-0.3907311284892735,-0.9205048534524404,6.074999999999999,open-meteo,2026-08-08T09:59:26+00:00
2026-05-20 03:00:00+00:00,DE,onshore,12.7,93,0.0,8.92,-0.1564344650402307,-0.9876883405951378,11.2,88,0.0,6.97,0.0523359562429438,-0.9986295347545738,11.6,94,0.0,2.94,0.0348994967025011,-0.9993908270190958,13.0,88,0.0,5.43,-0.4383711467890774,-0.8987940462991669,5.875,open-meteo,2026-08-08T09:59:26+00:00
2026-05-20 04:00:00+00:00,DE,onshore,12.8,94,1.0,9.18,-0.1908089953765447,-0.981627183447664,11.5,88,11.0,8.15,0.0697564737441255,-0.9975640502598242,11.8,92,1.0,2.36,-0.6691306063588582,-0.7431448254773942,13.1,89,3.0,5.37,-0.3583679495453004,-0.9335804264972016,5.699999999999999,open-meteo,2026-08-08T09:59:26+00:00
2026-05-20 05:00:00+00:00,DE,onshore,12.8,93,27.0,9.18,-0.275637355816999,-0.9612616959383188,11.9,89,31.0,7.56,-0.0697564737441252,-0.9975640502598242,12.2,91,49.0,2.75,-0.5735764363510462,-0.8191520442889918,13.2,89,21.0,5.84,-0.5735764363510462,-0.8191520442889918,5.474999999999998,open-meteo,2026-08-08T09:59:26+00:00
2026-05-20 06:00:00+00:00,DE,onshore,13.0,93,54.0,8.44,-0.2249510543438649,-0.9743700647852352,13.1,83,121.0,6.69,-0.0871557427476579,-0.9961946980917455,13.6,87,166.0,3.12,-0.656059028990507,-0.7547095802227721,13.7,88,58.0,3.94,-0.4539904997395467,-0.8910065241883679,4.649999999999999,open-meteo,2026-08-08T09:59:26+00:00
2026-05-20 07:00:00+00:00,DE,onshore,12.9,93,113.0,9.04,-0.3907311284892735,-0.9205048534524404,14.5,79,227.0,6.66,1.2246467991473532e-16,-1.0,15.1,83,249.0,2.06,-0.4226182617406993,-0.90630778703665,14.6,85,182.0,3.98,-0.1736481776669304,-0.984807753012208,3.725,open-meteo,2026-08-08T09:59:26+00:00
2026-05-20 08:00:00+00:00,DE,onshore,13.0,92,145.0,9.66,-0.5000000000000001,-0.8660254037844386,15.4,77,308.0,4.41,0.0523359562429438,-0.9986295347545738,15.2,84,114.0,4.09,-0.9335804264972016,-0.3583679495453007,15.6,82,279.0,3.94,-0.4539904997395467,-0.8910065241883679,3.200000000000001,open-meteo,2026-08-08T09:59:26+00:00
2026-05-20 09:00:00+00:00,DE,onshore,13.2,92,214.0,9.66,-0.3907311284892735,-0.9205048534524404,15.9,74,262.0,4.14,0.1218693434051475,-0.992546151641322,15.9,79,232.0,6.39,-0.9659258262890684,-0.2588190451025206,16.9,75,460.0,4.35,-0.587785252292473,-0.8090169943749475,2.5250000000000004,open-meteo,2026-08-08T09:59:26+00:00
2026-05-20 10:00:00+00:00,DE,onshore,13.1,91,287.0,8.65,-0.3420201433256686,-0.9396926207859084,16.6,72,357.0,4.24,-0.1218693434051473,-0.992546151641322,17.1,72,469.0,6.51,-0.9781476007338056,-0.2079116908177598,17.2,74,344.0,4.95,-0.8290375725550418,-0.5591929034707466,2.0,open-meteo,2026-08-08T09:59:26+00:00
2026-05-20 11:00:00+00:00,DE,onshore,13.5,87,490.0,9.08,-0.3090169943749473,-0.9510565162951536,16.9,72,360.0,4.37,-0.1564344650402307,-0.9876883405951378,17.0,68,470.0,7.47,-0.9961946980917455,-0.0871557427476582,16.6,76,176.0,5.52,-0.90630778703665,-0.4226182617406991,2.0,open-meteo,2026-08-08T09:59:26+00:00
2026-05-20 12:00:00+00:00,DE,onshore,13.6,88,196.0,7.59,-0.6293203910498376,-0.7771459614569708,17.0,69,235.0,5.28,-0.2588190451025208,-0.9659258262890684,16.1,74,199.0,6.28,-0.9975640502598242,-0.0697564737441255,18.1,70,321.0,4.69,-0.8987940462991668,-0.4383711467890777,1.7999999999999972,open-meteo,2026-08-08T09:59:26+00:00
2026-05-20 13:00:00+00:00,DE,onshore,13.2,89,252.0,6.17,-0.9510565162951536,-0.3090169943749475,18.4,67,345.0,4.98,-0.587785252292473,-0.8090169943749475,16.8,74,161.0,6.76,-0.9455185755993168,-0.3255681544571566,17.3,73,201.0,7.26,-0.9993908270190958,0.0348994967025012,1.5749999999999993,open-meteo,2026-08-08T09:59:26+00:00
2026-05-20 14:00:00+00:00,DE,onshore,12.5,92,142.0,6.47,-0.9998476951563912,-0.0174524064372834,17.8,76,412.0,4.95,-0.9902680687415704,-0.1391731009600658,17.8,65,417.0,9.33,-0.9975640502598242,-0.0697564737441255,16.6,81,266.0,5.4,-0.9975640502598242,-0.0697564737441255,1.8249999999999995,open-meteo,2026-08-08T09:59:26+00:00
2026-05-20 15:00:00+00:00,DE,onshore,12.9,89,151.0,6.57,-0.9396926207859084,-0.3420201433256685,17.6,72,285.0,7.01,-0.882947592858927,-0.4694715627858907,18.0,64,417.0,10.36,-0.984807753012208,-0.1736481776669303,17.4,77,248.0,5.64,-0.9563047559630352,-0.2923717047227371,1.5249999999999986,open-meteo,2026-08-08T09:59:26+00:00
2026-05-20 16:00:00+00:00,DE,onshore,12.6,90,187.0,6.14,-0.9396926207859084,-0.3420201433256685,16.7,74,191.0,7.87,-0.9961946980917455,-0.0871557427476582,17.5,68,241.0,7.92,-0.9781476007338056,-0.2079116908177598,17.6,77,209.0,5.04,-0.8910065241883678,-0.4539904997395469,1.8999999999999984,open-meteo,2026-08-08T09:59:26+00:00
2026-05-20 17:00:00+00:00,DE,onshore,12.6,90,216.0,5.76,-0.9510565162951536,-0.3090169943749475,14.7,85,98.0,5.66,-0.9205048534524404,-0.3907311284892738,17.5,67,196.0,7.51,-0.9781476007338056,-0.2079116908177598,17.6,79,248.0,3.89,-0.754709580222772,-0.6560590289905073,2.4000000000000004,open-meteo,2026-08-08T09:59:26+00:00
2026-05-20 18:00:00+00:00,DE,onshore,12.8,89,136.0,6.07,-0.9510565162951536,-0.3090169943749475,14.8,87,75.0,3.66,-0.9396926207859084,-0.3420201433256685,16.9,71,92.0,4.73,-0.9743700647852352,-0.2249510543438652,17.4,77,110.0,4.62,-0.8090169943749473,-0.5877852522924732,2.5250000000000004,open-meteo,2026-08-08T09:59:26+00:00
2026-05-20 19:00:00+00:00,DE,onshore,12.6,90,44.0,6.57,-0.9563047559630352,-0.2923717047227371,13.7,95,24.0,4.08,-0.8660254037844384,-0.5000000000000004,15.8,77,15.0,6.69,-0.9961946980917455,-0.0871557427476582,15.7,85,12.0,5.91,-0.9945218953682734,0.1045284632676529,3.5500000000000007,open-meteo,2026-08-08T09:59:26+00:00
2026-05-20 20:00:00+00:00,DE,onshore,12.6,90,2.0,6.28,-0.9205048534524404,-0.3907311284892738,13.1,96,0.0,4.73,-0.8290375725550418,-0.5591929034707466,14.9,75,0.0,5.79,-0.9986295347545738,-0.0523359562429443,14.8,84,0.0,4.61,-0.9781476007338056,0.2079116908177594,4.149999999999999,open-meteo,2026-08-08T09:59:26+00:00
2026-05-20 21:00:00+00:00,DE,onshore,12.7,89,0.0,6.14,-0.9396926207859084,-0.3420201433256685,13.5,80,0.0,6.61,-0.9781476007338056,0.2079116908177594,13.0,86,0.0,4.46,-0.9455185755993168,-0.3255681544571566,13.3,90,0.0,5.59,-0.981627183447664,0.1908089953765451,4.875,open-meteo,2026-08-08T09:59:26+00:00
2026-05-20 22:00:00+00:00,DE,onshore,12.7,88,0.0,6.88,-0.882947592858927,-0.4694715627858907,11.5,94,0.0,4.4,-0.9563047559630354,0.2923717047227367,12.0,91,0.0,4.44,-0.9702957262759964,-0.2419218955996677,12.5,94,0.0,5.31,-0.9975640502598244,0.0697564737441252,5.824999999999999,open-meteo,2026-08-08T09:59:26+00:00
2026-05-20 23:00:00+00:00,DE,onshore,12.8,90,0.0,7.39,-0.8191520442889916,-0.5735764363510464,10.6,98,0.0,6.27,-1.0,-1.8369701987210287e-16,11.8,91,0.0,4.59,-0.981627183447664,-0.1908089953765446,12.2,95,0.0,5.83,-0.9563047559630354,0.2923717047227367,6.149999999999999,open-meteo,2026-08-08T09:59:26+00:00
2026-05-21 00:00:00+00:00,DE,onshore,13.2,89,0.0,7.76,-0.7986355100472928,-0.6018150231520483,10.4,99,0.0,7.36,-0.9975640502598244,0.0697564737441252,12.4,89,0.0,3.66,-0.9396926207859084,-0.3420201433256685,12.0,96,0.0,5.42,-0.9945218953682734,0.1045284632676529,6.0,open-meteo,2026-08-08T09:59:26+00:00
2026-05-21 01:00:00+00:00,DE,onshore,13.1,90,0.0,7.69,-0.8290375725550418,-0.5591929034707466,10.4,97,0.0,8.18,-0.9945218953682734,0.1045284632676529,12.9,87,0.0,4.52,-0.9961946980917455,-0.0871557427476582,11.2,97,0.0,5.1,-0.9986295347545738,-0.0523359562429443,6.100000000000001,open-meteo,2026-08-08T09:59:26+00:00
2026-05-21 02:00:00+00:00,DE,onshore,13.0,89,0.0,8.4,-0.848048096156426,-0.529919264233205,10.3,99,0.0,7.71,-0.9781476007338056,0.2079116908177594,12.7,91,0.0,4.52,-0.9961946980917455,0.0871557427476578,11.2,96,0.0,5.75,-0.9876883405951375,-0.156434465040231,6.199999999999999,open-meteo,2026-08-08T09:59:26+00:00
2026-05-21 03:00:00+00:00,DE,onshore,13.1,90,0.0,8.64,-0.8386705679454242,-0.544639035015027,9.9,99,0.0,7.32,-0.9612616959383188,0.2756373558169994,12.0,95,0.0,4.11,-1.0,-1.8369701987210287e-16,11.4,97,0.0,5.98,-0.9998476951563912,0.0174524064372831,6.4,open-meteo,2026-08-08T09:59:26+00:00
2026-05-21 04:00:00+00:00,DE,onshore,12.9,92,10.0,8.59,-0.8987940462991668,-0.4383711467890777,9.8,98,25.0,5.56,-0.9876883405951378,0.1564344650402306,11.6,95,3.0,3.82,-1.0,-1.8369701987210287e-16,11.7,96,6.0,5.31,-0.9975640502598242,-0.0697564737441255,6.5,open-meteo,2026-08-08T09:59:26+00:00
2026-05-21 05:00:00+00:00,DE,onshore,12.8,93,72.0,8.64,-0.90630778703665,-0.4226182617406991,11.1,94,122.0,5.09,-1.0,-1.8369701987210287e-16,12.7,93,44.0,3.77,-0.9876883405951378,0.1564344650402306,12.7,94,52.0,5.89,-0.9975640502598242,-0.0697564737441255,5.675000000000001,open-meteo,2026-08-08T09:59:26+00:00
2026-05-21 06:00:00+00:00,DE,onshore,12.9,92,188.0,7.38,-0.9563047559630352,-0.2923717047227371,13.0,91,209.0,4.32,-0.9975640502598242,-0.0697564737441255,13.8,90,127.0,2.31,-0.9781476007338056,-0.2079116908177598,14.4,88,163.0,4.23,-0.9743700647852352,-0.2249510543438652,4.475,open-meteo,2026-08-08T09:59:26+00:00
2026-05-21 07:00:00+00:00,DE,onshore,12.8,94,348.0,8.3,-0.9781476007338056,-0.2079116908177598,14.4,86,320.0,3.85,-0.992546151641322,0.1218693434051476,15.9,82,320.0,1.47,-0.7986355100472928,-0.6018150231520483,15.9,82,331.0,4.28,-0.961261695938319,-0.2756373558169989,3.25,open-meteo,2026-08-08T09:59:26+00:00
2026-05-21 08:00:00+00:00,DE,onshore,12.8,93,491.0,8.51,-0.9659258262890684,-0.2588190451025206,16.2,74,484.0,4.42,-0.9743700647852352,0.2249510543438649,17.6,71,500.0,1.75,-0.8910065241883678,-0.4539904997395469,17.2,72,489.0,4.8,-0.9998476951563912,-0.0174524064372834,2.0500000000000007,open-meteo,2026-08-08T09:59:26+00:00
2026-05-21 09:00:00+00:00,DE,onshore,13.4,91,508.0,7.84,-0.9876883405951375,-0.156434465040231,17.2,67,578.0,4.06,-0.9902680687415704,-0.1391731009600658,19.0,63,507.0,1.15,-0.9396926207859084,-0.3420201433256685,17.8,67,368.0,4.74,-0.992546151641322,-0.1218693434051471,1.1499999999999986,open-meteo,2026-08-08T09:59:26+00:00
2026-05-21 10:00:00+00:00,DE,onshore,13.2,91,422.0,7.75,-0.9510565162951536,-0.3090169943749475,17.2,65,467.0,5.18,-0.9659258262890684,-0.2588190451025206,20.0,55,583.0,1.27,-1.0,-1.8369701987210287e-16,18.7,67,527.0,3.9,-0.9781476007338056,-0.2079116908177598,0.7250000000000014,open-meteo,2026-08-08T09:59:26+00:00
2026-05-21 11:00:00+00:00,DE,onshore,13.1,90,410.0,8.45,-0.9975640502598242,-0.0697564737441255,18.3,59,610.0,5.21,-0.961261695938319,-0.2756373558169989,20.7,51,489.0,1.02,-0.9563047559630354,0.2923717047227367,19.1,65,458.0,6.49,-0.9961946980917455,-0.0871557427476582,0.2000000000000028,open-meteo,2026-08-08T09:59:26+00:00
2026-05-21 12:00:00+00:00,DE,onshore,13.4,87,514.0,7.65,-0.9993908270190958,-0.0348994967025007,18.2,60,467.0,4.52,-0.9975640502598244,0.0697564737441252,21.2,50,589.0,0.44,-0.4539904997395467,-0.8910065241883679,19.8,63,679.0,5.21,-0.9781476007338056,0.2079116908177594,0.1499999999999985,open-meteo,2026-08-08T09:59:26+00:00
2026-05-21 13:00:00+00:00,DE,onshore,13.2,88,464.0,7.66,-0.9975640502598242,-0.0697564737441255,18.5,56,490.0,4.9,-0.9993908270190958,-0.0348994967025007,22.1,46,579.0,0.88,-0.4539904997395467,-0.8910065241883679,19.3,64,394.0,4.61,-0.9135454576426012,0.4067366430757997,0.2749999999999986,open-meteo,2026-08-08T09:59:26+00:00
2026-05-21 14:00:00+00:00,DE,onshore,13.0,89,504.0,8.23,-0.9876883405951378,0.1564344650402306,16.9,70,255.0,7.42,-0.9781476007338056,0.2079116908177594,22.2,46,539.0,0.71,0.2756373558169992,-0.9612616959383188,19.3,64,301.0,5.48,-0.9135454576426012,0.4067366430757997,0.1500000000000021,open-meteo,2026-08-08T09:59:26+00:00
2026-05-21 15:00:00+00:00,DE,onshore,13.5,88,513.0,7.61,-0.9781476007338056,0.2079116908177594,18.4,59,268.0,5.4,-0.9986295347545738,0.0523359562429439,22.0,48,351.0,2.49,0.7071067811865475,0.7071067811865476,19.0,67,158.0,4.68,-0.9612616959383188,0.2756373558169994,0.2250000000000014,open-meteo,2026-08-08T09:59:26+00:00
2026-05-21 16:00:00+00:00,DE,onshore,13.1,87,394.0,7.14,-0.9876883405951378,0.1564344650402306,18.6,59,324.0,5.3,-0.9612616959383188,0.2756373558169994,22.0,46,362.0,2.66,0.9945218953682732,0.1045284632676534,19.0,64,224.0,5.73,-0.9563047559630354,0.2923717047227367,0.1750000000000007,open-meteo,2026-08-08T09:59:26+00:00
2026-05-21 17:00:00+00:00,DE,onshore,12.9,87,276.0,8.13,-0.9743700647852352,0.2249510543438649,17.9,56,124.0,7.01,-0.8386705679454243,0.5446390350150266,21.5,48,265.0,2.0,0.981627183447664,0.1908089953765449,18.9,60,208.0,4.43,-0.9063077870366498,0.4226182617406996,0.2000000000000028,open-meteo,2026-08-08T09:59:26+00:00
2026-05-21 18:00:00+00:00,DE,onshore,13.1,86,155.0,8.03,-0.9135454576426012,0.4067366430757997,17.3,63,93.0,5.82,-0.8386705679454243,0.5446390350150266,21.0,48,129.0,2.24,0.9205048534524404,0.3907311284892737,18.5,68,109.0,3.84,-0.7880107536067218,0.6156614753256585,0.5249999999999986,open-meteo,2026-08-08T09:59:26+00:00
2026-05-21 19:00:00+00:00,DE,onshore,13.1,84,53.0,6.72,-0.8571673007021123,0.5150380749100542,15.2,72,29.0,6.04,-0.8090169943749476,0.5877852522924729,19.1,54,31.0,2.42,0.9702957262759964,0.2419218955996676,16.7,80,32.0,2.25,-1.0,-1.8369701987210287e-16,1.9750000000000016,open-meteo,2026-08-08T09:59:26+00:00
2026-05-21 20:00:00+00:00,DE,onshore,13.1,82,2.0,4.93,-0.7547095802227722,0.656059028990507,13.8,78,0.0,7.39,-0.7771459614569708,0.6293203910498375,17.0,61,0.0,2.54,0.9612616959383188,0.2756373558169991,15.0,82,0.0,3.43,-0.9993908270190958,0.0348994967025012,3.2750000000000004,open-meteo,2026-08-08T09:59:26+00:00
2026-05-21 21:00:00+00:00,DE,onshore,13.0,83,0.0,2.47,-0.992546151641322,-0.1218693434051471,12.7,84,0.0,5.36,-0.7660444431189781,0.6427876096865393,15.2,72,0.0,3.25,0.9961946980917455,0.0871557427476581,13.8,91,0.0,3.51,-0.8910065241883679,0.4539904997395466,4.324999999999999,open-meteo,2026-08-08T09:59:26+00:00
2026-05-21 22:00:00+00:00,DE,onshore,13.1,85,0.0,3.29,-0.8910065241883678,-0.4539904997395469,11.8,89,0.0,4.91,-0.898794046299167,0.4383711467890774,14.6,72,0.0,3.17,0.9271838545667874,-0.374606593415912,13.4,92,0.0,2.61,-0.8290375725550416,0.559192903470747,4.775,open-meteo,2026-08-08T09:59:26+00:00
2026-05-21 23:00:00+00:00,DE,onshore,13.2,85,0.0,4.51,-0.8910065241883678,-0.4539904997395469,11.4,89,0.0,5.24,-0.9563047559630354,0.2923717047227367,14.0,74,0.0,3.1,0.9510565162951536,-0.3090169943749473,12.8,92,0.0,1.81,-0.9743700647852352,0.2249510543438649,5.149999999999999,open-meteo,2026-08-08T09:59:26+00:00
2026-05-22 00:00:00+00:00,DE,onshore,13.4,85,0.0,5.48,-0.8910065241883678,-0.4539904997395469,10.9,91,0.0,5.52,-0.9396926207859084,0.342020143325669,10.9,92,0.0,3.29,0.7986355100472927,-0.6018150231520484,12.1,94,0.0,2.57,-0.9510565162951536,-0.3090169943749475,6.174999999999999,open-meteo,2026-08-08T09:59:26+00:00
2026-05-22 01:00:00+00:00,DE,onshore,13.4,88,0.0,5.71,-0.8571673007021121,-0.5150380749100544,10.8,91,0.0,5.12,-0.9961946980917455,0.0871557427476578,10.3,94,0.0,2.77,0.7071067811865476,-0.7071067811865475,11.5,96,0.0,2.55,-0.848048096156426,-0.529919264233205,6.5,open-meteo,2026-08-08T09:59:26+00:00
2026-05-22 02:00:00+00:00,DE,onshore,13.4,89,0.0,6.08,-0.7880107536067221,-0.6156614753256581,10.7,91,0.0,5.21,-0.9781476007338056,0.2079116908177594,9.5,99,0.0,2.83,0.8290375725550417,-0.5591929034707467,11.0,96,0.0,2.86,-0.8571673007021121,-0.5150380749100544,6.85,open-meteo,2026-08-08T09:59:26+00:00
2026-05-22 03:00:00+00:00,DE,onshore,13.3,90,0.0,6.21,-0.7880107536067221,-0.6156614753256581,11.0,94,0.0,4.61,-0.9998476951563912,-0.0174524064372834,9.2,100,0.0,3.02,0.90630778703665,-0.4226182617406993,10.9,96,0.0,2.72,-0.8660254037844384,-0.5000000000000004,6.9,open-meteo,2026-08-08T09:59:26+00:00
2026-05-22 04:00:00+00:00,DE,onshore,13.4,90,5.0,6.61,-0.8191520442889916,-0.5735764363510464,11.2,94,24.0,4.13,-0.9975640502598242,-0.0697564737441255,9.4,100,3.0,3.24,0.90630778703665,-0.4226182617406993,11.3,96,14.0,3.23,-0.5735764363510462,-0.8191520442889918,6.675000000000001,open-meteo,2026-08-08T09:59:26+00:00
2026-05-22 05:00:00+00:00,DE,onshore,13.4,90,35.0,6.95,-0.7660444431189779,-0.6427876096865395,12.7,91,108.0,3.94,-0.9945218953682734,-0.1045284632676533,10.2,100,53.0,2.89,0.8829475928589269,-0.4694715627858909,13.1,92,81.0,4.7,-0.587785252292473,-0.8090169943749475,5.65,open-meteo,2026-08-08T09:59:26+00:00
2026-05-22 06:00:00+00:00,DE,onshore,13.6,88,71.0,7.01,-0.754709580222772,-0.6560590289905073,15.1,82,235.0,3.61,-0.9743700647852352,-0.2249510543438652,14.3,77,184.0,2.89,0.9135454576426008,-0.4067366430758002,15.6,82,184.0,3.61,-0.656059028990507,-0.7547095802227721,3.35,open-meteo,2026-08-08T09:59:26+00:00
2026-05-22 07:00:00+00:00,DE,onshore,13.5,88,244.0,6.87,-0.7431448254773944,-0.6691306063588581,16.3,75,354.0,3.53,-0.9993908270190958,0.0348994967025012,16.8,67,369.0,2.11,0.9743700647852352,-0.224951054343865,17.7,76,383.0,1.77,-0.5591929034707467,-0.8290375725550418,1.9250000000000007,open-meteo,2026-08-08T09:59:26+00:00
2026-05-22 08:00:00+00:00,DE,onshore,13.6,89,340.0,6.29,-0.7986355100472928,-0.6018150231520483,16.6,74,341.0,4.32,-0.9986295347545738,-0.0523359562429443,18.9,60,534.0,2.11,0.9743700647852352,-0.224951054343865,19.9,68,542.0,1.69,-0.587785252292473,-0.8090169943749475,0.75,open-meteo,2026-08-08T09:59:26+00:00
2026-05-22 09:00:00+00:00,DE,onshore,14.2,87,304.0,6.01,-0.8290375725550418,-0.5591929034707466,17.6,69,357.0,4.48,-0.984807753012208,0.1736481776669299,21.9,49,678.0,2.23,0.9659258262890684,-0.2588190451025208,21.6,55,570.0,2.57,-0.9510565162951536,-0.3090169943749475,0.8250000000000028,open-meteo,2026-08-08T09:59:26+00:00
2026-05-22 10:00:00+00:00,DE,onshore,14.0,88,344.0,4.29,-0.8910065241883678,-0.4539904997395469,18.1,69,461.0,5.06,-0.9659258262890684,0.2588190451025203,23.5,42,792.0,3.38,0.9271838545667874,-0.374606593415912,22.1,51,563.0,3.37,-0.9902680687415704,0.1391731009600654,1.4250000000000007,open-meteo,2026-08-08T09:59:26+00:00
2026-05-22 11:00:00+00:00,DE,onshore,14.2,88,471.0,3.99,-0.882947592858927,-0.4694715627858907,18.4,68,441.0,4.86,-0.9876883405951378,0.1564344650402306,24.5,43,856.0,2.83,0.9702957262759964,-0.2419218955996677,22.6,49,543.0,3.04,-0.9659258262890684,0.2588190451025203,1.9249999999999967,open-meteo,2026-08-08T09:59:26+00:00
2026-05-22 12:00:00+00:00,DE,onshore,14.5,87,523.0,3.85,-0.992546151641322,-0.1218693434051471,18.7,66,453.0,4.4,-0.9563047559630354,0.2923717047227367,25.4,36,872.0,2.84,0.9993908270190958,-0.0348994967025009,23.0,47,607.0,3.33,-0.9135454576426012,0.4067366430757997,2.3999999999999986,open-meteo,2026-08-08T09:59:26+00:00
2026-05-22 13:00:00+00:00,DE,onshore,14.6,86,677.0,3.95,-0.992546151641322,-0.1218693434051471,19.7,62,698.0,4.44,-0.9702957262759966,0.2419218955996674,26.0,35,834.0,2.45,0.9993908270190958,-0.0348994967025009,23.6,47,711.0,1.69,-0.8090169943749476,0.5877852522924729,2.9750000000000014,open-meteo,2026-08-08T09:59:26+00:00
2026-05-22 14:00:00+00:00,DE,onshore,14.7,85,671.0,3.45,-0.992546151641322,0.1218693434051476,19.8,62,574.0,5.14,-0.9510565162951536,0.3090169943749472,26.4,35,761.0,2.59,0.90630778703665,-0.4226182617406993,24.1,47,666.0,3.19,-0.7071067811865477,0.7071067811865474,3.25,open-meteo,2026-08-08T09:59:26+00:00
2026-05-22 15:00:00+00:00,DE,onshore,15.0,84,589.0,1.4,-0.9781476007338056,0.2079116908177594,18.5,70,301.0,4.57,-0.8191520442889918,0.573576436351046,26.5,37,643.0,1.67,0.9986295347545738,-0.0523359562429438,23.4,45,580.0,3.26,-0.7193398003386512,0.6946583704589973,2.8500000000000014,open-meteo,2026-08-08T09:59:26+00:00
2026-05-22 16:00:00+00:00,DE,onshore,15.1,85,466.0,0.59,-1.0,-1.8369701987210287e-16,18.7,69,327.0,4.57,-0.7071067811865477,0.7071067811865474,26.3,38,491.0,0.92,0.848048096156426,0.5299192642332049,23.0,50,428.0,3.48,-0.529919264233205,0.8480480961564258,2.7749999999999986,open-meteo,2026-08-08T09:59:26+00:00
2026-05-22 17:00:00+00:00,DE,onshore,15.1,85,324.0,0.98,-0.1045284632676534,0.9945218953682732,18.1,73,255.0,4.41,-0.6018150231520483,0.7986355100472928,25.6,39,326.0,3.32,0.3255681544571567,0.9455185755993168,22.9,50,296.0,2.32,-0.4694715627858908,0.882947592858927,2.4250000000000007,open-meteo,2026-08-08T09:59:26+00:00
2026-05-22 18:00:00+00:00,DE,onshore,15.9,81,182.0,1.15,0.9396926207859084,0.3420201433256688,17.6,73,131.0,4.0,-0.5150380749100545,0.8571673007021121,25.1,40,164.0,4.52,0.224951054343865,0.9743700647852352,22.2,58,147.0,2.88,0.1736481776669303,0.984807753012208,2.2,open-meteo,2026-08-08T09:59:26+00:00
2026-05-22 19:00:00+00:00,DE,onshore,15.5,80,64.0,2.07,0.9961946980917455,-0.0871557427476582,15.9,82,30.0,2.86,-0.3746065934159123,0.9271838545667872,21.7,49,39.0,4.46,0.5446390350150271,0.838670567945424,19.7,69,37.0,2.3,0.6427876096865393,0.766044443118978,0.1999999999999993,open-meteo,2026-08-08T09:59:26+00:00
2026-05-22 20:00:00+00:00,DE,onshore,15.6,77,4.0,3.6,0.9271838545667874,-0.374606593415912,14.9,84,0.0,2.26,-0.3090169943749477,0.9510565162951536,19.2,58,0.0,3.37,0.8987940462991669,0.4383711467890774,17.6,78,0.0,8.12,0.7431448254773942,0.6691306063588582,1.1749999999999972,open-meteo,2026-08-08T09:59:26+00:00
2026-05-22 21:00:00+00:00,DE,onshore,15.7,79,0.0,4.86,0.8290375725550417,-0.5591929034707467,14.3,85,0.0,1.69,-0.1736481776669304,0.984807753012208,18.7,66,0.0,3.16,0.992546151641322,-0.1218693434051473,16.3,87,0.0,7.21,0.8571673007021123,0.5150380749100542,1.75,open-meteo,2026-08-08T09:59:26+00:00
2026-05-22 22:00:00+00:00,DE,onshore,15.7,81,0.0,6.05,0.766044443118978,-0.6427876096865394,13.4,88,0.0,1.08,-0.0871557427476583,0.9961946980917455,17.6,66,0.0,3.07,0.9563047559630355,-0.2923717047227366,15.3,90,0.0,6.94,0.9612616959383188,0.2756373558169991,2.5,open-meteo,2026-08-08T09:59:26+00:00
2026-05-22 23:00:00+00:00,DE,onshore,15.5,83,0.0,6.82,0.6293203910498374,-0.7771459614569709,12.1,93,0.0,0.35,0.5591929034707469,0.8290375725550417,16.2,68,0.0,2.88,0.9510565162951536,-0.3090169943749473,14.5,92,0.0,6.33,0.9902680687415704,0.1391731009600654,3.4250000000000007,open-meteo,2026-08-08T09:59:26+00:00
2026-05-23 00:00:00+00:00,DE,onshore,15.9,84,0.0,6.82,0.529919264233205,-0.848048096156426,10.1,97,0.0,0.79,-0.1218693434051473,-0.992546151641322,14.5,77,0.0,2.85,0.9975640502598242,-0.0697564737441253,13.4,95,0.0,6.08,0.9986295347545738,0.0523359562429439,4.525,open-meteo,2026-08-08T09:59:26+00:00
2026-05-23 01:00:00+00:00,DE,onshore,15.8,84,0.0,8.1,0.529919264233205,-0.848048096156426,10.2,95,0.0,0.83,-0.7071067811865475,-0.7071067811865477,13.1,84,0.0,2.7,0.9455185755993168,-0.3255681544571566,13.1,95,0.0,5.19,0.981627183447664,-0.1908089953765448,4.949999999999999,open-meteo,2026-08-08T09:59:26+00:00
2026-05-23 02:00:00+00:00,DE,onshore,15.5,85,0.0,8.38,0.4067366430758004,-0.9135454576426008,10.0,95,0.0,1.01,-0.4848096202463369,-0.8746197071393959,12.2,89,0.0,2.55,0.9205048534524404,-0.3907311284892737,12.7,96,0.0,5.33,0.9396926207859084,-0.3420201433256687,5.399999999999999,open-meteo,2026-08-08T09:59:26+00:00
2026-05-23 03:00:00+00:00,DE,onshore,15.6,84,0.0,8.46,0.3090169943749475,-0.9510565162951536,8.8,97,0.0,1.43,-0.275637355816999,-0.9612616959383188,11.9,90,0.0,2.82,0.9396926207859084,-0.3420201433256687,11.9,97,0.0,4.55,0.7986355100472927,-0.6018150231520484,5.950000000000001,open-meteo,2026-08-08T09:59:26+00:00
2026-05-23 04:00:00+00:00,DE,onshore,15.1,86,14.0,8.36,0.2419218955996677,-0.9702957262759964,9.4,97,29.0,1.9,0.2079116908177593,-0.9781476007338056,10.9,93,3.0,3.33,0.8829475928589269,-0.4694715627858909,12.0,97,18.0,4.16,0.7071067811865476,-0.7071067811865475,6.15,open-meteo,2026-08-08T09:59:26+00:00
2026-05-23 05:00:00+00:00,DE,onshore,14.9,87,94.0,8.92,0.2079116908177593,-0.9781476007338056,12.0,93,128.0,3.1,0.3090169943749475,-0.9510565162951536,12.1,91,68.0,3.26,0.838670567945424,-0.5446390350150272,13.7,95,107.0,4.19,0.6018150231520482,-0.7986355100472929,4.824999999999999,open-meteo,2026-08-08T09:59:26+00:00
2026-05-23 06:00:00+00:00,DE,onshore,15.8,85,222.0,8.24,0.0523359562429438,-0.9986295347545738,15.7,82,267.0,3.46,0.1391731009600653,-0.9902680687415704,16.5,71,202.0,2.65,0.777145961456971,-0.6293203910498373,17.0,83,243.0,3.2,0.4539904997395468,-0.8910065241883678,1.75,open-meteo,2026-08-08T09:59:26+00:00
2026-05-23 07:00:00+00:00,DE,onshore,15.7,86,364.0,7.51,-0.1218693434051473,-0.992546151641322,17.9,76,416.0,2.71,0.2249510543438652,-0.9743700647852352,19.1,63,366.0,2.24,0.9205048534524404,-0.3907311284892737,19.2,77,397.0,2.12,0.5591929034707469,-0.8290375725550416,0.0250000000000021,open-meteo,2026-08-08T09:59:26+00:00
2026-05-23 08:00:00+00:00,DE,onshore,15.9,86,467.0,7.2,-0.2588190451025208,-0.9659258262890684,19.3,68,560.0,3.05,0.1045284632676537,-0.9945218953682732,21.6,55,531.0,1.31,0.9743700647852352,-0.224951054343865,21.3,70,543.0,1.8,0.3746065934159122,-0.9271838545667872,1.525000000000002,open-meteo,2026-08-08T09:59:26+00:00
2026-05-23 09:00:00+00:00,DE,onshore,16.4,83,564.0,6.12,-0.5299192642332048,-0.8480480961564261,21.1,62,679.0,2.45,-0.275637355816999,-0.9612616959383188,24.4,43,675.0,1.5,0.981627183447664,-0.1908089953765448,23.8,57,670.0,1.29,0.1564344650402309,-0.9876883405951375,3.4250000000000007,open-meteo,2026-08-08T09:59:26+00:00
2026-05-23 10:00:00+00:00,DE,onshore,16.5,82,717.0,5.13,-0.6819983600624984,-0.7313537016191706,22.4,59,765.0,2.5,-0.5150380749100542,-0.8571673007021123,26.3,39,787.0,2.07,0.9961946980917455,0.0871557427476581,25.4,50,767.0,2.2,0.3583679495453002,-0.9335804264972016,4.649999999999999,open-meteo,2026-08-08T09:59:26+00:00
2026-05-23 11:00:00+00:00,DE,onshore,16.9,80,748.0,5.03,-0.5446390350150271,-0.838670567945424,23.7,56,807.0,2.43,-0.6427876096865393,-0.766044443118978,27.6,37,855.0,2.58,0.9876883405951378,0.1564344650402309,26.6,44,821.0,2.35,-0.0348994967025009,-0.9993908270190958,5.699999999999996,open-meteo,2026-08-08T09:59:26+00:00
2026-05-23 12:00:00+00:00,DE,onshore,17.9,78,774.0,4.16,-0.7071067811865475,-0.7071067811865477,24.2,58,807.0,2.43,-0.7313537016191703,-0.6819983600624986,27.8,38,873.0,2.5,0.8571673007021123,0.5150380749100542,27.2,44,830.0,2.58,-0.1564344650402307,-0.9876883405951378,6.274999999999999,open-meteo,2026-08-08T09:59:26+00:00
2026-05-23 13:00:00+00:00,DE,onshore,17.1,83,761.0,5.29,-0.9998476951563912,-0.0174524064372834,25.0,56,728.0,2.3,-0.7660444431189779,-0.6427876096865395,28.2,39,835.0,2.61,0.8290375725550417,0.5591929034707468,27.9,39,788.0,2.67,-0.587785252292473,-0.8090169943749475,6.549999999999997,open-meteo,2026-08-08T09:59:26+00:00
2026-05-23 14:00:00+00:00,DE,onshore,16.0,85,568.0,4.3,-0.6819983600624984,0.7313537016191707,25.3,49,643.0,3.34,-0.9986295347545738,-0.0523359562429443,28.7,38,755.0,2.88,0.3090169943749474,0.9510565162951536,27.7,41,663.0,1.77,-0.5591929034707467,-0.8290375725550418,6.425000000000001,open-meteo,2026-08-08T09:59:26+00:00
2026-05-23 15:00:00+00:00,DE,onshore,15.9,87,358.0,2.48,-0.9510565162951536,0.3090169943749472,25.1,47,389.0,3.01,-0.945518575599317,0.3255681544571563,28.5,37,636.0,3.11,0.224951054343865,0.9743700647852352,27.8,40,449.0,3.0,-0.981627183447664,0.1908089953765451,6.324999999999999,open-meteo,2026-08-08T09:59:26+00:00
2026-05-23 16:00:00+00:00,DE,onshore,16.7,82,364.0,2.65,-0.9975640502598244,0.0697564737441252,24.8,50,407.0,3.19,-0.9510565162951536,0.3090169943749472,28.0,37,488.0,2.7,0.3255681544571567,0.9455185755993168,27.4,36,381.0,4.61,-0.7880107536067218,0.6156614753256585,6.225000000000001,open-meteo,2026-08-08T09:59:26+00:00
2026-05-23 17:00:00+00:00,DE,onshore,16.3,84,197.0,2.91,-0.544639035015027,0.838670567945424,24.6,55,286.0,2.64,-0.9659258262890684,-0.2588190451025206,27.5,38,324.0,3.4,0.2079116908177593,0.9781476007338056,26.7,41,290.0,3.15,-0.898794046299167,0.4383711467890774,5.775000000000002,open-meteo,2026-08-08T09:59:26+00:00
2026-05-23 18:00:00+00:00,DE,onshore,18.3,79,113.0,1.15,0.3420201433256687,0.9396926207859084,23.3,62,146.0,3.23,-1.0,-1.8369701987210287e-16,26.6,40,165.0,4.63,0.224951054343865,0.9743700647852352,25.5,52,154.0,1.82,-0.8090169943749476,0.5877852522924729,5.425000000000001,open-meteo,2026-08-08T09:59:26+00:00
2026-05-23 19:00:00+00:00,DE,onshore,16.3,85,53.0,4.51,-0.5591929034707466,0.8290375725550418,21.5,67,36.0,2.31,-0.8090169943749476,0.5877852522924729,22.9,50,40.0,4.4,0.2079116908177593,0.9781476007338056,23.1,61,39.0,2.94,-0.8987940462991668,-0.4383711467890777,2.95,open-meteo,2026-08-08T09:59:26+00:00
2026-05-23 20:00:00+00:00,DE,onshore,15.5,87,4.0,4.17,-0.5000000000000004,0.8660254037844384,19.9,70,0.0,0.93,-0.9510565162951536,-0.3090169943749475,20.2,59,0.0,3.83,0.224951054343865,0.9743700647852352,21.3,62,0.0,3.59,-0.8987940462991668,-0.4383711467890777,1.224999999999998,open-meteo,2026-08-08T09:59:26+00:00
2026-05-23 21:00:00+00:00,DE,onshore,15.5,88,0.0,3.96,-0.1564344650402311,0.9876883405951375,16.6,92,0.0,2.86,-0.5150380749100542,-0.8571673007021123,19.5,68,0.0,4.52,0.4999999999999999,0.8660254037844387,19.0,81,0.0,3.75,-0.9396926207859084,-0.3420201433256685,0.3500000000000014,open-meteo,2026-08-08T09:59:26+00:00
2026-05-23 22:00:00+00:00,DE,onshore,15.1,90,0.0,4.32,-0.0697564737441256,0.9975640502598242,16.3,90,0.0,3.26,-0.754709580222772,-0.6560590289905073,18.3,73,0.0,3.02,0.5877852522924731,0.8090169943749475,18.1,83,0.0,4.95,-0.90630778703665,-0.4226182617406991,1.0499999999999972,open-meteo,2026-08-08T09:59:26+00:00
2026-05-23 23:00:00+00:00,DE,onshore,14.5,93,0.0,6.1,-0.3255681544571567,0.9455185755993168,16.1,87,0.0,3.29,-0.9205048534524404,-0.3907311284892738,18.1,71,0.0,2.56,0.7313537016191705,0.6819983600624985,17.4,81,0.0,5.73,-0.9396926207859084,-0.3420201433256685,1.4750000000000014,open-meteo,2026-08-08T09:59:26+00:00
2026-05-24 00:00:00+00:00,DE,onshore,14.6,93,0.0,8.09,-0.1908089953765446,0.981627183447664,15.1,92,0.0,2.64,-0.8571673007021121,-0.5150380749100544,17.3,74,0.0,2.83,0.8290375725550417,0.5591929034707468,15.7,89,0.0,5.44,-0.9702957262759964,-0.2419218955996677,2.325,open-meteo,2026-08-08T09:59:26+00:00
2026-05-24 01:00:00+00:00,DE,onshore,14.4,92,0.0,8.59,-0.1218693434051472,0.992546151641322,15.1,91,0.0,3.6,-0.7071067811865475,-0.7071067811865477,16.6,78,0.0,2.59,0.90630778703665,0.4226182617406994,15.1,91,0.0,4.74,-0.913545457642601,-0.4067366430758001,2.7,open-meteo,2026-08-08T09:59:26+00:00
2026-05-24 02:00:00+00:00,DE,onshore,14.3,89,0.0,7.76,-0.0697564737441256,0.9975640502598242,15.3,91,0.0,3.75,-0.754709580222772,-0.6560590289905073,15.8,82,0.0,1.79,0.9876883405951378,0.1564344650402309,14.7,91,0.0,4.56,-0.90630778703665,-0.4226182617406991,2.974999999999998,open-meteo,2026-08-08T09:59:26+00:00
2026-05-24 03:00:00+00:00,DE,onshore,14.3,89,0.0,8.63,-0.0523359562429443,0.9986295347545738,15.1,92,0.0,3.47,-0.9271838545667872,-0.3746065934159123,14.0,90,0.0,2.28,0.90630778703665,-0.4226182617406993,14.0,94,0.0,4.91,-0.8987940462991668,-0.4383711467890777,3.65,open-meteo,2026-08-08T09:59:26+00:00
2026-05-24 04:00:00+00:00,DE,onshore,14.0,91,14.0,7.25,0.0348994967025009,0.9993908270190958,15.2,93,28.0,4.52,-0.9510565162951536,0.3090169943749472,13.4,94,4.0,1.9,0.8191520442889917,-0.5735764363510462,14.2,95,19.0,5.17,-0.8910065241883678,-0.4539904997395469,3.8000000000000007,open-meteo,2026-08-08T09:59:26+00:00
2026-05-24 05:00:00+00:00,DE,onshore,14.0,90,93.0,6.49,-0.0871557427476583,0.9961946980917455,16.2,92,80.0,4.57,-0.5150380749100545,0.8571673007021121,13.6,100,60.0,1.74,0.9612616959383188,-0.275637355816999,16.7,91,110.0,5.6,-0.8386705679454242,-0.544639035015027,2.875,open-meteo,2026-08-08T09:59:26+00:00
2026-05-24 06:00:00+00:00,DE,onshore,14.7,84,218.0,4.8,0.0348994967025009,0.9993908270190958,18.1,85,202.0,3.92,0.0523359562429438,0.9986295347545738,16.7,89,174.0,1.9,0.9781476007338056,-0.2079116908177593,20.4,78,221.0,5.1,-0.9993908270190958,-0.0348994967025007,0.5249999999999986,open-meteo,2026-08-08T09:59:26+00:00
2026-05-24 07:00:00+00:00,DE,onshore,14.5,84,370.0,4.68,-0.2756373558169989,0.9612616959383188,19.2,82,381.0,3.76,-0.2588190451025207,0.9659258262890684,20.3,74,356.0,1.21,0.9702957262759964,0.2419218955996676,21.8,68,359.0,5.18,-0.9659258262890684,0.2588190451025203,0.9499999999999992,open-meteo,2026-08-08T09:59:26+00:00
2026-05-24 08:00:00+00:00,DE,onshore,14.3,83,511.0,4.74,-0.3090169943749477,0.9510565162951536,19.8,80,432.0,4.08,-0.1736481776669304,0.984807753012208,22.8,65,524.0,0.69,1.0,6.123233995736766e-17,22.4,69,530.0,4.4,-0.9335804264972016,0.3583679495453004,1.8250000000000028,open-meteo,2026-08-08T09:59:26+00:00
2026-05-24 09:00:00+00:00,DE,onshore,14.1,88,633.0,3.64,-0.4539904997395469,0.8910065241883678,21.6,70,545.0,4.64,-0.1218693434051472,0.992546151641322,25.2,55,668.0,0.69,0.7071067811865475,0.7071067811865476,23.9,62,618.0,4.71,-0.6819983600624984,0.7313537016191707,3.200000000000003,open-meteo,2026-08-08T09:59:26+00:00
2026-05-24 10:00:00+00:00,DE,onshore,14.3,85,717.0,5.28,-0.5150380749100545,0.8571673007021121,22.3,68,737.0,4.28,-0.2756373558169989,0.9612616959383188,27.4,45,779.0,1.71,0.5150380749100542,0.8571673007021123,24.9,60,729.0,6.18,-0.4539904997395469,0.8910065241883678,4.225000000000001,open-meteo,2026-08-08T09:59:26+00:00
2026-05-24 11:00:00+00:00,DE,onshore,14.2,85,762.0,6.41,-0.5591929034707466,0.8290375725550418,22.8,60,783.0,5.61,-0.4226182617406992,0.90630778703665,28.6,38,846.0,2.37,0.4999999999999999,0.8660254037844387,25.2,55,773.0,5.98,-0.3090169943749477,0.9510565162951536,4.699999999999999,open-meteo,2026-08-08T09:59:26+00:00
2026-05-24 12:00:00+00:00,DE,onshore,14.3,85,760.0,5.92,-0.5591929034707466,0.8290375725550418,22.5,61,790.0,6.28,-0.5591929034707466,0.8290375725550418,28.9,37,866.0,2.28,0.4226182617406994,0.90630778703665,25.5,53,679.0,5.23,-0.5000000000000004,0.8660254037844384,4.799999999999997,open-meteo,2026-08-08T09:59:26+00:00
2026-05-24 13:00:00+00:00,DE,onshore,14.2,84,755.0,6.41,-0.5591929034707466,0.8290375725550418,22.3,53,724.0,6.58,-0.6018150231520483,0.7986355100472928,29.4,33,813.0,2.89,0.4694715627858908,0.882947592858927,25.6,52,683.0,5.9,-0.5877852522924734,0.8090169943749473,4.875,open-meteo,2026-08-08T09:59:26+00:00
2026-05-24 14:00:00+00:00,DE,onshore,14.2,84,699.0,6.55,-0.5735764363510465,0.8191520442889916,22.0,58,663.0,7.15,-0.6560590289905074,0.7547095802227719,29.7,38,742.0,2.77,0.3907311284892737,0.9205048534524404,25.3,49,629.0,6.53,-0.4383711467890778,0.8987940462991668,4.800000000000001,open-meteo,2026-08-08T09:59:26+00:00
2026-05-24 15:00:00+00:00,DE,onshore,14.5,84,597.0,5.35,-0.5735764363510465,0.8191520442889916,21.4,52,551.0,7.18,-0.6293203910498378,0.7771459614569706,29.5,40,619.0,1.98,0.3420201433256687,0.9396926207859084,25.3,44,545.0,5.68,-0.3583679495453007,0.9335804264972016,4.675000000000001,open-meteo,2026-08-08T09:59:26+00:00
2026-05-24 16:00:00+00:00,DE,onshore,14.4,85,469.0,3.97,-0.544639035015027,0.838670567945424,20.4,53,434.0,6.79,-0.6819983600624984,0.7313537016191707,28.9,45,420.0,1.69,0.1736481776669303,0.984807753012208,24.8,47,416.0,5.68,-0.2588190451025207,0.9659258262890684,4.125,open-meteo,2026-08-08T09:59:26+00:00
2026-05-24 17:00:00+00:00,DE,onshore,14.3,84,323.0,3.54,-0.6691306063588581,0.7431448254773944,19.2,62,279.0,6.94,-0.5877852522924734,0.8090169943749473,28.2,50,272.0,2.11,0.224951054343865,0.9743700647852352,23.9,45,291.0,5.79,-0.0523359562429443,0.9986295347545738,3.3999999999999986,open-meteo,2026-08-08T09:59:26+00:00
2026-05-24 18:00:00+00:00,DE,onshore,14.6,83,182.0,3.4,-0.8386705679454243,0.5446390350150266,17.9,65,131.0,6.88,-0.4383711467890778,0.8987940462991668,26.7,62,141.0,1.58,-0.3746065934159123,0.9271838545667872,23.1,50,153.0,6.17,0.0174524064372835,0.9998476951563912,2.575000000000003,open-meteo,2026-08-08T09:59:26+00:00
2026-05-24 19:00:00+00:00,DE,onshore,14.3,84,65.0,4.24,-0.8290375725550416,0.559192903470747,15.9,74,36.0,7.05,-0.4539904997395469,0.8910065241883678,23.2,73,37.0,2.65,-0.6293203910498378,0.7771459614569706,19.9,57,37.0,6.37,0.5150380749100542,0.8571673007021123,0.3250000000000028,open-meteo,2026-08-08T09:59:26+00:00
2026-05-24 20:00:00+00:00,DE,onshore,14.2,84,5.0,4.33,-0.7880107536067218,0.6156614753256585,14.4,78,0.0,6.7,-0.4539904997395469,0.8910065241883678,21.7,63,0.0,4.81,-0.0697564737441256,0.9975640502598242,17.2,71,0.0,6.27,0.484809620246337,0.8746197071393957,1.125,open-meteo,2026-08-08T09:59:26+00:00
2026-05-24 21:00:00+00:00,DE,onshore,14.0,83,0.0,4.81,-0.8386705679454243,0.5446390350150266,13.7,84,0.0,6.67,-0.5000000000000004,0.8660254037844384,21.9,59,0.0,5.06,0.1564344650402308,0.9876883405951378,16.3,79,0.0,6.66,0.4383711467890774,0.898794046299167,1.525000000000002,open-meteo,2026-08-08T09:59:26+00:00
2026-05-24 22:00:00+00:00,DE,onshore,14.1,82,0.0,4.44,-0.7547095802227722,0.656059028990507,12.7,90,0.0,6.66,-0.6560590289905074,0.7547095802227719,20.5,64,0.0,5.48,0.4539904997395468,0.8910065241883679,15.2,84,0.0,6.02,0.374606593415912,0.9271838545667874,2.375,open-meteo,2026-08-08T09:59:26+00:00
2026-05-24 23:00:00+00:00,DE,onshore,14.1,83,0.0,4.37,-0.7193398003386512,0.6946583704589973,12.3,91,0.0,6.63,-0.6156614753256582,0.7880107536067221,21.7,62,0.0,7.14,0.6946583704589973,0.7193398003386512,14.3,88,0.0,4.8,0.3420201433256687,0.9396926207859084,2.400000000000002,open-meteo,2026-08-08T09:59:26+00:00
2026-05-25 00:00:00+00:00,DE,onshore,14.1,84,0.0,4.12,-0.7880107536067218,0.6156614753256585,11.4,92,0.0,6.33,-0.5735764363510465,0.8191520442889916,19.9,71,0.0,5.13,0.6819983600624985,0.7313537016191705,13.0,91,0.0,3.53,0.3255681544571567,0.9455185755993168,3.4000000000000004,open-meteo,2026-08-08T09:59:26+00:00
2026-05-25 01:00:00+00:00,DE,onshore,14.3,84,0.0,3.57,-0.7986355100472932,0.6018150231520479,10.8,93,0.0,5.91,-0.6427876096865396,0.7660444431189778,19.3,73,0.0,5.27,0.6691306063588582,0.7431448254773942,12.1,92,0.0,2.33,0.374606593415912,0.9271838545667874,3.8749999999999982,open-meteo,2026-08-08T09:59:26+00:00
2026-05-25 02:00:00+00:00,DE,onshore,14.3,85,0.0,3.43,-0.8571673007021123,0.5150380749100542,10.6,93,0.0,5.43,-0.7771459614569708,0.6293203910498375,18.5,75,0.0,4.37,0.6946583704589973,0.7193398003386512,11.3,93,0.0,1.58,0.1218693434051474,0.992546151641322,4.324999999999999,open-meteo,2026-08-08T09:59:26+00:00
2026-05-25 03:00:00+00:00,DE,onshore,14.3,85,0.0,2.88,-0.8191520442889918,0.573576436351046,10.5,94,0.0,5.21,-0.9396926207859084,0.342020143325669,16.9,84,0.0,3.03,0.8746197071393957,0.4848096202463371,10.5,95,0.0,1.15,-0.3420201433256686,0.9396926207859084,4.949999999999999,open-meteo,2026-08-08T09:59:26+00:00
2026-05-25 04:00:00+00:00,DE,onshore,14.4,85,14.0,2.68,-0.9135454576426012,0.4067366430757997,10.9,94,31.0,5.86,-0.9335804264972016,0.3583679495453004,15.6,90,4.0,2.08,0.9455185755993168,0.3255681544571567,10.5,95,20.0,0.97,-0.7071067811865477,0.7071067811865474,5.15,open-meteo,2026-08-08T09:59:26+00:00
2026-05-25 05:00:00+00:00,DE,onshore,14.5,85,93.0,2.51,-0.9335804264972016,0.3583679495453004,12.6,90,128.0,5.52,-0.9063077870366498,0.4226182617406996,16.6,87,68.0,2.1,0.7986355100472928,0.6018150231520483,12.3,93,109.0,1.21,-0.9702957262759966,0.2419218955996674,4.0,open-meteo,2026-08-08T09:59:26+00:00
2026-05-25 06:00:00+00:00,DE,onshore,14.9,83,218.0,2.08,-0.9902680687415704,0.1391731009600654,14.6,82,263.0,4.3,-0.9781476007338056,0.2079116908177594,19.9,71,195.0,2.43,0.6819983600624985,0.7313537016191705,16.1,76,242.0,1.29,-0.9876883405951378,0.1564344650402306,1.625,open-meteo,2026-08-08T09:59:26+00:00
2026-05-25 07:00:00+00:00,DE,onshore,15.0,83,360.0,1.69,-0.984807753012208,-0.1736481776669303,16.3,77,412.0,3.54,-0.9702957262759966,0.2419218955996674,21.3,62,361.0,1.98,0.5446390350150271,0.838670567945424,18.3,66,394.0,0.71,-0.8290375725550416,0.559192903470747,0.2749999999999986,open-meteo,2026-08-08T09:59:26+00:00
2026-05-25 08:00:00+00:00,DE,onshore,15.2,81,503.0,2.01,-0.7313537016191703,-0.6819983600624986,18.1,70,554.0,4.25,-0.9902680687415704,0.1391731009600654,22.9,59,525.0,2.1,0.6018150231520483,0.7986355100472928,20.0,60,539.0,1.18,-0.6691306063588581,0.7431448254773944,1.0499999999999972,open-meteo,2026-08-08T09:59:26+00:00
2026-05-25 09:00:00+00:00,DE,onshore,15.6,80,629.0,2.85,-0.4539904997395467,-0.8910065241883679,19.7,56,671.0,5.31,-0.9975640502598244,0.0697564737441252,24.9,52,667.0,1.94,0.754709580222772,0.6560590289905073,21.6,53,664.0,1.2,-0.8191520442889918,0.573576436351046,2.45,open-meteo,2026-08-08T09:59:26+00:00
2026-05-25 10:00:00+00:00,DE,onshore,16.2,79,725.0,3.33,-0.6819983600624984,-0.7313537016191706,20.8,51,760.0,5.8,-0.9612616959383188,0.2756373558169994,26.7,49,777.0,2.02,0.6293203910498374,0.7771459614569709,22.8,50,756.0,1.98,-0.8386705679454243,0.5446390350150266,3.625,open-meteo,2026-08-08T09:59:26+00:00
2026-05-25 11:00:00+00:00,DE,onshore,16.5,79,789.0,3.67,-0.7193398003386512,-0.6946583704589973,21.7,46,807.0,5.73,-0.9563047559630354,0.2923717047227367,28.4,44,845.0,2.72,0.4999999999999999,0.8660254037844387,23.9,47,803.0,1.88,-0.7771459614569708,0.6293203910498375,4.625,open-meteo,2026-08-08T09:59:26+00:00
2026-05-25 12:00:00+00:00,DE,onshore,17.1,76,812.0,3.9,-0.7771459614569706,-0.6293203910498378,22.2,46,809.0,5.33,-0.9563047559630354,0.2923717047227367,28.6,41,865.0,2.37,0.6156614753256583,0.7880107536067219,24.7,44,809.0,2.77,-0.7071067811865477,0.7071067811865474,5.150000000000002,open-meteo,2026-08-08T09:59:26+00:00
2026-05-25 13:00:00+00:00,DE,onshore,17.0,75,788.0,4.75,-0.9271838545667872,-0.3746065934159123,22.6,47,765.0,5.15,-0.9335804264972016,0.3583679495453004,29.3,35,836.0,2.42,0.5299192642332049,0.848048096156426,25.4,40,777.0,2.91,-0.7431448254773946,0.6691306063588578,5.575000000000003,open-meteo,2026-08-08T09:59:26+00:00
2026-05-25 14:00:00+00:00,DE,onshore,17.1,75,719.0,4.8,-0.9563047559630352,-0.2923717047227371,22.9,51,683.0,5.08,-0.945518575599317,0.3255681544571563,29.7,32,759.0,2.86,0.5150380749100542,0.8571673007021123,25.9,37,699.0,3.14,-0.7771459614569708,0.6293203910498375,5.899999999999999,open-meteo,2026-08-08T09:59:26+00:00
2026-05-25 15:00:00+00:00,DE,onshore,17.6,76,610.0,5.21,-0.9975640502598244,0.0697564737441252,23.0,49,570.0,5.4,-0.9271838545667874,0.3746065934159119,29.5,32,641.0,2.64,0.374606593415912,0.9271838545667874,26.1,40,588.0,2.88,-0.8191520442889918,0.573576436351046,6.049999999999997,open-meteo,2026-08-08T09:59:26+00:00
2026-05-25 16:00:00+00:00,DE,onshore,17.2,75,476.0,5.2,-0.9993908270190958,0.0348994967025012,22.7,48,435.0,5.78,-0.898794046299167,0.4383711467890774,29.1,31,492.0,3.47,0.2756373558169991,0.9612616959383188,25.8,33,451.0,3.74,-0.7313537016191703,0.6819983600624987,5.699999999999999,open-meteo,2026-08-08T09:59:26+00:00
2026-05-25 17:00:00+00:00,DE,onshore,16.9,74,331.0,5.6,-0.9975640502598244,0.0697564737441252,21.9,47,289.0,6.4,-0.7660444431189781,0.6427876096865393,28.3,30,329.0,3.08,0.1564344650402308,0.9876883405951378,25.1,33,303.0,3.45,-0.8191520442889918,0.573576436351046,5.049999999999997,open-meteo,2026-08-08T09:59:26+00:00
2026-05-25 18:00:00+00:00,DE,onshore,17.6,74,187.0,5.04,-0.9902680687415704,0.1391731009600654,21.2,42,148.0,6.58,-0.6946583704589976,0.7193398003386509,27.3,37,169.0,2.11,0.374606593415912,0.9271838545667874,24.4,42,155.0,3.81,-0.7193398003386512,0.6946583704589973,4.625,open-meteo,2026-08-08T09:59:26+00:00
2026-05-25 19:00:00+00:00,DE,onshore,16.7,78,69.0,5.52,-0.9781476007338056,0.2079116908177594,18.1,55,40.0,5.75,-0.7193398003386512,0.6946583704589973,23.8,53,42.0,3.29,0.8910065241883679,0.4539904997395468,21.4,55,42.0,3.74,-0.6819983600624984,0.7313537016191707,2.0,open-meteo,2026-08-08T09:59:26+00:00
2026-05-25 20:00:00+00:00,DE,onshore,16.2,79,6.0,5.99,-0.9335804264972016,0.3583679495453004,16.5,62,0.0,5.61,-0.8746197071393956,0.4848096202463373,22.1,56,0.0,2.45,0.7986355100472928,0.6018150231520483,18.6,68,0.0,5.06,-0.7193398003386512,0.6946583704589973,0.3500000000000014,open-meteo,2026-08-08T09:59:26+00:00
2026-05-25 21:00:00+00:00,DE,onshore,16.5,78,0.0,5.65,-0.9876883405951378,0.1564344650402306,15.3,74,0.0,6.35,-0.9396926207859084,0.342020143325669,19.7,60,0.0,2.1,0.6018150231520483,0.7986355100472928,17.2,74,0.0,6.3,-0.3583679495453007,0.9335804264972016,0.8249999999999993,open-meteo,2026-08-08T09:59:26+00:00
2026-05-25 22:00:00+00:00,DE,onshore,16.3,78,0.0,5.4,-0.9781476007338056,0.2079116908177594,14.8,78,0.0,6.94,-0.9612616959383188,0.2756373558169994,19.0,62,0.0,2.71,0.754709580222772,0.6560590289905073,16.2,74,0.0,5.7,-0.4067366430758001,0.9135454576426008,1.4250000000000007,open-meteo,2026-08-08T09:59:26+00:00
2026-05-25 23:00:00+00:00,DE,onshore,16.0,80,0.0,5.86,-0.984807753012208,0.1736481776669299,14.4,81,0.0,7.44,-0.9510565162951536,0.3090169943749472,18.8,63,0.0,2.36,0.7431448254773942,0.6691306063588582,15.0,81,0.0,4.74,-0.4067366430758001,0.9135454576426008,1.9499999999999995,open-meteo,2026-08-08T09:59:26+00:00
2026-05-26 00:00:00+00:00,DE,onshore,16.3,79,0.0,6.76,-0.9998476951563912,0.0174524064372831,13.9,85,0.0,9.29,-0.9702957262759966,0.2419218955996674,18.3,63,0.0,2.7,0.7193398003386511,0.6946583704589973,13.3,91,0.0,3.77,-0.4694715627858908,0.882947592858927,2.5500000000000007,open-meteo,2026-08-08T09:59:26+00:00
2026-05-26 01:00:00+00:00,DE,onshore,16.1,80,0.0,7.06,-0.9986295347545738,0.0523359562429439,13.6,88,0.0,9.24,-0.9335804264972016,0.3583679495453004,17.0,67,0.0,2.92,0.766044443118978,0.6427876096865394,12.9,92,0.0,3.76,-0.7771459614569708,0.6293203910498375,3.1,open-meteo,2026-08-08T09:59:26+00:00
2026-05-26 02:00:00+00:00,DE,onshore,15.9,82,0.0,7.11,-0.992546151641322,0.1218693434051476,13.1,91,0.0,8.5,-0.8910065241883679,0.4539904997395466,16.5,67,0.0,2.47,0.8290375725550417,0.5591929034707468,12.3,93,0.0,4.03,-0.8746197071393956,0.4848096202463373,3.5500000000000007,open-meteo,2026-08-08T09:59:26+00:00
2026-05-26 03:00:00+00:00,DE,onshore,15.9,83,0.0,6.67,-0.9986295347545738,0.0523359562429439,13.1,88,0.0,8.44,-0.9271838545667874,0.3746065934159119,15.2,77,0.0,2.33,0.9659258262890684,0.2588190451025207,11.3,94,0.0,4.12,-0.9063077870366498,0.4226182617406996,4.125,open-meteo,2026-08-08T09:59:26+00:00
2026-05-26 04:00:00+00:00,DE,onshore,15.9,84,16.0,6.17,-0.9998476951563912,-0.0174524064372834,13.3,88,33.0,7.88,-0.9335804264972016,0.3583679495453004,13.8,86,4.0,2.06,0.9986295347545738,-0.0523359562429438,11.5,93,21.0,4.17,-0.9135454576426012,0.4067366430757997,4.375,open-meteo,2026-08-08T09:59:26+00:00
2026-05-26 05:00:00+00:00,DE,onshore,15.9,84,96.0,5.4,-0.9986295347545738,-0.0523359562429443,14.8,82,134.0,7.32,-0.9396926207859084,0.342020143325669,14.9,86,72.0,2.14,0.9612616959383188,-0.275637355816999,14.0,86,114.0,3.61,-0.9743700647852352,0.2249510543438649,3.1,open-meteo,2026-08-08T09:59:26+00:00
2026-05-26 06:00:00+00:00,DE,onshore,16.7,82,223.0,5.59,-0.9271838545667872,-0.3746065934159123,17.0,73,272.0,6.75,-0.9743700647852352,0.2249510543438649,18.7,71,203.0,1.57,0.9975640502598242,0.0697564737441252,18.1,70,249.0,3.78,-0.9563047559630354,0.2923717047227367,0.375,open-meteo,2026-08-08T09:59:26+00:00
2026-05-26 07:00:00+00:00,DE,onshore,16.5,82,369.0,5.68,-0.848048096156426,-0.529919264233205,19.0,67,423.0,5.72,-0.992546151641322,0.1218693434051476,21.3,60,367.0,1.18,0.9961946980917455,-0.0871557427476582,20.9,61,402.0,2.07,-0.9961946980917455,0.0871557427476578,1.4249999999999972,open-meteo,2026-08-08T09:59:26+00:00
2026-05-26 08:00:00+00:00,DE,onshore,16.6,80,508.0,7.05,-0.7880107536067221,-0.6156614753256581,20.9,63,566.0,5.7,-0.9961946980917455,0.0871557427476578,23.4,55,530.0,1.47,0.9975640502598242,0.0697564737441252,23.2,54,551.0,2.75,-0.9975640502598244,0.0697564737441252,3.0249999999999986,open-meteo,2026-08-08T09:59:26+00:00
2026-05-26 09:00:00+00:00,DE,onshore,17.5,80,630.0,7.45,-0.8191520442889916,-0.5735764363510464,22.7,53,683.0,6.38,-0.9975640502598244,0.0697564737441252,25.6,43,672.0,1.62,0.9702957262759964,0.2419218955996676,25.3,45,678.0,2.97,-0.9902680687415704,0.1391731009600654,4.775000000000002,open-meteo,2026-08-08T09:59:26+00:00
2026-05-26 10:00:00+00:00,DE,onshore,17.6,79,726.0,7.56,-0.8571673007021121,-0.5150380749100544,24.4,50,768.0,6.81,-0.992546151641322,0.1218693434051476,27.6,39,786.0,2.02,0.9702957262759964,0.2419218955996676,26.9,40,771.0,3.08,-0.9876883405951378,0.1564344650402306,6.125,open-meteo,2026-08-08T09:59:26+00:00
2026-05-26 11:00:00+00:00,DE,onshore,17.6,80,790.0,9.46,-0.961261695938319,-0.2756373558169989,25.7,47,817.0,7.12,-0.9902680687415704,0.1391731009600654,29.3,33,853.0,2.36,0.9961946980917455,0.0871557427476581,28.1,36,825.0,3.38,-0.984807753012208,0.1736481776669299,7.174999999999997,open-meteo,2026-08-08T09:59:26+00:00
2026-05-26 12:00:00+00:00,DE,onshore,18.9,72,805.0,12.84,-0.9781476007338056,-0.2079116908177598,26.1,47,819.0,7.15,-0.9998476951563912,0.0174524064372831,30.1,32,869.0,1.71,0.9743700647852352,0.2249510543438649,28.7,36,833.0,3.34,-0.9986295347545738,0.0523359562429439,7.949999999999999,open-meteo,2026-08-08T09:59:26+00:00
2026-05-26 13:00:00+00:00,DE,onshore,18.1,74,780.0,13.06,-0.9975640502598242,-0.0697564737441255,26.9,46,780.0,7.81,-0.9902680687415704,-0.1391731009600658,30.7,32,837.0,1.71,0.8571673007021123,0.5150380749100542,29.5,34,794.0,3.84,-0.9945218953682734,-0.1045284632676533,8.3,open-meteo,2026-08-08T09:59:26+00:00
2026-05-26 14:00:00+00:00,DE,onshore,16.9,78,709.0,12.71,-0.9876883405951378,0.1564344650402306,27.3,39,699.0,8.73,-0.9986295347545738,-0.0523359562429443,31.0,31,759.0,2.31,0.5877852522924731,0.8090169943749475,29.8,30,717.0,4.77,-0.9876883405951375,-0.156434465040231,8.25,open-meteo,2026-08-08T09:59:26+00:00
2026-05-26 15:00:00+00:00,DE,onshore,17.4,80,603.0,11.4,-0.9510565162951536,0.3090169943749472,27.5,37,584.0,9.33,-0.9975640502598242,-0.0697564737441255,30.8,30,640.0,2.5,0.4383711467890774,0.898794046299167,29.9,30,604.0,5.4,-0.9986295347545738,-0.0523359562429443,8.399999999999999,open-meteo,2026-08-08T09:59:26+00:00
2026-05-26 16:00:00+00:00,DE,onshore,15.9,87,471.0,9.64,-0.8829475928589271,0.4694715627858904,27.4,39,445.0,9.61,-0.9993908270190958,-0.0348994967025007,30.3,31,493.0,1.93,0.4999999999999999,0.8660254037844387,29.6,33,463.0,5.89,-0.9986295347545738,0.0523359562429439,7.799999999999997,open-meteo,2026-08-08T09:59:26+00:00
2026-05-26 17:00:00+00:00,DE,onshore,15.3,89,326.0,9.21,-0.7071067811865477,0.7071067811865474,27.1,39,298.0,9.35,-0.9961946980917455,0.0871557427476578,29.6,32,329.0,2.26,0.0871557427476581,0.9961946980917455,28.8,35,310.0,5.98,-0.9998476951563912,0.0174524064372831,7.199999999999999,open-meteo,2026-08-08T09:59:26+00:00
2026-05-26 18:00:00+00:00,DE,onshore,15.7,89,185.0,9.18,-0.5591929034707466,0.8290375725550418,25.6,42,156.0,9.82,-0.9975640502598244,0.0697564737441252,28.2,42,167.0,2.55,-2.4492935982947064e-16,1.0,27.6,40,161.0,6.19,-0.9961946980917455,-0.0871557427476582,6.274999999999999,open-meteo,2026-08-08T09:59:26+00:00
2026-05-26 19:00:00+00:00,DE,onshore,15.2,90,69.0,9.45,-0.3255681544571567,0.9455185755993168,23.0,50,43.0,9.54,-0.9961946980917455,0.0871557427476578,24.3,55,44.0,2.16,-0.0523359562429443,0.9986295347545738,23.7,55,45.0,6.73,-0.961261695938319,-0.2756373558169989,3.5500000000000007,open-meteo,2026-08-08T09:59:26+00:00
2026-05-26 20:00:00+00:00,DE,onshore,15.0,85,6.0,10.09,-0.1908089953765446,0.981627183447664,20.6,62,0.0,9.43,-0.8191520442889918,0.573576436351046,22.3,56,0.0,1.01,-0.4848096202463369,0.8746197071393959,21.4,62,0.0,8.52,-0.9876883405951375,-0.156434465040231,1.8250000000000028,open-meteo,2026-08-08T09:59:26+00:00
2026-05-26 21:00:00+00:00,DE,onshore,15.1,83,0.0,11.0,-0.1564344650402311,0.9876883405951375,20.7,57,0.0,10.22,-0.8290375725550416,0.559192903470747,22.4,55,0.0,0.35,-0.8290375725550416,0.559192903470747,21.0,70,0.0,8.54,-0.9986295347545738,-0.0523359562429443,1.7999999999999972,open-meteo,2026-08-08T09:59:26+00:00
2026-05-26 22:00:00+00:00,DE,onshore,14.8,79,0.0,10.35,-0.1218693434051472,0.992546151641322,19.2,71,0.0,10.37,-0.7771459614569708,0.6293203910498375,20.8,62,0.0,0.31,-0.9510565162951536,0.3090169943749472,20.0,74,0.0,8.73,-0.9876883405951378,0.1564344650402306,0.6999999999999993,open-meteo,2026-08-08T09:59:26+00:00
2026-05-26 23:00:00+00:00,DE,onshore,14.3,82,0.0,10.37,-0.1218693434051472,0.992546151641322,17.7,79,0.0,9.01,-0.6946583704589976,0.7193398003386509,19.1,71,0.0,0.35,-0.8290375725550416,0.559192903470747,19.0,79,0.0,7.96,-0.6156614753256582,0.7880107536067221,0.4750000000000014,open-meteo,2026-08-08T09:59:26+00:00
2026-05-27 00:00:00+00:00,DE,onshore,14.0,78,0.0,9.67,-0.2249510543438653,0.9743700647852352,16.6,86,0.0,8.37,-0.6156614753256582,0.7880107536067221,17.9,83,0.0,0.2,1.2246467991473532e-16,-1.0,18.9,76,0.0,8.33,-0.6018150231520483,0.7986355100472928,1.1499999999999986,open-meteo,2026-08-08T09:59:26+00:00
2026-05-27 01:00:00+00:00,DE,onshore,13.6,78,0.0,10.22,-0.3090169943749477,0.9510565162951536,15.6,85,0.0,8.91,-0.544639035015027,0.838670567945424,18.3,80,0.0,0.6,-0.9876883405951378,0.1564344650402306,17.8,76,0.0,8.89,-0.529919264233205,0.8480480961564258,1.6750000000000007,open-meteo,2026-08-08T09:59:26+00:00
2026-05-27 02:00:00+00:00,DE,onshore,13.0,86,0.0,11.05,-0.2249510543438653,0.9743700647852352,14.1,81,0.0,8.59,-0.5735764363510465,0.8191520442889916,17.4,81,0.0,0.71,-0.9612616959383188,0.2756373558169994,16.7,81,0.0,8.11,-0.4694715627858908,0.882947592858927,2.7,open-meteo,2026-08-08T09:59:26+00:00
2026-05-27 03:00:00+00:00,DE,onshore,12.9,75,0.0,10.55,-0.1736481776669304,0.984807753012208,13.0,65,0.0,9.7,-0.544639035015027,0.838670567945424,16.5,88,0.0,0.22,-0.8910065241883679,0.4539904997395466,16.1,85,0.0,8.33,-0.4694715627858908,0.882947592858927,3.375,open-meteo,2026-08-08T09:59:26+00:00
2026-05-27 04:00:00+00:00,DE,onshore,12.5,64,13.0,10.88,-0.1908089953765446,0.981627183447664,12.4,75,36.0,9.09,-0.6018150231520483,0.7986355100472928,16.1,88,5.0,0.29,-2.4492935982947064e-16,1.0,15.7,81,22.0,7.94,-0.4067366430758001,0.9135454576426008,3.8249999999999993,open-meteo,2026-08-08T09:59:26+00:00
2026-05-27 05:00:00+00:00,DE,onshore,12.7,81,82.0,10.94,-0.1736481776669304,0.984807753012208,12.4,73,140.0,9.43,-0.544639035015027,0.838670567945424,17.0,87,71.0,1.0,-0.981627183447664,-0.1908089953765446,15.6,65,117.0,7.9,-0.3907311284892739,0.9205048534524404,3.575,open-meteo,2026-08-08T09:59:26+00:00
2026-05-27 06:00:00+00:00,DE,onshore,12.5,78,186.0,10.63,-0.0871557427476583,0.9961946980917455,13.2,69,286.0,8.13,-0.5150380749100545,0.8571673007021121,20.3,72,173.0,1.95,-0.9510565162951536,0.3090169943749472,16.0,61,256.0,7.25,-0.3255681544571567,0.9455185755993168,2.5,open-meteo,2026-08-08T09:59:26+00:00
2026-05-27 07:00:00+00:00,DE,onshore,12.5,78,311.0,9.05,-0.0871557427476583,0.9961946980917455,14.1,66,445.0,7.28,-0.544639035015027,0.838670567945424,23.3,63,336.0,1.76,-1.0,-1.8369701987210287e-16,16.6,55,408.0,6.01,-0.3255681544571567,0.9455185755993168,1.375,open-meteo,2026-08-08T09:59:26+00:00
2026-05-27 08:00:00+00:00,DE,onshore,12.4,68,386.0,8.92,-0.1564344650402311,0.9876883405951375,15.2,62,585.0,7.07,-0.6018150231520483,0.7986355100472928,25.6,52,531.0,2.89,-0.9135454576426012,0.4067366430757997,17.5,49,557.0,5.43,-0.4694715627858908,0.882947592858927,0.3249999999999993,open-meteo,2026-08-08T09:59:26+00:00
2026-05-27 09:00:00+00:00,DE,onshore,12.5,68,544.0,7.18,-0.2419218955996678,0.9702957262759964,16.2,56,694.0,7.39,-0.6293203910498378,0.7771459614569706,26.9,48,678.0,2.86,-0.6156614753256582,0.7880107536067221,18.9,38,687.0,5.87,-0.544639035015027,0.838670567945424,0.625,open-meteo,2026-08-08T09:59:26+00:00
2026-05-27 10:00:00+00:00,DE,onshore,12.5,72,648.0,7.2,-0.3746065934159123,0.9271838545667872,17.1,52,779.0,7.7,-0.6018150231520483,0.7986355100472928,28.5,39,788.0,2.5,-0.1908089953765446,0.981627183447664,20.1,35,790.0,5.95,-0.544639035015027,0.838670567945424,1.5500000000000007,open-meteo,2026-08-08T09:59:26+00:00
2026-05-27 11:00:00+00:00,DE,onshore,12.5,76,726.0,8.06,-0.4383711467890778,0.8987940462991668,17.9,47,833.0,7.99,-0.544639035015027,0.838670567945424,29.8,35,842.0,3.04,-0.0697564737441256,0.9975640502598242,21.0,36,847.0,6.17,-0.544639035015027,0.838670567945424,2.3000000000000007,open-meteo,2026-08-08T09:59:26+00:00
2026-05-27 12:00:00+00:00,DE,onshore,12.7,73,744.0,8.2,-0.4848096202463369,0.8746197071393959,18.2,46,851.0,7.6,-0.6156614753256582,0.7880107536067221,29.9,37,860.0,3.68,-0.4226182617406992,0.90630778703665,21.3,35,848.0,6.43,-0.6156614753256582,0.7880107536067221,2.5249999999999986,open-meteo,2026-08-08T09:59:26+00:00
2026-05-27 13:00:00+00:00,DE,onshore,13.0,77,742.0,8.9,-0.4694715627858908,0.882947592858927,18.4,43,812.0,7.64,-0.5877852522924734,0.8090169943749473,29.5,40,746.0,5.3,-0.4226182617406992,0.90630778703665,21.8,33,807.0,5.93,-0.5150380749100545,0.8571673007021121,2.6750000000000007,open-meteo,2026-08-08T09:59:26+00:00
2026-05-27 14:00:00+00:00,DE,onshore,13.2,74,701.0,9.51,-0.4383711467890778,0.8987940462991668,18.4,44,733.0,7.97,-0.529919264233205,0.8480480961564258,30.6,28,568.0,3.15,0.0871557427476581,0.9961946980917455,22.1,32,742.0,6.34,-0.529919264233205,0.8480480961564258,3.075000000000003,open-meteo,2026-08-08T09:59:26+00:00
2026-05-27 15:00:00+00:00,DE,onshore,13.3,76,620.0,9.42,-0.4694715627858908,0.882947592858927,18.1,40,613.0,7.88,-0.529919264233205,0.8480480961564258,30.0,24,550.0,4.17,-0.1564344650402311,0.9876883405951375,21.9,29,626.0,6.9,-0.3907311284892739,0.9205048534524404,2.825000000000003,open-meteo,2026-08-08T09:59:26+00:00
2026-05-27 16:00:00+00:00,DE,onshore,13.2,78,500.0,10.41,-0.3907311284892739,0.9205048534524404,17.0,46,465.0,7.94,-0.544639035015027,0.838670567945424,28.8,34,486.0,6.73,-0.1391731009600658,0.9902680687415704,21.2,29,484.0,6.78,-0.1908089953765446,0.981627183447664,2.0500000000000007,open-meteo,2026-08-08T09:59:26+00:00
2026-05-27 17:00:00+00:00,DE,onshore,13.0,76,349.0,10.09,-0.4067366430758001,0.9135454576426008,16.1,49,289.0,7.86,-0.5877852522924734,0.8090169943749473,27.6,35,286.0,7.33,0.1391731009600654,0.9902680687415704,20.4,30,329.0,6.94,-0.2756373558169989,0.9612616959383188,1.2749999999999986,open-meteo,2026-08-08T09:59:26+00:00
2026-05-27 18:00:00+00:00,DE,onshore,12.7,79,198.0,10.13,-0.3255681544571567,0.9455185755993168,15.5,52,157.0,7.85,-0.544639035015027,0.838670567945424,26.0,45,175.0,6.11,0.2756373558169991,0.9612616959383188,19.6,39,173.0,5.0,0.0348994967025009,0.9993908270190958,0.4500000000000028,open-meteo,2026-08-08T09:59:26+00:00
2026-05-27 19:00:00+00:00,DE,onshore,12.8,73,71.0,10.39,-0.2756373558169989,0.9612616959383188,13.6,61,45.0,6.49,-0.6156614753256582,0.7880107536067221,23.7,54,46.0,6.44,0.4694715627858908,0.882947592858927,16.9,53,49.0,5.61,0.6946583704589973,0.7193398003386512,1.25,open-meteo,2026-08-08T09:59:26+00:00
2026-05-27 20:00:00+00:00,DE,onshore,12.8,79,7.0,10.08,-0.2756373558169989,0.9612616959383188,12.1,68,1.0,5.9,-0.7431448254773946,0.6691306063588578,22.3,54,0.0,7.41,0.4383711467890774,0.898794046299167,14.4,54,1.0,5.33,0.7193398003386511,0.6946583704589973,2.6,open-meteo,2026-08-08T09:59:26+00:00
2026-05-27 21:00:00+00:00,DE,onshore,12.6,70,0.0,9.08,-0.2419218955996678,0.9702957262759964,11.0,77,0.0,6.37,-0.8571673007021123,0.5150380749100542,21.7,56,0.0,6.42,0.3583679495453002,0.9335804264972016,13.0,66,0.0,5.31,0.6156614753256583,0.7880107536067219,3.4250000000000007,open-meteo,2026-08-08T09:59:26+00:00
2026-05-27 22:00:00+00:00,DE,onshore,12.5,80,0.0,8.99,-0.1908089953765446,0.981627183447664,10.3,80,0.0,6.84,-0.7880107536067218,0.6156614753256585,19.9,60,0.0,6.7,0.6156614753256583,0.7880107536067219,12.2,71,0.0,3.44,0.3420201433256687,0.9396926207859084,4.274999999999999,open-meteo,2026-08-08T09:59:26+00:00
2026-05-27 23:00:00+00:00,DE,onshore,12.1,81,0.0,8.42,-0.2079116908177598,0.9781476007338056,9.7,83,0.0,6.51,-0.7193398003386512,0.6946583704589973,18.9,60,0.0,5.74,0.6018150231520483,0.7986355100472928,10.6,80,0.0,2.85,-0.0697564737441256,0.9975640502598242,5.175000000000001,open-meteo,2026-08-08T09:59:26+00:00
2026-05-28 00:00:00+00:00,DE,onshore,12.1,70,0.0,7.75,-0.2249510543438653,0.9743700647852352,8.6,85,0.0,6.94,-0.7431448254773946,0.6691306063588578,18.1,60,0.0,5.35,0.573576436351046,0.8191520442889918,9.3,89,0.0,4.0,-0.5150380749100545,0.8571673007021121,5.975000000000001,open-meteo,2026-08-08T09:59:26+00:00
2026-05-28 01:00:00+00:00,DE,onshore,11.7,84,0.0,7.75,-0.2756373558169989,0.9612616959383188,8.2,89,0.0,6.81,-0.7660444431189781,0.6427876096865393,16.8,66,0.0,4.79,0.6560590289905073,0.754709580222772,8.7,91,0.0,4.25,-0.7880107536067218,0.6156614753256585,6.649999999999999,open-meteo,2026-08-08T09:59:26+00:00
2026-05-28 02:00:00+00:00,DE,onshore,12.0,83,0.0,6.91,-0.3090169943749477,0.9510565162951536,7.8,92,0.0,6.9,-0.6293203910498378,0.7771459614569706,15.7,71,0.0,4.02,0.7071067811865475,0.7071067811865476,7.9,88,0.0,5.13,-0.6691306063588581,0.7431448254773944,7.15,open-meteo,2026-08-08T09:59:26+00:00
2026-05-28 03:00:00+00:00,DE,onshore,11.7,74,0.0,6.54,-0.4067366430758001,0.9135454576426008,7.7,92,0.0,7.83,-0.6946583704589976,0.7193398003386509,14.8,71,0.0,3.81,0.6946583704589973,0.7193398003386512,7.8,87,0.0,6.92,-0.6156614753256582,0.7880107536067221,7.5,open-meteo,2026-08-08T09:59:26+00:00
2026-05-28 04:00:00+00:00,DE,onshore,11.5,82,12.0,6.58,-0.4226182617406992,0.90630778703665,8.4,88,38.0,7.97,-0.529919264233205,0.8480480961564258,13.9,76,6.0,3.14,0.6293203910498374,0.7771459614569709,7.7,89,24.0,6.76,-0.6293203910498378,0.7771459614569706,7.625,open-meteo,2026-08-08T09:59:26+00:00
2026-05-28 05:00:00+00:00,DE,onshore,11.7,72,71.0,6.42,-0.3583679495453007,0.9335804264972016,9.8,85,146.0,6.51,-0.6018150231520483,0.7986355100472928,14.6,78,77.0,2.67,0.4694715627858908,0.882947592858927,9.0,84,123.0,5.56,-0.6560590289905074,0.7547095802227719,6.725,open-meteo,2026-08-08T09:59:26+00:00
2026-05-28 06:00:00+00:00,DE,onshore,11.7,78,183.0,5.4,-0.3746065934159123,0.9271838545667872,11.7,78,291.0,4.95,-0.5591929034707466,0.8290375725550418,17.4,59,211.0,1.67,0.4694715627858908,0.882947592858927,11.1,76,266.0,3.96,-0.7660444431189781,0.6427876096865393,5.025,open-meteo,2026-08-08T09:59:26+00:00
2026-05-28 07:00:00+00:00,DE,onshore,12.1,79,289.0,4.57,-0.5735764363510465,0.8191520442889916,13.0,71,448.0,4.94,-0.6293203910498378,0.7771459614569706,18.9,56,373.0,1.36,0.3583679495453002,0.9335804264972016,12.8,71,424.0,3.78,-0.6018150231520483,0.7986355100472928,3.8000000000000007,open-meteo,2026-08-08T09:59:26+00:00
2026-05-28 08:00:00+00:00,DE,onshore,12.6,76,416.0,4.92,-0.7313537016191703,0.6819983600624987,14.2,66,576.0,4.5,-0.7193398003386512,0.6946583704589973,20.5,53,534.0,1.84,0.4226182617406994,0.90630778703665,14.5,65,567.0,3.67,-0.7193398003386512,0.6946583704589973,2.5500000000000007,open-meteo,2026-08-08T09:59:26+00:00
2026-05-28 09:00:00+00:00,DE,onshore,12.6,78,552.0,5.57,-0.6293203910498378,0.7771459614569706,15.4,63,693.0,3.89,-0.5591929034707466,0.8290375725550418,22.4,45,678.0,2.2,0.3583679495453002,0.9335804264972016,16.0,54,681.0,4.03,-0.6560590289905074,0.7547095802227719,1.3999999999999986,open-meteo,2026-08-08T09:59:26+00:00
2026-05-28 10:00:00+00:00,DE,onshore,12.7,78,646.0,4.78,-0.7193398003386512,0.6946583704589973,16.5,54,710.0,3.92,-0.2249510543438653,0.9743700647852352,23.7,40,790.0,2.19,0.4539904997395468,0.8910065241883679,17.3,47,793.0,4.51,-0.7431448254773946,0.6691306063588578,0.4499999999999993,open-meteo,2026-08-08T09:59:26+00:00
2026-05-28 11:00:00+00:00,DE,onshore,12.7,78,628.0,4.71,-0.7313537016191703,0.6819983600624987,17.9,46,784.0,3.78,-0.2923717047227371,0.9563047559630352,24.9,34,858.0,2.41,0.4539904997395468,0.8910065241883679,18.6,40,852.0,4.52,-0.6560590289905074,0.7547095802227719,0.5249999999999986,open-meteo,2026-08-08T09:59:26+00:00
2026-05-28 12:00:00+00:00,DE,onshore,12.6,75,670.0,3.67,-0.6946583704589976,0.7193398003386509,18.5,44,768.0,3.68,-0.4226182617406992,0.90630778703665,25.3,33,879.0,2.46,0.3907311284892737,0.9205048534524404,19.4,39,860.0,4.3,-0.7313537016191703,0.6819983600624987,0.9500000000000028,open-meteo,2026-08-08T09:59:26+00:00
2026-05-28 13:00:00+00:00,DE,onshore,12.9,72,703.0,3.06,-0.6427876096865396,0.7660444431189778,18.9,42,714.0,4.32,-0.544639035015027,0.838670567945424,25.9,29,850.0,2.55,0.5299192642332049,0.848048096156426,20.1,35,823.0,4.25,-0.6156614753256582,0.7880107536067221,1.4499999999999993,open-meteo,2026-08-08T09:59:26+00:00
2026-05-28 14:00:00+00:00,DE,onshore,13.1,72,706.0,3.41,-0.7771459614569708,0.6293203910498375,19.2,42,678.0,3.55,-0.1045284632676534,0.9945218953682732,26.2,31,773.0,2.5,0.6691306063588582,0.7431448254773942,20.4,35,741.0,3.98,-0.6156614753256582,0.7880107536067221,1.7250000000000014,open-meteo,2026-08-08T09:59:26+00:00
2026-05-28 15:00:00+00:00,DE,onshore,13.2,76,635.0,3.89,-0.8290375725550416,0.559192903470747,19.1,42,532.0,2.29,-0.3420201433256686,0.9396926207859084,26.2,32,653.0,2.92,0.6427876096865393,0.766044443118978,20.8,36,622.0,4.17,-0.7547095802227722,0.656059028990507,1.8249999999999995,open-meteo,2026-08-08T09:59:26+00:00
2026-05-28 16:00:00+00:00,DE,onshore,13.3,74,501.0,3.74,-0.7071067811865477,0.7071067811865474,18.7,43,454.0,4.13,-0.5877852522924734,0.8090169943749473,25.9,34,505.0,2.33,0.2588190451025207,0.9659258262890684,20.8,38,479.0,3.8,-0.5735764363510465,0.8191520442889916,1.6750000000000007,open-meteo,2026-08-08T09:59:26+00:00
2026-05-28 17:00:00+00:00,DE,onshore,13.5,76,356.0,3.35,-0.6156614753256582,0.7880107536067221,18.4,46,313.0,2.98,-0.7193398003386512,0.6946583704589973,25.2,41,340.0,2.96,-0.5591929034707466,0.8290375725550418,20.3,36,325.0,2.87,-0.1391731009600658,0.9902680687415704,1.349999999999998,open-meteo,2026-08-08T09:59:26+00:00
2026-05-28 18:00:00+00:00,DE,onshore,13.7,78,207.0,3.29,-0.5000000000000004,0.8660254037844384,17.8,48,152.0,5.06,0.2588190451025207,0.9659258262890684,24.2,35,177.0,4.74,-0.6156614753256582,0.7880107536067221,19.9,36,173.0,2.81,0.4226182617406994,0.90630778703665,0.8999999999999986,open-meteo,2026-08-08T09:59:26+00:00
2026-05-28 19:00:00+00:00,DE,onshore,14.0,78,80.0,2.92,-0.2419218955996678,0.9702957262759964,15.5,55,46.0,3.9,0.4226182617406994,0.90630778703665,21.9,34,49.0,6.93,-0.4848096202463369,0.8746197071393959,17.3,53,50.0,3.02,0.5877852522924731,0.8090169943749475,0.8249999999999993,open-meteo,2026-08-08T09:59:26+00:00
2026-05-28 20:00:00+00:00,DE,onshore,14.2,76,8.0,2.11,-0.2249510543438653,0.9743700647852352,13.7,60,1.0,2.67,0.2923717047227367,0.9563047559630354,20.9,30,0.0,5.9,0.0871557427476581,0.9961946980917455,14.9,57,1.0,3.24,0.90630778703665,0.4226182617406994,2.075000000000001,open-meteo,2026-08-08T09:59:26+00:00
2026-05-28 21:00:00+00:00,DE,onshore,13.8,76,0.0,1.59,0.6819983600624985,0.7313537016191705,12.4,65,0.0,2.36,-0.0871557427476583,0.9961946980917455,18.0,54,0.0,5.36,0.5150380749100542,0.8571673007021123,12.5,78,0.0,3.32,0.9455185755993168,0.3255681544571567,3.8249999999999993,open-meteo,2026-08-08T09:59:26+00:00
2026-05-28 22:00:00+00:00,DE,onshore,14.2,73,0.0,1.08,0.9961946980917455,-0.0871557427476582,10.9,75,0.0,1.04,-0.6560590289905074,0.7547095802227719,16.5,62,0.0,3.19,0.7071067811865475,0.7071067811865476,11.6,79,0.0,3.19,0.981627183447664,0.1908089953765449,4.699999999999999,open-meteo,2026-08-08T09:59:26+00:00
2026-05-28 23:00:00+00:00,DE,onshore,14.5,71,0.0,2.02,0.8746197071393959,-0.484809620246337,10.4,81,0.0,1.18,-0.9135454576426012,0.4067366430757997,15.8,60,0.0,2.23,0.788010753606722,0.6156614753256583,10.8,81,0.0,3.0,0.981627183447664,-0.1908089953765448,5.125,open-meteo,2026-08-08T09:59:26+00:00
2026-05-29 00:00:00+00:00,DE,onshore,14.2,73,0.0,2.77,0.529919264233205,-0.848048096156426,8.7,89,0.0,2.25,-1.0,-1.8369701987210287e-16,14.2,64,0.0,1.88,0.7771459614569709,0.6293203910498374,8.9,91,0.0,1.93,0.9135454576426008,-0.4067366430758002,6.500000000000002,open-meteo,2026-08-08T09:59:26+00:00
2026-05-29 01:00:00+00:00,DE,onshore,14.0,81,0.0,3.75,0.3420201433256689,-0.9396926207859084,8.2,87,0.0,2.25,-1.0,-1.8369701987210287e-16,13.1,67,0.0,1.47,0.7986355100472928,0.6018150231520483,8.2,92,0.0,2.24,0.3907311284892737,-0.9205048534524404,7.125,open-meteo,2026-08-08T09:59:26+00:00
2026-05-29 02:00:00+00:00,DE,onshore,14.1,65,0.0,5.52,0.2079116908177593,-0.9781476007338056,7.9,85,0.0,2.67,-0.9902680687415704,-0.1391731009600658,12.1,71,0.0,1.62,0.90630778703665,0.4226182617406994,7.4,93,0.0,2.85,0.0697564737441255,-0.9975640502598242,7.625,open-meteo,2026-08-08T09:59:26+00:00
2026-05-29 03:00:00+00:00,DE,onshore,13.7,68,0.0,6.49,0.1908089953765449,-0.981627183447664,6.3,92,0.0,3.33,-0.913545457642601,-0.4067366430758001,10.5,81,0.0,1.81,0.9743700647852352,0.2249510543438649,6.8,98,0.0,2.77,0.1391731009600653,-0.9902680687415704,8.675,open-meteo,2026-08-08T09:59:26+00:00
2026-05-29 04:00:00+00:00,DE,onshore,13.4,78,17.0,7.47,0.1908089953765449,-0.981627183447664,7.2,89,40.0,3.95,-0.9205048534524404,-0.3907311284892738,9.9,86,6.0,2.14,0.9612616959383188,-0.275637355816999,6.9,99,24.0,3.38,0.1736481776669302,-0.984807753012208,8.65,open-meteo,2026-08-08T09:59:26+00:00
2026-05-29 05:00:00+00:00,DE,onshore,13.6,76,98.0,8.72,1.2246467991473532e-16,-1.0,10.0,84,149.0,4.56,-0.882947592858927,-0.4694715627858907,11.7,83,73.0,1.86,0.9510565162951536,-0.3090169943749473,9.9,92,119.0,3.82,1.2246467991473532e-16,-1.0,6.700000000000001,open-meteo,2026-08-08T09:59:26+00:00
2026-05-29 06:00:00+00:00,DE,onshore,15.0,71,192.0,8.49,-0.1908089953765447,-0.981627183447664,13.7,69,292.0,4.29,-0.8910065241883678,-0.4539904997395469,15.2,67,201.0,1.89,0.9335804264972016,-0.3583679495453002,14.2,68,261.0,3.98,-0.1736481776669304,-0.984807753012208,3.4750000000000014,open-meteo,2026-08-08T09:59:26+00:00
2026-05-29 07:00:00+00:00,DE,onshore,15.5,72,243.0,8.96,-0.1045284632676535,-0.9945218953682732,15.8,63,446.0,2.89,-0.882947592858927,-0.4694715627858907,17.6,62,373.0,1.57,0.9975640502598242,-0.0697564737441253,17.2,58,417.0,2.55,-0.0348994967025009,-0.9993908270190958,1.474999999999998,open-meteo,2026-08-08T09:59:26+00:00
2026-05-29 08:00:00+00:00,DE,onshore,16.4,71,343.0,7.7,0.1218693434051475,-0.992546151641322,17.8,57,591.0,2.76,-0.9563047559630352,-0.2923717047227371,20.0,52,530.0,1.71,0.9743700647852352,-0.224951054343865,19.6,54,568.0,2.77,-0.1391731009600655,-0.9902680687415704,0.4500000000000028,open-meteo,2026-08-08T09:59:26+00:00
2026-05-29 09:00:00+00:00,DE,onshore,17.7,67,361.0,7.75,0.3090169943749475,-0.9510565162951536,19.5,38,711.0,2.36,-0.9961946980917455,-0.0871557427476582,23.5,35,677.0,1.12,0.9659258262890684,-0.2588190451025208,22.5,36,695.0,2.69,-0.5446390350150271,-0.838670567945424,2.8000000000000007,open-meteo,2026-08-08T09:59:26+00:00
2026-05-29 10:00:00+00:00,DE,onshore,17.9,69,463.0,7.2,-0.2588190451025208,-0.9659258262890684,20.7,36,800.0,3.17,-0.9271838545667872,-0.3746065934159123,25.5,30,794.0,1.27,1.0,6.123233995736766e-17,23.8,33,790.0,2.85,-0.4539904997395467,-0.8910065241883679,3.974999999999998,open-meteo,2026-08-08T09:59:26+00:00
2026-05-29 11:00:00+00:00,DE,onshore,18.2,69,606.0,8.96,-0.2249510543438649,-0.9743700647852352,21.9,36,842.0,3.51,-0.8910065241883678,-0.4539904997395469,26.8,26,865.0,1.36,0.9335804264972016,0.3583679495453004,24.9,29,842.0,3.33,-0.4067366430758002,-0.9135454576426008,4.949999999999996,open-meteo,2026-08-08T09:59:26+00:00
2026-05-29 12:00:00+00:00,DE,onshore,18.8,68,675.0,8.72,1.2246467991473532e-16,-1.0,22.6,37,842.0,2.76,-0.8910065241883678,-0.4539904997395469,27.1,26,884.0,1.1,0.984807753012208,-0.1736481776669303,25.6,27,849.0,2.98,-0.1564344650402307,-0.9876883405951378,5.524999999999999,open-meteo,2026-08-08T09:59:26+00:00
2026-05-29 13:00:00+00:00,DE,onshore,19.3,67,611.0,7.63,-0.2249510543438649,-0.9743700647852352,23.3,38,784.0,3.51,-0.8910065241883678,-0.4539904997395469,28.0,23,847.0,1.08,1.0,6.123233995736766e-17,26.4,24,794.0,2.74,1.2246467991473532e-16,-1.0,6.25,open-meteo,2026-08-08T09:59:26+00:00
2026-05-29 14:00:00+00:00,DE,onshore,19.6,67,473.0,7.02,-0.5000000000000001,-0.8660254037844386,23.5,40,603.0,2.85,-0.961261695938319,-0.2756373558169989,28.8,22,768.0,1.53,0.6427876096865393,0.766044443118978,26.8,24,594.0,2.73,-0.2588190451025208,-0.9659258262890684,6.675000000000001,open-meteo,2026-08-08T09:59:26+00:00
2026-05-29 15:00:00+00:00,DE,onshore,18.9,74,379.0,8.24,-0.9986295347545738,-0.0523359562429443,23.0,37,400.0,2.55,-1.0,-1.8369701987210287e-16,28.5,20,654.0,2.33,0.374606593415912,0.9271838545667874,26.5,22,376.0,3.6,-0.874619707139396,-0.4848096202463368,6.225000000000001,open-meteo,2026-08-08T09:59:26+00:00
2026-05-29 16:00:00+00:00,DE,onshore,17.3,81,416.0,10.75,-0.9563047559630354,0.2923717047227367,22.4,44,173.0,3.04,-0.9335804264972016,-0.3583679495453007,28.0,22,507.0,1.71,0.4067366430758002,0.9135454576426008,26.5,27,357.0,3.89,-0.8290375725550418,-0.5591929034707466,5.550000000000001,open-meteo,2026-08-08T09:59:26+00:00
2026-05-29 17:00:00+00:00,DE,onshore,16.1,88,266.0,6.89,-0.6427876096865396,0.7660444431189778,22.6,47,200.0,1.21,-0.2419218955996675,-0.9702957262759964,27.3,27,341.0,0.89,0.9945218953682732,0.1045284632676534,26.0,30,224.0,3.77,-0.90630778703665,-0.4226182617406991,5.0,open-meteo,2026-08-08T09:59:26+00:00
2026-05-29 18:00:00+00:00,DE,onshore,16.4,87,137.0,5.76,-0.6691306063588581,0.7431448254773944,21.6,53,72.0,2.33,-0.374606593415912,-0.9271838545667874,26.1,45,180.0,0.71,-0.5591929034707466,0.8290375725550418,24.8,33,101.0,3.33,-0.7313537016191703,-0.6819983600624986,4.224999999999998,open-meteo,2026-08-08T09:59:26+00:00
2026-05-29 19:00:00+00:00,DE,onshore,15.5,90,41.0,5.13,-0.898794046299167,0.4383711467890774,19.6,63,24.0,4.41,-0.0523359562429435,-0.9986295347545738,22.3,48,50.0,2.51,-0.6293203910498378,0.7771459614569706,22.1,42,42.0,4.33,-0.9743700647852352,-0.2249510543438652,1.875,open-meteo,2026-08-08T09:59:26+00:00
2026-05-29 20:00:00+00:00,DE,onshore,15.3,91,3.0,7.74,-0.9998476951563912,-0.0174524064372834,18.1,62,1.0,7.5,-0.4848096202463369,-0.8746197071393959,19.7,51,1.0,3.21,-0.5150380749100545,0.8571673007021121,20.7,46,1.0,5.11,-0.9396926207859084,-0.3420201433256685,0.4500000000000028,open-meteo,2026-08-08T09:59:26+00:00
2026-05-29 21:00:00+00:00,DE,onshore,15.2,92,0.0,7.35,-0.9335804264972016,0.3583679495453004,17.9,68,0.0,9.47,-0.6293203910498376,-0.7771459614569708,19.1,61,0.0,2.14,-0.2756373558169989,0.9612616959383188,19.9,78,0.0,11.17,-0.9743700647852352,0.2249510543438649,0.0249999999999985,open-meteo,2026-08-08T09:59:26+00:00
2026-05-29 22:00:00+00:00,DE,onshore,15.0,90,0.0,6.94,-0.945518575599317,0.3255681544571563,18.8,63,0.0,10.71,-0.8191520442889916,-0.5735764363510464,17.7,70,0.0,1.37,-2.4492935982947064e-16,1.0,18.6,82,0.0,7.91,-0.9659258262890684,-0.2588190451025206,0.4750000000000014,open-meteo,2026-08-08T09:59:26+00:00
2026-05-29 23:00:00+00:00,DE,onshore,14.8,90,0.0,7.37,-0.945518575599317,0.3255681544571563,17.9,69,0.0,11.53,-0.9510565162951536,-0.3090169943749475,17.2,73,0.0,2.02,0.8746197071393957,0.4848096202463371,17.4,87,0.0,7.8,-0.9781476007338056,-0.2079116908177598,1.1749999999999972,open-meteo,2026-08-08T09:59:26+00:00
2026-05-30 00:00:00+00:00,DE,onshore,14.6,90,0.0,7.97,-0.9335804264972016,0.3583679495453004,18.0,77,0.0,10.68,-0.9993908270190958,-0.0348994967025007,20.1,62,0.0,9.58,0.7986355100472928,0.6018150231520483,17.1,87,0.0,6.63,-0.913545457642601,-0.4067366430758001,0.5499999999999972,open-meteo,2026-08-08T09:59:26+00:00
2026-05-30 01:00:00+00:00,DE,onshore,14.6,90,0.0,7.62,-0.9510565162951536,0.3090169943749472,17.9,83,0.0,10.45,-0.9205048534524404,0.3907311284892735,18.2,73,0.0,5.89,0.9975640502598242,0.0697564737441252,16.5,92,0.0,5.98,-0.8480480961564262,0.5299192642332047,1.1999999999999993,open-meteo,2026-08-08T09:59:26+00:00
2026-05-30 02:00:00+00:00,DE,onshore,14.6,90,0.0,7.55,-0.984807753012208,0.1736481776669299,17.1,86,0.0,7.71,-0.898794046299167,0.4383711467890774,17.7,74,0.0,5.3,0.5591929034707469,-0.8290375725550416,16.4,92,0.0,5.3,-0.945518575599317,0.3255681544571563,1.5499999999999972,open-meteo,2026-08-08T09:59:26+00:00
2026-05-30 03:00:00+00:00,DE,onshore,14.5,90,0.0,8.3,-0.992546151641322,0.1218693434051476,16.1,87,0.0,8.82,-0.7986355100472932,0.6018150231520479,18.0,71,0.0,5.09,0.1908089953765449,-0.981627183447664,16.3,91,0.0,7.02,-0.9205048534524404,0.3907311284892735,1.7749999999999986,open-meteo,2026-08-08T09:59:26+00:00
2026-05-30 04:00:00+00:00,DE,onshore,14.5,91,16.0,9.26,-0.984807753012208,0.1736481776669299,14.9,88,29.0,8.19,-0.7547095802227722,0.656059028990507,17.6,73,5.0,3.94,0.1045284632676537,-0.9945218953682732,16.3,91,16.0,7.72,-0.8090169943749476,0.5877852522924729,2.1750000000000007,open-meteo,2026-08-08T09:59:26+00:00
2026-05-30 05:00:00+00:00,DE,onshore,14.6,91,79.0,8.48,-0.9702957262759966,0.2419218955996674,14.7,90,89.0,7.48,-0.7071067811865477,0.7071067811865474,18.4,71,53.0,2.85,-0.275637355816999,-0.9612616959383188,16.0,81,97.0,8.04,-0.7071067811865477,0.7071067811865474,2.075000000000001,open-meteo,2026-08-08T09:59:26+00:00
2026-05-30 06:00:00+00:00,DE,onshore,14.8,88,187.0,8.64,-0.9510565162951536,0.3090169943749472,15.1,84,194.0,6.31,-0.6819983600624984,0.7313537016191707,19.6,65,155.0,3.29,-0.5000000000000001,-0.8660254037844386,16.1,80,246.0,6.86,-0.6819983600624984,0.7313537016191707,1.6000000000000014,open-meteo,2026-08-08T09:59:26+00:00
2026-05-30 07:00:00+00:00,DE,onshore,14.9,88,370.0,8.34,-0.9135454576426012,0.4067366430757997,15.9,76,355.0,6.61,-0.8191520442889918,0.573576436351046,21.7,56,289.0,1.82,-0.5877852522924734,0.8090169943749473,16.4,77,362.0,5.96,-0.8090169943749476,0.5877852522924729,0.7749999999999986,open-meteo,2026-08-08T09:59:26+00:00
2026-05-30 08:00:00+00:00,DE,onshore,15.0,88,526.0,7.97,-0.898794046299167,0.4383711467890774,17.1,67,532.0,8.67,-0.6819983600624984,0.7313537016191707,21.7,60,370.0,3.78,0.6018150231520483,0.7986355100472928,17.8,66,481.0,6.86,-0.7193398003386512,0.6946583704589973,0.1000000000000014,open-meteo,2026-08-08T09:59:26+00:00
2026-05-30 09:00:00+00:00,DE,onshore,15.2,86,649.0,7.01,-0.9659258262890684,0.2588190451025203,18.4,60,524.0,7.84,-0.7547095802227722,0.656059028990507,23.8,48,473.0,3.24,0.0523359562429438,-0.9986295347545738,18.8,61,660.0,6.39,-0.6560590289905074,0.7547095802227719,1.0499999999999972,open-meteo,2026-08-08T09:59:26+00:00
2026-05-30 10:00:00+00:00,DE,onshore,15.1,87,662.0,8.2,-0.9902680687415704,0.1391731009600654,18.9,58,533.0,8.27,-0.7547095802227722,0.656059028990507,25.9,45,675.0,2.67,-0.9902680687415704,0.1391731009600654,20.1,54,601.0,7.22,-0.6691306063588581,0.7431448254773944,2.0,open-meteo,2026-08-08T09:59:26+00:00
2026-05-30 11:00:00+00:00,DE,onshore,15.0,87,776.0,7.75,-0.9876883405951378,0.1564344650402306,18.8,62,351.0,8.37,-0.8386705679454243,0.5446390350150266,26.1,44,545.0,5.0,-0.6691306063588581,0.7431448254773944,20.6,54,581.0,7.48,-0.7071067811865477,0.7071067811865474,2.125,open-meteo,2026-08-08T09:59:26+00:00
2026-05-30 12:00:00+00:00,DE,onshore,15.0,86,814.0,7.25,-0.9876883405951378,0.1564344650402306,18.9,62,298.0,9.04,-0.9205048534524404,0.3907311284892735,27.0,46,642.0,5.26,-0.4848096202463369,0.8746197071393959,21.1,56,464.0,6.45,-0.7313537016191703,0.6819983600624987,2.5,open-meteo,2026-08-08T09:59:26+00:00
2026-05-30 13:00:00+00:00,DE,onshore,14.9,87,787.0,7.59,-0.981627183447664,0.1908089953765451,18.4,68,250.0,9.88,-0.8660254037844386,0.5000000000000001,27.8,39,734.0,4.39,-0.4067366430758001,0.9135454576426008,21.0,57,429.0,7.76,-0.7071067811865477,0.7071067811865474,2.5249999999999986,open-meteo,2026-08-08T09:59:26+00:00
2026-05-30 14:00:00+00:00,DE,onshore,14.8,87,702.0,7.82,-0.9659258262890684,0.2588190451025203,18.4,69,248.0,10.84,-0.7547095802227722,0.656059028990507,28.5,40,720.0,4.82,-0.4067366430758001,0.9135454576426008,22.0,53,445.0,5.58,-0.8571673007021123,0.5150380749100542,2.9250000000000007,open-meteo,2026-08-08T09:59:26+00:00
2026-05-30 15:00:00+00:00,DE,onshore,15.4,82,619.0,7.62,-0.9510565162951536,0.3090169943749472,19.0,66,279.0,9.03,-0.898794046299167,0.4383711467890774,27.3,51,606.0,3.27,-0.1564344650402311,0.9876883405951375,22.0,54,403.0,6.92,-0.8910065241883679,0.4539904997395466,2.9250000000000007,open-meteo,2026-08-08T09:59:26+00:00
2026-05-30 16:00:00+00:00,DE,onshore,15.2,83,463.0,7.87,-0.9702957262759966,0.2419218955996674,18.8,64,198.0,11.08,-0.7771459614569708,0.6293203910498375,27.4,49,462.0,1.71,-0.4067366430758001,0.9135454576426008,21.9,56,398.0,8.24,-0.8191520442889918,0.573576436351046,2.825,open-meteo,2026-08-08T09:59:26+00:00
2026-05-30 17:00:00+00:00,DE,onshore,15.0,83,324.0,6.97,-0.9135454576426012,0.4067366430757997,18.5,69,156.0,8.91,-0.7660444431189781,0.6427876096865393,26.6,47,227.0,1.0,-0.1908089953765446,0.981627183447664,21.3,59,313.0,7.23,-0.8090169943749476,0.5877852522924729,2.3500000000000014,open-meteo,2026-08-08T09:59:26+00:00
2026-05-30 18:00:00+00:00,DE,onshore,15.6,79,197.0,5.98,-0.9510565162951536,0.3090169943749472,17.7,67,87.0,7.78,-0.7547095802227722,0.656059028990507,25.5,48,130.0,1.37,-2.4492935982947064e-16,1.0,20.9,60,166.0,6.72,-0.8571673007021123,0.5150380749100542,1.9249999999999967,open-meteo,2026-08-08T09:59:26+00:00
2026-05-30 19:00:00+00:00,DE,onshore,15.3,82,83.0,5.92,-0.9135454576426012,0.4067366430757997,16.6,71,27.0,7.83,-0.7193398003386512,0.6946583704589973,23.6,61,33.0,0.5,0.981627183447664,0.1908089953765449,19.0,69,50.0,6.71,-0.8290375725550416,0.559192903470747,0.625,open-meteo,2026-08-08T09:59:26+00:00
2026-05-30 20:00:00+00:00,DE,onshore,15.0,83,10.0,5.96,-0.8090169943749476,0.5877852522924729,15.6,77,0.0,7.83,-0.7313537016191703,0.6819983600624987,21.1,57,1.0,1.58,0.9271838545667874,0.3746065934159119,17.3,76,1.0,7.61,-0.5735764363510465,0.8191520442889916,0.75,open-meteo,2026-08-08T09:59:26+00:00
2026-05-30 21:00:00+00:00,DE,onshore,14.8,83,0.0,4.85,-0.6819983600624984,0.7313537016191707,15.3,76,0.0,7.67,-0.8191520442889918,0.573576436351046,20.6,59,0.0,0.31,0.9510565162951536,-0.3090169943749473,16.5,77,0.0,8.21,-0.3907311284892739,0.9205048534524404,1.1999999999999993,open-meteo,2026-08-08T09:59:26+00:00
2026-05-30 22:00:00+00:00,DE,onshore,14.5,83,0.0,4.0,-0.5877852522924734,0.8090169943749473,14.8,78,0.0,6.39,-0.8480480961564262,0.5299192642332047,19.7,60,0.0,1.08,1.2246467991473532e-16,-1.0,15.3,73,0.0,7.14,-0.4226182617406992,0.90630778703665,1.9250000000000007,open-meteo,2026-08-08T09:59:26+00:00
2026-05-30 23:00:00+00:00,DE,onshore,14.3,86,0.0,3.43,-0.5150380749100545,0.8571673007021121,14.4,78,0.0,6.39,-0.7547095802227722,0.656059028990507,18.9,64,0.0,1.0,-0.1908089953765447,-0.981627183447664,14.1,80,0.0,5.11,-0.3420201433256686,0.9396926207859084,2.575,open-meteo,2026-08-08T09:59:26+00:00
2026-05-31 00:00:00+00:00,DE,onshore,14.0,86,0.0,3.26,-0.6946583704589976,0.7193398003386509,14.1,79,0.0,6.98,-0.8746197071393956,0.4848096202463373,18.2,72,0.0,1.28,0.529919264233205,-0.848048096156426,12.6,88,0.0,3.75,-0.8386705679454243,0.5446390350150266,3.2750000000000004,open-meteo,2026-08-08T09:59:26+00:00
2026-05-31 01:00:00+00:00,DE,onshore,14.0,86,0.0,2.33,-0.3746065934159123,0.9271838545667872,13.7,82,0.0,6.54,-0.8660254037844386,0.5000000000000001,17.2,83,0.0,1.18,1.2246467991473532e-16,-1.0,12.1,90,0.0,3.23,-0.8191520442889918,0.573576436351046,3.75,open-meteo,2026-08-08T09:59:26+00:00
2026-05-31 02:00:00+00:00,DE,onshore,14.0,85,0.0,1.74,-0.6156614753256582,0.7880107536067221,13.0,87,0.0,5.71,-0.9271838545667874,0.3746065934159119,16.0,89,0.0,2.26,0.5591929034707469,-0.8290375725550416,11.5,90,0.0,3.37,-0.8090169943749476,0.5877852522924729,4.375,open-meteo,2026-08-08T09:59:26+00:00
2026-05-31 03:00:00+00:00,DE,onshore,13.6,85,0.0,1.81,-0.6560590289905074,0.7547095802227719,13.3,85,0.0,5.94,-0.9743700647852352,0.2249510543438649,15.5,90,0.0,2.26,0.5591929034707469,-0.8290375725550416,10.2,94,0.0,3.83,-0.8480480961564262,0.5299192642332047,4.850000000000001,open-meteo,2026-08-08T09:59:26+00:00
2026-05-31 04:00:00+00:00,DE,onshore,13.7,85,20.0,1.47,-2.4492935982947064e-16,1.0,13.5,86,17.0,5.39,-0.8910065241883679,0.4539904997395466,15.2,91,6.0,0.88,0.4539904997395468,-0.8910065241883678,10.4,93,27.0,3.08,-0.7986355100472932,0.6018150231520479,4.800000000000001,open-meteo,2026-08-08T09:59:26+00:00
2026-05-31 05:00:00+00:00,DE,onshore,13.7,87,90.0,1.77,0.3255681544571567,0.9455185755993168,13.8,85,88.0,5.05,-0.9510565162951536,0.3090169943749472,15.1,95,75.0,1.28,0.0697564737441255,-0.9975640502598242,12.5,91,122.0,3.27,-0.7771459614569708,0.6293203910498375,4.225,open-meteo,2026-08-08T09:59:26+00:00
2026-05-31 06:00:00+00:00,DE,onshore,13.6,86,202.0,1.71,0.8571673007021123,0.5150380749100542,14.6,79,178.0,3.96,-0.9876883405951378,0.1564344650402306,18.3,80,177.0,2.29,-0.7313537016191703,-0.6819983600624986,15.2,77,256.0,1.8,-0.3746065934159123,0.9271838545667872,2.575,open-meteo,2026-08-08T09:59:26+00:00
2026-05-31 07:00:00+00:00,DE,onshore,14.0,84,294.0,1.77,0.9945218953682732,-0.1045284632676535,15.2,77,287.0,2.38,-0.9876883405951378,0.1564344650402306,21.3,68,364.0,1.39,-0.7771459614569706,-0.6293203910498378,16.9,65,410.0,0.69,0.7071067811865475,0.7071067811865476,1.1499999999999986,open-meteo,2026-08-08T09:59:26+00:00
2026-05-31 08:00:00+00:00,DE,onshore,14.2,88,347.0,1.49,0.9205048534524404,-0.3907311284892737,14.9,78,143.0,3.72,-0.8191520442889918,0.573576436351046,24.0,59,472.0,0.22,0.4539904997395468,-0.8910065241883678,18.6,61,563.0,1.06,-0.8290375725550416,0.559192903470747,0.0749999999999992,open-meteo,2026-08-08T09:59:26+00:00
2026-05-31 09:00:00+00:00,DE,onshore,14.7,83,341.0,1.21,0.9702957262759964,-0.2419218955996677,15.3,77,272.0,2.89,-0.8829475928589271,0.4694715627858904,26.7,47,567.0,4.85,-0.7071067811865477,0.7071067811865474,20.0,56,598.0,2.2,-0.9335804264972016,0.3583679495453004,1.1750000000000007,open-meteo,2026-08-08T09:59:26+00:00
2026-05-31 10:00:00+00:00,DE,onshore,14.7,82,345.0,1.69,0.8090169943749475,0.5877852522924731,16.8,70,355.0,2.31,-0.5877852522924734,0.8090169943749473,26.5,53,565.0,4.04,-0.3907311284892739,0.9205048534524404,20.2,58,318.0,2.35,-0.9993908270190958,-0.0348994967025007,1.5500000000000007,open-meteo,2026-08-08T09:59:26+00:00
2026-05-31 11:00:00+00:00,DE,onshore,14.8,81,519.0,1.48,0.1391731009600654,0.9902680687415704,16.6,72,367.0,2.57,-0.9510565162951536,0.3090169943749472,26.6,45,549.0,8.18,-0.9945218953682734,0.1045284632676529,21.0,57,310.0,1.49,-0.9205048534524404,-0.3907311284892738,1.75,open-meteo,2026-08-08T09:59:26+00:00
2026-05-31 12:00:00+00:00,DE,onshore,14.6,81,688.0,2.35,-0.0348994967025008,0.9993908270190958,17.4,66,451.0,1.8,-0.9271838545667874,0.3746065934159119,26.7,44,497.0,7.35,-0.9335804264972016,0.3583679495453004,21.2,58,371.0,2.01,-0.6819983600624984,0.7313537016191707,1.9750000000000016,open-meteo,2026-08-08T09:59:26+00:00
2026-05-31 13:00:00+00:00,DE,onshore,15.0,83,803.0,3.24,-0.0523359562429443,0.9986295347545738,16.8,72,390.0,3.4,-0.544639035015027,0.838670567945424,23.3,58,380.0,3.96,-0.9876883405951375,-0.156434465040231,20.9,60,286.0,2.16,-0.0871557427476583,0.9961946980917455,1.0,open-meteo,2026-08-08T09:59:26+00:00
2026-05-31 14:00:00+00:00,DE,onshore,15.1,83,732.0,4.52,-0.4067366430758001,0.9135454576426008,17.7,66,387.0,2.11,-0.3746065934159123,0.9271838545667872,24.9,58,664.0,6.27,-0.9993908270190958,-0.0348994967025007,21.5,57,397.0,1.97,0.4539904997395468,0.8910065241883679,1.7999999999999972,open-meteo,2026-08-08T09:59:26+00:00
2026-05-31 15:00:00+00:00,DE,onshore,15.3,82,601.0,5.61,-0.3255681544571567,0.9455185755993168,17.1,64,284.0,3.26,0.1218693434051474,0.992546151641322,17.7,93,189.0,11.46,-0.6018150231520484,-0.7986355100472928,20.1,69,258.0,3.53,-0.0348994967025008,0.9993908270190958,0.4499999999999957,open-meteo,2026-08-08T09:59:26+00:00
2026-05-31 16:00:00+00:00,DE,onshore,15.1,84,461.0,7.19,-0.1908089953765446,0.981627183447664,16.9,67,289.0,3.33,-0.0348994967025008,0.9993908270190958,21.3,79,171.0,7.47,-0.9455185755993168,-0.3255681544571566,20.1,68,201.0,2.26,0.0348994967025009,0.9993908270190958,0.3500000000000014,open-meteo,2026-08-08T09:59:26+00:00
2026-05-31 17:00:00+00:00,DE,onshore,15.1,83,306.0,7.41,-0.1391731009600658,0.9902680687415704,16.7,67,215.0,3.35,0.1218693434051474,0.992546151641322,21.7,72,175.0,9.4,-0.981627183447664,-0.1908089953765446,20.1,68,195.0,1.96,0.0523359562429438,0.9986295347545738,0.3999999999999986,open-meteo,2026-08-08T09:59:26+00:00
2026-05-31 18:00:00+00:00,DE,onshore,15.2,82,201.0,7.13,-0.2249510543438653,0.9743700647852352,16.4,73,130.0,3.26,0.1218693434051474,0.992546151641322,20.6,75,69.0,9.04,-0.9975640502598242,-0.0697564737441255,19.9,75,118.0,1.58,0.374606593415912,0.9271838545667874,0.0249999999999985,open-meteo,2026-08-08T09:59:26+00:00
2026-05-31 19:00:00+00:00,DE,onshore,14.9,85,83.0,6.8,-0.2079116908177598,0.9781476007338056,14.9,82,43.0,4.16,0.7313537016191705,0.6819983600624985,19.8,67,22.0,9.8,-0.9998476951563912,0.0174524064372831,18.9,82,29.0,1.67,0.0523359562429438,0.9986295347545738,0.875,open-meteo,2026-08-08T09:59:26+00:00
2026-05-31 20:00:00+00:00,DE,onshore,14.9,83,10.0,6.73,-0.1391731009600658,0.9902680687415704,14.1,85,1.0,4.08,0.9135454576426008,0.4067366430758002,19.2,66,0.0,11.62,-0.9945218953682734,0.1045284632676529,17.8,85,1.0,3.4,-0.6946583704589976,0.7193398003386509,1.5,open-meteo,2026-08-08T09:59:26+00:00
2026-05-31 21:00:00+00:00,DE,onshore,14.8,82,0.0,5.78,-0.0348994967025008,0.9993908270190958,12.9,89,0.0,3.59,0.9563047559630354,0.2923717047227367,17.5,72,0.0,8.24,-0.9396926207859084,0.342020143325669,16.9,84,0.0,7.46,0.2419218955996677,0.9702957262759964,2.475,open-meteo,2026-08-08T09:59:26+00:00
2026-05-31 22:00:00+00:00,DE,onshore,14.7,84,0.0,4.75,0.2419218955996677,0.9702957262759964,12.0,93,0.0,4.03,0.9975640502598242,0.0697564737441252,17.1,75,0.0,7.75,-0.9986295347545738,0.0523359562429439,15.1,84,0.0,7.09,0.754709580222772,0.6560590289905073,3.2750000000000004,open-meteo,2026-08-08T09:59:26+00:00
2026-05-31 23:00:00+00:00,DE,onshore,14.7,83,0.0,4.06,0.1391731009600654,0.9902680687415704,11.3,94,0.0,4.03,0.9975640502598242,0.0697564737441252,16.4,80,0.0,6.77,-0.984807753012208,0.1736481776669299,13.8,91,0.0,4.67,0.7771459614569709,0.6293203910498374,3.9499999999999993,open-meteo,2026-08-08T09:59:26+00:00
2026-06-01 00:00:00+00:00,DE,onshore,14.6,82,0.0,2.02,-0.2419218955996678,0.9702957262759964,11.1,93,0.0,1.71,0.9743700647852352,0.2249510543438649,15.7,81,0.0,5.54,-0.9902680687415704,0.1391731009600654,12.9,93,0.0,2.96,0.8290375725550417,0.5591929034707468,4.425000000000001,open-meteo,2026-08-08T09:59:26+00:00
2026-06-01 01:00:00+00:00,DE,onshore,14.5,84,0.0,2.69,-0.8386705679454243,0.5446390350150266,11.3,92,0.0,0.69,0.9902680687415704,0.1391731009600654,15.4,82,0.0,6.04,-0.9902680687415704,-0.1391731009600658,12.5,95,0.0,1.74,0.6156614753256583,0.7880107536067219,4.574999999999999,open-meteo,2026-08-08T09:59:26+00:00
2026-06-01 02:00:00+00:00,DE,onshore,14.3,83,0.0,4.28,-0.9612616959383188,0.2756373558169994,11.5,93,0.0,0.98,0.1045284632676534,0.9945218953682732,15.1,82,0.0,6.29,-0.9975640502598244,0.0697564737441252,11.8,96,0.0,2.06,-2.4492935982947064e-16,1.0,4.824999999999999,open-meteo,2026-08-08T09:59:26+00:00
2026-06-01 03:00:00+00:00,DE,onshore,14.3,85,0.0,3.33,-0.8829475928589271,0.4694715627858904,11.7,94,0.0,2.11,0.224951054343865,0.9743700647852352,14.8,84,0.0,5.39,-0.9993908270190958,-0.0348994967025007,12.0,96,0.0,3.14,0.0348994967025009,0.9993908270190958,4.800000000000001,open-meteo,2026-08-08T09:59:26+00:00
2026-06-01 04:00:00+00:00,DE,onshore,14.5,84,16.0,3.29,-0.9205048534524404,0.3907311284892735,12.1,95,16.0,2.52,0.224951054343865,0.9743700647852352,14.9,84,5.0,5.59,-0.9998476951563912,0.0174524064372831,12.3,95,20.0,4.51,0.0348994967025009,0.9993908270190958,4.550000000000001,open-meteo,2026-08-08T09:59:26+00:00
2026-06-01 05:00:00+00:00,DE,onshore,14.6,83,64.0,3.07,-0.9563047559630354,0.2923717047227367,12.7,90,50.0,2.0,-0.1908089953765446,0.981627183447664,15.3,82,64.0,5.69,-0.9986295347545738,0.0523359562429439,13.2,89,92.0,4.38,-0.1736481776669304,0.984807753012208,4.050000000000001,open-meteo,2026-08-08T09:59:26+00:00
2026-06-01 06:00:00+00:00,DE,onshore,14.6,83,138.0,3.14,-0.9993908270190958,0.0348994967025012,13.6,86,96.0,1.8,-0.7071067811865477,0.7071067811865474,16.7,78,202.0,4.72,-0.9961946980917455,0.0871557427476578,14.6,81,188.0,3.17,-0.3746065934159123,0.9271838545667872,3.125,open-meteo,2026-08-08T09:59:26+00:00
2026-06-01 07:00:00+00:00,DE,onshore,14.9,82,253.0,3.29,-0.984807753012208,0.1736481776669299,14.4,81,193.0,2.56,-0.7313537016191703,0.6819983600624987,18.1,72,360.0,4.73,-0.9743700647852352,0.2249510543438649,16.0,74,353.0,3.91,-0.3746065934159123,0.9271838545667872,2.1499999999999986,open-meteo,2026-08-08T09:59:26+00:00
2026-06-01 08:00:00+00:00,DE,onshore,15.1,83,392.0,2.75,-0.9993908270190958,-0.0348994967025007,15.6,75,325.0,2.84,-0.7193398003386512,0.6946583704589973,19.0,68,427.0,4.33,-0.9743700647852352,0.2249510543438649,17.4,69,531.0,4.62,-0.529919264233205,0.8480480961564258,1.2250000000000014,open-meteo,2026-08-08T09:59:26+00:00
2026-06-01 09:00:00+00:00,DE,onshore,15.3,83,558.0,4.09,-0.981627183447664,0.1908089953765451,15.8,74,391.0,2.88,-0.5735764363510465,0.8191520442889916,19.8,62,542.0,4.08,-0.984807753012208,0.1736481776669299,18.6,65,624.0,3.67,-0.7193398003386512,0.6946583704589973,0.625,open-meteo,2026-08-08T09:59:26+00:00
2026-06-01 10:00:00+00:00,DE,onshore,15.2,84,726.0,3.92,-0.9998476951563912,-0.0174524064372834,16.1,73,236.0,2.48,-0.9510565162951536,0.3090169943749472,21.2,54,622.0,4.02,-0.9998476951563912,-0.0174524064372834,20.1,55,713.0,4.37,-0.7431448254773946,0.6691306063588578,0.1499999999999985,open-meteo,2026-08-08T09:59:26+00:00
2026-06-01 11:00:00+00:00,DE,onshore,15.3,85,817.0,3.47,-0.961261695938319,-0.2756373558169989,17.9,64,425.0,1.5,-0.8480480961564262,0.5299192642332047,22.5,48,720.0,5.0,-1.0,-1.8369701987210287e-16,21.5,50,806.0,4.08,-0.8910065241883679,0.4539904997395466,1.3000000000000007,open-meteo,2026-08-08T09:59:26+00:00
2026-06-01 12:00:00+00:00,DE,onshore,15.5,84,824.0,3.0,-0.981627183447664,-0.1908089953765446,17.7,64,386.0,3.56,-0.8480480961564262,0.5299192642332047,23.7,39,702.0,4.19,-0.981627183447664,-0.1908089953765446,21.7,50,737.0,4.19,-0.9335804264972016,0.3583679495453004,1.650000000000002,open-meteo,2026-08-08T09:59:26+00:00
2026-06-01 13:00:00+00:00,DE,onshore,15.7,83,803.0,2.55,-0.9993908270190958,-0.0348994967025007,18.8,60,576.0,3.29,-0.8910065241883679,0.4539904997395466,24.2,36,794.0,4.68,-0.9612616959383188,0.2756373558169994,22.3,46,707.0,4.46,-0.945518575599317,0.3255681544571563,2.25,open-meteo,2026-08-08T09:59:26+00:00
2026-06-01 14:00:00+00:00,DE,onshore,16.0,81,740.0,2.16,-0.9986295347545738,-0.0523359562429443,19.1,58,494.0,3.63,-0.7880107536067218,0.6156614753256585,24.0,36,658.0,4.06,-0.9659258262890684,0.2588190451025203,22.8,41,656.0,3.47,-0.6819983600624984,0.7313537016191707,2.4750000000000014,open-meteo,2026-08-08T09:59:26+00:00
2026-06-01 15:00:00+00:00,DE,onshore,16.4,80,613.0,1.31,-0.9743700647852352,-0.2249510543438652,18.8,59,419.0,3.49,-0.7880107536067218,0.6156614753256585,24.1,33,554.0,4.0,-0.981627183447664,-0.1908089953765446,22.2,47,380.0,3.02,-0.9743700647852352,0.2249510543438649,2.375,open-meteo,2026-08-08T09:59:26+00:00
2026-06-01 16:00:00+00:00,DE,onshore,16.8,74,451.0,0.88,-0.4539904997395467,-0.8910065241883679,19.4,59,436.0,2.31,-0.8090169943749476,0.5877852522924729,24.0,35,451.0,2.29,-0.9396926207859084,-0.3420201433256685,22.3,46,263.0,3.86,-0.8660254037844386,0.5000000000000001,2.625,open-meteo,2026-08-08T09:59:26+00:00
2026-06-01 17:00:00+00:00,DE,onshore,17.1,73,302.0,1.71,0.2249510543438652,-0.9743700647852352,19.2,61,315.0,1.67,-0.7660444431189781,0.6427876096865393,23.5,41,338.0,2.59,-0.9063077870366498,0.4226182617406996,21.7,51,194.0,3.23,-0.9702957262759966,0.2419218955996674,2.375,open-meteo,2026-08-08T09:59:26+00:00
2026-06-01 18:00:00+00:00,DE,onshore,17.4,72,157.0,2.43,0.7313537016191706,-0.6819983600624984,18.7,64,168.0,1.36,-0.9335804264972016,0.3583679495453004,22.3,46,175.0,2.41,-0.4539904997395469,0.8910065241883678,21.1,57,137.0,3.19,-0.7313537016191703,0.6819983600624987,1.875,open-meteo,2026-08-08T09:59:26+00:00
2026-06-01 19:00:00+00:00,DE,onshore,17.3,72,71.0,3.26,0.6560590289905073,-0.754709580222772,17.5,70,52.0,1.1,-0.4539904997395469,0.8910065241883678,19.9,60,52.0,2.29,-0.3420201433256686,0.9396926207859084,19.5,65,30.0,2.78,-0.6293203910498378,0.7771459614569706,0.5499999999999972,open-meteo,2026-08-08T09:59:26+00:00
2026-06-01 20:00:00+00:00,DE,onshore,17.5,67,9.0,4.43,0.7071067811865476,-0.7071067811865475,16.0,73,1.0,1.18,1.0,6.123233995736766e-17,18.3,65,1.0,0.59,-2.4492935982947064e-16,1.0,17.1,75,2.0,1.88,-0.8829475928589271,0.4694715627858904,0.7749999999999986,open-meteo,2026-08-08T09:59:26+00:00
2026-06-01 21:00:00+00:00,DE,onshore,17.8,71,0.0,8.05,0.6018150231520482,-0.7986355100472929,12.7,92,0.0,3.35,0.3583679495453002,-0.9335804264972016,17.4,64,0.0,0.57,0.8571673007021123,-0.5150380749100543,15.1,84,0.0,0.2,-1.0,-1.8369701987210287e-16,2.25,open-meteo,2026-08-08T09:59:26+00:00
2026-06-01 22:00:00+00:00,DE,onshore,17.5,70,0.0,9.73,0.4694715627858907,-0.882947592858927,12.3,92,0.0,4.48,0.3907311284892737,-0.9205048534524404,16.0,75,0.0,2.02,0.8746197071393959,-0.484809620246337,14.2,87,0.0,1.25,-0.7071067811865475,-0.7071067811865477,3.0,open-meteo,2026-08-08T09:59:26+00:00
2026-06-01 23:00:00+00:00,DE,onshore,17.0,74,0.0,8.95,0.0871557427476582,-0.9961946980917455,12.0,91,0.0,5.61,0.2079116908177593,-0.9781476007338056,15.8,76,0.0,1.58,0.8660254037844387,-0.4999999999999998,13.4,91,0.0,1.59,-0.6819983600624984,-0.7313537016191706,3.450000000000001,open-meteo,2026-08-08T09:59:26+00:00
2026-06-02 00:00:00+00:00,DE,onshore,17.2,74,0.0,9.63,0.0871557427476582,-0.9961946980917455,11.8,90,0.0,5.7,0.0871557427476582,-0.9961946980917455,14.7,87,0.0,1.52,0.7071067811865476,-0.7071067811865475,12.4,95,0.0,0.81,-0.9702957262759964,-0.2419218955996677,3.975,open-meteo,2026-08-08T09:59:26+00:00
2026-06-02 01:00:00+00:00,DE,onshore,17.1,74,0.0,10.31,0.0697564737441255,-0.9975640502598242,11.6,90,0.0,6.28,-0.0523359562429435,-0.9986295347545738,15.0,86,0.0,2.2,0.8480480961564261,-0.5299192642332048,11.8,98,0.0,0.63,0.6293203910498374,-0.7771459614569709,4.125,open-meteo,2026-08-08T09:59:26+00:00
2026-06-02 02:00:00+00:00,DE,onshore,17.0,74,0.0,10.5,0.0523359562429438,-0.9986295347545738,11.3,91,0.0,6.37,1.2246467991473532e-16,-1.0,15.0,84,0.0,2.64,0.8571673007021123,-0.5150380749100543,11.5,96,0.0,2.14,0.2756373558169992,-0.9612616959383188,4.300000000000001,open-meteo,2026-08-08T09:59:26+00:00
2026-06-02 03:00:00+00:00,DE,onshore,17.2,72,0.0,11.09,0.0523359562429438,-0.9986295347545738,10.9,90,1.0,6.79,0.1045284632676537,-0.9945218953682732,14.3,88,0.0,2.88,0.8191520442889917,-0.5735764363510462,10.8,97,0.0,2.42,0.2419218955996677,-0.9702957262759964,4.699999999999999,open-meteo,2026-08-08T09:59:26+00:00
2026-06-02 04:00:00+00:00,DE,onshore,16.8,73,13.0,11.19,0.0697564737441255,-0.9975640502598242,11.5,88,39.0,6.17,1.2246467991473532e-16,-1.0,14.1,88,5.0,2.36,0.6691306063588585,-0.743144825477394,11.1,96,26.0,2.67,0.2923717047227366,-0.9563047559630355,4.625,open-meteo,2026-08-08T09:59:26+00:00
2026-06-02 05:00:00+00:00,DE,onshore,16.7,75,84.0,11.0,0.0697564737441255,-0.9975640502598242,13.7,82,132.0,6.43,0.1391731009600653,-0.9902680687415704,14.7,88,63.0,2.69,0.5446390350150273,-0.8386705679454239,13.5,90,107.0,4.37,0.5591929034707469,-0.8290375725550416,3.3500000000000014,open-meteo,2026-08-08T09:59:26+00:00
2026-06-02 06:00:00+00:00,DE,onshore,17.0,74,187.0,9.56,0.1045284632676537,-0.9945218953682732,16.1,75,252.0,6.26,0.2923717047227366,-0.9563047559630355,16.6,74,162.0,2.77,0.3907311284892737,-0.9205048534524404,16.1,77,177.0,5.27,0.3090169943749475,-0.9510565162951536,1.5499999999999972,open-meteo,2026-08-08T09:59:26+00:00
2026-06-02 07:00:00+00:00,DE,onshore,17.3,76,298.0,7.44,0.3583679495453002,-0.9335804264972016,17.8,71,389.0,4.56,0.4226182617406995,-0.90630778703665,18.5,68,297.0,1.67,0.4694715627858907,-0.882947592858927,19.0,67,328.0,4.21,0.5877852522924732,-0.8090169943749473,0.1499999999999985,open-meteo,2026-08-08T09:59:26+00:00
2026-06-02 08:00:00+00:00,DE,onshore,17.5,79,380.0,7.51,0.5150380749100544,-0.8571673007021122,19.3,68,510.0,5.23,0.4999999999999999,-0.8660254037844387,21.0,60,516.0,2.09,0.1908089953765449,-0.981627183447664,21.0,62,474.0,4.62,0.529919264233205,-0.848048096156426,1.6999999999999993,open-meteo,2026-08-08T09:59:26+00:00
2026-06-02 09:00:00+00:00,DE,onshore,18.2,76,571.0,8.19,0.6560590289905073,-0.754709580222772,20.8,58,646.0,6.1,0.4999999999999999,-0.8660254037844387,22.6,57,568.0,2.11,-0.374606593415912,-0.9271838545667874,23.0,49,503.0,5.71,0.3746065934159122,-0.9271838545667872,3.1499999999999986,open-meteo,2026-08-08T09:59:26+00:00
2026-06-02 10:00:00+00:00,DE,onshore,18.6,74,686.0,7.83,0.6819983600624986,-0.7313537016191705,21.5,55,588.0,6.71,0.4226182617406995,-0.90630778703665,24.3,50,557.0,1.74,-0.7880107536067221,-0.6156614753256581,23.7,44,505.0,5.97,0.3907311284892737,-0.9205048534524404,4.025000000000002,open-meteo,2026-08-08T09:59:26+00:00
2026-06-02 11:00:00+00:00,DE,onshore,18.8,75,591.0,6.44,0.4383711467890773,-0.898794046299167,22.0,50,619.0,5.83,0.4848096202463371,-0.8746197071393957,25.2,44,692.0,3.5,-0.9510565162951536,0.3090169943749472,24.6,41,519.0,5.71,0.2756373558169992,-0.9612616959383188,4.649999999999999,open-meteo,2026-08-08T09:59:26+00:00
2026-06-02 12:00:00+00:00,DE,onshore,18.9,76,391.0,5.11,0.2923717047227366,-0.9563047559630355,22.6,52,452.0,6.33,0.5735764363510459,-0.8191520442889919,25.2,44,676.0,2.08,-0.945518575599317,0.3255681544571563,25.2,41,607.0,6.32,0.1218693434051475,-0.992546151641322,4.975000000000001,open-meteo,2026-08-08T09:59:26+00:00
2026-06-02 13:00:00+00:00,DE,onshore,19.4,71,458.0,7.19,0.4694715627858907,-0.882947592858927,22.3,50,372.0,5.39,0.3255681544571566,-0.9455185755993168,24.3,50,429.0,2.46,-0.9205048534524404,0.3907311284892735,25.9,37,562.0,5.83,0.1391731009600653,-0.9902680687415704,4.975000000000001,open-meteo,2026-08-08T09:59:26+00:00
2026-06-02 14:00:00+00:00,DE,onshore,19.2,73,479.0,6.52,0.6819983600624986,-0.7313537016191705,23.0,48,445.0,5.06,0.7313537016191706,-0.6819983600624984,22.3,56,343.0,6.15,-0.8571673007021123,0.5150380749100542,25.2,37,490.0,5.69,0.0523359562429438,-0.9986295347545738,4.425000000000001,open-meteo,2026-08-08T09:59:26+00:00
2026-06-02 15:00:00+00:00,DE,onshore,19.8,69,318.0,9.27,0.6293203910498374,-0.7771459614569709,22.9,52,357.0,6.92,0.788010753606722,-0.6156614753256583,20.1,67,202.0,9.31,-0.9998476951563912,-0.0174524064372834,25.9,34,406.0,5.54,0.2249510543438652,-0.9743700647852352,4.175000000000001,open-meteo,2026-08-08T09:59:26+00:00
2026-06-02 16:00:00+00:00,DE,onshore,17.7,88,164.0,13.99,-0.7660444431189779,-0.6427876096865395,22.6,54,320.0,6.53,0.6560590289905073,-0.754709580222772,16.2,86,94.0,9.49,-0.981627183447664,0.1908089953765451,25.2,36,298.0,4.92,0.2249510543438652,-0.9743700647852352,2.4250000000000007,open-meteo,2026-08-08T09:59:26+00:00
2026-06-02 17:00:00+00:00,DE,onshore,17.5,86,95.0,10.49,-0.0348994967025009,-0.9993908270190958,22.1,56,210.0,6.3,0.838670567945424,-0.5446390350150272,16.4,88,48.0,6.86,-0.984807753012208,-0.1736481776669303,24.0,45,125.0,4.98,0.1736481776669302,-0.984807753012208,2.0,open-meteo,2026-08-08T09:59:26+00:00
2026-06-02 18:00:00+00:00,DE,onshore,18.6,78,94.0,6.25,0.1564344650402309,-0.9876883405951375,21.3,55,97.0,8.06,0.8910065241883679,-0.4539904997395467,16.3,89,53.0,3.67,-0.8290375725550418,-0.5591929034707466,23.3,47,132.0,5.13,0.7313537016191706,-0.6819983600624984,1.875,open-meteo,2026-08-08T09:59:26+00:00
2026-06-02 19:00:00+00:00,DE,onshore,18.6,77,35.0,7.04,0.2249510543438652,-0.9743700647852352,19.4,62,44.0,9.21,0.838670567945424,-0.5446390350150272,16.0,90,31.0,3.53,-0.7193398003386512,-0.6946583704589973,21.0,59,51.0,7.43,0.8090169943749475,-0.587785252292473,0.75,open-meteo,2026-08-08T09:59:26+00:00
2026-06-02 20:00:00+00:00,DE,onshore,18.3,78,8.0,6.44,0.2249510543438652,-0.9743700647852352,18.2,62,2.0,10.82,0.788010753606722,-0.6156614753256583,15.8,90,1.0,4.29,-0.8191520442889916,-0.5735764363510464,20.3,58,2.0,8.53,0.8290375725550417,-0.5591929034707467,0.1499999999999985,open-meteo,2026-08-08T09:59:26+00:00
2026-06-02 21:00:00+00:00,DE,onshore,18.5,78,0.0,9.01,1.2246467991473532e-16,-1.0,17.5,65,0.0,10.82,0.788010753606722,-0.6156614753256583,15.1,88,0.0,9.41,-0.9998476951563912,-0.0174524064372834,18.8,81,0.0,5.98,-0.984807753012208,0.1736481776669299,0.5249999999999986,open-meteo,2026-08-08T09:59:26+00:00
2026-06-02 22:00:00+00:00,DE,onshore,15.9,94,0.0,11.03,-0.7431448254773944,-0.6691306063588581,16.8,66,0.0,11.5,0.7193398003386511,-0.6946583704589974,14.6,90,0.0,9.33,-0.9876883405951375,-0.156434465040231,17.9,84,0.0,4.0,-0.1908089953765446,0.981627183447664,1.6999999999999993,open-meteo,2026-08-08T09:59:26+00:00
2026-06-02 23:00:00+00:00,DE,onshore,15.5,95,0.0,7.82,-0.9271838545667872,-0.3746065934159123,16.1,68,0.0,11.13,0.6427876096865395,-0.7660444431189779,13.8,89,0.0,5.78,-0.9998476951563912,-0.0174524064372834,16.7,93,0.0,4.63,-0.9945218953682734,-0.1045284632676533,2.474999999999998,open-meteo,2026-08-08T09:59:26+00:00
2026-06-03 00:00:00+00:00,DE,onshore,15.3,94,0.0,6.45,-0.8660254037844384,-0.5000000000000004,15.9,70,0.0,11.26,0.6427876096865395,-0.7660444431189779,13.5,93,0.0,4.37,-0.961261695938319,-0.2756373558169989,16.2,92,0.0,6.66,-0.8386705679454242,-0.544639035015027,2.7749999999999986,open-meteo,2026-08-08T09:59:26+00:00
2026-06-03 01:00:00+00:00,DE,onshore,15.9,91,0.0,8.05,-0.7431448254773944,-0.6691306063588581,15.6,70,0.0,11.39,0.5735764363510459,-0.8191520442889919,13.2,92,0.0,5.36,-0.9510565162951536,-0.3090169943749475,16.1,92,0.0,4.93,-0.992546151641322,0.1218693434051476,2.799999999999999,open-meteo,2026-08-08T09:59:26+00:00
2026-06-03 02:00:00+00:00,DE,onshore,15.6,92,0.0,8.35,-0.8571673007021121,-0.5150380749100544,15.1,72,0.0,10.73,0.5591929034707469,-0.8290375725550416,12.4,89,0.0,6.86,-0.984807753012208,-0.1736481776669303,15.6,94,0.0,6.44,-0.9876883405951375,-0.156434465040231,3.325,open-meteo,2026-08-08T09:59:26+00:00
2026-06-03 03:00:00+00:00,DE,onshore,15.7,92,0.0,5.79,-0.913545457642601,-0.4067366430758001,14.1,79,1.0,8.55,0.3090169943749475,-0.9510565162951536,12.0,90,0.0,5.25,-0.9702957262759964,-0.2419218955996677,15.5,93,0.0,6.36,-0.90630778703665,-0.4226182617406991,3.6750000000000007,open-meteo,2026-08-08T09:59:26+00:00
2026-06-03 04:00:00+00:00,DE,onshore,15.9,87,3.0,7.84,-0.7431448254773944,-0.6691306063588581,14.3,80,38.0,8.09,0.3255681544571566,-0.9455185755993168,12.3,89,4.0,5.4,-0.9271838545667872,-0.3746065934159123,15.2,92,14.0,8.1,-0.9335804264972016,-0.3583679495453007,3.575,open-meteo,2026-08-08T09:59:26+00:00
2026-06-03 05:00:00+00:00,DE,onshore,15.6,88,37.0,9.46,-0.7660444431189779,-0.6427876096865395,15.1,80,104.0,6.66,-0.3420201433256686,-0.9396926207859084,12.9,89,68.0,5.0,-0.981627183447664,-0.1908089953765446,15.4,88,61.0,7.27,-0.9702957262759964,-0.2419218955996677,3.25,open-meteo,2026-08-08T09:59:26+00:00
2026-06-03 06:00:00+00:00,DE,onshore,15.7,85,145.0,9.22,-0.6946583704589974,-0.7193398003386511,16.6,75,167.0,5.95,-0.9563047559630352,-0.2923717047227371,14.3,85,146.0,5.18,-0.9659258262890684,-0.2588190451025206,15.9,85,129.0,6.38,-0.981627183447664,-0.1908089953765446,2.3750000000000018,open-meteo,2026-08-08T09:59:26+00:00
2026-06-03 07:00:00+00:00,DE,onshore,15.5,85,196.0,8.68,-0.7986355100472928,-0.6018150231520483,16.5,88,159.0,6.67,-0.9986295347545738,0.0523359562429439,14.7,81,181.0,7.7,-0.9659258262890684,-0.2588190451025206,16.4,82,196.0,6.34,-0.9743700647852352,-0.2249510543438652,2.225,open-meteo,2026-08-08T09:59:26+00:00
2026-06-03 08:00:00+00:00,DE,onshore,15.8,85,257.0,7.99,-0.656059028990507,-0.7547095802227721,16.6,87,156.0,6.01,-0.9781476007338056,-0.2079116908177598,14.8,77,235.0,7.78,-0.981627183447664,-0.1908089953765446,17.1,77,241.0,7.23,-0.9876883405951375,-0.156434465040231,1.9249999999999967,open-meteo,2026-08-08T09:59:26+00:00
2026-06-03 09:00:00+00:00,DE,onshore,15.6,90,412.0,10.32,-0.7071067811865475,-0.7071067811865477,16.5,91,188.0,4.26,-0.9205048534524404,-0.3907311284892738,16.1,76,232.0,8.12,-0.9902680687415704,-0.1391731009600658,17.7,75,411.0,5.95,-0.9563047559630352,-0.2923717047227371,1.5249999999999986,open-meteo,2026-08-08T09:59:26+00:00
2026-06-03 10:00:00+00:00,DE,onshore,16.1,83,487.0,9.13,-0.5735764363510462,-0.8191520442889918,17.4,82,278.0,4.95,-0.8910065241883678,-0.4539904997395469,17.2,60,590.0,9.2,-0.9702957262759964,-0.2419218955996677,18.8,63,491.0,5.7,-0.9455185755993168,-0.3255681544571566,0.625,open-meteo,2026-08-08T09:59:26+00:00
2026-06-03 11:00:00+00:00,DE,onshore,16.7,78,696.0,9.61,-0.5000000000000001,-0.8660254037844386,16.9,84,238.0,3.89,-0.754709580222772,-0.6560590289905073,18.5,58,608.0,7.96,-0.9455185755993168,-0.3255681544571566,19.8,55,527.0,5.79,-0.882947592858927,-0.4694715627858907,0.0250000000000021,open-meteo,2026-08-08T09:59:26+00:00
2026-06-03 12:00:00+00:00,DE,onshore,17.3,76,598.0,8.32,-0.5299192642332048,-0.8480480961564261,17.4,82,166.0,4.95,-0.90630778703665,-0.4226182617406991,18.0,54,613.0,9.65,-0.9945218953682734,-0.1045284632676533,20.3,48,510.0,6.4,-0.8910065241883678,-0.4539904997395469,0.25,open-meteo,2026-08-08T09:59:26+00:00
2026-06-03 13:00:00+00:00,DE,onshore,15.9,90,297.0,6.31,-0.882947592858927,-0.4694715627858907,18.7,75,351.0,5.57,-0.7771459614569706,-0.6293203910498378,18.9,53,622.0,8.79,-0.992546151641322,-0.1218693434051471,20.8,49,513.0,5.3,-0.8290375725550418,-0.5591929034707466,0.5749999999999993,open-meteo,2026-08-08T09:59:26+00:00
2026-06-03 14:00:00+00:00,DE,onshore,16.4,81,317.0,4.25,-0.7880107536067221,-0.6156614753256581,18.6,70,323.0,4.87,-0.90630778703665,-0.4226182617406991,19.4,53,625.0,8.07,-0.984807753012208,-0.1736481776669303,21.1,47,467.0,5.19,-0.8090169943749473,-0.5877852522924732,0.875,open-meteo,2026-08-08T09:59:26+00:00
2026-06-03 15:00:00+00:00,DE,onshore,15.4,79,180.0,5.22,-0.7660444431189779,-0.6427876096865395,18.9,70,207.0,3.92,-0.6018150231520484,-0.7986355100472928,18.9,53,337.0,6.67,-0.984807753012208,-0.1736481776669303,21.2,46,378.0,6.23,-0.7071067811865475,-0.7071067811865477,0.5999999999999979,open-meteo,2026-08-08T09:59:26+00:00
2026-06-03 16:00:00+00:00,DE,onshore,15.9,83,218.0,4.77,-0.3255681544571567,-0.9455185755993168,18.6,69,235.0,3.68,-0.4226182617406993,-0.90630778703665,19.0,54,314.0,4.93,-0.9563047559630352,-0.2923717047227371,21.2,48,323.0,5.89,-0.7193398003386512,-0.6946583704589973,0.6750000000000007,open-meteo,2026-08-08T09:59:26+00:00
2026-06-03 17:00:00+00:00,DE,onshore,16.0,85,83.0,5.17,-0.1736481776669304,-0.984807753012208,18.4,74,167.0,5.09,-0.275637355816999,-0.9612616959383188,18.8,55,162.0,6.46,-0.9702957262759964,-0.2419218955996677,21.0,48,297.0,6.1,-0.7431448254773944,-0.6691306063588581,0.5500000000000007,open-meteo,2026-08-08T09:59:26+00:00
2026-06-03 18:00:00+00:00,DE,onshore,16.9,86,80.0,7.17,0.0697564737441255,-0.9975640502598242,18.2,70,100.0,5.18,-0.2588190451025208,-0.9659258262890684,18.9,53,119.0,5.27,-0.9510565162951536,-0.3090169943749475,20.3,51,105.0,5.43,-0.5591929034707467,-0.8290375725550418,0.5749999999999993,open-meteo,2026-08-08T09:59:26+00:00
2026-06-03 19:00:00+00:00,DE,onshore,17.1,79,31.0,8.82,1.2246467991473532e-16,-1.0,16.2,77,50.0,6.2,-0.275637355816999,-0.9612616959383188,17.3,58,49.0,5.97,-0.754709580222772,-0.6560590289905073,18.6,60,56.0,6.59,-0.8660254037844384,-0.5000000000000004,0.7000000000000028,open-meteo,2026-08-08T09:59:26+00:00
2026-06-03 20:00:00+00:00,DE,onshore,16.8,80,5.0,10.19,0.0174524064372834,-0.9998476951563912,14.4,85,2.0,7.55,-0.1736481776669304,-0.984807753012208,15.8,65,1.0,4.7,-0.5150380749100542,-0.8571673007021123,17.0,69,2.0,6.24,-0.9271838545667872,-0.3746065934159123,2.0,open-meteo,2026-08-08T09:59:26+00:00
2026-06-03 21:00:00+00:00,DE,onshore,16.5,82,0.0,11.56,-0.0174524064372836,-0.9998476951563912,13.5,85,0.0,9.08,-0.2419218955996675,-0.9702957262759964,14.9,72,0.0,4.66,-0.374606593415912,-0.9271838545667874,15.3,79,0.0,5.42,-0.656059028990507,-0.7547095802227721,2.95,open-meteo,2026-08-08T09:59:26+00:00
2026-06-03 22:00:00+00:00,DE,onshore,16.6,82,0.0,11.66,1.2246467991473532e-16,-1.0,13.2,81,0.0,9.91,-0.3090169943749473,-0.9510565162951536,14.3,74,0.0,4.73,-0.4539904997395467,-0.8910065241883679,14.3,85,0.0,6.44,-0.4383711467890774,-0.8987940462991669,3.3999999999999986,open-meteo,2026-08-08T09:59:26+00:00
2026-06-03 23:00:00+00:00,DE,onshore,16.8,80,0.0,14.21,-0.1218693434051473,-0.992546151641322,12.9,82,0.0,8.54,-0.4539904997395467,-0.8910065241883679,14.5,75,0.0,4.21,-0.4694715627858908,-0.8829475928589269,13.9,88,0.0,7.94,-0.4848096202463369,-0.8746197071393959,3.475,open-meteo,2026-08-08T09:59:26+00:00
2026-06-04 00:00:00+00:00,DE,onshore,16.6,80,0.0,15.11,-0.1218693434051473,-0.992546151641322,11.8,88,0.0,7.18,-0.5299192642332048,-0.8480480961564261,14.9,72,0.0,5.09,-0.1908089953765447,-0.981627183447664,13.7,84,0.0,9.17,-0.3420201433256686,-0.9396926207859084,3.75,open-meteo,2026-08-08T09:59:26+00:00
2026-06-04 01:00:00+00:00,DE,onshore,16.1,85,0.0,15.94,-0.2419218955996675,-0.9702957262759964,11.4,91,0.0,6.98,-0.4848096202463369,-0.8746197071393959,15.3,68,0.0,5.11,-0.3420201433256686,-0.9396926207859084,13.7,84,0.0,8.4,-0.1908089953765447,-0.981627183447664,3.875,open-meteo,2026-08-08T09:59:26+00:00
2026-06-04 02:00:00+00:00,DE,onshore,15.8,88,0.0,14.2,-0.1045284632676535,-0.9945218953682732,11.2,91,0.0,7.42,-0.3907311284892735,-0.9205048534524404,15.3,68,0.0,4.7,-0.3907311284892735,-0.9205048534524404,13.8,84,0.0,8.86,-0.1045284632676535,-0.9945218953682732,3.9750000000000014,open-meteo,2026-08-08T09:59:26+00:00
2026-06-04 03:00:00+00:00,DE,onshore,15.9,89,0.0,14.33,-0.2419218955996675,-0.9702957262759964,11.4,90,1.0,8.71,-0.3255681544571567,-0.9455185755993168,15.4,68,0.0,4.78,-0.2588190451025208,-0.9659258262890684,14.7,79,0.0,9.15,-0.1045284632676535,-0.9945218953682732,3.649999999999999,open-meteo,2026-08-08T09:59:26+00:00
2026-06-04 04:00:00+00:00,DE,onshore,15.9,87,15.0,13.73,-0.4067366430758002,-0.9135454576426008,12.1,89,42.0,9.77,-0.3583679495453004,-0.9335804264972016,15.2,69,4.0,4.71,-0.3583679495453004,-0.9335804264972016,15.0,78,11.0,8.15,-0.0523359562429435,-0.9986295347545738,3.45,open-meteo,2026-08-08T09:59:26+00:00
2026-06-04 05:00:00+00:00,DE,onshore,15.7,81,87.0,14.74,-0.5299192642332048,-0.8480480961564261,14.0,82,127.0,9.78,-0.1908089953765447,-0.981627183447664,15.5,71,49.0,4.47,-0.4848096202463369,-0.8746197071393959,15.5,77,45.0,8.17,-0.1736481776669304,-0.984807753012208,2.825,open-meteo,2026-08-08T09:59:26+00:00
2026-06-04 06:00:00+00:00,DE,onshore,15.6,83,134.0,13.08,-0.5000000000000001,-0.8660254037844386,15.5,78,221.0,8.29,-0.2419218955996675,-0.9702957262759964,16.4,66,119.0,4.78,-0.2588190451025208,-0.9659258262890684,17.0,70,82.0,7.46,-0.2419218955996675,-0.9702957262759964,1.875,open-meteo,2026-08-08T09:59:26+00:00
2026-06-04 07:00:00+00:00,DE,onshore,15.6,82,252.0,13.73,-0.4848096202463369,-0.8746197071393959,16.8,74,291.0,7.46,-0.2419218955996675,-0.9702957262759964,17.0,66,159.0,6.0,-0.0871557427476579,-0.9961946980917455,18.2,68,162.0,7.38,-0.2923717047227367,-0.9563047559630354,1.1000000000000014,open-meteo,2026-08-08T09:59:26+00:00
2026-06-04 08:00:00+00:00,DE,onshore,15.9,79,371.0,13.72,-0.4383711467890774,-0.8987940462991669,18.5,70,441.0,7.0,-0.3090169943749473,-0.9510565162951536,18.8,63,298.0,5.46,-0.1564344650402307,-0.9876883405951378,19.9,64,332.0,7.22,-0.3583679495453004,-0.9335804264972016,0.2749999999999986,open-meteo,2026-08-08T09:59:26+00:00
2026-06-04 09:00:00+00:00,DE,onshore,16.0,79,308.0,13.02,-0.3420201433256686,-0.9396926207859084,19.5,65,382.0,8.24,-0.4226182617406993,-0.90630778703665,19.1,62,361.0,7.15,-0.2249510543438649,-0.9743700647852352,20.3,61,230.0,6.38,-0.3090169943749473,-0.9510565162951536,0.7250000000000014,open-meteo,2026-08-08T09:59:26+00:00
2026-06-04 10:00:00+00:00,DE,onshore,16.1,78,253.0,13.37,-0.1908089953765447,-0.981627183447664,20.5,60,460.0,8.81,-0.4539904997395467,-0.8910065241883679,20.3,62,318.0,3.84,-0.7880107536067221,-0.6156614753256581,21.3,58,464.0,8.24,-0.4539904997395467,-0.8910065241883679,1.5500000000000007,open-meteo,2026-08-08T09:59:26+00:00
2026-06-04 11:00:00+00:00,DE,onshore,16.2,79,233.0,13.85,-0.1908089953765447,-0.981627183447664,21.4,56,533.0,9.04,-0.3907311284892735,-0.9205048534524404,22.0,52,421.0,5.49,-0.8571673007021121,-0.5150380749100544,21.8,56,362.0,8.12,-0.5000000000000001,-0.8660254037844386,2.349999999999998,open-meteo,2026-08-08T09:59:26+00:00
2026-06-04 12:00:00+00:00,DE,onshore,16.4,79,361.0,12.21,-0.1045284632676535,-0.9945218953682732,20.9,61,315.0,7.81,-0.4067366430758002,-0.9135454576426008,22.0,51,430.0,7.28,-0.8386705679454242,-0.544639035015027,21.8,57,345.0,8.59,-0.4067366430758002,-0.9135454576426008,2.2749999999999986,open-meteo,2026-08-08T09:59:26+00:00
2026-06-04 13:00:00+00:00,DE,onshore,16.9,81,533.0,13.61,-0.1736481776669304,-0.984807753012208,21.0,59,321.0,8.06,-0.4383711467890774,-0.8987940462991669,21.6,52,403.0,6.12,-0.848048096156426,-0.529919264233205,19.4,74,212.0,6.44,-0.4694715627858908,-0.8829475928589269,1.7250000000000014,open-meteo,2026-08-08T09:59:26+00:00
2026-06-04 14:00:00+00:00,DE,onshore,16.2,80,218.0,12.3,-0.3420201433256686,-0.9396926207859084,20.8,65,264.0,7.35,-0.3583679495453004,-0.9335804264972016,20.9,53,237.0,7.68,-0.8660254037844384,-0.5000000000000004,19.2,83,191.0,4.65,0.3090169943749475,-0.9510565162951536,1.2749999999999986,open-meteo,2026-08-08T09:59:26+00:00
2026-06-04 15:00:00+00:00,DE,onshore,14.6,93,153.0,10.34,-0.7431448254773944,-0.6691306063588581,20.7,66,251.0,8.18,-0.5591929034707467,-0.8290375725550418,17.1,76,152.0,7.53,-0.5299192642332048,-0.8480480961564261,19.3,76,337.0,9.76,-0.1045284632676535,-0.9945218953682732,0.0749999999999992,open-meteo,2026-08-08T09:59:26+00:00
2026-06-04 16:00:00+00:00,DE,onshore,14.0,81,72.0,7.08,-0.374606593415912,-0.9271838545667874,17.2,89,69.0,4.85,-0.1391731009600655,-0.9902680687415704,16.8,74,162.0,8.07,-0.874619707139396,-0.4848096202463368,19.4,72,324.0,9.36,-0.1045284632676535,-0.9945218953682732,1.1499999999999986,open-meteo,2026-08-08T09:59:26+00:00
2026-06-04 17:00:00+00:00,DE,onshore,15.2,78,142.0,7.53,-0.3583679495453004,-0.9335804264972016,17.5,83,108.0,8.74,-0.0697564737441252,-0.9975640502598242,15.9,71,108.0,6.9,-0.9205048534524404,-0.3907311284892738,19.3,74,219.0,9.36,-0.3420201433256686,-0.9396926207859084,1.0249999999999986,open-meteo,2026-08-08T09:59:26+00:00
2026-06-04 18:00:00+00:00,DE,onshore,15.8,83,83.0,7.93,-0.1564344650402307,-0.9876883405951378,16.1,84,96.0,9.23,0.0697564737441255,-0.9975640502598242,15.4,77,49.0,2.1,-0.6018150231520484,-0.7986355100472928,18.0,79,83.0,11.07,-0.981627183447664,-0.1908089953765446,1.6749999999999972,open-meteo,2026-08-08T09:59:26+00:00
2026-06-04 19:00:00+00:00,DE,onshore,15.8,78,22.0,11.04,-0.5299192642332048,-0.8480480961564261,15.7,84,33.0,10.81,-0.1564344650402307,-0.9876883405951378,14.5,82,21.0,5.59,-0.0348994967025009,-0.9993908270190958,15.5,78,21.0,8.82,-0.7986355100472928,-0.6018150231520483,2.625,open-meteo,2026-08-08T09:59:26+00:00
2026-06-04 20:00:00+00:00,DE,onshore,15.9,80,7.0,12.62,-0.587785252292473,-0.8090169943749475,14.9,83,2.0,5.2,-0.9986295347545738,-0.0523359562429443,13.7,82,1.0,5.64,-0.3420201433256686,-0.9396926207859084,14.8,84,1.0,8.8,-0.6946583704589974,-0.7193398003386511,3.1750000000000007,open-meteo,2026-08-08T09:59:26+00:00
2026-06-04 21:00:00+00:00,DE,onshore,15.2,82,0.0,10.84,-0.5735764363510462,-0.8191520442889918,13.4,92,0.0,6.09,-0.4694715627858908,-0.8829475928589269,14.0,79,0.0,3.93,-0.3255681544571567,-0.9455185755993168,14.3,89,0.0,7.62,-0.4694715627858908,-0.8829475928589269,3.774999999999999,open-meteo,2026-08-08T09:59:26+00:00
2026-06-04 22:00:00+00:00,DE,onshore,15.4,81,0.0,11.94,-0.587785252292473,-0.8090169943749475,13.1,92,0.0,8.81,-0.4539904997395467,-0.8910065241883679,13.6,83,0.0,3.73,-0.5000000000000001,-0.8660254037844386,14.4,88,0.0,9.35,-0.5000000000000001,-0.8660254037844386,3.875,open-meteo,2026-08-08T09:59:26+00:00
2026-06-04 23:00:00+00:00,DE,onshore,15.2,82,0.0,13.11,-0.6691306063588582,-0.7431448254773942,13.2,90,0.0,10.33,-0.5150380749100542,-0.8571673007021123,13.6,84,0.0,5.19,-0.587785252292473,-0.8090169943749475,14.0,92,0.0,7.72,-0.4067366430758002,-0.9135454576426008,4.0,open-meteo,2026-08-08T09:59:26+00:00
2026-06-05 00:00:00+00:00,DE,onshore,14.8,84,0.0,12.61,-0.6946583704589974,-0.7193398003386511,13.3,90,0.0,10.0,-0.4848096202463369,-0.8746197071393959,13.3,84,0.0,4.58,-0.7431448254773944,-0.6691306063588581,14.0,92,0.0,7.7,-0.7986355100472928,-0.6018150231520483,4.149999999999999,open-meteo,2026-08-08T09:59:26+00:00
2026-06-05 01:00:00+00:00,DE,onshore,15.0,84,0.0,12.34,-0.7313537016191703,-0.6819983600624986,13.0,92,0.0,9.86,-0.6018150231520484,-0.7986355100472928,12.9,87,0.0,3.37,-0.8090169943749473,-0.5877852522924732,13.5,91,0.0,7.62,-0.7986355100472928,-0.6018150231520483,4.4,open-meteo,2026-08-08T09:59:26+00:00
2026-06-05 02:00:00+00:00,DE,onshore,15.0,84,0.0,11.99,-0.7313537016191703,-0.6819983600624986,12.9,92,0.0,10.78,-0.7660444431189779,-0.6427876096865395,12.5,88,0.0,3.63,-0.9455185755993168,-0.3255681544571566,12.9,89,0.0,8.06,-0.8910065241883678,-0.4539904997395469,4.675000000000001,open-meteo,2026-08-08T09:59:26+00:00
2026-06-05 03:00:00+00:00,DE,onshore,14.5,87,0.0,11.67,-0.656059028990507,-0.7547095802227721,12.7,92,1.0,8.0,-0.7660444431189779,-0.6427876096865395,11.9,89,0.0,4.9,-0.9781476007338056,-0.2079116908177598,12.6,90,0.0,6.88,-0.754709580222772,-0.6560590289905073,5.074999999999999,open-meteo,2026-08-08T09:59:26+00:00
2026-06-05 04:00:00+00:00,DE,onshore,14.4,86,23.0,10.7,-0.7986355100472928,-0.6018150231520483,12.7,93,25.0,7.56,-0.8571673007021121,-0.5150380749100544,12.1,85,5.0,4.4,-0.9335804264972016,-0.3583679495453007,12.5,90,20.0,6.61,-0.848048096156426,-0.529919264233205,5.074999999999999,open-meteo,2026-08-08T09:59:26+00:00
2026-06-05 05:00:00+00:00,DE,onshore,14.5,85,117.0,11.14,-0.7771459614569706,-0.6293203910498378,13.3,91,89.0,5.96,-0.8090169943749473,-0.5877852522924732,12.5,88,55.0,2.73,-0.9335804264972016,-0.3583679495453007,13.1,87,85.0,6.77,-0.8290375725550418,-0.5591929034707466,4.65,open-meteo,2026-08-08T09:59:26+00:00
2026-06-05 06:00:00+00:00,DE,onshore,14.8,86,231.0,11.37,-0.7880107536067221,-0.6156614753256581,13.8,87,170.0,5.17,-0.7986355100472928,-0.6018150231520483,13.8,82,152.0,3.96,-0.9876883405951375,-0.156434465040231,14.3,81,180.0,5.28,-0.7660444431189779,-0.6427876096865395,3.8249999999999993,open-meteo,2026-08-08T09:59:26+00:00
2026-06-05 07:00:00+00:00,DE,onshore,15.0,86,349.0,10.41,-0.8191520442889916,-0.5735764363510464,14.8,83,291.0,4.65,-0.6691306063588582,-0.7431448254773942,14.7,74,230.0,6.48,-0.984807753012208,-0.1736481776669303,15.7,76,340.0,4.95,-0.90630778703665,-0.4226182617406991,2.95,open-meteo,2026-08-08T09:59:26+00:00
2026-06-05 08:00:00+00:00,DE,onshore,15.3,86,482.0,9.79,-0.754709580222772,-0.6560590289905073,16.3,77,433.0,4.44,-0.754709580222772,-0.6560590289905073,15.7,67,452.0,6.25,-0.9876883405951375,-0.156434465040231,17.0,68,456.0,5.86,-0.9335804264972016,-0.3583679495453007,1.9250000000000007,open-meteo,2026-08-08T09:59:26+00:00
2026-06-05 09:00:00+00:00,DE,onshore,15.6,84,577.0,9.09,-0.7986355100472928,-0.6018150231520483,16.6,72,538.0,4.98,-0.8090169943749473,-0.5877852522924732,16.5,66,494.0,5.68,-0.9998476951563912,-0.0174524064372834,17.6,64,517.0,6.66,-0.9396926207859084,-0.3420201433256685,1.4249999999999972,open-meteo,2026-08-08T09:59:26+00:00
2026-06-05 10:00:00+00:00,DE,onshore,15.5,87,309.0,7.54,-0.882947592858927,-0.4694715627858907,17.8,67,618.0,4.52,-0.8660254037844384,-0.5000000000000004,17.9,58,620.0,6.18,-0.9975640502598242,-0.0697564737441255,18.4,61,549.0,5.73,-0.9396926207859084,-0.3420201433256685,0.6000000000000014,open-meteo,2026-08-08T09:59:26+00:00
2026-06-05 11:00:00+00:00,DE,onshore,15.2,86,280.0,5.37,-0.9659258262890684,-0.2588190451025206,18.5,61,561.0,5.9,-0.7431448254773944,-0.6691306063588581,18.9,49,794.0,6.82,-0.992546151641322,-0.1218693434051471,19.3,59,597.0,5.65,-0.8987940462991668,-0.4383711467890777,0.0249999999999985,open-meteo,2026-08-08T09:59:26+00:00
2026-06-05 12:00:00+00:00,DE,onshore,14.8,82,296.0,7.55,-0.9993908270190958,-0.0348994967025007,19.3,57,620.0,4.95,-0.8910065241883678,-0.4539904997395469,19.0,53,796.0,6.17,-0.984807753012208,-0.1736481776669303,19.7,52,703.0,5.33,-0.9396926207859084,-0.3420201433256685,0.1999999999999993,open-meteo,2026-08-08T09:59:26+00:00
2026-06-05 13:00:00+00:00,DE,onshore,14.6,84,442.0,7.05,-0.9998476951563912,0.0174524064372831,19.8,57,662.0,4.3,-0.8660254037844384,-0.5000000000000004,19.2,50,545.0,5.16,-0.9702957262759964,-0.2419218955996677,19.6,55,444.0,5.96,-0.9876883405951375,-0.156434465040231,0.2999999999999971,open-meteo,2026-08-08T09:59:26+00:00
2026-06-05 14:00:00+00:00,DE,onshore,14.5,83,533.0,6.42,-0.992546151641322,0.1218693434051476,20.0,55,466.0,4.46,-0.9455185755993168,-0.3255681544571566,20.1,44,606.0,5.63,-0.992546151641322,-0.1218693434051471,20.5,57,482.0,5.35,-0.9902680687415704,-0.1391731009600658,0.7749999999999986,open-meteo,2026-08-08T09:59:26+00:00
2026-06-05 15:00:00+00:00,DE,onshore,14.8,82,591.0,6.88,-0.981627183447664,0.1908089953765451,18.2,65,306.0,6.17,-0.984807753012208,-0.1736481776669303,20.1,43,552.0,4.77,-0.9876883405951378,0.1564344650402306,19.9,54,399.0,5.0,-0.9998476951563912,-0.0174524064372834,0.25,open-meteo,2026-08-08T09:59:26+00:00
2026-06-05 16:00:00+00:00,DE,onshore,14.7,81,491.0,6.07,-0.9510565162951536,0.3090169943749472,17.9,70,161.0,4.76,-0.7986355100472928,-0.6018150231520483,20.0,42,408.0,4.31,-1.0,-1.8369701987210287e-16,20.8,48,290.0,4.35,-0.9205048534524404,-0.3907311284892738,0.3499999999999978,open-meteo,2026-08-08T09:59:26+00:00
2026-06-05 17:00:00+00:00,DE,onshore,14.6,82,302.0,4.78,-0.981627183447664,0.1908089953765451,16.8,71,155.0,7.08,-0.9961946980917455,-0.0871557427476582,19.6,42,306.0,3.59,-0.981627183447664,0.1908089953765451,19.0,53,180.0,4.86,-0.882947592858927,-0.4694715627858907,0.5,open-meteo,2026-08-08T09:59:26+00:00
2026-06-05 18:00:00+00:00,DE,onshore,14.7,81,181.0,4.27,-0.9876883405951378,0.1564344650402306,16.0,87,64.0,2.98,-0.8910065241883679,0.4539904997395466,19.4,38,194.0,3.5,-0.9510565162951536,0.3090169943749472,19.5,58,149.0,7.15,-0.9998476951563912,-0.0174524064372834,0.6000000000000014,open-meteo,2026-08-08T09:59:26+00:00
2026-06-05 19:00:00+00:00,DE,onshore,14.6,81,88.0,3.73,-0.9986295347545738,0.0523359562429439,15.2,93,42.0,2.85,-0.8910065241883679,0.4539904997395466,17.7,48,62.0,2.47,-0.992546151641322,0.1218693434051476,17.0,71,36.0,5.68,-0.7193398003386512,0.6946583704589973,1.875,open-meteo,2026-08-08T09:59:26+00:00
2026-06-05 20:00:00+00:00,DE,onshore,14.4,83,13.0,3.73,-0.9986295347545738,0.0523359562429439,14.2,94,1.0,2.07,-0.9961946980917455,-0.0871557427476582,15.7,58,2.0,2.07,-0.9961946980917455,0.0871557427476578,15.0,83,3.0,2.23,-0.7880107536067218,0.6156614753256585,3.1750000000000007,open-meteo,2026-08-08T09:59:26+00:00
2026-06-05 21:00:00+00:00,DE,onshore,13.8,84,0.0,2.42,-0.848048096156426,-0.529919264233205,12.5,92,0.0,5.01,-0.9975640502598244,0.0697564737441252,14.1,71,0.0,1.81,-0.9743700647852352,-0.2249510543438652,13.0,92,0.0,3.6,-0.9271838545667874,0.3746065934159119,4.65,open-meteo,2026-08-08T09:59:26+00:00
2026-06-05 22:00:00+00:00,DE,onshore,14.0,80,0.0,3.0,-0.7880107536067221,-0.6156614753256581,11.8,93,0.0,4.63,-0.9743700647852352,0.2249510543438649,13.2,73,0.0,0.69,-0.9902680687415704,-0.1391731009600658,12.3,94,0.0,2.1,-0.8829475928589271,0.4694715627858904,5.175000000000001,open-meteo,2026-08-08T09:59:26+00:00
2026-06-05 23:00:00+00:00,DE,onshore,14.2,78,0.0,2.75,-0.8191520442889916,-0.5735764363510464,11.3,92,0.0,4.11,-1.0,-1.8369701987210287e-16,11.6,84,0.0,0.89,-0.1045284632676535,-0.9945218953682732,11.5,95,0.0,2.16,-1.0,-1.8369701987210287e-16,5.85,open-meteo,2026-08-08T09:59:26+00:00
2026-06-06 00:00:00+00:00,DE,onshore,14.7,77,0.0,3.16,-0.8660254037844384,-0.5000000000000004,10.6,95,0.0,5.19,-0.9998476951563912,0.0174524064372831,11.2,83,0.0,1.25,0.6293203910498374,-0.7771459614569709,10.3,98,0.0,2.16,-0.9986295347545738,0.0523359562429439,6.300000000000001,open-meteo,2026-08-08T09:59:26+00:00
2026-06-06 01:00:00+00:00,DE,onshore,15.1,73,0.0,2.36,-0.6691306063588582,-0.7431448254773942,10.3,96,0.0,4.73,-0.9945218953682734,0.1045284632676529,9.8,91,0.0,2.67,0.8829475928589269,-0.4694715627858909,9.5,99,0.0,2.29,-0.984807753012208,0.1736481776669299,6.824999999999999,open-meteo,2026-08-08T09:59:26+00:00
2026-06-06 02:00:00+00:00,DE,onshore,15.5,77,0.0,2.77,-0.3907311284892735,-0.9205048534524404,10.1,97,0.0,4.46,-0.9876883405951378,0.1564344650402306,9.5,90,0.0,1.8,0.7071067811865476,-0.7071067811865475,8.9,100,0.0,1.88,-0.9876883405951375,-0.156434465040231,7.0,open-meteo,2026-08-08T09:59:26+00:00
2026-06-06 03:00:00+00:00,DE,onshore,15.1,80,0.0,3.25,0.0871557427476582,-0.9961946980917455,9.5,99,1.0,4.44,-0.9271838545667874,0.3746065934159119,8.4,94,0.0,1.89,0.9335804264972016,-0.3583679495453002,8.9,100,0.0,1.81,-0.9743700647852352,-0.2249510543438652,7.525,open-meteo,2026-08-08T09:59:26+00:00
2026-06-06 04:00:00+00:00,DE,onshore,14.8,81,20.0,4.62,0.3583679495453002,-0.9335804264972016,10.1,99,43.0,3.57,-0.9335804264972016,0.3583679495453004,8.0,97,8.0,1.93,0.9135454576426008,-0.4067366430758002,9.0,100,28.0,0.39,1.2246467991473532e-16,-1.0,7.525,open-meteo,2026-08-08T09:59:26+00:00
2026-06-06 05:00:00+00:00,DE,onshore,14.9,83,58.0,5.11,0.529919264233205,-0.848048096156426,11.9,97,147.0,2.5,-0.898794046299167,0.4383711467890774,8.8,99,72.0,2.06,0.90630778703665,-0.4226182617406993,9.9,100,98.0,1.95,-0.3090169943749473,-0.9510565162951536,6.625,open-meteo,2026-08-08T09:59:26+00:00
2026-06-06 06:00:00+00:00,DE,onshore,14.8,87,142.0,5.95,0.5446390350150273,-0.8386705679454239,14.3,84,287.0,0.29,-1.0,-1.8369701987210287e-16,12.7,77,168.0,1.39,0.7071067811865476,-0.7071067811865475,14.2,79,254.0,2.45,1.2246467991473532e-16,-1.0,4.0,open-meteo,2026-08-08T09:59:26+00:00
2026-06-06 07:00:00+00:00,DE,onshore,15.0,85,174.0,6.27,0.6293203910498374,-0.7771459614569709,15.8,80,405.0,0.35,0.5591929034707469,-0.8290375725550416,15.0,69,303.0,0.71,0.9612616959383188,-0.275637355816999,16.7,69,418.0,1.95,0.3090169943749475,-0.9510565162951536,2.375,open-meteo,2026-08-08T09:59:26+00:00
2026-06-06 08:00:00+00:00,DE,onshore,15.5,83,356.0,5.7,0.4848096202463371,-0.8746197071393957,16.9,74,449.0,1.02,0.2923717047227366,-0.9563047559630355,17.2,62,451.0,1.4,0.90630778703665,-0.4226182617406993,18.7,61,576.0,2.14,0.2756373558169992,-0.9612616959383188,0.9250000000000008,open-meteo,2026-08-08T09:59:26+00:00
2026-06-06 09:00:00+00:00,DE,onshore,16.2,81,390.0,4.69,0.4848096202463371,-0.8746197071393957,18.2,67,573.0,1.28,0.0697564737441255,-0.9975640502598242,19.1,54,489.0,1.33,0.8090169943749475,-0.587785252292473,20.3,56,699.0,2.24,0.3907311284892737,-0.9205048534524404,0.4499999999999993,open-meteo,2026-08-08T09:59:26+00:00
2026-06-06 10:00:00+00:00,DE,onshore,16.8,77,718.0,2.55,0.3907311284892737,-0.9205048534524404,19.4,56,703.0,1.43,0.2756373558169992,-0.9612616959383188,20.5,48,595.0,1.61,0.788010753606722,-0.6156614753256583,21.3,52,722.0,2.59,0.6018150231520482,-0.7986355100472929,1.5,open-meteo,2026-08-08T09:59:26+00:00
2026-06-06 11:00:00+00:00,DE,onshore,16.9,78,641.0,1.4,0.2079116908177593,-0.9781476007338056,20.4,52,652.0,1.86,-0.0523359562429435,-0.9986295347545738,21.2,46,561.0,1.58,0.9271838545667874,-0.374606593415912,22.6,44,680.0,2.51,0.6293203910498374,-0.7771459614569709,2.2749999999999986,open-meteo,2026-08-08T09:59:26+00:00
2026-06-06 12:00:00+00:00,DE,onshore,17.4,75,566.0,0.44,0.8910065241883679,-0.4539904997395467,21.3,51,634.0,2.08,0.3255681544571566,-0.9455185755993168,22.8,41,692.0,1.29,0.1564344650402309,-0.9876883405951375,23.2,37,330.0,2.67,0.1391731009600653,-0.9902680687415704,3.1750000000000007,open-meteo,2026-08-08T09:59:26+00:00
2026-06-06 13:00:00+00:00,DE,onshore,17.7,79,380.0,1.57,0.9975640502598242,0.0697564737441252,21.3,50,590.0,1.25,0.7071067811865476,-0.7071067811865475,23.4,39,633.0,2.08,-0.7071067811865475,-0.7071067811865477,23.9,35,637.0,3.37,-0.1391731009600655,-0.9902680687415704,3.575,open-meteo,2026-08-08T09:59:26+00:00
2026-06-06 14:00:00+00:00,DE,onshore,17.9,79,366.0,2.29,0.9396926207859084,-0.3420201433256687,21.8,50,592.0,2.26,-0.3090169943749473,-0.9510565162951536,23.0,43,445.0,4.8,-0.9993908270190958,-0.0348994967025007,24.2,31,684.0,4.52,0.0871557427476582,-0.9961946980917455,3.7250000000000014,open-meteo,2026-08-08T09:59:26+00:00
2026-06-06 15:00:00+00:00,DE,onshore,18.4,75,93.0,2.06,0.0523359562429438,-0.9986295347545738,21.5,49,334.0,1.15,0.9396926207859084,-0.3420201433256687,23.1,42,539.0,4.02,-0.9986295347545738,-0.0523359562429443,23.7,36,428.0,2.95,-0.0697564737441252,-0.9975640502598242,3.6750000000000007,open-meteo,2026-08-08T09:59:26+00:00
2026-06-06 16:00:00+00:00,DE,onshore,18.2,70,157.0,3.14,-0.0697564737441252,-0.9975640502598242,21.5,50,308.0,1.67,0.9335804264972016,-0.3583679495453002,23.2,39,371.0,4.9,-0.9781476007338056,-0.2079116908177598,23.7,35,349.0,3.95,-0.1218693434051473,-0.992546151641322,3.650000000000002,open-meteo,2026-08-08T09:59:26+00:00
2026-06-06 17:00:00+00:00,DE,onshore,17.9,76,200.0,2.22,0.7547095802227721,-0.6560590289905072,20.8,56,228.0,3.35,0.992546151641322,0.1218693434051474,22.5,36,270.0,7.18,-0.9961946980917455,-0.0871557427476582,23.0,42,207.0,3.89,-0.5591929034707467,-0.8290375725550418,3.0500000000000007,open-meteo,2026-08-08T09:59:26+00:00
2026-06-06 18:00:00+00:00,DE,onshore,17.8,78,78.0,0.96,0.9135454576426008,-0.4067366430758002,19.7,64,88.0,4.92,0.9945218953682732,0.1045284632676534,21.8,40,92.0,9.02,-0.9993908270190958,-0.0348994967025007,22.0,45,107.0,2.23,-0.7880107536067221,-0.6156614753256581,2.325,open-meteo,2026-08-08T09:59:26+00:00
2026-06-06 19:00:00+00:00,DE,onshore,16.3,88,24.0,5.62,-0.9945218953682734,-0.1045284632676533,18.0,76,44.0,7.97,0.9945218953682732,-0.1045284632676535,20.3,48,32.0,6.49,-0.981627183447664,0.1908089953765451,20.6,53,47.0,2.87,-0.1391731009600655,-0.9902680687415704,0.7999999999999972,open-meteo,2026-08-08T09:59:26+00:00
2026-06-06 20:00:00+00:00,DE,onshore,16.5,83,4.0,1.69,-0.1736481776669304,-0.984807753012208,17.0,81,2.0,9.15,0.984807753012208,-0.1736481776669303,18.1,59,1.0,4.61,-0.9998476951563912,-0.0174524064372834,18.2,59,3.0,3.38,-0.5000000000000001,-0.8660254037844386,0.5500000000000007,open-meteo,2026-08-08T09:59:26+00:00
2026-06-06 21:00:00+00:00,DE,onshore,17.1,76,0.0,4.92,0.5150380749100544,-0.8571673007021122,16.3,84,0.0,8.96,0.9396926207859084,-0.3420201433256687,17.2,69,0.0,4.65,-0.882947592858927,-0.4694715627858907,15.3,84,0.0,3.88,-0.3583679495453004,-0.9335804264972016,1.5249999999999986,open-meteo,2026-08-08T09:59:26+00:00
2026-06-06 22:00:00+00:00,DE,onshore,16.2,84,0.0,9.03,0.2249510543438652,-0.9743700647852352,16.0,86,0.0,9.46,0.9335804264972016,-0.3583679495453002,17.7,60,0.0,9.55,-0.9743700647852352,-0.2249510543438652,14.9,86,0.0,4.43,0.0871557427476582,-0.9961946980917455,1.7999999999999972,open-meteo,2026-08-08T09:59:26+00:00
2026-06-06 23:00:00+00:00,DE,onshore,16.0,84,0.0,8.28,0.1908089953765449,-0.981627183447664,15.7,87,0.0,9.7,0.788010753606722,-0.6156614753256583,16.3,70,0.0,6.58,-0.9975640502598244,0.0697564737441252,14.5,85,0.0,9.03,-0.9659258262890684,-0.2588190451025206,2.375,open-meteo,2026-08-08T09:59:26+00:00
2026-06-07 00:00:00+00:00,DE,onshore,16.0,83,0.0,9.8,-0.1391731009600655,-0.9902680687415704,14.9,89,0.0,8.74,0.4999999999999999,-0.8660254037844387,14.9,79,0.0,6.02,-0.992546151641322,0.1218693434051476,15.2,89,0.0,6.72,-0.945518575599317,0.3255681544571563,2.75,open-meteo,2026-08-08T09:59:26+00:00
2026-06-07 01:00:00+00:00,DE,onshore,15.8,85,0.0,10.53,-0.2588190451025208,-0.9659258262890684,14.0,91,0.0,7.58,0.0871557427476582,-0.9961946980917455,14.3,82,0.0,5.12,-0.9961946980917455,-0.0871557427476582,14.7,94,0.0,4.25,-0.9902680687415704,-0.1391731009600658,3.3000000000000007,open-meteo,2026-08-08T09:59:26+00:00
2026-06-07 02:00:00+00:00,DE,onshore,15.7,84,0.0,10.42,-0.6018150231520484,-0.7986355100472928,13.3,92,0.0,7.1,-0.3420201433256686,-0.9396926207859084,13.7,86,0.0,4.71,-0.9563047559630352,-0.2923717047227371,14.4,94,0.0,5.63,-0.6427876096865393,-0.766044443118978,3.725,open-meteo,2026-08-08T09:59:26+00:00
2026-06-07 03:00:00+00:00,DE,onshore,15.9,82,0.0,11.44,-0.5591929034707467,-0.8290375725550418,13.4,88,1.0,7.21,-0.7986355100472928,-0.6018150231520483,13.4,88,0.0,4.75,-0.9271838545667872,-0.3746065934159123,14.4,95,0.0,5.22,-0.5591929034707467,-0.8290375725550418,3.725,open-meteo,2026-08-08T09:59:26+00:00
2026-06-07 04:00:00+00:00,DE,onshore,15.3,82,6.0,11.31,-0.5735764363510462,-0.8191520442889918,14.1,88,33.0,5.52,-0.9945218953682734,-0.1045284632676533,14.0,77,7.0,6.99,-0.9659258262890684,-0.2588190451025206,14.7,93,8.0,7.42,-0.5591929034707467,-0.8290375725550418,3.4750000000000014,open-meteo,2026-08-08T09:59:26+00:00
2026-06-07 05:00:00+00:00,DE,onshore,15.3,81,67.0,11.56,-0.587785252292473,-0.8090169943749475,15.3,86,83.0,7.31,-0.848048096156426,-0.529919264233205,14.7,70,87.0,7.08,-0.9961946980917455,-0.0871557427476582,15.1,92,36.0,6.47,-0.848048096156426,-0.529919264233205,2.9000000000000004,open-meteo,2026-08-08T09:59:26+00:00
2026-06-07 06:00:00+00:00,DE,onshore,15.0,82,118.0,11.57,-0.4539904997395467,-0.8910065241883679,15.7,82,155.0,6.64,-0.8571673007021121,-0.5150380749100544,16.7,65,235.0,4.35,-0.9902680687415704,-0.1391731009600658,16.6,81,178.0,7.3,-0.9659258262890684,-0.2588190451025206,2.0,open-meteo,2026-08-08T09:59:26+00:00
2026-06-07 07:00:00+00:00,DE,onshore,14.7,85,111.0,11.75,-0.4848096202463369,-0.8746197071393959,16.7,78,247.0,5.41,-0.6946583704589974,-0.7193398003386511,18.0,54,390.0,7.7,-0.992546151641322,-0.1218693434051471,17.1,71,300.0,7.09,-0.981627183447664,-0.1908089953765446,1.375,open-meteo,2026-08-08T09:59:26+00:00
2026-06-07 08:00:00+00:00,DE,onshore,14.7,87,60.0,12.52,-0.6427876096865393,-0.766044443118978,16.9,78,191.0,5.28,-0.7660444431189779,-0.6427876096865395,18.8,50,482.0,7.46,-0.984807753012208,-0.1736481776669303,17.5,66,333.0,8.1,-0.9335804264972016,-0.3583679495453007,1.0249999999999986,open-meteo,2026-08-08T09:59:26+00:00
2026-06-07 09:00:00+00:00,DE,onshore,15.2,89,107.0,11.75,-0.882947592858927,-0.4694715627858907,17.1,78,299.0,5.43,-0.8290375725550418,-0.5591929034707466,19.8,45,601.0,7.51,-0.9781476007338056,-0.2079116908177598,17.8,61,316.0,8.24,-0.9396926207859084,-0.3420201433256685,0.5250000000000021,open-meteo,2026-08-08T09:59:26+00:00
2026-06-07 10:00:00+00:00,DE,onshore,15.5,87,628.0,11.6,-0.961261695938319,-0.2756373558169989,18.7,75,429.0,5.01,-0.8571673007021121,-0.5150380749100544,20.8,42,808.0,7.37,-0.9455185755993168,-0.3255681544571566,18.8,55,410.0,8.92,-0.9781476007338056,-0.2079116908177598,0.4499999999999993,open-meteo,2026-08-08T09:59:26+00:00
2026-06-07 11:00:00+00:00,DE,onshore,15.8,87,731.0,12.37,-0.9563047559630352,-0.2923717047227371,19.1,63,389.0,6.64,-0.8571673007021121,-0.5150380749100544,21.8,40,878.0,6.96,-0.9993908270190958,-0.0348994967025007,17.7,60,245.0,9.28,-0.992546151641322,-0.1218693434051471,0.6000000000000014,open-meteo,2026-08-08T09:59:26+00:00
2026-06-07 12:00:00+00:00,DE,onshore,15.7,87,525.0,13.59,-0.9876883405951375,-0.156434465040231,19.0,61,631.0,7.79,-0.9335804264972016,-0.3583679495453007,22.0,42,895.0,5.88,-0.9998476951563912,0.0174524064372831,18.0,62,291.0,7.84,-0.9993908270190958,-0.0348994967025007,0.6750000000000007,open-meteo,2026-08-08T09:59:26+00:00
2026-06-07 13:00:00+00:00,DE,onshore,15.6,85,526.0,14.35,-0.981627183447664,-0.1908089953765446,19.2,58,449.0,8.68,-0.9396926207859084,-0.3420201433256685,22.5,41,863.0,5.29,-0.9998476951563912,-0.0174524064372834,18.6,61,323.0,9.75,-0.9945218953682734,-0.1045284632676533,0.9750000000000014,open-meteo,2026-08-08T09:59:26+00:00
2026-06-07 14:00:00+00:00,DE,onshore,15.3,86,636.0,14.67,-0.9945218953682734,-0.1045284632676533,18.3,62,395.0,9.91,-0.9876883405951375,-0.156434465040231,22.9,39,789.0,5.1,-0.9986295347545738,0.0523359562429439,19.2,59,283.0,8.43,-0.9986295347545738,0.0523359562429439,0.9250000000000008,open-meteo,2026-08-08T09:59:26+00:00
2026-06-07 15:00:00+00:00,DE,onshore,15.3,84,619.0,14.48,-0.9945218953682734,-0.1045284632676533,17.5,67,265.0,8.97,-0.9945218953682734,-0.1045284632676533,22.9,36,669.0,4.84,-0.9335804264972016,0.3583679495453004,19.6,58,392.0,8.13,-0.9998476951563912,0.0174524064372831,0.8249999999999993,open-meteo,2026-08-08T09:59:26+00:00
2026-06-07 16:00:00+00:00,DE,onshore,15.2,82,505.0,12.74,-0.992546151641322,-0.1218693434051471,18.6,63,289.0,6.75,-0.9876883405951375,-0.156434465040231,22.6,38,523.0,5.0,-0.9205048534524404,0.3907311284892735,19.2,59,367.0,8.25,-0.9975640502598244,0.0697564737441252,0.8999999999999986,open-meteo,2026-08-08T09:59:26+00:00
2026-06-07 17:00:00+00:00,DE,onshore,15.3,79,366.0,12.35,-0.9993908270190958,-0.0348994967025007,17.7,68,155.0,5.24,-0.9902680687415704,-0.1391731009600658,22.1,33,355.0,4.95,-0.9063077870366498,0.4226182617406996,18.2,63,161.0,6.5,-0.9945218953682734,0.1045284632676529,0.3249999999999993,open-meteo,2026-08-08T09:59:26+00:00
2026-06-07 18:00:00+00:00,DE,onshore,15.2,82,223.0,11.17,-0.9993908270190958,0.0348994967025012,17.0,74,55.0,8.25,-0.9975640502598244,0.0697564737441252,21.3,33,186.0,3.98,-0.7880107536067218,0.6156614753256585,17.9,67,78.0,7.76,-0.9975640502598244,0.0697564737441252,0.1499999999999985,open-meteo,2026-08-08T09:59:26+00:00
2026-06-07 19:00:00+00:00,DE,onshore,15.1,83,95.0,9.92,-0.9781476007338056,0.2079116908177594,15.7,82,13.0,8.92,-0.9876883405951375,-0.156434465040231,19.3,46,62.0,2.72,-0.6156614753256582,0.7880107536067221,16.9,71,48.0,6.56,-0.9702957262759966,0.2419218955996674,1.25,open-meteo,2026-08-08T09:59:26+00:00
2026-06-07 20:00:00+00:00,DE,onshore,15.2,81,14.0,8.74,-0.9975640502598244,0.0697564737441252,15.0,88,0.0,8.19,-0.981627183447664,-0.1908089953765446,16.6,57,2.0,1.8,-0.4848096202463369,0.8746197071393959,15.5,79,2.0,7.16,-0.9986295347545738,0.0523359562429439,2.4250000000000007,open-meteo,2026-08-08T09:59:26+00:00
2026-06-07 21:00:00+00:00,DE,onshore,15.4,82,0.0,7.94,-0.9876883405951375,-0.156434465040231,14.6,88,0.0,7.77,-0.9961946980917455,-0.0871557427476582,14.7,69,0.0,0.42,-0.7071067811865477,0.7071067811865474,14.5,83,0.0,6.94,-0.9743700647852352,0.2249510543438649,3.2,open-meteo,2026-08-08T09:59:26+00:00
2026-06-07 22:00:00+00:00,DE,onshore,15.6,83,0.0,6.34,-0.9743700647852352,-0.2249510543438652,13.6,92,0.0,8.62,-0.9998476951563912,0.0174524064372831,14.5,70,0.0,0.39,1.2246467991473532e-16,-1.0,13.4,88,0.0,6.69,-0.9510565162951536,0.3090169943749472,3.725,open-meteo,2026-08-08T09:59:26+00:00
2026-06-07 23:00:00+00:00,DE,onshore,15.8,84,0.0,5.58,-0.9510565162951536,-0.3090169943749475,13.1,94,0.0,7.15,-0.9998476951563912,-0.0174524064372834,13.9,71,0.0,0.44,-0.4539904997395469,0.8910065241883678,12.6,92,0.0,5.8,-0.9612616959383188,0.2756373558169994,4.15,open-meteo,2026-08-08T09:59:26+00:00
2026-06-08 00:00:00+00:00,DE,onshore,15.8,82,0.0,5.96,-0.7193398003386512,-0.6946583704589973,13.1,96,0.0,6.5,-0.9945218953682734,-0.1045284632676533,11.1,86,0.0,2.16,0.9986295347545738,0.0523359562429439,11.9,93,0.0,4.61,-0.9993908270190958,0.0348994967025012,5.025,open-meteo,2026-08-08T09:59:26+00:00
2026-06-08 01:00:00+00:00,DE,onshore,16.1,76,0.0,6.12,-0.6427876096865393,-0.766044443118978,13.0,95,0.0,6.09,-0.9961946980917455,0.0871557427476578,10.3,88,0.0,2.7,0.9455185755993168,-0.3255681544571566,11.3,94,0.0,3.48,-0.984807753012208,-0.1736481776669303,5.324999999999999,open-meteo,2026-08-08T09:59:26+00:00
2026-06-08 02:00:00+00:00,DE,onshore,16.1,74,0.0,6.66,-0.5446390350150271,-0.838670567945424,12.1,96,0.0,5.69,-0.9986295347545738,-0.0523359562429443,10.3,86,0.0,2.59,0.7986355100472927,-0.6018150231520484,10.7,95,0.0,2.69,-0.8386705679454242,-0.544639035015027,5.699999999999999,open-meteo,2026-08-08T09:59:26+00:00
2026-06-08 03:00:00+00:00,DE,onshore,15.6,86,0.0,5.35,-0.1391731009600655,-0.9902680687415704,11.9,96,1.0,5.98,-0.9998476951563912,-0.0174524064372834,10.0,88,0.0,2.8,0.8090169943749475,-0.587785252292473,9.9,96,0.0,4.32,-0.5446390350150271,-0.838670567945424,6.15,open-meteo,2026-08-08T09:59:26+00:00
2026-06-08 04:00:00+00:00,DE,onshore,15.5,84,15.0,4.67,-0.1736481776669304,-0.984807753012208,12.1,96,46.0,5.7,-0.9975640502598244,0.0697564737441252,9.7,89,8.0,3.29,0.7986355100472927,-0.6018150231520484,10.5,96,32.0,4.65,-0.5735764363510462,-0.8191520442889918,6.050000000000001,open-meteo,2026-08-08T09:59:26+00:00
2026-06-08 05:00:00+00:00,DE,onshore,15.2,83,30.0,6.27,0.0348994967025011,-0.9993908270190958,13.6,91,153.0,4.7,-0.9998476951563912,0.0174524064372831,11.0,88,79.0,2.99,0.6560590289905073,-0.754709580222772,12.5,89,130.0,4.44,-0.374606593415912,-0.9271838545667874,4.925000000000001,open-meteo,2026-08-08T09:59:26+00:00
2026-06-08 06:00:00+00:00,DE,onshore,15.7,81,57.0,7.98,0.1045284632676537,-0.9945218953682732,15.0,82,296.0,3.33,-1.0,-1.8369701987210287e-16,14.3,68,204.0,3.12,0.6560590289905073,-0.754709580222772,15.4,80,258.0,2.21,-0.2249510543438649,-0.9743700647852352,2.9000000000000004,open-meteo,2026-08-08T09:59:26+00:00
2026-06-08 07:00:00+00:00,DE,onshore,15.9,81,211.0,7.58,0.2419218955996677,-0.9702957262759964,16.2,77,443.0,2.88,-0.9510565162951536,-0.3090169943749475,16.9,59,337.0,2.29,0.7313537016191706,-0.6819983600624984,17.6,71,417.0,2.71,0.2249510543438652,-0.9743700647852352,1.3500000000000014,open-meteo,2026-08-08T09:59:26+00:00
2026-06-08 08:00:00+00:00,DE,onshore,16.1,82,340.0,6.6,-0.1045284632676535,-0.9945218953682732,17.4,73,566.0,2.81,-0.874619707139396,-0.4848096202463368,19.5,56,482.0,2.22,0.6560590289905073,-0.754709580222772,19.4,60,520.0,4.05,-0.1218693434051473,-0.992546151641322,0.1000000000000014,open-meteo,2026-08-08T09:59:26+00:00
2026-06-08 09:00:00+00:00,DE,onshore,16.6,76,434.0,5.8,-0.0871557427476579,-0.9961946980917455,18.3,68,646.0,2.07,-0.8571673007021121,-0.5150380749100544,23.4,45,682.0,2.89,0.4067366430758004,-0.9135454576426008,20.8,52,527.0,4.47,-0.2588190451025208,-0.9659258262890684,1.775000000000002,open-meteo,2026-08-08T09:59:26+00:00
2026-06-08 10:00:00+00:00,DE,onshore,16.9,74,484.0,5.3,-0.2079116908177595,-0.9781476007338056,18.6,63,459.0,3.54,-0.7431448254773944,-0.6691306063588581,26.0,41,787.0,2.37,-0.1218693434051473,-0.992546151641322,22.0,50,671.0,4.02,-0.0174524064372836,-0.9998476951563912,2.875,open-meteo,2026-08-08T09:59:26+00:00
2026-06-08 11:00:00+00:00,DE,onshore,17.1,74,495.0,4.65,-0.5735764363510462,-0.8191520442889918,19.5,60,474.0,3.29,-0.4539904997395467,-0.8910065241883679,27.1,36,816.0,3.23,-1.0,-1.8369701987210287e-16,23.4,45,806.0,3.8,0.2079116908177593,-0.9781476007338056,3.774999999999999,open-meteo,2026-08-08T09:59:26+00:00
2026-06-08 12:00:00+00:00,DE,onshore,17.7,71,483.0,2.4,0.2079116908177593,-0.9781476007338056,20.0,59,382.0,2.15,-0.5000000000000001,-0.8660254037844386,26.5,36,732.0,4.03,-0.9975640502598244,0.0697564737441252,23.8,43,827.0,3.97,0.2756373558169992,-0.9612616959383188,4.0,open-meteo,2026-08-08T09:59:26+00:00
2026-06-08 13:00:00+00:00,DE,onshore,17.6,73,552.0,0.98,0.7986355100472927,-0.6018150231520484,20.9,56,484.0,2.38,-0.1564344650402307,-0.9876883405951378,26.2,36,613.0,4.46,-0.945518575599317,0.3255681544571563,24.4,42,762.0,4.91,0.3907311284892737,-0.9205048534524404,4.274999999999999,open-meteo,2026-08-08T09:59:26+00:00
2026-06-08 14:00:00+00:00,DE,onshore,17.5,77,300.0,1.97,0.9945218953682732,0.1045284632676534,21.4,54,560.0,3.64,0.4067366430758004,-0.9135454576426008,26.4,35,515.0,2.63,-0.8910065241883679,0.4539904997395466,24.8,39,594.0,4.92,0.2249510543438652,-0.9743700647852352,4.524999999999999,open-meteo,2026-08-08T09:59:26+00:00
2026-06-08 15:00:00+00:00,DE,onshore,19.4,71,190.0,7.55,-0.0523359562429435,-0.9986295347545738,21.5,54,524.0,3.97,0.5446390350150273,-0.8386705679454239,25.2,41,389.0,5.78,-0.898794046299167,0.4383711467890774,24.6,42,456.0,5.02,0.3583679495453002,-0.9335804264972016,4.674999999999997,open-meteo,2026-08-08T09:59:26+00:00
2026-06-08 16:00:00+00:00,DE,onshore,18.5,74,236.0,8.96,-0.275637355816999,-0.9612616959383188,21.1,55,367.0,5.11,0.5877852522924732,-0.8090169943749473,21.7,59,81.0,6.08,-0.7880107536067218,0.6156614753256585,24.8,35,333.0,5.03,0.1218693434051475,-0.992546151641322,3.5249999999999986,open-meteo,2026-08-08T09:59:26+00:00
2026-06-08 17:00:00+00:00,DE,onshore,18.3,70,186.0,9.49,-0.5150380749100542,-0.8571673007021123,20.7,58,241.0,5.22,0.766044443118978,-0.6427876096865394,18.5,82,63.0,3.51,-0.9205048534524404,-0.3907311284892738,24.4,37,238.0,3.95,0.1218693434051475,-0.992546151641322,2.4750000000000014,open-meteo,2026-08-08T09:59:26+00:00
2026-06-08 18:00:00+00:00,DE,onshore,18.6,69,110.0,6.14,-0.2923717047227367,-0.9563047559630354,19.8,66,104.0,5.59,0.788010753606722,-0.6156614753256583,17.9,86,46.0,3.83,0.529919264233205,-0.848048096156426,23.3,47,106.0,4.19,0.3583679495453002,-0.9335804264972016,1.900000000000002,open-meteo,2026-08-08T09:59:26+00:00
2026-06-08 19:00:00+00:00,DE,onshore,18.3,74,42.0,6.77,-0.374606593415912,-0.9271838545667874,18.3,73,38.0,7.32,0.8987940462991669,-0.4383711467890775,17.4,89,28.0,3.14,0.0697564737441255,-0.9975640502598242,21.5,51,28.0,5.14,0.5150380749100544,-0.8571673007021122,0.875,open-meteo,2026-08-08T09:59:26+00:00
2026-06-08 20:00:00+00:00,DE,onshore,17.9,77,7.0,5.92,-0.4539904997395467,-0.8910065241883679,17.6,71,2.0,9.64,0.8910065241883679,-0.4539904997395467,16.9,91,1.0,3.08,-0.1564344650402307,-0.9876883405951378,20.2,53,2.0,6.3,0.7193398003386511,-0.6946583704589974,0.1499999999999985,open-meteo,2026-08-08T09:59:26+00:00
2026-06-08 21:00:00+00:00,DE,onshore,18.1,79,0.0,5.0,-0.0174524064372836,-0.9998476951563912,17.4,72,0.0,10.68,0.8191520442889917,-0.5735764363510462,16.8,91,0.0,3.45,0.1218693434051475,-0.992546151641322,19.3,69,0.0,2.85,-0.4539904997395467,-0.8910065241883679,0.1000000000000014,open-meteo,2026-08-08T09:59:26+00:00
2026-06-08 22:00:00+00:00,DE,onshore,17.8,80,0.0,4.94,0.2419218955996677,-0.9702957262759964,17.2,72,0.0,11.71,0.7193398003386511,-0.6946583704589974,16.4,93,0.0,4.5,-0.1908089953765447,-0.981627183447664,19.1,71,0.0,3.64,0.0871557427476582,-0.9961946980917455,0.375,open-meteo,2026-08-08T09:59:26+00:00
2026-06-08 23:00:00+00:00,DE,onshore,17.1,86,0.0,7.69,-0.7193398003386512,-0.6946583704589973,17.2,71,0.0,11.74,0.6156614753256584,-0.7880107536067219,16.0,93,0.0,3.77,-0.4694715627858908,-0.8829475928589269,17.8,80,0.0,5.63,-0.2249510543438649,-0.9743700647852352,0.9750000000000014,open-meteo,2026-08-08T09:59:26+00:00
2026-06-09 00:00:00+00:00,DE,onshore,14.3,90,0.0,10.26,-0.945518575599317,0.3255681544571563,17.4,69,0.0,10.12,0.4383711467890773,-0.898794046299167,16.0,91,0.0,3.26,-0.5446390350150271,-0.838670567945424,17.0,83,0.0,7.87,-0.7771459614569706,-0.6293203910498378,1.8249999999999995,open-meteo,2026-08-08T09:59:26+00:00
2026-06-09 01:00:00+00:00,DE,onshore,14.2,92,0.0,8.13,-1.0,-1.8369701987210287e-16,16.9,73,0.0,9.11,0.3255681544571566,-0.9455185755993168,15.6,92,0.0,3.51,-0.8910065241883678,-0.4539904997395469,16.7,83,0.0,8.72,-0.8910065241883678,-0.4539904997395469,2.150000000000002,open-meteo,2026-08-08T09:59:26+00:00
2026-06-09 02:00:00+00:00,DE,onshore,14.4,87,0.0,9.72,-0.9781476007338056,-0.2079116908177598,16.9,73,0.0,10.43,0.4383711467890773,-0.898794046299167,15.7,89,0.0,7.37,-0.9702957262759964,-0.2419218955996677,16.8,79,0.0,8.46,-0.7986355100472928,-0.6018150231520483,2.0500000000000007,open-meteo,2026-08-08T09:59:26+00:00
2026-06-09 03:00:00+00:00,DE,onshore,14.8,89,0.0,12.09,-0.8987940462991668,-0.4383711467890777,16.4,77,1.0,9.8,-0.0174524064372836,-0.9998476951563912,14.9,91,0.0,7.46,-0.9702957262759964,-0.2419218955996677,16.7,78,0.0,8.16,-0.913545457642601,-0.4067366430758001,2.3000000000000007,open-meteo,2026-08-08T09:59:26+00:00
2026-06-09 04:00:00+00:00,DE,onshore,14.8,80,9.0,11.3,-0.9975640502598242,-0.0697564737441255,16.4,79,23.0,8.86,-0.5735764363510462,-0.8191520442889918,14.9,92,6.0,6.18,-0.9986295347545738,-0.0523359562429443,16.6,81,11.0,8.24,-0.9993908270190958,0.0348994967025012,2.325,open-meteo,2026-08-08T09:59:26+00:00
2026-06-09 05:00:00+00:00,DE,onshore,14.4,81,28.0,10.49,-0.9993908270190958,-0.0348994967025007,16.8,78,64.0,9.92,-0.8660254037844384,-0.5000000000000004,15.5,87,39.0,7.47,-0.9961946980917455,-0.0871557427476582,15.4,81,22.0,9.13,-0.9975640502598242,-0.0697564737441255,2.475,open-meteo,2026-08-08T09:59:26+00:00
2026-06-09 06:00:00+00:00,DE,onshore,14.3,83,145.0,10.73,-0.9876883405951375,-0.156434465040231,17.1,79,71.0,8.21,-0.9563047559630352,-0.2923717047227371,15.1,84,61.0,7.92,-0.9781476007338056,0.2079116908177594,14.8,83,53.0,6.48,-0.9986295347545738,-0.0523359562429443,2.6750000000000007,open-meteo,2026-08-08T09:59:26+00:00
2026-06-09 07:00:00+00:00,DE,onshore,14.2,78,223.0,12.28,-0.9902680687415704,0.1391731009600654,15.9,77,100.0,9.8,-0.9781476007338056,-0.2079116908177598,14.6,80,93.0,8.01,-0.9781476007338056,0.2079116908177594,15.4,79,174.0,6.89,-0.9945218953682734,-0.1045284632676533,2.975,open-meteo,2026-08-08T09:59:26+00:00
2026-06-09 08:00:00+00:00,DE,onshore,14.0,72,430.0,11.15,-0.984807753012208,0.1736481776669299,15.2,85,124.0,8.12,-0.9902680687415704,-0.1391731009600658,14.9,78,253.0,7.36,-0.9975640502598244,0.0697564737441252,16.0,73,192.0,8.6,-0.9659258262890684,-0.2588190451025206,2.975,open-meteo,2026-08-08T09:59:26+00:00
2026-06-09 09:00:00+00:00,DE,onshore,14.4,71,611.0,11.53,-0.9945218953682734,0.1045284632676529,15.5,80,222.0,9.3,-0.9396926207859084,-0.3420201433256685,14.9,75,218.0,6.38,-0.9975640502598242,-0.0697564737441255,16.5,70,239.0,8.4,-0.9455185755993168,-0.3255681544571566,2.6750000000000007,open-meteo,2026-08-08T09:59:26+00:00
2026-06-09 10:00:00+00:00,DE,onshore,14.4,72,703.0,10.51,-0.9975640502598244,0.0697564737441252,16.1,74,342.0,9.01,-0.9702957262759964,-0.2419218955996677,15.8,67,441.0,7.84,-0.9998476951563912,-0.0174524064372834,16.6,66,260.0,8.74,-0.9396926207859084,-0.3420201433256685,2.2750000000000004,open-meteo,2026-08-08T09:59:26+00:00
2026-06-09 11:00:00+00:00,DE,onshore,14.5,73,819.0,8.0,-0.992546151641322,0.1218693434051476,16.3,72,347.0,8.95,-0.874619707139396,-0.4848096202463368,17.5,56,633.0,8.53,-0.9993908270190958,0.0348994967025012,18.0,58,448.0,8.08,-0.9205048534524404,-0.3907311284892738,1.4250000000000007,open-meteo,2026-08-08T09:59:26+00:00
2026-06-09 12:00:00+00:00,DE,onshore,14.9,74,794.0,7.95,-0.9975640502598242,-0.0697564737441255,16.9,71,344.0,7.62,-0.7193398003386512,-0.6946583704589973,18.1,51,773.0,8.05,-0.9986295347545738,-0.0523359562429443,16.8,68,451.0,12.42,-0.9945218953682734,0.1045284632676529,1.3249999999999993,open-meteo,2026-08-08T09:59:26+00:00
2026-06-09 13:00:00+00:00,DE,onshore,14.6,75,509.0,12.66,-0.9986295347545738,-0.0523359562429443,17.5,66,415.0,11.03,-0.9396926207859084,-0.3420201433256685,19.0,45,707.0,7.56,-0.9975640502598242,-0.0697564737441255,16.7,67,379.0,9.04,-0.9975640502598242,-0.0697564737441255,1.0500000000000007,open-meteo,2026-08-08T09:59:26+00:00
2026-06-09 14:00:00+00:00,DE,onshore,14.5,71,762.0,11.67,-0.9993908270190958,0.0348994967025012,16.5,67,394.0,10.94,-0.9945218953682734,0.1045284632676529,19.4,40,722.0,6.86,-0.9993908270190958,0.0348994967025012,18.4,53,564.0,11.87,-0.9986295347545738,-0.0523359562429443,0.8000000000000007,open-meteo,2026-08-08T09:59:26+00:00
2026-06-09 15:00:00+00:00,DE,onshore,14.8,69,657.0,9.91,-0.9986295347545738,0.0523359562429439,15.5,69,368.0,8.57,-0.9945218953682734,-0.1045284632676533,19.1,38,578.0,6.71,-0.9781476007338056,-0.2079116908177598,17.4,54,468.0,8.82,-0.9998476951563912,-0.0174524064372834,1.2999999999999972,open-meteo,2026-08-08T09:59:26+00:00
2026-06-09 16:00:00+00:00,DE,onshore,14.8,71,499.0,9.44,-0.9961946980917455,0.0871557427476578,15.2,71,301.0,5.96,-0.90630778703665,-0.4226182617406991,18.8,34,462.0,7.07,-0.9975640502598242,-0.0697564737441255,17.5,56,463.0,8.23,-0.9781476007338056,0.2079116908177594,1.4250000000000007,open-meteo,2026-08-08T09:59:26+00:00
2026-06-09 17:00:00+00:00,DE,onshore,14.5,68,362.0,8.54,-0.9986295347545738,0.0523359562429439,15.0,74,263.0,7.97,-0.9335804264972016,-0.3583679495453007,18.2,39,302.0,6.08,-0.9998476951563912,-0.0174524064372834,16.8,58,257.0,8.26,-0.984807753012208,0.1736481776669299,1.875,open-meteo,2026-08-08T09:59:26+00:00
2026-06-09 18:00:00+00:00,DE,onshore,14.2,73,129.0,6.94,-0.9876883405951375,-0.156434465040231,14.8,76,161.0,7.33,-0.8660254037844384,-0.5000000000000004,17.5,39,137.0,5.09,-0.961261695938319,-0.2756373558169989,16.2,63,141.0,5.1,-0.9993908270190958,0.0348994967025012,2.325,open-meteo,2026-08-08T09:59:26+00:00
2026-06-09 19:00:00+00:00,DE,onshore,14.2,74,67.0,6.2,-0.9510565162951536,-0.3090169943749475,13.5,80,65.0,6.81,-0.9205048534524404,-0.3907311284892738,16.3,49,49.0,3.33,-0.7313537016191703,-0.6819983600624986,14.4,71,66.0,6.08,-0.9998476951563912,-0.0174524064372834,3.4000000000000004,open-meteo,2026-08-08T09:59:26+00:00
2026-06-09 20:00:00+00:00,DE,onshore,13.5,84,15.0,10.02,-0.9975640502598244,0.0697564737441252,11.8,82,4.0,7.8,-0.8191520442889916,-0.5735764363510464,14.6,61,3.0,2.72,-0.6156614753256582,-0.788010753606722,12.2,78,5.0,5.09,-0.961261695938319,-0.2756373558169989,4.975000000000001,open-meteo,2026-08-08T09:59:26+00:00
2026-06-09 21:00:00+00:00,DE,onshore,13.3,75,0.0,6.55,-0.848048096156426,-0.529919264233205,10.5,86,0.0,8.17,-0.9205048534524404,-0.3907311284892738,13.7,69,0.0,2.71,-0.754709580222772,-0.6560590289905073,10.9,90,0.0,6.48,-0.8910065241883678,-0.4539904997395469,5.9,open-meteo,2026-08-08T09:59:26+00:00
2026-06-09 22:00:00+00:00,DE,onshore,13.7,78,0.0,12.34,-0.7431448254773944,-0.6691306063588581,10.4,86,0.0,7.32,-0.882947592858927,-0.4694715627858907,13.2,69,0.0,2.97,-0.9563047559630352,-0.2923717047227371,10.3,93,0.0,5.62,-0.656059028990507,-0.7547095802227721,6.100000000000001,open-meteo,2026-08-08T09:59:26+00:00
2026-06-09 23:00:00+00:00,DE,onshore,13.9,72,0.0,11.57,-0.7193398003386512,-0.6946583704589973,9.9,88,0.0,7.72,-0.8090169943749473,-0.5877852522924732,12.5,73,0.0,3.56,-0.9902680687415704,-0.1391731009600658,10.3,93,0.0,6.03,-0.6946583704589974,-0.7193398003386511,6.350000000000001,open-meteo,2026-08-08T09:59:26+00:00
2026-06-10 00:00:00+00:00,DE,onshore,13.4,82,0.0,11.99,-0.7071067811865475,-0.7071067811865477,9.2,89,0.0,9.03,-0.754709580222772,-0.6560590289905073,12.4,74,0.0,3.57,-0.9335804264972016,0.3583679495453004,9.7,93,0.0,5.43,-0.7771459614569706,-0.6293203910498378,6.824999999999999,open-meteo,2026-08-08T09:59:26+00:00
2026-06-10 01:00:00+00:00,DE,onshore,13.5,82,0.0,10.67,-0.7193398003386512,-0.6946583704589973,9.0,90,0.0,8.9,-0.8090169943749473,-0.5877852522924732,11.8,78,0.0,2.36,-0.9563047559630354,0.2923717047227367,9.5,92,0.0,5.96,-0.7431448254773944,-0.6691306063588581,7.050000000000001,open-meteo,2026-08-08T09:59:26+00:00
2026-06-10 02:00:00+00:00,DE,onshore,13.5,82,0.0,10.96,-0.8090169943749473,-0.5877852522924732,9.3,89,0.0,9.44,-0.7986355100472928,-0.6018150231520483,11.7,80,0.0,0.88,-1.0,-1.8369701987210287e-16,9.3,89,0.0,6.82,-0.9335804264972016,-0.3583679495453007,7.050000000000001,open-meteo,2026-08-08T09:59:26+00:00
2026-06-10 03:00:00+00:00,DE,onshore,13.2,83,0.0,10.64,-0.7660444431189779,-0.6427876096865395,8.7,90,1.0,8.75,-0.848048096156426,-0.529919264233205,11.3,84,0.0,0.9,-0.9743700647852352,0.2249510543438649,8.8,92,0.0,6.04,-0.9563047559630352,-0.2923717047227371,7.5,open-meteo,2026-08-08T09:59:26+00:00
2026-06-10 04:00:00+00:00,DE,onshore,13.0,82,27.0,9.99,-0.7431448254773944,-0.6691306063588581,9.4,88,45.0,8.06,-0.8910065241883678,-0.4539904997395469,11.4,80,6.0,0.35,-0.5591929034707466,0.8290375725550418,9.5,91,23.0,4.78,-0.882947592858927,-0.4694715627858907,7.175000000000001,open-meteo,2026-08-08T09:59:26+00:00
2026-06-10 05:00:00+00:00,DE,onshore,12.9,85,125.0,9.7,-0.7313537016191703,-0.6819983600624986,10.7,83,155.0,7.19,-0.882947592858927,-0.4694715627858907,11.9,79,49.0,0.59,-1.0,-1.8369701987210287e-16,11.2,87,98.0,4.21,-0.9510565162951536,-0.3090169943749475,6.324999999999999,open-meteo,2026-08-08T09:59:26+00:00
2026-06-10 06:00:00+00:00,DE,onshore,13.1,84,261.0,9.08,-0.7193398003386512,-0.6946583704589973,12.6,77,293.0,4.64,-0.6946583704589974,-0.7193398003386511,13.2,72,115.0,1.67,-0.8829475928589271,0.4694715627858904,13.7,74,237.0,2.83,-0.8290375725550418,-0.5591929034707466,4.850000000000001,open-meteo,2026-08-08T09:59:26+00:00
2026-06-10 07:00:00+00:00,DE,onshore,13.5,83,409.0,9.35,-0.7193398003386512,-0.6946583704589973,14.0,74,351.0,4.65,-0.5000000000000001,-0.8660254037844386,14.4,66,184.0,0.35,-0.5591929034707467,-0.8290375725550418,15.4,65,353.0,2.59,-0.90630778703665,-0.4226182617406991,3.6750000000000007,open-meteo,2026-08-08T09:59:26+00:00
2026-06-10 08:00:00+00:00,DE,onshore,13.8,82,555.0,9.17,-0.7986355100472928,-0.6018150231520483,15.4,66,485.0,4.78,-0.6819983600624984,-0.7313537016191706,15.6,60,287.0,0.35,-0.8290375725550418,-0.5591929034707466,16.5,62,440.0,2.41,-0.8910065241883678,-0.4539904997395469,2.674999999999999,open-meteo,2026-08-08T09:59:26+00:00
2026-06-10 09:00:00+00:00,DE,onshore,14.4,79,651.0,9.5,-0.7431448254773944,-0.6691306063588581,17.0,55,656.0,4.94,-0.7771459614569706,-0.6293203910498378,16.8,51,423.0,1.08,1.2246467991473532e-16,-1.0,17.6,55,533.0,2.5,-0.8987940462991668,-0.4383711467890777,1.5499999999999972,open-meteo,2026-08-08T09:59:26+00:00
2026-06-10 10:00:00+00:00,DE,onshore,14.9,76,547.0,8.67,-0.7313537016191703,-0.6819983600624986,17.9,49,638.0,5.22,-0.7660444431189779,-0.6427876096865395,18.0,48,487.0,1.47,-0.9975640502598242,-0.0697564737441255,18.1,48,494.0,4.76,-0.7986355100472928,-0.6018150231520483,0.7749999999999986,open-meteo,2026-08-08T09:59:26+00:00
2026-06-10 11:00:00+00:00,DE,onshore,12.7,86,525.0,14.28,-0.945518575599317,0.3255681544571563,18.5,45,627.0,5.75,-0.6946583704589974,-0.7193398003386511,18.8,43,612.0,3.01,-0.945518575599317,0.3255681544571563,18.5,45,457.0,4.03,-0.754709580222772,-0.6560590289905073,0.875,open-meteo,2026-08-08T09:59:26+00:00
2026-06-10 12:00:00+00:00,DE,onshore,12.6,83,142.0,6.96,-0.9998476951563912,-0.0174524064372834,18.9,46,672.0,5.33,-0.5299192642332048,-0.8480480961564261,18.2,47,584.0,2.37,-0.9135454576426012,0.4067366430757997,18.9,45,485.0,4.52,-0.8660254037844384,-0.5000000000000004,0.8500000000000014,open-meteo,2026-08-08T09:59:26+00:00
2026-06-10 13:00:00+00:00,DE,onshore,13.1,76,331.0,3.78,-0.7986355100472928,-0.6018150231520483,18.9,44,554.0,4.04,-0.3907311284892735,-0.9205048534524404,17.1,52,268.0,4.03,-0.656059028990507,-0.7547095802227721,19.6,43,587.0,3.17,-0.9271838545667872,-0.3746065934159123,0.8249999999999993,open-meteo,2026-08-08T09:59:26+00:00
2026-06-10 14:00:00+00:00,DE,onshore,13.9,76,403.0,5.11,-0.9975640502598244,0.0697564737441252,19.1,45,450.0,2.91,-0.9396926207859084,-0.3420201433256685,15.8,60,154.0,2.55,-0.0697564737441252,-0.9975640502598242,19.8,40,526.0,3.54,-0.9702957262759964,-0.2419218955996677,0.8500000000000014,open-meteo,2026-08-08T09:59:26+00:00
2026-06-10 15:00:00+00:00,DE,onshore,14.0,74,219.0,6.0,-0.8987940462991668,-0.4383711467890777,19.2,43,373.0,2.42,-0.9335804264972016,-0.3583679495453007,12.4,75,87.0,5.55,-0.9335804264972016,0.3583679495453004,19.3,45,480.0,5.22,-0.9961946980917455,-0.0871557427476582,1.7749999999999986,open-meteo,2026-08-08T09:59:26+00:00
2026-06-10 16:00:00+00:00,DE,onshore,14.0,72,202.0,5.82,-0.7193398003386512,-0.6946583704589973,17.3,65,281.0,5.08,0.4694715627858907,-0.882947592858927,13.8,73,269.0,1.73,-0.7313537016191703,-0.6819983600624986,19.9,37,481.0,6.49,-0.981627183447664,-0.1908089953765446,1.75,open-meteo,2026-08-08T09:59:26+00:00
2026-06-10 17:00:00+00:00,DE,onshore,13.9,72,155.0,6.53,-0.8090169943749473,-0.5877852522924732,16.6,69,154.0,4.12,0.4226182617406995,-0.90630778703665,13.8,72,206.0,4.38,-0.8910065241883678,-0.4539904997395469,19.2,36,308.0,3.57,-0.961261695938319,-0.2756373558169989,2.125,open-meteo,2026-08-08T09:59:26+00:00
2026-06-10 18:00:00+00:00,DE,onshore,13.9,72,85.0,6.76,-0.7771459614569706,-0.6293203910498378,16.2,65,148.0,5.97,0.4999999999999999,-0.8660254037844387,13.6,74,104.0,3.5,-0.9510565162951536,-0.3090169943749475,17.9,52,175.0,5.07,-0.984807753012208,-0.1736481776669303,2.6,open-meteo,2026-08-08T09:59:26+00:00
2026-06-10 19:00:00+00:00,DE,onshore,13.8,72,70.0,6.14,-0.90630778703665,-0.4226182617406991,14.8,68,40.0,6.41,0.3907311284892737,-0.9205048534524404,12.6,81,51.0,3.86,-0.8910065241883678,-0.4539904997395469,15.5,62,65.0,5.56,-0.9876883405951378,0.1564344650402306,3.8249999999999993,open-meteo,2026-08-08T09:59:26+00:00
2026-06-10 20:00:00+00:00,DE,onshore,13.9,70,15.0,5.61,-0.9455185755993168,-0.3255681544571566,13.1,77,3.0,5.59,0.0523359562429438,-0.9986295347545738,11.0,88,3.0,3.57,-0.9335804264972016,-0.3583679495453007,13.7,69,4.0,10.23,-0.3907311284892739,0.9205048534524404,5.074999999999999,open-meteo,2026-08-08T09:59:26+00:00
2026-06-10 21:00:00+00:00,DE,onshore,13.6,76,0.0,5.83,-0.9563047559630352,-0.2923717047227371,12.3,87,0.0,3.05,-0.7071067811865475,-0.7071067811865477,10.9,87,0.0,5.28,-0.981627183447664,-0.1908089953765446,14.0,69,0.0,7.51,-0.3746065934159123,0.9271838545667872,5.300000000000001,open-meteo,2026-08-08T09:59:26+00:00
2026-06-10 22:00:00+00:00,DE,onshore,13.5,75,0.0,5.86,-0.984807753012208,-0.1736481776669303,11.8,90,0.0,3.68,-0.90630778703665,-0.4226182617406991,10.5,91,0.0,3.4,-0.8386705679454242,-0.544639035015027,12.8,74,0.0,6.3,-0.2588190451025207,0.9659258262890684,5.850000000000001,open-meteo,2026-08-08T09:59:26+00:00
2026-06-10 23:00:00+00:00,DE,onshore,13.6,73,0.0,5.54,-0.9902680687415704,-0.1391731009600658,11.6,93,0.0,1.86,-0.9510565162951536,-0.3090169943749475,10.0,89,0.0,3.53,-0.9993908270190958,-0.0348994967025007,12.2,80,0.0,4.43,-0.3090169943749477,0.9510565162951536,6.149999999999999,open-meteo,2026-08-08T09:59:26+00:00
2026-06-11 00:00:00+00:00,DE,onshore,13.5,75,0.0,5.32,-0.9743700647852352,-0.2249510543438652,11.0,86,0.0,2.56,-0.992546151641322,0.1218693434051476,10.2,89,0.0,2.11,-0.9271838545667874,0.3746065934159119,11.4,83,0.0,3.33,-0.6819983600624984,0.7313537016191707,6.475,open-meteo,2026-08-08T09:59:26+00:00
2026-06-11 01:00:00+00:00,DE,onshore,13.2,83,0.0,6.68,-0.9702957262759964,-0.2419218955996677,10.7,83,0.0,2.3,-0.7660444431189781,0.6427876096865393,9.9,92,0.0,1.77,-0.9986295347545738,-0.0523359562429443,10.7,83,0.0,7.25,-0.9743700647852352,0.2249510543438649,6.875,open-meteo,2026-08-08T09:59:26+00:00
2026-06-11 02:00:00+00:00,DE,onshore,13.2,81,0.0,6.6,-0.9945218953682734,-0.1045284632676533,10.4,82,0.0,2.15,-0.5000000000000004,0.8660254037844384,9.8,96,0.0,2.63,-0.8910065241883678,-0.4539904997395469,10.5,86,0.0,6.89,-0.9659258262890684,0.2588190451025203,7.024999999999999,open-meteo,2026-08-08T09:59:26+00:00
2026-06-11 03:00:00+00:00,DE,onshore,12.9,82,0.0,5.11,-0.9975640502598242,-0.0697564737441255,9.0,91,2.0,4.04,-0.7771459614569708,0.6293203910498375,9.8,95,0.0,3.28,-0.9563047559630352,-0.2923717047227371,9.7,90,0.0,7.08,-0.9702957262759966,0.2419218955996674,7.65,open-meteo,2026-08-08T09:59:26+00:00
2026-06-11 04:00:00+00:00,DE,onshore,13.0,72,20.0,2.69,-0.984807753012208,-0.1736481776669303,9.4,93,36.0,5.94,-0.7880107536067218,0.6156614753256585,9.9,96,5.0,4.71,-0.9993908270190958,-0.0348994967025007,10.1,87,28.0,6.08,-0.9335804264972016,0.3583679495453004,7.4,open-meteo,2026-08-08T09:59:26+00:00
2026-06-11 05:00:00+00:00,DE,onshore,13.3,68,98.0,3.82,-1.0,-1.8369701987210287e-16,10.5,92,73.0,5.78,-0.7771459614569708,0.6293203910498375,10.7,93,31.0,6.03,-0.992546151641322,0.1218693434051476,11.0,80,127.0,3.85,-0.9659258262890684,0.2588190451025203,6.625,open-meteo,2026-08-08T09:59:26+00:00
2026-06-11 06:00:00+00:00,DE,onshore,13.5,63,220.0,4.35,-0.9902680687415704,0.1391731009600654,11.8,89,161.0,3.61,-0.7313537016191703,0.6819983600624987,11.5,90,120.0,5.59,-0.9986295347545738,0.0523359562429439,12.4,78,250.0,3.19,-0.9510565162951536,0.3090169943749472,5.700000000000001,open-meteo,2026-08-08T09:59:26+00:00
2026-06-11 07:00:00+00:00,DE,onshore,13.0,74,290.0,5.0,-0.9993908270190958,-0.0348994967025007,13.7,82,326.0,3.64,-0.4539904997395469,0.8910065241883678,12.7,80,274.0,6.79,-0.9945218953682734,0.1045284632676529,13.6,72,332.0,3.59,-0.8191520442889918,0.573576436351046,4.75,open-meteo,2026-08-08T09:59:26+00:00
2026-06-11 08:00:00+00:00,DE,onshore,13.5,76,357.0,5.29,-0.9998476951563912,-0.0174524064372834,15.1,74,472.0,3.95,-0.6691306063588581,0.7431448254773944,13.3,76,430.0,5.98,-0.9998476951563912,0.0174524064372831,15.1,63,388.0,4.16,-0.8910065241883679,0.4539904997395466,3.7499999999999982,open-meteo,2026-08-08T09:59:26+00:00
2026-06-11 09:00:00+00:00,DE,onshore,13.8,71,547.0,5.51,-0.9961946980917455,-0.0871557427476582,15.8,65,515.0,4.16,-0.8910065241883679,0.4539904997395466,14.3,69,536.0,6.39,-0.9975640502598242,-0.0697564737441255,16.7,53,547.0,4.3,-0.9781476007338056,0.2079116908177594,2.849999999999998,open-meteo,2026-08-08T09:59:26+00:00
2026-06-11 10:00:00+00:00,DE,onshore,13.7,68,725.0,5.69,-0.9993908270190958,0.0348994967025012,16.6,59,480.0,4.4,-0.9563047559630354,0.2923717047227367,14.8,62,600.0,7.05,-1.0,-1.8369701987210287e-16,17.5,48,631.0,5.4,-0.9986295347545738,0.0523359562429439,2.35,open-meteo,2026-08-08T09:59:26+00:00
2026-06-11 11:00:00+00:00,DE,onshore,13.8,70,823.0,5.94,-0.9876883405951378,0.1564344650402306,17.1,55,538.0,6.0,-0.898794046299167,0.4383711467890774,14.4,65,629.0,10.26,-0.9455185755993168,-0.3255681544571566,18.4,47,663.0,4.31,-0.9335804264972016,0.3583679495453004,2.075,open-meteo,2026-08-08T09:59:26+00:00
2026-06-11 12:00:00+00:00,DE,onshore,14.0,70,844.0,5.32,-0.9945218953682734,0.1045284632676529,16.9,52,542.0,6.63,-0.9743700647852352,0.2249510543438649,16.3,55,683.0,7.64,-0.9998476951563912,-0.0174524064372834,16.1,60,496.0,6.21,-0.9945218953682734,0.1045284632676529,2.174999999999999,open-meteo,2026-08-08T09:59:26+00:00
2026-06-11 13:00:00+00:00,DE,onshore,14.2,67,817.0,4.53,-0.9945218953682734,0.1045284632676529,17.6,51,529.0,5.22,-0.8829475928589271,0.4694715627858904,16.0,53,490.0,9.78,-0.992546151641322,-0.1218693434051471,15.9,60,339.0,6.77,-0.9702957262759966,0.2419218955996674,2.075000000000001,open-meteo,2026-08-08T09:59:26+00:00
2026-06-11 14:00:00+00:00,DE,onshore,14.4,68,682.0,4.22,-0.9986295347545738,0.0523359562429439,17.7,46,418.0,4.93,-0.9335804264972016,0.3583679495453004,16.8,53,601.0,9.51,-0.9993908270190958,-0.0348994967025007,17.9,53,348.0,4.74,-0.992546151641322,0.1218693434051476,1.2999999999999972,open-meteo,2026-08-08T09:59:26+00:00
2026-06-11 15:00:00+00:00,DE,onshore,14.8,66,653.0,3.04,-1.0,-1.8369701987210287e-16,13.0,76,161.0,6.88,-0.8090169943749476,0.5877852522924729,16.8,55,378.0,7.3,-0.992546151641322,-0.1218693434051471,17.5,49,491.0,6.46,-0.984807753012208,0.1736481776669299,2.475,open-meteo,2026-08-08T09:59:26+00:00
2026-06-11 16:00:00+00:00,DE,onshore,14.8,67,505.0,3.35,-0.9659258262890684,-0.2588190451025206,14.0,72,394.0,4.04,-0.7771459614569708,0.6293203910498375,16.5,51,379.0,7.67,-0.9961946980917455,-0.0871557427476582,16.8,51,231.0,4.05,-0.992546151641322,0.1218693434051476,2.4750000000000014,open-meteo,2026-08-08T09:59:26+00:00
2026-06-11 17:00:00+00:00,DE,onshore,15.0,65,346.0,3.68,-0.90630778703665,-0.4226182617406991,14.8,66,330.0,1.46,-0.7431448254773946,0.6691306063588578,15.8,62,234.0,6.67,-0.9986295347545738,-0.0523359562429443,17.7,49,303.0,4.88,-0.9271838545667874,0.3746065934159119,2.1750000000000007,open-meteo,2026-08-08T09:59:26+00:00
2026-06-11 18:00:00+00:00,DE,onshore,15.0,67,132.0,5.64,-0.9396926207859084,-0.3420201433256685,14.4,71,188.0,0.62,-0.3090169943749473,-0.9510565162951536,15.2,63,108.0,6.02,-0.992546151641322,-0.1218693434051471,16.4,59,144.0,2.37,-0.6156614753256582,0.7880107536067221,2.7500000000000018,open-meteo,2026-08-08T09:59:26+00:00
2026-06-11 19:00:00+00:00,DE,onshore,14.4,75,29.0,5.79,-0.5591929034707467,-0.8290375725550418,13.1,86,60.0,1.46,0.3420201433256689,-0.9396926207859084,14.5,67,33.0,5.42,-0.9743700647852352,-0.2249510543438652,14.8,68,32.0,4.16,0.2588190451025207,0.9659258262890684,3.8000000000000007,open-meteo,2026-08-08T09:59:26+00:00
2026-06-11 20:00:00+00:00,DE,onshore,14.3,74,7.0,4.13,-0.374606593415912,-0.9271838545667874,11.2,90,5.0,3.54,0.0871557427476582,-0.9961946980917455,13.3,75,1.0,4.12,-0.882947592858927,-0.4694715627858907,13.7,78,3.0,0.29,1.0,6.123233995736766e-17,4.875,open-meteo,2026-08-08T09:59:26+00:00
2026-06-11 21:00:00+00:00,DE,onshore,14.0,76,0.0,7.53,-0.6293203910498376,-0.7771459614569708,10.0,92,0.0,5.95,-0.2923717047227367,-0.9563047559630354,12.9,77,0.0,4.08,-0.8910065241883678,-0.4539904997395469,11.8,89,0.0,3.75,-0.754709580222772,-0.6560590289905073,5.824999999999999,open-meteo,2026-08-08T09:59:26+00:00
2026-06-11 22:00:00+00:00,DE,onshore,13.9,77,0.0,7.45,-0.4539904997395467,-0.8910065241883679,9.3,93,0.0,4.09,-0.7431448254773944,-0.6691306063588581,12.6,76,0.0,6.51,-0.9510565162951536,-0.3090169943749475,11.2,90,0.0,4.29,-0.8191520442889916,-0.5735764363510464,6.25,open-meteo,2026-08-08T09:59:26+00:00
2026-06-11 23:00:00+00:00,DE,onshore,14.0,77,0.0,6.41,-0.3907311284892735,-0.9205048534524404,8.9,91,0.0,5.27,-0.7431448254773944,-0.6691306063588581,12.0,81,0.0,5.64,-0.9396926207859084,-0.3420201433256685,10.3,92,0.0,5.74,-0.8910065241883678,-0.4539904997395469,6.699999999999999,open-meteo,2026-08-08T09:59:26+00:00
2026-06-12 00:00:00+00:00,DE,onshore,14.1,76,0.0,6.97,-0.2923717047227367,-0.9563047559630354,8.2,94,0.0,6.2,-0.7771459614569706,-0.6293203910498378,11.9,84,0.0,4.3,-0.8660254037844384,-0.5000000000000004,9.8,94,0.0,6.26,-0.9563047559630352,-0.2923717047227371,7.0,open-meteo,2026-08-08T09:59:26+00:00
2026-06-12 01:00:00+00:00,DE,onshore,14.0,75,0.0,7.72,-0.3090169943749473,-0.9510565162951536,8.0,94,0.0,6.04,-0.7431448254773944,-0.6691306063588581,11.8,87,0.0,3.86,-0.4539904997395467,-0.8910065241883679,10.0,92,0.0,6.61,-0.9335804264972016,-0.3583679495453007,7.050000000000001,open-meteo,2026-08-08T09:59:26+00:00
2026-06-12 02:00:00+00:00,DE,onshore,13.3,83,0.0,8.88,-0.1908089953765447,-0.981627183447664,8.1,93,0.0,6.1,-0.7431448254773944,-0.6691306063588581,11.7,87,0.0,4.57,-0.8191520442889916,-0.5735764363510464,10.0,92,0.0,6.9,-0.9205048534524404,-0.3907311284892738,7.225000000000001,open-meteo,2026-08-08T09:59:26+00:00
2026-06-12 03:00:00+00:00,DE,onshore,13.1,86,0.0,8.88,-0.1908089953765447,-0.981627183447664,7.8,94,2.0,6.72,-0.7193398003386512,-0.6946583704589973,11.8,90,0.0,4.39,-0.874619707139396,-0.4848096202463368,10.0,93,0.0,4.67,-0.8386705679454242,-0.544639035015027,7.324999999999999,open-meteo,2026-08-08T09:59:26+00:00
2026-06-12 04:00:00+00:00,DE,onshore,12.8,90,5.0,8.43,1.2246467991473532e-16,-1.0,8.3,92,47.0,6.06,-0.6293203910498376,-0.7771459614569708,11.9,92,1.0,5.3,-0.4694715627858908,-0.8829475928589269,10.6,92,17.0,4.21,-0.4226182617406993,-0.90630778703665,7.1,open-meteo,2026-08-08T09:59:26+00:00
2026-06-12 05:00:00+00:00,DE,onshore,13.2,88,16.0,9.34,-0.2249510543438649,-0.9743700647852352,10.0,91,117.0,5.84,-0.5735764363510462,-0.8191520442889918,12.3,92,12.0,5.84,-0.9205048534524404,-0.3907311284892738,11.6,88,58.0,6.07,1.2246467991473532e-16,-1.0,6.225,open-meteo,2026-08-08T09:59:26+00:00
2026-06-12 06:00:00+00:00,DE,onshore,12.9,90,22.0,8.14,-0.0348994967025009,-0.9993908270190958,12.0,86,214.0,5.52,-0.4539904997395467,-0.8910065241883679,11.9,96,23.0,3.73,-0.8660254037844384,-0.5000000000000004,12.9,81,92.0,4.7,0.0174524064372834,-0.9998476951563912,5.575000000000001,open-meteo,2026-08-08T09:59:26+00:00
2026-06-12 07:00:00+00:00,DE,onshore,13.1,91,62.0,7.45,-0.0348994967025009,-0.9993908270190958,13.6,80,363.0,4.16,-0.2588190451025208,-0.9659258262890684,13.2,91,35.0,8.81,-0.9335804264972016,-0.3583679495453007,14.4,75,268.0,5.71,-0.275637355816999,-0.9612616959383188,4.425000000000001,open-meteo,2026-08-08T09:59:26+00:00
2026-06-12 08:00:00+00:00,DE,onshore,13.7,89,112.0,7.73,-0.2079116908177595,-0.9781476007338056,15.2,75,540.0,4.35,-0.1391731009600655,-0.9902680687415704,13.2,90,29.0,7.82,-0.9781476007338056,-0.2079116908177598,15.0,74,272.0,5.79,-0.4067366430758002,-0.9135454576426008,3.7250000000000014,open-meteo,2026-08-08T09:59:26+00:00
2026-06-12 09:00:00+00:00,DE,onshore,14.5,88,174.0,8.07,-0.5446390350150271,-0.838670567945424,16.1,64,572.0,5.3,-0.2079116908177595,-0.9781476007338056,13.8,91,34.0,7.31,-0.9510565162951536,-0.3090169943749475,15.4,73,118.0,5.98,-0.3090169943749473,-0.9510565162951536,3.049999999999999,open-meteo,2026-08-08T09:59:26+00:00
2026-06-12 10:00:00+00:00,DE,onshore,14.8,88,171.0,6.55,-0.6293203910498376,-0.7771459614569708,16.1,62,386.0,6.61,-0.2588190451025208,-0.9659258262890684,14.7,88,104.0,9.01,-0.9702957262759964,-0.2419218955996677,15.1,75,148.0,4.71,-0.3583679495453004,-0.9335804264972016,2.825,open-meteo,2026-08-08T09:59:26+00:00
2026-06-12 11:00:00+00:00,DE,onshore,15.9,89,200.0,7.67,-0.8191520442889916,-0.5735764363510464,15.9,64,259.0,6.94,-0.2249510543438649,-0.9743700647852352,14.7,90,56.0,8.92,-0.9876883405951375,-0.156434465040231,15.7,75,152.0,5.0,-0.1908089953765447,-0.981627183447664,2.45,open-meteo,2026-08-08T09:59:26+00:00
2026-06-12 12:00:00+00:00,DE,onshore,15.4,90,319.0,9.52,-0.9986295347545738,-0.0523359562429443,16.8,64,398.0,6.83,-0.1391731009600655,-0.9902680687415704,15.6,88,69.0,8.8,-0.9781476007338056,-0.2079116908177598,16.1,74,149.0,6.38,-0.6946583704589974,-0.7193398003386511,2.0249999999999986,open-meteo,2026-08-08T09:59:26+00:00
2026-06-12 13:00:00+00:00,DE,onshore,15.6,89,420.0,9.41,-0.9998476951563912,-0.0174524064372834,17.1,62,459.0,7.66,-0.275637355816999,-0.9612616959383188,16.4,85,199.0,9.21,-0.9563047559630352,-0.2923717047227371,16.3,77,143.0,7.17,-0.9271838545667872,-0.3746065934159123,1.6499999999999986,open-meteo,2026-08-08T09:59:26+00:00
2026-06-12 14:00:00+00:00,DE,onshore,15.2,86,115.0,13.82,-0.9998476951563912,0.0174524064372831,16.8,65,402.0,7.41,-0.4848096202463369,-0.8746197071393959,16.1,82,119.0,9.69,-0.9702957262759964,-0.2419218955996677,16.8,76,107.0,4.52,-0.754709580222772,-0.6560590289905073,1.7749999999999986,open-meteo,2026-08-08T09:59:26+00:00
2026-06-12 15:00:00+00:00,DE,onshore,15.6,82,394.0,13.03,-1.0,-1.8369701987210287e-16,15.9,69,139.0,7.08,-0.374606593415912,-0.9271838545667874,16.9,79,60.0,9.73,-0.9563047559630352,-0.2923717047227371,17.1,79,158.0,4.85,-0.7313537016191703,-0.6819983600624986,1.625,open-meteo,2026-08-08T09:59:26+00:00
2026-06-12 16:00:00+00:00,DE,onshore,15.4,77,341.0,12.27,-0.9975640502598244,0.0697564737441252,15.5,74,79.0,6.32,-0.5000000000000001,-0.8660254037844386,17.2,80,173.0,9.27,-0.961261695938319,-0.2756373558169989,17.1,84,71.0,4.68,-0.6018150231520484,-0.7986355100472928,1.7000000000000028,open-meteo,2026-08-08T09:59:26+00:00
2026-06-12 17:00:00+00:00,DE,onshore,15.3,79,164.0,11.65,-0.992546151641322,0.1218693434051476,16.0,74,109.0,7.21,-0.6946583704589974,-0.7193398003386511,17.3,80,98.0,9.81,-0.9986295347545738,-0.0523359562429443,16.5,91,53.0,6.61,-0.5735764363510462,-0.8191520442889918,1.7250000000000014,open-meteo,2026-08-08T09:59:26+00:00
2026-06-12 18:00:00+00:00,DE,onshore,15.3,77,106.0,10.7,-0.9975640502598244,0.0697564737441252,15.7,78,66.0,5.85,-0.5150380749100542,-0.8571673007021123,17.5,81,31.0,11.03,-0.9945218953682734,-0.1045284632676533,16.4,94,80.0,5.62,-0.9205048534524404,-0.3907311284892738,1.7749999999999986,open-meteo,2026-08-08T09:59:26+00:00
2026-06-12 19:00:00+00:00,DE,onshore,15.2,74,59.0,8.72,-0.9998476951563912,0.0174524064372831,15.0,86,18.0,7.27,-0.6018150231520484,-0.7986355100472928,17.2,80,35.0,9.44,-0.9743700647852352,-0.2249510543438652,17.0,86,30.0,8.72,-0.9902680687415704,0.1391731009600654,1.8999999999999984,open-meteo,2026-08-08T09:59:26+00:00
2026-06-12 20:00:00+00:00,DE,onshore,15.1,73,17.0,8.25,-0.9975640502598244,0.0697564737441252,14.3,95,1.0,8.34,-0.8290375725550418,-0.5591929034707466,17.0,81,1.0,8.87,-0.961261695938319,-0.2756373558169989,16.2,83,3.0,8.28,-0.981627183447664,0.1908089953765451,2.3500000000000014,open-meteo,2026-08-08T09:59:26+00:00
2026-06-12 21:00:00+00:00,DE,onshore,15.0,79,0.0,8.53,-0.9998476951563912,0.0174524064372831,14.5,89,0.0,8.92,-0.9986295347545738,0.0523359562429439,17.0,83,0.0,8.59,-0.981627183447664,-0.1908089953765446,15.1,87,0.0,8.23,-0.9781476007338056,0.2079116908177594,2.6,open-meteo,2026-08-08T09:59:26+00:00
2026-06-12 22:00:00+00:00,DE,onshore,15.2,76,0.0,7.17,-0.9975640502598242,-0.0697564737441255,13.8,85,0.0,9.91,-0.9876883405951378,0.1564344650402306,17.0,83,0.0,8.21,-0.9396926207859084,-0.3420201433256685,14.5,88,0.0,7.53,-0.9743700647852352,0.2249510543438649,2.875,open-meteo,2026-08-08T09:59:26+00:00
2026-06-12 23:00:00+00:00,DE,onshore,15.4,71,0.0,6.23,-0.9743700647852352,-0.2249510543438652,12.7,85,0.0,9.21,-0.9876883405951378,0.1564344650402306,16.7,83,0.0,8.6,-0.9659258262890684,-0.2588190451025206,13.5,93,0.0,5.69,-0.9993908270190958,-0.0348994967025007,3.4250000000000007,open-meteo,2026-08-08T09:59:26+00:00
2026-06-13 00:00:00+00:00,DE,onshore,15.5,85,0.0,6.81,-0.9205048534524404,-0.3907311284892738,11.5,92,0.0,8.78,-0.981627183447664,0.1908089953765451,17.4,83,0.0,8.51,-0.9659258262890684,-0.2588190451025206,13.7,94,0.0,4.96,-0.9876883405951375,-0.156434465040231,3.4750000000000014,open-meteo,2026-08-08T09:59:26+00:00
2026-06-13 01:00:00+00:00,DE,onshore,15.9,87,0.0,8.21,-0.9205048534524404,-0.3907311284892738,10.8,95,0.0,8.23,-0.9998476951563912,-0.0174524064372834,17.3,82,0.0,9.44,-0.9659258262890684,-0.2588190451025206,13.5,94,0.0,5.96,-0.90630778703665,-0.4226182617406991,3.625,open-meteo,2026-08-08T09:59:26+00:00
2026-06-13 02:00:00+00:00,DE,onshore,16.1,87,0.0,11.68,-0.9455185755993168,-0.3255681544571566,10.4,94,0.0,7.93,-0.9876883405951378,0.1564344650402306,17.6,79,0.0,9.44,-0.984807753012208,-0.1736481776669303,13.6,94,0.0,7.19,-0.882947592858927,-0.4694715627858907,3.575,open-meteo,2026-08-08T09:59:26+00:00
2026-06-13 03:00:00+00:00,DE,onshore,15.7,83,0.0,12.69,-0.9876883405951375,-0.156434465040231,10.6,96,1.0,6.77,-0.984807753012208,-0.1736481776669303,18.1,80,0.0,9.02,-0.9993908270190958,-0.0348994967025007,13.4,96,0.0,7.05,-0.984807753012208,-0.1736481776669303,3.5500000000000007,open-meteo,2026-08-08T09:59:26+00:00
2026-06-13 04:00:00+00:00,DE,onshore,15.4,84,27.0,12.63,-0.992546151641322,0.1218693434051476,11.3,96,31.0,5.99,-0.9659258262890684,-0.2588190451025206,17.8,80,7.0,9.94,-0.9945218953682734,-0.1045284632676533,13.9,95,26.0,8.03,-0.9998476951563912,0.0174524064372831,3.4000000000000004,open-meteo,2026-08-08T09:59:26+00:00
2026-06-13 05:00:00+00:00,DE,onshore,15.4,80,119.0,13.51,-0.992546151641322,0.1218693434051476,12.4,93,146.0,5.66,-0.9702957262759964,-0.2419218955996677,17.8,81,51.0,9.71,-0.9993908270190958,-0.0348994967025007,15.0,92,111.0,6.21,-0.9945218953682734,-0.1045284632676533,2.85,open-meteo,2026-08-08T09:59:26+00:00
2026-06-13 06:00:00+00:00,DE,onshore,15.4,78,124.0,12.35,-1.0,-1.8369701987210287e-16,13.7,87,260.0,5.39,-0.9455185755993168,-0.3255681544571566,18.6,77,132.0,9.64,-0.9961946980917455,-0.0871557427476582,16.5,84,214.0,10.7,-0.9986295347545738,-0.0523359562429443,1.9499999999999995,open-meteo,2026-08-08T09:59:26+00:00
2026-06-13 07:00:00+00:00,DE,onshore,15.5,75,168.0,12.65,-0.984807753012208,-0.1736481776669303,15.2,80,356.0,7.97,-0.961261695938319,-0.2756373558169989,18.9,74,271.0,12.67,-0.9975640502598242,-0.0697564737441255,17.6,77,332.0,8.54,-0.9986295347545738,-0.0523359562429443,1.2000000000000028,open-meteo,2026-08-08T09:59:26+00:00
2026-06-13 08:00:00+00:00,DE,onshore,15.2,76,131.0,12.8,-0.9876883405951375,-0.156434465040231,16.1,81,339.0,7.72,-0.913545457642601,-0.4067366430758001,19.8,69,450.0,12.64,-0.9998476951563912,0.0174524064372831,17.8,70,372.0,9.91,-0.9986295347545738,0.0523359562429439,0.7749999999999986,open-meteo,2026-08-08T09:59:26+00:00
2026-06-13 09:00:00+00:00,DE,onshore,14.6,72,198.0,13.78,-0.9945218953682734,-0.1045284632676533,16.2,74,362.0,9.85,-0.9563047559630352,-0.2923717047227371,21.1,62,609.0,10.79,-0.9986295347545738,-0.0523359562429443,18.6,60,327.0,9.72,-0.9975640502598242,-0.0697564737441255,0.375,open-meteo,2026-08-08T09:59:26+00:00
2026-06-13 10:00:00+00:00,DE,onshore,14.3,82,143.0,16.16,-0.981627183447664,-0.1908089953765446,16.9,74,386.0,6.47,-0.9993908270190958,-0.0348994967025007,22.4,55,789.0,10.35,-0.992546151641322,-0.1218693434051471,18.6,56,399.0,10.52,-0.9961946980917455,0.0871557427476578,0.0499999999999971,open-meteo,2026-08-08T09:59:26+00:00
2026-06-13 11:00:00+00:00,DE,onshore,14.3,77,96.0,16.27,-0.9998476951563912,0.0174524064372831,17.0,65,461.0,9.81,-0.9876883405951378,0.1564344650402306,23.7,43,865.0,10.97,-0.9902680687415704,-0.1391731009600658,19.8,51,508.0,12.35,-1.0,-1.8369701987210287e-16,0.6999999999999993,open-meteo,2026-08-08T09:59:26+00:00
2026-06-13 12:00:00+00:00,DE,onshore,13.8,81,163.0,16.08,-0.9993908270190958,0.0348994967025012,16.9,65,377.0,9.55,-0.984807753012208,0.1736481776669299,24.8,37,890.0,11.2,-0.9961946980917455,-0.0871557427476582,20.0,52,644.0,9.99,-0.9998476951563912,-0.0174524064372834,0.875,open-meteo,2026-08-08T09:59:26+00:00
2026-06-13 13:00:00+00:00,DE,onshore,14.1,83,248.0,16.26,-0.9743700647852352,0.2249510543438649,16.3,71,191.0,11.28,-0.9986295347545738,0.0523359562429439,25.4,38,861.0,10.29,-0.9998476951563912,-0.0174524064372834,19.1,57,341.0,8.7,-0.9781476007338056,-0.2079116908177598,0.7250000000000014,open-meteo,2026-08-08T09:59:26+00:00
2026-06-13 14:00:00+00:00,DE,onshore,14.9,70,393.0,15.1,-0.9335804264972016,0.3583679495453004,13.8,85,128.0,10.49,-0.9993908270190958,0.0348994967025012,25.6,38,785.0,10.88,-0.9998476951563912,-0.0174524064372834,17.9,62,341.0,13.97,-0.9902680687415704,0.1391731009600654,0.0500000000000007,open-meteo,2026-08-08T09:59:26+00:00
2026-06-13 15:00:00+00:00,DE,onshore,14.6,73,389.0,15.47,-0.9702957262759966,0.2419218955996674,13.4,79,163.0,11.64,-0.992546151641322,0.1218693434051476,25.9,39,670.0,11.07,-1.0,-1.8369701987210287e-16,17.3,63,415.0,13.15,-0.9612616959383188,0.2756373558169994,0.1999999999999993,open-meteo,2026-08-08T09:59:26+00:00
2026-06-13 16:00:00+00:00,DE,onshore,14.6,78,372.0,15.11,-0.9743700647852352,0.2249510543438649,14.2,75,265.0,11.65,-0.984807753012208,0.1736481776669299,25.8,40,517.0,11.2,-0.9876883405951375,-0.156434465040231,17.4,58,362.0,12.24,-0.9702957262759966,0.2419218955996674,0.0,open-meteo,2026-08-08T09:59:26+00:00
2026-06-13 17:00:00+00:00,DE,onshore,14.5,77,228.0,14.45,-0.9743700647852352,0.2249510543438649,13.8,77,131.0,11.07,-0.9902680687415704,0.1391731009600654,25.2,40,359.0,12.55,-0.9902680687415704,-0.1391731009600658,16.4,60,233.0,10.87,-0.898794046299167,0.4383711467890774,0.5249999999999986,open-meteo,2026-08-08T09:59:26+00:00
2026-06-13 18:00:00+00:00,DE,onshore,14.5,80,191.0,15.08,-0.981627183447664,0.1908089953765451,14.1,66,104.0,11.22,-0.9945218953682734,0.1045284632676529,24.7,42,200.0,8.13,-0.9998476951563912,0.0174524064372831,15.9,64,90.0,8.57,-0.9271838545667874,0.3746065934159119,0.6999999999999993,open-meteo,2026-08-08T09:59:26+00:00
2026-06-13 19:00:00+00:00,DE,onshore,14.5,78,72.0,15.37,-0.9563047559630354,0.2923717047227367,13.3,73,45.0,9.81,-0.9993908270190958,-0.0348994967025007,23.0,46,68.0,9.92,-0.9876883405951378,0.1564344650402306,13.8,78,43.0,7.6,-0.9271838545667874,0.3746065934159119,1.8500000000000016,open-meteo,2026-08-08T09:59:26+00:00
2026-06-13 20:00:00+00:00,DE,onshore,14.5,76,15.0,14.59,-0.9743700647852352,0.2249510543438649,12.9,73,3.0,11.38,-0.9993908270190958,0.0348994967025012,20.9,51,3.0,6.74,-0.8386705679454243,0.5446390350150266,13.0,80,4.0,7.01,-0.8910065241883679,0.4539904997395466,2.6750000000000007,open-meteo,2026-08-08T09:59:26+00:00
2026-06-13 21:00:00+00:00,DE,onshore,14.2,79,0.0,14.6,-0.9781476007338056,0.2079116908177594,12.2,83,0.0,10.08,-0.9743700647852352,-0.2249510543438652,19.7,54,0.0,6.88,-0.7547095802227722,0.656059028990507,12.6,82,0.0,9.34,-0.9743700647852352,0.2249510543438649,3.325000000000001,open-meteo,2026-08-08T09:59:26+00:00
2026-06-13 22:00:00+00:00,DE,onshore,14.2,76,0.0,13.84,-0.9781476007338056,0.2079116908177594,11.8,83,0.0,11.3,-0.9781476007338056,-0.2079116908177598,18.7,51,0.0,7.27,-0.898794046299167,0.4383711467890774,12.2,88,0.0,7.75,-0.9876883405951375,-0.156434465040231,3.774999999999999,open-meteo,2026-08-08T09:59:26+00:00
2026-06-13 23:00:00+00:00,DE,onshore,13.9,77,0.0,13.07,-0.9510565162951536,0.3090169943749472,11.5,85,0.0,10.31,-0.9702957262759964,-0.2419218955996677,17.1,63,0.0,6.15,-0.9876883405951378,0.1564344650402306,12.0,86,0.0,8.92,-0.9998476951563912,-0.0174524064372834,4.375,open-meteo,2026-08-08T09:59:26+00:00
2026-06-14 00:00:00+00:00,DE,onshore,14.3,72,0.0,15.37,-0.945518575599317,0.3255681544571563,11.0,86,0.0,11.1,-0.9876883405951375,-0.156434465040231,16.8,59,0.0,6.58,-0.8829475928589271,0.4694715627858904,11.3,86,0.0,9.7,-1.0,-1.8369701987210287e-16,4.649999999999999,open-meteo,2026-08-08T09:59:26+00:00
2026-06-14 01:00:00+00:00,DE,onshore,13.7,81,0.0,15.74,-0.945518575599317,0.3255681544571563,10.9,85,0.0,10.89,-0.981627183447664,-0.1908089953765446,15.7,64,0.0,5.68,-0.7071067811865477,0.7071067811865474,10.9,88,0.0,10.2,-0.9986295347545738,-0.0523359562429443,5.200000000000001,open-meteo,2026-08-08T09:59:26+00:00
2026-06-14 02:00:00+00:00,DE,onshore,13.9,77,0.0,13.61,-0.9205048534524404,0.3907311284892735,10.9,85,0.0,10.89,-0.9902680687415704,-0.1391731009600658,14.3,72,0.0,6.36,-0.4226182617406992,0.90630778703665,10.8,87,0.0,10.05,-0.984807753012208,-0.1736481776669303,5.524999999999999,open-meteo,2026-08-08T09:59:26+00:00
2026-06-14 03:00:00+00:00,DE,onshore,14.0,78,0.0,13.77,-0.9135454576426012,0.4067366430757997,10.5,89,1.0,11.2,-0.9781476007338056,-0.2079116908177598,13.9,75,0.0,5.76,-0.5735764363510465,0.8191520442889916,11.0,88,0.0,9.13,-0.9781476007338056,-0.2079116908177598,5.65,open-meteo,2026-08-08T09:59:26+00:00
2026-06-14 04:00:00+00:00,DE,onshore,14.0,77,16.0,13.58,-0.8571673007021123,0.5150380749100542,10.4,90,38.0,11.7,-0.9781476007338056,-0.2079116908177598,13.6,72,7.0,4.79,-0.6560590289905074,0.7547095802227719,11.4,85,16.0,9.75,-0.9945218953682734,-0.1045284632676533,5.65,open-meteo,2026-08-08T09:59:26+00:00
2026-06-14 05:00:00+00:00,DE,onshore,13.9,81,61.0,14.32,-0.7986355100472932,0.6018150231520479,10.7,87,111.0,11.84,-0.992546151641322,-0.1218693434051471,14.0,73,66.0,2.46,-0.9961946980917455,0.0871557427476578,11.8,84,93.0,9.78,-0.992546151641322,-0.1218693434051471,5.399999999999999,open-meteo,2026-08-08T09:59:26+00:00
2026-06-14 06:00:00+00:00,DE,onshore,13.9,75,178.0,12.83,-0.8386705679454243,0.5446390350150266,11.2,83,201.0,11.69,-0.9975640502598242,-0.0697564737441255,15.2,64,201.0,2.64,-0.8571673007021121,-0.5150380749100544,13.0,77,150.0,11.67,-0.9986295347545738,0.0523359562429439,4.675000000000001,open-meteo,2026-08-08T09:59:26+00:00
2026-06-14 07:00:00+00:00,DE,onshore,14.2,76,243.0,13.59,-0.8191520442889918,0.573576436351046,11.9,79,248.0,10.68,-0.9998476951563912,0.0174524064372831,16.8,57,386.0,3.26,-0.8386705679454242,-0.544639035015027,13.3,77,191.0,10.97,-0.9998476951563912,-0.0174524064372834,3.9499999999999993,open-meteo,2026-08-08T09:59:26+00:00
2026-06-14 08:00:00+00:00,DE,onshore,14.3,76,417.0,13.61,-0.7547095802227722,0.656059028990507,12.8,74,278.0,11.11,-0.9961946980917455,0.0871557427476578,18.0,51,444.0,5.74,-0.9902680687415704,0.1391731009600654,14.1,69,320.0,11.22,-0.9612616959383188,0.2756373558169994,3.2,open-meteo,2026-08-08T09:59:26+00:00
2026-06-14 09:00:00+00:00,DE,onshore,14.2,76,509.0,13.49,-0.8571673007021123,0.5150380749100542,13.0,74,306.0,11.45,-0.992546151641322,-0.1218693434051471,19.0,48,402.0,6.8,-0.9781476007338056,0.2079116908177594,14.6,70,202.0,9.81,-0.9986295347545738,0.0523359562429439,2.799999999999999,open-meteo,2026-08-08T09:59:26+00:00
2026-06-14 10:00:00+00:00,DE,onshore,14.2,77,444.0,14.27,-0.8191520442889918,0.573576436351046,13.0,73,177.0,12.26,-0.9986295347545738,-0.0523359562429443,19.5,45,498.0,7.74,-0.9998476951563912,0.0174524064372831,15.0,68,322.0,10.9,-0.9975640502598244,0.0697564737441252,2.575,open-meteo,2026-08-08T09:59:26+00:00
2026-06-14 11:00:00+00:00,DE,onshore,14.5,76,492.0,14.35,-0.8191520442889918,0.573576436351046,13.0,80,170.0,12.46,-0.9986295347545738,0.0523359562429439,20.6,43,600.0,8.9,-0.9563047559630354,0.2923717047227367,16.5,60,612.0,12.08,-0.9975640502598244,0.0697564737441252,1.8500000000000016,open-meteo,2026-08-08T09:59:26+00:00
2026-06-14 12:00:00+00:00,DE,onshore,14.2,80,305.0,15.57,-0.8746197071393956,0.4848096202463373,13.6,81,185.0,10.86,-0.9743700647852352,0.2249510543438649,21.0,44,698.0,8.0,-0.992546151641322,0.1218693434051476,16.7,60,369.0,12.64,-0.9993908270190958,0.0348994967025012,1.625,open-meteo,2026-08-08T09:59:26+00:00
2026-06-14 13:00:00+00:00,DE,onshore,14.6,72,618.0,13.86,-0.8480480961564262,0.5299192642332047,13.6,83,145.0,10.88,-0.9998476951563912,0.0174524064372831,21.8,39,757.0,8.25,-0.9975640502598244,0.0697564737441252,15.3,74,313.0,9.55,-0.984807753012208,0.1736481776669299,1.6750000000000007,open-meteo,2026-08-08T09:59:26+00:00
2026-06-14 14:00:00+00:00,DE,onshore,14.1,79,304.0,14.5,-0.8910065241883679,0.4539904997395466,13.3,89,135.0,9.25,-0.9743700647852352,0.2249510543438649,21.6,34,650.0,8.71,-0.945518575599317,0.3255681544571563,17.1,63,336.0,12.11,-0.945518575599317,0.3255681544571563,1.4750000000000014,open-meteo,2026-08-08T09:59:26+00:00
2026-06-14 15:00:00+00:00,DE,onshore,14.1,78,363.0,13.75,-0.9271838545667874,0.3746065934159119,14.0,84,178.0,10.97,-0.9563047559630354,0.2923717047227367,21.0,48,524.0,6.8,-0.6560590289905074,0.7547095802227719,17.3,61,367.0,11.38,-0.8571673007021123,0.5150380749100542,1.3999999999999986,open-meteo,2026-08-08T09:59:26+00:00
2026-06-14 16:00:00+00:00,DE,onshore,14.1,77,161.0,13.37,-0.898794046299167,0.4383711467890774,14.3,78,183.0,13.26,-0.9205048534524404,0.3907311284892735,21.6,37,467.0,5.18,-0.8746197071393956,0.4848096202463373,17.0,54,283.0,11.75,-0.8746197071393956,0.4848096202463373,1.25,open-meteo,2026-08-08T09:59:26+00:00
2026-06-14 17:00:00+00:00,DE,onshore,14.3,77,63.0,14.81,-0.8910065241883679,0.4539904997395466,13.7,84,95.0,12.59,-0.9743700647852352,0.2249510543438649,19.6,51,279.0,6.38,-0.1908089953765446,0.981627183447664,16.5,57,223.0,11.85,-0.9205048534524404,0.3907311284892735,1.9750000000000016,open-meteo,2026-08-08T09:59:26+00:00
2026-06-14 18:00:00+00:00,DE,onshore,13.8,80,54.0,13.93,-0.9781476007338056,0.2079116908177594,13.5,83,84.0,12.36,-0.9659258262890684,0.2588190451025203,18.9,52,146.0,5.92,-0.3255681544571567,0.9455185755993168,16.2,55,111.0,11.26,-0.8910065241883679,0.4539904997395466,2.3999999999999986,open-meteo,2026-08-08T09:59:26+00:00
2026-06-14 19:00:00+00:00,DE,onshore,14.0,85,14.0,12.52,-0.945518575599317,0.3255681544571563,13.0,86,15.0,12.15,-0.984807753012208,0.1736481776669299,17.3,56,51.0,5.5,-0.0697564737441256,0.9975640502598242,15.3,62,37.0,11.04,-0.9335804264972016,0.3583679495453004,3.1000000000000014,open-meteo,2026-08-08T09:59:26+00:00
2026-06-14 20:00:00+00:00,DE,onshore,14.1,84,2.0,12.01,-0.898794046299167,0.4383711467890774,12.4,90,1.0,11.45,-0.9659258262890684,0.2588190451025203,15.6,59,3.0,4.9,-0.2079116908177598,0.9781476007338056,13.9,67,4.0,9.73,-0.9876883405951378,0.1564344650402306,4.0,open-meteo,2026-08-08T09:59:26+00:00
2026-06-14 21:00:00+00:00,DE,onshore,13.8,84,0.0,11.55,-0.9271838545667874,0.3746065934159119,11.6,92,0.0,9.96,-0.992546151641322,0.1218693434051476,14.2,63,0.0,4.79,-0.3907311284892739,0.9205048534524404,13.4,74,0.0,8.64,-0.9975640502598244,0.0697564737441252,4.750000000000002,open-meteo,2026-08-08T09:59:26+00:00
2026-06-14 22:00:00+00:00,DE,onshore,14.3,84,0.0,12.84,-0.8910065241883679,0.4539904997395466,11.4,93,0.0,10.66,-0.992546151641322,0.1218693434051476,13.8,67,0.0,3.72,-0.0348994967025008,0.9993908270190958,13.0,76,0.0,8.86,-0.9945218953682734,0.1045284632676529,4.875,open-meteo,2026-08-08T09:59:26+00:00
2026-06-14 23:00:00+00:00,DE,onshore,14.4,81,0.0,10.85,-0.8571673007021123,0.5150380749100542,11.4,90,0.0,10.72,-0.9961946980917455,0.0871557427476578,12.8,74,0.0,1.8,-0.4848096202463369,0.8746197071393959,12.7,75,0.0,9.58,-0.992546151641322,0.1218693434051476,5.175000000000001,open-meteo,2026-08-08T09:59:26+00:00
2026-06-15 00:00:00+00:00,DE,onshore,14.0,82,0.0,12.28,-0.9063077870366498,0.4226182617406996,11.5,89,0.0,10.59,-0.9993908270190958,0.0348994967025012,11.6,82,0.0,1.31,-0.8910065241883679,0.4539904997395466,12.5,79,0.0,9.21,-0.9998476951563912,0.0174524064372831,5.6,open-meteo,2026-08-08T09:59:26+00:00
2026-06-15 01:00:00+00:00,DE,onshore,14.5,79,0.0,11.88,-0.9063077870366498,0.4226182617406996,11.2,91,0.0,9.99,-0.9998476951563912,0.0174524064372831,11.6,79,0.0,1.5,-0.8480480961564262,0.5299192642332047,12.4,79,0.0,9.41,-0.9998476951563912,0.0174524064372831,5.575000000000001,open-meteo,2026-08-08T09:59:26+00:00
2026-06-15 02:00:00+00:00,DE,onshore,14.1,84,0.0,13.67,-0.8386705679454243,0.5446390350150266,11.0,91,0.0,9.42,-0.9975640502598242,-0.0697564737441255,11.1,81,0.0,2.01,-0.6819983600624984,0.7313537016191707,12.1,80,0.0,9.52,-0.9975640502598242,-0.0697564737441255,5.924999999999999,open-meteo,2026-08-08T09:59:26+00:00
2026-06-15 03:00:00+00:00,DE,onshore,13.7,84,0.0,13.59,-0.8191520442889918,0.573576436351046,10.9,92,1.0,9.91,-0.9876883405951375,-0.156434465040231,11.3,78,0.0,2.73,-0.2588190451025207,0.9659258262890684,12.2,82,0.0,8.62,-0.9998476951563912,-0.0174524064372834,5.974999999999998,open-meteo,2026-08-08T09:59:26+00:00
2026-06-15 04:00:00+00:00,DE,onshore,13.6,83,12.0,13.42,-0.7986355100472932,0.6018150231520479,11.3,92,33.0,9.73,-0.9876883405951375,-0.156434465040231,11.0,85,6.0,1.77,-0.5591929034707466,0.8290375725550418,12.2,82,13.0,8.55,-0.984807753012208,-0.1736481776669303,5.975000000000001,open-meteo,2026-08-08T09:59:26+00:00
2026-06-15 05:00:00+00:00,DE,onshore,13.7,82,47.0,12.8,-0.8480480961564262,0.5299192642332047,11.8,88,95.0,10.68,-0.9993908270190958,-0.0348994967025007,11.6,88,65.0,1.52,-0.9659258262890684,0.2588190451025203,12.5,82,36.0,9.19,-0.992546151641322,-0.1218693434051471,5.6,open-meteo,2026-08-08T09:59:26+00:00
2026-06-15 06:00:00+00:00,DE,onshore,13.3,80,105.0,13.35,-0.8480480961564262,0.5299192642332047,12.8,84,190.0,11.12,-0.9945218953682734,-0.1045284632676533,13.6,71,191.0,1.5,-0.981627183447664,0.1908089953765451,12.8,80,62.0,9.41,-0.9998476951563912,-0.0174524064372834,4.875,open-meteo,2026-08-08T09:59:26+00:00
2026-06-15 07:00:00+00:00,DE,onshore,13.2,79,231.0,13.89,-0.8090169943749476,0.5877852522924729,13.5,78,266.0,11.95,-1.0,-1.8369701987210287e-16,15.0,62,293.0,2.54,-0.8829475928589271,0.4694715627858904,13.7,77,139.0,9.9,-0.9998476951563912,-0.0174524064372834,4.149999999999999,open-meteo,2026-08-08T09:59:26+00:00
2026-06-15 08:00:00+00:00,DE,onshore,13.2,79,277.0,13.82,-0.7880107536067218,0.6156614753256585,14.5,75,304.0,12.38,-0.9975640502598244,0.0697564737441252,16.0,59,441.0,4.74,-0.9135454576426012,0.4067366430757997,14.6,70,316.0,10.97,-0.9902680687415704,0.1391731009600654,3.424999999999999,open-meteo,2026-08-08T09:59:26+00:00
2026-06-15 09:00:00+00:00,DE,onshore,13.1,77,332.0,13.46,-0.8090169943749476,0.5877852522924729,13.8,80,181.0,12.54,-0.9998476951563912,0.0174524064372831,17.2,54,568.0,3.64,-0.9135454576426012,0.4067366430757997,14.6,75,321.0,9.95,-0.9945218953682734,-0.1045284632676533,3.325000000000001,open-meteo,2026-08-08T09:59:26+00:00
2026-06-15 10:00:00+00:00,DE,onshore,13.6,75,367.0,13.1,-0.8191520442889918,0.573576436351046,15.0,72,312.0,13.16,-0.9659258262890684,0.2588190451025203,18.5,50,782.0,3.84,-0.945518575599317,0.3255681544571563,14.7,73,246.0,10.36,-0.9659258262890684,0.2588190451025203,2.5500000000000007,open-meteo,2026-08-08T09:59:26+00:00
2026-06-15 11:00:00+00:00,DE,onshore,13.3,76,310.0,13.38,-0.9135454576426012,0.4067366430757997,15.7,67,348.0,15.15,-0.945518575599317,0.3255681544571563,19.4,48,792.0,3.84,-0.945518575599317,0.3255681544571563,16.1,65,300.0,11.41,-0.9781476007338056,0.2079116908177594,1.875,open-meteo,2026-08-08T09:59:26+00:00
2026-06-15 12:00:00+00:00,DE,onshore,13.1,78,594.0,11.75,-0.9063077870366498,0.4226182617406996,14.9,69,548.0,12.99,-0.9563047559630354,0.2923717047227367,20.1,47,858.0,3.92,-0.9743700647852352,0.2249510543438649,18.0,53,563.0,12.53,-0.9781476007338056,0.2079116908177594,1.4750000000000014,open-meteo,2026-08-08T09:59:26+00:00
2026-06-15 13:00:00+00:00,DE,onshore,13.6,73,480.0,13.58,-0.898794046299167,0.4383711467890774,15.0,69,255.0,12.23,-0.9271838545667874,0.3746065934159119,20.9,40,857.0,3.77,-0.8829475928589271,0.4694715627858904,18.5,49,596.0,11.44,-0.9612616959383188,0.2756373558169994,1.0,open-meteo,2026-08-08T09:59:26+00:00
2026-06-15 14:00:00+00:00,DE,onshore,13.8,73,270.0,12.1,-0.9063077870366498,0.4226182617406996,15.1,69,315.0,12.1,-0.9702957262759966,0.2419218955996674,21.3,45,800.0,3.47,-0.6427876096865396,0.7660444431189778,18.5,51,647.0,12.57,-0.9271838545667874,0.3746065934159119,0.8249999999999993,open-meteo,2026-08-08T09:59:26+00:00
2026-06-15 15:00:00+00:00,DE,onshore,13.7,65,406.0,11.57,-0.898794046299167,0.4383711467890774,15.7,66,363.0,11.32,-0.9612616959383188,0.2756373558169994,21.4,42,669.0,2.92,-0.6427876096865396,0.7660444431189778,18.5,46,538.0,10.98,-0.9743700647852352,0.2249510543438649,0.6750000000000007,open-meteo,2026-08-08T09:59:26+00:00
2026-06-15 16:00:00+00:00,DE,onshore,13.5,73,242.0,11.01,-0.8480480961564262,0.5299192642332047,15.4,69,380.0,11.95,-0.984807753012208,0.1736481776669299,21.6,39,538.0,2.36,-0.7071067811865477,0.7071067811865474,17.9,47,428.0,10.9,-0.9271838545667874,0.3746065934159119,0.8999999999999986,open-meteo,2026-08-08T09:59:26+00:00
2026-06-15 17:00:00+00:00,DE,onshore,13.6,68,110.0,10.23,-0.9205048534524404,0.3907311284892735,14.4,71,218.0,12.3,-0.981627183447664,0.1908089953765451,21.1,42,364.0,1.73,-0.6819983600624984,0.7313537016191707,16.9,49,280.0,10.22,-0.8480480961564262,0.5299192642332047,1.5,open-meteo,2026-08-08T09:59:26+00:00
2026-06-15 18:00:00+00:00,DE,onshore,13.6,70,99.0,9.43,-0.9135454576426012,0.4067366430757997,13.9,71,123.0,12.39,-0.981627183447664,0.1908089953765451,20.7,45,188.0,1.81,-0.9743700647852352,0.2249510543438649,16.3,52,175.0,9.75,-0.8660254037844386,0.5000000000000001,1.875,open-meteo,2026-08-08T09:59:26+00:00
2026-06-15 19:00:00+00:00,DE,onshore,13.6,70,50.0,9.74,-0.9335804264972016,0.3583679495453004,13.1,70,30.0,10.78,-0.9902680687415704,0.1391731009600654,19.5,54,69.0,1.63,-0.8386705679454242,-0.544639035015027,14.7,57,74.0,8.6,-0.7986355100472932,0.6018150231520479,2.7749999999999986,open-meteo,2026-08-08T09:59:26+00:00
2026-06-15 20:00:00+00:00,DE,onshore,13.6,70,9.0,9.32,-0.9271838545667874,0.3746065934159119,12.4,74,3.0,10.42,-0.9961946980917455,0.0871557427476578,17.8,56,4.0,1.01,-0.4848096202463369,-0.8746197071393959,12.6,68,6.0,8.67,-0.7313537016191703,0.6819983600624987,3.9,open-meteo,2026-08-08T09:59:26+00:00
2026-06-15 21:00:00+00:00,DE,onshore,13.5,65,0.0,9.73,-0.9063077870366498,0.4226182617406996,12.1,71,0.0,10.66,-0.992546151641322,0.1218693434051476,15.1,71,0.0,1.33,0.5877852522924732,-0.8090169943749473,11.7,70,0.0,8.05,-0.7986355100472932,0.6018150231520479,4.899999999999999,open-meteo,2026-08-08T09:59:26+00:00
2026-06-15 22:00:00+00:00,DE,onshore,13.5,66,0.0,8.62,-0.9335804264972016,0.3583679495453004,11.2,76,0.0,10.37,-0.992546151641322,0.1218693434051476,13.7,84,0.0,1.4,-0.2079116908177595,-0.9781476007338056,10.5,75,0.0,8.03,-0.7880107536067218,0.6156614753256585,5.775,open-meteo,2026-08-08T09:59:26+00:00
2026-06-15 23:00:00+00:00,DE,onshore,13.6,71,0.0,8.58,-0.945518575599317,0.3255681544571563,10.6,78,0.0,10.09,-0.9902680687415704,0.1391731009600654,13.3,84,0.0,2.04,-0.8191520442889916,-0.5735764363510464,9.7,80,0.0,6.28,-0.9205048534524404,0.3907311284892735,6.199999999999999,open-meteo,2026-08-08T09:59:26+00:00
2026-06-16 00:00:00+00:00,DE,onshore,13.2,75,0.0,8.59,-0.9135454576426012,0.4067366430757997,10.0,79,0.0,10.31,-0.9876883405951378,0.1564344650402306,13.4,80,0.0,2.69,-0.8386705679454242,-0.544639035015027,9.4,84,0.0,6.32,-0.945518575599317,0.3255681544571563,6.5,open-meteo,2026-08-08T09:59:26+00:00
2026-06-16 01:00:00+00:00,DE,onshore,13.3,65,0.0,7.49,-0.898794046299167,0.4383711467890774,9.6,80,0.0,9.74,-0.9743700647852352,0.2249510543438649,12.9,79,0.0,2.42,-0.848048096156426,-0.529919264233205,8.9,88,0.0,6.48,-0.9986295347545738,0.0523359562429439,6.825000000000001,open-meteo,2026-08-08T09:59:26+00:00
2026-06-16 02:00:00+00:00,DE,onshore,13.1,67,0.0,6.62,-0.9063077870366498,0.4226182617406996,9.1,82,0.0,9.58,-0.9702957262759966,0.2419218955996674,11.9,86,0.0,1.55,-0.5735764363510462,-0.8191520442889918,8.8,88,0.0,5.69,-0.9986295347545738,0.0523359562429439,7.274999999999999,open-meteo,2026-08-08T09:59:26+00:00
2026-06-16 03:00:00+00:00,DE,onshore,13.2,71,0.0,5.83,-0.9063077870366498,0.4226182617406996,9.1,82,1.0,8.75,-0.9743700647852352,0.2249510543438649,11.2,88,0.0,1.77,-0.0523359562429435,-0.9986295347545738,8.9,87,0.0,5.1,-0.9993908270190958,-0.0348994967025007,7.4,open-meteo,2026-08-08T09:59:26+00:00
2026-06-16 04:00:00+00:00,DE,onshore,13.2,70,8.0,5.13,-0.6819983600624984,0.7313537016191707,9.8,80,27.0,8.84,-0.9975640502598244,0.0697564737441252,11.9,83,7.0,1.67,0.3583679495453002,-0.9335804264972016,9.3,86,23.0,5.09,-0.961261695938319,-0.2756373558169989,6.949999999999999,open-meteo,2026-08-08T09:59:26+00:00
2026-06-16 05:00:00+00:00,DE,onshore,13.2,64,41.0,4.82,-0.7880107536067218,0.6156614753256585,10.5,78,78.0,7.15,-0.9998476951563912,-0.0174524064372834,12.6,82,31.0,2.02,0.6293203910498374,-0.7771459614569709,10.5,80,86.0,5.06,-0.9271838545667872,-0.3746065934159123,6.300000000000001,open-meteo,2026-08-08T09:59:26+00:00
2026-06-16 06:00:00+00:00,DE,onshore,13.2,65,149.0,4.28,-0.9396926207859084,0.342020143325669,11.4,74,142.0,7.89,-0.9945218953682734,0.1045284632676529,14.7,74,96.0,1.77,0.0523359562429438,-0.9986295347545738,12.4,72,176.0,3.38,-0.8660254037844384,-0.5000000000000004,5.075000000000001,open-meteo,2026-08-08T09:59:26+00:00
2026-06-16 07:00:00+00:00,DE,onshore,13.2,59,285.0,3.46,-0.9063077870366498,0.4226182617406996,11.8,70,237.0,6.87,-0.9986295347545738,0.0523359562429439,16.0,70,120.0,2.46,-0.9961946980917455,0.0871557427476578,13.8,66,319.0,3.07,-0.8910065241883678,-0.4539904997395469,4.300000000000001,open-meteo,2026-08-08T09:59:26+00:00
2026-06-16 08:00:00+00:00,DE,onshore,13.3,60,493.0,3.07,-0.8571673007021123,0.5150380749100542,12.6,65,414.0,6.88,-0.9975640502598244,0.0697564737441252,18.0,64,189.0,4.24,-0.9455185755993168,-0.3255681544571566,15.3,60,479.0,2.37,-0.913545457642601,-0.4067366430758001,3.2,open-meteo,2026-08-08T09:59:26+00:00
2026-06-16 09:00:00+00:00,DE,onshore,13.6,62,646.0,4.06,-0.9396926207859084,0.342020143325669,12.6,67,363.0,5.8,-0.9961946980917455,0.0871557427476578,19.8,64,244.0,2.41,-0.8910065241883678,-0.4539904997395469,17.1,57,528.0,2.86,-0.8571673007021121,-0.5150380749100544,2.225,open-meteo,2026-08-08T09:59:26+00:00
2026-06-16 10:00:00+00:00,DE,onshore,13.6,68,547.0,4.17,-0.9135454576426012,0.4067366430757997,13.4,64,450.0,5.7,-0.9961946980917455,0.0871557427476578,21.4,62,302.0,1.68,0.1218693434051475,-0.992546151641322,18.3,56,713.0,2.98,-0.6946583704589974,-0.7193398003386511,1.3249999999999993,open-meteo,2026-08-08T09:59:26+00:00
2026-06-16 11:00:00+00:00,DE,onshore,13.7,66,562.0,4.25,-0.8746197071393956,0.4848096202463373,14.3,62,436.0,4.61,-0.9993908270190958,-0.0348994967025007,22.1,56,299.0,4.62,-0.9563047559630354,0.2923717047227367,19.1,54,694.0,3.61,-0.7313537016191703,-0.6819983600624986,0.6999999999999993,open-meteo,2026-08-08T09:59:26+00:00
2026-06-16 12:00:00+00:00,DE,onshore,13.5,63,721.0,3.55,-0.7771459614569708,0.6293203910498375,15.3,59,488.0,4.9,-1.0,-1.8369701987210287e-16,22.5,54,251.0,4.43,-0.9510565162951536,-0.3090169943749475,20.4,48,625.0,3.72,-0.9510565162951536,-0.3090169943749475,0.0750000000000028,open-meteo,2026-08-08T09:59:26+00:00
2026-06-16 13:00:00+00:00,DE,onshore,13.7,68,679.0,3.68,-0.6691306063588581,0.7431448254773944,16.7,53,796.0,4.62,-0.9961946980917455,0.0871557427476578,22.3,62,297.0,2.85,0.4539904997395468,-0.8910065241883678,21.2,48,656.0,3.41,-0.9510565162951536,-0.3090169943749475,0.4750000000000014,open-meteo,2026-08-08T09:59:26+00:00
2026-06-16 14:00:00+00:00,DE,onshore,13.9,67,563.0,3.6,-0.4848096202463369,0.8746197071393959,17.5,50,688.0,4.69,-0.981627183447664,0.1908089953765451,23.1,56,351.0,5.29,0.0348994967025011,-0.9993908270190958,22.2,37,681.0,3.15,-0.9961946980917455,0.0871557427476578,1.1750000000000007,open-meteo,2026-08-08T09:59:26+00:00
2026-06-16 15:00:00+00:00,DE,onshore,14.0,65,570.0,3.59,-0.4383711467890778,0.8987940462991668,16.9,52,581.0,3.72,-0.8191520442889918,0.573576436351046,22.8,56,271.0,6.72,0.1391731009600653,-0.9902680687415704,22.0,41,579.0,3.43,-0.9993908270190958,-0.0348994967025007,0.9250000000000008,open-meteo,2026-08-08T09:59:26+00:00
2026-06-16 16:00:00+00:00,DE,onshore,14.0,65,457.0,3.59,-0.5735764363510465,0.8191520442889916,16.9,54,491.0,3.61,-0.7547095802227722,0.656059028990507,23.1,55,293.0,5.89,-0.0523359562429435,-0.9986295347545738,22.0,36,440.0,3.66,-0.9902680687415704,0.1391731009600654,1.0,open-meteo,2026-08-08T09:59:26+00:00
2026-06-16 17:00:00+00:00,DE,onshore,14.1,64,367.0,3.86,-0.4539904997395469,0.8910065241883678,16.4,57,296.0,3.07,-0.4539904997395469,0.8910065241883678,22.7,59,147.0,4.52,0.0697564737441255,-0.9975640502598242,21.6,40,290.0,3.97,-0.9612616959383188,0.2756373558169994,0.7000000000000028,open-meteo,2026-08-08T09:59:26+00:00
2026-06-16 18:00:00+00:00,DE,onshore,14.1,69,232.0,3.9,-0.4226182617406992,0.90630778703665,15.7,62,189.0,4.43,0.0871557427476581,0.9961946980917455,23.2,59,96.0,4.22,-0.0523359562429435,-0.9986295347545738,21.0,42,172.0,4.08,-0.9135454576426012,0.4067366430757997,0.5,open-meteo,2026-08-08T09:59:26+00:00
2026-06-16 19:00:00+00:00,DE,onshore,14.2,69,96.0,4.16,-0.4539904997395469,0.8910065241883678,13.8,71,69.0,4.61,0.0697564737441253,0.9975640502598242,22.7,64,48.0,3.86,-0.4067366430758002,-0.9135454576426008,19.3,50,52.0,3.97,-0.544639035015027,0.838670567945424,0.5,open-meteo,2026-08-08T09:59:26+00:00
2026-06-16 20:00:00+00:00,DE,onshore,14.1,65,18.0,4.44,-0.3746065934159123,0.9271838545667872,11.7,80,6.0,5.52,0.1045284632676534,0.9945218953682732,20.7,71,3.0,3.86,-0.8090169943749473,-0.5877852522924732,16.9,59,4.0,5.92,-0.4539904997395469,0.8910065241883678,2.1500000000000004,open-meteo,2026-08-08T09:59:26+00:00
2026-06-16 21:00:00+00:00,DE,onshore,13.3,73,0.0,4.08,-0.4539904997395469,0.8910065241883678,10.3,85,0.0,5.42,-0.1045284632676534,0.9945218953682732,19.5,72,0.0,3.77,-0.882947592858927,-0.4694715627858907,15.3,75,0.0,6.72,-0.1391731009600658,0.9902680687415704,3.3999999999999986,open-meteo,2026-08-08T09:59:26+00:00
2026-06-16 22:00:00+00:00,DE,onshore,13.3,79,0.0,3.48,-0.529919264233205,0.8480480961564258,9.5,85,0.0,4.04,-0.1045284632676534,0.9945218953682732,18.3,71,0.0,5.91,-0.9945218953682734,-0.1045284632676533,14.2,81,0.0,6.08,-0.0523359562429443,0.9986295347545738,4.175000000000001,open-meteo,2026-08-08T09:59:26+00:00
2026-06-16 23:00:00+00:00,DE,onshore,13.4,69,0.0,3.57,-0.6018150231520483,0.7986355100472928,9.4,83,0.0,2.86,-0.3746065934159123,0.9271838545667872,18.5,67,0.0,6.89,-0.9945218953682734,0.1045284632676529,13.2,86,0.0,4.86,0.5591929034707469,0.8290375725550417,4.375,open-meteo,2026-08-08T09:59:26+00:00
2026-06-17 00:00:00+00:00,DE,onshore,12.9,74,0.0,2.59,-0.4226182617406992,0.90630778703665,7.8,88,0.0,2.88,-0.5735764363510465,0.8191520442889916,18.4,72,0.0,5.01,-0.9975640502598244,0.0697564737441252,11.9,89,0.0,4.57,0.7071067811865475,0.7071067811865476,5.250000000000002,open-meteo,2026-08-08T09:59:26+00:00
2026-06-17 01:00:00+00:00,DE,onshore,13.1,73,0.0,2.07,-0.5150380749100545,0.8571673007021121,7.3,89,0.0,2.96,-0.8290375725550416,0.559192903470747,17.8,76,0.0,4.98,-0.984807753012208,0.1736481776669299,11.2,91,0.0,4.03,0.6560590289905073,0.754709580222772,5.649999999999999,open-meteo,2026-08-08T09:59:26+00:00
2026-06-17 02:00:00+00:00,DE,onshore,13.2,68,0.0,0.79,-0.8660254037844386,0.5000000000000001,6.9,90,0.0,3.19,-0.9510565162951536,0.3090169943749472,17.2,79,0.0,5.48,-0.984807753012208,0.1736481776669299,10.5,92,0.0,2.72,0.788010753606722,0.6156614753256583,6.050000000000001,open-meteo,2026-08-08T09:59:26+00:00
2026-06-17 03:00:00+00:00,DE,onshore,13.2,63,0.0,0.66,-0.8910065241883679,0.4539904997395466,6.2,93,2.0,3.83,-0.9743700647852352,0.2249510543438649,16.0,81,0.0,5.21,-0.9781476007338056,0.2079116908177594,9.9,94,0.0,2.19,0.8910065241883679,0.4539904997395468,6.675000000000001,open-meteo,2026-08-08T09:59:26+00:00
2026-06-17 04:00:00+00:00,DE,onshore,13.2,64,26.0,0.57,-0.5150380749100542,-0.8571673007021123,6.8,93,49.0,3.81,-0.9510565162951536,0.3090169943749472,15.4,85,9.0,4.52,-0.9975640502598244,0.0697564737441252,9.7,96,33.0,0.57,0.8571673007021123,0.5150380749100542,6.725000000000001,open-meteo,2026-08-08T09:59:26+00:00
2026-06-17 05:00:00+00:00,DE,onshore,13.3,72,94.0,1.82,-0.587785252292473,-0.8090169943749475,9.1,90,158.0,3.5,-0.9510565162951536,0.3090169943749472,16.7,81,56.0,4.11,-1.0,-1.8369701987210287e-16,11.3,92,114.0,0.49,-0.7986355100472932,0.6018150231520479,5.400000000000002,open-meteo,2026-08-08T09:59:26+00:00
2026-06-17 06:00:00+00:00,DE,onshore,14.1,69,155.0,3.2,-0.4539904997395467,-0.8910065241883679,11.9,79,283.0,3.52,-0.9743700647852352,0.2249510543438649,19.6,70,170.0,3.43,-1.0,-1.8369701987210287e-16,13.6,79,227.0,0.81,-0.9702957262759966,0.2419218955996674,3.2,open-meteo,2026-08-08T09:59:26+00:00
2026-06-17 07:00:00+00:00,DE,onshore,13.7,79,217.0,4.35,-0.3907311284892735,-0.9205048534524404,13.7,73,447.0,3.07,-0.9563047559630354,0.2923717047227367,21.7,64,306.0,1.96,-0.9986295347545738,0.0523359562429439,15.7,72,363.0,1.39,-0.9902680687415704,0.1391731009600654,1.8000000000000007,open-meteo,2026-08-08T09:59:26+00:00
2026-06-17 08:00:00+00:00,DE,onshore,13.9,79,266.0,4.41,0.0174524064372834,-0.9998476951563912,14.8,68,564.0,2.92,-0.9702957262759966,0.2419218955996674,22.1,65,280.0,2.06,-0.9986295347545738,-0.0523359562429443,17.8,64,510.0,3.15,-0.9961946980917455,0.0871557427476578,0.8499999999999979,open-meteo,2026-08-08T09:59:26+00:00
2026-06-17 09:00:00+00:00,DE,onshore,14.8,73,579.0,4.7,1.2246467991473532e-16,-1.0,15.7,66,552.0,1.87,-0.9945218953682734,0.1045284632676529,23.5,59,295.0,2.19,-0.984807753012208,-0.1736481776669303,20.2,53,649.0,3.45,-0.992546151641322,0.1218693434051476,0.5500000000000007,open-meteo,2026-08-08T09:59:26+00:00
2026-06-17 10:00:00+00:00,DE,onshore,15.6,72,603.0,4.33,0.0871557427476582,-0.9961946980917455,17.0,61,657.0,2.65,-0.9975640502598242,-0.0697564737441255,25.6,51,654.0,2.95,-0.9975640502598242,-0.0697564737441255,21.7,49,708.0,3.87,-0.9876883405951378,0.1564344650402306,1.9750000000000016,open-meteo,2026-08-08T09:59:26+00:00
2026-06-17 11:00:00+00:00,DE,onshore,16.4,76,621.0,4.82,0.2249510543438652,-0.9743700647852352,17.9,61,737.0,3.65,-0.9945218953682734,-0.1045284632676533,27.5,44,813.0,3.04,-0.9975640502598244,0.0697564737441252,22.0,50,564.0,5.32,-0.9945218953682734,0.1045284632676529,2.95,open-meteo,2026-08-08T09:59:26+00:00
2026-06-17 12:00:00+00:00,DE,onshore,16.8,80,687.0,4.13,0.0697564737441255,-0.9975640502598242,19.3,56,733.0,3.74,-0.9945218953682734,-0.1045284632676533,28.2,38,854.0,2.95,-0.9945218953682734,0.1045284632676529,23.2,46,604.0,6.1,-0.9945218953682734,0.1045284632676529,3.875,open-meteo,2026-08-08T09:59:26+00:00
2026-06-17 13:00:00+00:00,DE,onshore,17.5,81,323.0,6.45,-0.2923717047227367,-0.9563047559630354,20.3,51,750.0,4.02,-0.9998476951563912,0.0174524064372831,29.0,32,843.0,4.02,-1.0,-1.8369701987210287e-16,23.9,47,571.0,5.57,-0.984807753012208,0.1736481776669299,4.674999999999997,open-meteo,2026-08-08T09:59:26+00:00
2026-06-17 14:00:00+00:00,DE,onshore,17.5,83,156.0,8.83,-0.5591929034707467,-0.8290375725550418,21.0,51,719.0,3.72,-1.0,-1.8369701987210287e-16,29.4,31,757.0,3.23,-0.9702957262759966,0.2419218955996674,24.4,46,469.0,5.53,-0.9205048534524404,0.3907311284892735,5.075000000000003,open-meteo,2026-08-08T09:59:26+00:00
2026-06-17 15:00:00+00:00,DE,onshore,17.2,89,121.0,8.51,-0.874619707139396,-0.4848096202463368,21.5,41,589.0,3.61,-0.9743700647852352,0.2249510543438649,29.1,35,614.0,3.44,-0.9961946980917455,0.0871557427476578,24.9,43,511.0,4.87,-0.9659258262890684,0.2588190451025203,5.175000000000004,open-meteo,2026-08-08T09:59:26+00:00
2026-06-17 16:00:00+00:00,DE,onshore,17.1,91,95.0,8.13,-0.8571673007021121,-0.5150380749100544,21.2,43,432.0,3.73,-0.9986295347545738,-0.0523359562429443,28.7,32,442.0,3.64,-0.9961946980917455,-0.0871557427476582,24.8,45,447.0,4.33,-0.9743700647852352,0.2249510543438649,4.949999999999999,open-meteo,2026-08-08T09:59:26+00:00
2026-06-17 17:00:00+00:00,DE,onshore,17.0,92,94.0,6.96,-0.848048096156426,-0.529919264233205,20.8,49,258.0,3.56,-0.9902680687415704,-0.1391731009600658,28.2,32,356.0,3.95,-0.992546151641322,-0.1218693434051471,23.7,49,174.0,5.49,-0.9986295347545738,0.0523359562429439,4.425000000000001,open-meteo,2026-08-08T09:59:26+00:00
2026-06-17 18:00:00+00:00,DE,onshore,17.1,91,48.0,8.53,-0.9659258262890684,-0.2588190451025206,20.3,62,133.0,2.26,-0.8290375725550416,0.559192903470747,26.9,43,198.0,3.94,-0.9945218953682734,0.1045284632676529,22.6,59,58.0,4.41,-0.9998476951563912,0.0174524064372831,3.7250000000000014,open-meteo,2026-08-08T09:59:26+00:00
2026-06-17 19:00:00+00:00,DE,onshore,17.0,91,26.0,8.15,-0.9975640502598242,-0.0697564737441255,19.2,68,36.0,2.29,-0.8571673007021123,0.5150380749100542,24.7,46,61.0,4.7,-0.9998476951563912,-0.0174524064372834,21.2,68,13.0,4.02,-0.9986295347545738,-0.0523359562429443,2.525000000000002,open-meteo,2026-08-08T09:59:26+00:00
2026-06-17 20:00:00+00:00,DE,onshore,16.8,92,3.0,8.67,-0.9945218953682734,-0.1045284632676533,17.9,72,3.0,3.05,-0.7431448254773946,0.6691306063588578,22.7,53,3.0,4.61,-0.9975640502598242,-0.0697564737441255,20.2,74,2.0,4.24,-0.992546151641322,0.1218693434051476,1.400000000000002,open-meteo,2026-08-08T09:59:26+00:00
2026-06-17 21:00:00+00:00,DE,onshore,17.0,95,0.0,8.44,-0.9876883405951375,-0.156434465040231,17.5,74,0.0,0.9,-0.6560590289905074,0.7547095802227719,21.2,62,0.0,3.96,-0.9876883405951378,0.1564344650402306,20.2,77,0.0,4.09,-0.981627183447664,0.1908089953765451,0.9750000000000014,open-meteo,2026-08-08T09:59:26+00:00
2026-06-17 22:00:00+00:00,DE,onshore,16.9,95,0.0,8.25,-0.984807753012208,-0.1736481776669303,16.1,83,0.0,1.48,0.1391731009600653,-0.9902680687415704,19.6,69,0.0,3.16,-0.8660254037844386,0.5000000000000001,19.4,80,0.0,4.63,-0.9945218953682734,0.1045284632676529,0.0,open-meteo,2026-08-08T09:59:26+00:00
2026-06-17 23:00:00+00:00,DE,onshore,16.8,96,0.0,7.68,-0.9702957262759964,-0.2419218955996677,16.4,80,0.0,4.25,-0.4848096202463369,-0.8746197071393959,18.5,77,0.0,2.17,-0.9510565162951536,0.3090169943749472,18.9,82,0.0,4.33,-0.9743700647852352,-0.2249510543438652,0.3500000000000014,open-meteo,2026-08-08T09:59:26+00:00
2026-06-18 00:00:00+00:00,DE,onshore,16.9,96,0.0,7.25,-0.9993908270190958,-0.0348994967025007,16.9,74,0.0,5.77,-0.9335804264972016,-0.3583679495453007,18.3,81,0.0,0.63,-0.7771459614569708,0.6293203910498375,19.2,79,0.0,5.7,-0.8910065241883678,-0.4539904997395469,0.1750000000000007,open-meteo,2026-08-08T09:59:26+00:00
2026-06-18 01:00:00+00:00,DE,onshore,16.6,97,0.0,6.93,-0.9902680687415704,-0.1391731009600658,16.8,81,0.0,5.62,-0.9945218953682734,-0.1045284632676533,17.6,84,0.0,0.1,-2.4492935982947064e-16,1.0,18.8,82,0.0,7.49,-0.9702957262759964,-0.2419218955996677,0.5499999999999972,open-meteo,2026-08-08T09:59:26+00:00
2026-06-18 02:00:00+00:00,DE,onshore,16.6,97,0.0,5.89,-0.9986295347545738,-0.0523359562429443,16.8,85,0.0,4.61,-0.9993908270190958,-0.0348994967025007,17.5,84,0.0,0.4,-0.2419218955996675,-0.9702957262759964,18.3,86,0.0,6.7,-0.9945218953682734,0.1045284632676529,0.6999999999999993,open-meteo,2026-08-08T09:59:26+00:00
2026-06-18 03:00:00+00:00,DE,onshore,16.9,97,0.0,4.27,-0.9876883405951375,-0.156434465040231,17.0,89,0.0,4.8,-1.0,-1.8369701987210287e-16,16.3,89,0.0,0.79,0.4999999999999999,-0.8660254037844387,17.5,89,0.0,5.78,-0.9998476951563912,0.0174524064372831,1.0749999999999993,open-meteo,2026-08-08T09:59:26+00:00
2026-06-18 04:00:00+00:00,DE,onshore,16.7,98,11.0,3.51,-0.8660254037844384,-0.5000000000000004,17.1,90,4.0,4.29,-0.981627183447664,-0.1908089953765446,15.4,94,9.0,1.33,0.5877852522924732,-0.8090169943749473,17.7,89,27.0,5.29,-0.9998476951563912,0.0174524064372831,1.275000000000002,open-meteo,2026-08-08T09:59:26+00:00
2026-06-18 05:00:00+00:00,DE,onshore,16.7,98,39.0,3.55,-0.7771459614569706,-0.6293203910498378,17.4,90,24.0,4.4,-0.9335804264972016,-0.3583679495453007,16.7,91,81.0,1.32,0.7431448254773942,-0.6691306063588582,19.1,84,101.0,4.5,-0.981627183447664,-0.1908089953765446,0.5249999999999986,open-meteo,2026-08-08T09:59:26+00:00
2026-06-18 06:00:00+00:00,DE,onshore,16.7,97,45.0,4.19,-0.6018150231520484,-0.7986355100472928,18.0,89,57.0,4.77,-0.9455185755993168,-0.3255681544571566,20.5,69,206.0,1.94,0.7547095802227721,-0.6560590289905072,21.0,77,219.0,2.01,-0.6819983600624984,-0.7313537016191706,1.0500000000000007,open-meteo,2026-08-08T09:59:26+00:00
2026-06-18 07:00:00+00:00,DE,onshore,16.7,97,143.0,4.59,-0.5591929034707467,-0.8290375725550418,19.0,87,154.0,3.96,-0.9876883405951378,0.1564344650402306,23.4,57,371.0,1.29,0.9876883405951378,-0.1564344650402308,22.8,70,338.0,2.42,-0.3583679495453004,-0.9335804264972016,2.4750000000000014,open-meteo,2026-08-08T09:59:26+00:00
2026-06-18 08:00:00+00:00,DE,onshore,16.7,97,255.0,4.92,-0.7193398003386512,-0.6946583704589973,19.5,84,171.0,5.4,-0.9975640502598244,0.0697564737441252,26.0,49,533.0,1.45,0.8829475928589269,-0.4694715627858909,24.8,62,459.0,4.19,-0.8386705679454242,-0.544639035015027,3.75,open-meteo,2026-08-08T09:59:26+00:00
2026-06-18 09:00:00+00:00,DE,onshore,17.8,93,347.0,3.49,-0.7880107536067221,-0.6156614753256581,20.3,82,328.0,5.98,-0.9986295347545738,0.0523359562429439,28.6,41,675.0,2.08,0.6560590289905073,-0.754709580222772,26.0,56,557.0,5.74,-0.9902680687415704,-0.1391731009600658,5.175000000000001,open-meteo,2026-08-08T09:59:26+00:00
2026-06-18 10:00:00+00:00,DE,onshore,17.5,93,596.0,3.43,-0.7986355100472928,-0.6018150231520483,21.3,77,408.0,6.04,-0.9902680687415704,0.1391731009600654,30.6,35,786.0,1.82,0.5877852522924732,-0.8090169943749473,27.1,53,589.0,6.77,-0.9993908270190958,0.0348994967025012,6.125,open-meteo,2026-08-08T09:59:26+00:00
2026-06-18 11:00:00+00:00,DE,onshore,17.7,92,726.0,4.47,-0.8987940462991668,-0.4383711467890777,22.2,74,526.0,4.83,-0.9945218953682734,0.1045284632676529,31.8,34,850.0,0.89,0.1045284632676537,-0.9945218953682732,27.3,55,484.0,5.63,-0.9743700647852352,0.2249510543438649,6.75,open-meteo,2026-08-08T09:59:26+00:00
2026-06-18 12:00:00+00:00,DE,onshore,18.2,89,755.0,4.85,-0.9702957262759964,-0.2419218955996677,22.6,74,587.0,3.9,-0.9510565162951536,0.3090169943749472,32.0,36,798.0,2.23,0.6156614753256584,-0.7880107536067219,28.5,52,564.0,4.51,-0.9993908270190958,0.0348994967025012,7.324999999999999,open-meteo,2026-08-08T09:59:26+00:00
2026-06-18 13:00:00+00:00,DE,onshore,18.0,89,756.0,4.43,-0.9961946980917455,0.0871557427476578,23.4,69,496.0,3.45,-0.9659258262890684,0.2588190451025203,32.8,34,837.0,1.77,0.1045284632676537,-0.9945218953682732,28.3,49,471.0,5.7,-0.9975640502598244,0.0697564737441252,7.6249999999999964,open-meteo,2026-08-08T09:59:26+00:00
2026-06-18 14:00:00+00:00,DE,onshore,17.8,90,722.0,4.4,-0.9335804264972016,0.3583679495453004,23.5,69,372.0,2.95,-0.9335804264972016,0.3583679495453004,33.2,32,728.0,3.07,-0.2923717047227371,0.9563047559630352,29.3,47,546.0,5.58,-0.9510565162951536,0.3090169943749472,7.949999999999999,open-meteo,2026-08-08T09:59:26+00:00
2026-06-18 15:00:00+00:00,DE,onshore,17.9,92,614.0,3.82,-0.8746197071393956,0.4848096202463373,24.4,63,346.0,2.97,-0.9902680687415704,0.1391731009600654,32.5,35,545.0,3.32,0.5591929034707469,0.8290375725550417,29.4,43,540.0,6.42,-0.9612616959383188,0.2756373558169994,8.049999999999997,open-meteo,2026-08-08T09:59:26+00:00
2026-06-18 16:00:00+00:00,DE,onshore,17.9,92,489.0,2.77,-0.7071067811865477,0.7071067811865474,24.4,62,373.0,3.78,-0.9563047559630354,0.2923717047227367,32.1,36,520.0,3.2,0.9205048534524404,0.3907311284892737,29.5,44,334.0,5.06,-0.9271838545667874,0.3746065934159119,7.975000000000001,open-meteo,2026-08-08T09:59:26+00:00
2026-06-18 17:00:00+00:00,DE,onshore,17.8,92,359.0,3.35,-0.2588190451025207,0.9659258262890684,24.1,66,244.0,2.98,-0.6946583704589976,0.7193398003386509,31.3,38,361.0,3.97,0.838670567945424,0.5446390350150271,29.3,45,308.0,3.53,-0.8290375725550416,0.559192903470747,7.625,open-meteo,2026-08-08T09:59:26+00:00
2026-06-18 18:00:00+00:00,DE,onshore,18.6,89,220.0,1.68,0.1218693434051474,0.992546151641322,23.7,67,173.0,2.36,-0.6691306063588581,0.7431448254773944,30.4,41,202.0,2.91,0.838670567945424,0.5446390350150271,28.5,48,188.0,2.64,-0.7431448254773946,0.6691306063588578,7.299999999999997,open-meteo,2026-08-08T09:59:26+00:00
2026-06-18 19:00:00+00:00,DE,onshore,18.1,90,93.0,1.39,0.1391731009600654,0.9902680687415704,22.8,70,66.0,1.15,-0.3420201433256686,0.9396926207859084,27.8,50,70.0,3.96,0.766044443118978,0.6427876096865394,26.9,54,69.0,2.79,-0.1736481776669304,0.984807753012208,5.899999999999999,open-meteo,2026-08-08T09:59:26+00:00
2026-06-18 20:00:00+00:00,DE,onshore,17.8,90,19.0,2.23,0.788010753606722,0.6156614753256583,19.5,85,6.0,2.77,0.9902680687415704,0.1391731009600654,25.6,54,4.0,4.87,0.8660254037844386,0.5000000000000001,24.4,63,6.0,2.26,0.3090169943749474,0.9510565162951536,3.8249999999999993,open-meteo,2026-08-08T09:59:26+00:00
2026-06-18 21:00:00+00:00,DE,onshore,18.0,90,0.0,2.25,1.0,6.123233995736766e-17,18.1,90,0.0,3.57,0.7986355100472927,-0.6018150231520484,23.8,64,0.0,4.43,0.9510565162951536,0.3090169943749474,21.5,82,0.0,4.34,0.9945218953682732,-0.1045284632676535,2.3500000000000014,open-meteo,2026-08-08T09:59:26+00:00
2026-06-18 22:00:00+00:00,DE,onshore,17.8,87,0.0,3.52,0.9743700647852352,-0.224951054343865,17.4,91,0.0,4.05,0.529919264233205,-0.848048096156426,23.6,64,0.0,2.75,0.9975640502598242,-0.0697564737441253,20.6,84,0.0,5.4,0.9271838545667874,-0.374606593415912,1.8500000000000016,open-meteo,2026-08-08T09:59:26+00:00
2026-06-18 23:00:00+00:00,DE,onshore,17.9,87,0.0,5.39,0.8910065241883679,-0.4539904997395467,17.2,91,0.0,5.0,0.4694715627858907,-0.882947592858927,22.7,67,0.0,2.64,0.8571673007021123,-0.5150380749100543,20.0,87,0.0,5.98,0.8480480961564261,-0.5299192642332048,1.4499999999999993,open-meteo,2026-08-08T09:59:26+00:00
2026-06-19 00:00:00+00:00,DE,onshore,18.5,87,0.0,6.72,0.7193398003386511,-0.6946583704589974,16.9,91,0.0,4.93,0.3583679495453002,-0.9335804264972016,21.5,74,0.0,3.46,0.7071067811865476,-0.7071067811865475,18.6,90,0.0,4.3,0.7313537016191706,-0.6819983600624984,0.875,open-meteo,2026-08-08T09:59:26+00:00
2026-06-19 01:00:00+00:00,DE,onshore,18.5,88,0.0,7.53,0.529919264233205,-0.848048096156426,16.9,91,0.0,4.94,0.2419218955996677,-0.9702957262759964,20.7,78,0.0,3.69,0.6427876096865395,-0.7660444431189779,18.4,89,0.0,3.99,0.4694715627858907,-0.882947592858927,0.625,open-meteo,2026-08-08T09:59:26+00:00
2026-06-19 02:00:00+00:00,DE,onshore,18.4,89,0.0,8.4,0.5591929034707469,-0.8290375725550416,16.9,91,0.0,5.73,0.2249510543438652,-0.9743700647852352,19.6,83,0.0,3.42,0.4539904997395468,-0.8910065241883678,17.9,92,0.0,4.19,0.3583679495453002,-0.9335804264972016,0.1999999999999993,open-meteo,2026-08-08T09:59:26+00:00
2026-06-19 03:00:00+00:00,DE,onshore,18.9,89,0.0,6.3,0.258819045102521,-0.9659258262890682,16.8,94,2.0,5.71,0.3746065934159122,-0.9271838545667872,18.8,84,0.0,3.26,0.3583679495453002,-0.9335804264972016,16.9,95,0.0,4.65,0.4226182617406995,-0.90630778703665,0.1499999999999985,open-meteo,2026-08-08T09:59:26+00:00
2026-06-19 04:00:00+00:00,DE,onshore,18.3,94,7.0,11.18,-0.0523359562429435,-0.9986295347545738,18.0,93,35.0,6.88,0.3420201433256689,-0.9396926207859084,19.4,81,9.0,1.48,-0.1391731009600655,-0.9902680687415704,17.6,93,32.0,5.13,0.2249510543438652,-0.9743700647852352,0.3249999999999993,open-meteo,2026-08-08T09:59:26+00:00
2026-06-19 05:00:00+00:00,DE,onshore,18.5,96,16.0,9.33,0.1564344650402309,-0.9876883405951375,19.7,87,105.0,7.94,0.3420201433256689,-0.9396926207859084,20.0,84,84.0,2.31,-0.9781476007338056,0.2079116908177594,20.1,85,125.0,5.11,0.3420201433256689,-0.9396926207859084,1.5750000000000028,open-meteo,2026-08-08T09:59:26+00:00
2026-06-19 06:00:00+00:00,DE,onshore,18.8,92,151.0,7.91,0.258819045102521,-0.9659258262890682,21.0,82,177.0,7.26,0.3583679495453002,-0.9335804264972016,22.9,67,214.0,1.48,-0.9902680687415704,-0.1391731009600658,23.5,71,253.0,4.25,0.4848096202463371,-0.8746197071393957,3.549999999999997,open-meteo,2026-08-08T09:59:26+00:00
2026-06-19 07:00:00+00:00,DE,onshore,18.5,93,370.0,5.57,0.1736481776669302,-0.984807753012208,22.8,78,372.0,5.4,0.2756373558169992,-0.9612616959383188,25.5,56,372.0,0.5,0.1908089953765449,-0.981627183447664,26.5,61,410.0,3.19,0.6819983600624986,-0.7313537016191705,5.324999999999999,open-meteo,2026-08-08T09:59:26+00:00
2026-06-19 08:00:00+00:00,DE,onshore,18.5,94,509.0,3.98,0.1736481776669302,-0.984807753012208,24.2,75,429.0,3.42,0.4539904997395468,-0.8910065241883678,28.1,48,528.0,0.79,-0.1218693434051473,-0.992546151641322,28.8,53,558.0,3.47,0.6427876096865395,-0.7660444431189779,6.900000000000002,open-meteo,2026-08-08T09:59:26+00:00
2026-06-19 09:00:00+00:00,DE,onshore,19.1,91,642.0,3.83,-0.0523359562429435,-0.9986295347545738,25.2,69,439.0,3.61,0.7547095802227721,-0.6560590289905072,30.6,43,675.0,1.88,0.4694715627858907,-0.882947592858927,31.8,41,673.0,4.75,0.2419218955996677,-0.9702957262759964,8.675,open-meteo,2026-08-08T09:59:26+00:00
2026-06-19 10:00:00+00:00,DE,onshore,19.3,92,738.0,3.04,0.0348994967025011,-0.9993908270190958,26.0,67,416.0,3.51,0.8910065241883679,-0.4539904997395467,32.9,36,789.0,0.88,1.2246467991473532e-16,-1.0,33.5,34,723.0,4.86,-0.3255681544571567,-0.9455185755993168,9.924999999999995,open-meteo,2026-08-08T09:59:26+00:00
2026-06-19 11:00:00+00:00,DE,onshore,19.8,91,798.0,3.07,0.8571673007021123,-0.5150380749100543,26.5,67,318.0,4.73,0.9945218953682732,-0.1045284632676535,34.6,28,856.0,1.74,-0.9612616959383188,0.2756373558169994,33.7,31,622.0,6.41,-0.5591929034707467,-0.8290375725550418,10.650000000000002,open-meteo,2026-08-08T09:59:26+00:00
2026-06-19 12:00:00+00:00,DE,onshore,20.9,88,809.0,3.89,0.6560590289905073,-0.754709580222772,22.9,92,371.0,6.77,0.9993908270190958,-0.0348994967025009,34.2,33,868.0,1.75,-0.4539904997395469,0.8910065241883678,32.3,45,641.0,7.95,-0.8660254037844384,-0.5000000000000004,9.575,open-meteo,2026-08-08T09:59:26+00:00
2026-06-19 13:00:00+00:00,DE,onshore,20.9,87,784.0,2.77,0.529919264233205,-0.848048096156426,23.9,83,336.0,10.03,0.9659258262890684,-0.2588190451025208,34.6,34,816.0,0.62,0.3090169943749474,0.9510565162951536,32.3,39,659.0,7.2,-0.8290375725550418,-0.5591929034707466,9.925,open-meteo,2026-08-08T09:59:26+00:00
2026-06-19 14:00:00+00:00,DE,onshore,21.3,83,707.0,2.85,0.6560590289905073,-0.754709580222772,25.6,79,547.0,9.45,0.9563047559630355,-0.2923717047227366,34.2,35,633.0,3.64,0.2419218955996677,0.9702957262759964,32.8,40,724.0,4.57,-0.7071067811865475,-0.7071067811865477,10.475,open-meteo,2026-08-08T09:59:26+00:00
2026-06-19 15:00:00+00:00,DE,onshore,22.0,80,604.0,3.33,0.7313537016191706,-0.6819983600624984,24.8,70,578.0,8.41,0.8987940462991669,-0.4383711467890775,34.2,37,586.0,2.2,0.3583679495453002,0.9335804264972016,33.8,30,623.0,3.73,-0.9702957262759964,-0.2419218955996677,10.7,open-meteo,2026-08-08T09:59:26+00:00
2026-06-19 16:00:00+00:00,DE,onshore,21.8,81,500.0,4.82,0.788010753606722,-0.6156614753256583,25.5,66,466.0,6.76,0.8660254037844387,-0.4999999999999998,33.9,36,399.0,2.22,0.6560590289905073,0.754709580222772,33.5,27,494.0,4.23,-0.9961946980917455,0.0871557427476578,10.674999999999995,open-meteo,2026-08-08T09:59:26+00:00
2026-06-19 17:00:00+00:00,DE,onshore,21.8,79,365.0,5.46,0.5446390350150273,-0.8386705679454239,24.9,74,325.0,7.36,0.7547095802227721,-0.6560590289905072,33.2,35,291.0,2.51,0.7771459614569709,0.6293203910498374,32.9,31,346.0,4.02,-0.9998476951563912,0.0174524064372831,10.200000000000005,open-meteo,2026-08-08T09:59:26+00:00
2026-06-19 18:00:00+00:00,DE,onshore,22.5,77,210.0,5.98,0.3090169943749475,-0.9510565162951536,24.9,73,184.0,8.34,0.6427876096865395,-0.7660444431189779,31.4,54,166.0,0.84,0.8090169943749475,0.5877852522924731,31.9,35,199.0,2.72,-0.7880107536067218,0.6156614753256585,9.674999999999995,open-meteo,2026-08-08T09:59:26+00:00
2026-06-19 19:00:00+00:00,DE,onshore,22.0,78,95.0,6.93,0.4848096202463371,-0.8746197071393957,23.5,78,69.0,9.87,0.529919264233205,-0.848048096156426,29.3,58,42.0,0.31,-0.9510565162951536,-0.3090169943749475,29.4,44,74.0,1.85,-0.529919264233205,0.8480480961564258,8.049999999999997,open-meteo,2026-08-08T09:59:26+00:00
2026-06-19 20:00:00+00:00,DE,onshore,21.8,80,15.0,7.37,0.3907311284892737,-0.9205048534524404,22.0,82,6.0,9.6,0.4226182617406995,-0.90630778703665,27.3,45,2.0,10.6,-0.6156614753256582,-0.788010753606722,26.3,55,6.0,2.4,-0.2079116908177598,0.9781476007338056,6.349999999999998,open-meteo,2026-08-08T09:59:26+00:00
2026-06-19 21:00:00+00:00,DE,onshore,22.2,83,0.0,6.86,0.1736481776669302,-0.984807753012208,20.6,90,0.0,8.91,0.1391731009600653,-0.9902680687415704,25.2,56,0.0,7.11,-0.3907311284892735,-0.9205048534524404,22.7,84,0.0,5.47,0.9659258262890684,-0.2588190451025208,4.675000000000001,open-meteo,2026-08-08T09:59:26+00:00
2026-06-19 22:00:00+00:00,DE,onshore,21.4,85,0.0,7.29,0.1045284632676537,-0.9945218953682732,19.9,92,0.0,9.32,0.0523359562429438,-0.9986295347545738,24.0,61,0.0,7.8,-0.8910065241883678,-0.4539904997395469,21.9,89,0.0,5.7,0.8910065241883679,-0.4539904997395467,3.799999999999997,open-meteo,2026-08-08T09:59:26+00:00
2026-06-19 23:00:00+00:00,DE,onshore,21.3,83,0.0,8.56,-0.0871557427476579,-0.9961946980917455,19.2,92,0.0,9.01,-0.0174524064372836,-0.9998476951563912,22.8,63,0.0,5.55,-0.8090169943749476,0.5877852522924729,21.2,87,0.0,6.66,0.7547095802227721,-0.6560590289905072,3.125,open-meteo,2026-08-08T09:59:26+00:00
2026-06-20 00:00:00+00:00,DE,onshore,21.3,82,0.0,9.04,-0.6427876096865393,-0.766044443118978,18.4,91,0.0,8.72,-0.0348994967025009,-0.9993908270190958,22.6,76,0.0,5.48,-0.4848096202463369,0.8746197071393959,20.5,89,0.0,5.66,0.4999999999999999,-0.8660254037844387,2.700000000000003,open-meteo,2026-08-08T09:59:26+00:00
2026-06-20 01:00:00+00:00,DE,onshore,18.7,90,0.0,16.57,-0.9993908270190958,-0.0348994967025007,18.1,92,0.0,7.7,-0.2588190451025208,-0.9659258262890684,22.2,76,0.0,1.84,-0.9063077870366498,0.4226182617406996,19.9,89,0.0,4.4,-0.2079116908177595,-0.9781476007338056,1.7250000000000014,open-meteo,2026-08-08T09:59:26+00:00
2026-06-20 02:00:00+00:00,DE,onshore,18.4,96,0.0,9.44,-0.7431448254773946,0.6691306063588578,17.8,94,0.0,7.6,-0.374606593415912,-0.9271838545667874,21.3,88,0.0,5.35,-0.882947592858927,-0.4694715627858907,19.1,92,0.0,3.82,-0.7431448254773944,-0.6691306063588581,1.1499999999999986,open-meteo,2026-08-08T09:59:26+00:00
2026-06-20 03:00:00+00:00,DE,onshore,18.4,97,0.0,1.5,0.1908089953765448,0.981627183447664,17.1,96,2.0,5.79,-0.3255681544571567,-0.9455185755993168,20.8,80,0.0,3.4,-0.5446390350150271,-0.838670567945424,18.6,91,0.0,2.88,-0.9510565162951536,-0.3090169943749475,0.7250000000000014,open-meteo,2026-08-08T09:59:26+00:00
2026-06-20 04:00:00+00:00,DE,onshore,18.3,97,10.0,4.43,0.8191520442889918,0.573576436351046,17.7,95,41.0,4.84,-0.3583679495453004,-0.9335804264972016,20.1,81,8.0,2.11,-0.374606593415912,-0.9271838545667874,19.7,86,23.0,10.35,-0.7547095802227722,0.656059028990507,0.9499999999999992,open-meteo,2026-08-08T09:59:26+00:00
2026-06-20 05:00:00+00:00,DE,onshore,18.3,97,52.0,5.76,0.5735764363510459,-0.8191520442889919,19.7,90,135.0,3.52,-0.2249510543438649,-0.9743700647852352,20.4,79,82.0,3.45,0.5735764363510459,-0.8191520442889919,22.6,77,78.0,8.66,-0.3746065934159123,0.9271838545667872,2.25,open-meteo,2026-08-08T09:59:26+00:00
2026-06-20 06:00:00+00:00,DE,onshore,18.8,94,126.0,7.61,0.1218693434051475,-0.992546151641322,21.4,85,219.0,6.23,-0.9612616959383188,0.2756373558169994,22.6,67,217.0,3.51,0.5877852522924732,-0.8090169943749473,23.6,70,144.0,4.21,-0.2079116908177598,0.9781476007338056,3.6000000000000014,open-meteo,2026-08-08T09:59:26+00:00
2026-06-20 07:00:00+00:00,DE,onshore,18.9,91,254.0,11.65,-0.2249510543438649,-0.9743700647852352,23.1,80,410.0,4.74,-0.4067366430758001,0.9135454576426008,24.7,59,375.0,3.0,0.6156614753256584,-0.7880107536067219,23.9,68,187.0,2.7,-0.7193398003386512,0.6946583704589973,4.649999999999999,open-meteo,2026-08-08T09:59:26+00:00
2026-06-20 08:00:00+00:00,DE,onshore,19.6,88,304.0,8.65,-0.1736481776669304,-0.984807753012208,24.6,74,527.0,4.0,-0.1908089953765446,0.981627183447664,27.2,51,536.0,3.72,0.4539904997395468,-0.8910065241883678,24.3,67,216.0,0.88,0.8910065241883679,-0.4539904997395467,5.925000000000001,open-meteo,2026-08-08T09:59:26+00:00
2026-06-20 09:00:00+00:00,DE,onshore,20.0,85,318.0,8.88,-0.656059028990507,-0.7547095802227721,25.4,71,560.0,3.66,0.2756373558169991,0.9612616959383188,29.8,41,675.0,3.86,0.4067366430758004,-0.9135454576426008,24.7,65,284.0,4.12,0.3090169943749475,-0.9510565162951536,6.975000000000001,open-meteo,2026-08-08T09:59:26+00:00
2026-06-20 10:00:00+00:00,DE,onshore,19.2,89,645.0,8.03,-0.7880107536067221,-0.6156614753256581,26.7,65,599.0,1.81,0.754709580222772,0.6560590289905073,32.0,32,785.0,3.84,-0.1045284632676535,-0.9945218953682732,25.5,63,276.0,4.31,-0.2923717047227367,-0.9563047559630354,7.850000000000001,open-meteo,2026-08-08T09:59:26+00:00
2026-06-20 11:00:00+00:00,DE,onshore,19.4,89,776.0,4.62,-0.9563047559630352,-0.2923717047227371,27.5,62,584.0,0.44,0.8910065241883679,-0.4539904997395467,33.7,28,856.0,2.8,-0.587785252292473,-0.8090169943749475,27.5,58,512.0,3.46,-0.1391731009600655,-0.9902680687415704,9.025,open-meteo,2026-08-08T09:59:26+00:00
2026-06-20 12:00:00+00:00,DE,onshore,20.0,86,804.0,4.45,-0.9902680687415704,0.1391731009600654,28.1,58,594.0,1.45,0.4694715627858907,-0.882947592858927,34.5,27,824.0,2.47,-0.5591929034707467,-0.8290375725550418,30.1,47,642.0,5.07,-0.1736481776669304,-0.984807753012208,10.174999999999995,open-meteo,2026-08-08T09:59:26+00:00
2026-06-20 13:00:00+00:00,DE,onshore,20.0,84,662.0,5.53,-0.9205048534524404,0.3907311284892735,27.9,58,431.0,2.35,-0.0348994967025009,-0.9993908270190958,34.6,31,724.0,4.31,-1.0,-1.8369701987210287e-16,30.4,44,650.0,6.06,-0.1564344650402307,-0.9876883405951378,10.225,open-meteo,2026-08-08T09:59:26+00:00
2026-06-20 14:00:00+00:00,DE,onshore,19.8,83,525.0,5.33,-0.8090169943749476,0.5877852522924729,27.9,60,413.0,3.4,-0.5446390350150271,-0.838670567945424,35.2,21,775.0,5.74,-0.9902680687415704,0.1391731009600654,30.5,41,613.0,5.11,-0.0697564737441252,-0.9975640502598242,10.35,open-meteo,2026-08-08T09:59:26+00:00
2026-06-20 15:00:00+00:00,DE,onshore,20.4,81,612.0,5.65,-0.8829475928589271,0.4694715627858904,26.3,67,261.0,3.46,-0.7071067811865475,-0.7071067811865477,34.6,21,670.0,4.34,-0.9510565162951536,0.3090169943749472,30.8,40,522.0,4.23,0.0871557427476582,-0.9961946980917455,10.025000000000002,open-meteo,2026-08-08T09:59:26+00:00
2026-06-20 16:00:00+00:00,DE,onshore,20.0,83,502.0,6.23,-0.7986355100472932,0.6018150231520479,25.8,72,222.0,2.56,-0.7313537016191703,-0.6819983600624986,34.4,21,528.0,3.72,-0.9510565162951536,0.3090169943749472,30.4,45,419.0,3.83,-0.0697564737441252,-0.9975640502598242,9.65,open-meteo,2026-08-08T09:59:26+00:00
2026-06-20 17:00:00+00:00,DE,onshore,18.9,85,340.0,6.82,-0.6293203910498378,0.7771459614569706,25.6,78,189.0,1.98,-0.3420201433256686,-0.9396926207859084,33.5,23,367.0,2.65,-0.9993908270190958,0.0348994967025012,29.7,47,254.0,3.0,-0.1908089953765447,-0.981627183447664,8.925,open-meteo,2026-08-08T09:59:26+00:00
2026-06-20 18:00:00+00:00,DE,onshore,19.1,89,195.0,6.5,-0.5150380749100545,0.8571673007021121,25.3,79,147.0,2.64,-0.374606593415912,-0.9271838545667874,31.4,31,208.0,2.84,-0.9993908270190958,-0.0348994967025007,29.3,48,166.0,3.45,-0.1218693434051473,-0.992546151641322,8.275000000000002,open-meteo,2026-08-08T09:59:26+00:00
2026-06-20 19:00:00+00:00,DE,onshore,18.4,92,95.0,6.67,-0.5000000000000004,0.8660254037844384,23.9,84,51.0,2.96,-0.5591929034707467,-0.8290375725550418,29.6,39,73.0,2.24,-0.9205048534524404,-0.3907311284892738,27.2,56,72.0,2.81,0.4226182617406995,-0.90630778703665,6.775000000000002,open-meteo,2026-08-08T09:59:26+00:00
2026-06-20 20:00:00+00:00,DE,onshore,18.0,92,20.0,6.77,-0.3746065934159123,0.9271838545667872,22.5,89,5.0,2.86,-0.6156614753256582,-0.788010753606722,27.0,41,5.0,2.68,-0.913545457642601,-0.4067366430758001,24.5,67,6.0,3.21,0.6156614753256584,-0.7880107536067219,5.0,open-meteo,2026-08-08T09:59:26+00:00
2026-06-20 21:00:00+00:00,DE,onshore,18.0,91,0.0,5.98,-0.3090169943749477,0.9510565162951536,21.7,90,0.0,3.07,-0.9271838545667872,-0.3746065934159123,24.9,56,0.0,1.32,-0.6691306063588582,-0.7431448254773942,22.8,79,0.0,3.33,0.4067366430758004,-0.9135454576426008,3.849999999999998,open-meteo,2026-08-08T09:59:26+00:00
2026-06-20 22:00:00+00:00,DE,onshore,17.8,91,0.0,6.3,-0.3583679495453007,0.9335804264972016,20.5,93,0.0,3.34,-0.6427876096865393,-0.766044443118978,22.4,72,0.0,1.53,0.6427876096865395,-0.7660444431189779,21.9,84,0.0,4.08,0.4539904997395468,-0.8910065241883678,2.6499999999999986,open-meteo,2026-08-08T09:59:26+00:00
2026-06-20 23:00:00+00:00,DE,onshore,17.6,91,0.0,5.18,-0.2588190451025207,0.9659258262890684,20.1,94,0.0,4.42,-0.2249510543438649,-0.9743700647852352,23.9,55,0.0,3.42,-0.2249510543438653,0.9743700647852352,21.2,88,0.0,4.4,0.2079116908177593,-0.9781476007338056,2.7,open-meteo,2026-08-08T09:59:26+00:00
2026-06-21 00:00:00+00:00,DE,onshore,17.8,92,0.0,4.17,-0.1564344650402311,0.9876883405951375,18.9,93,0.0,4.0,-0.587785252292473,-0.8090169943749475,21.3,74,0.0,1.86,0.3090169943749475,-0.9510565162951536,19.9,92,0.0,4.52,-0.0871557427476579,-0.9961946980917455,1.4750000000000014,open-meteo,2026-08-08T09:59:26+00:00
2026-06-21 01:00:00+00:00,DE,onshore,17.8,89,0.0,5.13,-0.4067366430758001,0.9135454576426008,18.8,95,0.0,4.59,-0.275637355816999,-0.9612616959383188,22.2,66,0.0,1.58,0.1218693434051475,-0.992546151641322,19.7,90,0.0,5.06,-0.1564344650402307,-0.9876883405951378,1.625,open-meteo,2026-08-08T09:59:26+00:00
2026-06-21 02:00:00+00:00,DE,onshore,17.5,90,0.0,6.02,-0.2756373558169989,0.9612616959383188,19.2,96,0.0,6.02,-0.1218693434051473,-0.992546151641322,21.0,72,0.0,0.29,-1.0,-1.8369701987210287e-16,19.4,92,0.0,4.9,-0.3420201433256686,-0.9396926207859084,1.2749999999999986,open-meteo,2026-08-08T09:59:26+00:00
2026-06-21 03:00:00+00:00,DE,onshore,17.3,92,0.0,5.1,-0.0174524064372835,0.9998476951563912,19.0,96,2.0,7.04,-0.3583679495453004,-0.9335804264972016,20.0,81,0.0,0.0,-1.0,-1.8369701987210287e-16,18.2,94,0.0,3.21,-0.5150380749100542,-0.8571673007021123,0.625,open-meteo,2026-08-08T09:59:26+00:00
2026-06-21 04:00:00+00:00,DE,onshore,17.1,93,21.0,4.43,0.0871557427476581,0.9961946980917455,20.2,96,43.0,8.18,-0.5591929034707467,-0.8290375725550418,19.9,79,8.0,0.79,-0.8660254037844386,0.5000000000000001,18.8,93,31.0,2.75,-0.9975640502598242,-0.0697564737441255,1.0,open-meteo,2026-08-08T09:59:26+00:00
2026-06-21 05:00:00+00:00,DE,onshore,17.0,93,62.0,2.84,0.0348994967025009,0.9993908270190958,21.9,88,144.0,7.3,-0.7660444431189779,-0.6427876096865395,20.4,82,73.0,1.58,-0.992546151641322,-0.1218693434051471,21.1,87,109.0,3.95,-0.6946583704589976,0.7193398003386509,2.1000000000000014,open-meteo,2026-08-08T09:59:26+00:00
2026-06-21 06:00:00+00:00,DE,onshore,17.3,91,155.0,3.53,0.0523359562429438,0.9986295347545738,23.5,78,261.0,5.37,-0.9335804264972016,-0.3583679495453007,23.2,66,178.0,3.88,-0.9612616959383188,0.2756373558169994,23.5,77,217.0,4.12,-0.8829475928589271,0.4694715627858904,3.875,open-meteo,2026-08-08T09:59:26+00:00
2026-06-21 07:00:00+00:00,DE,onshore,17.3,90,266.0,4.06,0.1391731009600654,0.9902680687415704,23.9,74,385.0,4.54,-0.992546151641322,0.1218693434051476,25.3,62,249.0,4.59,-0.3420201433256686,0.9396926207859084,24.5,76,315.0,5.95,-0.8386705679454243,0.5446390350150266,4.75,open-meteo,2026-08-08T09:59:26+00:00
2026-06-21 08:00:00+00:00,DE,onshore,17.3,90,335.0,5.75,0.1564344650402308,0.9876883405951378,25.0,75,450.0,3.33,-0.9135454576426012,0.4067366430757997,25.9,64,221.0,3.11,0.4067366430758002,0.9135454576426008,22.7,69,196.0,10.91,-0.8910065241883679,0.4539904997395466,4.724999999999998,open-meteo,2026-08-08T09:59:26+00:00
2026-06-21 09:00:00+00:00,DE,onshore,17.9,85,483.0,4.42,0.224951054343865,0.9743700647852352,26.2,71,574.0,4.57,-0.7071067811865477,0.7071067811865474,27.6,57,551.0,3.02,0.90630778703665,0.4226182617406994,21.5,81,292.0,4.52,-0.8660254037844386,0.5000000000000001,5.299999999999997,open-meteo,2026-08-08T09:59:26+00:00
2026-06-21 10:00:00+00:00,DE,onshore,17.8,89,464.0,4.5,0.1908089953765448,0.981627183447664,26.6,67,588.0,5.3,-0.8829475928589271,0.4694715627858904,29.8,52,737.0,2.46,0.9205048534524404,-0.3907311284892737,23.3,70,346.0,5.73,-0.3420201433256686,0.9396926207859084,6.375,open-meteo,2026-08-08T09:59:26+00:00
2026-06-21 11:00:00+00:00,DE,onshore,17.8,89,598.0,5.51,0.0871557427476581,0.9961946980917455,26.8,62,596.0,6.14,-0.8290375725550416,0.559192903470747,31.9,42,791.0,2.12,0.8290375725550417,-0.5591929034707467,24.8,65,510.0,1.77,0.3255681544571567,0.9455185755993168,7.324999999999999,open-meteo,2026-08-08T09:59:26+00:00
2026-06-21 12:00:00+00:00,DE,onshore,18.1,86,740.0,5.51,-0.0871557427476583,0.9961946980917455,26.6,60,561.0,6.2,-0.3583679495453007,0.9335804264972016,33.4,36,847.0,0.84,0.8090169943749475,-0.587785252292473,25.5,62,253.0,0.29,1.2246467991473532e-16,-1.0,7.899999999999999,open-meteo,2026-08-08T09:59:26+00:00
2026-06-21 13:00:00+00:00,DE,onshore,18.4,84,792.0,6.76,-0.0348994967025008,0.9993908270190958,26.4,59,687.0,5.61,-0.0871557427476583,0.9961946980917455,34.6,31,837.0,0.88,0.8910065241883679,-0.4539904997395467,27.3,54,668.0,1.94,-0.6560590289905074,0.7547095802227719,8.675,open-meteo,2026-08-08T09:59:26+00:00
2026-06-21 14:00:00+00:00,DE,onshore,18.5,82,733.0,8.44,-0.0523359562429443,0.9986295347545738,26.0,59,482.0,4.66,0.1391731009600654,0.9902680687415704,35.2,29,764.0,1.52,0.9659258262890684,-0.2588190451025208,27.1,58,476.0,1.28,-0.9975640502598242,-0.0697564737441255,8.700000000000003,open-meteo,2026-08-08T09:59:26+00:00
2026-06-21 15:00:00+00:00,DE,onshore,18.2,86,636.0,9.27,-0.1218693434051472,0.992546151641322,25.0,65,296.0,4.21,-2.4492935982947064e-16,1.0,34.7,30,619.0,2.29,0.984807753012208,0.1736481776669304,28.4,51,544.0,1.06,-0.374606593415912,-0.9271838545667874,8.575000000000003,open-meteo,2026-08-08T09:59:26+00:00
2026-06-21 16:00:00+00:00,DE,onshore,18.1,84,510.0,9.15,-0.1045284632676534,0.9945218953682732,24.5,66,327.0,3.92,0.0523359562429438,0.9986295347545738,34.4,31,513.0,2.91,0.7431448254773942,0.6691306063588582,28.3,52,360.0,0.96,-0.4067366430758002,-0.9135454576426008,8.325,open-meteo,2026-08-08T09:59:26+00:00
2026-06-21 17:00:00+00:00,DE,onshore,18.0,78,367.0,11.11,-0.0871557427476583,0.9961946980917455,23.6,69,216.0,4.63,0.1045284632676534,0.9945218953682732,33.7,32,359.0,2.36,0.6691306063588582,0.7431448254773942,28.4,47,306.0,1.06,-0.8290375725550416,0.559192903470747,7.925000000000004,open-meteo,2026-08-08T09:59:26+00:00
2026-06-21 18:00:00+00:00,DE,onshore,18.2,80,229.0,11.17,-0.0174524064372835,0.9998476951563912,22.8,67,130.0,5.78,-0.0348994967025008,0.9993908270190958,27.3,51,199.0,6.39,-0.8090169943749473,-0.5877852522924732,27.9,44,173.0,4.02,-0.5591929034707466,0.8290375725550418,6.049999999999997,open-meteo,2026-08-08T09:59:26+00:00
2026-06-21 19:00:00+00:00,DE,onshore,18.1,75,103.0,10.78,0.0348994967025009,0.9993908270190958,21.7,69,59.0,6.27,0.1736481776669303,0.984807753012208,26.4,57,44.0,5.41,-0.7431448254773944,-0.6691306063588581,26.0,59,66.0,4.89,-0.544639035015027,0.838670567945424,5.049999999999997,open-meteo,2026-08-08T09:59:26+00:00
2026-06-21 20:00:00+00:00,DE,onshore,17.9,72,21.0,10.44,0.1045284632676534,0.9945218953682732,19.6,72,6.0,5.61,0.3255681544571567,0.9455185755993168,25.7,62,3.0,3.43,-0.7986355100472928,-0.6018150231520483,23.8,69,6.0,8.33,0.3090169943749474,0.9510565162951536,3.75,open-meteo,2026-08-08T09:59:26+00:00
2026-06-21 21:00:00+00:00,DE,onshore,17.8,69,0.0,9.77,0.1218693434051474,0.992546151641322,18.2,77,0.0,5.53,0.3907311284892737,0.9205048534524404,24.3,67,0.0,2.84,0.7193398003386511,-0.6946583704589974,22.9,76,0.0,7.8,0.4539904997395468,0.8910065241883679,2.799999999999997,open-meteo,2026-08-08T09:59:26+00:00
2026-06-21 22:00:00+00:00,DE,onshore,17.4,74,0.0,8.7,0.2419218955996677,0.9702957262759964,17.3,75,0.0,6.08,0.2588190451025207,0.9659258262890684,23.3,68,0.0,2.72,0.4383711467890773,-0.898794046299167,22.2,76,0.0,7.12,0.5299192642332049,0.848048096156426,2.0500000000000007,open-meteo,2026-08-08T09:59:26+00:00
2026-06-21 23:00:00+00:00,DE,onshore,17.3,77,0.0,8.46,0.3420201433256687,0.9396926207859084,16.5,72,0.0,5.7,0.3255681544571567,0.9455185755993168,22.5,73,0.0,1.89,-0.3583679495453004,-0.9335804264972016,21.5,79,0.0,6.79,0.6819983600624985,0.7313537016191705,1.4499999999999993,open-meteo,2026-08-08T09:59:26+00:00
2026-06-22 00:00:00+00:00,DE,onshore,17.4,73,0.0,7.68,0.3255681544571567,0.9455185755993168,15.1,82,0.0,5.45,0.3090169943749474,0.9510565162951536,21.6,74,0.0,1.19,-0.1564344650402307,-0.9876883405951378,20.6,86,0.0,6.31,0.5877852522924731,0.8090169943749475,0.6750000000000007,open-meteo,2026-08-08T09:59:26+00:00
2026-06-22 01:00:00+00:00,DE,onshore,17.1,74,0.0,8.63,0.2588190451025207,0.9659258262890684,14.0,88,0.0,5.45,0.3090169943749474,0.9510565162951536,20.9,77,0.0,0.84,0.3583679495453002,-0.9335804264972016,19.7,91,0.0,5.85,0.766044443118978,0.6427876096865394,0.0749999999999992,open-meteo,2026-08-08T09:59:26+00:00
2026-06-22 02:00:00+00:00,DE,onshore,16.8,71,0.0,9.23,0.3255681544571567,0.9455185755993168,13.2,90,0.0,6.33,0.2756373558169991,0.9612616959383188,20.3,79,0.0,1.53,0.6427876096865395,-0.7660444431189779,19.1,96,0.0,5.66,0.7986355100472928,0.6018150231520483,0.6499999999999986,open-meteo,2026-08-08T09:59:26+00:00
2026-06-22 03:00:00+00:00,DE,onshore,16.4,68,0.0,8.94,0.4539904997395468,0.8910065241883679,12.4,92,2.0,5.77,0.3583679495453002,0.9335804264972016,19.7,83,0.0,1.75,0.4539904997395468,-0.8910065241883678,18.9,95,0.0,5.85,0.8571673007021123,0.5150380749100542,1.1499999999999986,open-meteo,2026-08-08T09:59:26+00:00
2026-06-22 04:00:00+00:00,DE,onshore,16.0,67,26.0,8.52,0.4999999999999999,0.8660254037844387,12.7,88,47.0,5.61,0.3255681544571567,0.9455185755993168,19.7,83,6.0,1.1,0.1736481776669302,-0.984807753012208,19.2,90,17.0,5.57,0.9135454576426008,0.4067366430758002,1.1000000000000014,open-meteo,2026-08-08T09:59:26+00:00
2026-06-22 05:00:00+00:00,DE,onshore,15.8,70,116.0,8.13,0.5150380749100542,0.8571673007021123,14.3,80,151.0,4.56,0.4694715627858908,0.882947592858927,20.3,83,52.0,0.14,0.7071067811865475,0.7071067811865476,19.5,79,55.0,5.06,0.8090169943749475,0.5877852522924731,0.5249999999999986,open-meteo,2026-08-08T09:59:26+00:00
2026-06-22 06:00:00+00:00,DE,onshore,16.1,68,245.0,8.49,0.6293203910498374,0.7771459614569709,16.8,65,290.0,2.86,0.5150380749100542,0.8571673007021123,22.2,72,162.0,0.69,0.7071067811865476,-0.7071067811865475,20.4,64,139.0,5.14,0.9902680687415704,0.1391731009600654,0.875,open-meteo,2026-08-08T09:59:26+00:00
2026-06-22 07:00:00+00:00,DE,onshore,16.3,66,390.0,7.55,0.7313537016191705,0.6819983600624985,18.3,59,442.0,2.57,0.3090169943749474,0.9510565162951536,24.5,59,332.0,0.22,-0.4539904997395467,-0.8910065241883679,20.7,58,253.0,4.3,0.9781476007338056,0.2079116908177594,1.9499999999999995,open-meteo,2026-08-08T09:59:26+00:00
2026-06-22 08:00:00+00:00,DE,onshore,16.9,64,535.0,6.82,0.573576436351046,0.8191520442889918,19.7,54,584.0,2.27,0.1218693434051474,0.992546151641322,27.3,51,511.0,0.44,0.8910065241883679,-0.4539904997395467,22.2,54,457.0,4.08,0.984807753012208,0.1736481776669304,3.5249999999999986,open-meteo,2026-08-08T09:59:26+00:00
2026-06-22 09:00:00+00:00,DE,onshore,17.5,59,665.0,6.88,0.4383711467890774,0.898794046299167,21.1,51,705.0,2.55,-0.0348994967025008,0.9993908270190958,29.6,43,662.0,0.1,1.0,6.123233995736766e-17,23.7,51,569.0,3.11,0.9743700647852352,0.2249510543438649,4.975000000000001,open-meteo,2026-08-08T09:59:26+00:00
2026-06-22 10:00:00+00:00,DE,onshore,18.0,57,759.0,6.3,0.3583679495453002,0.9335804264972016,22.2,49,797.0,3.13,-0.3420201433256686,0.9396926207859084,31.9,40,773.0,0.53,0.9271838545667874,0.3746065934159119,25.1,48,734.0,2.77,0.9902680687415704,0.1391731009600654,6.299999999999997,open-meteo,2026-08-08T09:59:26+00:00
2026-06-22 11:00:00+00:00,DE,onshore,18.2,60,823.0,6.5,0.1045284632676534,0.9945218953682732,23.0,48,847.0,3.78,-0.3583679495453007,0.9335804264972016,33.8,37,844.0,1.12,0.2588190451025207,0.9659258262890684,26.3,47,803.0,2.02,0.9702957262759964,0.2419218955996676,7.324999999999999,open-meteo,2026-08-08T09:59:26+00:00
2026-06-22 12:00:00+00:00,DE,onshore,17.7,66,839.0,6.96,0.0174524064372835,0.9998476951563912,23.2,53,848.0,3.03,-0.4848096202463369,0.8746197071393959,34.4,34,815.0,1.79,-0.1564344650402311,0.9876883405951375,26.8,46,829.0,1.81,0.224951054343865,0.9743700647852352,7.524999999999999,open-meteo,2026-08-08T09:59:26+00:00
2026-06-22 13:00:00+00:00,DE,onshore,17.6,68,814.0,6.87,-0.0523359562429443,0.9986295347545738,23.4,52,752.0,4.24,-0.6427876096865396,0.7660444431189778,34.7,34,687.0,2.73,-0.3583679495453007,0.9335804264972016,27.6,43,811.0,2.25,-2.4492935982947064e-16,1.0,7.825000000000003,open-meteo,2026-08-08T09:59:26+00:00
2026-06-22 14:00:00+00:00,DE,onshore,17.6,65,735.0,7.39,-0.1045284632676534,0.9945218953682732,23.4,51,706.0,4.76,-0.6018150231520483,0.7986355100472928,35.1,31,670.0,5.06,-0.6946583704589976,0.7193398003386509,27.9,41,658.0,3.09,0.1908089953765448,0.981627183447664,8.0,open-meteo,2026-08-08T09:59:26+00:00
2026-06-22 15:00:00+00:00,DE,onshore,17.4,69,644.0,8.91,-0.1391731009600658,0.9902680687415704,23.3,51,588.0,4.77,-0.3255681544571567,0.9455185755993168,34.7,30,618.0,4.22,-0.5150380749100545,0.8571673007021121,28.1,39,612.0,2.85,0.0697564737441253,0.9975640502598242,7.875,open-meteo,2026-08-08T09:59:26+00:00
2026-06-22 16:00:00+00:00,DE,onshore,17.2,72,486.0,9.04,-0.1564344650402311,0.9876883405951375,22.8,52,456.0,4.09,-0.2923717047227371,0.9563047559630352,34.3,31,520.0,4.31,-0.2923717047227371,0.9563047559630352,27.6,38,490.0,3.47,0.374606593415912,0.9271838545667874,7.475000000000001,open-meteo,2026-08-08T09:59:26+00:00
2026-06-22 17:00:00+00:00,DE,onshore,17.3,68,367.0,8.97,-0.1045284632676534,0.9945218953682732,21.8,50,326.0,5.4,-0.0697564737441256,0.9975640502598242,33.5,34,356.0,4.62,-0.3583679495453007,0.9335804264972016,27.2,38,329.0,3.0,0.1908089953765448,0.981627183447664,6.949999999999999,open-meteo,2026-08-08T09:59:26+00:00
2026-06-22 18:00:00+00:00,DE,onshore,17.4,73,233.0,8.63,0.0348994967025009,0.9993908270190958,20.9,45,166.0,5.12,-0.0871557427476583,0.9961946980917455,32.0,32,205.0,3.59,-0.4383711467890778,0.8987940462991668,26.4,42,192.0,3.7,0.5299192642332049,0.848048096156426,6.174999999999997,open-meteo,2026-08-08T09:59:26+00:00
2026-06-22 19:00:00+00:00,DE,onshore,17.4,71,106.0,7.8,0.1218693434051474,0.992546151641322,19.3,45,73.0,4.35,-0.2419218955996678,0.9702957262759964,28.9,45,73.0,2.85,0.0697564737441253,0.9975640502598242,24.5,48,70.0,5.39,0.7986355100472928,0.6018150231520483,4.524999999999999,open-meteo,2026-08-08T09:59:26+00:00
2026-06-22 20:00:00+00:00,DE,onshore,17.2,72,18.0,7.87,0.0871557427476581,0.9961946980917455,16.3,57,7.0,4.3,-0.2079116908177598,0.9781476007338056,26.6,56,5.0,4.21,0.4226182617406994,0.90630778703665,22.0,57,7.0,8.4,0.7431448254773942,0.6691306063588582,2.5249999999999986,open-meteo,2026-08-08T09:59:26+00:00
2026-06-22 21:00:00+00:00,DE,onshore,16.9,76,0.0,7.11,0.2588190451025207,0.9659258262890684,14.9,72,0.0,3.98,0.1736481776669303,0.984807753012208,26.7,57,0.0,6.08,0.3583679495453002,0.9335804264972016,20.4,65,0.0,8.76,0.6427876096865393,0.766044443118978,1.7250000000000014,open-meteo,2026-08-08T09:59:26+00:00
2026-06-22 22:00:00+00:00,DE,onshore,16.8,80,0.0,6.96,0.2419218955996677,0.9702957262759964,14.3,74,0.0,3.15,0.0871557427476581,0.9961946980917455,26.2,59,0.0,5.36,0.5150380749100542,0.8571673007021123,19.1,68,0.0,7.79,0.766044443118978,0.6427876096865394,1.1000000000000014,open-meteo,2026-08-08T09:59:26+00:00
2026-06-22 23:00:00+00:00,DE,onshore,16.8,79,0.0,6.86,0.1736481776669303,0.984807753012208,13.6,76,0.0,2.87,-0.1391731009600658,0.9902680687415704,24.7,67,0.0,3.89,0.5591929034707469,0.8290375725550417,17.8,73,0.0,6.85,0.8290375725550417,0.5591929034707468,0.2249999999999978,open-meteo,2026-08-08T09:59:26+00:00
2026-06-23 00:00:00+00:00,DE,onshore,16.4,80,0.0,6.37,0.3907311284892737,0.9205048534524404,11.9,90,0.0,3.23,-0.5735764363510465,0.8191520442889916,22.8,75,0.0,2.45,0.6018150231520483,0.7986355100472928,17.0,79,0.0,6.49,0.90630778703665,0.4226182617406994,0.9750000000000014,open-meteo,2026-08-08T09:59:26+00:00
2026-06-23 01:00:00+00:00,DE,onshore,16.3,80,0.0,5.53,0.6018150231520483,0.7986355100472928,12.0,86,0.0,2.54,-0.2756373558169989,0.9612616959383188,21.6,82,0.0,1.88,0.4694715627858908,0.882947592858927,16.5,80,0.0,5.28,0.9659258262890684,0.2588190451025207,1.3999999999999986,open-meteo,2026-08-08T09:59:26+00:00
2026-06-23 02:00:00+00:00,DE,onshore,15.9,72,0.0,5.27,0.7071067811865475,0.7071067811865476,12.0,88,0.0,2.34,-0.544639035015027,0.838670567945424,20.6,87,0.0,1.58,0.4999999999999999,0.8660254037844387,16.8,79,0.0,4.78,0.981627183447664,0.1908089953765449,1.6750000000000007,open-meteo,2026-08-08T09:59:26+00:00
2026-06-23 03:00:00+00:00,DE,onshore,15.8,70,0.0,4.87,0.6427876096865393,0.766044443118978,11.2,92,1.0,1.98,-0.9396926207859084,0.342020143325669,20.2,86,0.0,0.9,0.6560590289905073,0.754709580222772,16.3,81,0.0,5.1,0.9998476951563912,-0.0174524064372834,2.125,open-meteo,2026-08-08T09:59:26+00:00
2026-06-23 04:00:00+00:00,DE,onshore,15.6,78,22.0,4.78,0.6819983600624985,0.7313537016191705,11.7,91,37.0,2.19,-0.8910065241883679,0.4539904997395466,19.7,89,9.0,0.53,0.374606593415912,0.9271838545667874,16.7,82,22.0,3.96,0.9876883405951378,-0.1564344650402308,2.075,open-meteo,2026-08-08T09:59:26+00:00
2026-06-23 05:00:00+00:00,DE,onshore,15.6,81,86.0,4.74,0.6156614753256583,0.7880107536067219,13.2,88,110.0,2.15,-0.8660254037844386,0.5000000000000001,20.8,88,83.0,1.01,0.484809620246337,0.8746197071393957,17.4,78,82.0,3.42,0.9135454576426008,0.4067366430758002,1.25,open-meteo,2026-08-08T09:59:26+00:00
2026-06-23 06:00:00+00:00,DE,onshore,15.8,76,199.0,4.52,0.754709580222772,0.6560590289905073,15.9,77,278.0,1.88,-0.4694715627858908,0.882947592858927,23.9,70,213.0,0.96,0.9135454576426008,0.4067366430758002,18.9,70,150.0,1.67,0.766044443118978,0.6427876096865394,0.625,open-meteo,2026-08-08T09:59:26+00:00
2026-06-23 07:00:00+00:00,DE,onshore,16.1,73,363.0,4.29,0.573576436351046,0.8191520442889918,17.8,69,412.0,0.5,0.1908089953765448,0.981627183447664,26.1,62,372.0,1.1,0.8910065241883679,0.4539904997395468,20.6,66,324.0,2.15,0.8660254037844386,0.5000000000000001,2.150000000000002,open-meteo,2026-08-08T09:59:26+00:00
2026-06-23 08:00:00+00:00,DE,onshore,16.3,73,490.0,4.13,0.5150380749100542,0.8571673007021123,19.3,63,526.0,0.6,0.1564344650402308,0.9876883405951378,28.1,56,529.0,0.93,0.9510565162951536,0.3090169943749474,22.4,59,513.0,2.51,0.9335804264972016,0.3583679495453004,3.5249999999999986,open-meteo,2026-08-08T09:59:26+00:00
2026-06-23 09:00:00+00:00,DE,onshore,16.9,62,564.0,3.9,0.4226182617406994,0.90630778703665,20.7,54,653.0,1.43,-0.2756373558169989,0.9612616959383188,30.9,45,672.0,2.4,0.2079116908177593,0.9781476007338056,24.9,46,667.0,2.02,0.9702957262759964,0.2419218955996676,5.350000000000001,open-meteo,2026-08-08T09:59:26+00:00
2026-06-23 10:00:00+00:00,DE,onshore,17.4,62,704.0,4.12,0.4226182617406994,0.90630778703665,21.9,51,746.0,1.14,-0.5150380749100545,0.8571673007021121,32.1,42,778.0,2.85,0.4539904997395468,0.8910065241883679,26.3,42,778.0,1.9,0.9781476007338056,0.2079116908177594,6.425000000000001,open-meteo,2026-08-08T09:59:26+00:00
2026-06-23 11:00:00+00:00,DE,onshore,18.1,59,805.0,4.09,0.3583679495453002,0.9335804264972016,23.0,47,824.0,0.57,-0.8571673007021123,0.5150380749100542,33.2,38,732.0,2.67,0.1391731009600654,0.9902680687415704,27.4,39,832.0,1.49,0.9205048534524404,0.3907311284892737,7.425000000000004,open-meteo,2026-08-08T09:59:26+00:00
2026-06-23 12:00:00+00:00,DE,onshore,18.2,61,827.0,2.26,0.0348994967025009,0.9993908270190958,23.9,47,828.0,1.86,-0.9510565162951536,0.3090169943749472,33.3,37,774.0,2.71,-0.2249510543438653,0.9743700647852352,27.9,39,823.0,1.06,-0.3746065934159123,0.9271838545667872,7.824999999999996,open-meteo,2026-08-08T09:59:26+00:00
2026-06-23 13:00:00+00:00,DE,onshore,18.3,61,799.0,3.09,-0.1908089953765446,0.981627183447664,24.5,43,753.0,2.15,-0.7313537016191703,0.6819983600624987,34.2,30,816.0,2.77,-0.529919264233205,0.8480480961564258,28.5,39,749.0,2.16,-0.0871557427476583,0.9961946980917455,8.375,open-meteo,2026-08-08T09:59:26+00:00
2026-06-23 14:00:00+00:00,DE,onshore,18.5,68,741.0,3.04,0.0697564737441253,0.9975640502598242,24.6,35,664.0,1.87,-0.6819983600624984,0.7313537016191707,34.5,28,736.0,2.97,-0.1391731009600658,0.9902680687415704,28.6,38,707.0,2.76,0.2923717047227367,0.9563047559630354,8.549999999999997,open-meteo,2026-08-08T09:59:26+00:00
2026-06-23 15:00:00+00:00,DE,onshore,18.9,74,638.0,3.93,-0.3255681544571567,0.9455185755993168,25.0,33,604.0,2.53,-0.5877852522924734,0.8090169943749473,33.9,31,570.0,4.78,-0.4383711467890778,0.8987940462991668,28.9,38,620.0,1.96,-2.4492935982947064e-16,1.0,8.674999999999997,open-meteo,2026-08-08T09:59:26+00:00
2026-06-23 16:00:00+00:00,DE,onshore,19.0,78,479.0,4.5,0.2756373558169991,0.9612616959383188,24.5,40,485.0,2.6,-0.3420201433256686,0.9396926207859084,33.3,32,445.0,3.04,-0.3583679495453007,0.9335804264972016,28.7,38,467.0,3.42,0.224951054343865,0.9743700647852352,8.375,open-meteo,2026-08-08T09:59:26+00:00
2026-06-23 17:00:00+00:00,DE,onshore,19.5,78,370.0,3.78,0.5150380749100542,0.8571673007021123,24.0,36,339.0,3.81,-0.3090169943749477,0.9510565162951536,32.5,35,286.0,5.28,-0.2588190451025207,0.9659258262890684,28.1,39,332.0,3.53,0.3255681544571567,0.9455185755993168,8.024999999999999,open-meteo,2026-08-08T09:59:26+00:00
2026-06-23 18:00:00+00:00,DE,onshore,19.5,82,230.0,3.78,0.5150380749100542,0.8571673007021123,23.4,39,196.0,3.94,-0.4539904997395469,0.8910065241883678,31.3,38,156.0,6.08,-0.0174524064372835,0.9998476951563912,27.7,37,198.0,3.14,0.0697564737441253,0.9975640502598242,7.475000000000001,open-meteo,2026-08-08T09:59:26+00:00
2026-06-23 19:00:00+00:00,DE,onshore,19.8,81,106.0,3.54,0.6691306063588582,0.7431448254773942,21.5,47,74.0,5.23,-0.1045284632676534,0.9945218953682732,29.3,38,54.0,6.09,0.4694715627858908,0.882947592858927,25.8,47,77.0,3.67,0.6946583704589973,0.7193398003386512,6.099999999999998,open-meteo,2026-08-08T09:59:26+00:00
2026-06-23 20:00:00+00:00,DE,onshore,20.2,79,21.0,3.35,0.788010753606722,0.6156614753256583,17.8,72,6.0,4.86,0.8829475928589269,0.4694715627858908,27.4,53,4.0,6.42,0.3583679495453002,0.9335804264972016,22.7,59,7.0,5.01,0.8571673007021123,0.5150380749100542,4.025000000000002,open-meteo,2026-08-08T09:59:26+00:00
2026-06-23 21:00:00+00:00,DE,onshore,19.9,83,0.0,3.05,0.9945218953682732,0.1045284632676534,16.0,84,0.0,4.27,0.848048096156426,0.5299192642332049,26.2,57,0.0,5.3,0.5591929034707469,0.8290375725550417,21.0,66,0.0,5.27,0.8191520442889918,0.573576436351046,2.7749999999999986,open-meteo,2026-08-08T09:59:26+00:00
2026-06-23 22:00:00+00:00,DE,onshore,20.1,82,0.0,3.26,0.9612616959383188,-0.275637355816999,14.8,89,0.0,4.04,0.9702957262759964,0.2419218955996676,25.2,60,0.0,4.47,0.4383711467890774,0.898794046299167,19.8,71,0.0,5.22,0.8290375725550417,0.5591929034707468,1.9750000000000016,open-meteo,2026-08-08T09:59:26+00:00
2026-06-23 23:00:00+00:00,DE,onshore,19.8,84,0.0,4.52,0.9135454576426008,-0.4067366430758002,14.1,91,0.0,3.78,0.9563047559630355,-0.2923717047227366,24.1,64,0.0,3.99,0.4694715627858908,0.882947592858927,18.7,70,0.0,6.28,0.981627183447664,0.1908089953765449,1.1750000000000007,open-meteo,2026-08-08T09:59:26+00:00
2026-06-24 00:00:00+00:00,DE,onshore,20.3,71,0.0,6.52,0.6819983600624986,-0.7313537016191705,13.0,91,0.0,3.63,0.788010753606722,-0.6156614753256583,23.1,66,0.0,3.29,0.4999999999999999,0.8660254037844387,17.1,78,0.0,6.08,0.9998476951563912,0.0174524064372836,0.375,open-meteo,2026-08-08T09:59:26+00:00
2026-06-24 01:00:00+00:00,DE,onshore,19.8,76,0.0,6.44,0.5446390350150273,-0.8386705679454239,12.7,89,0.0,2.63,0.4539904997395468,-0.8910065241883678,22.1,72,0.0,2.53,0.5877852522924731,0.8090169943749475,16.2,82,0.0,4.7,0.9998476951563912,0.0174524064372836,0.3000000000000007,open-meteo,2026-08-08T09:59:26+00:00
2026-06-24 02:00:00+00:00,DE,onshore,19.5,77,0.0,5.87,0.4694715627858907,-0.882947592858927,12.4,88,0.0,1.55,0.3090169943749475,-0.9510565162951536,21.1,76,0.0,0.88,0.4539904997395468,0.8910065241883679,15.8,83,0.0,3.1,0.9510565162951536,-0.3090169943749473,0.8000000000000007,open-meteo,2026-08-08T09:59:26+00:00
2026-06-24 03:00:00+00:00,DE,onshore,19.4,80,0.0,5.77,0.1736481776669302,-0.984807753012208,11.2,91,1.0,0.77,-0.6427876096865393,-0.766044443118978,20.1,80,0.0,1.25,0.7071067811865475,0.7071067811865476,14.9,88,0.0,1.64,0.9563047559630355,-0.2923717047227366,1.599999999999998,open-meteo,2026-08-08T09:59:26+00:00
2026-06-24 04:00:00+00:00,DE,onshore,19.1,79,25.0,4.81,-0.0697564737441252,-0.9975640502598242,11.8,92,48.0,0.93,-0.9510565162951536,0.3090169943749472,20.0,81,9.0,0.49,0.6018150231520483,0.7986355100472928,15.1,87,32.0,1.18,1.0,6.123233995736766e-17,1.5,open-meteo,2026-08-08T09:59:26+00:00
2026-06-24 05:00:00+00:00,DE,onshore,19.2,78,113.0,3.84,-0.3255681544571567,-0.9455185755993168,14.2,87,153.0,1.19,0.1564344650402308,0.9876883405951378,20.8,79,84.0,0.69,0.9902680687415704,0.1391731009600654,17.1,83,128.0,1.21,0.9702957262759964,-0.2419218955996677,0.1749999999999971,open-meteo,2026-08-08T09:59:26+00:00
2026-06-24 06:00:00+00:00,DE,onshore,19.7,74,236.0,4.04,-0.3907311284892735,-0.9205048534524404,18.3,67,291.0,1.39,0.1391731009600654,0.9902680687415704,23.9,64,215.0,0.63,0.7771459614569709,0.6293203910498374,20.4,57,262.0,0.78,1.0,6.123233995736766e-17,2.575,open-meteo,2026-08-08T09:59:26+00:00
2026-06-24 07:00:00+00:00,DE,onshore,19.8,74,336.0,2.89,-0.4694715627858908,-0.8829475928589269,20.3,63,429.0,0.88,0.8910065241883679,0.4539904997395468,26.3,58,374.0,0.79,0.992546151641322,-0.1218693434051473,23.2,49,414.0,0.35,0.8290375725550417,0.5591929034707468,4.400000000000002,open-meteo,2026-08-08T09:59:26+00:00
2026-06-24 08:00:00+00:00,DE,onshore,20.0,75,508.0,2.45,-0.6018150231520484,-0.7986355100472928,22.1,53,566.0,0.29,-2.4492935982947064e-16,1.0,28.9,50,534.0,0.79,0.992546151641322,-0.1218693434051473,25.7,42,559.0,0.31,0.3090169943749474,0.9510565162951536,6.175000000000001,open-meteo,2026-08-08T09:59:26+00:00
2026-06-24 09:00:00+00:00,DE,onshore,20.4,75,630.0,2.72,-0.6156614753256582,-0.788010753606722,23.9,42,697.0,0.39,-1.0,-1.8369701987210287e-16,31.3,41,676.0,1.12,0.9659258262890684,0.2588190451025207,27.9,37,684.0,0.53,-0.3746065934159123,0.9271838545667872,7.875,open-meteo,2026-08-08T09:59:26+00:00
2026-06-24 10:00:00+00:00,DE,onshore,20.8,73,721.0,2.31,-0.587785252292473,-0.8090169943749475,25.5,37,785.0,0.53,-0.374606593415912,-0.9271838545667874,32.6,37,786.0,1.93,0.9135454576426008,0.4067366430758002,29.3,36,778.0,0.28,-0.7071067811865477,0.7071067811865474,9.05,open-meteo,2026-08-08T09:59:26+00:00
2026-06-24 11:00:00+00:00,DE,onshore,21.2,71,783.0,2.91,-0.7071067811865475,-0.7071067811865477,27.0,33,834.0,1.25,-0.7771459614569706,-0.6293203910498378,33.8,32,856.0,1.67,0.9335804264972016,0.3583679495453004,30.5,34,833.0,0.29,1.0,6.123233995736766e-17,10.125,open-meteo,2026-08-08T09:59:26+00:00
2026-06-24 12:00:00+00:00,DE,onshore,21.6,72,770.0,2.29,-0.6819983600624984,-0.7313537016191706,27.7,32,839.0,1.01,-0.874619707139396,-0.4848096202463368,34.4,28,881.0,2.51,0.7771459614569709,0.6293203910498374,31.1,34,842.0,0.49,0.7986355100472928,0.6018150231520483,10.699999999999996,open-meteo,2026-08-08T09:59:26+00:00
2026-06-24 13:00:00+00:00,DE,onshore,22.1,70,763.0,2.59,-0.7986355100472928,-0.6018150231520483,28.5,33,802.0,1.62,-0.9063077870366498,0.4226182617406996,35.0,24,858.0,2.56,0.7313537016191705,0.6819983600624985,32.4,32,809.0,0.2,1.2246467991473532e-16,-1.0,11.5,open-meteo,2026-08-08T09:59:26+00:00
2026-06-24 14:00:00+00:00,DE,onshore,22.5,71,694.0,3.32,-0.9455185755993168,-0.3255681544571566,29.0,28,728.0,1.58,-0.9271838545667874,0.3746065934159119,35.3,22,787.0,2.53,0.8090169943749475,0.5877852522924731,32.6,32,736.0,2.0,-0.981627183447664,0.1908089953765451,11.85,open-meteo,2026-08-08T09:59:26+00:00
2026-06-24 15:00:00+00:00,DE,onshore,22.9,73,532.0,3.29,-0.9205048534524404,0.3907311284892735,29.0,34,617.0,2.16,-0.6293203910498378,0.7771459614569706,35.2,24,675.0,2.26,0.8290375725550417,0.5591929034707468,32.4,33,628.0,1.19,-0.1564344650402311,0.9876883405951375,11.875,open-meteo,2026-08-08T09:59:26+00:00
2026-06-24 16:00:00+00:00,DE,onshore,22.4,75,495.0,3.74,-0.7313537016191703,0.6819983600624987,28.9,34,483.0,1.59,-0.6819983600624984,0.7313537016191707,34.9,22,534.0,2.33,0.9271838545667874,0.3746065934159119,32.5,32,493.0,3.06,-0.6427876096865396,0.7660444431189778,11.674999999999995,open-meteo,2026-08-08T09:59:26+00:00
2026-06-24 17:00:00+00:00,DE,onshore,21.6,80,369.0,4.45,-0.6427876096865396,0.7660444431189778,28.5,33,332.0,1.73,-0.6819983600624984,0.7313537016191707,33.9,31,373.0,1.62,0.90630778703665,0.4226182617406994,32.1,27,347.0,2.59,-0.7986355100472932,0.6018150231520479,11.025,open-meteo,2026-08-08T09:59:26+00:00
2026-06-24 18:00:00+00:00,DE,onshore,21.7,81,229.0,4.13,-0.5150380749100545,0.8571673007021121,27.4,43,187.0,2.36,-0.2923717047227371,0.9563047559630352,33.1,29,211.0,3.0,0.6156614753256583,0.7880107536067219,31.2,31,199.0,3.78,-0.3583679495453007,0.9335804264972016,10.349999999999998,open-meteo,2026-08-08T09:59:26+00:00
2026-06-24 19:00:00+00:00,DE,onshore,21.0,83,104.0,3.45,-0.5735764363510465,0.8191520442889916,25.7,48,70.0,2.59,-0.1908089953765446,0.981627183447664,30.2,35,77.0,3.55,0.6293203910498374,0.7771459614569709,29.4,37,77.0,2.3,-0.6427876096865396,0.7660444431189778,8.575000000000003,open-meteo,2026-08-08T09:59:26+00:00
2026-06-24 20:00:00+00:00,DE,onshore,20.4,86,21.0,4.43,-0.4694715627858908,0.882947592858927,23.5,54,7.0,2.54,-0.2756373558169989,0.9612616959383188,27.6,39,5.0,3.9,0.6293203910498374,0.7771459614569709,26.4,52,7.0,2.56,-0.7313537016191703,0.6819983600624987,6.475000000000001,open-meteo,2026-08-08T09:59:26+00:00
2026-06-24 21:00:00+00:00,DE,onshore,20.3,88,0.0,4.25,-0.2588190451025207,0.9659258262890684,22.4,60,0.0,2.42,-0.3583679495453007,0.9335804264972016,26.9,44,0.0,5.96,0.6691306063588582,0.7431448254773942,23.9,67,0.0,2.92,-0.2419218955996678,0.9702957262759964,5.375,open-meteo,2026-08-08T09:59:26+00:00
2026-06-24 22:00:00+00:00,DE,onshore,19.9,91,0.0,4.61,-0.2079116908177598,0.9781476007338056,22.0,59,0.0,1.5,-0.529919264233205,0.8480480961564258,26.3,50,0.0,5.27,0.6691306063588582,0.7431448254773942,22.8,72,0.0,3.66,-0.2756373558169989,0.9612616959383188,4.75,open-meteo,2026-08-08T09:59:26+00:00
2026-06-24 23:00:00+00:00,DE,onshore,19.6,93,0.0,5.5,-0.1908089953765446,0.981627183447664,19.1,75,0.0,1.25,-0.7071067811865475,-0.7071067811865477,25.5,51,0.0,4.5,0.7193398003386511,0.6946583704589973,22.0,75,0.0,1.67,0.3583679495453002,0.9335804264972016,3.5500000000000007,open-meteo,2026-08-08T09:59:26+00:00
2026-06-25 00:00:00+00:00,DE,onshore,19.8,92,0.0,6.06,-0.2419218955996678,0.9702957262759964,17.9,78,0.0,2.51,-0.6293203910498376,-0.7771459614569708,23.7,59,0.0,2.6,0.9396926207859084,0.3420201433256688,19.9,85,0.0,1.18,0.4067366430758002,0.9135454576426008,2.325000000000003,open-meteo,2026-08-08T09:59:26+00:00
2026-06-25 01:00:00+00:00,DE,onshore,19.7,92,0.0,6.49,-0.1908089953765446,0.981627183447664,17.7,78,0.0,3.06,-0.7660444431189779,-0.6427876096865395,23.1,61,0.0,2.29,0.984807753012208,-0.1736481776669303,19.0,88,0.0,0.63,-0.6293203910498378,0.7771459614569706,1.875,open-meteo,2026-08-08T09:59:26+00:00
2026-06-25 02:00:00+00:00,DE,onshore,19.3,92,0.0,6.03,-0.1218693434051472,0.992546151641322,17.6,76,0.0,3.64,-0.8910065241883678,-0.4539904997395469,22.0,65,0.0,2.35,1.0,6.123233995736766e-17,18.5,90,0.0,1.1,-0.984807753012208,0.1736481776669299,1.3500000000000014,open-meteo,2026-08-08T09:59:26+00:00
2026-06-25 03:00:00+00:00,DE,onshore,18.3,96,0.0,6.5,-0.1045284632676534,0.9945218953682732,16.9,84,1.0,3.9,-0.9510565162951536,-0.3090169943749475,20.5,73,0.0,2.18,0.9902680687415704,-0.1391731009600653,18.1,91,0.0,2.19,-0.8910065241883679,0.4539904997395466,0.4500000000000028,open-meteo,2026-08-08T09:59:26+00:00
2026-06-25 04:00:00+00:00,DE,onshore,17.2,100,12.0,6.5,-0.1045284632676534,0.9945218953682732,17.9,83,46.0,4.16,-0.9902680687415704,-0.1391731009600658,19.7,80,8.0,1.95,0.9510565162951536,-0.3090169943749473,19.0,88,27.0,1.83,-0.9612616959383188,0.2756373558169994,0.4499999999999993,open-meteo,2026-08-08T09:59:26+00:00
2026-06-25 05:00:00+00:00,DE,onshore,18.3,92,46.0,6.86,-0.0348994967025008,0.9993908270190958,20.2,80,151.0,4.67,-0.984807753012208,0.1736481776669299,20.9,79,83.0,2.09,0.981627183447664,-0.1908089953765448,21.2,83,108.0,2.7,-0.6946583704589976,0.7193398003386509,2.1499999999999986,open-meteo,2026-08-08T09:59:26+00:00
2026-06-25 06:00:00+00:00,DE,onshore,18.4,86,128.0,6.94,0.1564344650402308,0.9876883405951378,22.8,67,268.0,4.59,-0.9396926207859084,0.342020143325669,24.4,62,215.0,1.86,0.9986295347545738,-0.0523359562429438,24.6,64,253.0,2.8,-0.5877852522924734,0.8090169943749473,4.549999999999997,open-meteo,2026-08-08T09:59:26+00:00
2026-06-25 07:00:00+00:00,DE,onshore,18.8,74,336.0,6.48,0.3090169943749474,0.9510565162951536,24.5,63,431.0,3.65,-0.8571673007021123,0.5150380749100542,27.0,49,375.0,1.43,0.9612616959383188,-0.275637355816999,27.4,53,409.0,2.15,-0.4067366430758001,0.9135454576426008,6.424999999999997,open-meteo,2026-08-08T09:59:26+00:00
2026-06-25 08:00:00+00:00,DE,onshore,18.8,79,517.0,5.76,0.3090169943749474,0.9510565162951536,26.0,59,572.0,4.3,-0.6819983600624984,0.7313537016191707,29.5,44,536.0,1.69,0.984807753012208,-0.1736481776669303,29.6,42,550.0,2.81,-0.4848096202463369,0.8746197071393959,7.975000000000001,open-meteo,2026-08-08T09:59:26+00:00
2026-06-25 09:00:00+00:00,DE,onshore,19.1,79,642.0,5.11,-0.0697564737441256,0.9975640502598242,27.3,52,687.0,4.16,-0.7313537016191703,0.6819983600624987,32.5,38,676.0,2.16,0.9961946980917455,0.0871557427476581,31.3,38,686.0,3.08,-0.6018150231520483,0.7986355100472928,9.55,open-meteo,2026-08-08T09:59:26+00:00
2026-06-25 10:00:00+00:00,DE,onshore,19.0,78,739.0,5.87,-0.2588190451025207,0.9659258262890684,28.1,53,778.0,4.72,-0.7431448254773946,0.6691306063588578,34.4,33,787.0,3.29,0.9205048534524404,0.3907311284892737,32.2,38,777.0,3.72,-0.5735764363510465,0.8191520442889916,10.425,open-meteo,2026-08-08T09:59:26+00:00
2026-06-25 11:00:00+00:00,DE,onshore,18.5,80,796.0,7.2,-0.2588190451025207,0.9659258262890684,28.7,55,819.0,5.19,-0.8090169943749476,0.5877852522924729,35.4,32,855.0,2.72,0.8660254037844386,0.5000000000000001,33.0,37,831.0,4.09,-0.7193398003386512,0.6946583704589973,10.9,open-meteo,2026-08-08T09:59:26+00:00
2026-06-25 12:00:00+00:00,DE,onshore,18.1,82,817.0,6.82,-0.2756373558169989,0.9612616959383188,29.0,48,806.0,5.41,-0.8191520442889918,0.573576436351046,35.9,29,870.0,3.75,0.6560590289905073,0.754709580222772,32.7,39,842.0,4.57,-0.7071067811865477,0.7071067811865474,10.925,open-meteo,2026-08-08T09:59:26+00:00
2026-06-25 13:00:00+00:00,DE,onshore,18.2,80,793.0,6.97,-0.2923717047227371,0.9563047559630352,29.2,43,796.0,5.69,-0.7431448254773946,0.6691306063588578,36.5,25,845.0,4.17,0.6560590289905073,0.754709580222772,33.1,37,811.0,4.57,-0.6819983600624984,0.7313537016191707,11.25,open-meteo,2026-08-08T09:59:26+00:00
2026-06-25 14:00:00+00:00,DE,onshore,18.2,84,732.0,7.87,-0.2923717047227371,0.9563047559630352,29.0,42,727.0,5.48,-0.6819983600624984,0.7313537016191707,36.6,26,783.0,3.86,0.9135454576426008,0.4067366430758002,33.4,34,742.0,4.44,-0.6819983600624984,0.7313537016191707,11.300000000000004,open-meteo,2026-08-08T09:59:26+00:00
2026-06-25 15:00:00+00:00,DE,onshore,18.7,81,633.0,7.62,-0.3090169943749477,0.9510565162951536,28.9,39,620.0,5.43,-0.6293203910498378,0.7771459614569706,36.1,27,672.0,5.45,0.6156614753256583,0.7880107536067219,33.3,35,629.0,4.86,-0.7431448254773946,0.6691306063588578,11.249999999999996,open-meteo,2026-08-08T09:59:26+00:00
2026-06-25 16:00:00+00:00,DE,onshore,18.8,81,509.0,8.13,-0.2249510543438653,0.9743700647852352,28.2,40,486.0,5.77,-0.6427876096865396,0.7660444431189778,36.2,25,526.0,3.29,0.3907311284892737,0.9205048534524404,33.0,31,495.0,5.85,-0.7660444431189781,0.6427876096865393,11.05,open-meteo,2026-08-08T09:59:26+00:00
2026-06-25 17:00:00+00:00,DE,onshore,18.9,81,369.0,8.26,-0.1736481776669304,0.984807753012208,26.8,41,339.0,5.88,-0.6018150231520483,0.7986355100472928,35.5,28,358.0,5.7,0.4067366430758002,0.9135454576426008,32.1,34,349.0,5.35,-0.2419218955996678,0.9702957262759964,10.325000000000005,open-meteo,2026-08-08T09:59:26+00:00
2026-06-25 18:00:00+00:00,DE,onshore,19.3,82,228.0,7.1,-0.1045284632676534,0.9945218953682732,25.3,54,193.0,6.14,-0.4848096202463369,0.8746197071393959,34.5,25,211.0,5.27,0.7071067811865475,0.7071067811865476,30.4,36,202.0,6.83,0.1391731009600654,0.9902680687415704,9.375,open-meteo,2026-08-08T09:59:26+00:00
2026-06-25 19:00:00+00:00,DE,onshore,19.4,82,104.0,6.86,-0.0174524064372835,0.9998476951563912,22.9,47,72.0,5.57,-0.4067366430758001,0.9135454576426008,31.9,31,75.0,5.88,0.6018150231520483,0.7986355100472928,28.2,34,76.0,7.19,0.4067366430758002,0.9135454576426008,7.599999999999998,open-meteo,2026-08-08T09:59:26+00:00
2026-06-25 20:00:00+00:00,DE,onshore,19.6,81,21.0,6.97,0.0697564737441253,0.9975640502598242,19.6,72,7.0,5.62,-0.3907311284892739,0.9205048534524404,29.5,36,5.0,5.78,0.6293203910498374,0.7771459614569709,24.8,37,7.0,8.24,0.4539904997395468,0.8910065241883679,5.375,open-meteo,2026-08-08T09:59:26+00:00
2026-06-25 21:00:00+00:00,DE,onshore,19.6,82,0.0,6.79,0.3090169943749474,0.9510565162951536,18.5,80,0.0,5.99,-0.1908089953765446,0.981627183447664,29.2,44,0.0,6.52,0.6819983600624985,0.7313537016191705,22.9,48,0.0,8.11,0.6018150231520483,0.7986355100472928,4.549999999999997,open-meteo,2026-08-08T09:59:26+00:00
2026-06-25 22:00:00+00:00,DE,onshore,19.6,81,0.0,5.83,0.4539904997395468,0.8910065241883679,17.5,88,0.0,5.72,-0.1218693434051472,0.992546151641322,27.5,49,0.0,4.29,0.981627183447664,0.1908089953765449,20.8,54,0.0,7.43,0.8090169943749475,0.5877852522924731,3.349999999999998,open-meteo,2026-08-08T09:59:26+00:00
2026-06-25 23:00:00+00:00,DE,onshore,19.6,83,0.0,5.21,0.6560590289905073,0.754709580222772,16.6,91,0.0,5.79,0.0697564737441253,0.9975640502598242,26.3,53,0.0,5.0,0.9993908270190958,-0.0348994967025009,19.4,66,0.0,5.57,0.7771459614569709,0.6293203910498374,2.4750000000000014,open-meteo,2026-08-08T09:59:26+00:00
2026-06-26 00:00:00+00:00,DE,onshore,19.4,84,0.0,4.7,0.8571673007021123,0.5150380749100542,15.7,88,0.0,3.63,0.0523359562429438,0.9986295347545738,25.7,54,0.0,3.82,1.0,6.123233995736766e-17,18.4,75,0.0,4.12,0.788010753606722,0.6156614753256583,1.7999999999999972,open-meteo,2026-08-08T09:59:26+00:00
2026-06-26 01:00:00+00:00,DE,onshore,19.3,82,0.0,4.71,0.9975640502598242,0.0697564737441252,15.1,89,0.0,2.36,-0.0871557427476583,0.9961946980917455,24.8,57,0.0,3.24,0.9986295347545738,0.0523359562429439,17.4,78,0.0,3.86,0.8090169943749475,0.5877852522924731,1.1499999999999986,open-meteo,2026-08-08T09:59:26+00:00
2026-06-26 02:00:00+00:00,DE,onshore,19.1,85,0.0,4.93,0.9563047559630355,-0.2923717047227366,14.6,90,0.0,1.88,-0.1564344650402311,0.9876883405951375,23.9,64,0.0,2.76,0.8910065241883679,-0.4539904997395467,16.3,80,0.0,3.92,0.9743700647852352,0.2249510543438649,0.4750000000000014,open-meteo,2026-08-08T09:59:26+00:00
2026-06-26 03:00:00+00:00,DE,onshore,19.0,88,0.0,5.22,0.8829475928589269,-0.4694715627858909,14.0,90,1.0,2.06,-0.0523359562429443,0.9986295347545738,23.3,66,0.0,2.1,0.6018150231520482,-0.7986355100472929,14.7,86,0.0,5.04,0.9902680687415704,0.1391731009600654,0.25,open-meteo,2026-08-08T09:59:26+00:00
2026-06-26 04:00:00+00:00,DE,onshore,18.9,87,24.0,5.78,0.777145961456971,-0.6293203910498373,14.7,90,44.0,2.18,0.1391731009600654,0.9902680687415704,22.3,70,8.0,2.29,0.8571673007021123,-0.5150380749100543,14.9,84,31.0,4.41,0.9986295347545738,0.0523359562429439,0.3000000000000007,open-meteo,2026-08-08T09:59:26+00:00
2026-06-26 05:00:00+00:00,DE,onshore,19.2,87,110.0,6.04,0.6691306063588585,-0.743144825477394,17.0,85,148.0,1.52,0.2588190451025207,0.9659258262890684,22.6,70,82.0,2.89,0.8829475928589269,-0.4694715627858909,17.1,80,126.0,3.98,0.984807753012208,-0.1736481776669303,0.9750000000000014,open-meteo,2026-08-08T09:59:26+00:00
2026-06-26 06:00:00+00:00,DE,onshore,19.6,85,236.0,7.41,0.7193398003386511,-0.6946583704589974,20.5,71,283.0,1.33,0.2923717047227367,0.9563047559630354,26.2,54,213.0,3.05,0.6691306063588585,-0.743144825477394,21.0,64,260.0,2.64,0.9659258262890684,-0.2588190451025208,3.8249999999999993,open-meteo,2026-08-08T09:59:26+00:00
2026-06-26 07:00:00+00:00,DE,onshore,20.0,82,378.0,8.66,0.7193398003386511,-0.6946583704589974,22.5,65,431.0,0.88,-2.4492935982947064e-16,1.0,28.7,47,368.0,1.8,0.8746197071393959,-0.484809620246337,23.6,56,411.0,2.45,0.9993908270190958,-0.0348994967025009,5.700000000000003,open-meteo,2026-08-08T09:59:26+00:00
2026-06-26 08:00:00+00:00,DE,onshore,20.6,81,517.0,8.52,0.7071067811865476,-0.7071067811865475,24.3,58,572.0,0.79,0.992546151641322,0.1218693434051474,31.4,41,520.0,2.22,0.7071067811865476,-0.7071067811865475,26.0,49,558.0,2.94,1.0,6.123233995736766e-17,7.575000000000003,open-meteo,2026-08-08T09:59:26+00:00
2026-06-26 09:00:00+00:00,DE,onshore,21.8,73,642.0,8.41,0.6560590289905073,-0.754709580222772,26.0,53,693.0,0.93,0.3090169943749474,0.9510565162951536,34.0,34,664.0,2.76,0.4539904997395468,-0.8910065241883678,28.8,35,686.0,2.42,0.9702957262759964,-0.2419218955996677,9.65,open-meteo,2026-08-08T09:59:26+00:00
2026-06-26 10:00:00+00:00,DE,onshore,22.5,70,746.0,9.01,0.7313537016191706,-0.6819983600624984,27.8,43,782.0,0.44,0.4539904997395468,0.8910065241883679,36.8,26,784.0,3.19,0.3090169943749475,-0.9510565162951536,30.7,31,782.0,2.39,0.9455185755993168,-0.3255681544571566,11.45,open-meteo,2026-08-08T09:59:26+00:00
2026-06-26 11:00:00+00:00,DE,onshore,23.5,67,810.0,9.01,0.7986355100472927,-0.6018150231520484,29.4,37,834.0,1.12,0.9659258262890684,0.2588190451025207,37.9,25,855.0,3.4,0.7547095802227721,-0.6560590289905072,32.4,26,840.0,2.4,0.9781476007338056,-0.2079116908177593,12.799999999999995,open-meteo,2026-08-08T09:59:26+00:00
2026-06-26 12:00:00+00:00,DE,onshore,24.3,68,831.0,8.48,0.8290375725550417,-0.5591929034707467,30.1,33,841.0,1.57,0.9975640502598242,0.0697564737441252,37.3,25,857.0,4.69,0.8987940462991669,-0.4383711467890775,33.3,22,855.0,3.06,0.992546151641322,-0.1218693434051473,13.25,open-meteo,2026-08-08T09:59:26+00:00
2026-06-26 13:00:00+00:00,DE,onshore,24.3,66,804.0,7.69,0.8290375725550417,-0.5591929034707467,30.8,31,805.0,1.8,0.9271838545667874,-0.374606593415912,37.8,22,848.0,3.86,0.9135454576426008,-0.4067366430758002,34.2,20,824.0,3.33,0.9702957262759964,-0.2419218955996677,13.775000000000002,open-meteo,2026-08-08T09:59:26+00:00
2026-06-26 14:00:00+00:00,DE,onshore,24.7,65,744.0,6.77,0.8290375725550417,-0.5591929034707467,31.1,31,729.0,2.33,0.9271838545667874,-0.374606593415912,38.1,23,773.0,3.29,0.9205048534524404,-0.3907311284892737,34.9,17,752.0,3.33,0.8829475928589269,-0.4694715627858909,14.200000000000005,open-meteo,2026-08-08T09:59:26+00:00
2026-06-26 15:00:00+00:00,DE,onshore,25.4,62,647.0,5.71,0.777145961456971,-0.6293203910498373,31.1,28,621.0,2.76,0.8910065241883679,-0.4539904997395467,37.6,23,661.0,1.08,1.2246467991473532e-16,-1.0,35.1,17,644.0,3.21,0.8571673007021123,-0.5150380749100543,14.299999999999995,open-meteo,2026-08-08T09:59:26+00:00
2026-06-26 16:00:00+00:00,DE,onshore,24.9,62,522.0,5.3,0.5591929034707469,-0.8290375725550416,30.7,31,487.0,2.69,0.838670567945424,-0.5446390350150272,37.4,26,527.0,2.55,0.8480480961564261,-0.5299192642332048,34.9,19,505.0,3.78,0.8571673007021123,-0.5150380749100543,13.975,open-meteo,2026-08-08T09:59:26+00:00
2026-06-26 17:00:00+00:00,DE,onshore,24.4,65,379.0,4.25,0.258819045102521,-0.9659258262890682,30.4,35,336.0,3.14,0.777145961456971,-0.6293203910498373,36.8,22,369.0,3.16,0.9612616959383188,-0.275637355816999,33.7,22,355.0,5.29,1.0,6.123233995736766e-17,13.325,open-meteo,2026-08-08T09:59:26+00:00
2026-06-26 18:00:00+00:00,DE,onshore,24.7,68,237.0,4.29,0.4539904997395468,-0.8910065241883678,29.5,36,193.0,4.66,0.9271838545667874,-0.374606593415912,35.1,30,211.0,3.45,0.992546151641322,-0.1218693434051473,32.9,23,204.0,5.98,0.9998476951563912,0.0174524064372836,12.550000000000004,open-meteo,2026-08-08T09:59:26+00:00
2026-06-26 19:00:00+00:00,DE,onshore,24.6,68,109.0,5.65,0.4694715627858907,-0.882947592858927,26.7,44,72.0,5.08,0.9455185755993168,-0.3255681544571566,32.8,35,72.0,4.59,0.9612616959383188,-0.275637355816999,29.7,29,78.0,7.45,0.9993908270190958,-0.0348994967025009,10.45,open-meteo,2026-08-08T09:59:26+00:00
2026-06-26 20:00:00+00:00,DE,onshore,24.7,68,22.0,7.71,0.2079116908177593,-0.9781476007338056,22.9,58,7.0,8.72,0.8910065241883679,-0.4539904997395467,30.9,40,4.0,4.09,0.6946583704589971,-0.7193398003386513,26.1,38,7.0,8.84,0.9659258262890684,-0.2588190451025208,8.149999999999999,open-meteo,2026-08-08T09:59:26+00:00
2026-06-26 21:00:00+00:00,DE,onshore,24.7,70,0.0,7.63,0.2756373558169992,-0.9612616959383188,22.2,67,0.0,8.73,0.7313537016191706,-0.6819983600624984,28.6,53,0.0,3.26,0.5446390350150273,-0.8386705679454239,24.8,49,0.0,8.32,0.8910065241883679,-0.4539904997395467,7.074999999999999,open-meteo,2026-08-08T09:59:26+00:00
2026-06-26 22:00:00+00:00,DE,onshore,24.2,73,0.0,7.9,0.1218693434051475,-0.992546151641322,21.4,72,0.0,9.24,0.5591929034707469,-0.8290375725550416,27.5,56,0.0,2.38,0.1564344650402309,-0.9876883405951375,23.5,55,0.0,8.16,0.8746197071393959,-0.484809620246337,6.149999999999999,open-meteo,2026-08-08T09:59:26+00:00
2026-06-26 23:00:00+00:00,DE,onshore,23.7,77,0.0,8.13,0.0174524064372834,-0.9998476951563912,21.2,64,0.0,10.12,0.4539904997395468,-0.8910065241883678,25.6,68,0.0,2.76,0.4539904997395468,-0.8910065241883678,22.7,58,0.0,8.82,0.7547095802227721,-0.6560590289905072,5.300000000000001,open-meteo,2026-08-08T09:59:26+00:00
2026-06-27 00:00:00+00:00,DE,onshore,24.5,75,0.0,8.92,-0.0174524064372836,-0.9998476951563912,20.7,63,0.0,10.01,0.3420201433256689,-0.9396926207859084,25.7,63,0.0,2.7,0.3255681544571566,-0.9455185755993168,22.1,59,0.0,6.85,0.5591929034707469,-0.8290375725550416,5.25,open-meteo,2026-08-08T09:59:26+00:00
2026-06-27 01:00:00+00:00,DE,onshore,24.0,77,0.0,7.88,-0.1908089953765447,-0.981627183447664,20.1,66,0.0,9.7,0.2079116908177593,-0.9781476007338056,24.4,67,0.0,3.26,0.6946583704589971,-0.7193398003386513,21.5,59,0.0,5.93,0.3746065934159122,-0.9271838545667872,4.5,open-meteo,2026-08-08T09:59:26+00:00
2026-06-27 02:00:00+00:00,DE,onshore,23.5,80,0.0,6.29,-0.3090169943749473,-0.9510565162951536,20.2,65,0.0,10.61,0.1564344650402309,-0.9876883405951375,23.5,70,0.0,3.4,0.5446390350150273,-0.8386705679454239,20.6,63,0.0,5.52,0.2079116908177593,-0.9781476007338056,3.950000000000003,open-meteo,2026-08-08T09:59:26+00:00
2026-06-27 03:00:00+00:00,DE,onshore,23.3,82,0.0,4.92,-0.5735764363510462,-0.8191520442889918,19.4,70,1.0,9.71,0.0348994967025011,-0.9993908270190958,23.4,66,0.0,2.89,0.4067366430758004,-0.9135454576426008,19.3,72,0.0,5.39,0.0348994967025011,-0.9993908270190958,3.349999999999998,open-meteo,2026-08-08T09:59:26+00:00
2026-06-27 04:00:00+00:00,DE,onshore,22.7,86,23.0,3.99,-0.4694715627858908,-0.8829475928589269,19.9,70,45.0,9.61,0.0348994967025011,-0.9993908270190958,22.7,69,8.0,1.98,0.3420201433256689,-0.9396926207859084,19.9,71,30.0,5.21,0.0697564737441255,-0.9975640502598242,3.299999999999997,open-meteo,2026-08-08T09:59:26+00:00
2026-06-27 05:00:00+00:00,DE,onshore,22.5,87,106.0,3.12,-0.656059028990507,-0.7547095802227721,22.7,60,150.0,10.02,0.0697564737441255,-0.9975640502598242,22.9,71,82.0,2.96,0.8290375725550417,-0.5591929034707467,22.0,70,121.0,4.54,0.1218693434051475,-0.992546151641322,4.524999999999999,open-meteo,2026-08-08T09:59:26+00:00
2026-06-27 06:00:00+00:00,DE,onshore,23.5,83,197.0,0.84,-0.8090169943749473,-0.5877852522924732,25.2,54,287.0,8.93,0.0697564737441255,-0.9975640502598242,26.2,50,213.0,3.19,0.6819983600624986,-0.7313537016191705,26.1,48,240.0,3.73,0.3907311284892737,-0.9205048534524404,7.25,open-meteo,2026-08-08T09:59:26+00:00
2026-06-27 07:00:00+00:00,DE,onshore,22.8,84,366.0,3.25,0.0871557427476582,-0.9961946980917455,27.1,51,427.0,5.3,0.0523359562429438,-0.9986295347545738,29.0,39,377.0,1.9,0.8191520442889917,-0.5735764363510462,28.8,44,403.0,2.22,0.7547095802227721,-0.6560590289905072,8.925,open-meteo,2026-08-08T09:59:26+00:00
2026-06-27 08:00:00+00:00,DE,onshore,22.9,84,508.0,2.59,-0.4848096202463369,-0.8746197071393959,29.4,45,572.0,4.31,0.2923717047227366,-0.9563047559630355,31.5,33,532.0,1.97,0.8910065241883679,-0.4539904997395467,31.3,41,540.0,2.08,0.6560590289905073,-0.754709580222772,10.775,open-meteo,2026-08-08T09:59:26+00:00
2026-06-27 09:00:00+00:00,DE,onshore,23.7,81,625.0,2.19,0.4539904997395468,-0.8910065241883678,32.0,38,686.0,4.28,0.2756373558169992,-0.9612616959383188,35.3,22,678.0,2.5,0.7431448254773942,-0.6691306063588582,34.6,34,656.0,2.18,0.5877852522924732,-0.8090169943749473,13.4,open-meteo,2026-08-08T09:59:26+00:00
2026-06-27 10:00:00+00:00,DE,onshore,23.5,81,724.0,2.51,0.6293203910498374,-0.7771459614569709,33.9,33,764.0,4.13,0.0697564737441255,-0.9975640502598242,36.8,19,799.0,2.8,0.8090169943749475,-0.587785252292473,37.0,31,766.0,2.02,0.4848096202463371,-0.8746197071393957,14.799999999999995,open-meteo,2026-08-08T09:59:26+00:00
2026-06-27 11:00:00+00:00,DE,onshore,22.5,88,782.0,1.77,-0.9986295347545738,-0.0523359562429443,35.6,26,837.0,3.83,0.0523359562429438,-0.9986295347545738,38.1,14,876.0,2.72,0.8660254037844387,-0.4999999999999998,38.7,28,816.0,2.46,0.4848096202463371,-0.8746197071393957,15.725,open-meteo,2026-08-08T09:59:26+00:00
2026-06-27 12:00:00+00:00,DE,onshore,22.8,90,793.0,6.89,-0.6427876096865396,0.7660444431189778,36.0,26,849.0,2.65,0.0348994967025011,-0.9993908270190958,38.3,18,901.0,2.8,0.8090169943749475,-0.587785252292473,39.6,25,819.0,3.2,-0.6427876096865393,-0.766044443118978,16.174999999999997,open-meteo,2026-08-08T09:59:26+00:00
2026-06-27 13:00:00+00:00,DE,onshore,22.1,87,642.0,11.23,-0.1045284632676534,0.9945218953682732,36.6,27,808.0,2.71,0.2249510543438652,-0.9743700647852352,38.8,16,867.0,2.61,0.8290375725550417,-0.5591929034707467,40.1,23,671.0,2.97,-0.9563047559630352,-0.2923717047227371,16.4,open-meteo,2026-08-08T09:59:26+00:00
2026-06-27 14:00:00+00:00,DE,onshore,22.5,83,633.0,7.02,0.1391731009600654,0.9902680687415704,37.0,27,730.0,3.07,0.5150380749100544,-0.8571673007021122,39.2,16,792.0,2.07,0.8571673007021123,-0.5150380749100543,40.3,22,726.0,1.97,-0.9945218953682734,0.1045284632676529,16.75,open-meteo,2026-08-08T09:59:26+00:00
2026-06-27 15:00:00+00:00,DE,onshore,22.9,83,480.0,9.21,-0.0348994967025008,0.9993908270190958,36.6,29,619.0,2.88,0.5735764363510459,-0.8191520442889919,38.7,18,678.0,2.85,0.9612616959383188,-0.275637355816999,38.9,26,554.0,4.61,-0.874619707139396,-0.4848096202463368,16.275,open-meteo,2026-08-08T09:59:26+00:00
2026-06-27 16:00:00+00:00,DE,onshore,22.8,78,442.0,7.25,0.1564344650402308,0.9876883405951378,36.4,29,481.0,3.15,0.8090169943749475,-0.587785252292473,38.5,18,532.0,2.68,0.9135454576426008,-0.4067366430758002,31.5,50,180.0,10.47,0.6156614753256583,0.7880107536067219,14.299999999999995,open-meteo,2026-08-08T09:59:26+00:00
2026-06-27 17:00:00+00:00,DE,onshore,22.5,78,302.0,6.3,0.2079116908177593,0.9781476007338056,35.8,30,335.0,3.78,0.9335804264972016,-0.3583679495453002,37.7,19,371.0,2.81,0.8746197071393959,-0.484809620246337,34.2,38,307.0,3.1,0.8191520442889918,0.573576436351046,14.549999999999995,open-meteo,2026-08-08T09:59:26+00:00
2026-06-27 18:00:00+00:00,DE,onshore,22.9,83,148.0,5.26,-0.4848096202463369,0.8746197071393959,32.8,40,184.0,4.93,0.7547095802227721,-0.6560590289905072,36.3,25,213.0,1.39,0.777145961456971,-0.6293203910498373,31.7,48,128.0,9.0,-0.5735764363510465,0.8191520442889916,12.925,open-meteo,2026-08-08T09:59:26+00:00
2026-06-27 19:00:00+00:00,DE,onshore,22.2,85,66.0,5.7,0.3255681544571567,0.9455185755993168,29.9,50,42.0,4.3,0.7313537016191706,-0.6819983600624984,34.3,34,76.0,1.02,0.9563047559630355,-0.2923717047227366,25.7,78,9.0,13.1,0.6819983600624985,0.7313537016191705,10.025,open-meteo,2026-08-08T09:59:26+00:00
2026-06-27 20:00:00+00:00,DE,onshore,21.9,84,20.0,6.35,0.1564344650402308,0.9876883405951378,27.3,57,3.0,6.66,0.4694715627858907,-0.882947592858927,32.5,33,5.0,1.87,0.7313537016191706,-0.6819983600624984,27.4,50,3.0,7.64,0.9998476951563912,-0.0174524064372834,9.275,open-meteo,2026-08-08T09:59:26+00:00
2026-06-27 21:00:00+00:00,DE,onshore,23.6,79,0.0,8.22,0.7771459614569709,0.6293203910498374,27.8,51,0.0,6.93,0.4848096202463371,-0.8746197071393957,28.6,56,0.0,2.94,0.4383711467890773,-0.898794046299167,26.1,59,0.0,12.43,0.9396926207859084,-0.3420201433256687,8.524999999999999,open-meteo,2026-08-08T09:59:26+00:00
2026-06-27 22:00:00+00:00,DE,onshore,22.4,86,0.0,5.69,0.6691306063588582,0.7431448254773942,26.2,55,0.0,7.07,0.6946583704589971,-0.7193398003386513,26.7,59,0.0,2.64,0.3746065934159122,-0.9271838545667872,26.1,60,0.0,8.39,0.6819983600624986,-0.7313537016191705,7.350000000000001,open-meteo,2026-08-08T09:59:26+00:00
2026-06-27 23:00:00+00:00,DE,onshore,22.3,83,0.0,7.34,0.5150380749100542,0.8571673007021123,25.5,59,0.0,6.27,0.4226182617406995,-0.90630778703665,25.5,63,0.0,2.97,0.1391731009600653,-0.9902680687415704,25.7,65,0.0,8.68,0.6560590289905073,-0.754709580222772,6.75,open-meteo,2026-08-08T09:59:26+00:00
2026-06-28 00:00:00+00:00,DE,onshore,20.9,91,0.0,13.19,-0.9743700647852352,-0.2249510543438652,24.3,65,0.0,7.15,0.4848096202463371,-0.8746197071393957,24.7,62,0.0,3.08,0.1564344650402309,-0.9876883405951375,25.1,73,0.0,6.79,0.4226182617406995,-0.90630778703665,5.75,open-meteo,2026-08-08T09:59:26+00:00
2026-06-28 01:00:00+00:00,DE,onshore,20.6,93,0.0,9.35,-0.5735764363510465,0.8191520442889916,23.9,63,0.0,7.77,0.3907311284892737,-0.9205048534524404,24.7,62,0.0,2.07,-0.8571673007021121,-0.5150380749100544,24.4,69,0.0,7.49,0.1045284632676537,-0.9945218953682732,5.399999999999999,open-meteo,2026-08-08T09:59:26+00:00
2026-06-28 02:00:00+00:00,DE,onshore,20.1,92,0.0,4.57,0.7071067811865475,0.7071067811865476,23.7,62,0.0,7.35,0.2756373558169992,-0.9612616959383188,23.5,67,0.0,1.29,-0.9876883405951375,-0.156434465040231,23.3,74,0.0,6.19,-0.0871557427476579,-0.9961946980917455,4.649999999999999,open-meteo,2026-08-08T09:59:26+00:00
2026-06-28 03:00:00+00:00,DE,onshore,20.3,90,0.0,13.81,0.9702957262759964,-0.2419218955996677,23.3,66,1.0,8.65,0.3420201433256689,-0.9396926207859084,23.6,61,0.0,1.33,-0.8090169943749473,-0.5877852522924732,22.1,84,0.0,6.64,-0.1391731009600655,-0.9902680687415704,4.325000000000003,open-meteo,2026-08-08T09:59:26+00:00
2026-06-28 04:00:00+00:00,DE,onshore,21.1,88,2.0,3.17,-0.1564344650402311,0.9876883405951375,23.5,69,36.0,8.63,0.0348994967025011,-0.9993908270190958,23.1,64,7.0,0.71,-0.275637355816999,-0.9612616959383188,22.5,83,29.0,6.8,-0.2079116908177595,-0.9781476007338056,4.550000000000001,open-meteo,2026-08-08T09:59:26+00:00
2026-06-28 05:00:00+00:00,DE,onshore,20.5,93,5.0,2.29,-0.3420201433256686,-0.9396926207859084,24.5,70,118.0,16.6,-0.9205048534524404,0.3907311284892735,24.7,60,76.0,1.98,-0.8386705679454243,0.5446390350150266,24.1,78,103.0,9.81,-0.1564344650402311,0.9876883405951375,5.450000000000003,open-meteo,2026-08-08T09:59:26+00:00
2026-06-28 06:00:00+00:00,DE,onshore,19.9,91,41.0,3.34,0.9986295347545738,-0.0523359562429438,23.9,78,226.0,8.51,-0.1391731009600658,0.9902680687415704,27.1,47,214.0,2.2,-0.8480480961564262,0.5299192642332047,25.0,75,236.0,7.06,0.2419218955996677,0.9702957262759964,5.975000000000001,open-meteo,2026-08-08T09:59:26+00:00
2026-06-28 07:00:00+00:00,DE,onshore,20.8,90,256.0,2.88,0.984807753012208,-0.1736481776669303,24.6,76,352.0,9.41,0.0174524064372835,0.9998476951563912,29.6,36,354.0,2.47,-0.992546151641322,-0.1218693434051471,26.5,69,349.0,5.47,0.6946583704589973,0.7193398003386512,7.375,open-meteo,2026-08-08T09:59:26+00:00
2026-06-28 08:00:00+00:00,DE,onshore,20.6,90,510.0,1.81,-0.2249510543438649,-0.9743700647852352,25.8,66,506.0,8.91,0.5446390350150271,0.838670567945424,30.3,35,404.0,4.62,-0.9563047559630352,-0.2923717047227371,28.2,64,459.0,3.34,0.766044443118978,0.6427876096865394,8.225000000000001,open-meteo,2026-08-08T09:59:26+00:00
2026-06-28 09:00:00+00:00,DE,onshore,21.9,89,641.0,6.25,-0.9876883405951375,-0.156434465040231,27.0,62,635.0,9.11,0.848048096156426,0.5299192642332049,33.2,28,524.0,5.36,-0.9876883405951375,-0.156434465040231,30.4,56,622.0,2.57,0.9510565162951536,0.3090169943749474,10.125,open-meteo,2026-08-08T09:59:26+00:00
2026-06-28 10:00:00+00:00,DE,onshore,21.4,89,728.0,5.98,-0.848048096156426,-0.529919264233205,28.5,55,711.0,5.28,0.766044443118978,0.6427876096865394,34.4,29,763.0,5.02,-0.9781476007338056,0.2079116908177594,32.6,49,706.0,1.71,0.9743700647852352,0.2249510543438649,11.225,open-meteo,2026-08-08T09:59:26+00:00
2026-06-28 11:00:00+00:00,DE,onshore,21.8,82,763.0,8.02,-0.9902680687415704,-0.1391731009600658,29.8,50,766.0,4.23,0.7431448254773942,0.6691306063588582,35.8,29,847.0,4.71,-0.9335804264972016,0.3583679495453004,33.7,44,556.0,1.5,0.529919264233205,-0.848048096156426,12.275000000000002,open-meteo,2026-08-08T09:59:26+00:00
2026-06-28 12:00:00+00:00,DE,onshore,21.7,80,798.0,6.75,-0.9876883405951375,-0.156434465040231,30.8,48,804.0,3.76,0.9659258262890684,-0.2588190451025208,36.0,31,853.0,3.23,-0.9702957262759966,0.2419218955996674,35.1,43,770.0,2.15,-0.913545457642601,-0.4067366430758001,12.9,open-meteo,2026-08-08T09:59:26+00:00
2026-06-28 13:00:00+00:00,DE,onshore,21.6,85,791.0,4.62,-0.9961946980917455,-0.0871557427476582,32.1,46,618.0,1.18,-0.4067366430758002,-0.9135454576426008,36.0,29,742.0,4.05,-0.992546151641322,-0.1218693434051471,36.6,37,794.0,4.51,-0.9998476951563912,0.0174524064372831,13.575000000000005,open-meteo,2026-08-08T09:59:26+00:00
2026-06-28 14:00:00+00:00,DE,onshore,21.7,86,724.0,4.68,-0.9612616959383188,0.2756373558169994,32.7,44,686.0,4.19,-0.7986355100472932,0.6018150231520479,36.7,29,704.0,3.82,-0.9998476951563912,0.0174524064372831,37.0,32,723.0,7.84,-0.9876883405951378,0.1564344650402306,14.025000000000006,open-meteo,2026-08-08T09:59:26+00:00
2026-06-28 15:00:00+00:00,DE,onshore,22.1,84,629.0,4.67,-0.7771459614569708,0.6293203910498375,31.9,47,606.0,6.14,-0.4226182617406992,0.90630778703665,36.4,28,564.0,4.8,-0.9396926207859084,0.342020143325669,36.2,36,615.0,7.79,-0.9335804264972016,0.3583679495453004,13.650000000000002,open-meteo,2026-08-08T09:59:26+00:00
2026-06-28 16:00:00+00:00,DE,onshore,21.7,89,476.0,4.13,-0.5150380749100545,0.8571673007021121,30.1,56,471.0,7.45,0.0174524064372835,0.9998476951563912,35.8,28,506.0,4.51,-1.0,-1.8369701987210287e-16,34.9,35,478.0,8.34,-0.7660444431189781,0.6427876096865393,12.625,open-meteo,2026-08-08T09:59:26+00:00
2026-06-28 17:00:00+00:00,DE,onshore,21.5,89,362.0,2.71,-0.7547095802227722,0.656059028990507,28.7,50,329.0,7.88,0.1908089953765448,0.981627183447664,34.7,31,273.0,4.93,-0.992546151641322,0.1218693434051476,33.6,39,338.0,7.91,-0.8290375725550416,0.559192903470747,11.625,open-meteo,2026-08-08T09:59:26+00:00
2026-06-28 18:00:00+00:00,DE,onshore,22.1,85,212.0,4.27,-0.9876883405951378,0.1564344650402306,27.6,54,188.0,6.63,0.3255681544571567,0.9455185755993168,33.5,33,127.0,5.21,-0.9781476007338056,0.2079116908177594,32.2,41,199.0,7.1,-0.6293203910498378,0.7771459614569706,10.85,open-meteo,2026-08-08T09:59:26+00:00
2026-06-28 19:00:00+00:00,DE,onshore,21.1,86,60.0,5.55,-0.9563047559630354,0.2923717047227367,25.5,63,70.0,5.13,0.6819983600624985,0.7313537016191705,31.0,43,68.0,5.04,-0.8746197071393956,0.4848096202463373,30.1,44,75.0,7.98,-0.7431448254773946,0.6691306063588578,8.924999999999997,open-meteo,2026-08-08T09:59:26+00:00
2026-06-28 20:00:00+00:00,DE,onshore,20.5,85,12.0,6.1,-0.9135454576426012,0.4067366430757997,23.3,73,7.0,4.44,0.374606593415912,0.9271838545667874,28.5,47,5.0,4.78,-0.898794046299167,0.4383711467890774,26.9,60,7.0,6.39,-0.2588190451025207,0.9659258262890684,6.799999999999997,open-meteo,2026-08-08T09:59:26+00:00
2026-06-28 21:00:00+00:00,DE,onshore,20.8,82,0.0,5.71,-0.8191520442889918,0.573576436351046,22.8,76,0.0,3.8,0.2079116908177593,0.9781476007338056,28.5,46,0.0,5.89,-0.7193398003386512,0.6946583704589973,25.8,75,0.0,7.6,-0.2588190451025207,0.9659258262890684,6.474999999999998,open-meteo,2026-08-08T09:59:26+00:00
2026-06-28 22:00:00+00:00,DE,onshore,20.5,83,0.0,5.61,-0.945518575599317,0.3255681544571563,21.9,81,0.0,4.0,0.1908089953765448,0.981627183447664,27.2,52,0.0,3.23,-0.5735764363510465,0.8191520442889916,25.1,78,0.0,7.14,0.4226182617406994,0.90630778703665,5.674999999999997,open-meteo,2026-08-08T09:59:26+00:00
2026-06-28 23:00:00+00:00,DE,onshore,20.3,81,0.0,5.59,-0.9659258262890684,0.2588190451025203,21.9,75,0.0,3.14,-2.4492935982947064e-16,1.0,26.2,60,0.0,0.57,0.5150380749100544,-0.8571673007021122,24.5,79,0.0,7.64,0.754709580222772,0.6560590289905073,5.225000000000001,open-meteo,2026-08-08T09:59:26+00:00
2026-06-29 00:00:00+00:00,DE,onshore,20.3,82,0.0,4.61,-0.9998476951563912,0.0174524064372831,20.2,82,0.0,2.65,-0.6293203910498378,0.7771459614569706,25.9,57,0.0,6.36,0.90630778703665,-0.4226182617406993,23.2,83,0.0,5.95,0.9396926207859084,0.3420201433256688,4.400000000000002,open-meteo,2026-08-08T09:59:26+00:00
2026-06-29 01:00:00+00:00,DE,onshore,20.2,83,0.0,5.89,-0.9975640502598242,-0.0697564737441255,19.9,83,0.0,2.1,-0.8829475928589271,0.4694715627858904,25.6,54,0.0,3.83,0.0523359562429438,-0.9986295347545738,22.4,86,0.0,5.46,0.9876883405951378,0.1564344650402309,4.024999999999999,open-meteo,2026-08-08T09:59:26+00:00
2026-06-29 02:00:00+00:00,DE,onshore,20.0,86,0.0,7.33,-0.9902680687415704,-0.1391731009600658,20.1,81,0.0,1.9,-0.5735764363510465,0.8191520442889916,24.6,65,0.0,1.49,-0.3907311284892735,-0.9205048534524404,21.8,87,0.0,5.1,0.9986295347545738,-0.0523359562429438,3.625,open-meteo,2026-08-08T09:59:26+00:00
2026-06-29 03:00:00+00:00,DE,onshore,20.1,89,0.0,6.23,-0.9455185755993168,-0.3255681544571566,18.8,88,1.0,1.82,-0.5877852522924734,0.8090169943749473,24.0,59,0.0,8.25,-0.9975640502598242,-0.0697564737441255,21.3,84,0.0,5.3,0.8829475928589269,-0.4694715627858909,3.0500000000000007,open-meteo,2026-08-08T09:59:26+00:00
2026-06-29 04:00:00+00:00,DE,onshore,19.9,86,15.0,6.11,-0.9271838545667872,-0.3746065934159123,19.3,88,44.0,2.15,-0.5000000000000004,0.8660254037844384,23.1,72,5.0,14.63,-0.898794046299167,0.4383711467890774,21.9,82,24.0,4.68,0.6018150231520482,-0.7986355100472929,3.0500000000000007,open-meteo,2026-08-08T09:59:26+00:00
2026-06-29 05:00:00+00:00,DE,onshore,19.7,86,55.0,7.5,-0.992546151641322,-0.1218693434051471,21.1,88,137.0,3.24,-0.4226182617406992,0.90630778703665,22.7,80,60.0,12.12,-0.8386705679454243,0.5446390350150266,22.9,78,83.0,3.26,0.6946583704589971,-0.7193398003386513,3.6000000000000014,open-meteo,2026-08-08T09:59:26+00:00
2026-06-29 06:00:00+00:00,DE,onshore,19.8,88,93.0,7.56,-0.9975640502598244,0.0697564737441252,23.0,78,221.0,2.57,-0.3090169943749477,0.9510565162951536,20.4,93,47.0,6.25,-0.8191520442889918,0.573576436351046,24.0,74,167.0,2.48,0.1564344650402308,0.9876883405951378,3.799999999999997,open-meteo,2026-08-08T09:59:26+00:00
2026-06-29 07:00:00+00:00,DE,onshore,19.4,86,214.0,4.69,-0.898794046299167,0.4383711467890774,24.1,73,293.0,2.76,-0.2923717047227371,0.9563047559630352,21.3,86,89.0,4.37,-0.7431448254773946,0.6691306063588578,25.4,69,320.0,4.06,-0.6018150231520483,0.7986355100472928,4.549999999999997,open-meteo,2026-08-08T09:59:26+00:00
2026-06-29 08:00:00+00:00,DE,onshore,20.0,83,376.0,5.2,-0.6946583704589976,0.7193398003386509,24.9,70,380.0,3.9,-0.4226182617406992,0.90630778703665,21.9,84,185.0,4.35,-0.9205048534524404,0.3907311284892735,24.6,74,201.0,7.62,-0.898794046299167,0.4383711467890774,4.850000000000001,open-meteo,2026-08-08T09:59:26+00:00
2026-06-29 09:00:00+00:00,DE,onshore,19.9,83,442.0,5.53,-0.3907311284892739,0.9205048534524404,25.8,64,443.0,4.59,-0.3420201433256686,0.9396926207859084,23.1,73,399.0,2.71,-0.9743700647852352,-0.2249510543438652,20.5,87,153.0,13.13,-0.8090169943749476,0.5877852522924729,4.325000000000003,open-meteo,2026-08-08T09:59:26+00:00
2026-06-29 10:00:00+00:00,DE,onshore,20.1,77,680.0,5.42,-0.2923717047227371,0.9563047559630352,25.2,66,291.0,8.33,-0.6560590289905074,0.7547095802227719,24.3,67,490.0,4.39,-0.8746197071393956,0.4848096202463373,20.2,89,141.0,8.76,0.1736481776669303,0.984807753012208,4.449999999999999,open-meteo,2026-08-08T09:59:26+00:00
2026-06-29 11:00:00+00:00,DE,onshore,20.0,73,772.0,5.3,-0.3255681544571567,0.9455185755993168,22.3,73,190.0,8.02,-0.544639035015027,0.838670567945424,25.5,62,604.0,4.37,-0.7193398003386512,0.6946583704589973,20.1,91,155.0,5.99,-0.1908089953765446,0.981627183447664,3.9750000000000014,open-meteo,2026-08-08T09:59:26+00:00
2026-06-29 12:00:00+00:00,DE,onshore,20.5,59,775.0,5.95,-0.3420201433256686,0.9396926207859084,20.3,86,237.0,4.99,-0.7313537016191703,0.6819983600624987,27.0,52,555.0,4.33,-0.6156614753256582,0.7880107536067221,20.7,87,258.0,4.31,-0.3583679495453007,0.9335804264972016,4.125,open-meteo,2026-08-08T09:59:26+00:00
2026-06-29 13:00:00+00:00,DE,onshore,20.3,60,793.0,6.45,-0.3420201433256686,0.9396926207859084,20.4,90,212.0,2.43,-0.6427876096865396,0.7660444431189778,28.0,48,622.0,3.63,-0.6156614753256582,0.7880107536067221,21.7,81,345.0,4.03,-0.3090169943749477,0.9510565162951536,4.600000000000001,open-meteo,2026-08-08T09:59:26+00:00
2026-06-29 14:00:00+00:00,DE,onshore,20.1,63,763.0,6.75,-0.4383711467890778,0.8987940462991668,20.1,90,118.0,2.77,-0.1391731009600658,0.9902680687415704,28.5,46,508.0,3.54,-0.6691306063588581,0.7431448254773944,22.1,78,335.0,4.82,-0.4067366430758001,0.9135454576426008,4.700000000000003,open-meteo,2026-08-08T09:59:26+00:00
2026-06-29 15:00:00+00:00,DE,onshore,20.2,64,666.0,5.7,-0.3255681544571567,0.9455185755993168,19.5,87,100.0,4.75,-0.3746065934159123,0.9271838545667872,28.9,45,547.0,4.12,-0.4226182617406992,0.90630778703665,21.6,76,171.0,5.06,-0.529919264233205,0.8480480961564258,4.549999999999997,open-meteo,2026-08-08T09:59:26+00:00
2026-06-29 16:00:00+00:00,DE,onshore,20.1,62,536.0,4.8,-0.2079116908177598,0.9781476007338056,20.1,87,221.0,3.88,-0.7071067811865477,0.7071067811865474,28.5,48,350.0,4.25,-0.4848096202463369,0.8746197071393959,20.9,81,148.0,4.3,-0.6819983600624984,0.7313537016191707,4.399999999999999,open-meteo,2026-08-08T09:59:26+00:00
2026-06-29 17:00:00+00:00,DE,onshore,19.9,64,392.0,4.83,-0.1045284632676534,0.9945218953682732,20.0,78,158.0,4.54,-0.544639035015027,0.838670567945424,27.0,58,290.0,5.09,-0.2756373558169989,0.9612616959383188,21.3,80,149.0,2.06,-0.0523359562429443,0.9986295347545738,4.050000000000001,open-meteo,2026-08-08T09:59:26+00:00
2026-06-29 18:00:00+00:00,DE,onshore,20.0,64,244.0,5.32,-0.1045284632676534,0.9945218953682732,19.6,84,98.0,2.98,-0.6946583704589976,0.7193398003386509,26.5,56,130.0,4.8,-0.0174524064372835,0.9998476951563912,21.5,74,155.0,1.33,0.5877852522924731,0.8090169943749475,3.899999999999999,open-meteo,2026-08-08T09:59:26+00:00
2026-06-29 19:00:00+00:00,DE,onshore,19.8,66,114.0,5.3,-0.0523359562429443,0.9986295347545738,19.2,88,53.0,3.4,-0.6560590289905074,0.7547095802227719,25.5,61,58.0,5.4,-0.2756373558169989,0.9612616959383188,20.7,84,70.0,2.23,0.2588190451025207,0.9659258262890684,3.3000000000000007,open-meteo,2026-08-08T09:59:26+00:00
2026-06-29 20:00:00+00:00,DE,onshore,19.8,64,22.0,4.33,-0.0871557427476583,0.9961946980917455,18.3,92,6.0,4.67,-0.544639035015027,0.838670567945424,24.4,63,4.0,4.57,-0.1736481776669304,0.984807753012208,19.5,88,6.0,2.26,0.0348994967025009,0.9993908270190958,2.5,open-meteo,2026-08-08T09:59:26+00:00
2026-06-29 21:00:00+00:00,DE,onshore,19.7,65,0.0,4.54,0.1218693434051474,0.992546151641322,18.1,95,0.0,6.8,-0.5877852522924734,0.8090169943749473,23.3,72,0.0,4.0,0.374606593415912,0.9271838545667874,18.8,93,0.0,2.56,0.1218693434051474,0.992546151641322,1.974999999999998,open-meteo,2026-08-08T09:59:26+00:00
2026-06-29 22:00:00+00:00,DE,onshore,19.6,65,0.0,4.23,0.0871557427476581,0.9961946980917455,17.3,88,0.0,5.82,-0.544639035015027,0.838670567945424,23.1,69,0.0,5.35,0.2419218955996677,0.9702957262759964,18.4,94,0.0,2.91,0.6691306063588582,0.7431448254773942,1.6000000000000014,open-meteo,2026-08-08T09:59:26+00:00
2026-06-29 23:00:00+00:00,DE,onshore,19.4,66,0.0,3.47,0.2756373558169991,0.9612616959383188,16.2,83,0.0,5.63,-0.5150380749100545,0.8571673007021121,22.5,73,0.0,6.09,0.4694715627858908,0.882947592858927,18.2,94,0.0,2.23,0.6156614753256583,0.7880107536067219,1.0749999999999993,open-meteo,2026-08-08T09:59:26+00:00
2026-06-30 00:00:00+00:00,DE,onshore,19.1,67,0.0,2.76,0.9563047559630354,0.2923717047227367,14.8,87,0.0,6.38,-0.7313537016191703,0.6819983600624987,21.8,75,0.0,4.96,0.4999999999999999,0.8660254037844387,16.9,96,0.0,2.2,0.5299192642332049,0.848048096156426,0.1499999999999985,open-meteo,2026-08-08T09:59:26+00:00
2026-06-30 01:00:00+00:00,DE,onshore,18.6,71,0.0,3.52,0.9743700647852352,-0.224951054343865,14.0,89,0.0,6.26,-0.6427876096865396,0.7660444431189778,20.9,80,0.0,3.81,0.4383711467890774,0.898794046299167,16.4,97,0.0,2.7,0.3255681544571567,0.9455185755993168,0.5249999999999986,open-meteo,2026-08-08T09:59:26+00:00
2026-06-30 02:00:00+00:00,DE,onshore,18.5,68,0.0,3.15,0.9961946980917455,-0.0871557427476582,13.5,91,0.0,6.43,-0.6156614753256582,0.7880107536067221,20.5,82,0.0,4.3,0.6819983600624985,0.7313537016191705,16.3,97,0.0,3.29,0.6018150231520483,0.7986355100472928,0.8000000000000007,open-meteo,2026-08-08T09:59:26+00:00
2026-06-30 03:00:00+00:00,DE,onshore,18.6,68,0.0,3.31,0.9781476007338056,0.2079116908177594,12.5,91,1.0,5.18,-0.4848096202463369,0.8746197071393959,20.0,85,0.0,2.99,0.6560590289905073,0.754709580222772,15.4,99,0.0,2.81,0.8746197071393957,0.4848096202463371,1.375,open-meteo,2026-08-08T09:59:26+00:00
2026-06-30 04:00:00+00:00,DE,onshore,18.6,69,22.0,3.76,0.9659258262890684,0.2588190451025207,12.8,91,45.0,4.34,-0.4694715627858908,0.882947592858927,19.8,87,7.0,3.34,0.5299192642332049,0.848048096156426,15.7,100,28.0,4.04,0.9205048534524404,0.3907311284892737,1.2749999999999986,open-meteo,2026-08-08T09:59:26+00:00
2026-06-30 05:00:00+00:00,DE,onshore,18.6,67,79.0,3.83,0.9975640502598242,0.0697564737441252,14.6,89,153.0,2.59,-0.1908089953765446,0.981627183447664,20.7,82,73.0,4.12,0.788010753606722,0.6156614753256583,17.5,92,121.0,4.21,0.90630778703665,0.4226182617406994,0.1499999999999985,open-meteo,2026-08-08T09:59:26+00:00
2026-06-30 06:00:00+00:00,DE,onshore,18.5,70,178.0,4.77,0.9876883405951378,-0.1564344650402308,16.9,80,294.0,2.69,0.1736481776669303,0.984807753012208,22.2,76,204.0,2.56,0.7313537016191705,0.6819983600624985,19.3,75,264.0,2.91,0.6691306063588582,0.7431448254773942,1.224999999999998,open-meteo,2026-08-08T09:59:26+00:00
2026-06-30 07:00:00+00:00,DE,onshore,18.6,70,277.0,4.41,0.9986295347545738,-0.0523359562429438,18.7,76,446.0,1.84,0.4226182617406994,0.90630778703665,23.5,73,325.0,1.88,0.7771459614569709,0.6293203910498374,20.8,66,415.0,2.95,0.9945218953682732,0.1045284632676534,2.3999999999999986,open-meteo,2026-08-08T09:59:26+00:00
2026-06-30 08:00:00+00:00,DE,onshore,19.0,67,337.0,4.84,0.992546151641322,0.1218693434051474,20.6,74,591.0,2.15,0.7313537016191705,0.6819983600624985,24.6,69,347.0,2.61,0.8290375725550417,0.5591929034707468,22.5,61,558.0,3.16,0.992546151641322,-0.1218693434051473,3.6750000000000007,open-meteo,2026-08-08T09:59:26+00:00
2026-06-30 09:00:00+00:00,DE,onshore,19.7,66,325.0,4.7,0.9998476951563912,0.0174524064372836,22.6,53,707.0,1.83,0.9612616959383188,0.2756373558169991,26.5,60,428.0,2.18,0.8090169943749475,0.5877852522924731,24.5,51,681.0,2.37,0.992546151641322,-0.1218693434051473,5.324999999999999,open-meteo,2026-08-08T09:59:26+00:00
2026-06-30 10:00:00+00:00,DE,onshore,20.0,63,341.0,5.88,0.9998476951563912,0.0174524064372836,23.7,47,804.0,1.67,1.0,6.123233995736766e-17,28.1,53,588.0,1.88,0.7771459614569709,0.6293203910498374,25.9,47,779.0,2.16,0.9986295347545738,-0.0523359562429438,6.425000000000004,open-meteo,2026-08-08T09:59:26+00:00
2026-06-30 11:00:00+00:00,DE,onshore,20.3,63,471.0,6.77,0.9993908270190958,-0.0348994967025009,24.7,46,850.0,0.97,0.7071067811865475,0.7071067811865476,29.4,47,697.0,1.82,0.8090169943749475,0.5877852522924731,26.9,44,833.0,2.67,0.8829475928589269,0.4694715627858908,7.325000000000003,open-meteo,2026-08-08T09:59:26+00:00
2026-06-30 12:00:00+00:00,DE,onshore,20.5,64,574.0,6.49,0.9961946980917455,0.0871557427476581,25.6,46,850.0,1.24,0.3090169943749474,0.9510565162951536,29.3,47,740.0,1.74,0.2756373558169991,0.9612616959383188,27.6,43,828.0,2.15,0.7313537016191705,0.6819983600624985,7.75,open-meteo,2026-08-08T09:59:26+00:00
2026-06-30 13:00:00+00:00,DE,onshore,21.0,62,576.0,7.5,0.992546151641322,0.1218693434051474,26.2,38,807.0,1.88,0.4694715627858908,0.882947592858927,29.5,45,378.0,1.67,-2.4492935982947064e-16,1.0,28.1,39,614.0,1.9,0.9781476007338056,0.2079116908177594,8.200000000000003,open-meteo,2026-08-08T09:59:26+00:00
2026-06-30 14:00:00+00:00,DE,onshore,21.3,62,492.0,6.83,0.9902680687415704,0.1391731009600654,26.5,45,719.0,2.43,0.7313537016191705,0.6819983600624985,30.6,40,598.0,1.18,0.4067366430758002,0.9135454576426008,28.2,39,553.0,2.85,0.754709580222772,0.6560590289905073,8.650000000000002,open-meteo,2026-08-08T09:59:26+00:00
2026-06-30 15:00:00+00:00,DE,onshore,21.5,60,266.0,7.25,0.9993908270190958,-0.0348994967025009,26.5,42,548.0,2.29,0.3420201433256687,0.9396926207859084,30.9,41,478.0,4.08,0.4999999999999999,0.8660254037844387,28.2,37,317.0,1.89,0.9335804264972016,0.3583679495453004,8.775000000000002,open-meteo,2026-08-08T09:59:26+00:00
2026-06-30 16:00:00+00:00,DE,onshore,21.1,64,200.0,7.25,1.0,6.123233995736766e-17,25.1,48,423.0,4.82,0.9743700647852352,0.2249510543438649,30.1,41,246.0,3.21,0.6156614753256583,0.7880107536067219,27.3,40,172.0,2.42,0.9335804264972016,0.3583679495453004,7.900000000000002,open-meteo,2026-08-08T09:59:26+00:00
2026-06-30 17:00:00+00:00,DE,onshore,21.2,67,161.0,6.0,0.9961946980917455,-0.0871557427476582,24.4,51,329.0,5.88,0.7986355100472928,0.6018150231520483,25.5,68,53.0,1.77,0.9455185755993168,0.3255681544571567,25.9,46,57.0,5.45,0.9510565162951536,0.3090169943749474,6.25,open-meteo,2026-08-08T09:59:26+00:00
2026-06-30 18:00:00+00:00,DE,onshore,20.8,71,68.0,6.58,0.9986295347545738,0.0523359562429439,22.8,56,177.0,6.49,0.8290375725550417,0.5591929034707468,28.3,53,130.0,1.55,0.3090169943749474,0.9510565162951536,25.9,47,94.0,4.59,0.9396926207859084,0.3420201433256688,6.450000000000003,open-meteo,2026-08-08T09:59:26+00:00
2026-06-30 19:00:00+00:00,DE,onshore,20.5,74,34.0,7.19,0.981627183447664,0.1908089953765449,21.0,60,72.0,6.9,0.9205048534524404,0.3907311284892737,24.9,76,16.0,1.89,-0.3583679495453004,-0.9335804264972016,24.7,45,33.0,5.55,0.9335804264972016,0.3583679495453004,4.775000000000002,open-meteo,2026-08-08T09:59:26+00:00
2026-06-30 20:00:00+00:00,DE,onshore,20.0,78,12.0,6.62,0.8910065241883679,-0.4539904997395467,19.5,68,5.0,7.33,0.9902680687415704,0.1391731009600654,23.2,83,2.0,4.08,-0.8191520442889916,-0.5735764363510464,23.3,48,3.0,5.16,0.9702957262759964,0.2419218955996676,3.5,open-meteo,2026-08-08T09:59:26+00:00
2026-06-30 21:00:00+00:00,DE,onshore,20.0,82,0.0,4.87,0.9659258262890684,-0.2588190451025208,18.2,71,0.0,5.75,0.9205048534524404,0.3907311284892737,22.3,84,0.0,2.56,-0.6819983600624984,0.7313537016191707,21.6,63,0.0,3.64,0.9702957262759964,0.2419218955996676,2.5249999999999986,open-meteo,2026-08-08T09:59:26+00:00
2026-06-30 22:00:00+00:00,DE,onshore,19.5,83,0.0,4.31,1.0,6.123233995736766e-17,17.7,74,0.0,5.94,0.9743700647852352,0.2249510543438649,22.0,86,0.0,0.63,-0.7771459614569706,-0.6293203910498378,20.6,71,0.0,3.29,0.4539904997395468,-0.8910065241883678,1.9500000000000028,open-meteo,2026-08-08T09:59:26+00:00
2026-06-30 23:00:00+00:00,DE,onshore,19.0,85,0.0,5.17,0.8910065241883679,-0.4539904997395467,17.3,76,0.0,5.03,0.992546151641322,0.1218693434051474,21.9,87,0.0,2.02,-0.9205048534524404,-0.3907311284892738,19.5,82,0.0,1.38,-0.9975640502598242,-0.0697564737441255,1.4249999999999972,open-meteo,2026-08-08T09:59:26+00:00
2026-07-01 00:00:00+00:00,DE,onshore,19.5,84,0.0,4.3,0.6560590289905073,-0.754709580222772,15.7,85,0.0,2.1,0.8829475928589269,0.4694715627858908,21.1,89,0.0,2.08,-0.754709580222772,-0.6560590289905073,19.3,81,0.0,6.06,-0.2419218955996678,0.9702957262759964,0.9000000000000021,open-meteo,2026-08-08T09:59:26+00:00
2026-07-01 01:00:00+00:00,DE,onshore,19.1,88,0.0,4.71,0.7313537016191706,-0.6819983600624984,15.5,90,0.0,2.68,0.4067366430758002,0.9135454576426008,21.0,88,0.0,6.48,-0.9975640502598244,0.0697564737441252,18.7,87,0.0,3.96,0.9876883405951378,0.1564344650402309,0.5749999999999993,open-meteo,2026-08-08T09:59:26+00:00
2026-07-01 02:00:00+00:00,DE,onshore,19.0,89,0.0,3.92,0.6018150231520482,-0.7986355100472929,15.3,89,0.0,3.19,0.3090169943749474,0.9510565162951536,20.1,84,0.0,8.83,-0.7660444431189781,0.6427876096865393,18.2,93,0.0,0.71,0.2756373558169991,0.9612616959383188,0.1499999999999985,open-meteo,2026-08-08T09:59:26+00:00
2026-07-01 03:00:00+00:00,DE,onshore,18.9,89,0.0,3.1,0.8191520442889917,-0.5735764363510462,15.1,95,0.0,5.13,0.6819983600624985,0.7313537016191705,19.3,82,0.0,5.61,-0.4539904997395469,0.8910065241883678,18.0,93,0.0,2.29,0.3420201433256687,0.9396926207859084,0.1750000000000007,open-meteo,2026-08-08T09:59:26+00:00
2026-07-01 04:00:00+00:00,DE,onshore,19.1,86,16.0,1.52,0.9659258262890684,-0.2588190451025208,15.7,93,28.0,6.37,0.8571673007021123,0.5150380749100542,18.7,85,6.0,3.88,-0.6819983600624984,0.7313537016191707,18.5,93,7.0,3.88,0.7313537016191705,0.6819983600624985,0.0,open-meteo,2026-08-08T09:59:26+00:00
2026-07-01 05:00:00+00:00,DE,onshore,19.4,83,73.0,2.94,0.8660254037844386,0.5000000000000001,16.9,89,92.0,4.65,0.8660254037844386,0.5000000000000001,18.9,85,65.0,2.12,-0.8290375725550416,0.559192903470747,18.6,93,27.0,4.56,0.9659258262890684,0.2588190451025207,0.4499999999999993,open-meteo,2026-08-08T09:59:26+00:00
2026-07-01 06:00:00+00:00,DE,onshore,18.5,93,100.0,5.17,0.7986355100472928,0.6018150231520483,17.8,89,148.0,2.48,-0.3090169943749477,0.9510565162951536,19.3,83,128.0,3.23,-0.8191520442889918,0.573576436351046,18.7,92,45.0,1.92,-0.9659258262890684,0.2588190451025203,0.5749999999999993,open-meteo,2026-08-08T09:59:26+00:00
2026-07-01 07:00:00+00:00,DE,onshore,18.2,89,137.0,4.08,0.4999999999999999,0.8660254037844387,19.0,83,170.0,2.94,-2.4492935982947064e-16,1.0,19.7,80,170.0,4.48,-0.9205048534524404,0.3907311284892735,18.5,93,68.0,3.38,-0.8660254037844386,0.5000000000000001,0.8500000000000014,open-meteo,2026-08-08T09:59:26+00:00
2026-07-01 08:00:00+00:00,DE,onshore,18.6,83,203.0,4.78,0.4383711467890774,0.898794046299167,19.6,80,183.0,3.27,0.1564344650402308,0.9876883405951378,21.3,75,283.0,6.79,-0.8829475928589271,0.4694715627858904,19.0,90,182.0,2.33,-0.3746065934159123,0.9271838545667872,1.625,open-meteo,2026-08-08T09:59:26+00:00
2026-07-01 09:00:00+00:00,DE,onshore,18.6,80,352.0,3.64,0.4539904997395468,0.8910065241883679,20.7,72,241.0,2.95,0.2588190451025207,0.9659258262890684,22.3,66,430.0,6.04,-0.8090169943749476,0.5877852522924729,19.8,85,285.0,2.84,-0.6946583704589976,0.7193398003386509,2.349999999999998,open-meteo,2026-08-08T09:59:26+00:00
2026-07-01 10:00:00+00:00,DE,onshore,19.2,75,458.0,2.88,0.573576436351046,0.8191520442889918,21.4,66,372.0,2.98,0.1564344650402308,0.9876883405951378,24.0,57,635.0,6.05,-0.7660444431189781,0.6427876096865393,20.5,81,359.0,3.34,-0.7660444431189781,0.6427876096865393,3.2749999999999986,open-meteo,2026-08-08T09:59:26+00:00
2026-07-01 11:00:00+00:00,DE,onshore,19.6,71,687.0,1.04,-0.7547095802227722,0.656059028990507,22.4,55,510.0,3.59,0.2923717047227367,0.9563047559630354,25.4,48,698.0,5.63,-0.7660444431189781,0.6427876096865393,20.9,80,381.0,3.78,-0.9335804264972016,0.3583679495453004,4.075000000000003,open-meteo,2026-08-08T09:59:26+00:00
2026-07-01 12:00:00+00:00,DE,onshore,20.6,68,748.0,5.57,-0.4067366430758001,0.9135454576426008,23.2,50,570.0,3.97,0.3420201433256687,0.9396926207859084,25.8,44,713.0,5.36,-0.7660444431189781,0.6427876096865393,23.1,70,481.0,3.6,-0.8746197071393956,0.4848096202463373,5.174999999999997,open-meteo,2026-08-08T09:59:26+00:00
2026-07-01 13:00:00+00:00,DE,onshore,19.8,78,773.0,8.92,-0.3907311284892739,0.9205048534524404,23.3,48,501.0,3.55,0.4067366430758002,0.9135454576426008,26.8,39,724.0,4.45,-0.7660444431189781,0.6427876096865393,22.7,70,360.0,5.83,-0.9396926207859084,0.342020143325669,5.150000000000002,open-meteo,2026-08-08T09:59:26+00:00
2026-07-01 14:00:00+00:00,DE,onshore,19.7,74,750.0,8.75,-0.3746065934159123,0.9271838545667872,23.2,45,292.0,2.02,0.484809620246337,0.8746197071393957,26.9,34,644.0,4.92,-0.6819983600624984,0.7313537016191707,23.1,65,404.0,4.78,-0.8829475928589271,0.4694715627858904,5.225000000000001,open-meteo,2026-08-08T09:59:26+00:00
2026-07-01 15:00:00+00:00,DE,onshore,19.5,70,655.0,9.31,-0.5000000000000004,0.8660254037844384,22.7,51,244.0,2.14,0.2756373558169991,0.9612616959383188,27.3,32,530.0,5.68,-0.8090169943749476,0.5877852522924729,23.4,62,312.0,4.08,-0.984807753012208,0.1736481776669299,5.225000000000001,open-meteo,2026-08-08T09:59:26+00:00
2026-07-01 16:00:00+00:00,DE,onshore,19.3,71,531.0,7.67,-0.4539904997395469,0.8910065241883678,22.3,55,175.0,4.9,0.0348994967025009,0.9993908270190958,26.8,32,409.0,4.12,-0.4226182617406992,0.90630778703665,24.1,56,352.0,5.08,-0.945518575599317,0.3255681544571563,5.125,open-meteo,2026-08-08T09:59:26+00:00
2026-07-01 17:00:00+00:00,DE,onshore,19.2,72,389.0,8.0,-0.5150380749100545,0.8571673007021121,21.7,55,184.0,4.59,0.3420201433256687,0.9396926207859084,26.6,34,324.0,3.8,-0.5735764363510465,0.8191520442889916,24.1,51,259.0,4.86,-0.8829475928589271,0.4694715627858904,4.899999999999999,open-meteo,2026-08-08T09:59:26+00:00
2026-07-01 18:00:00+00:00,DE,onshore,19.2,73,244.0,8.03,-0.5000000000000004,0.8660254037844384,20.3,70,103.0,4.85,0.2419218955996677,0.9702957262759964,25.8,37,190.0,4.52,-0.6560590289905074,0.7547095802227719,21.5,80,102.0,8.92,0.2923717047227367,0.9563047559630354,3.6999999999999993,open-meteo,2026-08-08T09:59:26+00:00
2026-07-01 19:00:00+00:00,DE,onshore,19.1,76,112.0,7.72,-0.544639035015027,0.838670567945424,19.3,76,47.0,2.55,-0.0348994967025008,0.9993908270190958,24.1,41,68.0,5.11,-0.3420201433256686,0.9396926207859084,19.2,73,64.0,5.1,0.0348994967025009,0.9993908270190958,2.4250000000000007,open-meteo,2026-08-08T09:59:26+00:00
2026-07-01 20:00:00+00:00,DE,onshore,19.1,76,21.0,7.16,-0.5000000000000004,0.8660254037844384,17.8,83,5.0,3.59,-0.1908089953765446,0.981627183447664,22.7,45,4.0,6.24,-0.3746065934159123,0.9271838545667872,17.6,90,7.0,3.21,0.2079116908177593,0.9781476007338056,1.3000000000000045,open-meteo,2026-08-08T09:59:26+00:00
2026-07-01 21:00:00+00:00,DE,onshore,18.9,78,0.0,5.25,-0.544639035015027,0.838670567945424,17.1,82,0.0,4.08,-0.5735764363510465,0.8191520442889916,22.1,49,0.0,6.78,0.1908089953765448,0.981627183447664,16.7,88,0.0,0.83,0.7071067811865475,0.7071067811865476,0.6999999999999993,open-meteo,2026-08-08T09:59:26+00:00
2026-07-01 22:00:00+00:00,DE,onshore,18.8,75,0.0,3.51,-0.5877852522924734,0.8090169943749473,16.2,89,0.0,5.27,-0.7313537016191703,0.6819983600624987,21.8,50,0.0,5.56,0.2419218955996677,0.9702957262759964,15.6,97,0.0,3.86,-0.5877852522924734,0.8090169943749473,0.0999999999999978,open-meteo,2026-08-08T09:59:26+00:00
2026-07-01 23:00:00+00:00,DE,onshore,18.8,75,0.0,2.89,-0.8829475928589271,0.4694715627858904,15.4,94,0.0,5.82,-0.8090169943749476,0.5877852522924729,21.2,53,0.0,5.46,0.1564344650402308,0.9876883405951378,15.4,97,0.0,4.16,-0.7071067811865477,0.7071067811865474,0.2999999999999971,open-meteo,2026-08-08T09:59:26+00:00
2026-07-02 00:00:00+00:00,DE,onshore,18.3,78,0.0,2.31,-0.9781476007338056,-0.2079116908177598,14.7,94,0.0,5.39,-0.8910065241883679,0.4539904997395466,20.1,56,0.0,3.63,0.0348994967025009,0.9993908270190958,14.6,96,0.0,4.56,-0.9063077870366498,0.4226182617406996,1.0749999999999993,open-meteo,2026-08-08T09:59:26+00:00
2026-07-02 01:00:00+00:00,DE,onshore,18.3,76,0.0,3.19,-0.6819983600624984,-0.7313537016191706,14.1,95,0.0,5.22,-0.9205048534524404,0.3907311284892735,18.0,68,0.0,1.5,-0.529919264233205,0.8480480961564258,14.1,96,0.0,5.02,-0.9563047559630354,0.2923717047227367,1.875,open-meteo,2026-08-08T09:59:26+00:00
2026-07-02 02:00:00+00:00,DE,onshore,18.6,77,0.0,4.66,-0.374606593415912,-0.9271838545667874,13.7,96,0.0,5.69,-0.981627183447664,0.1908089953765451,16.2,73,0.0,2.02,-0.8746197071393956,0.4848096202463373,13.7,96,0.0,4.75,-0.9702957262759966,0.2419218955996674,2.45,open-meteo,2026-08-08T09:59:26+00:00
2026-07-02 03:00:00+00:00,DE,onshore,18.7,75,0.0,7.55,-0.5000000000000001,-0.8660254037844386,13.3,97,1.0,5.59,-0.9993908270190958,0.0348994967025012,15.0,75,0.0,1.12,-0.7880107536067218,0.6156614753256585,12.9,97,0.0,4.37,-0.9396926207859084,0.342020143325669,3.0250000000000004,open-meteo,2026-08-08T09:59:26+00:00
2026-07-02 04:00:00+00:00,DE,onshore,18.6,75,17.0,9.03,-0.4383711467890774,-0.8987940462991669,14.0,97,42.0,5.2,-0.9993908270190958,-0.0348994967025007,14.7,76,7.0,1.08,-0.9961946980917455,0.0871557427476578,13.3,95,29.0,3.94,-0.9945218953682734,0.1045284632676529,2.8500000000000014,open-meteo,2026-08-08T09:59:26+00:00
2026-07-02 05:00:00+00:00,DE,onshore,18.6,79,79.0,10.83,-0.4226182617406993,-0.90630778703665,16.0,90,150.0,5.52,-0.9945218953682734,-0.1045284632676533,16.1,74,82.0,1.81,-0.9743700647852352,0.2249510543438649,15.3,89,127.0,4.25,-0.9902680687415704,-0.1391731009600658,1.5,open-meteo,2026-08-08T09:59:26+00:00
2026-07-02 06:00:00+00:00,DE,onshore,19.0,86,109.0,13.06,-0.4383711467890774,-0.8987940462991669,17.8,86,289.0,4.09,-0.9335804264972016,-0.3583679495453007,19.5,58,219.0,2.36,-0.9961946980917455,0.0871557427476578,17.8,80,266.0,3.27,-0.7771459614569706,-0.6293203910498378,0.5249999999999986,open-meteo,2026-08-08T09:59:26+00:00
2026-07-02 07:00:00+00:00,DE,onshore,19.3,82,127.0,12.89,-0.4226182617406993,-0.90630778703665,19.5,76,390.0,4.65,-0.882947592858927,-0.4694715627858907,21.7,50,382.0,3.05,-0.9945218953682734,0.1045284632676529,20.2,71,417.0,3.99,-0.882947592858927,-0.4694715627858907,2.1750000000000007,open-meteo,2026-08-08T09:59:26+00:00
2026-07-02 08:00:00+00:00,DE,onshore,19.6,80,130.0,14.3,-0.3583679495453004,-0.9335804264972016,20.7,67,455.0,6.36,-0.90630778703665,-0.4226182617406991,23.5,46,545.0,4.09,-0.9563047559630354,0.2923717047227367,21.8,64,549.0,5.46,-0.9335804264972016,-0.3583679495453007,3.3999999999999986,open-meteo,2026-08-08T09:59:26+00:00
2026-07-02 09:00:00+00:00,DE,onshore,20.3,76,226.0,15.03,-0.5735764363510462,-0.8191520442889918,22.2,57,581.0,6.67,-0.913545457642601,-0.4067366430758001,25.7,38,687.0,4.4,-0.9335804264972016,0.3583679495453004,23.2,53,588.0,5.79,-0.9455185755993168,-0.3255681544571566,4.850000000000001,open-meteo,2026-08-08T09:59:26+00:00
2026-07-02 10:00:00+00:00,DE,onshore,19.4,80,85.0,16.08,-0.7313537016191703,-0.6819983600624986,23.2,50,729.0,6.84,-0.90630778703665,-0.4226182617406991,26.8,32,797.0,5.11,-0.9396926207859084,0.342020143325669,24.8,47,660.0,5.83,-0.90630778703665,-0.4226182617406991,5.549999999999997,open-meteo,2026-08-08T09:59:26+00:00
2026-07-02 11:00:00+00:00,DE,onshore,19.2,86,79.0,17.85,-0.9702957262759964,-0.2419218955996677,24.1,42,798.0,7.01,-0.8910065241883678,-0.4539904997395469,27.7,30,865.0,6.19,-0.981627183447664,0.1908089953765451,25.9,39,760.0,7.6,-0.9659258262890684,-0.2588190451025206,6.225000000000001,open-meteo,2026-08-08T09:59:26+00:00
2026-07-02 12:00:00+00:00,DE,onshore,18.6,82,87.0,15.64,-0.9702957262759964,-0.2419218955996677,24.6,40,763.0,6.98,-0.7880107536067221,-0.6156614753256581,28.1,25,889.0,6.43,-0.9902680687415704,-0.1391731009600658,26.0,37,632.0,8.46,-0.9396926207859084,-0.3420201433256685,6.325000000000003,open-meteo,2026-08-08T09:59:26+00:00
2026-07-02 13:00:00+00:00,DE,onshore,18.9,81,263.0,15.95,-0.981627183447664,-0.1908089953765446,24.0,44,407.0,7.21,-0.7313537016191703,-0.6819983600624986,28.7,25,870.0,6.17,-1.0,-1.8369701987210287e-16,26.1,38,478.0,7.67,-0.8910065241883678,-0.4539904997395469,6.424999999999997,open-meteo,2026-08-08T09:59:26+00:00
2026-07-02 14:00:00+00:00,DE,onshore,19.0,80,532.0,15.62,-0.9781476007338056,-0.2079116908177598,23.9,45,259.0,9.51,-0.882947592858927,-0.4694715627858907,28.6,28,773.0,7.55,-0.9998476951563912,-0.0174524064372834,25.1,42,320.0,10.12,-0.9975640502598242,-0.0697564737441255,6.149999999999999,open-meteo,2026-08-08T09:59:26+00:00
2026-07-02 15:00:00+00:00,DE,onshore,18.5,80,349.0,17.54,-0.9993908270190958,-0.0348994967025007,23.8,49,168.0,8.73,-0.7193398003386512,-0.6946583704589973,28.7,26,686.0,7.67,-0.9961946980917455,-0.0871557427476582,25.1,44,145.0,9.8,-0.9998476951563912,0.0174524064372831,6.024999999999999,open-meteo,2026-08-08T09:59:26+00:00
2026-07-02 16:00:00+00:00,DE,onshore,19.1,74,395.0,15.53,-0.9961946980917455,-0.0871557427476582,22.8,51,123.0,10.52,-0.9961946980917455,0.0871557427476578,28.5,27,535.0,8.43,-0.9998476951563912,0.0174524064372831,21.3,65,83.0,10.41,-0.9781476007338056,0.2079116908177594,4.925000000000001,open-meteo,2026-08-08T09:59:26+00:00
2026-07-02 17:00:00+00:00,DE,onshore,19.1,79,180.0,15.0,-0.9993908270190958,-0.0348994967025007,19.7,72,24.0,10.38,-0.981627183447664,-0.1908089953765446,27.6,30,340.0,8.33,-0.9998476951563912,-0.0174524064372834,21.0,66,83.0,9.61,-0.9993908270190958,0.0348994967025012,3.8500000000000014,open-meteo,2026-08-08T09:59:26+00:00
2026-07-02 18:00:00+00:00,DE,onshore,18.1,77,114.0,16.58,-0.9135454576426012,0.4067366430757997,18.9,81,14.0,10.41,-0.9876883405951375,-0.156434465040231,26.8,35,201.0,8.05,-0.984807753012208,0.1736481776669299,20.2,77,63.0,9.88,-0.992546151641322,0.1218693434051476,3.0,open-meteo,2026-08-08T09:59:26+00:00
2026-07-02 19:00:00+00:00,DE,onshore,18.6,67,64.0,18.14,-0.8829475928589271,0.4694715627858904,18.1,82,12.0,9.36,-0.9945218953682734,0.1045284632676529,25.3,37,73.0,6.4,-0.9961946980917455,0.0871557427476578,19.5,79,39.0,8.96,-0.9743700647852352,0.2249510543438649,2.375,open-meteo,2026-08-08T09:59:26+00:00
2026-07-02 20:00:00+00:00,DE,onshore,18.7,66,17.0,17.62,-0.8829475928589271,0.4694715627858904,17.0,81,4.0,10.4,-0.9986295347545738,0.0523359562429439,24.1,45,3.0,6.39,-0.5877852522924734,0.8090169943749473,18.9,70,4.0,10.13,-0.9563047559630354,0.2923717047227367,1.6750000000000007,open-meteo,2026-08-08T09:59:26+00:00
2026-07-02 21:00:00+00:00,DE,onshore,17.5,72,0.0,17.28,-0.9135454576426012,0.4067366430757997,16.5,76,0.0,11.37,-0.9998476951563912,-0.0174524064372834,22.7,59,0.0,7.15,-0.2249510543438653,0.9743700647852352,17.3,73,0.0,9.36,-0.9743700647852352,0.2249510543438649,0.5,open-meteo,2026-08-08T09:59:26+00:00
2026-07-02 22:00:00+00:00,DE,onshore,17.7,70,0.0,15.87,-0.8386705679454243,0.5446390350150266,16.2,76,0.0,12.07,-0.9986295347545738,0.0523359562429439,21.6,61,0.0,7.19,-0.2923717047227371,0.9563047559630352,16.6,70,0.0,10.79,-0.9702957262759966,0.2419218955996674,0.0249999999999985,open-meteo,2026-08-08T09:59:26+00:00
2026-07-02 23:00:00+00:00,DE,onshore,18.1,75,0.0,16.87,-0.898794046299167,0.4383711467890774,15.4,76,0.0,12.55,-0.9902680687415704,0.1391731009600654,20.6,66,0.0,7.82,-0.2588190451025207,0.9659258262890684,15.8,75,0.0,10.15,-0.9271838545667874,0.3746065934159119,0.5249999999999986,open-meteo,2026-08-08T09:59:26+00:00
2026-07-03 00:00:00+00:00,DE,onshore,17.5,69,0.0,16.61,-0.8910065241883679,0.4539904997395466,14.9,78,0.0,12.43,-0.992546151641322,0.1218693434051476,19.8,70,0.0,6.88,-0.1908089953765446,0.981627183447664,15.5,79,0.0,8.38,-0.981627183447664,0.1908089953765451,1.0749999999999993,open-meteo,2026-08-08T09:59:26+00:00
2026-07-03 01:00:00+00:00,DE,onshore,17.8,71,0.0,16.44,-0.8746197071393956,0.4848096202463373,14.1,77,0.0,12.96,-0.9975640502598244,0.0697564737441252,19.3,71,0.0,6.23,-0.1391731009600658,0.9902680687415704,14.2,85,0.0,8.45,-0.9975640502598244,0.0697564737441252,1.6499999999999986,open-meteo,2026-08-08T09:59:26+00:00
2026-07-03 02:00:00+00:00,DE,onshore,17.9,66,0.0,16.44,-0.9135454576426012,0.4067366430757997,13.7,79,0.0,12.58,-0.9975640502598244,0.0697564737441252,18.8,74,0.0,4.53,-0.3746065934159123,0.9271838545667872,13.7,82,0.0,9.71,-0.9986295347545738,-0.0523359562429443,1.9750000000000016,open-meteo,2026-08-08T09:59:26+00:00
2026-07-03 03:00:00+00:00,DE,onshore,17.3,69,0.0,16.4,-0.8746197071393956,0.4848096202463373,13.3,78,1.0,11.56,-0.9998476951563912,-0.0174524064372834,17.7,73,0.0,3.99,-0.4694715627858908,0.882947592858927,13.4,86,0.0,9.06,-0.9945218953682734,-0.1045284632676533,2.575000000000001,open-meteo,2026-08-08T09:59:26+00:00
2026-07-03 04:00:00+00:00,DE,onshore,17.3,70,18.0,15.39,-0.8571673007021123,0.5150380749100542,13.8,77,40.0,12.0,-0.9961946980917455,-0.0871557427476582,16.5,77,7.0,3.47,-0.2756373558169989,0.9612616959383188,13.5,86,30.0,9.73,-0.9961946980917455,-0.0871557427476582,2.725,open-meteo,2026-08-08T09:59:26+00:00
2026-07-03 05:00:00+00:00,DE,onshore,17.7,67,98.0,16.4,-0.9135454576426012,0.4067366430757997,14.5,74,135.0,13.33,-0.9993908270190958,-0.0348994967025007,16.8,73,83.0,3.53,-0.3255681544571567,0.9455185755993168,14.5,81,132.0,9.13,-0.9975640502598242,-0.0697564737441255,2.125,open-meteo,2026-08-08T09:59:26+00:00
2026-07-03 06:00:00+00:00,DE,onshore,17.1,68,190.0,15.52,-0.9063077870366498,0.4226182617406996,15.3,67,258.0,15.49,-0.981627183447664,0.1908089953765451,18.0,59,223.0,4.37,-0.1564344650402311,0.9876883405951375,15.7,76,249.0,8.54,-0.9876883405951375,-0.156434465040231,1.474999999999998,open-meteo,2026-08-08T09:59:26+00:00
2026-07-03 07:00:00+00:00,DE,onshore,17.1,67,317.0,14.59,-0.8386705679454243,0.5446390350150266,16.3,60,326.0,14.47,-0.981627183447664,0.1908089953765451,19.1,51,388.0,3.05,-0.1045284632676534,0.9945218953682732,16.7,71,243.0,9.9,-0.9993908270190958,0.0348994967025012,0.6999999999999993,open-meteo,2026-08-08T09:59:26+00:00
2026-07-03 08:00:00+00:00,DE,onshore,17.7,65,361.0,15.69,-0.8829475928589271,0.4694715627858904,17.5,51,474.0,16.9,-0.9612616959383188,0.2756373558169994,20.4,45,551.0,2.59,-0.4226182617406992,0.90630778703665,17.6,68,348.0,11.24,-0.992546151641322,0.1218693434051476,0.3000000000000007,open-meteo,2026-08-08T09:59:26+00:00
2026-07-03 09:00:00+00:00,DE,onshore,17.1,72,433.0,15.62,-0.9135454576426012,0.4067366430757997,17.5,53,450.0,15.97,-0.9702957262759966,0.2419218955996674,21.8,43,684.0,2.36,-0.7071067811865477,0.7071067811865474,18.3,66,413.0,9.69,-0.9902680687415704,0.1391731009600654,0.6750000000000007,open-meteo,2026-08-08T09:59:26+00:00
2026-07-03 10:00:00+00:00,DE,onshore,17.4,65,641.0,16.05,-0.8746197071393956,0.4848096202463373,18.1,50,471.0,16.27,-0.945518575599317,0.3255681544571563,23.4,37,792.0,3.2,-0.7660444431189781,0.6427876096865393,18.7,60,425.0,12.3,-0.945518575599317,0.3255681544571563,1.3999999999999986,open-meteo,2026-08-08T09:59:26+00:00
2026-07-03 11:00:00+00:00,DE,onshore,17.0,71,532.0,15.79,-0.8386705679454243,0.5446390350150266,19.6,41,575.0,15.99,-0.9563047559630354,0.2923717047227367,24.4,31,843.0,3.74,-0.6819983600624984,0.7313537016191707,19.5,57,463.0,12.98,-0.9510565162951536,0.3090169943749472,2.125,open-meteo,2026-08-08T09:59:26+00:00
2026-07-03 12:00:00+00:00,DE,onshore,16.5,72,753.0,14.68,-0.9063077870366498,0.4226182617406996,20.0,40,655.0,15.15,-0.945518575599317,0.3255681544571563,24.8,27,840.0,3.95,-0.7431448254773946,0.6691306063588578,19.9,50,581.0,13.28,-0.8910065241883679,0.4539904997395466,2.299999999999997,open-meteo,2026-08-08T09:59:26+00:00
2026-07-03 13:00:00+00:00,DE,onshore,17.0,70,376.0,15.18,-0.8746197071393956,0.4848096202463373,20.9,38,657.0,15.59,-0.9659258262890684,0.2588190451025203,25.7,24,851.0,4.64,-0.6946583704589976,0.7193398003386509,21.1,46,461.0,11.66,-0.9063077870366498,0.4226182617406996,3.174999999999997,open-meteo,2026-08-08T09:59:26+00:00
2026-07-03 14:00:00+00:00,DE,onshore,17.7,65,265.0,14.11,-0.8910065241883679,0.4539904997395466,20.3,41,577.0,15.43,-0.9510565162951536,0.3090169943749472,26.1,18,820.0,4.47,-0.6156614753256582,0.7880107536067221,21.0,50,467.0,10.76,-0.9396926207859084,0.342020143325669,3.2749999999999986,open-meteo,2026-08-08T09:59:26+00:00
2026-07-03 15:00:00+00:00,DE,onshore,16.9,66,379.0,12.8,-0.9063077870366498,0.4226182617406996,19.2,45,506.0,15.24,-0.945518575599317,0.3255681544571563,26.0,19,708.0,4.33,-0.6156614753256582,0.7880107536067221,20.6,50,343.0,12.06,-0.9563047559630354,0.2923717047227367,2.674999999999997,open-meteo,2026-08-08T09:59:26+00:00
2026-07-03 16:00:00+00:00,DE,onshore,17.1,68,276.0,11.77,-0.9205048534524404,0.3907311284892735,18.8,46,433.0,13.79,-0.9396926207859084,0.342020143325669,25.6,24,559.0,4.19,-0.6018150231520483,0.7986355100472928,20.7,49,321.0,11.92,-0.898794046299167,0.4383711467890774,2.5500000000000007,open-meteo,2026-08-08T09:59:26+00:00
2026-07-03 17:00:00+00:00,DE,onshore,17.6,65,141.0,12.31,-0.7986355100472932,0.6018150231520479,17.8,48,301.0,13.17,-0.945518575599317,0.3255681544571563,25.1,30,386.0,3.33,-0.7313537016191703,0.6819983600624987,19.9,54,257.0,10.12,-0.898794046299167,0.4383711467890774,2.1000000000000014,open-meteo,2026-08-08T09:59:26+00:00
2026-07-03 18:00:00+00:00,DE,onshore,16.8,73,91.0,10.16,-0.8290375725550416,0.559192903470747,17.4,52,179.0,13.73,-0.9563047559630354,0.2923717047227367,24.7,32,218.0,2.18,-0.1391731009600658,0.9902680687415704,19.2,54,141.0,9.58,-0.8571673007021123,0.5150380749100542,1.525000000000002,open-meteo,2026-08-08T09:59:26+00:00
2026-07-03 19:00:00+00:00,DE,onshore,17.0,73,51.0,11.98,-0.8660254037844386,0.5000000000000001,16.7,57,63.0,12.92,-0.9396926207859084,0.342020143325669,23.0,40,76.0,2.08,0.3255681544571567,0.9455185755993168,18.1,59,65.0,8.86,-0.8386705679454243,0.5446390350150266,0.7000000000000028,open-meteo,2026-08-08T09:59:26+00:00
2026-07-03 20:00:00+00:00,DE,onshore,16.8,68,12.0,10.54,-0.8386705679454243,0.5446390350150266,15.5,63,6.0,13.54,-0.9396926207859084,0.342020143325669,20.5,46,5.0,1.8,0.7071067811865475,0.7071067811865476,16.3,68,7.0,8.84,-0.8090169943749476,0.5877852522924729,0.7250000000000014,open-meteo,2026-08-08T09:59:26+00:00
2026-07-03 21:00:00+00:00,DE,onshore,16.4,71,0.0,11.41,-0.8191520442889918,0.573576436351046,14.7,65,0.0,12.39,-0.981627183447664,0.1908089953765451,18.8,48,0.0,1.79,0.1564344650402308,0.9876883405951378,15.6,72,0.0,8.4,-0.7431448254773946,0.6691306063588578,1.625,open-meteo,2026-08-08T09:59:26+00:00
2026-07-03 22:00:00+00:00,DE,onshore,16.3,67,0.0,9.64,-0.7880107536067218,0.6156614753256585,14.0,68,0.0,12.1,-0.9876883405951378,0.1564344650402306,18.2,53,0.0,0.42,0.7071067811865475,0.7071067811865476,14.5,76,0.0,8.13,-0.8090169943749476,0.5877852522924729,2.25,open-meteo,2026-08-08T09:59:26+00:00
2026-07-03 23:00:00+00:00,DE,onshore,16.6,70,0.0,9.65,-0.8386705679454243,0.5446390350150266,13.3,74,0.0,11.51,-0.9781476007338056,0.2079116908177594,16.3,53,0.0,2.64,0.374606593415912,0.9271838545667874,13.5,82,0.0,8.2,-0.8829475928589271,0.4694715627858904,3.075,open-meteo,2026-08-08T09:59:26+00:00
2026-07-04 00:00:00+00:00,DE,onshore,16.4,74,0.0,10.17,-0.9063077870366498,0.4226182617406996,13.4,74,0.0,11.26,-0.9743700647852352,0.2249510543438649,15.5,59,0.0,4.78,0.4694715627858908,0.882947592858927,12.8,85,0.0,8.28,-0.898794046299167,0.4383711467890774,3.4750000000000014,open-meteo,2026-08-08T09:59:26+00:00
2026-07-04 01:00:00+00:00,DE,onshore,16.9,74,0.0,9.14,-0.9563047559630354,0.2923717047227367,13.1,77,0.0,10.53,-0.9781476007338056,0.2079116908177594,15.1,66,0.0,2.94,0.4999999999999999,0.8660254037844387,12.1,89,0.0,7.28,-0.9563047559630354,0.2923717047227367,3.6999999999999993,open-meteo,2026-08-08T09:59:26+00:00
2026-07-04 02:00:00+00:00,DE,onshore,17.0,73,0.0,10.97,-0.9563047559630354,0.2923717047227367,13.1,79,0.0,10.24,-0.984807753012208,0.1736481776669299,13.7,74,0.0,0.92,0.5299192642332049,0.848048096156426,11.5,93,0.0,8.15,-0.9975640502598244,0.0697564737441252,4.175000000000001,open-meteo,2026-08-08T09:59:26+00:00
2026-07-04 03:00:00+00:00,DE,onshore,17.3,72,0.0,10.3,-0.9335804264972016,0.3583679495453004,13.4,78,1.0,10.52,-0.9876883405951378,0.1564344650402306,12.3,79,0.0,0.62,-0.9510565162951536,-0.3090169943749475,11.5,92,0.0,7.78,-0.981627183447664,0.1908089953765451,4.375,open-meteo,2026-08-08T09:59:26+00:00
2026-07-04 04:00:00+00:00,DE,onshore,17.3,78,8.0,11.56,-0.9396926207859084,0.342020143325669,13.3,79,28.0,9.74,-0.984807753012208,0.1736481776669299,12.7,76,7.0,1.1,-0.984807753012208,-0.1736481776669303,11.7,91,25.0,7.22,-0.9902680687415704,0.1391731009600654,4.25,open-meteo,2026-08-08T09:59:26+00:00
2026-07-04 05:00:00+00:00,DE,onshore,17.6,73,51.0,10.08,-0.9743700647852352,0.2249510543438649,13.7,73,98.0,9.72,-0.9781476007338056,0.2079116908177594,13.9,72,72.0,2.16,-0.9986295347545738,0.0523359562429439,12.8,86,101.0,5.56,-0.9876883405951375,-0.156434465040231,3.5,open-meteo,2026-08-08T09:59:26+00:00
2026-07-04 06:00:00+00:00,DE,onshore,16.6,84,47.0,9.45,-0.9961946980917455,0.0871557427476578,14.5,74,174.0,9.27,-0.9743700647852352,0.2249510543438649,17.3,55,202.0,2.56,-0.992546151641322,0.1218693434051476,14.1,82,174.0,4.83,-0.9945218953682734,-0.1045284632676533,2.3749999999999982,open-meteo,2026-08-08T09:59:26+00:00
2026-07-04 07:00:00+00:00,DE,onshore,17.1,85,63.0,9.55,-0.984807753012208,-0.1736481776669303,15.5,69,341.0,10.13,-0.9063077870366498,0.4226182617406996,20.7,44,385.0,2.87,-0.9902680687415704,0.1391731009600654,15.0,77,206.0,5.46,-0.9876883405951375,-0.156434465040231,0.9250000000000008,open-meteo,2026-08-08T09:59:26+00:00
2026-07-04 08:00:00+00:00,DE,onshore,17.0,83,71.0,8.76,-0.8910065241883678,-0.4539904997395469,16.8,62,408.0,9.12,-0.9335804264972016,0.3583679495453004,22.1,43,549.0,4.0,-0.9563047559630354,0.2923717047227367,16.0,74,234.0,4.9,-1.0,-1.8369701987210287e-16,0.0249999999999985,open-meteo,2026-08-08T09:59:26+00:00
2026-07-04 09:00:00+00:00,DE,onshore,16.1,91,94.0,7.27,-0.6946583704589974,-0.7193398003386511,17.4,60,394.0,9.32,-0.9659258262890684,0.2588190451025203,23.5,37,690.0,4.25,-0.9902680687415704,0.1391731009600654,17.0,69,306.0,6.9,-0.981627183447664,0.1908089953765451,0.5,open-meteo,2026-08-08T09:59:26+00:00
2026-07-04 10:00:00+00:00,DE,onshore,16.3,84,110.0,6.99,-0.5150380749100542,-0.8571673007021123,18.8,53,562.0,9.15,-0.9612616959383188,0.2756373558169994,24.8,33,801.0,4.93,-0.9563047559630354,0.2923717047227367,18.5,60,391.0,7.4,-0.981627183447664,0.1908089953765451,1.6000000000000014,open-meteo,2026-08-08T09:59:26+00:00
2026-07-04 11:00:00+00:00,DE,onshore,16.9,83,75.0,8.49,-0.6293203910498376,-0.7771459614569708,20.3,46,674.0,8.9,-0.9063077870366498,0.4226182617406996,26.0,30,873.0,4.77,-0.945518575599317,0.3255681544571563,17.7,67,377.0,6.76,-0.9993908270190958,-0.0348994967025007,2.2250000000000014,open-meteo,2026-08-08T09:59:26+00:00
2026-07-04 12:00:00+00:00,DE,onshore,16.3,84,55.0,6.11,-0.754709580222772,-0.6560590289905073,20.7,46,678.0,9.03,-0.9743700647852352,0.2249510543438649,27.0,23,898.0,5.02,-0.9563047559630354,0.2923717047227367,16.3,78,203.0,5.59,-0.9659258262890684,-0.2588190451025206,2.075,open-meteo,2026-08-08T09:59:26+00:00
2026-07-04 13:00:00+00:00,DE,onshore,17.5,84,137.0,8.21,-0.9563047559630352,-0.2923717047227371,20.8,48,612.0,9.15,-0.9743700647852352,0.2249510543438649,27.4,25,876.0,5.01,-0.9986295347545738,0.0523359562429439,15.5,81,137.0,4.43,-0.90630778703665,-0.4226182617406991,2.299999999999997,open-meteo,2026-08-08T09:59:26+00:00
2026-07-04 14:00:00+00:00,DE,onshore,18.0,84,378.0,10.58,-0.9998476951563912,0.0174524064372831,20.1,52,428.0,11.31,-0.9876883405951378,0.1564344650402306,28.0,23,799.0,5.65,-0.9876883405951378,0.1564344650402306,15.5,82,104.0,3.11,-0.4694715627858908,-0.8829475928589269,2.3999999999999986,open-meteo,2026-08-08T09:59:26+00:00
2026-07-04 15:00:00+00:00,DE,onshore,17.9,82,205.0,12.2,-0.9961946980917455,0.0871557427476578,19.4,60,398.0,9.34,-0.9961946980917455,-0.0871557427476582,28.2,20,686.0,5.92,-0.9781476007338056,0.2079116908177594,15.9,83,103.0,3.16,-0.275637355816999,-0.9612616959383188,2.3500000000000014,open-meteo,2026-08-08T09:59:26+00:00
2026-07-04 16:00:00+00:00,DE,onshore,18.1,83,142.0,14.26,-0.981627183447664,0.1908089953765451,18.1,66,301.0,9.65,-0.9945218953682734,-0.1045284632676533,28.7,22,544.0,5.79,-0.9986295347545738,0.0523359562429439,16.0,84,102.0,5.63,-0.2249510543438649,-0.9743700647852352,2.2250000000000014,open-meteo,2026-08-08T09:59:26+00:00
2026-07-04 17:00:00+00:00,DE,onshore,17.9,78,159.0,14.54,-0.9563047559630354,0.2923717047227367,17.1,72,156.0,8.23,-0.9781476007338056,-0.2079116908177598,27.6,21,384.0,7.61,-0.9781476007338056,-0.2079116908177598,16.3,83,113.0,5.58,-0.3090169943749473,-0.9510565162951536,1.7250000000000014,open-meteo,2026-08-08T09:59:26+00:00
2026-07-04 18:00:00+00:00,DE,onshore,17.4,84,180.0,13.3,-0.9335804264972016,0.3583679495453004,16.0,79,53.0,7.08,-0.9271838545667872,-0.3746065934159123,27.2,25,220.0,5.17,-0.945518575599317,0.3255681544571563,16.5,88,20.0,5.65,-0.4383711467890774,-0.8987940462991669,1.2749999999999986,open-meteo,2026-08-08T09:59:26+00:00
2026-07-04 19:00:00+00:00,DE,onshore,17.3,81,46.0,11.64,-0.9271838545667874,0.3746065934159119,15.6,84,18.0,7.19,-0.9396926207859084,-0.3420201433256685,25.1,27,78.0,6.71,-0.992546151641322,-0.1218693434051471,16.5,91,10.0,7.97,-0.9335804264972016,-0.3583679495453007,0.625,open-meteo,2026-08-08T09:59:26+00:00
2026-07-04 20:00:00+00:00,DE,onshore,17.6,82,5.0,10.15,-0.9659258262890684,0.2588190451025203,15.1,87,2.0,6.57,-0.8910065241883678,-0.4539904997395469,22.7,32,5.0,6.48,-0.9975640502598242,-0.0697564737441255,17.2,89,0.0,8.12,-0.9396926207859084,0.342020143325669,0.1500000000000021,open-meteo,2026-08-08T09:59:26+00:00
2026-07-04 21:00:00+00:00,DE,onshore,17.9,86,0.0,11.39,-0.9986295347545738,0.0523359562429439,15.0,88,0.0,6.35,-0.9396926207859084,-0.3420201433256685,20.7,43,0.0,5.17,-0.984807753012208,-0.1736481776669303,16.6,90,0.0,8.13,-0.9743700647852352,0.2249510543438649,0.4500000000000028,open-meteo,2026-08-08T09:59:26+00:00
2026-07-04 22:00:00+00:00,DE,onshore,17.9,89,0.0,11.95,-1.0,-1.8369701987210287e-16,14.8,90,0.0,6.64,-0.9271838545667872,-0.3746065934159123,20.4,42,0.0,6.97,-0.9975640502598242,-0.0697564737441255,16.5,86,0.0,8.43,-0.9396926207859084,0.342020143325669,0.6000000000000014,open-meteo,2026-08-08T09:59:26+00:00
2026-07-04 23:00:00+00:00,DE,onshore,18.2,88,0.0,12.74,-0.9998476951563912,-0.0174524064372834,14.7,92,0.0,7.2,-0.9271838545667872,-0.3746065934159123,20.1,44,0.0,7.28,-0.9961946980917455,0.0871557427476578,16.3,88,0.0,8.2,-0.9659258262890684,0.2588190451025203,0.6750000000000007,open-meteo,2026-08-08T09:59:26+00:00
2026-07-05 00:00:00+00:00,DE,onshore,17.7,93,0.0,12.4,-0.9961946980917455,0.0871557427476578,15.2,89,0.0,8.24,-0.9986295347545738,-0.0523359562429443,19.8,47,0.0,6.8,-0.9781476007338056,0.2079116908177594,15.8,94,0.0,7.56,-0.9975640502598244,0.0697564737441252,0.875,open-meteo,2026-08-08T09:59:26+00:00
2026-07-05 01:00:00+00:00,DE,onshore,18.0,87,0.0,14.04,-0.9135454576426012,0.4067366430757997,15.0,88,0.0,8.93,-0.9986295347545738,-0.0523359562429443,19.4,47,0.0,7.28,-0.981627183447664,0.1908089953765451,15.9,93,0.0,7.38,-0.9961946980917455,-0.0871557427476582,0.9250000000000008,open-meteo,2026-08-08T09:59:26+00:00
2026-07-05 02:00:00+00:00,DE,onshore,17.9,85,0.0,14.96,-0.8480480961564262,0.5299192642332047,15.0,84,0.0,9.02,-0.9993908270190958,0.0348994967025012,19.1,48,0.0,7.01,-0.9781476007338056,0.2079116908177594,15.8,93,0.0,7.5,-0.992546151641322,-0.1218693434051471,1.0500000000000007,open-meteo,2026-08-08T09:59:26+00:00
2026-07-05 03:00:00+00:00,DE,onshore,17.7,82,0.0,13.56,-0.8191520442889918,0.573576436351046,14.9,87,0.0,7.91,-0.9902680687415704,-0.1391731009600658,18.6,51,0.0,6.9,-0.992546151641322,0.1218693434051476,16.0,94,0.0,7.96,-0.984807753012208,-0.1736481776669303,1.1999999999999993,open-meteo,2026-08-08T09:59:26+00:00
2026-07-05 04:00:00+00:00,DE,onshore,17.1,80,17.0,12.07,-0.8090169943749476,0.5877852522924729,14.9,92,6.0,7.19,-0.8987940462991668,-0.4383711467890777,18.8,52,4.0,7.25,-1.0,-1.8369701987210287e-16,16.5,92,5.0,8.67,-0.984807753012208,-0.1736481776669303,1.1750000000000007,open-meteo,2026-08-08T09:59:26+00:00
2026-07-05 05:00:00+00:00,DE,onshore,16.9,81,90.0,10.78,-0.7986355100472932,0.6018150231520479,15.2,93,13.0,9.96,-0.9659258262890684,-0.2588190451025206,19.7,52,43.0,7.79,-0.9945218953682734,0.1045284632676529,16.9,90,27.0,9.72,-0.9975640502598244,0.0697564737441252,0.8250000000000028,open-meteo,2026-08-08T09:59:26+00:00
2026-07-05 06:00:00+00:00,DE,onshore,17.1,79,186.0,10.1,-0.7771459614569708,0.6293203910498375,16.2,88,69.0,10.96,-0.9743700647852352,0.2249510543438649,20.8,52,140.0,6.65,-0.9702957262759966,0.2419218955996674,17.0,89,38.0,9.6,-0.9902680687415704,0.1391731009600654,0.2250000000000014,open-meteo,2026-08-08T09:59:26+00:00
2026-07-05 07:00:00+00:00,DE,onshore,17.3,77,335.0,8.91,-0.7660444431189781,0.6427876096865393,16.3,81,145.0,11.39,-0.9271838545667874,0.3746065934159119,22.4,49,354.0,5.04,-0.9743700647852352,0.2249510543438649,17.8,84,162.0,11.48,-0.8910065241883679,0.4539904997395466,0.4499999999999993,open-meteo,2026-08-08T09:59:26+00:00
2026-07-05 08:00:00+00:00,DE,onshore,17.1,79,438.0,8.7,-0.8290375725550416,0.559192903470747,16.8,75,177.0,13.93,-0.8571673007021123,0.5150380749100542,23.7,48,478.0,4.44,-0.9271838545667874,0.3746065934159119,18.6,78,341.0,11.0,-0.9063077870366498,0.4226182617406996,1.0500000000000045,open-meteo,2026-08-08T09:59:26+00:00
2026-07-05 09:00:00+00:00,DE,onshore,17.4,76,399.0,9.82,-0.8746197071393956,0.4848096202463373,16.6,74,277.0,13.02,-0.8829475928589271,0.4694715627858904,24.3,48,537.0,4.5,-0.9396926207859084,0.342020143325669,19.3,74,494.0,9.9,-0.898794046299167,0.4383711467890774,1.3999999999999986,open-meteo,2026-08-08T09:59:26+00:00
2026-07-05 10:00:00+00:00,DE,onshore,17.6,78,391.0,10.16,-0.8290375725550416,0.559192903470747,17.7,69,297.0,13.83,-0.8290375725550416,0.559192903470747,25.7,44,477.0,5.77,-0.9335804264972016,0.3583679495453004,20.4,70,610.0,9.21,-0.9135454576426012,0.4067366430757997,2.3500000000000014,open-meteo,2026-08-08T09:59:26+00:00
2026-07-05 11:00:00+00:00,DE,onshore,17.1,80,462.0,8.02,-0.7771459614569708,0.6293203910498375,18.5,65,544.0,12.8,-0.7986355100472932,0.6018150231520479,26.1,44,535.0,4.8,-0.9396926207859084,0.342020143325669,21.0,63,556.0,8.7,-0.8290375725550416,0.559192903470747,2.6750000000000007,open-meteo,2026-08-08T09:59:26+00:00
2026-07-05 12:00:00+00:00,DE,onshore,17.1,83,492.0,8.04,-0.8290375725550416,0.559192903470747,18.9,65,473.0,10.65,-0.8910065241883679,0.4539904997395466,26.1,46,372.0,5.68,-0.9335804264972016,0.3583679495453004,21.8,58,559.0,8.59,-0.8191520442889918,0.573576436351046,2.9750000000000014,open-meteo,2026-08-08T09:59:26+00:00
2026-07-05 13:00:00+00:00,DE,onshore,17.2,79,510.0,8.67,-0.8290375725550416,0.559192903470747,19.6,58,507.0,11.99,-0.945518575599317,0.3255681544571563,22.4,70,342.0,7.86,-0.5877852522924734,0.8090169943749473,22.0,55,603.0,9.38,-0.8910065241883679,0.4539904997395466,2.299999999999997,open-meteo,2026-08-08T09:59:26+00:00
2026-07-05 14:00:00+00:00,DE,onshore,16.9,79,513.0,8.37,-0.8386705679454243,0.5446390350150266,20.4,52,500.0,13.38,-0.8746197071393956,0.4848096202463373,20.3,79,185.0,6.82,-0.9612616959383188,0.2756373558169994,22.1,53,547.0,9.85,-0.8571673007021123,0.5150380749100542,1.9249999999999967,open-meteo,2026-08-08T09:59:26+00:00
2026-07-05 15:00:00+00:00,DE,onshore,17.3,76,573.0,9.13,-0.8386705679454243,0.5446390350150266,20.5,51,483.0,12.8,-0.9063077870366498,0.4226182617406996,21.4,77,272.0,2.84,-1.0,-1.8369701987210287e-16,21.7,56,384.0,8.32,-0.8910065241883679,0.4539904997395466,2.224999999999998,open-meteo,2026-08-08T09:59:26+00:00
2026-07-05 16:00:00+00:00,DE,onshore,17.3,76,403.0,9.38,-0.8290375725550416,0.559192903470747,20.2,50,412.0,12.88,-0.8191520442889918,0.573576436351046,21.9,77,236.0,2.67,-0.9902680687415704,-0.1391731009600658,21.4,55,363.0,9.11,-0.8480480961564262,0.5299192642332047,2.2,open-meteo,2026-08-08T09:59:26+00:00
2026-07-05 17:00:00+00:00,DE,onshore,16.9,76,267.0,9.36,-0.7313537016191703,0.6819983600624987,19.2,56,332.0,11.78,-0.8090169943749476,0.5877852522924729,22.5,74,282.0,3.26,-0.961261695938319,-0.2756373558169989,20.7,60,225.0,8.81,-0.898794046299167,0.4383711467890774,1.8249999999999995,open-meteo,2026-08-08T09:59:26+00:00
2026-07-05 18:00:00+00:00,DE,onshore,16.7,78,193.0,9.56,-0.7193398003386512,0.6946583704589973,18.7,55,176.0,10.67,-0.7193398003386512,0.6946583704589973,22.6,72,191.0,2.65,-0.9993908270190958,0.0348994967025012,20.1,63,162.0,8.11,-0.8910065241883679,0.4539904997395466,1.5249999999999986,open-meteo,2026-08-08T09:59:26+00:00
2026-07-05 19:00:00+00:00,DE,onshore,16.6,75,93.0,8.34,-0.7660444431189781,0.6427876096865393,16.8,52,71.0,9.98,-0.7313537016191703,0.6819983600624987,21.6,76,67.0,3.45,-0.992546151641322,0.1218693434051476,18.8,71,64.0,7.58,-0.9063077870366498,0.4226182617406996,0.4500000000000028,open-meteo,2026-08-08T09:59:26+00:00
2026-07-05 20:00:00+00:00,DE,onshore,16.2,78,19.0,7.79,-0.7660444431189781,0.6427876096865393,15.1,70,6.0,9.35,-0.7193398003386512,0.6946583704589973,20.8,80,3.0,4.06,-0.9396926207859084,0.342020143325669,17.3,80,6.0,8.34,-0.9612616959383188,0.2756373558169994,0.6500000000000021,open-meteo,2026-08-08T09:59:26+00:00
2026-07-05 21:00:00+00:00,DE,onshore,16.1,78,0.0,7.88,-0.8480480961564262,0.5299192642332047,13.7,70,0.0,9.52,-0.7986355100472932,0.6018150231520479,20.6,70,0.0,5.57,-0.1736481776669304,0.984807753012208,16.8,82,0.0,8.74,-0.9396926207859084,0.342020143325669,1.1999999999999993,open-meteo,2026-08-08T09:59:26+00:00
2026-07-05 22:00:00+00:00,DE,onshore,16.2,76,0.0,8.08,-0.8571673007021123,0.5150380749100542,12.5,82,0.0,9.2,-0.8910065241883679,0.4539904997395466,19.8,69,0.0,4.0,-0.2923717047227371,0.9563047559630352,16.0,86,0.0,7.24,-0.9205048534524404,0.3907311284892735,1.875,open-meteo,2026-08-08T09:59:26+00:00
2026-07-05 23:00:00+00:00,DE,onshore,16.1,78,0.0,7.51,-0.9271838545667874,0.3746065934159119,12.2,81,0.0,10.82,-0.898794046299167,0.4383711467890774,18.8,74,0.0,3.9,-0.4226182617406992,0.90630778703665,15.0,90,0.0,6.05,-0.8746197071393956,0.4848096202463373,2.475,open-meteo,2026-08-08T09:59:26+00:00
2026-07-06 00:00:00+00:00,DE,onshore,16.3,78,0.0,6.8,-0.9781476007338056,0.2079116908177594,11.6,77,0.0,9.86,-0.9335804264972016,0.3583679495453004,17.4,80,0.0,3.92,-0.529919264233205,0.8480480961564258,15.4,89,0.0,5.22,-0.8829475928589271,0.4694715627858904,2.825000000000001,open-meteo,2026-08-08T09:59:26+00:00
2026-07-06 01:00:00+00:00,DE,onshore,16.6,79,0.0,6.76,-0.9993908270190958,-0.0348994967025007,11.0,80,0.0,9.86,-0.9743700647852352,0.2249510543438649,16.4,88,0.0,2.89,-0.9135454576426012,0.4067366430757997,15.0,89,0.0,6.18,-0.9986295347545738,0.0523359562429439,3.25,open-meteo,2026-08-08T09:59:26+00:00
2026-07-06 02:00:00+00:00,DE,onshore,16.7,83,0.0,6.08,-0.9986295347545738,-0.0523359562429443,10.8,84,0.0,9.36,-0.984807753012208,0.1736481776669299,16.4,88,0.0,3.17,-0.9271838545667874,0.3746065934159119,15.2,86,0.0,7.56,-0.945518575599317,0.3255681544571563,3.2250000000000014,open-meteo,2026-08-08T09:59:26+00:00
2026-07-06 03:00:00+00:00,DE,onshore,17.0,82,0.0,8.06,-0.9510565162951536,-0.3090169943749475,10.4,85,0.0,8.55,-0.984807753012208,0.1736481776669299,16.2,88,0.0,3.47,-0.6819983600624984,0.7313537016191707,14.9,85,0.0,6.44,-0.898794046299167,0.4383711467890774,3.3750000000000018,open-meteo,2026-08-08T09:59:26+00:00
2026-07-06 04:00:00+00:00,DE,onshore,17.2,86,2.0,9.23,-0.9876883405951375,-0.156434465040231,10.6,88,39.0,8.4,-0.992546151641322,0.1218693434051476,15.6,91,5.0,2.02,-0.7771459614569708,0.6293203910498375,14.8,88,18.0,5.52,-0.9945218953682734,0.1045284632676529,3.45,open-meteo,2026-08-08T09:59:26+00:00
2026-07-06 05:00:00+00:00,DE,onshore,17.9,84,7.0,10.22,-0.9702957262759964,-0.2419218955996677,11.7,83,113.0,7.77,-0.9961946980917455,0.0871557427476578,16.1,92,64.0,1.8,-0.9271838545667872,-0.3746065934159123,15.4,87,76.0,4.32,-0.9986295347545738,-0.0523359562429443,2.725,open-meteo,2026-08-08T09:59:26+00:00
2026-07-06 06:00:00+00:00,DE,onshore,16.9,92,15.0,12.2,-0.8290375725550418,-0.5591929034707466,13.2,81,216.0,7.25,-0.9993908270190958,0.0348994967025012,17.7,85,182.0,1.82,-0.8090169943749473,-0.5877852522924732,16.2,83,114.0,4.95,-0.9902680687415704,-0.1391731009600658,2.0,open-meteo,2026-08-08T09:59:26+00:00
2026-07-06 07:00:00+00:00,DE,onshore,18.1,88,65.0,14.34,-0.9902680687415704,-0.1391731009600658,14.5,76,293.0,7.05,-0.9998476951563912,0.0174524064372831,19.6,70,284.0,1.75,-0.8910065241883678,-0.4539904997395469,16.7,82,103.0,5.89,-0.9335804264972016,-0.3583679495453007,0.7749999999999986,open-meteo,2026-08-08T09:59:26+00:00
2026-07-06 08:00:00+00:00,DE,onshore,18.3,90,43.0,13.49,-0.981627183447664,-0.1908089953765446,15.5,74,260.0,6.2,-0.9335804264972016,-0.3583679495453007,21.1,65,433.0,3.38,-0.9563047559630352,-0.2923717047227371,16.7,81,129.0,6.2,-0.9335804264972016,-0.3583679495453007,0.1000000000000014,open-meteo,2026-08-08T09:59:26+00:00
2026-07-06 09:00:00+00:00,DE,onshore,18.2,89,108.0,14.35,-0.9961946980917455,-0.0871557427476582,15.8,77,201.0,6.63,-0.7880107536067221,-0.6156614753256581,22.1,61,544.0,4.83,-0.9945218953682734,-0.1045284632676533,16.2,86,88.0,5.97,-0.754709580222772,-0.6560590289905073,0.0749999999999992,open-meteo,2026-08-08T09:59:26+00:00
2026-07-06 10:00:00+00:00,DE,onshore,18.1,88,64.0,15.43,-0.9975640502598244,0.0697564737441252,16.0,83,217.0,7.72,-0.6427876096865393,-0.766044443118978,23.6,52,630.0,5.24,-0.9563047559630352,-0.2923717047227371,17.1,84,118.0,7.45,-0.7771459614569706,-0.6293203910498378,0.7000000000000028,open-meteo,2026-08-08T09:59:26+00:00
2026-07-06 11:00:00+00:00,DE,onshore,18.4,87,191.0,14.48,-0.9876883405951378,0.1564344650402306,16.1,84,204.0,8.68,-0.656059028990507,-0.7547095802227721,25.4,45,699.0,6.37,-0.9998476951563912,0.0174524064372831,18.3,81,210.0,9.33,-0.8910065241883678,-0.4539904997395469,1.5500000000000007,open-meteo,2026-08-08T09:59:26+00:00
2026-07-06 12:00:00+00:00,DE,onshore,18.1,85,231.0,13.82,-0.9993908270190958,0.0348994967025012,15.9,89,102.0,10.82,-0.7431448254773944,-0.6691306063588581,26.5,40,671.0,5.49,-0.9993908270190958,-0.0348994967025007,18.1,91,157.0,7.27,-0.7986355100472928,-0.6018150231520483,1.6499999999999986,open-meteo,2026-08-08T09:59:26+00:00
2026-07-06 13:00:00+00:00,DE,onshore,18.2,89,343.0,13.62,-0.992546151641322,0.1218693434051476,16.8,83,202.0,10.96,-0.90630778703665,-0.4226182617406991,27.6,39,820.0,5.13,-0.992546151641322,-0.1218693434051471,18.8,89,156.0,6.32,-0.754709580222772,-0.6560590289905073,2.3500000000000014,open-meteo,2026-08-08T09:59:26+00:00
2026-07-06 14:00:00+00:00,DE,onshore,18.0,82,132.0,13.88,-0.9876883405951378,0.1564344650402306,16.7,87,84.0,10.05,-0.7193398003386512,-0.6946583704589973,28.3,37,756.0,5.02,-0.9945218953682734,0.1045284632676529,19.1,86,67.0,8.08,-0.9702957262759964,-0.2419218955996677,2.5249999999999986,open-meteo,2026-08-08T09:59:26+00:00
2026-07-06 15:00:00+00:00,DE,onshore,18.3,81,88.0,13.73,-0.9986295347545738,0.0523359562429439,18.3,85,57.0,9.9,-0.8987940462991668,-0.4383711467890777,27.6,38,425.0,6.08,-0.9986295347545738,0.0523359562429439,19.2,87,52.0,8.34,-0.9743700647852352,-0.2249510543438652,2.8500000000000014,open-meteo,2026-08-08T09:59:26+00:00
2026-07-06 16:00:00+00:00,DE,onshore,18.1,83,88.0,14.56,-0.9961946980917455,0.0871557427476578,18.3,88,73.0,9.14,-0.9455185755993168,-0.3255681544571566,28.0,37,490.0,5.91,-0.9945218953682734,-0.1045284632676533,19.4,84,70.0,8.63,-0.9993908270190958,-0.0348994967025007,2.950000000000003,open-meteo,2026-08-08T09:59:26+00:00
2026-07-06 17:00:00+00:00,DE,onshore,18.0,85,58.0,15.22,-0.9975640502598244,0.0697564737441252,18.0,81,28.0,11.86,-1.0,-1.8369701987210287e-16,27.1,39,284.0,6.88,-0.9961946980917455,-0.0871557427476582,19.1,87,50.0,7.82,-0.9781476007338056,-0.2079116908177598,2.5500000000000007,open-meteo,2026-08-08T09:59:26+00:00
2026-07-06 18:00:00+00:00,DE,onshore,18.0,80,60.0,15.02,-0.992546151641322,0.1218693434051476,17.7,85,41.0,12.74,-0.9998476951563912,0.0174524064372831,26.5,43,134.0,5.99,-0.9659258262890684,-0.2588190451025206,19.2,86,34.0,7.66,-0.9975640502598244,0.0697564737441252,2.3500000000000014,open-meteo,2026-08-08T09:59:26+00:00
2026-07-06 19:00:00+00:00,DE,onshore,18.0,82,24.0,13.55,-0.9902680687415704,0.1391731009600654,17.3,85,14.0,12.46,-0.9986295347545738,0.0523359562429439,24.6,52,70.0,5.74,-0.8910065241883678,-0.4539904997395469,18.9,86,18.0,8.43,-0.9998476951563912,0.0174524064372831,1.6999999999999993,open-meteo,2026-08-08T09:59:26+00:00
2026-07-06 20:00:00+00:00,DE,onshore,18.0,83,7.0,12.64,-0.992546151641322,0.1218693434051476,16.7,86,1.0,10.58,-0.9998476951563912,-0.0174524064372834,22.1,60,4.0,4.62,-0.848048096156426,-0.529919264233205,18.6,86,2.0,9.51,-0.9998476951563912,0.0174524064372831,0.8500000000000014,open-meteo,2026-08-08T09:59:26+00:00
2026-07-06 21:00:00+00:00,DE,onshore,18.0,85,0.0,11.39,-0.9975640502598244,0.0697564737441252,16.4,86,0.0,12.06,-0.9993908270190958,0.0348994967025012,20.6,63,0.0,5.08,-0.90630778703665,-0.4226182617406991,18.6,88,0.0,9.32,-0.9986295347545738,0.0523359562429439,0.3999999999999986,open-meteo,2026-08-08T09:59:26+00:00
2026-07-06 22:00:00+00:00,DE,onshore,17.8,81,0.0,11.38,-0.9986295347545738,0.0523359562429439,16.3,86,0.0,12.25,-0.9993908270190958,0.0348994967025012,19.8,63,0.0,4.17,-0.8660254037844384,-0.5000000000000004,18.4,83,0.0,10.22,-0.9781476007338056,0.2079116908177594,0.0750000000000028,open-meteo,2026-08-08T09:59:26+00:00
2026-07-06 23:00:00+00:00,DE,onshore,18.0,83,0.0,11.37,-0.9998476951563912,0.0174524064372831,16.2,85,0.0,11.46,-0.992546151641322,0.1218693434051476,19.3,63,0.0,4.19,-0.9335804264972016,-0.3583679495453007,17.6,87,0.0,9.22,-0.9986295347545738,0.0523359562429439,0.2250000000000014,open-meteo,2026-08-08T09:59:26+00:00
2026-07-07 00:00:00+00:00,DE,onshore,18.2,84,0.0,10.81,-0.9961946980917455,-0.0871557427476582,16.1,87,0.0,11.18,-0.9993908270190958,-0.0348994967025007,17.9,68,0.0,4.26,-0.9205048534524404,-0.3907311284892738,17.5,87,0.0,8.13,-0.9998476951563912,0.0174524064372831,0.5750000000000028,open-meteo,2026-08-08T09:59:26+00:00
2026-07-07 01:00:00+00:00,DE,onshore,18.2,85,0.0,10.88,-0.9998476951563912,0.0174524064372831,16.1,88,0.0,10.45,-0.9945218953682734,-0.1045284632676533,17.5,68,0.0,4.93,-0.9335804264972016,-0.3583679495453007,17.1,89,0.0,7.15,-0.9876883405951375,-0.156434465040231,0.7749999999999986,open-meteo,2026-08-08T09:59:26+00:00
2026-07-07 02:00:00+00:00,DE,onshore,17.9,83,0.0,12.66,-0.9902680687415704,0.1391731009600654,15.9,89,0.0,10.05,-0.9945218953682734,-0.1045284632676533,17.5,64,0.0,6.54,-0.9876883405951375,-0.156434465040231,16.8,92,0.0,7.1,-0.913545457642601,-0.4067366430758001,0.9750000000000014,open-meteo,2026-08-08T09:59:26+00:00
2026-07-07 03:00:00+00:00,DE,onshore,17.9,84,0.0,13.23,-0.945518575599317,0.3255681544571563,15.7,90,0.0,8.96,-0.9743700647852352,-0.2249510543438652,17.3,67,0.0,5.83,-0.9563047559630352,-0.2923717047227371,16.9,91,0.0,6.54,-0.9455185755993168,-0.3255681544571566,1.0500000000000045,open-meteo,2026-08-08T09:59:26+00:00
2026-07-07 04:00:00+00:00,DE,onshore,17.7,86,5.0,11.81,-0.9876883405951378,0.1564344650402306,15.8,91,8.0,8.67,-0.9510565162951536,-0.3090169943749475,17.1,72,5.0,4.39,-0.874619707139396,-0.4848096202463368,16.9,91,7.0,6.32,-0.913545457642601,-0.4067366430758001,1.125,open-meteo,2026-08-08T09:59:26+00:00
2026-07-07 05:00:00+00:00,DE,onshore,17.8,87,19.0,11.99,-0.9975640502598244,0.0697564737441252,15.7,92,14.0,8.77,-0.90630778703665,-0.4226182617406991,18.3,71,68.0,3.55,-0.882947592858927,-0.4694715627858907,17.3,87,27.0,9.45,-0.9563047559630352,-0.2923717047227371,0.7250000000000014,open-meteo,2026-08-08T09:59:26+00:00
2026-07-07 06:00:00+00:00,DE,onshore,18.0,86,28.0,12.94,-0.992546151641322,-0.1218693434051471,15.6,93,34.0,8.85,-0.882947592858927,-0.4694715627858907,20.0,65,153.0,2.85,-0.961261695938319,-0.2756373558169989,18.0,81,40.0,9.02,-0.9998476951563912,-0.0174524064372834,0.1000000000000014,open-meteo,2026-08-08T09:59:26+00:00
2026-07-07 07:00:00+00:00,DE,onshore,18.1,88,47.0,14.32,-0.984807753012208,-0.1736481776669303,16.4,90,98.0,10.33,-0.9271838545667872,-0.3746065934159123,24.1,49,310.0,3.34,-0.9986295347545738,-0.0523359562429443,18.2,82,149.0,8.88,-0.992546151641322,0.1218693434051476,1.1999999999999993,open-meteo,2026-08-08T09:59:26+00:00
2026-07-07 08:00:00+00:00,DE,onshore,18.1,88,45.0,16.07,-1.0,-1.8369701987210287e-16,16.2,88,46.0,11.28,-0.9993908270190958,-0.0348994967025007,27.2,36,466.0,8.4,-0.992546151641322,-0.1218693434051471,18.5,83,160.0,7.45,-0.9998476951563912,0.0174524064372831,2.0,open-meteo,2026-08-08T09:59:26+00:00
2026-07-07 09:00:00+00:00,DE,onshore,18.2,84,52.0,16.27,-0.9993908270190958,-0.0348994967025007,16.4,87,162.0,11.37,-0.9993908270190958,-0.0348994967025007,28.7,30,550.0,8.24,-0.9993908270190958,-0.0348994967025007,19.4,78,220.0,7.46,-0.9702957262759964,-0.2419218955996677,2.674999999999997,open-meteo,2026-08-08T09:59:26+00:00
2026-07-07 10:00:00+00:00,DE,onshore,17.8,83,110.0,14.69,-0.9876883405951378,0.1564344650402306,16.8,86,170.0,11.63,-0.9781476007338056,-0.2079116908177598,30.4,24,731.0,9.22,-0.9986295347545738,-0.0523359562429443,19.2,80,251.0,5.79,-0.9455185755993168,-0.3255681544571566,3.0500000000000007,open-meteo,2026-08-08T09:59:26+00:00
2026-07-07 11:00:00+00:00,DE,onshore,17.6,87,123.0,15.64,-0.984807753012208,0.1736481776669299,17.0,86,93.0,11.46,-0.9205048534524404,-0.3907311284892738,30.8,22,785.0,9.82,-0.9975640502598242,-0.0697564737441255,21.5,67,491.0,10.27,-0.992546151641322,-0.1218693434051471,3.7250000000000014,open-meteo,2026-08-08T09:59:26+00:00
2026-07-07 12:00:00+00:00,DE,onshore,17.3,88,90.0,15.57,-0.9612616959383188,0.2756373558169994,18.0,79,147.0,13.24,-0.984807753012208,-0.1736481776669303,31.4,24,820.0,10.35,-0.992546151641322,-0.1218693434051471,21.0,64,607.0,10.56,-0.992546151641322,-0.1218693434051471,3.924999999999997,open-meteo,2026-08-08T09:59:26+00:00
2026-07-07 13:00:00+00:00,DE,onshore,17.5,83,93.0,15.09,-0.945518575599317,0.3255681544571563,18.1,77,125.0,12.77,-0.9902680687415704,-0.1391731009600658,31.9,21,736.0,11.18,-0.9986295347545738,-0.0523359562429443,21.1,62,396.0,11.07,-1.0,-1.8369701987210287e-16,4.149999999999999,open-meteo,2026-08-08T09:59:26+00:00
2026-07-07 14:00:00+00:00,DE,onshore,17.6,83,175.0,16.62,-0.9135454576426012,0.4067366430757997,17.8,80,96.0,12.72,-0.992546151641322,-0.1218693434051471,31.3,24,564.0,11.28,-0.9986295347545738,-0.0523359562429443,21.6,61,341.0,10.91,-0.9781476007338056,0.2079116908177594,4.075000000000003,open-meteo,2026-08-08T09:59:26+00:00
2026-07-07 15:00:00+00:00,DE,onshore,17.2,84,256.0,16.21,-0.8571673007021123,0.5150380749100542,17.4,80,74.0,14.04,-0.9902680687415704,0.1391731009600654,30.7,24,447.0,9.98,-0.992546151641322,-0.1218693434051471,21.4,68,116.0,10.44,-0.984807753012208,0.1736481776669299,3.674999999999997,open-meteo,2026-08-08T09:59:26+00:00
2026-07-07 16:00:00+00:00,DE,onshore,16.6,79,201.0,14.9,-0.7771459614569708,0.6293203910498375,16.9,80,72.0,14.25,-0.9961946980917455,0.0871557427476578,30.3,22,257.0,10.81,-0.9975640502598242,-0.0697564737441255,21.2,69,133.0,11.3,-0.8910065241883679,0.4539904997395466,3.25,open-meteo,2026-08-08T09:59:26+00:00
2026-07-07 17:00:00+00:00,DE,onshore,16.8,76,313.0,14.66,-0.7880107536067218,0.6156614753256585,16.6,81,33.0,12.44,-1.0,-1.8369701987210287e-16,29.8,22,245.0,10.38,-0.9902680687415704,0.1391731009600654,19.9,67,62.0,11.57,-0.8829475928589271,0.4694715627858904,2.7749999999999986,open-meteo,2026-08-08T09:59:26+00:00
2026-07-07 18:00:00+00:00,DE,onshore,16.7,77,218.0,13.47,-0.7880107536067218,0.6156614753256585,15.9,85,22.0,12.53,-0.8829475928589271,0.4694715627858904,28.7,23,118.0,10.42,-0.9876883405951378,0.1564344650402306,19.1,74,76.0,9.28,-0.9271838545667874,0.3746065934159119,2.1000000000000014,open-meteo,2026-08-08T09:59:26+00:00
2026-07-07 19:00:00+00:00,DE,onshore,16.4,76,92.0,13.15,-0.7660444431189781,0.6427876096865393,15.4,81,31.0,12.66,-0.898794046299167,0.4383711467890774,27.2,27,41.0,9.29,-0.9702957262759966,0.2419218955996674,18.8,73,24.0,10.87,-0.8829475928589271,0.4694715627858904,1.4499999999999993,open-meteo,2026-08-08T09:59:26+00:00
2026-07-07 20:00:00+00:00,DE,onshore,16.2,72,18.0,12.54,-0.7071067811865477,0.7071067811865474,14.6,72,4.0,12.33,-0.945518575599317,0.3255681544571563,25.5,31,3.0,9.57,-0.981627183447664,0.1908089953765451,18.0,74,2.0,12.5,-0.8480480961564262,0.5299192642332047,0.5749999999999993,open-meteo,2026-08-08T09:59:26+00:00
2026-07-07 21:00:00+00:00,DE,onshore,15.9,75,0.0,12.21,-0.6691306063588581,0.7431448254773944,13.6,76,0.0,12.33,-0.9135454576426012,0.4067366430757997,24.7,33,0.0,8.87,-0.9945218953682734,0.1045284632676529,17.0,84,0.0,8.67,-0.8290375725550416,0.559192903470747,0.1999999999999993,open-meteo,2026-08-08T09:59:26+00:00
2026-07-07 22:00:00+00:00,DE,onshore,15.6,72,0.0,11.64,-0.7193398003386512,0.6946583704589973,12.7,78,0.0,12.12,-0.9396926207859084,0.342020143325669,23.6,35,0.0,8.12,-0.9902680687415704,0.1391731009600654,16.6,84,0.0,9.15,-0.7193398003386512,0.6946583704589973,0.875,open-meteo,2026-08-08T09:59:26+00:00
2026-07-07 23:00:00+00:00,DE,onshore,15.5,72,0.0,11.36,-0.7071067811865477,0.7071067811865474,11.9,82,0.0,12.15,-0.9135454576426012,0.4067366430757997,23.0,36,0.0,8.32,-0.9659258262890684,0.2588190451025203,15.5,73,0.0,10.07,-0.7547095802227722,0.656059028990507,1.5249999999999986,open-meteo,2026-08-08T09:59:26+00:00
2026-07-08 00:00:00+00:00,DE,onshore,15.5,74,0.0,10.95,-0.7071067811865477,0.7071067811865474,11.4,82,0.0,12.01,-0.9271838545667874,0.3746065934159119,22.4,40,0.0,8.31,-0.9335804264972016,0.3583679495453004,14.6,83,0.0,8.02,-0.8191520442889918,0.573576436351046,2.0250000000000004,open-meteo,2026-08-08T09:59:26+00:00
2026-07-08 01:00:00+00:00,DE,onshore,15.4,68,0.0,10.07,-0.6560590289905074,0.7547095802227719,11.0,86,0.0,11.54,-0.9135454576426012,0.4067366430757997,21.8,43,0.0,8.4,-0.6691306063588581,0.7431448254773944,13.4,81,0.0,7.89,-0.8829475928589271,0.4694715627858904,2.6,open-meteo,2026-08-08T09:59:26+00:00
2026-07-08 02:00:00+00:00,DE,onshore,15.5,74,0.0,10.67,-0.6946583704589976,0.7193398003386509,10.7,89,0.0,10.92,-0.9135454576426012,0.4067366430757997,21.5,49,0.0,8.25,-0.6819983600624984,0.7313537016191707,12.9,85,0.0,7.1,-0.8829475928589271,0.4694715627858904,2.85,open-meteo,2026-08-08T09:59:26+00:00
2026-07-08 03:00:00+00:00,DE,onshore,15.6,70,0.0,11.58,-0.6819983600624984,0.7313537016191707,10.3,90,0.0,10.53,-0.9510565162951536,0.3090169943749472,21.3,50,0.0,6.64,-0.7986355100472932,0.6018150231520479,12.1,89,0.0,7.77,-0.8746197071393956,0.4848096202463373,3.174999999999999,open-meteo,2026-08-08T09:59:26+00:00
2026-07-08 04:00:00+00:00,DE,onshore,15.5,72,11.0,10.25,-0.6946583704589976,0.7193398003386509,10.6,91,35.0,10.03,-0.9781476007338056,0.2079116908177594,20.9,53,3.0,7.8,-0.8386705679454243,0.5446390350150266,11.9,90,24.0,8.61,-0.9205048534524404,0.3907311284892735,3.2750000000000004,open-meteo,2026-08-08T09:59:26+00:00
2026-07-08 05:00:00+00:00,DE,onshore,15.4,69,59.0,10.18,-0.7071067811865477,0.7071067811865474,11.6,89,130.0,9.62,-0.9659258262890684,0.2588190451025203,21.6,51,40.0,6.03,-0.8480480961564262,0.5299192642332047,13.0,83,102.0,7.24,-0.9205048534524404,0.3907311284892735,2.6,open-meteo,2026-08-08T09:59:26+00:00
2026-07-08 06:00:00+00:00,DE,onshore,15.5,69,134.0,9.63,-0.6946583704589976,0.7193398003386509,13.0,82,266.0,8.65,-0.9396926207859084,0.342020143325669,22.4,46,143.0,5.7,-0.9135454576426012,0.4067366430757997,14.2,76,197.0,7.01,-0.9063077870366498,0.4226182617406996,1.7250000000000014,open-meteo,2026-08-08T09:59:26+00:00
2026-07-08 07:00:00+00:00,DE,onshore,15.6,70,267.0,9.56,-0.7071067811865477,0.7071067811865474,14.6,74,369.0,9.92,-0.8191520442889918,0.573576436351046,22.9,47,235.0,7.01,-0.7431448254773946,0.6691306063588578,14.8,70,260.0,7.66,-0.8480480961564262,0.5299192642332047,1.025000000000002,open-meteo,2026-08-08T09:59:26+00:00
2026-07-08 08:00:00+00:00,DE,onshore,15.6,71,327.0,9.42,-0.7193398003386512,0.6946583704589973,16.1,70,536.0,8.9,-0.8829475928589271,0.4694715627858904,24.0,50,415.0,5.57,-0.8290375725550416,0.559192903470747,15.6,66,352.0,7.49,-0.7986355100472932,0.6018150231520479,0.1750000000000007,open-meteo,2026-08-08T09:59:26+00:00
2026-07-08 09:00:00+00:00,DE,onshore,15.6,70,465.0,9.65,-0.8191520442889918,0.573576436351046,17.3,64,660.0,9.1,-0.9271838545667874,0.3746065934159119,22.6,54,335.0,5.21,-0.9396926207859084,0.342020143325669,16.3,61,441.0,6.97,-0.8829475928589271,0.4694715627858904,0.0500000000000007,open-meteo,2026-08-08T09:59:26+00:00
2026-07-08 10:00:00+00:00,DE,onshore,15.5,74,586.0,9.44,-0.7431448254773946,0.6691306063588578,18.3,58,727.0,8.34,-0.9612616959383188,0.2756373558169994,23.1,51,197.0,5.39,-0.9063077870366498,0.4226182617406996,17.4,60,496.0,7.18,-0.8480480961564262,0.5299192642332047,0.5749999999999993,open-meteo,2026-08-08T09:59:26+00:00
2026-07-08 11:00:00+00:00,DE,onshore,15.7,73,632.0,8.71,-0.7771459614569708,0.6293203910498375,19.2,54,819.0,9.58,-0.9702957262759966,0.2419218955996674,24.5,49,366.0,5.65,-0.8290375725550416,0.559192903470747,18.7,55,623.0,8.52,-0.8660254037844386,0.5000000000000001,1.5249999999999986,open-meteo,2026-08-08T09:59:26+00:00
2026-07-08 12:00:00+00:00,DE,onshore,16.0,71,694.0,9.51,-0.8480480961564262,0.5299192642332047,18.9,54,798.0,9.42,-0.945518575599317,0.3255681544571563,26.2,44,390.0,4.98,-0.8090169943749476,0.5877852522924729,20.4,48,801.0,7.73,-0.9271838545667874,0.3746065934159119,2.375,open-meteo,2026-08-08T09:59:26+00:00
2026-07-08 13:00:00+00:00,DE,onshore,16.0,69,760.0,10.01,-0.8571673007021123,0.5150380749100542,19.5,51,807.0,10.22,-0.9510565162951536,0.3090169943749472,26.8,42,584.0,6.51,-0.7193398003386512,0.6946583704589973,21.2,49,796.0,7.81,-0.8660254037844386,0.5000000000000001,2.875,open-meteo,2026-08-08T09:59:26+00:00
2026-07-08 14:00:00+00:00,DE,onshore,16.3,71,742.0,10.35,-0.8386705679454243,0.5446390350150266,19.9,50,735.0,10.61,-0.9335804264972016,0.3583679495453004,27.2,41,468.0,5.76,-0.7431448254773946,0.6691306063588578,21.9,49,734.0,7.8,-0.9063077870366498,0.4226182617406996,3.325000000000003,open-meteo,2026-08-08T09:59:26+00:00
2026-07-08 15:00:00+00:00,DE,onshore,16.4,77,619.0,10.43,-0.8290375725550416,0.559192903470747,20.2,53,581.0,10.4,-0.9135454576426012,0.4067366430757997,27.7,40,500.0,5.55,-0.7431448254773946,0.6691306063588578,22.9,48,599.0,8.42,-0.8746197071393956,0.4848096202463373,3.799999999999997,open-meteo,2026-08-08T09:59:26+00:00
2026-07-08 16:00:00+00:00,DE,onshore,16.3,75,453.0,10.27,-0.8191520442889918,0.573576436351046,20.1,54,449.0,10.78,-0.8910065241883679,0.4539904997395466,27.5,39,436.0,5.29,-0.6293203910498378,0.7771459614569706,22.9,48,488.0,9.36,-0.8571673007021123,0.5150380749100542,3.700000000000003,open-meteo,2026-08-08T09:59:26+00:00
2026-07-08 17:00:00+00:00,DE,onshore,16.3,78,343.0,10.3,-0.7660444431189781,0.6427876096865393,19.7,58,304.0,11.43,-0.7771459614569708,0.6293203910498375,26.5,44,287.0,6.77,-0.3746065934159123,0.9271838545667872,22.3,51,332.0,9.43,-0.8386705679454243,0.5446390350150266,3.2,open-meteo,2026-08-08T09:59:26+00:00
2026-07-08 18:00:00+00:00,DE,onshore,16.7,72,196.0,10.1,-0.7771459614569708,0.6293203910498375,18.6,61,184.0,11.59,-0.7431448254773946,0.6691306063588578,25.5,44,178.0,5.96,-0.2419218955996678,0.9702957262759964,21.9,46,191.0,8.81,-0.8480480961564262,0.5299192642332047,2.674999999999997,open-meteo,2026-08-08T09:59:26+00:00
2026-07-08 19:00:00+00:00,DE,onshore,16.4,77,87.0,9.58,-0.7431448254773946,0.6691306063588578,17.3,69,70.0,9.84,-0.7880107536067218,0.6156614753256585,24.0,50,69.0,5.98,-0.0174524064372835,0.9998476951563912,20.3,52,74.0,8.99,-0.8386705679454243,0.5446390350150266,1.5,open-meteo,2026-08-08T09:59:26+00:00
2026-07-08 20:00:00+00:00,DE,onshore,16.8,76,18.0,9.84,-0.6946583704589976,0.7193398003386509,16.0,73,6.0,10.39,-0.8480480961564262,0.5299192642332047,22.1,56,4.0,4.44,0.2419218955996677,0.9702957262759964,18.2,60,6.0,9.68,-0.8480480961564262,0.5299192642332047,0.2749999999999986,open-meteo,2026-08-08T09:59:26+00:00
2026-07-08 21:00:00+00:00,DE,onshore,16.8,80,0.0,10.6,-0.7071067811865477,0.7071067811865474,15.5,75,0.0,10.78,-0.898794046299167,0.4383711467890774,20.5,64,0.0,4.87,0.4226182617406994,0.90630778703665,16.8,61,0.0,8.99,-0.8746197071393956,0.4848096202463373,0.6000000000000014,open-meteo,2026-08-08T09:59:26+00:00
2026-07-08 22:00:00+00:00,DE,onshore,16.7,84,0.0,10.32,-0.7193398003386512,0.6946583704589973,14.8,77,0.0,10.96,-0.8746197071393956,0.4848096202463373,19.8,66,0.0,4.61,0.4067366430758002,0.9135454576426008,15.4,66,0.0,9.95,-0.8090169943749476,0.5877852522924729,1.3249999999999993,open-meteo,2026-08-08T09:59:26+00:00
2026-07-08 23:00:00+00:00,DE,onshore,16.8,87,0.0,10.4,-0.7313537016191703,0.6819983600624987,14.3,82,0.0,11.01,-0.8746197071393956,0.4848096202463373,18.7,71,0.0,3.0,0.1908089953765448,0.981627183447664,14.4,71,0.0,9.46,-0.8090169943749476,0.5877852522924729,1.9499999999999995,open-meteo,2026-08-08T09:59:26+00:00
2026-07-09 00:00:00+00:00,DE,onshore,17.0,84,0.0,8.94,-0.6819983600624984,0.7313537016191707,14.1,86,0.0,9.99,-0.8910065241883679,0.4539904997395466,16.7,79,0.0,2.6,0.3420201433256687,0.9396926207859084,13.5,81,0.0,8.35,-0.7771459614569708,0.6293203910498375,2.6750000000000007,open-meteo,2026-08-08T09:59:26+00:00
2026-07-09 01:00:00+00:00,DE,onshore,16.7,87,0.0,9.54,-0.5591929034707466,0.8290375725550418,13.2,92,0.0,9.16,-0.8910065241883679,0.4539904997395466,16.1,82,0.0,2.64,0.374606593415912,0.9271838545667874,12.7,85,0.0,8.21,-0.8090169943749476,0.5877852522924729,3.325,open-meteo,2026-08-08T09:59:26+00:00
2026-07-09 02:00:00+00:00,DE,onshore,16.9,80,0.0,8.92,-0.6293203910498378,0.7771459614569706,12.7,96,0.0,8.76,-0.8910065241883679,0.4539904997395466,15.6,84,0.0,2.02,0.484809620246337,0.8746197071393957,12.2,89,0.0,8.45,-0.8191520442889918,0.573576436351046,3.650000000000002,open-meteo,2026-08-08T09:59:26+00:00
2026-07-09 03:00:00+00:00,DE,onshore,17.0,73,0.0,8.8,-0.6156614753256582,0.7880107536067221,12.4,97,0.0,8.59,-0.898794046299167,0.4383711467890774,14.7,87,0.0,2.02,0.3907311284892737,0.9205048534524404,12.0,93,0.0,8.18,-0.8290375725550416,0.559192903470747,3.9750000000000014,open-meteo,2026-08-08T09:59:26+00:00
2026-07-09 04:00:00+00:00,DE,onshore,16.7,83,6.0,9.5,-0.6018150231520483,0.7986355100472928,12.6,95,29.0,7.68,-0.8660254037844386,0.5000000000000001,14.2,89,5.0,1.63,0.5446390350150271,0.838670567945424,12.1,93,22.0,7.86,-0.8090169943749476,0.5877852522924729,4.1,open-meteo,2026-08-08T09:59:26+00:00
2026-07-09 05:00:00+00:00,DE,onshore,16.6,85,31.0,8.91,-0.5000000000000004,0.8660254037844384,13.3,90,110.0,7.27,-0.7986355100472932,0.6018150231520479,15.5,84,74.0,2.23,0.788010753606722,0.6156614753256583,13.2,89,71.0,6.47,-0.8480480961564262,0.5299192642332047,3.349999999999998,open-meteo,2026-08-08T09:59:26+00:00
2026-07-09 06:00:00+00:00,DE,onshore,16.6,80,85.0,9.27,-0.6293203910498378,0.7771459614569706,14.1,88,228.0,6.93,-0.7071067811865477,0.7071067811865474,19.1,66,207.0,2.67,0.8090169943749475,0.5877852522924731,14.4,84,104.0,5.22,-0.7660444431189781,0.6427876096865393,1.9499999999999995,open-meteo,2026-08-08T09:59:26+00:00
2026-07-09 07:00:00+00:00,DE,onshore,16.9,80,221.0,8.61,-0.7547095802227722,0.656059028990507,15.0,79,317.0,6.44,-0.6946583704589976,0.7193398003386509,20.6,61,370.0,2.48,0.9876883405951378,0.1564344650402309,15.4,81,207.0,4.67,-0.7771459614569708,0.6293203910498375,1.0249999999999986,open-meteo,2026-08-08T09:59:26+00:00
2026-07-09 08:00:00+00:00,DE,onshore,16.8,83,302.0,8.59,-0.7313537016191703,0.6819983600624987,16.6,72,540.0,5.54,-0.7193398003386512,0.6946583704589973,22.4,55,528.0,1.95,0.9510565162951536,0.3090169943749474,17.0,73,271.0,5.76,-0.6691306063588581,0.7431448254773944,0.2000000000000028,open-meteo,2026-08-08T09:59:26+00:00
2026-07-09 09:00:00+00:00,DE,onshore,16.6,82,392.0,7.91,-0.6691306063588581,0.7431448254773944,17.9,67,678.0,6.18,-0.7431448254773946,0.6691306063588578,24.0,51,655.0,2.08,0.754709580222772,0.6560590289905073,17.7,75,383.0,5.84,-0.8191520442889918,0.573576436351046,1.0500000000000007,open-meteo,2026-08-08T09:59:26+00:00
2026-07-09 10:00:00+00:00,DE,onshore,16.5,83,376.0,7.23,-0.544639035015027,0.838670567945424,19.2,64,769.0,6.45,-0.8090169943749476,0.5877852522924729,25.5,44,754.0,2.1,0.6018150231520483,0.7986355100472928,18.7,69,513.0,5.68,-0.8480480961564262,0.5299192642332047,1.9750000000000016,open-meteo,2026-08-08T09:59:26+00:00
2026-07-09 11:00:00+00:00,DE,onshore,16.3,86,468.0,7.02,-0.5877852522924734,0.8090169943749473,20.2,62,794.0,6.2,-0.8191520442889918,0.573576436351046,26.5,43,819.0,2.59,0.6018150231520483,0.7986355100472928,19.6,63,607.0,5.85,-0.8571673007021123,0.5150380749100542,2.6499999999999986,open-meteo,2026-08-08T09:59:26+00:00
2026-07-09 12:00:00+00:00,DE,onshore,16.4,86,433.0,6.72,-0.6819983600624984,0.7313537016191707,21.2,59,804.0,6.28,-0.8290375725550416,0.559192903470747,26.8,43,816.0,3.02,0.4226182617406994,0.90630778703665,19.0,71,595.0,5.88,-0.9135454576426012,0.4067366430757997,2.849999999999998,open-meteo,2026-08-08T09:59:26+00:00
2026-07-09 13:00:00+00:00,DE,onshore,16.7,83,294.0,7.62,-0.6946583704589976,0.7193398003386509,21.6,60,770.0,6.58,-0.7986355100472932,0.6018150231520479,27.8,41,837.0,3.21,0.5150380749100542,0.8571673007021123,19.6,66,660.0,5.35,-0.8829475928589271,0.4694715627858904,3.424999999999997,open-meteo,2026-08-08T09:59:26+00:00
2026-07-09 14:00:00+00:00,DE,onshore,16.7,86,331.0,7.48,-0.7193398003386512,0.6946583704589973,22.0,59,707.0,6.8,-0.8090169943749476,0.5877852522924729,27.9,41,747.0,4.16,0.8290375725550417,0.5591929034707468,20.0,67,386.0,5.06,-0.8480480961564262,0.5299192642332047,3.649999999999999,open-meteo,2026-08-08T09:59:26+00:00
2026-07-09 15:00:00+00:00,DE,onshore,17.1,85,318.0,6.52,-0.7313537016191703,0.6819983600624987,22.4,53,594.0,6.96,-0.7771459614569708,0.6293203910498375,28.5,39,652.0,3.46,0.7071067811865475,0.7071067811865476,20.6,65,440.0,6.09,-0.7986355100472932,0.6018150231520479,4.149999999999999,open-meteo,2026-08-08T09:59:26+00:00
2026-07-09 16:00:00+00:00,DE,onshore,17.3,85,244.0,8.23,-0.6156614753256582,0.7880107536067221,21.8,56,455.0,6.69,-0.7771459614569708,0.6293203910498375,28.1,40,527.0,3.4,0.838670567945424,0.5446390350150271,21.1,61,366.0,5.52,-0.8386705679454243,0.5446390350150266,4.075000000000003,open-meteo,2026-08-08T09:59:26+00:00
2026-07-09 17:00:00+00:00,DE,onshore,17.2,89,172.0,7.85,-0.544639035015027,0.838670567945424,21.1,59,330.0,6.51,-0.7193398003386512,0.6946583704589973,27.5,41,371.0,3.92,0.7986355100472928,0.6018150231520483,21.3,60,301.0,5.57,-0.8290375725550416,0.559192903470747,3.774999999999999,open-meteo,2026-08-08T09:59:26+00:00
2026-07-09 18:00:00+00:00,DE,onshore,16.5,96,105.0,7.49,-0.6018150231520483,0.7986355100472928,21.0,57,174.0,6.1,-0.7071067811865477,0.7071067811865474,27.0,41,211.0,3.19,0.6819983600624985,0.7313537016191705,21.2,63,174.0,4.57,-0.8191520442889918,0.573576436351046,3.4250000000000007,open-meteo,2026-08-08T09:59:26+00:00
2026-07-09 19:00:00+00:00,DE,onshore,16.8,91,22.0,8.26,-0.5591929034707466,0.8290375725550418,19.1,64,65.0,6.29,-0.6018150231520483,0.7986355100472928,25.3,43,72.0,3.9,0.7771459614569709,0.6293203910498374,20.1,71,61.0,5.3,-0.8290375725550416,0.559192903470747,2.325000000000003,open-meteo,2026-08-08T09:59:26+00:00
2026-07-09 20:00:00+00:00,DE,onshore,16.7,92,8.0,7.58,-0.4226182617406992,0.90630778703665,17.1,75,5.0,6.53,-0.7547095802227722,0.656059028990507,22.8,52,4.0,4.63,0.9743700647852352,0.2249510543438649,18.8,78,4.0,4.58,-0.7431448254773946,0.6691306063588578,0.8499999999999979,open-meteo,2026-08-08T09:59:26+00:00
2026-07-09 21:00:00+00:00,DE,onshore,16.8,92,0.0,7.33,-0.5000000000000004,0.8660254037844384,15.6,85,0.0,7.09,-0.7547095802227722,0.656059028990507,21.2,60,0.0,3.61,0.9743700647852352,0.2249510543438649,17.2,85,0.0,5.67,-0.3090169943749477,0.9510565162951536,0.3000000000000007,open-meteo,2026-08-08T09:59:26+00:00
2026-07-09 22:00:00+00:00,DE,onshore,16.5,94,0.0,7.23,-0.4539904997395469,0.8910065241883678,14.8,88,0.0,7.0,-0.7986355100472932,0.6018150231520479,20.2,64,0.0,2.86,0.9945218953682732,0.1045284632676534,16.1,87,0.0,6.44,-0.4694715627858908,0.882947592858927,1.1000000000000014,open-meteo,2026-08-08T09:59:26+00:00
2026-07-09 23:00:00+00:00,DE,onshore,17.3,90,0.0,7.35,-0.2756373558169989,0.9612616959383188,14.5,91,0.0,7.33,-0.7880107536067218,0.6156614753256585,19.5,67,0.0,2.92,0.9702957262759964,-0.2419218955996677,15.2,93,0.0,6.36,-0.5591929034707466,0.8290375725550418,1.375,open-meteo,2026-08-08T09:59:26+00:00
2026-07-10 00:00:00+00:00,DE,onshore,16.7,91,0.0,6.62,-0.4539904997395469,0.8910065241883678,14.1,95,0.0,7.33,-0.7880107536067218,0.6156614753256585,18.1,72,0.0,3.29,0.984807753012208,0.1736481776669304,14.3,94,0.0,5.9,-0.529919264233205,0.8480480961564258,2.2,open-meteo,2026-08-08T09:59:26+00:00
2026-07-10 01:00:00+00:00,DE,onshore,17.2,87,0.0,7.94,-0.3420201433256686,0.9396926207859084,13.9,97,0.0,7.18,-0.8191520442889918,0.573576436351046,18.0,74,0.0,4.43,0.573576436351046,0.8191520442889918,13.6,95,0.0,4.81,-0.544639035015027,0.838670567945424,2.325,open-meteo,2026-08-08T09:59:26+00:00
2026-07-10 02:00:00+00:00,DE,onshore,15.5,100,0.0,7.46,-0.1736481776669304,0.984807753012208,13.8,98,0.0,6.82,-0.8480480961564262,0.5299192642332047,17.2,75,0.0,4.3,0.754709580222772,0.6560590289905073,13.1,96,0.0,5.2,-0.7193398003386512,0.6946583704589973,3.1,open-meteo,2026-08-08T09:59:26+00:00
2026-07-10 03:00:00+00:00,DE,onshore,16.0,95,0.0,5.92,-0.1218693434051472,0.992546151641322,13.7,99,0.0,6.33,-0.8191520442889918,0.573576436351046,16.4,77,0.0,3.16,0.8660254037844386,0.5000000000000001,12.9,97,0.0,5.96,-0.7071067811865477,0.7071067811865474,3.2500000000000018,open-meteo,2026-08-08T09:59:26+00:00
2026-07-10 04:00:00+00:00,DE,onshore,16.8,91,10.0,6.13,-0.2249510543438653,0.9743700647852352,14.2,99,23.0,5.71,-0.7771459614569708,0.6293203910498375,15.2,82,4.0,2.94,0.8987940462991669,0.4383711467890774,13.2,97,19.0,5.27,-0.6691306063588581,0.7431448254773944,3.1499999999999986,open-meteo,2026-08-08T09:59:26+00:00
2026-07-10 05:00:00+00:00,DE,onshore,17.2,90,62.0,5.65,-0.1564344650402311,0.9876883405951375,15.2,95,83.0,5.06,-0.7313537016191703,0.6819983600624987,17.0,74,71.0,2.91,0.838670567945424,0.5446390350150271,14.5,93,101.0,4.78,-0.6946583704589976,0.7193398003386509,2.0250000000000004,open-meteo,2026-08-08T09:59:26+00:00
2026-07-10 06:00:00+00:00,DE,onshore,16.0,97,119.0,4.47,-0.2588190451025207,0.9659258262890684,16.4,89,223.0,4.49,-0.8090169943749476,0.5877852522924729,20.1,58,204.0,2.15,0.6819983600624985,0.7313537016191705,16.1,88,233.0,3.47,-0.7313537016191703,0.6819983600624987,0.8500000000000014,open-meteo,2026-08-08T09:59:26+00:00
2026-07-10 07:00:00+00:00,DE,onshore,16.3,94,149.0,4.19,-0.3583679495453007,0.9335804264972016,17.9,82,377.0,4.59,-0.7660444431189781,0.6427876096865393,21.8,53,367.0,2.85,0.6560590289905073,0.754709580222772,17.5,82,345.0,3.51,-0.8660254037844386,0.5000000000000001,0.375,open-meteo,2026-08-08T09:59:26+00:00
2026-07-10 08:00:00+00:00,DE,onshore,16.2,95,289.0,3.64,-0.4067366430758001,0.9135454576426008,19.7,73,554.0,4.73,-0.7660444431189781,0.6427876096865393,23.8,49,529.0,3.12,0.6560590289905073,0.754709580222772,18.8,78,465.0,3.23,-0.8191520442889918,0.573576436351046,1.625,open-meteo,2026-08-08T09:59:26+00:00
2026-07-10 09:00:00+00:00,DE,onshore,15.6,98,301.0,3.56,-0.529919264233205,0.8480480961564258,21.8,57,666.0,4.97,-0.529919264233205,0.8480480961564258,26.0,42,673.0,2.72,0.788010753606722,0.6156614753256583,20.4,71,576.0,3.55,-0.8829475928589271,0.4694715627858904,2.95,open-meteo,2026-08-08T09:59:26+00:00
2026-07-10 10:00:00+00:00,DE,onshore,15.5,100,239.0,3.6,-0.4848096202463369,0.8746197071393959,23.1,50,785.0,5.77,-0.2588190451025207,0.9659258262890684,27.8,39,789.0,3.06,0.6427876096865393,0.766044443118978,21.8,66,711.0,4.03,-0.7547095802227722,0.656059028990507,4.050000000000001,open-meteo,2026-08-08T09:59:26+00:00
2026-07-10 11:00:00+00:00,DE,onshore,17.3,90,422.0,4.35,-0.5150380749100545,0.8571673007021121,23.7,47,769.0,5.26,-0.4067366430758001,0.9135454576426008,29.4,30,861.0,3.41,0.6293203910498374,0.7771459614569709,22.8,63,663.0,3.9,-0.3090169943749477,0.9510565162951536,5.300000000000001,open-meteo,2026-08-08T09:59:26+00:00
2026-07-10 12:00:00+00:00,DE,onshore,15.4,100,431.0,4.13,-0.5150380749100545,0.8571673007021121,24.4,45,734.0,6.47,0.0523359562429438,0.9986295347545738,30.2,25,892.0,3.54,0.6691306063588582,0.7431448254773942,24.2,53,651.0,4.61,-0.4067366430758001,0.9135454576426008,5.550000000000001,open-meteo,2026-08-08T09:59:26+00:00
2026-07-10 13:00:00+00:00,DE,onshore,17.6,90,456.0,4.54,-0.544639035015027,0.838670567945424,24.5,41,756.0,5.4,0.0697564737441253,0.9975640502598242,31.0,26,867.0,3.83,0.6427876096865393,0.766044443118978,25.2,49,628.0,4.75,-0.2419218955996678,0.9702957262759964,6.574999999999999,open-meteo,2026-08-08T09:59:26+00:00
2026-07-10 14:00:00+00:00,DE,onshore,17.3,93,617.0,5.0,-0.5735764363510465,0.8191520442889916,24.5,43,690.0,5.49,0.0174524064372835,0.9998476951563912,31.6,25,795.0,4.23,0.6691306063588582,0.7431448254773942,25.6,46,609.0,5.1,-0.0523359562429443,0.9986295347545738,6.75,open-meteo,2026-08-08T09:59:26+00:00
2026-07-10 15:00:00+00:00,DE,onshore,17.3,95,482.0,5.07,-0.1736481776669304,0.984807753012208,23.9,45,568.0,6.44,0.5446390350150271,0.838670567945424,31.8,26,683.0,4.19,0.6018150231520483,0.7986355100472928,26.0,42,631.0,5.4,-0.0523359562429443,0.9986295347545738,6.75,open-meteo,2026-08-08T09:59:26+00:00
2026-07-10 16:00:00+00:00,DE,onshore,17.4,93,386.0,5.53,-0.1218693434051472,0.992546151641322,22.7,45,445.0,6.69,0.5299192642332049,0.848048096156426,31.7,25,542.0,4.67,0.5446390350150271,0.838670567945424,25.7,43,493.0,4.83,0.1045284632676534,0.9945218953682732,6.375,open-meteo,2026-08-08T09:59:26+00:00
2026-07-10 17:00:00+00:00,DE,onshore,17.9,87,284.0,5.24,-0.2923717047227371,0.9563047559630352,21.6,45,270.0,6.09,0.5446390350150271,0.838670567945424,31.0,22,381.0,4.98,0.5877852522924731,0.8090169943749475,25.3,43,329.0,6.69,-0.1908089953765446,0.981627183447664,5.949999999999999,open-meteo,2026-08-08T09:59:26+00:00
2026-07-10 18:00:00+00:00,DE,onshore,17.4,92,228.0,6.06,-0.5591929034707466,0.8290375725550418,20.9,48,131.0,5.82,0.5877852522924731,0.8090169943749475,30.0,23,218.0,5.28,0.766044443118978,0.6427876096865394,24.7,46,196.0,5.78,0.0348994967025009,0.9993908270190958,5.25,open-meteo,2026-08-08T09:59:26+00:00
2026-07-10 19:00:00+00:00,DE,onshore,17.9,87,98.0,5.31,-0.5000000000000004,0.8660254037844384,19.0,58,58.0,6.05,0.6427876096865393,0.766044443118978,27.5,27,75.0,6.89,0.766044443118978,0.6427876096865394,22.7,55,73.0,6.41,0.3255681544571567,0.9455185755993168,3.775000000000002,open-meteo,2026-08-08T09:59:26+00:00
2026-07-10 20:00:00+00:00,DE,onshore,18.0,88,18.0,6.02,-0.2756373558169989,0.9612616959383188,16.8,71,4.0,6.03,0.6946583704589973,0.7193398003386512,25.9,31,4.0,7.31,0.848048096156426,0.5299192642332049,20.6,61,5.0,7.66,0.3583679495453002,0.9335804264972016,2.325,open-meteo,2026-08-08T09:59:26+00:00
2026-07-10 21:00:00+00:00,DE,onshore,17.5,92,0.0,5.43,-0.1218693434051472,0.992546151641322,15.6,79,0.0,5.88,0.7986355100472928,0.6018150231520483,24.4,38,0.0,6.3,0.838670567945424,0.5446390350150271,19.2,64,0.0,7.02,0.5877852522924731,0.8090169943749475,1.1750000000000007,open-meteo,2026-08-08T09:59:26+00:00
2026-07-10 22:00:00+00:00,DE,onshore,17.7,92,0.0,5.69,-0.0523359562429443,0.9986295347545738,14.9,80,0.0,3.77,0.90630778703665,0.4226182617406994,22.9,46,0.0,4.82,0.8746197071393957,0.4848096202463371,17.7,74,0.0,7.1,0.8829475928589269,0.4694715627858908,0.3000000000000007,open-meteo,2026-08-08T09:59:26+00:00
2026-07-10 23:00:00+00:00,DE,onshore,17.6,93,0.0,5.49,-2.4492935982947064e-16,1.0,14.2,81,0.0,3.77,0.8829475928589269,0.4694715627858908,21.5,51,0.0,4.65,0.573576436351046,0.8191520442889918,16.7,81,0.0,5.66,0.9702957262759964,0.2419218955996676,0.5,open-meteo,2026-08-08T09:59:26+00:00
2026-07-11 00:00:00+00:00,DE,onshore,17.2,93,0.0,4.8,0.0174524064372835,0.9998476951563912,13.4,84,0.0,2.37,0.788010753606722,0.6156614753256583,21.8,50,0.0,6.12,0.848048096156426,0.5299192642332049,15.3,89,0.0,5.89,0.9510565162951536,0.3090169943749474,1.0749999999999993,open-meteo,2026-08-08T09:59:26+00:00
2026-07-11 01:00:00+00:00,DE,onshore,17.3,94,0.0,4.69,0.1908089953765448,0.981627183447664,13.5,79,0.0,1.88,0.7771459614569709,0.6293203910498374,21.0,56,0.0,4.65,0.8829475928589269,0.4694715627858908,14.8,87,0.0,4.06,0.9659258262890684,0.2588190451025207,1.3500000000000014,open-meteo,2026-08-08T09:59:26+00:00
2026-07-11 02:00:00+00:00,DE,onshore,17.3,94,0.0,4.06,0.2588190451025207,0.9659258262890684,13.2,79,0.0,1.5,0.848048096156426,0.5299192642332049,19.6,65,0.0,4.16,0.8290375725550417,0.5591929034707468,14.5,87,0.0,3.04,0.9659258262890684,0.2588190451025207,1.8500000000000016,open-meteo,2026-08-08T09:59:26+00:00
2026-07-11 03:00:00+00:00,DE,onshore,17.5,93,0.0,4.26,0.3907311284892737,0.9205048534524404,12.6,84,0.0,1.58,-0.3746065934159123,0.9271838545667872,18.5,69,0.0,3.55,0.9135454576426008,0.4067366430758002,12.8,94,0.0,2.85,0.9975640502598242,0.0697564737441252,2.6499999999999986,open-meteo,2026-08-08T09:59:26+00:00
2026-07-11 04:00:00+00:00,DE,onshore,17.3,94,16.0,4.08,0.4539904997395468,0.8910065241883679,13.0,83,33.0,1.39,0.1391731009600654,0.9902680687415704,18.0,70,5.0,3.83,0.848048096156426,0.5299192642332049,12.4,96,21.0,1.62,0.90630778703665,0.4226182617406994,2.825000000000001,open-meteo,2026-08-08T09:59:26+00:00
2026-07-11 05:00:00+00:00,DE,onshore,17.3,94,98.0,3.6,0.374606593415912,0.9271838545667874,14.4,83,136.0,1.61,0.6156614753256583,0.7880107536067219,19.6,61,72.0,4.12,0.788010753606722,0.6156614753256583,13.8,92,114.0,1.1,0.1736481776669303,0.984807753012208,1.724999999999998,open-meteo,2026-08-08T09:59:26+00:00
2026-07-11 06:00:00+00:00,DE,onshore,17.4,93,225.0,2.4,0.2079116908177593,0.9781476007338056,17.4,68,256.0,1.46,0.6691306063588582,0.7431448254773942,21.7,52,209.0,2.91,0.7431448254773942,0.6691306063588582,17.1,77,250.0,1.02,0.2923717047227367,0.9563047559630354,0.3999999999999986,open-meteo,2026-08-08T09:59:26+00:00
2026-07-11 07:00:00+00:00,DE,onshore,17.5,93,367.0,2.37,-0.1218693434051472,0.992546151641322,19.3,58,389.0,1.67,0.6427876096865393,0.766044443118978,23.0,48,372.0,3.29,0.8910065241883679,0.4539904997395468,19.3,65,354.0,1.5,-0.529919264233205,0.8480480961564258,1.7749999999999986,open-meteo,2026-08-08T09:59:26+00:00
2026-07-11 08:00:00+00:00,DE,onshore,17.7,93,509.0,2.85,-0.2756373558169989,0.9612616959383188,20.5,58,565.0,2.3,0.766044443118978,0.6427876096865394,25.2,43,536.0,2.98,0.9205048534524404,0.3907311284892737,20.8,56,425.0,2.08,-0.6560590289905074,0.7547095802227719,3.0500000000000007,open-meteo,2026-08-08T09:59:26+00:00
2026-07-11 09:00:00+00:00,DE,onshore,17.5,95,637.0,3.55,-0.4694715627858908,0.882947592858927,22.0,53,634.0,3.12,0.6946583704589973,0.7193398003386512,27.5,40,680.0,2.32,0.8829475928589269,0.4694715627858908,23.8,45,615.0,2.59,-0.6018150231520483,0.7986355100472928,4.699999999999999,open-meteo,2026-08-08T09:59:26+00:00
2026-07-11 10:00:00+00:00,DE,onshore,17.5,95,720.0,3.99,-0.4694715627858908,0.882947592858927,22.5,52,637.0,5.0,0.4383711467890774,0.898794046299167,29.4,32,796.0,3.74,0.7313537016191705,0.6819983600624985,25.0,44,764.0,3.91,-0.3746065934159123,0.9271838545667872,5.600000000000001,open-meteo,2026-08-08T09:59:26+00:00
2026-07-11 11:00:00+00:00,DE,onshore,16.8,98,745.0,4.74,-0.4067366430758001,0.9135454576426008,23.5,48,690.0,5.75,0.3907311284892737,0.9205048534524404,30.7,27,871.0,4.65,0.7431448254773942,0.6691306063588582,25.7,43,678.0,4.92,-0.1045284632676534,0.9945218953682732,6.175000000000001,open-meteo,2026-08-08T09:59:26+00:00
2026-07-11 12:00:00+00:00,DE,onshore,17.4,97,767.0,5.95,-0.3420201433256686,0.9396926207859084,24.2,42,746.0,5.86,0.3090169943749474,0.9510565162951536,31.0,26,897.0,4.57,0.7313537016191705,0.6819983600624985,26.4,39,631.0,5.52,0.1045284632676534,0.9945218953682732,6.75,open-meteo,2026-08-08T09:59:26+00:00
2026-07-11 13:00:00+00:00,DE,onshore,17.6,93,776.0,6.48,-0.3090169943749477,0.9510565162951536,24.1,43,588.0,6.69,0.3090169943749474,0.9510565162951536,31.8,22,874.0,4.57,0.6819983600624985,0.7313537016191705,27.5,34,758.0,4.17,-0.1564344650402311,0.9876883405951375,7.25,open-meteo,2026-08-08T09:59:26+00:00
2026-07-11 14:00:00+00:00,DE,onshore,17.6,93,732.0,5.8,-0.3746065934159123,0.9271838545667872,23.5,47,474.0,6.92,0.4539904997395468,0.8910065241883679,32.1,21,804.0,4.72,0.6691306063588582,0.7431448254773942,27.3,33,598.0,4.31,0.3583679495453002,0.9335804264972016,7.125,open-meteo,2026-08-08T09:59:26+00:00
2026-07-11 15:00:00+00:00,DE,onshore,17.8,95,637.0,6.82,-0.3090169943749477,0.9510565162951536,23.7,47,435.0,4.97,0.5299192642332049,0.848048096156426,32.3,21,691.0,5.14,0.5150380749100542,0.8571673007021123,27.8,32,577.0,5.77,0.1736481776669303,0.984807753012208,7.399999999999999,open-meteo,2026-08-08T09:59:26+00:00
2026-07-11 16:00:00+00:00,DE,onshore,16.7,99,472.0,7.72,-0.3090169943749477,0.9510565162951536,23.6,48,441.0,4.39,0.484809620246337,0.8746197071393957,32.1,18,547.0,4.73,0.6427876096865393,0.766044443118978,27.5,32,420.0,4.99,0.3420201433256687,0.9396926207859084,6.975000000000001,open-meteo,2026-08-08T09:59:26+00:00
2026-07-11 17:00:00+00:00,DE,onshore,16.6,98,314.0,8.18,-0.3255681544571567,0.9455185755993168,23.0,51,329.0,4.49,0.5299192642332049,0.848048096156426,31.0,18,384.0,5.71,0.6293203910498374,0.7771459614569709,26.6,37,285.0,5.33,0.6946583704589973,0.7193398003386512,6.299999999999997,open-meteo,2026-08-08T09:59:26+00:00
2026-07-11 18:00:00+00:00,DE,onshore,17.2,97,190.0,9.65,-0.2588190451025207,0.9659258262890684,22.6,54,181.0,3.76,0.2588190451025207,0.9659258262890684,29.9,29,218.0,6.23,0.7071067811865475,0.7071067811865476,26.2,36,193.0,6.25,0.2419218955996677,0.9702957262759964,5.974999999999998,open-meteo,2026-08-08T09:59:26+00:00
2026-07-11 19:00:00+00:00,DE,onshore,17.6,94,91.0,9.98,-0.3090169943749477,0.9510565162951536,21.1,60,67.0,4.51,0.0174524064372835,0.9998476951563912,27.7,34,75.0,8.11,0.7986355100472928,0.6018150231520483,23.8,47,72.0,5.87,0.2588190451025207,0.9659258262890684,4.550000000000001,open-meteo,2026-08-08T09:59:26+00:00
2026-07-11 20:00:00+00:00,DE,onshore,17.6,92,16.0,9.25,-0.2249510543438653,0.9743700647852352,19.2,68,5.0,3.72,-2.4492935982947064e-16,1.0,25.9,35,4.0,8.41,0.754709580222772,0.6560590289905073,21.1,57,5.0,5.89,0.7193398003386511,0.6946583704589973,2.95,open-meteo,2026-08-08T09:59:26+00:00
2026-07-11 21:00:00+00:00,DE,onshore,17.7,94,0.0,7.42,-0.2079116908177598,0.9781476007338056,18.5,72,0.0,3.55,-0.4067366430758001,0.9135454576426008,24.8,41,0.0,7.45,0.90630778703665,0.4226182617406994,19.7,68,0.0,6.31,0.5877852522924731,0.8090169943749475,2.1750000000000007,open-meteo,2026-08-08T09:59:26+00:00
2026-07-11 22:00:00+00:00,DE,onshore,17.7,93,0.0,7.53,-0.3583679495453007,0.9335804264972016,17.5,72,0.0,4.35,-0.5877852522924734,0.8090169943749473,23.3,43,0.0,6.66,0.9396926207859084,0.3420201433256688,18.6,73,0.0,4.65,0.6691306063588582,0.7431448254773942,1.2749999999999986,open-meteo,2026-08-08T09:59:26+00:00
2026-07-11 23:00:00+00:00,DE,onshore,17.4,93,0.0,6.67,-0.4067366430758001,0.9135454576426008,16.6,76,0.0,5.27,-0.8191520442889918,0.573576436351046,22.2,45,0.0,5.96,0.90630778703665,0.4226182617406994,17.2,81,0.0,3.04,0.0697564737441253,0.9975640502598242,0.3500000000000014,open-meteo,2026-08-08T09:59:26+00:00
2026-07-12 00:00:00+00:00,DE,onshore,17.6,94,0.0,5.26,-0.4539904997395469,0.8910065241883678,15.9,79,0.0,8.37,-0.8386705679454243,0.5446390350150266,21.3,46,0.0,5.83,0.8746197071393957,0.4848096202463371,15.5,88,0.0,2.42,-0.529919264233205,0.8480480961564258,0.4250000000000007,open-meteo,2026-08-08T09:59:26+00:00
2026-07-12 01:00:00+00:00,DE,onshore,18.0,92,0.0,5.33,-0.5877852522924734,0.8090169943749473,15.7,84,0.0,8.18,-0.6946583704589976,0.7193398003386509,20.0,51,0.0,4.19,0.9612616959383188,0.2756373558169991,15.0,88,0.0,3.6,-0.7071067811865477,0.7071067811865474,0.8249999999999993,open-meteo,2026-08-08T09:59:26+00:00
2026-07-12 02:00:00+00:00,DE,onshore,18.2,89,0.0,7.14,-0.4539904997395469,0.8910065241883678,15.2,90,0.0,7.71,-0.6560590289905074,0.7547095802227719,18.6,55,0.0,3.05,0.9945218953682732,0.1045284632676534,14.9,86,0.0,5.14,-0.8571673007021123,0.5150380749100542,1.2749999999999986,open-meteo,2026-08-08T09:59:26+00:00
2026-07-12 03:00:00+00:00,DE,onshore,18.2,83,0.0,7.89,-0.2419218955996678,0.9702957262759964,15.0,92,0.0,6.05,-0.4848096202463369,0.8746197071393959,17.3,58,0.0,4.28,0.9396926207859084,0.3420201433256688,14.9,83,0.0,6.12,-0.8480480961564262,0.5299192642332047,1.6499999999999986,open-meteo,2026-08-08T09:59:26+00:00
2026-07-12 04:00:00+00:00,DE,onshore,18.3,79,15.0,7.93,-0.1564344650402311,0.9876883405951375,15.2,93,31.0,6.19,-0.3907311284892739,0.9205048534524404,17.5,58,3.0,4.46,0.9455185755993168,0.3255681544571567,15.5,82,18.0,6.72,-0.8571673007021123,0.5150380749100542,1.375,open-meteo,2026-08-08T09:59:26+00:00
2026-07-12 05:00:00+00:00,DE,onshore,18.3,77,93.0,8.44,-0.1564344650402311,0.9876883405951375,16.9,86,129.0,6.66,-0.5877852522924734,0.8090169943749473,18.6,56,73.0,3.95,0.9205048534524404,0.3907311284892737,18.0,74,82.0,7.58,-0.8386705679454243,0.5446390350150266,0.0499999999999971,open-meteo,2026-08-08T09:59:26+00:00
2026-07-12 06:00:00+00:00,DE,onshore,18.3,80,217.0,8.17,-0.2419218955996678,0.9702957262759964,19.2,75,246.0,3.67,-0.5591929034707466,0.8290375725550418,21.5,47,209.0,1.88,0.8829475928589269,0.4694715627858908,20.4,67,169.0,6.05,-0.7660444431189781,0.6427876096865393,1.8500000000000016,open-meteo,2026-08-08T09:59:26+00:00
2026-07-12 07:00:00+00:00,DE,onshore,18.3,80,362.0,8.98,-0.4539904997395469,0.8910065241883678,21.4,68,406.0,3.69,-0.6427876096865396,0.7660444431189778,23.5,42,374.0,3.07,0.8910065241883679,0.4539904997395468,22.2,60,386.0,4.99,-0.6819983600624984,0.7313537016191707,3.3500000000000014,open-meteo,2026-08-08T09:59:26+00:00
2026-07-12 08:00:00+00:00,DE,onshore,18.2,79,472.0,9.77,-0.4694715627858908,0.882947592858927,23.5,61,554.0,4.04,-0.6293203910498378,0.7771459614569706,25.2,40,538.0,2.98,0.9205048534524404,0.3907311284892737,24.0,53,538.0,4.78,-0.7313537016191703,0.6819983600624987,4.725000000000001,open-meteo,2026-08-08T09:59:26+00:00
2026-07-12 09:00:00+00:00,DE,onshore,18.4,78,496.0,9.77,-0.4539904997395469,0.8910065241883678,25.4,52,663.0,4.46,-0.3255681544571567,0.9455185755993168,27.5,36,682.0,3.51,0.8090169943749475,0.5877852522924731,26.7,39,671.0,4.74,-0.6156614753256582,0.7880107536067221,6.5,open-meteo,2026-08-08T09:59:26+00:00
2026-07-12 10:00:00+00:00,DE,onshore,18.1,80,653.0,8.61,-0.3907311284892739,0.9205048534524404,26.7,44,558.0,5.74,-0.1391731009600658,0.9902680687415704,29.2,29,794.0,5.0,0.9993908270190958,0.034899496702501,28.2,35,773.0,5.06,-0.529919264233205,0.8480480961564258,7.550000000000001,open-meteo,2026-08-08T09:59:26+00:00
2026-07-12 11:00:00+00:00,DE,onshore,17.7,83,755.0,8.93,-0.3583679495453007,0.9335804264972016,27.7,39,806.0,7.39,0.1045284632676534,0.9945218953682732,30.1,26,869.0,5.27,0.984807753012208,0.1736481776669304,29.4,33,828.0,4.95,-0.4226182617406992,0.90630778703665,8.225000000000001,open-meteo,2026-08-08T09:59:26+00:00
2026-07-12 12:00:00+00:00,DE,onshore,17.6,76,711.0,8.19,-0.3583679495453007,0.9335804264972016,28.0,38,827.0,7.52,0.1391731009600654,0.9902680687415704,30.9,22,892.0,4.61,0.788010753606722,0.6156614753256583,29.6,38,840.0,5.76,-0.3090169943749477,0.9510565162951536,8.524999999999999,open-meteo,2026-08-08T09:59:26+00:00
2026-07-12 13:00:00+00:00,DE,onshore,17.2,84,738.0,7.28,-0.4067366430758001,0.9135454576426008,28.1,37,784.0,7.78,0.1908089953765448,0.981627183447664,31.2,21,871.0,4.93,0.9563047559630354,0.2923717047227367,30.0,38,802.0,6.19,-0.1908089953765446,0.981627183447664,8.625,open-meteo,2026-08-08T09:59:26+00:00
2026-07-12 14:00:00+00:00,DE,onshore,17.3,82,678.0,6.27,-0.4848096202463369,0.8746197071393959,27.4,33,673.0,7.34,0.5591929034707469,0.8290375725550417,31.1,20,800.0,6.26,0.9396926207859084,0.3420201433256688,30.3,36,677.0,6.44,-0.2249510543438653,0.9743700647852352,8.525000000000002,open-meteo,2026-08-08T09:59:26+00:00
2026-07-12 15:00:00+00:00,DE,onshore,17.7,84,555.0,6.34,-0.6293203910498378,0.7771459614569706,26.8,37,611.0,7.51,0.5877852522924731,0.8090169943749475,31.2,19,689.0,7.46,0.9205048534524404,0.3907311284892737,30.0,36,494.0,6.82,-0.2079116908177598,0.9781476007338056,8.425,open-meteo,2026-08-08T09:59:26+00:00
2026-07-12 16:00:00+00:00,DE,onshore,17.6,89,453.0,6.1,-0.6691306063588581,0.7431448254773944,25.9,35,471.0,6.8,0.5877852522924731,0.8090169943749475,30.9,22,545.0,3.57,0.9335804264972016,0.3583679495453004,29.7,37,456.0,6.18,-0.2588190451025207,0.9659258262890684,8.025000000000002,open-meteo,2026-08-08T09:59:26+00:00
2026-07-12 17:00:00+00:00,DE,onshore,17.7,86,351.0,7.01,-0.8386705679454243,0.5446390350150266,23.4,53,327.0,6.14,0.7771459614569709,0.6293203910498374,30.3,22,378.0,5.31,0.9975640502598242,0.0697564737441252,29.1,36,335.0,5.4,0.2756373558169991,0.9612616959383188,7.125,open-meteo,2026-08-08T09:59:26+00:00
2026-07-12 18:00:00+00:00,DE,onshore,17.5,88,228.0,6.25,-0.8480480961564262,0.5299192642332047,22.6,55,184.0,5.47,0.8090169943749475,0.5877852522924731,29.7,26,214.0,4.46,0.5446390350150271,0.838670567945424,28.2,40,191.0,6.6,0.3090169943749474,0.9510565162951536,6.5,open-meteo,2026-08-08T09:59:26+00:00
2026-07-12 19:00:00+00:00,DE,onshore,18.0,87,83.0,5.79,-0.9135454576426012,0.4067366430757997,21.1,61,53.0,5.33,0.848048096156426,0.5299192642332049,27.8,31,72.0,5.46,0.9876883405951378,0.1564344650402309,26.0,47,69.0,8.01,0.2588190451025207,0.9659258262890684,5.225000000000001,open-meteo,2026-08-08T09:59:26+00:00
2026-07-12 20:00:00+00:00,DE,onshore,18.3,85,15.0,4.6,-0.8910065241883679,0.4539904997395466,19.0,75,3.0,5.96,0.8910065241883679,0.4539904997395468,25.1,38,4.0,4.92,0.9945218953682732,0.1045284632676534,24.1,53,5.0,9.39,0.2419218955996677,0.9702957262759964,3.625,open-meteo,2026-08-08T09:59:26+00:00
2026-07-12 21:00:00+00:00,DE,onshore,17.9,87,0.0,2.78,-0.7771459614569708,0.6293203910498375,17.5,85,0.0,5.54,0.6946583704589973,0.7193398003386512,23.2,45,0.0,4.71,0.9993908270190958,0.034899496702501,22.5,63,0.0,6.66,0.838670567945424,0.5446390350150271,2.2749999999999986,open-meteo,2026-08-08T09:59:26+00:00
2026-07-12 22:00:00+00:00,DE,onshore,17.8,87,0.0,1.1,-0.4539904997395469,0.8910065241883678,16.7,89,0.0,6.73,0.7431448254773942,0.6691306063588582,22.2,47,0.0,5.13,0.992546151641322,-0.1218693434051473,20.6,67,0.0,6.91,0.9510565162951536,0.3090169943749474,1.3250000000000028,open-meteo,2026-08-08T09:59:26+00:00
2026-07-12 23:00:00+00:00,DE,onshore,17.8,86,0.0,0.69,1.0,6.123233995736766e-17,15.9,92,0.0,6.4,0.766044443118978,0.6427876096865394,21.3,50,0.0,5.71,0.9781476007338056,-0.2079116908177593,19.2,62,0.0,7.15,0.9743700647852352,0.2249510543438649,0.5500000000000007,open-meteo,2026-08-08T09:59:26+00:00
2026-07-13 00:00:00+00:00,DE,onshore,17.3,86,0.0,0.71,0.5591929034707469,-0.8290375725550416,15.1,95,0.0,5.13,0.6691306063588582,0.7431448254773942,19.8,53,0.0,5.21,0.9396926207859084,-0.3420201433256687,18.2,71,0.0,3.97,0.9612616959383188,0.2756373558169991,0.3999999999999986,open-meteo,2026-08-08T09:59:26+00:00
2026-07-13 01:00:00+00:00,DE,onshore,17.3,86,0.0,1.33,0.9563047559630355,-0.2923717047227366,14.8,96,0.0,5.62,0.6560590289905073,0.754709580222772,19.2,58,0.0,3.84,0.9455185755993168,-0.3255681544571566,17.5,75,0.0,2.94,0.8660254037844386,0.5000000000000001,0.8000000000000007,open-meteo,2026-08-08T09:59:26+00:00
2026-07-13 02:00:00+00:00,DE,onshore,17.4,86,0.0,1.71,0.9743700647852352,-0.224951054343865,14.5,98,0.0,6.1,0.7431448254773942,0.6691306063588582,18.7,61,0.0,4.21,1.0,6.123233995736766e-17,16.3,82,0.0,3.64,0.8910065241883679,0.4539904997395468,1.275000000000002,open-meteo,2026-08-08T09:59:26+00:00
2026-07-13 03:00:00+00:00,DE,onshore,17.7,82,0.0,1.12,0.788010753606722,-0.6156614753256583,14.8,99,0.0,6.25,0.754709580222772,0.6560590289905073,17.6,66,0.0,4.04,0.9945218953682732,-0.1045284632676535,15.6,86,0.0,2.39,0.573576436351046,0.8191520442889918,1.5749999999999993,open-meteo,2026-08-08T09:59:26+00:00
2026-07-13 04:00:00+00:00,DE,onshore,17.6,84,14.0,2.33,0.9271838545667874,0.3746065934159119,15.3,99,27.0,6.31,0.7431448254773942,0.6691306063588582,17.3,67,3.0,3.59,0.981627183447664,0.1908089953765449,15.7,88,19.0,2.69,0.838670567945424,0.5446390350150271,1.5249999999999986,open-meteo,2026-08-08T09:59:26+00:00
2026-07-13 05:00:00+00:00,DE,onshore,17.2,88,89.0,2.81,0.90630778703665,0.4226182617406994,16.9,92,121.0,5.83,0.754709580222772,0.6560590289905073,18.4,66,70.0,2.71,0.9743700647852352,0.2249510543438649,17.1,84,105.0,3.13,0.9396926207859084,0.3420201433256688,0.6000000000000014,open-meteo,2026-08-08T09:59:26+00:00
2026-07-13 06:00:00+00:00,DE,onshore,17.3,87,229.0,2.89,0.9135454576426008,0.4067366430758002,18.7,81,240.0,5.82,0.6946583704589973,0.7193398003386512,22.0,51,207.0,2.36,0.9961946980917455,0.0871557427476581,19.5,69,229.0,1.81,0.754709580222772,0.6560590289905073,1.375,open-meteo,2026-08-08T09:59:26+00:00
2026-07-13 07:00:00+00:00,DE,onshore,16.3,100,357.0,2.55,0.9993908270190958,-0.0348994967025009,20.3,74,388.0,5.68,0.7071067811865475,0.7071067811865476,24.8,41,370.0,3.27,0.9876883405951378,0.1564344650402309,21.3,63,395.0,2.02,0.6293203910498374,0.7771459614569709,2.6750000000000007,open-meteo,2026-08-08T09:59:26+00:00
2026-07-13 08:00:00+00:00,DE,onshore,17.3,89,498.0,1.75,0.8910065241883679,-0.4539904997395467,21.9,68,527.0,5.54,0.6946583704589973,0.7193398003386512,26.9,38,535.0,3.59,0.9563047559630354,0.2923717047227367,23.3,59,541.0,2.29,0.5150380749100542,0.8571673007021123,4.349999999999998,open-meteo,2026-08-08T09:59:26+00:00
2026-07-13 09:00:00+00:00,DE,onshore,17.5,90,643.0,1.29,0.9876883405951378,0.1564344650402309,22.9,64,636.0,5.82,0.5877852522924731,0.8090169943749475,29.3,38,677.0,3.04,0.9335804264972016,0.3583679495453004,26.1,49,668.0,3.46,0.484809620246337,0.8746197071393957,5.950000000000003,open-meteo,2026-08-08T09:59:26+00:00
2026-07-13 10:00:00+00:00,DE,onshore,18.4,82,742.0,2.91,0.5446390350150271,0.838670567945424,23.5,62,714.0,6.82,0.6293203910498374,0.7771459614569709,31.1,27,792.0,5.96,0.9876883405951378,-0.1564344650402308,27.4,45,746.0,4.67,0.6293203910498374,0.7771459614569709,7.100000000000001,open-meteo,2026-08-08T09:59:26+00:00
2026-07-13 11:00:00+00:00,DE,onshore,19.0,79,805.0,3.95,0.6946583704589973,0.7193398003386512,24.4,58,736.0,6.8,0.6560590289905073,0.754709580222772,32.9,24,862.0,4.44,0.8571673007021123,-0.5150380749100543,28.2,43,684.0,5.77,0.766044443118978,0.6427876096865394,8.125,open-meteo,2026-08-08T09:59:26+00:00
2026-07-13 12:00:00+00:00,DE,onshore,18.4,82,826.0,3.8,0.573576436351046,0.8191520442889918,24.7,54,702.0,6.52,0.7313537016191705,0.6819983600624985,32.9,24,887.0,5.29,0.777145961456971,-0.6293203910498373,29.1,37,653.0,5.96,0.7071067811865475,0.7071067811865476,8.274999999999999,open-meteo,2026-08-08T09:59:26+00:00
2026-07-13 13:00:00+00:00,DE,onshore,19.2,89,800.0,5.04,0.4539904997395468,0.8910065241883679,24.7,52,752.0,7.0,0.7313537016191705,0.6819983600624985,33.1,23,835.0,3.65,0.8571673007021123,-0.5150380749100543,29.0,38,690.0,7.21,0.7193398003386511,0.6946583704589973,8.5,open-meteo,2026-08-08T09:59:26+00:00
2026-07-13 14:00:00+00:00,DE,onshore,19.7,85,734.0,5.7,0.3255681544571567,0.9455185755993168,24.2,52,655.0,7.69,0.7313537016191705,0.6819983600624985,33.1,23,663.0,3.13,0.8480480961564261,-0.5299192642332048,29.6,37,654.0,3.55,0.9135454576426008,0.4067366430758002,8.649999999999999,open-meteo,2026-08-08T09:59:26+00:00
2026-07-13 15:00:00+00:00,DE,onshore,20.6,84,630.0,6.14,0.484809620246337,0.8746197071393957,23.6,51,557.0,8.39,0.7313537016191705,0.6819983600624985,33.1,23,478.0,3.44,0.9961946980917455,0.0871557427476581,29.5,38,518.0,5.68,0.8090169943749475,0.5877852522924731,8.700000000000003,open-meteo,2026-08-08T09:59:26+00:00
2026-07-13 16:00:00+00:00,DE,onshore,20.7,86,470.0,7.69,0.992546151641322,0.1218693434051474,22.2,54,406.0,8.51,0.788010753606722,0.6156614753256583,32.6,28,368.0,2.28,0.90630778703665,-0.4226182617406993,29.0,40,451.0,4.92,0.6946583704589973,0.7193398003386512,8.125,open-meteo,2026-08-08T09:59:26+00:00
2026-07-13 17:00:00+00:00,DE,onshore,21.0,74,350.0,11.1,0.9975640502598242,0.0697564737441252,21.0,59,303.0,7.84,0.7431448254773942,0.6691306063588582,31.9,28,269.0,1.62,0.9702957262759964,-0.2419218955996677,28.4,41,294.0,6.4,0.766044443118978,0.6427876096865394,7.575000000000003,open-meteo,2026-08-08T09:59:26+00:00
2026-07-13 18:00:00+00:00,DE,onshore,21.4,72,203.0,9.78,0.981627183447664,-0.1908089953765448,19.6,67,167.0,7.1,0.8191520442889918,0.573576436351046,31.5,26,197.0,2.87,0.9902680687415704,0.1391731009600654,26.7,47,176.0,7.94,0.838670567945424,0.5446390350150271,6.800000000000001,open-meteo,2026-08-08T09:59:26+00:00
2026-07-13 19:00:00+00:00,DE,onshore,20.5,77,88.0,9.41,1.0,6.123233995736766e-17,18.4,70,55.0,6.46,0.6560590289905073,0.754709580222772,28.9,32,69.0,2.97,0.9563047559630354,0.2923717047227367,25.0,53,68.0,7.98,0.8829475928589269,0.4694715627858908,5.199999999999999,open-meteo,2026-08-08T09:59:26+00:00
2026-07-13 20:00:00+00:00,DE,onshore,20.4,81,16.0,8.43,0.9998476951563912,0.0174524064372836,16.9,78,4.0,7.91,0.7431448254773942,0.6691306063588582,26.4,38,2.0,4.93,0.9563047559630355,-0.2923717047227366,22.9,63,4.0,10.05,0.7071067811865475,0.7071067811865476,3.649999999999999,open-meteo,2026-08-08T09:59:26+00:00
2026-07-13 21:00:00+00:00,DE,onshore,20.7,81,0.0,8.13,0.9998476951563912,0.0174524064372836,15.8,87,0.0,8.11,0.6819983600624985,0.7313537016191705,24.9,44,0.0,5.0,0.8829475928589269,-0.4694715627858909,21.5,68,0.0,8.57,0.8571673007021123,0.5150380749100542,2.7250000000000014,open-meteo,2026-08-08T09:59:26+00:00
2026-07-13 22:00:00+00:00,DE,onshore,19.8,83,0.0,7.84,1.0,6.123233995736766e-17,15.3,97,0.0,8.92,0.7771459614569709,0.6293203910498374,23.9,49,0.0,3.41,0.777145961456971,-0.6293203910498373,20.2,73,0.0,7.98,0.8746197071393957,0.4848096202463371,1.8000000000000007,open-meteo,2026-08-08T09:59:26+00:00
2026-07-13 23:00:00+00:00,DE,onshore,19.5,82,0.0,8.46,0.984807753012208,-0.1736481776669303,15.3,95,0.0,8.75,0.848048096156426,0.5299192642332049,23.0,53,0.0,2.63,0.7071067811865476,-0.7071067811865475,19.2,76,0.0,6.22,0.8987940462991669,0.4383711467890774,1.25,open-meteo,2026-08-08T09:59:26+00:00
2026-07-14 00:00:00+00:00,DE,onshore,19.4,84,0.0,8.93,0.9986295347545738,-0.0523359562429438,14.9,92,0.0,8.46,0.8910065241883679,0.4539904997395468,22.1,52,0.0,3.2,0.9205048534524404,0.3907311284892737,18.7,80,0.0,4.61,0.788010753606722,0.6156614753256583,0.7749999999999986,open-meteo,2026-08-08T09:59:26+00:00
2026-07-14 01:00:00+00:00,DE,onshore,19.3,84,0.0,9.84,0.9961946980917455,0.0871557427476581,14.5,89,0.0,7.87,0.9563047559630354,0.2923717047227367,21.3,58,0.0,3.16,0.992546151641322,-0.1218693434051473,18.0,82,0.0,3.21,0.5150380749100542,0.8571673007021123,0.2749999999999986,open-meteo,2026-08-08T09:59:26+00:00
2026-07-14 02:00:00+00:00,DE,onshore,19.2,84,0.0,10.1,0.9993908270190958,0.034899496702501,13.9,85,0.0,7.89,0.90630778703665,0.4226182617406994,20.6,61,0.0,2.4,0.9781476007338056,-0.2079116908177593,17.6,85,0.0,1.02,0.2923717047227367,0.9563047559630354,0.1749999999999971,open-meteo,2026-08-08T09:59:26+00:00
2026-07-14 03:00:00+00:00,DE,onshore,19.0,83,0.0,10.11,0.9975640502598242,0.0697564737441252,13.2,87,0.0,7.94,0.9135454576426008,0.4067366430758002,20.0,61,0.0,3.38,0.9563047559630354,0.2923717047227367,17.5,88,0.0,3.07,0.9271838545667874,0.3746065934159119,0.5749999999999993,open-meteo,2026-08-08T09:59:26+00:00
2026-07-14 04:00:00+00:00,DE,onshore,18.6,81,13.0,9.51,0.9993908270190958,0.034899496702501,13.5,83,27.0,8.61,0.9455185755993168,0.3255681544571567,20.0,67,1.0,2.67,0.9902680687415704,0.1391731009600654,16.9,89,7.0,7.53,0.848048096156426,0.5299192642332049,0.75,open-meteo,2026-08-08T09:59:26+00:00
2026-07-14 05:00:00+00:00,DE,onshore,18.4,83,92.0,7.94,0.9998476951563912,0.0174524064372836,15.0,73,112.0,9.26,0.984807753012208,0.1736481776669304,19.9,69,25.0,3.29,0.8660254037844387,-0.4999999999999998,16.7,91,22.0,3.51,0.5877852522924731,0.8090169943749475,0.5,open-meteo,2026-08-08T09:59:26+00:00
2026-07-14 06:00:00+00:00,DE,onshore,18.6,84,222.0,6.82,0.9612616959383188,0.2756373558169991,17.1,62,226.0,4.46,0.9876883405951378,0.1564344650402309,21.9,59,54.0,8.86,-0.9945218953682734,-0.1045284632676533,17.4,87,88.0,3.7,0.848048096156426,0.5299192642332049,0.75,open-meteo,2026-08-08T09:59:26+00:00
2026-07-14 07:00:00+00:00,DE,onshore,18.8,81,367.0,6.29,0.9510565162951536,0.3090169943749474,18.7,55,322.0,5.35,0.9702957262759964,0.2419218955996676,22.7,60,125.0,4.93,-0.9563047559630352,-0.2923717047227371,18.2,85,140.0,3.56,0.848048096156426,0.5299192642332049,1.6000000000000014,open-meteo,2026-08-08T09:59:26+00:00
2026-07-14 08:00:00+00:00,DE,onshore,19.5,77,511.0,6.47,0.8191520442889918,0.573576436351046,20.2,51,419.0,6.54,0.9876883405951378,0.1564344650402309,24.2,59,260.0,0.35,-0.8290375725550416,0.559192903470747,19.5,81,226.0,4.69,0.981627183447664,0.1908089953765449,2.8500000000000014,open-meteo,2026-08-08T09:59:26+00:00
2026-07-14 09:00:00+00:00,DE,onshore,20.7,74,640.0,6.18,0.7431448254773942,0.6691306063588582,21.7,49,462.0,6.83,0.9902680687415704,0.1391731009600654,27.3,50,591.0,1.62,0.2419218955996677,-0.9702957262759964,21.0,76,284.0,4.48,0.9205048534524404,0.3907311284892737,4.675000000000001,open-meteo,2026-08-08T09:59:26+00:00
2026-07-14 10:00:00+00:00,DE,onshore,20.9,77,736.0,4.97,0.848048096156426,0.5299192642332049,23.2,46,623.0,5.72,0.992546151641322,0.1218693434051474,29.1,45,759.0,1.95,0.3090169943749475,-0.9510565162951536,21.4,74,520.0,5.45,0.9510565162951536,0.3090169943749474,5.649999999999999,open-meteo,2026-08-08T09:59:26+00:00
2026-07-14 11:00:00+00:00,DE,onshore,21.2,79,789.0,4.29,0.8191520442889918,0.573576436351046,24.1,43,788.0,5.83,0.8910065241883679,0.4539904997395468,31.1,41,821.0,2.16,1.2246467991473532e-16,-1.0,21.7,75,357.0,4.52,0.9975640502598242,-0.0697564737441253,6.525000000000002,open-meteo,2026-08-08T09:59:26+00:00
2026-07-14 12:00:00+00:00,DE,onshore,21.4,79,795.0,4.09,0.7193398003386511,0.6946583704589973,24.4,38,783.0,6.4,0.8910065241883679,0.4539904997395468,32.0,33,668.0,2.24,-0.9205048534524404,-0.3907311284892738,23.8,57,652.0,4.71,0.9993908270190958,0.034899496702501,7.399999999999999,open-meteo,2026-08-08T09:59:26+00:00
2026-07-14 13:00:00+00:00,DE,onshore,21.8,74,799.0,5.71,0.5150380749100542,0.8571673007021123,24.7,41,744.0,6.37,0.8571673007021123,0.5150380749100542,32.3,32,580.0,4.87,-0.9659258262890684,0.2588190451025203,23.6,60,413.0,6.48,0.9986295347545738,-0.0523359562429438,7.600000000000001,open-meteo,2026-08-08T09:59:26+00:00
2026-07-14 14:00:00+00:00,DE,onshore,22.0,68,741.0,7.31,0.6293203910498374,0.7771459614569709,24.6,41,688.0,6.79,0.8829475928589269,0.4694715627858908,32.5,27,602.0,3.9,-0.9781476007338056,0.2079116908177594,23.2,54,388.0,6.18,0.9975640502598242,0.0697564737441252,7.574999999999999,open-meteo,2026-08-08T09:59:26+00:00
2026-07-14 15:00:00+00:00,DE,onshore,21.7,76,648.0,6.71,0.4226182617406994,0.90630778703665,23.7,44,531.0,6.76,0.7771459614569709,0.6293203910498374,33.0,28,527.0,2.99,-0.8480480961564262,0.5299192642332047,25.0,47,316.0,4.72,0.9961946980917455,0.0871557427476581,7.850000000000001,open-meteo,2026-08-08T09:59:26+00:00
2026-07-14 16:00:00+00:00,DE,onshore,21.5,75,522.0,7.18,0.6293203910498374,0.7771459614569709,23.0,46,412.0,7.63,0.7431448254773942,0.6691306063588582,32.6,31,486.0,4.99,-0.6819983600624984,0.7313537016191707,25.1,39,367.0,5.78,0.8987940462991669,0.4383711467890774,7.549999999999997,open-meteo,2026-08-08T09:59:26+00:00
2026-07-14 17:00:00+00:00,DE,onshore,21.8,72,383.0,7.15,0.754709580222772,0.6560590289905073,21.6,48,206.0,7.12,0.788010753606722,0.6156614753256583,31.4,34,322.0,5.33,-0.5877852522924734,0.8090169943749473,24.4,39,195.0,4.95,0.8290375725550417,0.5591929034707468,6.800000000000004,open-meteo,2026-08-08T09:59:26+00:00
2026-07-14 18:00:00+00:00,DE,onshore,22.6,61,237.0,7.44,0.9335804264972016,0.3583679495453004,21.0,49,106.0,6.61,0.8191520442889918,0.573576436351046,30.2,37,179.0,4.82,-0.4067366430758001,0.9135454576426008,24.0,36,129.0,5.65,0.5591929034707469,0.8290375725550417,6.449999999999999,open-meteo,2026-08-08T09:59:26+00:00
2026-07-14 19:00:00+00:00,DE,onshore,22.2,64,106.0,6.46,0.984807753012208,0.1736481776669304,19.6,56,48.0,6.93,0.838670567945424,0.5446390350150271,28.4,40,50.0,11.31,0.4226182617406994,0.90630778703665,23.1,39,33.0,4.65,0.8191520442889918,0.573576436351046,5.324999999999996,open-meteo,2026-08-08T09:59:26+00:00
2026-07-14 20:00:00+00:00,DE,onshore,20.8,83,16.0,3.57,0.2756373558169991,0.9612616959383188,18.3,65,2.0,7.27,0.8910065241883679,0.4539904997395468,24.5,61,2.0,4.67,0.838670567945424,0.5446390350150271,20.8,51,2.0,6.72,0.7313537016191705,0.6819983600624985,3.1000000000000014,open-meteo,2026-08-08T09:59:26+00:00
2026-07-14 21:00:00+00:00,DE,onshore,21.0,81,0.0,3.33,0.4067366430758002,0.9135454576426008,17.1,68,0.0,7.02,0.8660254037844386,0.5000000000000001,23.7,65,0.0,2.85,0.9975640502598242,0.0697564737441252,19.5,60,0.0,8.72,0.838670567945424,0.5446390350150271,2.325,open-meteo,2026-08-08T09:59:26+00:00
2026-07-14 22:00:00+00:00,DE,onshore,20.9,78,0.0,3.51,0.9205048534524404,0.3907311284892737,16.3,72,0.0,6.92,0.8910065241883679,0.4539904997395468,22.6,69,0.0,2.46,0.9961946980917455,-0.0871557427476582,18.6,65,0.0,7.69,0.8290375725550417,0.5591929034707468,1.6000000000000014,open-meteo,2026-08-08T09:59:26+00:00
2026-07-14 23:00:00+00:00,DE,onshore,20.5,78,0.0,4.67,0.984807753012208,0.1736481776669304,15.7,78,0.0,6.79,0.7071067811865475,0.7071067811865476,21.7,68,0.0,3.72,0.9993908270190958,0.034899496702501,18.0,67,0.0,7.55,0.8660254037844386,0.5000000000000001,0.9750000000000014,open-meteo,2026-08-08T09:59:26+00:00
2026-07-15 00:00:00+00:00,DE,onshore,20.1,79,0.0,4.33,0.9743700647852352,0.2249510543438649,14.6,84,0.0,7.63,0.7313537016191705,0.6819983600624985,21.6,71,0.0,2.45,1.0,6.123233995736766e-17,16.8,68,0.0,6.82,0.848048096156426,0.5299192642332049,0.2750000000000021,open-meteo,2026-08-08T09:59:26+00:00
2026-07-15 01:00:00+00:00,DE,onshore,19.9,78,0.0,4.09,0.9335804264972016,0.3583679495453004,13.8,87,0.0,7.04,0.8191520442889918,0.573576436351046,20.6,74,0.0,0.63,0.6293203910498374,-0.7771459614569709,15.3,76,0.0,5.98,0.848048096156426,0.5299192642332049,0.5999999999999979,open-meteo,2026-08-08T09:59:26+00:00
2026-07-15 02:00:00+00:00,DE,onshore,19.5,77,0.0,4.02,0.9743700647852352,0.2249510543438649,13.7,89,0.0,6.5,0.9205048534524404,0.3907311284892737,19.8,75,0.0,1.18,0.9961946980917455,-0.0871557427476582,14.3,81,0.0,6.74,0.754709580222772,0.6560590289905073,1.1750000000000007,open-meteo,2026-08-08T09:59:26+00:00
2026-07-15 03:00:00+00:00,DE,onshore,19.7,79,0.0,4.86,0.9876883405951378,0.1564344650402309,12.7,96,0.0,5.19,0.9271838545667874,0.3746065934159119,19.6,80,0.0,1.19,0.1564344650402309,-0.9876883405951375,13.9,82,0.0,6.96,0.7771459614569709,0.6293203910498374,1.5249999999999986,open-meteo,2026-08-08T09:59:26+00:00
2026-07-15 04:00:00+00:00,DE,onshore,19.3,79,13.0,4.41,0.9986295347545738,-0.0523359562429438,12.8,98,27.0,5.11,0.9563047559630354,0.2923717047227367,19.0,83,2.0,2.67,0.8090169943749475,0.5877852522924731,14.4,79,15.0,6.31,0.8090169943749475,0.5877852522924731,1.625,open-meteo,2026-08-08T09:59:26+00:00
2026-07-15 05:00:00+00:00,DE,onshore,19.2,79,95.0,3.38,0.984807753012208,0.1736481776669304,14.8,94,120.0,3.61,0.9743700647852352,0.2249510543438649,19.7,85,33.0,5.06,0.6819983600624985,0.7313537016191705,15.9,71,99.0,5.06,0.848048096156426,0.5299192642332049,0.5999999999999979,open-meteo,2026-08-08T09:59:26+00:00
2026-07-15 06:00:00+00:00,DE,onshore,19.3,79,224.0,2.7,0.7193398003386511,0.6946583704589973,17.2,81,234.0,2.41,0.8910065241883679,0.4539904997395468,20.5,80,141.0,3.7,0.7986355100472928,0.6018150231520483,18.0,59,243.0,3.61,0.6819983600624985,0.7313537016191705,0.75,open-meteo,2026-08-08T09:59:26+00:00
2026-07-15 07:00:00+00:00,DE,onshore,19.3,79,368.0,2.47,0.5591929034707469,0.8290375725550417,19.2,54,418.0,3.83,0.766044443118978,0.6427876096865394,22.1,72,283.0,3.19,0.9510565162951536,-0.3090169943749473,20.5,47,382.0,4.19,0.838670567945424,0.5446390350150271,2.2749999999999986,open-meteo,2026-08-08T09:59:26+00:00
2026-07-15 08:00:00+00:00,DE,onshore,19.7,74,513.0,2.71,0.224951054343865,0.9743700647852352,20.5,52,544.0,4.74,0.788010753606722,0.6156614753256583,23.3,66,346.0,3.27,0.9876883405951378,-0.1564344650402308,22.8,42,542.0,2.98,0.9205048534524404,0.3907311284892737,3.575,open-meteo,2026-08-08T09:59:26+00:00
2026-07-15 09:00:00+00:00,DE,onshore,20.3,70,592.0,4.32,-0.0523359562429443,0.9986295347545738,21.5,51,652.0,5.31,0.8660254037844386,0.5000000000000001,25.1,54,435.0,3.67,0.9876883405951378,0.1564344650402309,24.7,36,672.0,3.5,0.981627183447664,0.1908089953765449,4.900000000000002,open-meteo,2026-08-08T09:59:26+00:00
2026-07-15 10:00:00+00:00,DE,onshore,20.6,73,515.0,5.3,-0.0523359562429443,0.9986295347545738,22.3,49,731.0,5.79,0.8829475928589269,0.4694715627858908,26.9,48,514.0,3.24,0.9986295347545738,-0.0523359562429438,25.8,34,751.0,2.4,0.9781476007338056,0.2079116908177594,5.900000000000002,open-meteo,2026-08-08T09:59:26+00:00
2026-07-15 11:00:00+00:00,DE,onshore,20.8,74,681.0,6.94,-0.2249510543438653,0.9743700647852352,23.2,42,771.0,6.01,0.8829475928589269,0.4694715627858908,27.4,47,544.0,2.2,0.9335804264972016,-0.3583679495453002,27.0,31,805.0,3.29,0.4539904997395468,0.8910065241883679,6.600000000000001,open-meteo,2026-08-08T09:59:26+00:00
2026-07-15 12:00:00+00:00,DE,onshore,20.8,75,707.0,9.02,-0.3583679495453007,0.9335804264972016,23.8,43,735.0,4.84,0.9335804264972016,0.3583679495453004,28.0,44,354.0,2.73,0.9659258262890684,0.2588190451025207,26.9,33,793.0,3.47,0.766044443118978,0.6427876096865394,6.875,open-meteo,2026-08-08T09:59:26+00:00
2026-07-15 13:00:00+00:00,DE,onshore,20.6,75,743.0,10.34,-0.2588190451025207,0.9659258262890684,24.3,46,701.0,4.3,0.8660254037844386,0.5000000000000001,28.9,44,561.0,3.23,0.9993908270190958,0.034899496702501,27.0,34,675.0,2.42,0.848048096156426,0.5299192642332049,7.200000000000003,open-meteo,2026-08-08T09:59:26+00:00
2026-07-15 14:00:00+00:00,DE,onshore,20.4,77,717.0,11.46,-0.1218693434051472,0.992546151641322,24.0,48,494.0,4.65,0.7431448254773942,0.6691306063588582,28.7,45,458.0,2.5,0.8987940462991669,-0.4383711467890775,26.7,32,523.0,6.87,0.7431448254773942,0.6691306063588582,6.949999999999999,open-meteo,2026-08-08T09:59:26+00:00
2026-07-15 15:00:00+00:00,DE,onshore,21.7,75,639.0,8.53,0.374606593415912,0.9271838545667874,24.2,47,517.0,3.86,0.8910065241883679,0.4539904997395468,29.0,41,283.0,4.1,0.766044443118978,0.6427876096865394,26.6,31,506.0,5.04,0.4067366430758002,0.9135454576426008,7.375,open-meteo,2026-08-08T09:59:26+00:00
2026-07-15 16:00:00+00:00,DE,onshore,22.7,60,525.0,9.99,0.8910065241883679,0.4539904997395468,23.6,48,405.0,4.13,0.9271838545667874,0.3746065934159119,29.2,41,276.0,3.26,0.6946583704589973,0.7193398003386512,26.4,36,472.0,4.91,0.8987940462991669,0.4383711467890774,7.475000000000001,open-meteo,2026-08-08T09:59:26+00:00
2026-07-15 17:00:00+00:00,DE,onshore,22.3,62,385.0,8.75,0.754709580222772,0.6560590289905073,22.6,56,233.0,5.38,0.838670567945424,0.5446390350150271,27.8,43,130.0,4.0,0.8090169943749475,0.5877852522924731,25.7,36,344.0,6.67,0.984807753012208,0.1736481776669304,6.600000000000001,open-meteo,2026-08-08T09:59:26+00:00
2026-07-15 18:00:00+00:00,DE,onshore,22.2,60,233.0,9.86,0.8290375725550417,0.5591929034707468,21.1,61,147.0,6.12,0.8191520442889918,0.573576436351046,26.8,50,69.0,5.92,0.6293203910498374,-0.7771459614569709,23.6,41,181.0,6.25,0.9702957262759964,0.2419218955996676,5.424999999999997,open-meteo,2026-08-08T09:59:26+00:00
2026-07-15 19:00:00+00:00,DE,onshore,21.8,66,103.0,8.94,0.788010753606722,0.6156614753256583,19.7,68,46.0,5.45,0.788010753606722,0.6156614753256583,23.8,65,39.0,3.31,0.2079116908177593,-0.9781476007338056,21.6,46,50.0,6.27,0.90630778703665,0.4226182617406994,3.7250000000000014,open-meteo,2026-08-08T09:59:26+00:00
2026-07-15 20:00:00+00:00,DE,onshore,21.4,64,16.0,10.82,0.8910065241883679,0.4539904997395468,18.0,78,3.0,6.85,0.8290375725550417,0.5591929034707468,21.9,76,2.0,3.55,0.4067366430758004,-0.9135454576426008,19.3,58,3.0,5.58,0.9510565162951536,0.3090169943749474,2.1499999999999986,open-meteo,2026-08-08T09:59:26+00:00
2026-07-15 21:00:00+00:00,DE,onshore,21.1,66,0.0,10.57,0.838670567945424,0.5446390350150271,17.7,84,0.0,6.93,0.8746197071393957,0.4848096202463371,20.4,86,0.0,3.46,0.4848096202463371,-0.8746197071393957,18.5,62,0.0,6.96,0.9702957262759964,0.2419218955996676,1.4249999999999972,open-meteo,2026-08-08T09:59:26+00:00
2026-07-15 22:00:00+00:00,DE,onshore,20.7,67,0.0,9.5,0.9271838545667874,0.3746065934159119,17.4,86,0.0,7.05,0.8910065241883679,0.4539904997395468,19.6,86,0.0,3.7,0.7986355100472927,-0.6018150231520484,17.3,63,0.0,6.37,0.9993908270190958,-0.0348994967025009,0.75,open-meteo,2026-08-08T09:59:26+00:00
2026-07-15 23:00:00+00:00,DE,onshore,20.3,67,0.0,7.98,0.9702957262759964,0.2419218955996676,17.0,88,0.0,6.92,0.8910065241883679,0.4539904997395468,18.8,91,0.0,2.85,0.7547095802227721,-0.6560590289905072,16.4,66,0.0,4.62,0.9961946980917455,-0.0871557427476582,0.125,open-meteo,2026-08-08T09:59:26+00:00
2026-07-16 00:00:00+00:00,DE,onshore,19.6,72,0.0,7.1,0.9945218953682732,0.1045284632676534,16.7,89,0.0,6.27,0.8746197071393957,0.4848096202463371,17.9,93,0.0,1.9,0.9781476007338056,-0.2079116908177593,16.4,68,0.0,5.57,0.9135454576426008,0.4067366430758002,0.3500000000000014,open-meteo,2026-08-08T09:59:26+00:00
2026-07-16 01:00:00+00:00,DE,onshore,19.5,71,0.0,7.01,0.992546151641322,0.1218693434051474,16.5,92,0.0,5.82,0.838670567945424,0.5446390350150271,17.2,95,0.0,2.59,0.6018150231520482,-0.7986355100472929,15.7,75,0.0,5.39,0.9993908270190958,0.034899496702501,0.7749999999999986,open-meteo,2026-08-08T09:59:26+00:00
2026-07-16 02:00:00+00:00,DE,onshore,19.4,72,0.0,6.76,0.9993908270190958,-0.0348994967025009,16.6,93,0.0,6.15,0.9271838545667874,0.3746065934159119,17.1,94,0.0,1.43,0.9612616959383188,-0.275637355816999,15.6,81,0.0,4.0,0.981627183447664,0.1908089953765449,0.8249999999999993,open-meteo,2026-08-08T09:59:26+00:00
2026-07-16 03:00:00+00:00,DE,onshore,19.1,75,0.0,6.27,1.0,6.123233995736766e-17,16.4,95,0.0,5.27,0.9510565162951536,0.3090169943749474,16.2,100,0.0,1.06,0.3746065934159122,-0.9271838545667872,15.8,82,0.0,3.63,0.9986295347545738,0.0523359562429439,1.125,open-meteo,2026-08-08T09:59:26+00:00
2026-07-16 04:00:00+00:00,DE,onshore,18.8,77,11.0,5.71,0.9781476007338056,-0.2079116908177593,16.7,91,9.0,5.5,0.981627183447664,0.1908089953765449,16.0,100,2.0,1.49,0.9205048534524404,-0.3907311284892737,15.5,88,16.0,1.64,0.9563047559630354,0.2923717047227367,1.25,open-meteo,2026-08-08T09:59:26+00:00
2026-07-16 05:00:00+00:00,DE,onshore,18.7,79,84.0,4.73,0.9945218953682732,-0.1045284632676535,17.4,88,46.0,5.3,0.9781476007338056,-0.2079116908177593,16.5,99,48.0,1.41,0.8290375725550417,-0.5591929034707467,16.8,88,94.0,2.08,0.9455185755993168,0.3255681544571567,0.6500000000000021,open-meteo,2026-08-08T09:59:26+00:00
2026-07-16 06:00:00+00:00,DE,onshore,19.0,80,148.0,4.83,0.9945218953682732,-0.1045284632676535,18.3,86,96.0,3.12,0.7547095802227721,-0.6560590289905072,19.7,86,168.0,1.06,0.8290375725550417,-0.5591929034707467,18.8,79,238.0,2.02,0.9702957262759964,0.2419218955996676,0.9499999999999992,open-meteo,2026-08-08T09:59:26+00:00
2026-07-16 07:00:00+00:00,DE,onshore,18.7,80,110.0,3.58,0.9876883405951378,-0.1564344650402308,19.8,82,140.0,1.77,0.9455185755993168,-0.3255681544571566,22.1,74,347.0,1.25,0.777145961456971,-0.6293203910498373,20.8,67,397.0,1.77,0.9455185755993168,0.3255681544571567,2.3500000000000014,open-meteo,2026-08-08T09:59:26+00:00
2026-07-16 08:00:00+00:00,DE,onshore,18.6,82,104.0,3.49,0.788010753606722,-0.6156614753256583,21.4,76,305.0,2.55,0.9205048534524404,0.3907311284892737,24.4,63,512.0,1.8,0.9271838545667874,-0.374606593415912,22.6,58,541.0,2.64,0.9659258262890684,-0.2588190451025208,3.75,open-meteo,2026-08-08T09:59:26+00:00
2026-07-16 09:00:00+00:00,DE,onshore,18.7,82,299.0,1.71,0.9743700647852352,0.2249510543438649,21.6,71,383.0,3.84,0.9945218953682732,-0.1045284632676535,26.6,54,657.0,1.71,0.8571673007021123,-0.5150380749100543,24.5,49,673.0,2.34,0.838670567945424,-0.5446390350150272,4.850000000000001,open-meteo,2026-08-08T09:59:26+00:00
2026-07-16 10:00:00+00:00,DE,onshore,18.9,83,573.0,3.33,0.9702957262759964,0.2419218955996676,23.9,63,481.0,3.43,0.9986295347545738,-0.0523359562429438,28.7,44,768.0,1.98,0.838670567945424,-0.5446390350150272,25.9,45,768.0,2.46,0.8746197071393959,-0.484809620246337,6.350000000000001,open-meteo,2026-08-08T09:59:26+00:00
2026-07-16 11:00:00+00:00,DE,onshore,19.2,81,434.0,3.85,0.992546151641322,0.1218693434051474,25.8,50,716.0,3.76,0.9659258262890684,-0.2588190451025208,29.6,41,768.0,2.65,0.777145961456971,-0.6293203910498373,26.9,41,818.0,1.88,0.777145961456971,-0.6293203910498373,7.375,open-meteo,2026-08-08T09:59:26+00:00
2026-07-16 12:00:00+00:00,DE,onshore,20.0,77,541.0,3.04,0.9659258262890684,0.2588190451025207,26.1,50,634.0,4.43,0.9961946980917455,-0.0871557427476582,30.3,36,668.0,2.63,0.7071067811865476,-0.7071067811865475,27.4,42,837.0,1.46,0.3420201433256689,-0.9396926207859084,7.950000000000003,open-meteo,2026-08-08T09:59:26+00:00
2026-07-16 13:00:00+00:00,DE,onshore,20.6,76,783.0,4.09,0.3583679495453002,0.9335804264972016,26.6,49,602.0,4.64,0.992546151641322,-0.1218693434051473,28.9,40,504.0,3.65,0.1045284632676537,-0.9945218953682732,28.1,37,795.0,1.62,0.4226182617406995,-0.90630778703665,8.049999999999997,open-meteo,2026-08-08T09:59:26+00:00
2026-07-16 14:00:00+00:00,DE,onshore,21.1,74,730.0,4.21,0.4694715627858908,0.882947592858927,27.0,47,544.0,3.84,0.9945218953682732,-0.1045284632676535,30.5,38,537.0,2.98,0.4539904997395468,-0.8910065241883678,28.3,34,678.0,2.02,0.3907311284892737,-0.9205048534524404,8.724999999999998,open-meteo,2026-08-08T09:59:26+00:00
2026-07-16 15:00:00+00:00,DE,onshore,21.8,74,638.0,3.98,0.6156614753256583,0.7880107536067219,27.2,45,513.0,5.3,0.9781476007338056,-0.2079116908177593,30.4,40,541.0,2.64,0.3746065934159122,-0.9271838545667872,28.7,32,593.0,1.93,0.4067366430758004,-0.9135454576426008,9.025000000000002,open-meteo,2026-08-08T09:59:26+00:00
2026-07-16 16:00:00+00:00,DE,onshore,20.6,81,405.0,7.36,0.6691306063588582,0.7431448254773942,26.3,48,378.0,6.37,0.9205048534524404,0.3907311284892737,30.5,38,502.0,2.15,0.7313537016191706,-0.6819983600624984,28.4,34,492.0,1.55,0.5735764363510459,-0.8191520442889919,8.450000000000003,open-meteo,2026-08-08T09:59:26+00:00
2026-07-16 17:00:00+00:00,DE,onshore,21.5,83,281.0,7.41,0.8829475928589269,0.4694715627858908,25.1,49,286.0,7.35,0.9335804264972016,0.3583679495453004,30.1,40,337.0,2.89,0.8829475928589269,-0.4694715627858909,28.2,35,343.0,0.63,-0.6293203910498376,-0.7771459614569708,8.225000000000001,open-meteo,2026-08-08T09:59:26+00:00
2026-07-16 18:00:00+00:00,DE,onshore,21.0,84,128.0,10.09,0.9135454576426008,0.4067366430758002,23.7,56,109.0,6.19,0.9205048534524404,0.3907311284892737,26.7,55,143.0,9.6,-0.9063077870366498,0.4226182617406996,28.0,34,192.0,0.69,-0.1391731009600658,0.9902680687415704,6.850000000000001,open-meteo,2026-08-08T09:59:26+00:00
2026-07-16 19:00:00+00:00,DE,onshore,21.2,80,58.0,9.77,0.9743700647852352,0.2249510543438649,22.2,64,32.0,5.31,0.8660254037844386,0.5000000000000001,19.9,76,8.0,3.75,0.7547095802227721,-0.6560590289905072,26.3,42,65.0,1.36,0.3583679495453002,0.9335804264972016,4.399999999999999,open-meteo,2026-08-08T09:59:26+00:00
2026-07-16 20:00:00+00:00,DE,onshore,20.9,85,11.0,9.13,0.9659258262890684,0.2588190451025207,20.2,73,2.0,6.4,0.981627183447664,0.1908089953765449,19.1,88,0.0,4.17,-0.7547095802227722,0.656059028990507,23.7,48,4.0,2.42,0.5299192642332049,0.848048096156426,2.974999999999998,open-meteo,2026-08-08T09:59:26+00:00
2026-07-16 21:00:00+00:00,DE,onshore,20.7,85,0.0,8.37,0.9945218953682732,0.1045284632676534,18.3,83,0.0,6.66,0.9998476951563912,-0.0174524064372834,18.8,91,0.0,1.18,0.7431448254773942,0.6691306063588582,21.0,61,0.0,4.88,0.788010753606722,0.6156614753256583,1.6999999999999993,open-meteo,2026-08-08T09:59:26+00:00
2026-07-16 22:00:00+00:00,DE,onshore,20.8,84,0.0,8.57,0.981627183447664,-0.1908089953765448,17.7,86,0.0,7.15,0.9743700647852352,-0.224951054343865,18.8,90,0.0,3.24,-0.0523359562429435,-0.9986295347545738,20.7,65,0.0,4.96,0.8660254037844386,0.5000000000000001,1.5,open-meteo,2026-08-08T09:59:26+00:00
2026-07-16 23:00:00+00:00,DE,onshore,20.7,84,0.0,7.28,0.981627183447664,-0.1908089953765448,17.5,89,0.0,8.33,0.90630778703665,-0.4226182617406993,18.4,90,0.0,3.72,0.4539904997395468,-0.8910065241883678,20.5,66,0.0,6.49,0.9659258262890684,0.2588190451025207,1.2749999999999986,open-meteo,2026-08-08T09:59:26+00:00
2026-07-17 00:00:00+00:00,DE,onshore,20.7,84,0.0,7.41,0.7986355100472927,-0.6018150231520484,16.8,91,0.0,7.94,0.838670567945424,-0.5446390350150272,18.0,91,0.0,3.82,-0.0174524064372836,-0.9998476951563912,18.3,75,0.0,5.81,0.9945218953682732,0.1045284632676534,0.4499999999999993,open-meteo,2026-08-08T09:59:26+00:00
2026-07-17 01:00:00+00:00,DE,onshore,18.2,86,0.0,8.04,-0.8290375725550416,0.559192903470747,17.1,88,0.0,7.76,0.6946583704589971,-0.7193398003386513,18.4,85,0.0,3.72,0.0348994967025011,-0.9993908270190958,17.5,80,0.0,5.99,0.9335804264972016,-0.3583679495453002,0.2000000000000028,open-meteo,2026-08-08T09:59:26+00:00
2026-07-17 02:00:00+00:00,DE,onshore,18.2,81,0.0,9.98,-0.6946583704589976,0.7193398003386509,17.2,87,0.0,7.97,0.7071067811865476,-0.7071067811865475,18.4,87,0.0,2.15,-0.4067366430758002,-0.9135454576426008,17.3,83,0.0,5.63,0.8191520442889917,-0.5735764363510462,0.2250000000000014,open-meteo,2026-08-08T09:59:26+00:00
2026-07-17 03:00:00+00:00,DE,onshore,19.1,81,0.0,9.94,-0.1736481776669304,0.984807753012208,16.5,90,0.0,7.13,0.6018150231520482,-0.7986355100472929,17.6,92,0.0,2.97,-0.2923717047227367,-0.9563047559630354,16.9,85,0.0,5.55,0.8090169943749475,-0.587785252292473,0.4750000000000014,open-meteo,2026-08-08T09:59:26+00:00
2026-07-17 04:00:00+00:00,DE,onshore,19.3,78,11.0,9.34,0.1736481776669303,0.984807753012208,17.3,86,23.0,6.88,0.5446390350150273,-0.8386705679454239,17.7,92,1.0,2.3,-0.7660444431189781,0.6427876096865393,17.0,86,16.0,7.06,0.8746197071393959,-0.484809620246337,0.1750000000000007,open-meteo,2026-08-08T09:59:26+00:00
2026-07-17 05:00:00+00:00,DE,onshore,19.5,74,89.0,8.51,0.4067366430758002,0.9135454576426008,19.6,76,101.0,7.04,0.529919264233205,-0.848048096156426,18.1,95,30.0,1.81,-0.9743700647852352,0.2249510543438649,18.8,81,90.0,4.91,-0.0523359562429435,-0.9986295347545738,1.0,open-meteo,2026-08-08T09:59:26+00:00
2026-07-17 06:00:00+00:00,DE,onshore,19.3,74,219.0,7.7,0.7431448254773942,0.6691306063588582,21.8,72,187.0,7.1,0.4694715627858907,-0.882947592858927,19.1,94,72.0,0.69,-0.9902680687415704,0.1391731009600654,20.1,72,153.0,2.45,-0.7986355100472932,0.6018150231520479,2.075000000000003,open-meteo,2026-08-08T09:59:26+00:00
2026-07-17 07:00:00+00:00,DE,onshore,19.4,83,364.0,6.25,0.9702957262759964,0.2419218955996676,24.4,64,300.0,4.47,0.4383711467890773,-0.898794046299167,20.1,86,153.0,3.38,-0.8660254037844384,-0.5000000000000004,20.7,71,110.0,0.98,-2.4492935982947064e-16,1.0,3.1499999999999986,open-meteo,2026-08-08T09:59:26+00:00
2026-07-17 08:00:00+00:00,DE,onshore,19.6,87,503.0,4.25,0.9659258262890684,0.2588190451025207,25.2,62,344.0,3.78,0.6018150231520482,-0.7986355100472929,21.4,80,305.0,2.37,-0.913545457642601,-0.4067366430758001,22.1,68,182.0,1.4,-0.4226182617406992,0.90630778703665,4.074999999999996,open-meteo,2026-08-08T09:59:26+00:00
2026-07-17 09:00:00+00:00,DE,onshore,20.2,84,632.0,2.26,0.8290375725550417,0.5591929034707468,27.0,55,479.0,2.34,0.5446390350150273,-0.8386705679454239,23.4,66,523.0,3.33,-0.9702957262759964,-0.2419218955996677,23.1,66,363.0,2.12,0.5591929034707469,0.8290375725550417,5.424999999999997,open-meteo,2026-08-08T09:59:26+00:00
2026-07-17 10:00:00+00:00,DE,onshore,20.5,84,733.0,3.14,-0.2419218955996678,0.9702957262759964,27.9,51,695.0,3.97,0.2756373558169992,-0.9612616959383188,24.5,61,712.0,4.32,-0.9986295347545738,0.0523359562429439,24.9,59,430.0,1.12,0.9659258262890684,0.2588190451025207,6.450000000000003,open-meteo,2026-08-08T09:59:26+00:00
2026-07-17 11:00:00+00:00,DE,onshore,20.2,79,780.0,5.06,-0.529919264233205,0.8480480961564258,27.8,52,534.0,3.21,0.5150380749100544,-0.8571673007021122,25.1,58,484.0,5.71,-0.9945218953682734,0.1045284632676529,27.1,50,718.0,0.59,1.0,6.123233995736766e-17,7.049999999999997,open-meteo,2026-08-08T09:59:26+00:00
2026-07-17 12:00:00+00:00,DE,onshore,20.1,82,816.0,6.03,-0.529919264233205,0.8480480961564258,28.2,50,470.0,3.26,0.5446390350150273,-0.8386705679454239,27.4,50,623.0,2.66,-0.9945218953682734,-0.1045284632676533,28.0,45,736.0,1.33,0.5877852522924732,-0.8090169943749473,7.924999999999997,open-meteo,2026-08-08T09:59:26+00:00
2026-07-17 13:00:00+00:00,DE,onshore,19.9,82,785.0,7.02,-0.6427876096865396,0.7660444431189778,28.7,48,480.0,3.15,0.4383711467890773,-0.898794046299167,28.6,45,787.0,3.97,-0.9612616959383188,0.2756373558169994,29.2,42,725.0,0.59,1.0,6.123233995736766e-17,8.599999999999998,open-meteo,2026-08-08T09:59:26+00:00
2026-07-17 14:00:00+00:00,DE,onshore,19.9,81,702.0,7.07,-0.6819983600624984,0.7313537016191707,28.3,49,417.0,3.8,0.5735764363510459,-0.8191520442889919,28.7,44,605.0,4.68,-0.9396926207859084,0.342020143325669,29.4,42,645.0,0.77,-0.6427876096865396,0.7660444431189778,8.575000000000003,open-meteo,2026-08-08T09:59:26+00:00
2026-07-17 15:00:00+00:00,DE,onshore,20.1,84,637.0,8.4,-0.6691306063588581,0.7431448254773944,28.0,47,448.0,1.11,0.7071067811865476,-0.7071067811865475,22.4,68,300.0,9.09,-0.7986355100472928,-0.6018150231520483,27.9,47,328.0,3.68,-0.8746197071393956,0.4848096202463373,6.600000000000001,open-meteo,2026-08-08T09:59:26+00:00
2026-07-17 16:00:00+00:00,DE,onshore,19.8,83,512.0,9.87,-0.6427876096865396,0.7660444431189778,23.7,78,203.0,6.18,0.6691306063588582,0.7431448254773942,20.7,83,100.0,3.83,-0.9986295347545738,-0.0523359562429443,25.7,52,134.0,6.67,-0.9986295347545738,0.0523359562429439,4.475000000000001,open-meteo,2026-08-08T09:59:26+00:00
2026-07-17 17:00:00+00:00,DE,onshore,19.5,85,371.0,10.07,-0.6560590289905074,0.7547095802227719,22.5,79,148.0,4.13,0.0871557427476581,0.9961946980917455,20.1,86,80.0,4.96,-0.8660254037844386,0.5000000000000001,22.9,78,62.0,7.49,-0.9945218953682734,0.1045284632676529,3.25,open-meteo,2026-08-08T09:59:26+00:00
2026-07-17 18:00:00+00:00,DE,onshore,19.6,84,217.0,8.67,-0.6819983600624984,0.7313537016191707,22.7,71,69.0,6.76,0.7771459614569709,0.6293203910498374,19.5,89,100.0,2.54,-0.961261695938319,-0.2756373558169989,22.8,87,59.0,3.44,-0.9961946980917455,0.0871557427476578,3.1499999999999986,open-meteo,2026-08-08T09:59:26+00:00
2026-07-17 19:00:00+00:00,DE,onshore,19.3,80,89.0,7.83,-0.6946583704589976,0.7193398003386509,21.5,80,39.0,4.64,0.6946583704589973,0.7193398003386512,19.2,91,28.0,3.57,-0.961261695938319,-0.2756373558169989,22.2,93,37.0,2.5,-0.981627183447664,-0.1908089953765446,2.5500000000000007,open-meteo,2026-08-08T09:59:26+00:00
2026-07-17 20:00:00+00:00,DE,onshore,19.1,82,13.0,7.67,-0.7771459614569708,0.6293203910498375,19.6,95,2.0,4.76,0.7986355100472928,0.6018150231520483,18.6,89,1.0,7.0,-0.9945218953682734,-0.1045284632676533,21.0,94,2.0,3.82,-0.9205048534524404,0.3907311284892735,1.5750000000000028,open-meteo,2026-08-08T09:59:26+00:00
2026-07-17 21:00:00+00:00,DE,onshore,18.8,76,0.0,9.14,-0.8571673007021123,0.5150380749100542,19.3,98,0.0,3.22,0.9396926207859084,-0.3420201433256687,17.8,92,0.0,5.21,-0.9975640502598244,0.0697564737441252,19.7,86,0.0,6.73,-0.7431448254773946,0.6691306063588578,0.9000000000000021,open-meteo,2026-08-08T09:59:26+00:00
2026-07-17 22:00:00+00:00,DE,onshore,19.0,75,0.0,8.38,-0.9135454576426012,0.4067366430757997,19.0,95,0.0,4.17,-0.8660254037844386,0.5000000000000001,17.6,93,0.0,3.49,-0.7880107536067221,-0.6156614753256581,19.4,84,0.0,8.04,-0.7313537016191703,0.6819983600624987,0.75,open-meteo,2026-08-08T09:59:26+00:00
2026-07-17 23:00:00+00:00,DE,onshore,18.1,80,0.0,9.96,-0.8660254037844386,0.5000000000000001,18.5,97,0.0,2.37,-0.7880107536067218,0.6156614753256585,17.5,93,0.0,3.77,-0.9876883405951375,-0.156434465040231,19.1,86,0.0,7.72,-0.8090169943749476,0.5877852522924729,0.3000000000000007,open-meteo,2026-08-08T09:59:26+00:00
2026-07-18 00:00:00+00:00,DE,onshore,18.1,79,0.0,10.18,-0.9135454576426012,0.4067366430757997,17.9,95,0.0,5.52,-0.9563047559630354,0.2923717047227367,17.2,91,0.0,4.67,-0.984807753012208,0.1736481776669299,18.1,90,0.0,8.77,-0.9396926207859084,0.342020143325669,0.1749999999999971,open-meteo,2026-08-08T09:59:26+00:00
2026-07-18 01:00:00+00:00,DE,onshore,18.4,77,0.0,11.9,-0.9205048534524404,0.3907311284892735,18.0,88,0.0,7.9,-0.9396926207859084,0.342020143325669,16.4,93,0.0,5.24,-0.9335804264972016,-0.3583679495453007,17.8,90,0.0,9.3,-0.8746197071393956,0.4848096202463373,0.3500000000000014,open-meteo,2026-08-08T09:59:26+00:00
2026-07-18 02:00:00+00:00,DE,onshore,18.1,81,0.0,11.92,-0.7771459614569708,0.6293203910498375,17.2,86,0.0,9.06,-0.9612616959383188,0.2756373558169994,16.3,93,0.0,5.22,-0.9961946980917455,-0.0871557427476582,17.3,89,0.0,8.38,-0.9135454576426012,0.4067366430757997,0.7750000000000021,open-meteo,2026-08-08T09:59:26+00:00
2026-07-18 03:00:00+00:00,DE,onshore,17.6,81,0.0,10.1,-0.9396926207859084,0.342020143325669,16.5,92,0.0,8.92,-0.9205048534524404,0.3907311284892735,16.5,93,0.0,7.17,-0.9975640502598244,0.0697564737441252,16.5,91,0.0,9.2,-0.8829475928589271,0.4694715627858904,1.2250000000000014,open-meteo,2026-08-08T09:59:26+00:00
2026-07-18 04:00:00+00:00,DE,onshore,18.3,80,4.0,11.69,-0.8386705679454243,0.5446390350150266,16.5,85,17.0,8.59,-0.9563047559630354,0.2923717047227367,16.4,93,2.0,5.71,-0.9945218953682734,0.1045284632676529,16.2,93,13.0,7.35,-0.9335804264972016,0.3583679495453004,1.150000000000002,open-meteo,2026-08-08T09:59:26+00:00
2026-07-18 05:00:00+00:00,DE,onshore,17.9,81,37.0,11.48,-0.7986355100472932,0.6018150231520479,16.3,84,96.0,8.95,-0.9510565162951536,0.3090169943749472,17.2,91,55.0,5.0,-0.981627183447664,0.1908089953765451,16.9,88,77.0,7.01,-0.9781476007338056,0.2079116908177594,0.9249999999999972,open-meteo,2026-08-08T09:59:26+00:00
2026-07-18 06:00:00+00:00,DE,onshore,17.4,81,59.0,11.17,-0.8480480961564262,0.5299192642332047,17.2,77,220.0,8.91,-0.9659258262890684,0.2588190451025203,18.3,89,133.0,3.33,-0.9702957262759966,0.2419218955996674,17.4,83,143.0,6.28,-0.9975640502598244,0.0697564737441252,0.4250000000000042,open-meteo,2026-08-08T09:59:26+00:00
2026-07-18 07:00:00+00:00,DE,onshore,16.9,81,63.0,9.77,-0.8910065241883679,0.4539904997395466,18.5,64,358.0,10.32,-0.9975640502598244,0.0697564737441252,19.2,87,196.0,2.83,-0.9702957262759966,0.2419218955996674,18.6,74,179.0,10.01,-0.9781476007338056,0.2079116908177594,0.2999999999999971,open-meteo,2026-08-08T09:59:26+00:00
2026-07-18 08:00:00+00:00,DE,onshore,16.6,74,217.0,9.7,-0.9396926207859084,0.342020143325669,19.9,61,476.0,10.91,-0.9961946980917455,0.0871557427476578,20.0,83,272.0,3.41,-0.9510565162951536,0.3090169943749472,19.7,67,290.0,9.61,-0.9563047559630354,0.2923717047227367,1.0500000000000007,open-meteo,2026-08-08T09:59:26+00:00
2026-07-18 09:00:00+00:00,DE,onshore,16.6,77,349.0,11.68,-0.9205048534524404,0.3907311284892735,18.1,73,319.0,8.15,-0.9986295347545738,-0.0523359562429443,21.5,74,424.0,2.0,-0.981627183447664,0.1908089953765451,20.0,66,479.0,7.77,-0.9961946980917455,0.0871557427476578,1.0500000000000007,open-meteo,2026-08-08T09:59:26+00:00
2026-07-18 10:00:00+00:00,DE,onshore,17.3,76,333.0,13.11,-0.9563047559630354,0.2923717047227367,18.5,70,201.0,9.12,-0.9986295347545738,0.0523359562429439,23.2,66,681.0,2.29,-0.984807753012208,0.1736481776669299,20.6,62,454.0,8.02,-0.9902680687415704,0.1391731009600654,1.8999999999999984,open-meteo,2026-08-08T09:59:26+00:00
2026-07-18 11:00:00+00:00,DE,onshore,17.5,77,259.0,12.08,-0.9271838545667874,0.3746065934159119,19.6,60,354.0,9.95,-0.9945218953682734,0.1045284632676529,24.5,57,763.0,3.9,-0.9781476007338056,0.2079116908177594,22.1,50,549.0,7.4,-0.992546151641322,0.1218693434051476,2.9250000000000007,open-meteo,2026-08-08T09:59:26+00:00
2026-07-18 12:00:00+00:00,DE,onshore,17.4,73,225.0,10.94,-0.984807753012208,0.1736481776669299,21.2,53,460.0,9.7,-0.9998476951563912,0.0174524064372831,25.6,51,785.0,4.03,-0.8746197071393956,0.4848096202463373,22.0,52,593.0,7.7,-0.992546151641322,0.1218693434051476,3.549999999999997,open-meteo,2026-08-08T09:59:26+00:00
2026-07-18 13:00:00+00:00,DE,onshore,17.8,70,439.0,11.28,-0.981627183447664,0.1908089953765451,22.5,48,593.0,8.07,-0.9945218953682734,-0.1045284632676533,26.7,46,785.0,4.69,-0.898794046299167,0.4383711467890774,22.7,52,560.0,8.18,-0.9563047559630354,0.2923717047227367,4.425000000000001,open-meteo,2026-08-08T09:59:26+00:00
2026-07-18 14:00:00+00:00,DE,onshore,18.4,67,425.0,12.37,-0.9563047559630354,0.2923717047227367,24.1,41,698.0,10.39,-0.9998476951563912,-0.0174524064372834,26.9,41,691.0,6.84,-0.9743700647852352,0.2249510543438649,23.4,48,586.0,7.71,-0.9781476007338056,0.2079116908177594,5.200000000000003,open-meteo,2026-08-08T09:59:26+00:00
2026-07-18 15:00:00+00:00,DE,onshore,17.2,73,279.0,11.79,-0.898794046299167,0.4383711467890774,22.0,51,424.0,12.94,-0.992546151641322,0.1218693434051476,26.7,38,561.0,4.51,-0.8290375725550416,0.559192903470747,23.1,50,424.0,7.51,-0.9659258262890684,0.2588190451025203,4.25,open-meteo,2026-08-08T09:59:26+00:00
2026-07-18 16:00:00+00:00,DE,onshore,17.8,65,285.0,12.18,-0.9510565162951536,0.3090169943749472,20.2,56,264.0,10.0,-0.9993908270190958,-0.0348994967025007,26.1,42,369.0,5.27,-0.984807753012208,0.1736481776669299,22.3,51,276.0,7.62,-0.9510565162951536,0.3090169943749472,3.599999999999998,open-meteo,2026-08-08T09:59:26+00:00
2026-07-18 17:00:00+00:00,DE,onshore,17.4,68,211.0,12.35,-0.9271838545667874,0.3746065934159119,19.1,62,139.0,10.05,-0.9945218953682734,0.1045284632676529,25.4,48,254.0,4.73,-0.9743700647852352,-0.2249510543438652,20.7,57,215.0,8.31,-0.7880107536067218,0.6156614753256585,2.6499999999999986,open-meteo,2026-08-08T09:59:26+00:00
2026-07-18 18:00:00+00:00,DE,onshore,17.6,65,156.0,12.09,-0.9396926207859084,0.342020143325669,19.3,52,131.0,8.52,-0.9876883405951378,0.1564344650402306,25.2,46,191.0,5.11,-0.9396926207859084,-0.3420201433256685,19.9,59,161.0,7.91,-0.8571673007021123,0.5150380749100542,2.5,open-meteo,2026-08-08T09:59:26+00:00
2026-07-18 19:00:00+00:00,DE,onshore,17.6,67,66.0,12.03,-0.9781476007338056,0.2079116908177594,17.7,59,53.0,9.23,-0.9563047559630354,0.2923717047227367,23.1,55,62.0,4.99,-0.961261695938319,-0.2756373558169989,19.6,56,29.0,6.15,-0.9271838545667874,0.3746065934159119,1.5,open-meteo,2026-08-08T09:59:26+00:00
2026-07-18 20:00:00+00:00,DE,onshore,17.8,67,5.0,12.59,-0.8480480961564262,0.5299192642332047,15.8,70,2.0,7.33,-0.9902680687415704,0.1391731009600654,20.7,66,2.0,4.65,-0.90630778703665,-0.4226182617406991,17.9,66,1.0,5.08,-0.9063077870366498,0.4226182617406996,0.0499999999999971,open-meteo,2026-08-08T09:59:26+00:00
2026-07-18 21:00:00+00:00,DE,onshore,17.4,69,0.0,10.6,-0.9702957262759966,0.2419218955996674,16.4,69,0.0,8.37,-0.9945218953682734,0.1045284632676529,20.4,63,0.0,6.66,-0.898794046299167,0.4383711467890774,16.8,72,0.0,5.33,-0.8480480961564262,0.5299192642332047,0.25,open-meteo,2026-08-08T09:59:26+00:00
2026-07-18 22:00:00+00:00,DE,onshore,17.2,76,0.0,9.73,-0.9563047559630354,0.2923717047227367,15.8,71,0.0,8.34,-0.9876883405951378,0.1564344650402306,19.1,67,0.0,8.61,-0.2923717047227371,0.9563047559630352,15.5,79,0.0,5.8,-0.7986355100472932,0.6018150231520479,1.1000000000000014,open-meteo,2026-08-08T09:59:26+00:00
2026-07-18 23:00:00+00:00,DE,onshore,17.6,77,0.0,10.73,-0.9335804264972016,0.3583679495453004,14.8,76,0.0,7.75,-0.9993908270190958,0.0348994967025012,18.3,71,0.0,3.9,-0.3090169943749477,0.9510565162951536,14.6,84,0.0,7.21,-0.7986355100472932,0.6018150231520479,1.6750000000000007,open-meteo,2026-08-08T09:59:26+00:00
2026-07-19 00:00:00+00:00,DE,onshore,16.9,80,0.0,10.57,-0.9063077870366498,0.4226182617406996,14.3,77,0.0,8.33,-0.9993908270190958,-0.0348994967025007,16.5,81,0.0,2.26,-0.5591929034707466,0.8290375725550418,15.3,78,0.0,6.54,-0.8660254037844386,0.5000000000000001,2.25,open-meteo,2026-08-08T09:59:26+00:00
2026-07-19 01:00:00+00:00,DE,onshore,17.1,78,0.0,9.09,-0.8660254037844386,0.5000000000000001,13.3,81,0.0,7.77,-0.9702957262759964,-0.2419218955996677,15.2,89,0.0,2.39,-0.5735764363510465,0.8191520442889916,15.3,78,0.0,5.01,-0.8571673007021123,0.5150380749100542,2.7749999999999986,open-meteo,2026-08-08T09:59:26+00:00
2026-07-19 02:00:00+00:00,DE,onshore,16.8,86,0.0,9.95,-0.8829475928589271,0.4694715627858904,12.5,84,0.0,7.58,-0.90630778703665,-0.4226182617406991,15.5,89,0.0,2.72,-0.7880107536067218,0.6156614753256585,14.9,80,0.0,5.79,-0.9975640502598244,0.0697564737441252,3.075000000000001,open-meteo,2026-08-08T09:59:26+00:00
2026-07-19 03:00:00+00:00,DE,onshore,16.9,83,0.0,7.88,-0.1908089953765446,0.981627183447664,11.9,86,0.0,9.52,-0.874619707139396,-0.4848096202463368,15.4,86,0.0,2.77,-0.6691306063588581,0.7431448254773944,14.9,77,0.0,5.98,-0.984807753012208,-0.1736481776669303,3.2250000000000014,open-meteo,2026-08-08T09:59:26+00:00
2026-07-19 04:00:00+00:00,DE,onshore,15.2,77,0.0,5.37,0.3583679495453002,0.9335804264972016,12.1,83,22.0,9.3,-0.913545457642601,-0.4067366430758001,16.2,87,1.0,3.34,-0.6427876096865396,0.7660444431189778,14.7,80,11.0,7.35,-0.9993908270190958,-0.0348994967025007,3.45,open-meteo,2026-08-08T09:59:26+00:00
2026-07-19 05:00:00+00:00,DE,onshore,15.6,80,13.0,1.98,0.3420201433256687,0.9396926207859084,13.6,76,102.0,7.76,-0.90630778703665,-0.4226182617406991,16.6,85,19.0,4.49,-0.8090169943749476,0.5877852522924729,15.1,75,97.0,7.49,-0.9945218953682734,-0.1045284632676533,2.7750000000000004,open-meteo,2026-08-08T09:59:26+00:00
2026-07-19 06:00:00+00:00,DE,onshore,16.3,80,33.0,2.33,0.374606593415912,0.9271838545667874,14.8,71,208.0,7.61,-0.8191520442889916,-0.5735764363510464,16.9,78,56.0,3.64,-0.4539904997395469,0.8910065241883678,15.9,70,246.0,7.12,-0.9902680687415704,-0.1391731009600658,2.0250000000000004,open-meteo,2026-08-08T09:59:26+00:00
2026-07-19 07:00:00+00:00,DE,onshore,17.5,78,46.0,8.02,-0.4226182617406992,0.90630778703665,16.2,68,334.0,7.15,-0.874619707139396,-0.4848096202463368,17.5,73,150.0,4.59,-0.2756373558169989,0.9612616959383188,17.1,63,363.0,8.43,-0.9998476951563912,-0.0174524064372834,0.9249999999999972,open-meteo,2026-08-08T09:59:26+00:00
2026-07-19 08:00:00+00:00,DE,onshore,17.0,80,231.0,9.01,-0.6018150231520483,0.7986355100472928,18.0,55,455.0,8.72,-0.9335804264972016,-0.3583679495453007,18.2,67,259.0,3.81,-0.3090169943749477,0.9510565162951536,18.1,58,432.0,7.74,-1.0,-1.8369701987210287e-16,0.1749999999999971,open-meteo,2026-08-08T09:59:26+00:00
2026-07-19 09:00:00+00:00,DE,onshore,16.6,72,366.0,10.47,-0.8191520442889918,0.573576436351046,18.2,57,422.0,8.9,-0.9563047559630352,-0.2923717047227371,19.3,60,423.0,2.76,-0.4539904997395469,0.8910065241883678,18.2,57,438.0,7.46,-0.9986295347545738,0.0523359562429439,0.0749999999999992,open-meteo,2026-08-08T09:59:26+00:00
2026-07-19 10:00:00+00:00,DE,onshore,17.1,68,440.0,11.71,-0.8480480961564262,0.5299192642332047,17.6,67,350.0,8.82,-1.0,-1.8369701987210287e-16,20.7,55,622.0,4.23,-0.7431448254773946,0.6691306063588578,17.8,65,291.0,7.32,-0.9902680687415704,0.1391731009600654,0.3000000000000007,open-meteo,2026-08-08T09:59:26+00:00
2026-07-19 11:00:00+00:00,DE,onshore,17.1,67,560.0,10.87,-0.8910065241883679,0.4539904997395466,19.4,59,619.0,7.65,-0.9993908270190958,0.0348994967025012,22.1,44,784.0,4.51,-0.6691306063588581,0.7431448254773944,16.9,72,300.0,8.19,-0.9335804264972016,0.3583679495453004,0.875,open-meteo,2026-08-08T09:59:26+00:00
2026-07-19 12:00:00+00:00,DE,onshore,17.2,69,580.0,8.81,-0.9135454576426012,0.4067366430757997,20.6,51,627.0,6.03,-0.992546151641322,0.1218693434051476,22.5,42,838.0,4.21,-0.8829475928589271,0.4694715627858904,20.0,55,222.0,7.99,-0.9205048534524404,0.3907311284892735,2.075,open-meteo,2026-08-08T09:59:26+00:00
2026-07-19 13:00:00+00:00,DE,onshore,16.8,86,252.0,10.37,-0.7986355100472932,0.6018150231520479,19.2,60,301.0,6.02,-0.8660254037844386,0.5000000000000001,22.2,41,533.0,4.23,-0.6946583704589976,0.7193398003386509,19.9,56,340.0,8.23,-0.9781476007338056,0.2079116908177594,1.5249999999999986,open-meteo,2026-08-08T09:59:26+00:00
2026-07-19 14:00:00+00:00,DE,onshore,17.7,75,239.0,8.76,-0.4539904997395469,0.8910065241883678,20.3,58,356.0,7.67,-0.9063077870366498,0.4226182617406996,22.7,37,562.0,4.35,-0.5877852522924734,0.8090169943749473,20.4,57,309.0,8.24,-0.9986295347545738,0.0523359562429439,2.2749999999999986,open-meteo,2026-08-08T09:59:26+00:00
2026-07-19 15:00:00+00:00,DE,onshore,17.3,76,560.0,10.25,-0.529919264233205,0.8480480961564258,18.9,65,317.0,8.6,-0.9659258262890684,0.2588190451025203,22.9,36,483.0,3.86,-0.5877852522924734,0.8090169943749473,15.5,82,360.0,7.33,-0.3907311284892739,0.9205048534524404,0.6499999999999986,open-meteo,2026-08-08T09:59:26+00:00
2026-07-19 16:00:00+00:00,DE,onshore,18.0,66,341.0,11.5,-0.3907311284892739,0.9205048534524404,15.4,83,80.0,9.33,-0.9876883405951375,-0.156434465040231,22.7,36,470.0,3.21,-0.6156614753256582,0.7880107536067221,17.5,75,158.0,8.3,-0.9205048534524404,0.3907311284892735,0.3999999999999986,open-meteo,2026-08-08T09:59:26+00:00
2026-07-19 17:00:00+00:00,DE,onshore,17.5,69,123.0,12.96,-0.3907311284892739,0.9205048534524404,15.6,83,114.0,6.88,-0.9975640502598242,-0.0697564737441255,22.2,34,373.0,4.12,-0.4694715627858908,0.882947592858927,18.4,64,227.0,7.78,-0.981627183447664,0.1908089953765451,0.4249999999999971,open-meteo,2026-08-08T09:59:26+00:00
2026-07-19 18:00:00+00:00,DE,onshore,17.4,65,98.0,11.93,-0.5000000000000004,0.8660254037844384,16.0,84,72.0,6.83,-0.9902680687415704,-0.1391731009600658,21.4,38,208.0,3.41,-0.3090169943749477,0.9510565162951536,18.6,57,188.0,9.21,-0.9876883405951378,0.1564344650402306,0.3500000000000014,open-meteo,2026-08-08T09:59:26+00:00
2026-07-19 19:00:00+00:00,DE,onshore,17.4,69,28.0,12.44,-0.4539904997395469,0.8910065241883678,15.6,79,46.0,3.95,-0.992546151641322,-0.1218693434051471,19.5,43,66.0,4.7,0.0174524064372835,0.9998476951563912,17.4,61,51.0,6.96,-0.984807753012208,0.1736481776669299,0.5249999999999986,open-meteo,2026-08-08T09:59:26+00:00
2026-07-19 20:00:00+00:00,DE,onshore,17.0,71,4.0,11.84,-0.4848096202463369,0.8746197071393959,14.5,93,1.0,3.05,-0.7071067811865475,-0.7071067811865477,17.2,52,2.0,5.07,0.1736481776669303,0.984807753012208,16.2,66,2.0,7.25,-0.9998476951563912,-0.0174524064372834,1.7749999999999986,open-meteo,2026-08-08T09:59:26+00:00
2026-07-19 21:00:00+00:00,DE,onshore,16.9,72,0.0,10.88,-0.5877852522924734,0.8090169943749473,13.7,94,0.0,7.25,-0.9998476951563912,0.0174524064372831,15.2,61,0.0,3.86,0.4999999999999999,0.8660254037844387,15.8,65,0.0,6.85,-0.9876883405951378,0.1564344650402306,2.6000000000000014,open-meteo,2026-08-08T09:59:26+00:00
2026-07-19 22:00:00+00:00,DE,onshore,16.5,78,0.0,11.09,-0.4383711467890778,0.8987940462991668,13.3,95,0.0,7.94,-0.9998476951563912,-0.0174524064372834,14.1,67,0.0,2.16,0.6293203910498374,0.7771459614569709,14.4,74,0.0,8.02,-0.9510565162951536,0.3090169943749472,3.4250000000000007,open-meteo,2026-08-08T09:59:26+00:00
2026-07-19 23:00:00+00:00,DE,onshore,17.0,70,0.0,11.22,-0.4226182617406992,0.90630778703665,12.6,96,0.0,8.05,-0.984807753012208,-0.1736481776669303,14.4,64,0.0,1.25,0.7071067811865475,0.7071067811865476,14.5,75,0.0,8.83,-0.9563047559630354,0.2923717047227367,3.375,open-meteo,2026-08-08T09:59:26+00:00
2026-07-20 00:00:00+00:00,DE,onshore,16.8,74,0.0,11.31,-0.3255681544571567,0.9455185755993168,12.4,91,0.0,8.12,-0.9902680687415704,-0.1391731009600658,13.4,68,0.0,0.14,0.7071067811865476,-0.7071067811865475,14.5,77,0.0,7.95,-0.9975640502598244,0.0697564737441252,3.725,open-meteo,2026-08-08T09:59:26+00:00
2026-07-20 01:00:00+00:00,DE,onshore,16.9,73,0.0,12.02,-0.3255681544571567,0.9455185755993168,11.8,94,0.0,8.63,-0.9876883405951375,-0.156434465040231,12.6,68,0.0,0.22,0.8910065241883679,0.4539904997395468,14.1,83,0.0,7.94,-1.0,-1.8369701987210287e-16,4.15,open-meteo,2026-08-08T09:59:26+00:00
2026-07-20 02:00:00+00:00,DE,onshore,16.9,76,0.0,12.61,-0.3746065934159123,0.9271838545667872,11.4,94,0.0,8.8,-0.9563047559630352,-0.2923717047227371,11.3,74,0.0,1.06,-0.3746065934159123,0.9271838545667872,13.6,85,0.0,8.33,-0.9998476951563912,0.0174524064372831,4.700000000000001,open-meteo,2026-08-08T09:59:26+00:00
2026-07-20 03:00:00+00:00,DE,onshore,16.6,74,0.0,11.9,-0.3907311284892739,0.9205048534524404,11.5,94,0.0,8.83,-0.9205048534524404,-0.3907311284892738,9.1,86,0.0,1.29,-0.1564344650402311,0.9876883405951375,13.9,86,0.0,8.94,-0.9975640502598242,-0.0697564737441255,5.225,open-meteo,2026-08-08T09:59:26+00:00
2026-07-20 04:00:00+00:00,DE,onshore,16.9,77,2.0,12.98,-0.3090169943749477,0.9510565162951536,12.6,91,3.0,9.34,-0.984807753012208,-0.1736481776669303,8.6,87,1.0,2.36,-0.2923717047227371,0.9563047559630352,13.7,85,11.0,9.04,-0.9975640502598244,0.0697564737441252,5.050000000000001,open-meteo,2026-08-08T09:59:26+00:00
2026-07-20 05:00:00+00:00,DE,onshore,17.5,75,22.0,12.22,-0.2079116908177598,0.9781476007338056,12.9,90,30.0,10.05,-0.984807753012208,-0.1736481776669303,10.2,85,60.0,2.38,-0.1564344650402311,0.9876883405951375,14.2,83,58.0,9.27,-0.992546151641322,0.1218693434051476,4.300000000000001,open-meteo,2026-08-08T09:59:26+00:00
2026-07-20 06:00:00+00:00,DE,onshore,17.3,73,72.0,11.38,-0.2249510543438653,0.9743700647852352,13.1,91,40.0,9.41,-0.9998476951563912,-0.0174524064372834,14.4,68,187.0,1.76,-2.4492935982947064e-16,1.0,14.6,79,134.0,9.36,-0.9743700647852352,0.2249510543438649,3.1500000000000004,open-meteo,2026-08-08T09:59:26+00:00
2026-07-20 07:00:00+00:00,DE,onshore,17.5,70,75.0,12.45,-0.2588190451025207,0.9659258262890684,13.2,94,105.0,10.02,-0.9975640502598244,0.0697564737441252,16.4,56,346.0,2.54,0.2756373558169991,0.9612616959383188,15.1,74,97.0,11.0,-0.945518575599317,0.3255681544571563,2.450000000000001,open-meteo,2026-08-08T09:59:26+00:00
2026-07-20 08:00:00+00:00,DE,onshore,18.0,60,175.0,11.29,-0.1391731009600658,0.9902680687415704,14.4,88,161.0,8.96,-0.9743700647852352,0.2249510543438649,17.7,53,513.0,1.9,0.2079116908177593,0.9781476007338056,15.3,74,107.0,11.15,-0.9205048534524404,0.3907311284892735,1.650000000000002,open-meteo,2026-08-08T09:59:26+00:00
2026-07-20 09:00:00+00:00,DE,onshore,18.5,58,335.0,10.58,-0.2756373558169989,0.9612616959383188,15.1,88,214.0,7.98,-0.9063077870366498,0.4226182617406996,19.1,47,652.0,1.47,-2.4492935982947064e-16,1.0,15.8,73,232.0,10.56,-0.8910065241883679,0.4539904997395466,0.875,open-meteo,2026-08-08T09:59:26+00:00
2026-07-20 10:00:00+00:00,DE,onshore,18.3,62,399.0,10.83,-0.3583679495453007,0.9335804264972016,16.6,83,228.0,8.22,-0.6293203910498378,0.7771459614569706,20.2,43,678.0,2.1,-0.7986355100472932,0.6018150231520479,16.1,72,128.0,8.56,-0.8660254037844386,0.5000000000000001,0.1999999999999957,open-meteo,2026-08-08T09:59:26+00:00
2026-07-20 11:00:00+00:00,DE,onshore,17.6,74,587.0,11.33,-0.544639035015027,0.838670567945424,16.0,80,161.0,10.48,-0.6691306063588581,0.7431448254773944,21.2,40,756.0,2.36,-0.7071067811865477,0.7071067811865474,18.1,63,370.0,9.05,-0.8290375725550416,0.559192903470747,0.2250000000000014,open-meteo,2026-08-08T09:59:26+00:00
2026-07-20 12:00:00+00:00,DE,onshore,17.3,76,512.0,10.25,-0.5877852522924734,0.8090169943749473,17.1,78,247.0,7.9,-0.7313537016191703,0.6819983600624987,22.0,38,687.0,3.47,-0.7313537016191703,0.6819983600624987,18.3,65,228.0,8.43,-0.8090169943749476,0.5877852522924729,0.6750000000000007,open-meteo,2026-08-08T09:59:26+00:00
2026-07-20 13:00:00+00:00,DE,onshore,17.6,73,663.0,10.22,-0.529919264233205,0.8480480961564258,16.5,77,277.0,9.73,-0.5591929034707466,0.8290375725550418,22.4,35,857.0,4.82,-0.6156614753256582,0.7880107536067221,18.5,65,296.0,9.84,-0.8191520442889918,0.573576436351046,0.75,open-meteo,2026-08-08T09:59:26+00:00
2026-07-20 14:00:00+00:00,DE,onshore,17.7,72,541.0,10.3,-0.5591929034707466,0.8290375725550418,15.5,85,136.0,9.65,-0.6560590289905074,0.7547095802227719,22.1,34,798.0,4.7,-0.5150380749100545,0.8571673007021121,19.0,62,403.0,10.06,-0.7431448254773946,0.6691306063588578,0.5750000000000028,open-meteo,2026-08-08T09:59:26+00:00
2026-07-20 15:00:00+00:00,DE,onshore,17.4,76,293.0,9.75,-0.6293203910498378,0.7771459614569706,15.7,82,123.0,8.92,-0.5150380749100545,0.8571673007021121,22.2,29,687.0,5.59,-0.1908089953765446,0.981627183447664,17.7,69,270.0,7.75,-0.2756373558169989,0.9612616959383188,0.25,open-meteo,2026-08-08T09:59:26+00:00
2026-07-20 16:00:00+00:00,DE,onshore,17.5,77,502.0,9.71,-0.6691306063588581,0.7431448254773944,15.2,84,133.0,9.43,-0.4848096202463369,0.8746197071393959,21.8,31,542.0,5.18,-0.2588190451025207,0.9659258262890684,17.1,75,123.0,6.73,-0.6691306063588581,0.7431448254773944,0.1000000000000014,open-meteo,2026-08-08T09:59:26+00:00
2026-07-20 17:00:00+00:00,DE,onshore,17.6,76,347.0,9.5,-0.6691306063588581,0.7431448254773944,15.2,80,110.0,8.08,-0.5150380749100545,0.8571673007021121,21.2,35,375.0,4.71,-0.0697564737441256,0.9975640502598242,18.2,64,145.0,6.27,-0.7771459614569708,0.6293203910498375,0.0500000000000007,open-meteo,2026-08-08T09:59:26+00:00
2026-07-20 18:00:00+00:00,DE,onshore,17.5,76,204.0,10.0,-0.6560590289905074,0.7547095802227719,15.4,78,74.0,7.0,-0.6018150231520483,0.7986355100472928,20.4,37,203.0,3.63,-0.3255681544571567,0.9455185755993168,18.4,61,81.0,5.19,-0.529919264233205,0.8480480961564258,0.0750000000000028,open-meteo,2026-08-08T09:59:26+00:00
2026-07-20 19:00:00+00:00,DE,onshore,17.8,72,85.0,9.86,-0.6018150231520483,0.7986355100472928,15.1,78,27.0,6.64,-0.7986355100472932,0.6018150231520479,18.4,44,64.0,4.8,0.2923717047227367,0.9563047559630354,17.5,61,47.0,4.86,-0.7431448254773946,0.6691306063588578,0.8000000000000007,open-meteo,2026-08-08T09:59:26+00:00
2026-07-20 20:00:00+00:00,DE,onshore,17.8,74,11.0,10.11,-0.5591929034707466,0.8290375725550418,13.9,84,1.0,7.7,-0.8571673007021123,0.5150380749100542,15.7,49,1.0,4.53,0.374606593415912,0.9271838545667874,16.1,75,2.0,5.18,-0.8746197071393956,0.4848096202463373,2.1249999999999982,open-meteo,2026-08-08T09:59:26+00:00
2026-07-20 21:00:00+00:00,DE,onshore,17.7,80,0.0,9.61,-0.5000000000000004,0.8660254037844384,13.3,85,0.0,7.55,-0.8290375725550416,0.559192903470747,15.6,57,0.0,6.3,0.3583679495453002,0.9335804264972016,16.1,74,0.0,7.98,-0.9063077870366498,0.4226182617406996,2.325,open-meteo,2026-08-08T09:59:26+00:00
2026-07-20 22:00:00+00:00,DE,onshore,17.9,82,0.0,9.52,-0.4067366430758001,0.9135454576426008,13.2,87,0.0,6.53,-0.8829475928589271,0.4694715627858904,15.1,62,0.0,5.79,0.4694715627858908,0.882947592858927,15.6,83,0.0,8.67,-0.8290375725550416,0.559192903470747,2.5500000000000007,open-meteo,2026-08-08T09:59:26+00:00
2026-07-20 23:00:00+00:00,DE,onshore,18.5,75,0.0,9.25,-0.2588190451025207,0.9659258262890684,12.6,92,0.0,6.0,-0.4383711467890778,0.8987940462991668,14.7,64,0.0,6.25,0.5299192642332049,0.848048096156426,14.8,85,0.0,8.7,-0.8290375725550416,0.559192903470747,2.8500000000000014,open-meteo,2026-08-08T09:59:26+00:00
2026-07-21 00:00:00+00:00,DE,onshore,18.4,72,0.0,9.12,-0.0348994967025008,0.9993908270190958,13.0,88,0.0,4.38,-0.7660444431189781,0.6427876096865393,13.8,67,0.0,6.38,0.6819983600624985,0.7313537016191705,14.2,85,0.0,7.31,-0.8480480961564262,0.5299192642332047,3.1499999999999986,open-meteo,2026-08-08T09:59:26+00:00
2026-07-21 01:00:00+00:00,DE,onshore,18.1,69,0.0,8.84,0.1736481776669303,0.984807753012208,13.0,86,0.0,6.03,-0.7313537016191703,0.6819983600624987,12.9,72,0.0,4.78,0.8191520442889918,0.573576436351046,13.3,91,0.0,7.11,-0.8660254037844386,0.5000000000000001,3.6750000000000007,open-meteo,2026-08-08T09:59:26+00:00
2026-07-21 02:00:00+00:00,DE,onshore,17.7,69,0.0,7.88,0.1908089953765448,0.981627183447664,12.8,87,0.0,6.8,-0.8090169943749476,0.5877852522924729,11.8,78,0.0,4.16,0.7313537016191705,0.6819983600624985,12.7,93,0.0,7.86,-0.8090169943749476,0.5877852522924729,4.25,open-meteo,2026-08-08T09:59:26+00:00
2026-07-21 03:00:00+00:00,DE,onshore,17.2,71,0.0,6.82,0.1218693434051474,0.992546151641322,12.1,86,0.0,7.77,-0.8290375725550416,0.559192903470747,11.1,83,0.0,3.95,0.7431448254773942,0.6691306063588582,11.9,95,0.0,7.67,-0.8191520442889918,0.573576436351046,4.925000000000001,open-meteo,2026-08-08T09:59:26+00:00
2026-07-21 04:00:00+00:00,DE,onshore,17.5,64,9.0,6.27,-0.0348994967025008,0.9993908270190958,11.8,90,16.0,8.13,-0.7547095802227722,0.656059028990507,10.1,87,1.0,2.37,0.788010753606722,0.6156614753256583,11.6,96,13.0,7.37,-0.8746197071393956,0.4848096202463373,5.25,open-meteo,2026-08-08T09:59:26+00:00
2026-07-21 05:00:00+00:00,DE,onshore,17.4,74,85.0,6.48,-0.3090169943749477,0.9510565162951536,12.9,86,85.0,7.85,-0.6427876096865396,0.7660444431189778,10.9,86,57.0,2.76,0.4539904997395468,0.8910065241883679,12.7,91,99.0,6.75,-0.898794046299167,0.4383711467890774,4.525000000000002,open-meteo,2026-08-08T09:59:26+00:00
2026-07-21 06:00:00+00:00,DE,onshore,17.0,80,198.0,6.27,-0.4226182617406992,0.90630778703665,14.5,78,199.0,5.22,-0.6427876096865396,0.7660444431189778,14.7,66,186.0,2.02,0.3907311284892737,0.9205048534524404,14.6,83,237.0,4.34,-0.9063077870366498,0.4226182617406996,2.799999999999999,open-meteo,2026-08-08T09:59:26+00:00
2026-07-21 07:00:00+00:00,DE,onshore,16.9,77,327.0,5.87,-0.4383711467890778,0.8987940462991668,15.7,68,278.0,4.18,-0.7771459614569708,0.6293203910498375,16.4,59,353.0,2.02,0.7771459614569709,0.6293203910498374,16.5,74,392.0,4.1,-0.8386705679454243,0.5446390350150266,1.625,open-meteo,2026-08-08T09:59:26+00:00
2026-07-21 08:00:00+00:00,DE,onshore,16.9,77,446.0,5.55,-0.529919264233205,0.8480480961564258,16.4,61,226.0,4.66,-0.9271838545667874,0.3746065934159119,17.9,54,525.0,3.42,0.4539904997395468,0.8910065241883679,18.4,65,544.0,4.5,-0.7193398003386512,0.6946583704589973,0.6000000000000014,open-meteo,2026-08-08T09:59:26+00:00
2026-07-21 09:00:00+00:00,DE,onshore,17.1,72,581.0,6.34,-0.6293203910498378,0.7771459614569706,18.5,50,307.0,5.65,-0.898794046299167,0.4383711467890774,19.9,49,672.0,2.89,0.4694715627858908,0.882947592858927,19.9,54,658.0,5.41,-0.5735764363510465,0.8191520442889916,0.8500000000000014,open-meteo,2026-08-08T09:59:26+00:00
2026-07-21 10:00:00+00:00,DE,onshore,17.1,75,684.0,7.01,-0.6560590289905074,0.7547095802227719,21.1,40,693.0,7.91,-0.5591929034707466,0.8290375725550418,21.0,43,698.0,3.12,0.6946583704589973,0.7193398003386512,21.0,45,681.0,5.71,-0.5735764363510465,0.8191520442889916,2.0500000000000007,open-meteo,2026-08-08T09:59:26+00:00
2026-07-21 11:00:00+00:00,DE,onshore,17.0,72,718.0,7.56,-0.6691306063588581,0.7431448254773944,21.3,42,738.0,7.98,-0.4694715627858908,0.882947592858927,20.3,46,460.0,3.84,0.1045284632676534,0.9945218953682732,21.6,41,622.0,5.73,-0.544639035015027,0.838670567945424,2.049999999999997,open-meteo,2026-08-08T09:59:26+00:00
2026-07-21 12:00:00+00:00,DE,onshore,17.1,75,772.0,7.07,-0.6819983600624984,0.7313537016191707,21.9,37,803.0,7.68,-0.3907311284892739,0.9205048534524404,21.4,43,381.0,3.5,0.1908089953765448,0.981627183447664,21.9,38,543.0,6.51,-0.6018150231520483,0.7986355100472928,2.575,open-meteo,2026-08-08T09:59:26+00:00
2026-07-21 13:00:00+00:00,DE,onshore,16.8,75,743.0,7.69,-0.7193398003386512,0.6946583704589973,22.2,25,809.0,8.0,-0.2923717047227371,0.9563047559630352,22.5,39,466.0,2.81,0.2079116908177593,0.9781476007338056,22.2,36,436.0,5.49,-0.5150380749100545,0.8571673007021121,2.9250000000000007,open-meteo,2026-08-08T09:59:26+00:00
2026-07-21 14:00:00+00:00,DE,onshore,16.7,74,689.0,7.93,-0.7660444431189781,0.6427876096865393,22.3,28,741.0,8.12,-0.3420201433256686,0.9396926207859084,23.2,34,528.0,4.14,-0.1218693434051472,0.992546151641322,23.0,35,394.0,7.87,-0.3255681544571567,0.9455185755993168,3.3000000000000007,open-meteo,2026-08-08T09:59:26+00:00
2026-07-21 15:00:00+00:00,DE,onshore,17.1,70,595.0,7.58,-0.8746197071393956,0.4848096202463373,22.1,33,622.0,8.95,-0.3090169943749477,0.9510565162951536,23.0,33,411.0,5.71,-0.2079116908177598,0.9781476007338056,22.8,36,237.0,4.56,-0.4226182617406992,0.90630778703665,3.25,open-meteo,2026-08-08T09:59:26+00:00
2026-07-21 16:00:00+00:00,DE,onshore,17.2,74,439.0,8.03,-0.8660254037844386,0.5000000000000001,21.6,34,480.0,7.74,-2.4492935982947064e-16,1.0,23.1,32,387.0,4.5,-0.2756373558169989,0.9612616959383188,22.8,32,355.0,5.68,-0.5877852522924734,0.8090169943749473,3.1750000000000007,open-meteo,2026-08-08T09:59:26+00:00
2026-07-21 17:00:00+00:00,DE,onshore,17.0,75,278.0,8.0,-0.8571673007021123,0.5150380749100542,20.9,41,270.0,7.72,-0.4067366430758001,0.9135454576426008,23.0,30,332.0,3.16,-0.2756373558169989,0.9612616959383188,22.8,35,306.0,4.03,-0.4848096202463369,0.8746197071393959,2.9250000000000007,open-meteo,2026-08-08T09:59:26+00:00
2026-07-21 18:00:00+00:00,DE,onshore,16.7,75,136.0,7.94,-0.7771459614569708,0.6293203910498375,20.4,43,157.0,6.86,-0.6946583704589976,0.7193398003386509,22.3,32,195.0,3.04,-0.3583679495453007,0.9335804264972016,22.2,37,167.0,4.13,-0.0871557427476583,0.9961946980917455,2.3999999999999986,open-meteo,2026-08-08T09:59:26+00:00
2026-07-21 19:00:00+00:00,DE,onshore,16.8,76,34.0,8.89,-0.7547095802227722,0.656059028990507,18.6,47,56.0,5.75,-0.6946583704589976,0.7193398003386509,19.6,43,62.0,2.8,-0.5877852522924734,0.8090169943749473,20.6,42,55.0,4.85,-0.1391731009600658,0.9902680687415704,0.9000000000000021,open-meteo,2026-08-08T09:59:26+00:00
2026-07-21 20:00:00+00:00,DE,onshore,16.6,75,6.0,8.49,-0.7771459614569708,0.6293203910498375,16.3,56,1.0,5.08,-0.7660444431189781,0.6427876096865393,16.0,53,1.0,2.65,-2.4492935982947064e-16,1.0,17.9,51,2.0,6.58,-0.6018150231520483,0.7986355100472928,1.2999999999999972,open-meteo,2026-08-08T09:59:26+00:00
2026-07-21 21:00:00+00:00,DE,onshore,16.3,79,0.0,8.1,-0.8480480961564262,0.5299192642332047,14.4,62,0.0,6.91,-0.9335804264972016,0.3583679495453004,14.4,61,0.0,2.18,-0.1391731009600658,0.9902680687415704,16.5,61,0.0,8.39,-0.6946583704589976,0.7193398003386509,2.6,open-meteo,2026-08-08T09:59:26+00:00
2026-07-21 22:00:00+00:00,DE,onshore,16.4,80,0.0,8.68,-0.8829475928589271,0.4694715627858904,13.6,65,0.0,7.71,-0.898794046299167,0.4383711467890774,13.1,68,0.0,1.46,-0.3420201433256686,0.9396926207859084,15.8,61,0.0,9.25,-0.6427876096865396,0.7660444431189778,3.2749999999999986,open-meteo,2026-08-08T09:59:26+00:00
2026-07-21 23:00:00+00:00,DE,onshore,16.6,79,0.0,9.09,-0.7986355100472932,0.6018150231520479,12.8,77,0.0,8.46,-0.8829475928589271,0.4694715627858904,12.8,68,0.0,0.81,-0.9702957262759966,0.2419218955996674,14.7,69,0.0,7.99,-0.7547095802227722,0.656059028990507,3.774999999999999,open-meteo,2026-08-08T09:59:26+00:00
2026-07-22 00:00:00+00:00,DE,onshore,16.4,74,0.0,8.86,-0.8386705679454243,0.5446390350150266,12.4,88,0.0,8.3,-0.9205048534524404,0.3907311284892735,11.7,70,0.0,2.02,-0.8746197071393956,0.4848096202463373,13.7,73,0.0,7.8,-0.7771459614569708,0.6293203910498375,4.449999999999999,open-meteo,2026-08-08T09:59:26+00:00
2026-07-22 01:00:00+00:00,DE,onshore,16.5,77,0.0,11.16,-0.8571673007021123,0.5150380749100542,11.9,91,0.0,7.51,-0.9659258262890684,0.2588190451025203,10.2,80,0.0,0.84,-0.8090169943749476,0.5877852522924729,13.0,82,0.0,7.39,-0.8480480961564262,0.5299192642332047,5.100000000000001,open-meteo,2026-08-08T09:59:26+00:00
2026-07-22 02:00:00+00:00,DE,onshore,17.0,78,0.0,10.85,-0.8571673007021123,0.5150380749100542,11.5,93,0.0,7.86,-0.9975640502598244,0.0697564737441252,10.1,80,0.0,0.79,-0.992546151641322,0.1218693434051476,12.4,86,0.0,6.72,-0.9902680687415704,0.1391731009600654,5.25,open-meteo,2026-08-08T09:59:26+00:00
2026-07-22 03:00:00+00:00,DE,onshore,16.3,82,0.0,11.2,-0.8191520442889918,0.573576436351046,11.0,92,0.0,8.53,-0.9993908270190958,0.0348994967025012,9.1,87,0.0,0.22,-0.8910065241883678,-0.4539904997395469,12.4,86,0.0,7.06,-0.9993908270190958,0.0348994967025012,5.800000000000001,open-meteo,2026-08-08T09:59:26+00:00
2026-07-22 04:00:00+00:00,DE,onshore,16.7,83,1.0,11.28,-0.8660254037844386,0.5000000000000001,11.0,94,20.0,8.82,-0.9998476951563912,-0.0174524064372834,9.1,84,1.0,0.62,-0.9510565162951536,0.3090169943749472,13.0,83,8.0,7.76,-0.9975640502598242,-0.0697564737441255,5.550000000000001,open-meteo,2026-08-08T09:59:26+00:00
2026-07-22 05:00:00+00:00,DE,onshore,17.5,80,7.0,12.53,-0.8386705679454243,0.5446390350150266,12.7,89,78.0,7.07,-0.984807753012208,-0.1736481776669303,10.1,85,54.0,0.75,-0.9205048534524404,0.3907311284892735,13.7,83,47.0,7.19,-0.981627183447664,-0.1908089953765446,4.5,open-meteo,2026-08-08T09:59:26+00:00
2026-07-22 06:00:00+00:00,DE,onshore,16.4,85,23.0,13.81,-0.8480480961564262,0.5299192642332047,14.1,85,135.0,6.69,-0.9510565162951536,-0.3090169943749475,13.1,70,184.0,0.57,-0.8571673007021123,0.5150380749100542,14.5,80,50.0,7.58,-0.9945218953682734,-0.1045284632676533,3.475,open-meteo,2026-08-08T09:59:26+00:00
2026-07-22 07:00:00+00:00,DE,onshore,16.7,83,45.0,11.79,-0.9063077870366498,0.4226182617406996,14.4,81,88.0,7.25,-0.9743700647852352,-0.2249510543438652,16.5,63,351.0,0.22,-0.8910065241883678,-0.4539904997395469,14.9,78,64.0,7.27,-0.9975640502598242,-0.0697564737441255,2.375,open-meteo,2026-08-08T09:59:26+00:00
2026-07-22 08:00:00+00:00,DE,onshore,17.3,76,64.0,12.9,-0.7771459614569708,0.6293203910498375,15.3,79,158.0,8.2,-0.9659258262890684,-0.2588190451025206,20.1,49,518.0,0.69,-0.9902680687415704,0.1391731009600654,15.5,75,121.0,7.56,-0.9975640502598242,-0.0697564737441255,0.9499999999999992,open-meteo,2026-08-08T09:59:26+00:00
2026-07-22 09:00:00+00:00,DE,onshore,16.1,84,234.0,11.36,-0.8746197071393956,0.4848096202463373,16.0,73,160.0,9.09,-0.981627183447664,-0.1908089953765446,22.4,40,667.0,1.88,-0.6293203910498378,0.7771459614569706,16.7,69,135.0,8.64,-0.9986295347545738,-0.0523359562429443,0.1999999999999993,open-meteo,2026-08-08T09:59:26+00:00
2026-07-22 10:00:00+00:00,DE,onshore,16.7,79,142.0,13.26,-0.8660254037844386,0.5000000000000001,15.8,78,106.0,8.29,-0.9702957262759964,-0.2419218955996677,23.6,35,783.0,2.76,-0.8910065241883679,0.4539904997395466,16.8,70,131.0,8.67,-0.984807753012208,-0.1736481776669303,0.2250000000000014,open-meteo,2026-08-08T09:59:26+00:00
2026-07-22 11:00:00+00:00,DE,onshore,17.4,75,331.0,12.88,-0.8386705679454243,0.5446390350150266,16.1,77,97.0,12.03,-0.984807753012208,-0.1736481776669303,24.4,32,856.0,4.26,-0.9205048534524404,0.3907311284892735,17.3,68,176.0,10.99,-0.9986295347545738,0.0523359562429439,0.8000000000000007,open-meteo,2026-08-08T09:59:26+00:00
2026-07-22 12:00:00+00:00,DE,onshore,16.7,79,209.0,12.13,-0.8571673007021123,0.5150380749100542,16.3,77,137.0,10.86,-0.9743700647852352,-0.2249510543438652,24.9,33,878.0,4.38,-0.7660444431189781,0.6427876096865393,18.3,62,160.0,10.49,-0.9986295347545738,0.0523359562429439,1.0500000000000007,open-meteo,2026-08-08T09:59:26+00:00
2026-07-22 13:00:00+00:00,DE,onshore,17.3,78,341.0,11.91,-0.8090169943749476,0.5877852522924729,17.0,75,227.0,10.69,-0.9510565162951536,-0.3090169943749475,24.8,33,808.0,4.92,-0.6946583704589976,0.7193398003386509,17.7,66,139.0,10.35,-0.992546151641322,-0.1218693434051471,1.1999999999999993,open-meteo,2026-08-08T09:59:26+00:00
2026-07-22 14:00:00+00:00,DE,onshore,17.8,74,289.0,13.17,-0.6946583704589976,0.7193398003386509,16.8,78,131.0,8.15,-0.9986295347545738,-0.0523359562429443,25.1,33,597.0,6.14,-0.7771459614569708,0.6293203910498375,19.4,59,202.0,8.15,-0.9986295347545738,0.0523359562429439,1.7749999999999986,open-meteo,2026-08-08T09:59:26+00:00
2026-07-22 15:00:00+00:00,DE,onshore,17.5,77,302.0,14.57,-0.6691306063588581,0.7431448254773944,18.5,75,178.0,9.11,-1.0,-1.8369701987210287e-16,25.2,34,539.0,4.85,-0.7313537016191703,0.6819983600624987,20.0,58,283.0,9.41,-0.9702957262759966,0.2419218955996674,2.3000000000000007,open-meteo,2026-08-08T09:59:26+00:00
2026-07-22 16:00:00+00:00,DE,onshore,17.9,75,270.0,14.55,-0.7193398003386512,0.6946583704589973,18.8,69,228.0,9.32,-0.9993908270190958,0.0348994967025012,25.1,35,506.0,5.33,-0.6946583704589976,0.7193398003386509,20.3,56,263.0,11.13,-0.898794046299167,0.4383711467890774,2.525000000000002,open-meteo,2026-08-08T09:59:26+00:00
2026-07-22 17:00:00+00:00,DE,onshore,17.3,77,183.0,14.55,-0.7193398003386512,0.6946583704589973,17.9,76,162.0,9.36,-0.9743700647852352,0.2249510543438649,22.9,42,286.0,7.32,-0.2756373558169989,0.9612616959383188,19.3,60,102.0,9.41,-0.9271838545667874,0.3746065934159119,1.3500000000000014,open-meteo,2026-08-08T09:59:26+00:00
2026-07-22 18:00:00+00:00,DE,onshore,16.9,76,116.0,14.01,-0.7431448254773946,0.6691306063588578,17.4,76,46.0,9.73,-0.9961946980917455,-0.0871557427476582,21.3,45,163.0,7.08,-0.0871557427476583,0.9961946980917455,19.4,59,112.0,9.48,-0.9510565162951536,0.3090169943749472,0.75,open-meteo,2026-08-08T09:59:26+00:00
2026-07-22 19:00:00+00:00,DE,onshore,17.0,73,27.0,12.62,-0.7313537016191703,0.6819983600624987,17.1,73,30.0,10.79,-0.9986295347545738,0.0523359562429439,19.7,49,47.0,5.91,0.1045284632676534,0.9945218953682732,18.6,65,30.0,8.7,-0.8571673007021123,0.5150380749100542,0.1000000000000014,open-meteo,2026-08-08T09:59:26+00:00
2026-07-22 20:00:00+00:00,DE,onshore,17.4,72,3.0,13.3,-0.6946583704589976,0.7193398003386509,16.1,81,1.0,10.41,-0.9975640502598244,0.0697564737441252,17.5,59,1.0,4.62,-0.3583679495453007,0.9335804264972016,17.5,69,1.0,10.13,-0.8829475928589271,0.4694715627858904,0.875,open-meteo,2026-08-08T09:59:26+00:00
2026-07-22 21:00:00+00:00,DE,onshore,16.2,77,0.0,13.04,-0.5591929034707466,0.8290375725550418,15.0,91,0.0,9.46,-0.9945218953682734,0.1045284632676529,17.5,57,0.0,3.01,-0.3255681544571567,0.9455185755993168,16.3,74,0.0,10.13,-0.8829475928589271,0.4694715627858904,1.75,open-meteo,2026-08-08T09:59:26+00:00
2026-07-22 22:00:00+00:00,DE,onshore,16.3,76,0.0,12.96,-0.6293203910498378,0.7771459614569706,14.9,90,0.0,10.34,-0.984807753012208,0.1736481776669299,16.0,67,0.0,2.43,-0.6427876096865396,0.7660444431189778,15.6,78,0.0,10.35,-0.9063077870366498,0.4226182617406996,2.299999999999999,open-meteo,2026-08-08T09:59:26+00:00
2026-07-22 23:00:00+00:00,DE,onshore,16.7,78,0.0,12.58,-0.4694715627858908,0.882947592858927,14.6,90,0.0,11.56,-0.9563047559630354,0.2923717047227367,14.7,72,0.0,3.95,-0.5000000000000004,0.8660254037844384,15.2,80,0.0,10.66,-0.945518575599317,0.3255681544571563,2.7,open-meteo,2026-08-08T09:59:26+00:00
2026-07-23 00:00:00+00:00,DE,onshore,16.7,70,0.0,9.99,-0.6018150231520483,0.7986355100472928,14.2,90,0.0,11.03,-0.9702957262759966,0.2419218955996674,15.7,67,0.0,4.86,-0.7431448254773946,0.6691306063588578,14.9,82,0.0,9.92,-0.9396926207859084,0.342020143325669,2.6250000000000018,open-meteo,2026-08-08T09:59:26+00:00
2026-07-23 01:00:00+00:00,DE,onshore,16.4,69,0.0,9.53,-0.6427876096865396,0.7660444431189778,14.0,92,0.0,11.66,-0.9563047559630354,0.2923717047227367,15.8,69,0.0,5.75,-0.5000000000000004,0.8660254037844384,14.5,82,0.0,8.59,-0.9563047559630354,0.2923717047227367,2.825,open-meteo,2026-08-08T09:59:26+00:00
2026-07-23 02:00:00+00:00,DE,onshore,15.9,75,0.0,11.46,-0.6018150231520483,0.7986355100472928,13.9,94,0.0,10.25,-0.898794046299167,0.4383711467890774,15.7,72,0.0,4.96,-0.6156614753256582,0.7880107536067221,14.1,82,0.0,8.84,-0.9659258262890684,0.2588190451025203,3.1,open-meteo,2026-08-08T09:59:26+00:00
2026-07-23 03:00:00+00:00,DE,onshore,15.1,77,0.0,10.6,-0.7071067811865477,0.7071067811865474,14.1,95,0.0,9.89,-0.7771459614569708,0.6293203910498375,15.1,75,0.0,4.37,-0.6691306063588581,0.7431448254773944,14.4,82,0.0,8.68,-0.9135454576426012,0.4067366430757997,3.325000000000001,open-meteo,2026-08-08T09:59:26+00:00
2026-07-23 04:00:00+00:00,DE,onshore,15.6,67,3.0,8.17,-0.5000000000000004,0.8660254037844384,14.2,95,13.0,10.46,-0.7071067811865477,0.7071067811865474,14.6,77,1.0,4.57,-0.7071067811865477,0.7071067811865474,14.3,83,3.0,9.07,-0.8829475928589271,0.4694715627858904,3.325,open-meteo,2026-08-08T09:59:26+00:00
2026-07-23 05:00:00+00:00,DE,onshore,15.9,69,33.0,8.37,-0.4848096202463369,0.8746197071393959,14.8,92,81.0,9.02,-0.6691306063588581,0.7431448254773944,14.8,76,33.0,4.64,-0.6946583704589976,0.7193398003386509,14.4,81,21.0,8.55,-0.8829475928589271,0.4694715627858904,3.0250000000000004,open-meteo,2026-08-08T09:59:26+00:00
2026-07-23 06:00:00+00:00,DE,onshore,15.8,73,132.0,8.33,-0.6018150231520483,0.7986355100472928,15.9,85,207.0,8.22,-0.6293203910498378,0.7771459614569706,15.6,72,132.0,3.65,-0.5150380749100545,0.8571673007021121,14.7,81,65.0,7.73,-0.8660254037844386,0.5000000000000001,2.5,open-meteo,2026-08-08T09:59:26+00:00
2026-07-23 07:00:00+00:00,DE,onshore,15.4,73,227.0,8.18,-0.6819983600624984,0.7313537016191707,17.1,80,344.0,8.6,-0.6018150231520483,0.7986355100472928,16.9,67,259.0,3.03,-0.4848096202463369,0.8746197071393959,15.4,77,121.0,8.52,-0.7880107536067218,0.6156614753256585,1.8000000000000007,open-meteo,2026-08-08T09:59:26+00:00
2026-07-23 08:00:00+00:00,DE,onshore,15.6,73,438.0,7.83,-0.6946583704589976,0.7193398003386509,17.6,70,349.0,8.42,-0.4226182617406992,0.90630778703665,18.0,57,395.0,3.69,-0.6427876096865396,0.7660444431189778,16.0,74,159.0,8.32,-0.8290375725550416,0.559192903470747,1.1999999999999993,open-meteo,2026-08-08T09:59:26+00:00
2026-07-23 09:00:00+00:00,DE,onshore,15.8,70,493.0,7.88,-0.8191520442889918,0.573576436351046,18.1,61,479.0,8.5,-0.3583679495453007,0.9335804264972016,18.8,53,426.0,5.13,-0.7313537016191703,0.6819983600624987,16.4,73,363.0,7.02,-0.7660444431189781,0.6427876096865393,0.7250000000000014,open-meteo,2026-08-08T09:59:26+00:00
2026-07-23 10:00:00+00:00,DE,onshore,15.2,78,447.0,7.53,-0.8480480961564262,0.5299192642332047,18.3,57,305.0,6.58,-0.2588190451025207,0.9659258262890684,20.3,43,718.0,5.68,-0.529919264233205,0.8480480961564258,18.1,64,418.0,7.14,-0.7193398003386512,0.6946583704589973,0.0249999999999985,open-meteo,2026-08-08T09:59:26+00:00
2026-07-23 11:00:00+00:00,DE,onshore,15.8,73,300.0,8.3,-0.8660254037844386,0.5000000000000001,16.0,85,217.0,8.87,-0.5150380749100545,0.8571673007021121,21.4,41,764.0,4.64,-0.7193398003386512,0.6946583704589973,19.4,59,518.0,6.98,-0.8746197071393956,0.4848096202463373,0.1499999999999985,open-meteo,2026-08-08T09:59:26+00:00
2026-07-23 12:00:00+00:00,DE,onshore,16.2,69,522.0,7.48,-0.8480480961564262,0.5299192642332047,17.1,77,413.0,9.52,-0.6427876096865396,0.7660444431189778,21.8,40,881.0,4.57,-0.7313537016191703,0.6819983600624987,19.5,59,694.0,7.41,-0.8829475928589271,0.4694715627858904,0.6499999999999986,open-meteo,2026-08-08T09:59:26+00:00
2026-07-23 13:00:00+00:00,DE,onshore,16.0,69,583.0,7.45,-0.8829475928589271,0.4694715627858904,19.1,67,536.0,9.77,-0.7071067811865477,0.7071067811865474,22.0,38,846.0,4.08,-0.5735764363510465,0.8191520442889916,20.4,55,695.0,7.63,-0.8746197071393956,0.4848096202463373,1.375,open-meteo,2026-08-08T09:59:26+00:00
2026-07-23 14:00:00+00:00,DE,onshore,15.9,72,604.0,8.63,-0.8829475928589271,0.4694715627858904,19.2,62,505.0,9.64,-0.7431448254773946,0.6691306063588578,22.4,38,787.0,5.08,-0.5591929034707466,0.8290375725550418,20.9,51,661.0,7.8,-0.8910065241883679,0.4539904997395466,1.6000000000000014,open-meteo,2026-08-08T09:59:26+00:00
2026-07-23 15:00:00+00:00,DE,onshore,16.0,70,503.0,7.79,-0.9335804264972016,0.3583679495453004,19.2,61,445.0,9.82,-0.5877852522924734,0.8090169943749473,22.5,37,679.0,5.28,-0.6427876096865396,0.7660444431189778,21.1,49,566.0,7.86,-0.8571673007021123,0.5150380749100542,1.7000000000000028,open-meteo,2026-08-08T09:59:26+00:00
2026-07-23 16:00:00+00:00,DE,onshore,15.9,74,317.0,7.1,-0.9510565162951536,0.3090169943749472,19.7,59,359.0,8.22,-0.5150380749100545,0.8571673007021121,22.0,39,534.0,6.15,-0.5150380749100545,0.8571673007021121,21.2,46,440.0,7.23,-0.8386705679454243,0.5446390350150266,1.6999999999999993,open-meteo,2026-08-08T09:59:26+00:00
2026-07-23 17:00:00+00:00,DE,onshore,16.0,71,201.0,7.17,-0.9271838545667874,0.3746065934159119,19.0,61,180.0,8.42,-0.6427876096865396,0.7660444431189778,21.7,42,357.0,3.19,-0.1908089953765446,0.981627183447664,20.5,50,266.0,8.28,-0.8910065241883679,0.4539904997395466,1.3000000000000007,open-meteo,2026-08-08T09:59:26+00:00
2026-07-23 18:00:00+00:00,DE,onshore,15.5,80,75.0,6.79,-0.8910065241883679,0.4539904997395466,18.9,58,161.0,9.05,-0.5877852522924734,0.8090169943749473,21.4,40,186.0,3.56,-0.1391731009600658,0.9902680687415704,20.2,48,151.0,8.98,-0.8910065241883679,0.4539904997395466,1.0,open-meteo,2026-08-08T09:59:26+00:00
2026-07-23 19:00:00+00:00,DE,onshore,15.8,75,23.0,7.26,-0.8480480961564262,0.5299192642332047,17.3,70,51.0,8.45,-0.7193398003386512,0.6946583704589973,19.4,49,55.0,4.29,-0.1908089953765446,0.981627183447664,18.7,55,55.0,9.14,-0.8571673007021123,0.5150380749100542,0.1999999999999993,open-meteo,2026-08-08T09:59:26+00:00
2026-07-23 20:00:00+00:00,DE,onshore,15.7,74,3.0,7.37,-0.8090169943749476,0.5877852522924729,16.4,76,1.0,8.52,-0.7193398003386512,0.6946583704589973,16.9,56,1.0,4.33,-0.0871557427476583,0.9961946980917455,16.8,65,1.0,7.97,-0.7313537016191703,0.6819983600624987,1.5500000000000007,open-meteo,2026-08-08T09:59:26+00:00
2026-07-23 21:00:00+00:00,DE,onshore,16.3,74,0.0,7.75,-0.8480480961564262,0.5299192642332047,15.6,80,0.0,8.39,-0.7986355100472932,0.6018150231520479,15.0,64,0.0,2.95,0.1045284632676534,0.9945218953682732,15.7,70,0.0,7.2,-0.5591929034707466,0.8290375725550418,2.3500000000000014,open-meteo,2026-08-08T09:59:26+00:00
2026-07-23 22:00:00+00:00,DE,onshore,16.1,76,0.0,8.33,-0.7547095802227722,0.656059028990507,14.7,85,0.0,9.0,-0.8191520442889918,0.573576436351046,14.1,69,0.0,1.18,-2.4492935982947064e-16,1.0,14.5,75,0.0,7.42,-0.6691306063588581,0.7431448254773944,3.1500000000000004,open-meteo,2026-08-08T09:59:26+00:00
2026-07-23 23:00:00+00:00,DE,onshore,16.1,74,0.0,6.26,-0.6427876096865396,0.7660444431189778,14.3,86,0.0,9.33,-0.8910065241883679,0.4539904997395466,13.5,68,0.0,1.2,-0.8191520442889918,0.573576436351046,13.5,80,0.0,6.93,-0.7313537016191703,0.6819983600624987,3.649999999999999,open-meteo,2026-08-08T09:59:26+00:00
2026-07-24 00:00:00+00:00,DE,onshore,15.7,74,0.0,7.78,-0.7547095802227722,0.656059028990507,13.8,86,0.0,8.42,-0.9063077870366498,0.4226182617406996,12.0,75,0.0,1.31,-0.8910065241883679,0.4539904997395466,12.4,82,0.0,6.79,-0.7071067811865477,0.7071067811865474,4.525,open-meteo,2026-08-08T09:59:26+00:00
2026-07-24 01:00:00+00:00,DE,onshore,16.0,71,0.0,6.39,-0.8090169943749476,0.5877852522924729,12.8,88,0.0,7.32,-0.9063077870366498,0.4226182617406996,11.5,76,0.0,0.63,-0.7771459614569708,0.6293203910498375,11.6,83,0.0,6.96,-0.8191520442889918,0.573576436351046,5.025,open-meteo,2026-08-08T09:59:26+00:00
2026-07-24 02:00:00+00:00,DE,onshore,15.9,75,0.0,7.42,-0.7431448254773946,0.6691306063588578,11.8,92,0.0,6.97,-0.898794046299167,0.4383711467890774,10.6,81,0.0,0.2,-2.4492935982947064e-16,1.0,11.2,84,0.0,6.36,-0.8746197071393956,0.4848096202463373,5.625,open-meteo,2026-08-08T09:59:26+00:00
2026-07-24 03:00:00+00:00,DE,onshore,16.0,76,0.0,8.43,-0.6293203910498378,0.7771459614569706,11.4,91,0.0,6.29,-0.9510565162951536,0.3090169943749472,9.2,88,0.0,0.55,0.7071067811865476,-0.7071067811865475,10.5,86,0.0,5.4,-0.9612616959383188,0.2756373558169994,6.225000000000001,open-meteo,2026-08-08T09:59:26+00:00
2026-07-24 04:00:00+00:00,DE,onshore,16.1,68,3.0,7.0,-0.6819983600624984,0.7313537016191707,11.5,91,11.0,6.51,-0.9781476007338056,0.2079116908177594,8.6,91,1.0,1.24,0.9510565162951536,-0.3090169943749473,10.3,88,8.0,5.61,-0.9961946980917455,0.0871557427476578,6.375,open-meteo,2026-08-08T09:59:26+00:00
2026-07-24 05:00:00+00:00,DE,onshore,16.7,71,37.0,5.96,-0.8090169943749476,0.5877852522924729,12.3,87,62.0,7.09,-0.981627183447664,0.1908089953765451,9.3,92,52.0,1.47,0.7986355100472927,-0.6018150231520484,11.3,85,68.0,5.6,-0.9975640502598244,0.0697564737441252,5.600000000000001,open-meteo,2026-08-08T09:59:26+00:00
2026-07-24 06:00:00+00:00,DE,onshore,16.6,74,105.0,6.3,-0.8386705679454243,0.5446390350150266,13.5,82,179.0,5.31,-0.9975640502598244,0.0697564737441252,13.5,73,182.0,1.55,0.9510565162951536,-0.3090169943749473,13.0,78,165.0,4.56,-0.9876883405951375,-0.156434465040231,3.85,open-meteo,2026-08-08T09:59:26+00:00
2026-07-24 07:00:00+00:00,DE,onshore,16.2,77,131.0,6.28,-0.8571673007021123,0.5150380749100542,15.0,77,335.0,5.29,-0.9998476951563912,-0.0174524064372834,16.3,61,341.0,0.81,0.9702957262759964,-0.2419218955996677,14.3,74,205.0,4.95,-0.9902680687415704,-0.1391731009600658,2.5500000000000007,open-meteo,2026-08-08T09:59:26+00:00
2026-07-24 08:00:00+00:00,DE,onshore,16.7,73,219.0,4.74,-0.9510565162951536,0.3090169943749472,16.6,70,500.0,5.69,-0.9993908270190958,0.0348994967025012,19.0,52,452.0,0.88,1.0,6.123233995736766e-17,15.6,69,256.0,4.75,-0.9902680687415704,-0.1391731009600658,1.025000000000002,open-meteo,2026-08-08T09:59:26+00:00
2026-07-24 09:00:00+00:00,DE,onshore,16.8,77,156.0,6.37,-0.9205048534524404,0.3907311284892735,17.6,66,588.0,6.27,-0.9993908270190958,-0.0348994967025007,22.0,40,645.0,0.57,-0.5150380749100542,-0.8571673007021123,16.9,63,360.0,5.02,-0.9945218953682734,-0.1045284632676533,0.3250000000000028,open-meteo,2026-08-08T09:59:26+00:00
2026-07-24 10:00:00+00:00,DE,onshore,16.7,76,292.0,4.67,-0.984807753012208,0.1736481776669299,18.3,63,626.0,6.47,-1.0,-1.8369701987210287e-16,23.7,37,779.0,0.62,-0.9510565162951536,0.3090169943749472,17.9,58,507.0,4.83,-0.9945218953682734,0.1045284632676529,1.1499999999999986,open-meteo,2026-08-08T09:59:26+00:00
2026-07-24 11:00:00+00:00,DE,onshore,16.9,78,552.0,6.72,-0.9902680687415704,0.1391731009600654,19.4,57,691.0,6.71,-0.992546151641322,-0.1218693434051471,24.9,38,832.0,2.02,0.2419218955996677,0.9702957262759964,18.4,57,427.0,4.77,-0.9876883405951378,0.1564344650402306,1.8999999999999984,open-meteo,2026-08-08T09:59:26+00:00
2026-07-24 12:00:00+00:00,DE,onshore,16.7,79,505.0,6.31,-0.898794046299167,0.4383711467890774,19.7,58,723.0,7.37,-0.9961946980917455,-0.0871557427476582,25.4,35,836.0,1.75,0.4539904997395468,0.8910065241883679,19.8,51,529.0,3.83,-0.9986295347545738,0.0523359562429439,2.3999999999999986,open-meteo,2026-08-08T09:59:26+00:00
2026-07-24 13:00:00+00:00,DE,onshore,16.8,81,667.0,5.14,-0.9510565162951536,0.3090169943749472,20.1,56,761.0,5.59,-0.981627183447664,-0.1908089953765446,26.3,35,841.0,2.16,0.7771459614569709,0.6293203910498374,20.9,48,770.0,4.02,-0.9998476951563912,0.0174524064372831,3.0249999999999986,open-meteo,2026-08-08T09:59:26+00:00
2026-07-24 14:00:00+00:00,DE,onshore,16.9,77,519.0,6.28,-0.981627183447664,0.1908089953765451,20.1,47,624.0,5.89,-0.9986295347545738,0.0523359562429439,26.5,32,777.0,2.49,0.7071067811865475,0.7071067811865476,21.8,48,708.0,4.03,-0.9975640502598244,0.0697564737441252,3.325,open-meteo,2026-08-08T09:59:26+00:00
2026-07-24 15:00:00+00:00,DE,onshore,17.3,76,574.0,4.43,-0.9961946980917455,0.0871557427476578,21.0,47,549.0,5.13,-0.9743700647852352,0.2249510543438649,26.8,26,666.0,1.9,0.8191520442889918,0.573576436351046,22.3,40,596.0,3.78,-0.9335804264972016,0.3583679495453004,3.849999999999998,open-meteo,2026-08-08T09:59:26+00:00
2026-07-24 16:00:00+00:00,DE,onshore,17.5,76,492.0,3.63,-0.9986295347545738,0.0523359562429439,21.0,38,439.0,4.74,-0.9510565162951536,0.3090169943749472,26.7,23,524.0,1.96,0.6018150231520483,0.7986355100472928,22.4,45,468.0,3.29,-0.8910065241883679,0.4539904997395466,3.899999999999999,open-meteo,2026-08-08T09:59:26+00:00
2026-07-24 17:00:00+00:00,DE,onshore,17.7,76,363.0,2.55,-0.9993908270190958,-0.0348994967025007,20.6,44,313.0,4.65,-0.8829475928589271,0.4694715627858904,26.1,21,364.0,1.8,0.484809620246337,0.8746197071393957,22.6,40,316.0,3.72,-0.8910065241883679,0.4539904997395466,3.75,open-meteo,2026-08-08T09:59:26+00:00
2026-07-24 18:00:00+00:00,DE,onshore,17.9,78,199.0,2.67,-0.9902680687415704,-0.1391731009600658,20.3,48,171.0,3.92,-0.9743700647852352,0.2249510543438649,25.1,26,189.0,1.85,0.5299192642332049,0.848048096156426,21.8,41,173.0,2.1,-0.8829475928589271,0.4694715627858904,3.275000000000002,open-meteo,2026-08-08T09:59:26+00:00
2026-07-24 19:00:00+00:00,DE,onshore,17.9,79,77.0,1.97,-0.8910065241883678,-0.4539904997395469,18.3,61,49.0,3.4,-0.2079116908177598,0.9781476007338056,22.3,36,52.0,2.17,0.3090169943749474,0.9510565162951536,20.6,44,52.0,1.28,-0.8480480961564262,0.5299192642332047,1.7749999999999986,open-meteo,2026-08-08T09:59:26+00:00
2026-07-24 20:00:00+00:00,DE,onshore,18.0,78,8.0,2.94,-0.6018150231520484,-0.7986355100472928,16.2,71,1.0,6.17,-0.3420201433256686,0.9396926207859084,20.2,32,1.0,1.18,0.6691306063588582,0.7431448254773942,19.1,52,1.0,1.45,-0.4694715627858908,0.882947592858927,0.375,open-meteo,2026-08-08T09:59:26+00:00
2026-07-24 21:00:00+00:00,DE,onshore,18.1,77,0.0,4.5,-0.1908089953765447,-0.981627183447664,15.1,80,0.0,4.91,-0.0871557427476583,0.9961946980917455,19.1,44,0.0,0.66,0.8910065241883679,-0.4539904997395467,14.8,80,0.0,4.03,-0.3090169943749477,0.9510565162951536,1.224999999999998,open-meteo,2026-08-08T09:59:26+00:00
2026-07-24 22:00:00+00:00,DE,onshore,18.2,77,0.0,4.56,-0.4694715627858908,-0.8829475928589269,14.2,87,0.0,2.45,-0.0348994967025008,0.9993908270190958,17.8,50,0.0,0.9,0.7547095802227721,-0.6560590289905072,14.3,82,0.0,4.77,0.3255681544571567,0.9455185755993168,1.875,open-meteo,2026-08-08T09:59:26+00:00
2026-07-24 23:00:00+00:00,DE,onshore,18.2,81,0.0,4.74,-0.4067366430758002,-0.9135454576426008,13.8,89,0.0,1.12,-0.2588190451025207,0.9659258262890684,16.2,58,0.0,1.69,0.5877852522924732,-0.8090169943749473,13.8,83,0.0,3.55,0.7771459614569709,0.6293203910498374,2.5,open-meteo,2026-08-08T09:59:26+00:00
2026-07-25 00:00:00+00:00,DE,onshore,17.9,87,0.0,7.01,-0.3420201433256686,-0.9396926207859084,11.5,97,0.0,1.63,-0.5446390350150271,-0.838670567945424,15.2,64,0.0,0.83,0.7071067811865476,-0.7071067811865475,12.1,88,0.0,3.33,0.9702957262759964,0.2419218955996676,3.825000000000001,open-meteo,2026-08-08T09:59:26+00:00
2026-07-25 01:00:00+00:00,DE,onshore,18.6,81,0.0,8.37,-0.6156614753256582,-0.788010753606722,11.5,95,0.0,2.36,0.0871557427476582,-0.9961946980917455,12.9,73,0.0,1.75,0.8910065241883679,-0.4539904997395467,11.8,89,0.0,2.08,0.9455185755993168,-0.3255681544571566,4.300000000000001,open-meteo,2026-08-08T09:59:26+00:00
2026-07-25 02:00:00+00:00,DE,onshore,17.9,85,0.0,7.89,-0.8910065241883678,-0.4539904997395469,11.4,94,0.0,3.92,-0.0174524064372836,-0.9998476951563912,12.6,74,0.0,2.29,0.8571673007021123,-0.5150380749100543,11.4,91,0.0,2.07,0.5150380749100544,-0.8571673007021122,4.675000000000001,open-meteo,2026-08-08T09:59:26+00:00
2026-07-25 03:00:00+00:00,DE,onshore,17.8,86,0.0,7.38,-0.8660254037844384,-0.5000000000000004,10.8,95,0.0,4.4,-0.5299192642332048,-0.8480480961564261,12.8,64,0.0,2.77,0.7431448254773942,-0.6691306063588582,9.9,93,0.0,2.69,0.1736481776669302,-0.984807753012208,5.174999999999999,open-meteo,2026-08-08T09:59:26+00:00
2026-07-25 04:00:00+00:00,DE,onshore,17.6,85,4.0,6.66,-0.8386705679454242,-0.544639035015027,11.0,94,16.0,5.19,-0.587785252292473,-0.8090169943749475,12.6,64,0.0,2.64,0.7431448254773942,-0.6691306063588582,9.7,96,8.0,3.25,-0.0871557427476579,-0.9961946980917455,5.274999999999999,open-meteo,2026-08-08T09:59:26+00:00
2026-07-25 05:00:00+00:00,DE,onshore,17.6,84,49.0,6.58,-0.8386705679454242,-0.544639035015027,13.0,89,105.0,5.65,-0.6293203910498376,-0.7771459614569708,12.4,71,50.0,2.26,0.5591929034707469,-0.8290375725550416,11.3,92,88.0,4.0,-0.374606593415912,-0.9271838545667874,4.425000000000001,open-meteo,2026-08-08T09:59:26+00:00
2026-07-25 06:00:00+00:00,DE,onshore,17.6,79,123.0,7.38,-0.7660444431189779,-0.6427876096865395,16.2,77,246.0,5.57,-0.6293203910498376,-0.7771459614569708,15.9,61,180.0,2.26,0.5591929034707469,-0.8290375725550416,15.0,73,221.0,3.83,-0.2249510543438649,-0.9743700647852352,1.8250000000000028,open-meteo,2026-08-08T09:59:26+00:00
2026-07-25 07:00:00+00:00,DE,onshore,17.7,77,213.0,8.11,-0.7071067811865475,-0.7071067811865477,18.1,68,372.0,4.46,-0.5446390350150271,-0.838670567945424,19.1,49,345.0,1.28,-0.0697564737441252,-0.9975640502598242,17.9,63,376.0,1.88,0.1564344650402309,-0.9876883405951375,0.1999999999999993,open-meteo,2026-08-08T09:59:26+00:00
2026-07-25 08:00:00+00:00,DE,onshore,18.0,79,367.0,7.9,-0.7193398003386512,-0.6946583704589973,19.8,59,514.0,4.78,-0.7313537016191703,-0.6819983600624986,22.9,37,516.0,1.21,-0.9702957262759964,-0.2419218955996677,20.7,54,529.0,2.85,-0.0697564737441252,-0.9975640502598242,2.349999999999998,open-meteo,2026-08-08T09:59:26+00:00
2026-07-25 09:00:00+00:00,DE,onshore,18.9,75,479.0,9.11,-0.6427876096865393,-0.766044443118978,21.4,54,621.0,4.84,-0.848048096156426,-0.529919264233205,26.1,28,667.0,2.06,-1.0,-1.8369701987210287e-16,23.6,38,661.0,3.6,-0.4848096202463369,-0.8746197071393959,4.5,open-meteo,2026-08-08T09:59:26+00:00
2026-07-25 10:00:00+00:00,DE,onshore,19.5,76,673.0,8.52,-0.7193398003386512,-0.6946583704589973,22.5,49,741.0,5.6,-0.8386705679454242,-0.544639035015027,28.0,27,789.0,3.07,-0.9563047559630354,0.2923717047227367,25.1,33,764.0,3.59,-0.5735764363510462,-0.8191520442889918,5.774999999999999,open-meteo,2026-08-08T09:59:26+00:00
2026-07-25 11:00:00+00:00,DE,onshore,19.2,78,743.0,10.41,-0.9781476007338056,-0.2079116908177598,23.7,45,798.0,5.08,-0.7660444431189779,-0.6427876096865395,29.3,22,865.0,4.19,-0.9612616959383188,0.2756373558169994,26.4,30,820.0,3.12,-0.656059028990507,-0.7547095802227721,6.649999999999999,open-meteo,2026-08-08T09:59:26+00:00
2026-07-25 12:00:00+00:00,DE,onshore,19.3,83,808.0,9.65,-0.9743700647852352,-0.2249510543438652,24.7,43,787.0,4.74,-0.6156614753256582,-0.788010753606722,30.2,17,889.0,4.0,-0.9271838545667874,0.3746065934159119,27.2,31,835.0,3.37,-0.8090169943749473,-0.5877852522924732,7.350000000000001,open-meteo,2026-08-08T09:59:26+00:00
2026-07-25 13:00:00+00:00,DE,onshore,19.2,79,754.0,9.31,-0.9998476951563912,-0.0174524064372834,24.9,42,766.0,5.76,-0.5299192642332048,-0.8480480961564261,30.6,19,839.0,5.24,-0.9563047559630354,0.2923717047227367,28.1,32,805.0,2.81,-0.4226182617406993,-0.90630778703665,7.699999999999996,open-meteo,2026-08-08T09:59:26+00:00
2026-07-25 14:00:00+00:00,DE,onshore,18.9,80,372.0,9.74,-0.984807753012208,0.1736481776669299,25.5,39,699.0,6.18,-0.4226182617406993,-0.90630778703665,31.0,18,761.0,5.01,-0.9975640502598244,0.0697564737441252,28.5,30,719.0,4.04,-0.6293203910498376,-0.7771459614569708,7.975000000000001,open-meteo,2026-08-08T09:59:26+00:00
2026-07-25 15:00:00+00:00,DE,onshore,19.3,77,308.0,9.62,-0.9975640502598244,0.0697564737441252,25.9,38,540.0,5.68,-0.8090169943749473,-0.5877852522924732,30.3,21,543.0,4.78,-0.9659258262890684,-0.2588190451025206,28.4,32,601.0,5.21,-0.9781476007338056,0.2079116908177594,7.975000000000001,open-meteo,2026-08-08T09:59:26+00:00
2026-07-25 16:00:00+00:00,DE,onshore,19.2,76,325.0,12.08,-0.9902680687415704,0.1391731009600654,26.0,38,443.0,5.08,-0.7660444431189779,-0.6427876096865395,30.2,24,316.0,4.82,-0.874619707139396,-0.4848096202463368,27.8,33,475.0,5.83,-0.9902680687415704,0.1391731009600654,7.800000000000001,open-meteo,2026-08-08T09:59:26+00:00
2026-07-25 17:00:00+00:00,DE,onshore,19.1,74,166.0,10.97,-0.9998476951563912,0.0174524064372831,25.5,39,299.0,4.37,-0.7193398003386512,-0.6946583704589973,30.0,23,346.0,4.68,-0.961261695938319,-0.2756373558169989,27.0,37,329.0,5.68,-0.9998476951563912,0.0174524064372831,7.399999999999999,open-meteo,2026-08-08T09:59:26+00:00
2026-07-25 18:00:00+00:00,DE,onshore,19.3,77,143.0,12.15,-0.9998476951563912,0.0174524064372831,25.1,38,161.0,5.39,-0.9998476951563912,0.0174524064372831,28.5,29,180.0,5.31,-0.9975640502598242,-0.0697564737441255,26.8,36,177.0,5.8,-0.9781476007338056,0.2079116908177594,6.925000000000001,open-meteo,2026-08-08T09:59:26+00:00
2026-07-25 19:00:00+00:00,DE,onshore,19.2,75,52.0,10.0,-0.9993908270190958,-0.0348994967025007,22.5,48,47.0,4.71,-0.9563047559630354,0.2923717047227367,25.8,37,45.0,5.11,-0.9563047559630352,-0.2923717047227371,24.0,43,52.0,6.88,-0.981627183447664,0.1908089953765451,4.875,open-meteo,2026-08-08T09:59:26+00:00
2026-07-25 20:00:00+00:00,DE,onshore,19.3,77,6.0,9.39,-0.9902680687415704,-0.1391731009600658,20.8,58,0.0,2.2,-0.8480480961564262,0.5299192642332047,22.9,44,0.0,4.12,-0.90630778703665,-0.4226182617406991,20.4,52,1.0,5.68,-0.7193398003386512,0.6946583704589973,2.8500000000000014,open-meteo,2026-08-08T09:59:26+00:00
2026-07-25 21:00:00+00:00,DE,onshore,19.4,77,0.0,9.2,-0.9781476007338056,-0.2079116908177598,17.8,75,0.0,1.5,-0.981627183447664,-0.1908089953765446,22.2,45,0.0,3.5,-0.9510565162951536,-0.3090169943749475,18.9,63,0.0,5.89,-0.9510565162951536,0.3090169943749472,1.5750000000000028,open-meteo,2026-08-08T09:59:26+00:00
2026-07-25 22:00:00+00:00,DE,onshore,19.5,80,0.0,8.15,-0.9743700647852352,-0.2249510543438652,16.9,80,0.0,3.1,-0.3090169943749473,-0.9510565162951536,20.5,47,0.0,4.52,-0.9961946980917455,0.0871557427476578,17.8,66,0.0,3.92,-0.9743700647852352,-0.2249510543438652,0.6750000000000007,open-meteo,2026-08-08T09:59:26+00:00
2026-07-25 23:00:00+00:00,DE,onshore,19.4,80,0.0,8.36,-0.984807753012208,-0.1736481776669303,17.0,75,0.0,6.34,-0.5299192642332048,-0.8480480961564261,18.7,55,0.0,4.61,-0.9998476951563912,0.0174524064372831,16.6,73,0.0,5.23,-0.8660254037844384,-0.5000000000000004,0.0750000000000028,open-meteo,2026-08-08T09:59:26+00:00
2026-07-26 00:00:00+00:00,DE,onshore,18.4,88,0.0,7.27,-0.9975640502598242,-0.0697564737441255,18.2,68,0.0,7.63,-0.9612616959383188,0.2756373558169994,18.0,59,0.0,5.01,-0.9986295347545738,0.0523359562429439,15.9,74,0.0,5.88,-1.0,-1.8369701987210287e-16,0.375,open-meteo,2026-08-08T09:59:26+00:00
2026-07-26 01:00:00+00:00,DE,onshore,18.4,84,0.0,6.57,-0.984807753012208,-0.1736481776669303,17.2,76,0.0,6.72,-0.8571673007021123,0.5150380749100542,18.2,55,0.0,6.66,-0.9998476951563912,0.0174524064372831,15.1,79,0.0,5.72,-0.992546151641322,0.1218693434051476,0.7750000000000021,open-meteo,2026-08-08T09:59:26+00:00
2026-07-26 02:00:00+00:00,DE,onshore,18.4,86,0.0,6.0,-0.8987940462991668,-0.4383711467890777,16.7,80,0.0,4.08,-0.9135454576426012,0.4067366430757997,18.3,55,0.0,6.86,-1.0,-1.8369701987210287e-16,14.6,84,0.0,3.53,-0.6946583704589976,0.7193398003386509,1.0000000000000036,open-meteo,2026-08-08T09:59:26+00:00
2026-07-26 03:00:00+00:00,DE,onshore,18.4,92,0.0,4.56,-0.90630778703665,-0.4226182617406991,16.5,78,0.0,4.37,-0.9612616959383188,0.2756373558169994,18.7,57,0.0,6.57,-0.9993908270190958,0.0348994967025012,14.5,84,0.0,1.46,-0.9396926207859084,0.342020143325669,0.9750000000000014,open-meteo,2026-08-08T09:59:26+00:00
2026-07-26 04:00:00+00:00,DE,onshore,18.3,87,1.0,4.04,-0.9945218953682734,0.1045284632676529,16.2,80,12.0,4.97,-0.9659258262890684,0.2588190451025203,19.5,58,0.0,8.09,-0.992546151641322,0.1218693434051476,13.7,89,8.0,2.47,-0.992546151641322,-0.1218693434051471,1.0749999999999993,open-meteo,2026-08-08T09:59:26+00:00
2026-07-26 05:00:00+00:00,DE,onshore,18.4,89,9.0,4.38,-0.7660444431189779,-0.6427876096865395,17.1,75,75.0,4.21,-0.9998476951563912,0.0174524064372831,20.0,58,43.0,8.55,-0.9961946980917455,-0.0871557427476582,15.0,85,83.0,2.91,-0.9396926207859084,-0.3420201433256685,0.375,open-meteo,2026-08-08T09:59:26+00:00
2026-07-26 06:00:00+00:00,DE,onshore,18.1,91,6.0,2.24,-0.9205048534524404,-0.3907311284892738,18.2,70,128.0,3.09,-0.981627183447664,-0.1908089953765446,21.5,53,180.0,6.9,-0.992546151641322,-0.1218693434051471,18.4,71,173.0,2.86,-0.8571673007021121,-0.5150380749100544,1.0499999999999972,open-meteo,2026-08-08T09:59:26+00:00
2026-07-26 07:00:00+00:00,DE,onshore,17.9,91,25.0,1.82,-0.587785252292473,-0.8090169943749475,19.1,68,229.0,1.69,-0.984807753012208,-0.1736481776669303,23.4,48,344.0,6.37,-0.9993908270190958,-0.0348994967025007,21.4,61,297.0,2.45,-0.6018150231520484,-0.7986355100472928,2.45,open-meteo,2026-08-08T09:59:26+00:00
2026-07-26 08:00:00+00:00,DE,onshore,17.6,91,33.0,7.33,-0.6156614753256582,-0.788010753606722,20.1,65,265.0,1.52,-0.2588190451025208,-0.9659258262890684,25.3,43,510.0,6.79,-0.9961946980917455,-0.0871557427476582,23.1,53,377.0,4.56,-0.882947592858927,-0.4694715627858907,3.5249999999999986,open-meteo,2026-08-08T09:59:26+00:00
2026-07-26 09:00:00+00:00,DE,onshore,18.0,89,48.0,5.27,-0.8191520442889916,-0.5735764363510464,21.4,58,352.0,3.21,-0.6156614753256582,-0.788010753606722,26.4,41,659.0,6.61,-0.9659258262890684,-0.2588190451025206,24.6,48,430.0,5.45,-0.9902680687415704,-0.1391731009600658,4.600000000000001,open-meteo,2026-08-08T09:59:26+00:00
2026-07-26 10:00:00+00:00,DE,onshore,18.0,89,210.0,6.04,-0.7431448254773944,-0.6691306063588581,21.3,60,284.0,3.23,-0.9993908270190958,-0.0348994967025007,27.7,35,774.0,7.79,-0.9659258262890684,-0.2588190451025206,25.0,46,468.0,4.42,-0.9743700647852352,-0.2249510543438652,5.0,open-meteo,2026-08-08T09:59:26+00:00
2026-07-26 11:00:00+00:00,DE,onshore,18.0,93,126.0,6.61,-0.5735764363510462,-0.8191520442889918,19.4,78,280.0,2.24,-0.4848096202463369,0.8746197071393959,28.3,35,846.0,9.57,-0.981627183447664,-0.1908089953765446,25.9,43,454.0,4.46,-0.8386705679454242,-0.544639035015027,4.899999999999999,open-meteo,2026-08-08T09:59:26+00:00
2026-07-26 12:00:00+00:00,DE,onshore,18.0,89,84.0,7.04,-0.8191520442889916,-0.5735764363510464,17.9,86,204.0,3.59,-0.8191520442889916,-0.5735764363510464,28.4,36,854.0,8.46,-0.961261695938319,-0.2756373558169989,24.5,49,397.0,0.9,-0.6560590289905074,0.7547095802227719,4.199999999999999,open-meteo,2026-08-08T09:59:26+00:00
2026-07-26 13:00:00+00:00,DE,onshore,18.1,89,98.0,8.77,-0.9396926207859084,-0.3420201433256685,18.1,87,163.0,3.23,-0.5735764363510462,-0.8191520442889918,29.5,29,804.0,8.83,-0.9986295347545738,-0.0523359562429443,22.3,63,259.0,5.92,-0.8290375725550416,0.559192903470747,4.0,open-meteo,2026-08-08T09:59:26+00:00
2026-07-26 14:00:00+00:00,DE,onshore,18.0,88,55.0,11.22,-0.6946583704589974,-0.7193398003386511,19.1,83,216.0,4.82,-0.2249510543438649,-0.9743700647852352,29.7,27,702.0,11.44,-0.8290375725550418,-0.5591929034707466,21.4,70,187.0,2.98,-0.9876883405951378,0.1564344650402306,4.049999999999997,open-meteo,2026-08-08T09:59:26+00:00
2026-07-26 15:00:00+00:00,DE,onshore,18.6,90,104.0,11.6,-0.7986355100472928,-0.6018150231520483,18.7,85,122.0,5.0,-0.4383711467890774,-0.8987940462991669,30.2,24,647.0,8.63,-0.9781476007338056,-0.2079116908177598,21.4,68,223.0,2.67,-0.882947592858927,-0.4694715627858907,4.225000000000001,open-meteo,2026-08-08T09:59:26+00:00
2026-07-26 16:00:00+00:00,DE,onshore,18.7,90,64.0,9.68,-0.8987940462991668,-0.4383711467890777,18.3,90,75.0,6.84,-0.4848096202463369,-0.8746197071393959,28.6,25,490.0,11.09,-0.9986295347545738,0.0523359562429439,21.3,70,120.0,4.52,-0.9975640502598244,0.0697564737441252,3.724999999999998,open-meteo,2026-08-08T09:59:26+00:00
2026-07-26 17:00:00+00:00,DE,onshore,18.9,84,77.0,12.96,-0.9902680687415704,-0.1391731009600658,18.3,86,102.0,7.34,-0.8290375725550418,-0.5591929034707466,25.8,33,173.0,10.51,-0.9612616959383188,0.2756373558169994,19.6,73,41.0,6.97,-0.9986295347545738,-0.0523359562429443,2.6499999999999986,open-meteo,2026-08-08T09:59:26+00:00
2026-07-26 18:00:00+00:00,DE,onshore,18.8,81,72.0,12.25,-0.9993908270190958,0.0348994967025012,18.4,85,60.0,6.26,-0.7660444431189779,-0.6427876096865395,24.8,40,108.0,9.74,-0.9961946980917455,-0.0871557427476582,19.3,79,39.0,5.33,-0.7193398003386512,-0.6946583704589973,2.325,open-meteo,2026-08-08T09:59:26+00:00
2026-07-26 19:00:00+00:00,DE,onshore,18.2,82,36.0,10.84,-0.9743700647852352,0.2249510543438649,17.9,90,24.0,8.25,-0.6018150231520484,-0.7986355100472928,23.6,48,42.0,9.61,-0.9993908270190958,-0.0348994967025007,19.0,78,17.0,7.31,-0.6293203910498376,-0.7771459614569708,1.6749999999999972,open-meteo,2026-08-08T09:59:26+00:00
2026-07-26 20:00:00+00:00,DE,onshore,17.6,86,2.0,12.23,-0.8910065241883679,0.4539904997395466,17.5,90,0.0,9.61,-0.6293203910498376,-0.7771459614569708,23.0,50,0.0,9.12,-0.9993908270190958,-0.0348994967025007,17.6,88,0.0,6.03,-0.6946583704589974,-0.7193398003386511,0.9250000000000008,open-meteo,2026-08-08T09:59:26+00:00
2026-07-26 21:00:00+00:00,DE,onshore,17.0,83,0.0,13.65,-0.9205048534524404,0.3907311284892735,17.4,92,0.0,10.68,-0.5446390350150271,-0.838670567945424,22.3,54,0.0,10.0,-0.9998476951563912,0.0174524064372831,17.3,90,0.0,8.66,-0.7071067811865475,-0.7071067811865477,0.5,open-meteo,2026-08-08T09:59:26+00:00
2026-07-26 22:00:00+00:00,DE,onshore,17.2,80,0.0,14.26,-0.9396926207859084,0.342020143325669,17.1,93,0.0,9.95,-0.587785252292473,-0.8090169943749475,21.8,56,0.0,8.93,-0.9975640502598242,-0.0697564737441255,17.2,93,0.0,9.21,-0.8191520442889916,-0.5735764363510464,0.3249999999999993,open-meteo,2026-08-08T09:59:26+00:00
2026-07-26 23:00:00+00:00,DE,onshore,17.1,84,0.0,12.23,-0.6427876096865396,0.7660444431189778,16.8,93,0.0,10.05,-0.7313537016191703,-0.6819983600624986,21.8,58,0.0,9.22,-0.9986295347545738,-0.0523359562429443,17.6,91,0.0,8.92,-0.9205048534524404,-0.3907311284892738,0.3250000000000028,open-meteo,2026-08-08T09:59:26+00:00
2026-07-27 00:00:00+00:00,DE,onshore,16.8,81,0.0,10.38,-0.5591929034707466,0.8290375725550418,16.7,93,0.0,10.07,-0.754709580222772,-0.6560590289905073,21.3,59,0.0,10.01,-0.9986295347545738,-0.0523359562429443,17.4,92,0.0,8.34,-0.9743700647852352,-0.2249510543438652,0.0499999999999971,open-meteo,2026-08-08T09:59:26+00:00
2026-07-27 01:00:00+00:00,DE,onshore,17.2,76,0.0,9.98,-0.7313537016191703,0.6819983600624987,17.0,88,0.0,11.38,-0.981627183447664,-0.1908089953765446,21.3,62,0.0,9.5,-1.0,-1.8369701987210287e-16,17.5,88,0.0,9.98,-0.992546151641322,-0.1218693434051471,0.25,open-meteo,2026-08-08T09:59:26+00:00
2026-07-27 02:00:00+00:00,DE,onshore,17.1,76,0.0,9.87,-0.6427876096865396,0.7660444431189778,16.6,86,0.0,10.58,-0.9998476951563912,-0.0174524064372834,20.8,65,0.0,5.99,-0.9975640502598244,0.0697564737441252,16.9,90,0.0,9.33,-0.9876883405951378,0.1564344650402306,0.1499999999999985,open-meteo,2026-08-08T09:59:26+00:00
2026-07-27 03:00:00+00:00,DE,onshore,16.9,84,0.0,11.08,-0.6293203910498378,0.7771459614569706,16.3,86,0.0,11.85,-0.992546151641322,0.1218693434051476,18.5,87,0.0,5.68,-0.8480480961564262,0.5299192642332047,16.4,87,0.0,9.78,-0.992546151641322,0.1218693434051476,0.9750000000000014,open-meteo,2026-08-08T09:59:26+00:00
2026-07-27 04:00:00+00:00,DE,onshore,16.9,73,3.0,10.57,-0.544639035015027,0.838670567945424,15.7,82,4.0,12.11,-0.9945218953682734,0.1045284632676529,18.3,87,0.0,7.16,-0.9986295347545738,-0.0523359562429443,16.3,84,3.0,10.46,-0.9743700647852352,0.2249510543438649,1.2000000000000028,open-meteo,2026-08-08T09:59:26+00:00
2026-07-27 05:00:00+00:00,DE,onshore,16.7,71,58.0,11.15,-0.5877852522924734,0.8090169943749473,15.5,85,39.0,11.22,-0.9612616959383188,0.2756373558169994,18.3,85,23.0,7.74,-0.9998476951563912,0.0174524064372831,15.9,84,21.0,9.85,-0.945518575599317,0.3255681544571563,1.3999999999999986,open-meteo,2026-08-08T09:59:26+00:00
2026-07-27 06:00:00+00:00,DE,onshore,16.4,73,143.0,10.74,-0.6946583704589976,0.7193398003386509,14.9,88,29.0,11.47,-0.8191520442889918,0.573576436351046,17.9,84,85.0,8.13,-0.9876883405951378,0.1564344650402306,15.9,86,55.0,9.23,-0.9563047559630354,0.2923717047227367,1.7250000000000014,open-meteo,2026-08-08T09:59:26+00:00
2026-07-27 07:00:00+00:00,DE,onshore,16.2,66,267.0,8.66,-0.6946583704589976,0.7193398003386509,14.8,85,39.0,11.16,-0.6946583704589976,0.7193398003386509,18.3,79,201.0,8.46,-0.984807753012208,0.1736481776669299,16.3,83,136.0,9.68,-0.8910065241883679,0.4539904997395466,1.6000000000000014,open-meteo,2026-08-08T09:59:26+00:00
2026-07-27 08:00:00+00:00,DE,onshore,16.1,65,337.0,8.68,-0.7986355100472932,0.6018150231520479,14.9,85,89.0,9.46,-0.8480480961564262,0.5299192642332047,18.7,77,332.0,9.15,-0.9961946980917455,0.0871557427476578,16.8,80,207.0,7.77,-0.9205048534524404,0.3907311284892735,1.375,open-meteo,2026-08-08T09:59:26+00:00
2026-07-27 09:00:00+00:00,DE,onshore,16.5,63,544.0,9.49,-0.8571673007021123,0.5150380749100542,16.5,71,279.0,11.4,-0.7986355100472932,0.6018150231520479,20.1,68,512.0,8.16,-0.9961946980917455,0.0871557427476578,18.4,72,377.0,8.03,-0.9135454576426012,0.4067366430757997,0.125,open-meteo,2026-08-08T09:59:26+00:00
2026-07-27 10:00:00+00:00,DE,onshore,16.4,67,570.0,9.33,-0.945518575599317,0.3255681544571563,16.5,68,326.0,12.37,-0.9135454576426012,0.4067366430757997,21.8,60,635.0,7.47,-0.9961946980917455,0.0871557427476578,19.5,63,580.0,8.41,-0.9335804264972016,0.3583679495453004,0.5500000000000007,open-meteo,2026-08-08T09:59:26+00:00
2026-07-27 11:00:00+00:00,DE,onshore,16.8,63,718.0,9.85,-0.945518575599317,0.3255681544571563,17.7,56,424.0,11.57,-0.9335804264972016,0.3583679495453004,23.2,50,704.0,8.76,-0.9945218953682734,-0.1045284632676533,20.5,56,646.0,8.49,-0.945518575599317,0.3255681544571563,1.5500000000000007,open-meteo,2026-08-08T09:59:26+00:00
2026-07-27 12:00:00+00:00,DE,onshore,16.4,68,686.0,9.56,-0.9135454576426012,0.4067366430757997,18.9,47,697.0,10.32,-0.9205048534524404,0.3907311284892735,23.7,45,619.0,7.35,-1.0,-1.8369701987210287e-16,20.5,53,563.0,8.53,-0.9659258262890684,0.2588190451025203,1.875,open-meteo,2026-08-08T09:59:26+00:00
2026-07-27 13:00:00+00:00,DE,onshore,16.9,65,723.0,10.26,-0.9563047559630354,0.2923717047227367,19.5,46,661.0,10.75,-0.9205048534524404,0.3907311284892735,22.3,51,397.0,7.69,-0.9563047559630354,0.2923717047227367,19.8,58,268.0,10.22,-0.8290375725550416,0.559192903470747,1.625,open-meteo,2026-08-08T09:59:26+00:00
2026-07-27 14:00:00+00:00,DE,onshore,17.2,65,645.0,11.28,-0.9396926207859084,0.342020143325669,20.1,44,659.0,10.48,-0.9335804264972016,0.3583679495453004,24.5,45,468.0,7.32,-0.9781476007338056,0.2079116908177594,19.4,66,237.0,9.7,-0.9205048534524404,0.3907311284892735,2.299999999999997,open-meteo,2026-08-08T09:59:26+00:00
2026-07-27 15:00:00+00:00,DE,onshore,16.9,67,584.0,10.87,-0.9135454576426012,0.4067366430757997,19.9,45,367.0,12.46,-0.945518575599317,0.3255681544571563,24.8,44,424.0,7.13,-0.9510565162951536,0.3090169943749472,19.2,65,256.0,8.32,-0.8910065241883679,0.4539904997395466,2.2,open-meteo,2026-08-08T09:59:26+00:00
2026-07-27 16:00:00+00:00,DE,onshore,17.4,66,413.0,10.5,-0.9271838545667874,0.3746065934159119,19.4,46,371.0,12.86,-0.9205048534524404,0.3907311284892735,24.6,39,433.0,6.49,-0.9659258262890684,0.2588190451025203,19.0,66,166.0,7.75,-0.9510565162951536,0.3090169943749472,2.1000000000000014,open-meteo,2026-08-08T09:59:26+00:00
2026-07-27 17:00:00+00:00,DE,onshore,17.1,68,263.0,9.92,-0.9205048534524404,0.3907311284892735,18.8,47,270.0,11.81,-0.9396926207859084,0.342020143325669,24.2,45,315.0,5.69,-0.981627183447664,0.1908089953765451,18.6,66,134.0,8.19,-0.9335804264972016,0.3583679495453004,1.6750000000000045,open-meteo,2026-08-08T09:59:26+00:00
2026-07-27 18:00:00+00:00,DE,onshore,17.1,70,126.0,9.69,-0.9702957262759966,0.2419218955996674,18.4,43,138.0,10.85,-0.9205048534524404,0.3907311284892735,23.2,45,172.0,5.05,-0.9510565162951536,0.3090169943749472,18.4,66,69.0,7.47,-0.9563047559630354,0.2923717047227367,1.2749999999999986,open-meteo,2026-08-08T09:59:26+00:00
2026-07-27 19:00:00+00:00,DE,onshore,17.3,70,67.0,9.59,-0.981627183447664,0.1908089953765451,16.8,57,39.0,8.74,-0.7986355100472932,0.6018150231520479,20.8,60,48.0,3.59,-0.981627183447664,0.1908089953765451,17.5,69,28.0,7.28,-0.981627183447664,0.1908089953765451,0.1000000000000014,open-meteo,2026-08-08T09:59:26+00:00
2026-07-27 20:00:00+00:00,DE,onshore,17.5,63,6.0,9.86,-0.984807753012208,0.1736481776669299,15.2,70,0.0,9.76,-0.8090169943749476,0.5877852522924729,18.6,68,0.0,4.69,-0.981627183447664,0.1908089953765451,16.3,75,0.0,8.09,-0.981627183447664,0.1908089953765451,1.099999999999998,open-meteo,2026-08-08T09:59:26+00:00
2026-07-27 21:00:00+00:00,DE,onshore,17.8,73,0.0,10.0,-0.9993908270190958,0.0348994967025012,14.7,73,0.0,9.37,-0.9335804264972016,0.3583679495453004,17.0,72,0.0,4.29,-0.981627183447664,0.1908089953765451,15.2,84,0.0,8.99,-0.981627183447664,0.1908089953765451,1.8249999999999995,open-meteo,2026-08-08T09:59:26+00:00
2026-07-27 22:00:00+00:00,DE,onshore,18.1,69,0.0,11.26,-0.981627183447664,0.1908089953765451,13.8,74,0.0,9.92,-0.9781476007338056,0.2079116908177594,16.0,76,0.0,3.52,-0.9743700647852352,0.2249510543438649,14.1,87,0.0,8.43,-0.9396926207859084,0.342020143325669,2.4999999999999982,open-meteo,2026-08-08T09:59:26+00:00
2026-07-27 23:00:00+00:00,DE,onshore,17.6,73,0.0,10.76,-0.984807753012208,0.1736481776669299,13.4,72,0.0,10.57,-0.992546151641322,0.1218693434051476,15.4,75,0.0,3.18,-0.8290375725550416,0.559192903470747,13.2,90,0.0,7.48,-0.9271838545667874,0.3746065934159119,3.1000000000000014,open-meteo,2026-08-08T09:59:26+00:00
2026-07-28 00:00:00+00:00,DE,onshore,17.6,71,0.0,9.26,-0.984807753012208,0.1736481776669299,13.3,75,0.0,10.34,-0.9945218953682734,0.1045284632676529,13.9,84,0.0,2.11,-0.9271838545667874,0.3746065934159119,12.5,89,0.0,7.81,-0.9510565162951536,0.3090169943749472,3.674999999999999,open-meteo,2026-08-08T09:59:26+00:00
2026-07-28 01:00:00+00:00,DE,onshore,17.8,69,0.0,9.6,-0.9702957262759966,0.2419218955996674,12.9,78,0.0,10.2,-0.9986295347545738,0.0523359562429439,13.4,85,0.0,1.1,-0.8910065241883679,0.4539904997395466,11.8,92,0.0,6.92,-0.9612616959383188,0.2756373558169994,4.024999999999999,open-meteo,2026-08-08T09:59:26+00:00
2026-07-28 02:00:00+00:00,DE,onshore,17.1,76,0.0,8.96,-0.9396926207859084,0.342020143325669,12.4,83,0.0,9.8,-0.9993908270190958,-0.0348994967025007,13.2,85,0.0,0.49,0.7986355100472928,0.6018150231520483,11.2,92,0.0,5.77,-0.984807753012208,0.1736481776669299,4.524999999999999,open-meteo,2026-08-08T09:59:26+00:00
2026-07-28 03:00:00+00:00,DE,onshore,17.4,74,0.0,8.55,-0.9510565162951536,0.3090169943749472,11.9,87,0.0,9.21,-0.9993908270190958,-0.0348994967025007,12.2,92,0.0,0.92,0.848048096156426,0.5299192642332049,10.8,94,0.0,6.61,-0.992546151641322,-0.1218693434051471,4.925000000000001,open-meteo,2026-08-08T09:59:26+00:00
2026-07-28 04:00:00+00:00,DE,onshore,17.5,74,2.0,7.76,-0.984807753012208,0.1736481776669299,11.5,90,13.0,8.18,-0.9945218953682734,-0.1045284632676533,11.0,99,0.0,1.57,1.0,6.123233995736766e-17,11.1,97,7.0,7.47,-0.981627183447664,-0.1908089953765446,5.225,open-meteo,2026-08-08T09:59:26+00:00
2026-07-28 05:00:00+00:00,DE,onshore,17.9,73,30.0,7.09,-0.981627183447664,0.1908089953765451,12.8,85,93.0,7.9,-0.981627183447664,-0.1908089953765446,11.5,99,43.0,1.88,0.9876883405951378,-0.1564344650402308,12.5,94,72.0,7.21,-0.9781476007338056,-0.2079116908177598,4.324999999999999,open-meteo,2026-08-08T09:59:26+00:00
2026-07-28 06:00:00+00:00,DE,onshore,17.3,86,37.0,6.75,-0.9876883405951375,-0.156434465040231,14.6,79,237.0,6.69,-0.981627183447664,-0.1908089953765446,15.4,79,168.0,1.55,0.8191520442889917,-0.5735764363510462,14.9,85,182.0,6.88,-0.913545457642601,-0.4067366430758001,2.450000000000001,open-meteo,2026-08-08T09:59:26+00:00
2026-07-28 07:00:00+00:00,DE,onshore,17.5,86,120.0,8.06,-0.8910065241883678,-0.4539904997395469,16.1,74,390.0,6.88,-0.9961946980917455,-0.0871557427476582,18.5,67,334.0,0.98,0.9945218953682732,-0.1045284632676535,16.8,78,361.0,5.52,-0.9563047559630352,-0.2923717047227371,0.7749999999999986,open-meteo,2026-08-08T09:59:26+00:00
2026-07-28 08:00:00+00:00,DE,onshore,17.6,86,172.0,7.28,-0.913545457642601,-0.4067366430758001,17.1,65,443.0,8.46,-0.9961946980917455,0.0871557427476578,21.2,56,498.0,1.4,0.90630778703665,-0.4226182617406993,18.0,67,443.0,7.16,-0.945518575599317,0.3255681544571563,0.4750000000000014,open-meteo,2026-08-08T09:59:26+00:00
2026-07-28 09:00:00+00:00,DE,onshore,17.8,88,524.0,7.05,-0.8910065241883678,-0.4539904997395469,18.3,59,476.0,7.94,-0.9876883405951378,0.1564344650402306,23.7,44,645.0,1.58,0.9271838545667874,-0.374606593415912,19.4,57,578.0,6.2,-0.8571673007021123,0.5150380749100542,1.7999999999999972,open-meteo,2026-08-08T09:59:26+00:00
2026-07-28 10:00:00+00:00,DE,onshore,18.2,86,675.0,6.45,-0.8090169943749473,-0.5877852522924732,19.4,51,692.0,7.91,-0.9659258262890684,0.2588190451025203,25.2,40,760.0,1.55,0.8191520442889917,-0.5735764363510462,19.7,56,474.0,6.18,-0.9063077870366498,0.4226182617406996,2.625,open-meteo,2026-08-08T09:59:26+00:00
2026-07-28 11:00:00+00:00,DE,onshore,18.8,83,710.0,6.42,-0.8571673007021121,-0.5150380749100544,20.4,46,686.0,8.15,-0.9743700647852352,0.2249510543438649,26.5,34,832.0,1.67,0.8829475928589269,-0.4694715627858909,19.7,57,260.0,6.18,-0.9659258262890684,0.2588190451025203,3.3500000000000014,open-meteo,2026-08-08T09:59:26+00:00
2026-07-28 12:00:00+00:00,DE,onshore,18.9,82,737.0,7.07,-0.984807753012208,-0.1736481776669303,20.6,48,674.0,8.06,-0.9743700647852352,0.2249510543438649,27.5,29,859.0,1.27,0.9205048534524404,-0.3907311284892737,21.8,52,509.0,2.67,-0.9563047559630354,0.2923717047227367,4.199999999999999,open-meteo,2026-08-08T09:59:26+00:00
2026-07-28 13:00:00+00:00,DE,onshore,19.1,81,730.0,6.09,-0.981627183447664,-0.1908089953765446,21.0,48,534.0,7.99,-0.981627183447664,0.1908089953765451,28.5,25,840.0,1.18,0.9961946980917455,0.0871557427476581,22.1,51,398.0,4.59,-0.981627183447664,-0.1908089953765446,4.674999999999997,open-meteo,2026-08-08T09:59:26+00:00
2026-07-28 14:00:00+00:00,DE,onshore,19.3,79,543.0,6.68,-0.9975640502598242,-0.0697564737441255,20.6,52,381.0,7.92,-0.9781476007338056,0.2079116908177594,29.3,23,770.0,1.9,0.9781476007338056,0.2079116908177594,23.2,50,447.0,2.27,-0.992546151641322,-0.1218693434051471,5.100000000000001,open-meteo,2026-08-08T09:59:26+00:00
2026-07-28 15:00:00+00:00,DE,onshore,19.7,77,429.0,5.28,-0.9659258262890684,-0.2588190451025206,21.5,48,463.0,5.49,-0.9986295347545738,0.0523359562429439,29.7,22,656.0,1.58,0.9271838545667874,0.3746065934159119,23.7,45,522.0,4.32,-0.9986295347545738,0.0523359562429439,5.650000000000002,open-meteo,2026-08-08T09:59:26+00:00
2026-07-28 16:00:00+00:00,DE,onshore,19.7,78,469.0,5.98,-0.9993908270190958,-0.0348994967025007,21.9,49,430.0,6.15,-0.9702957262759966,0.2419218955996674,29.4,25,511.0,2.15,0.8660254037844386,0.5000000000000001,23.7,47,422.0,4.02,-0.9998476951563912,-0.0174524064372834,5.675000000000001,open-meteo,2026-08-08T09:59:26+00:00
2026-07-28 17:00:00+00:00,DE,onshore,19.7,80,329.0,5.01,-0.9975640502598242,-0.0697564737441255,21.6,51,263.0,5.49,-1.0,-1.8369701987210287e-16,28.7,28,345.0,2.77,0.7071067811865475,0.7071067811865476,23.7,49,309.0,4.25,-0.9902680687415704,-0.1391731009600658,5.425000000000001,open-meteo,2026-08-08T09:59:26+00:00
2026-07-28 18:00:00+00:00,DE,onshore,20.0,82,180.0,3.04,-0.8386705679454242,-0.544639035015027,21.5,52,143.0,4.57,-0.984807753012208,-0.1736481776669303,28.3,29,181.0,3.02,0.5877852522924731,0.8090169943749475,23.3,49,152.0,3.48,-0.984807753012208,-0.1736481776669303,5.274999999999999,open-meteo,2026-08-08T09:59:26+00:00
2026-07-28 19:00:00+00:00,DE,onshore,19.7,84,54.0,3.98,-0.7880107536067221,-0.6156614753256581,19.5,63,39.0,3.59,-0.9563047559630352,-0.2923717047227371,25.1,38,48.0,3.05,0.6691306063588582,0.7431448254773942,21.7,57,43.0,2.37,-0.8660254037844384,-0.5000000000000004,3.500000000000004,open-meteo,2026-08-08T09:59:26+00:00
2026-07-28 20:00:00+00:00,DE,onshore,19.6,84,3.0,3.86,-0.8910065241883678,-0.4539904997395469,17.8,72,0.0,4.61,-0.913545457642601,-0.4067366430758001,22.5,43,0.0,3.75,0.6560590289905073,0.754709580222772,19.3,68,0.0,3.35,-0.1218693434051473,-0.992546151641322,1.8000000000000007,open-meteo,2026-08-08T09:59:26+00:00
2026-07-28 21:00:00+00:00,DE,onshore,19.6,83,0.0,3.76,-0.7771459614569706,-0.6293203910498378,16.4,78,0.0,4.73,-0.7660444431189779,-0.6427876096865395,22.2,45,0.0,5.26,0.8910065241883679,0.4539904997395468,17.3,82,0.0,4.52,-0.2249510543438649,-0.9743700647852352,0.875,open-meteo,2026-08-08T09:59:26+00:00
2026-07-28 22:00:00+00:00,DE,onshore,19.7,82,0.0,3.29,-0.6018150231520484,-0.7986355100472928,16.1,77,0.0,6.49,-0.6156614753256582,-0.788010753606722,21.0,47,0.0,3.74,0.9945218953682732,0.1045284632676534,16.7,81,0.0,4.61,0.0174524064372834,-0.9998476951563912,0.375,open-meteo,2026-08-08T09:59:26+00:00
2026-07-28 23:00:00+00:00,DE,onshore,19.8,83,0.0,4.38,-0.4539904997395467,-0.8910065241883679,16.0,78,0.0,6.8,-0.754709580222772,-0.6560590289905073,20.0,50,0.0,4.43,0.9510565162951536,-0.3090169943749473,16.2,82,0.0,5.21,-0.0697564737441252,-0.9975640502598242,0.0,open-meteo,2026-08-08T09:59:26+00:00
2026-07-29 00:00:00+00:00,DE,onshore,19.9,83,0.0,4.23,-0.2249510543438649,-0.9743700647852352,16.3,75,0.0,7.87,-0.7771459614569706,-0.6293203910498378,18.9,63,0.0,4.73,0.8910065241883679,-0.4539904997395467,15.8,81,0.0,7.1,-0.1045284632676535,-0.9945218953682732,0.2749999999999986,open-meteo,2026-08-08T09:59:26+00:00
2026-07-29 01:00:00+00:00,DE,onshore,19.6,85,0.0,5.1,0.0174524064372834,-0.9998476951563912,16.3,75,0.0,8.05,-0.6691306063588582,-0.7431448254773942,18.3,67,0.0,4.43,0.8191520442889917,-0.5735764363510462,15.9,80,0.0,7.26,-0.0348994967025009,-0.9993908270190958,0.4749999999999978,open-meteo,2026-08-08T09:59:26+00:00
2026-07-29 02:00:00+00:00,DE,onshore,19.7,85,0.0,4.43,-0.0871557427476579,-0.9961946980917455,16.4,74,0.0,8.71,-0.6293203910498376,-0.7771459614569708,17.4,70,0.0,3.96,0.766044443118978,-0.6427876096865394,15.7,81,0.0,7.05,-0.0174524064372836,-0.9998476951563912,0.7000000000000028,open-meteo,2026-08-08T09:59:26+00:00
2026-07-29 03:00:00+00:00,DE,onshore,20.0,85,0.0,5.48,-0.1736481776669304,-0.984807753012208,16.1,75,0.0,8.29,-0.6293203910498376,-0.7771459614569708,16.9,66,0.0,3.9,0.777145961456971,-0.6293203910498373,14.7,82,0.0,6.59,-0.3907311284892735,-0.9205048534524404,1.0749999999999993,open-meteo,2026-08-08T09:59:26+00:00
2026-07-29 04:00:00+00:00,DE,onshore,19.8,84,3.0,6.11,-0.1045284632676535,-0.9945218953682732,15.8,78,10.0,8.03,-0.6156614753256582,-0.788010753606722,16.6,64,0.0,3.64,0.8090169943749475,-0.587785252292473,14.7,82,5.0,7.53,-0.2249510543438649,-0.9743700647852352,1.2749999999999986,open-meteo,2026-08-08T09:59:26+00:00
2026-07-29 05:00:00+00:00,DE,onshore,19.6,83,53.0,6.27,-0.0348994967025009,-0.9993908270190958,17.1,72,63.0,9.37,-0.6018150231520484,-0.7986355100472928,16.9,65,41.0,3.97,0.838670567945424,-0.5446390350150272,16.2,75,54.0,7.45,-0.0174524064372836,-0.9998476951563912,0.5500000000000007,open-meteo,2026-08-08T09:59:26+00:00
2026-07-29 06:00:00+00:00,DE,onshore,20.0,80,136.0,6.51,-0.1218693434051473,-0.992546151641322,18.5,68,163.0,8.11,-0.6819983600624984,-0.7313537016191706,20.5,56,165.0,3.72,0.8191520442889917,-0.5735764363510462,18.0,69,105.0,6.96,-0.0348994967025009,-0.9993908270190958,1.25,open-meteo,2026-08-08T09:59:26+00:00
2026-07-29 07:00:00+00:00,DE,onshore,19.9,81,270.0,6.97,0.0523359562429438,-0.9986295347545738,20.0,66,255.0,6.13,-0.4539904997395467,-0.8910065241883679,23.5,46,325.0,3.06,0.766044443118978,-0.6427876096865394,20.8,60,304.0,4.83,0.3090169943749475,-0.9510565162951536,3.0500000000000007,open-meteo,2026-08-08T09:59:26+00:00
2026-07-29 08:00:00+00:00,DE,onshore,20.1,83,439.0,5.9,0.1908089953765449,-0.981627183447664,22.3,59,428.0,5.59,-0.374606593415912,-0.9271838545667874,26.0,42,488.0,1.87,0.6819983600624986,-0.7313537016191705,23.3,53,439.0,4.1,0.5446390350150273,-0.8386705679454239,4.925000000000001,open-meteo,2026-08-08T09:59:26+00:00
2026-07-29 09:00:00+00:00,DE,onshore,21.1,78,585.0,4.91,0.3907311284892737,-0.9205048534524404,24.8,47,533.0,5.39,-0.4226182617406993,-0.90630778703665,29.2,34,636.0,1.33,0.5877852522924732,-0.8090169943749473,26.0,42,484.0,5.02,0.3583679495453002,-0.9335804264972016,7.275000000000002,open-meteo,2026-08-08T09:59:26+00:00
2026-07-29 10:00:00+00:00,DE,onshore,21.0,78,672.0,4.78,0.5735764363510459,-0.8191520442889919,25.4,46,539.0,5.76,-0.3090169943749473,-0.9510565162951536,32.0,29,752.0,1.48,-0.9902680687415704,0.1391731009600654,27.2,40,630.0,4.86,0.6691306063588585,-0.743144825477394,8.400000000000002,open-meteo,2026-08-08T09:59:26+00:00
2026-07-29 11:00:00+00:00,DE,onshore,21.6,74,755.0,4.47,0.6156614753256584,-0.7880107536067219,26.0,45,566.0,5.11,-0.0697564737441252,-0.9975640502598242,33.4,30,824.0,2.15,-0.8660254037844386,0.5000000000000001,28.5,37,777.0,5.2,0.6946583704589971,-0.7193398003386513,9.375,open-meteo,2026-08-08T09:59:26+00:00
2026-07-29 12:00:00+00:00,DE,onshore,21.9,74,778.0,4.25,0.4848096202463371,-0.8746197071393957,26.0,46,617.0,5.31,0.0697564737441255,-0.9975640502598242,34.2,29,847.0,1.18,-0.9135454576426012,0.4067366430757997,29.2,36,800.0,5.23,0.788010753606722,-0.6156614753256583,9.825,open-meteo,2026-08-08T09:59:26+00:00
2026-07-29 13:00:00+00:00,DE,onshore,22.2,72,746.0,1.97,0.4539904997395468,-0.8910065241883678,26.9,44,559.0,5.71,0.3746065934159122,-0.9271838545667872,35.3,28,821.0,2.86,-0.8571673007021123,0.5150380749100542,30.2,31,778.0,5.61,0.7193398003386511,-0.6946583704589974,10.65,open-meteo,2026-08-08T09:59:26+00:00
2026-07-29 14:00:00+00:00,DE,onshore,22.4,72,686.0,1.06,0.5591929034707469,-0.8290375725550416,27.2,44,578.0,6.51,0.3583679495453002,-0.9335804264972016,35.1,29,698.0,3.48,-0.8480480961564262,0.5299192642332047,30.8,28,706.0,6.1,0.6691306063588585,-0.743144825477394,10.874999999999996,open-meteo,2026-08-08T09:59:26+00:00
2026-07-29 15:00:00+00:00,DE,onshore,22.6,70,611.0,1.8,0.7071067811865476,-0.7071067811865475,27.4,45,478.0,6.27,0.4848096202463371,-0.8746197071393957,35.9,23,637.0,1.85,-0.8480480961564262,0.5299192642332047,31.2,28,601.0,5.49,0.766044443118978,-0.6427876096865394,11.275000000000002,open-meteo,2026-08-08T09:59:26+00:00
2026-07-29 16:00:00+00:00,DE,onshore,23.0,67,489.0,2.51,0.777145961456971,-0.6293203910498373,27.1,44,432.0,6.74,0.5446390350150273,-0.8386705679454239,35.6,24,498.0,6.3,-0.9781476007338056,0.2079116908177594,31.2,29,465.0,5.94,0.788010753606722,-0.6156614753256583,11.225,open-meteo,2026-08-08T09:59:26+00:00
2026-07-29 17:00:00+00:00,DE,onshore,22.9,67,346.0,4.3,0.7071067811865476,-0.7071067811865475,26.7,41,289.0,7.16,0.4999999999999999,-0.8660254037844387,34.6,26,338.0,6.82,-0.9335804264972016,0.3583679495453004,30.9,30,312.0,5.29,0.777145961456971,-0.6293203910498373,10.775,open-meteo,2026-08-08T09:59:26+00:00
2026-07-29 18:00:00+00:00,DE,onshore,24.4,62,199.0,6.59,0.3907311284892737,-0.9205048534524404,26.5,43,145.0,6.98,0.5591929034707469,-0.8290375725550416,33.5,27,172.0,6.38,-0.9510565162951536,0.3090169943749472,30.4,32,162.0,5.88,0.7986355100472927,-0.6018150231520484,10.700000000000005,open-meteo,2026-08-08T09:59:26+00:00
2026-07-29 19:00:00+00:00,DE,onshore,21.7,78,72.0,3.81,-0.3090169943749473,-0.9510565162951536,23.7,55,35.0,7.72,0.5877852522924732,-0.8090169943749473,30.5,30,46.0,5.89,-0.9659258262890684,0.2588190451025203,26.5,44,42.0,7.38,0.8660254037844387,-0.4999999999999998,7.600000000000001,open-meteo,2026-08-08T09:59:26+00:00
2026-07-29 20:00:00+00:00,DE,onshore,22.2,72,5.0,3.61,-0.9743700647852352,-0.2249510543438652,21.9,64,0.0,9.4,0.5591929034707469,-0.8290375725550416,27.4,40,0.0,2.5,-0.8987940462991668,-0.4383711467890777,24.1,52,0.0,9.48,0.8660254037844387,-0.4999999999999998,5.899999999999999,open-meteo,2026-08-08T09:59:26+00:00
2026-07-29 21:00:00+00:00,DE,onshore,22.5,73,0.0,2.41,-0.8910065241883679,0.4539904997395466,20.7,67,0.0,9.46,0.5591929034707469,-0.8290375725550416,26.7,48,0.0,2.12,-0.5591929034707467,-0.8290375725550418,22.7,59,0.0,8.88,0.7986355100472927,-0.6018150231520484,5.150000000000002,open-meteo,2026-08-08T09:59:26+00:00
2026-07-29 22:00:00+00:00,DE,onshore,22.3,73,0.0,2.23,-0.7880107536067218,0.6156614753256585,20.6,65,0.0,10.59,0.5150380749100544,-0.8571673007021122,24.2,54,0.0,1.67,-0.4694715627858908,-0.8829475928589269,21.6,63,0.0,8.38,0.7071067811865476,-0.7071067811865475,4.175000000000004,open-meteo,2026-08-08T09:59:26+00:00
2026-07-29 23:00:00+00:00,DE,onshore,22.3,72,0.0,1.67,-0.7660444431189781,0.6427876096865393,20.2,65,0.0,11.67,0.4848096202463371,-0.8746197071393957,22.4,63,0.0,1.94,-0.754709580222772,-0.6560590289905073,20.5,67,0.0,7.97,0.6819983600624986,-0.7313537016191705,3.3500000000000014,open-meteo,2026-08-08T09:59:26+00:00
2026-07-30 00:00:00+00:00,DE,onshore,21.5,74,0.0,0.6,-0.9876883405951378,0.1564344650402306,19.8,67,0.0,11.48,0.4539904997395468,-0.8910065241883678,22.4,66,0.0,2.08,-0.3255681544571567,-0.9455185755993168,19.9,69,0.0,6.93,0.4848096202463371,-0.8746197071393957,2.8999999999999986,open-meteo,2026-08-08T09:59:26+00:00
2026-07-30 01:00:00+00:00,DE,onshore,20.8,83,0.0,1.8,0.7071067811865476,-0.7071067811865475,19.2,69,0.0,10.76,0.3420201433256689,-0.9396926207859084,21.9,65,0.0,2.68,-0.913545457642601,-0.4067366430758001,19.4,70,0.0,6.31,0.1045284632676537,-0.9945218953682732,2.325,open-meteo,2026-08-08T09:59:26+00:00
2026-07-30 02:00:00+00:00,DE,onshore,21.3,79,0.0,3.46,0.7071067811865476,-0.7071067811865475,19.0,69,0.0,11.03,0.3420201433256689,-0.9396926207859084,20.4,70,0.0,2.45,-0.9993908270190958,-0.0348994967025007,18.8,74,0.0,5.39,1.2246467991473532e-16,-1.0,1.875,open-meteo,2026-08-08T09:59:26+00:00
2026-07-30 03:00:00+00:00,DE,onshore,21.4,79,0.0,5.38,0.5446390350150273,-0.8386705679454239,18.7,72,0.0,10.32,0.2923717047227366,-0.9563047559630355,19.4,73,0.0,1.48,-0.9902680687415704,0.1391731009600654,17.4,81,0.0,4.84,0.1218693434051475,-0.992546151641322,1.224999999999998,open-meteo,2026-08-08T09:59:26+00:00
2026-07-30 04:00:00+00:00,DE,onshore,21.2,78,2.0,6.6,0.3090169943749475,-0.9510565162951536,18.4,74,11.0,9.11,0.3255681544571566,-0.9455185755993168,18.0,80,0.0,0.35,-0.8290375725550418,-0.5591929034707466,17.0,84,5.0,4.51,0.0348994967025011,-0.9993908270190958,0.6499999999999986,open-meteo,2026-08-08T09:59:26+00:00
2026-07-30 05:00:00+00:00,DE,onshore,21.4,74,60.0,8.02,0.1391731009600653,-0.9902680687415704,19.5,70,90.0,8.98,0.3090169943749475,-0.9510565162951536,18.2,81,40.0,1.69,0.1736481776669302,-0.984807753012208,18.3,80,73.0,3.58,-0.1564344650402307,-0.9876883405951378,1.349999999999998,open-meteo,2026-08-08T09:59:26+00:00
2026-07-30 06:00:00+00:00,DE,onshore,21.7,70,182.0,9.47,0.1218693434051475,-0.992546151641322,21.3,65,220.0,9.12,0.4226182617406995,-0.90630778703665,21.2,64,162.0,1.71,0.4067366430758004,-0.9135454576426008,21.3,65,199.0,2.95,-0.1045284632676535,-0.9945218953682732,3.375,open-meteo,2026-08-08T09:59:26+00:00
2026-07-30 07:00:00+00:00,DE,onshore,22.2,68,297.0,10.68,0.0174524064372834,-0.9998476951563912,23.4,61,370.0,7.72,0.4067366430758004,-0.9135454576426008,25.0,49,323.0,2.63,0.7071067811865476,-0.7071067811865475,24.3,57,347.0,2.95,-0.1045284632676535,-0.9945218953682732,5.724999999999998,open-meteo,2026-08-08T09:59:26+00:00
2026-07-30 08:00:00+00:00,DE,onshore,23.0,65,387.0,13.03,-0.1736481776669304,-0.984807753012208,25.8,55,514.0,5.7,0.3255681544571566,-0.9455185755993168,28.6,44,488.0,2.22,0.7547095802227721,-0.6560590289905072,27.5,50,493.0,1.97,0.1045284632676537,-0.9945218953682732,8.225000000000001,open-meteo,2026-08-08T09:59:26+00:00
2026-07-30 09:00:00+00:00,DE,onshore,23.1,67,510.0,11.13,-0.4383711467890774,-0.8987940462991669,29.4,44,637.0,5.52,0.2923717047227366,-0.9563047559630355,32.9,29,637.0,3.15,0.5877852522924732,-0.8090169943749473,31.4,36,632.0,1.96,1.2246467991473532e-16,-1.0,11.200000000000005,open-meteo,2026-08-08T09:59:26+00:00
2026-07-30 10:00:00+00:00,DE,onshore,22.4,73,587.0,8.04,-0.6946583704589974,-0.7193398003386511,31.8,38,731.0,6.01,0.1045284632676537,-0.9945218953682732,35.8,21,757.0,3.24,0.4226182617406995,-0.90630778703665,34.3,29,736.0,1.96,-0.0523359562429435,-0.9986295347545738,13.075,open-meteo,2026-08-08T09:59:26+00:00
2026-07-30 11:00:00+00:00,DE,onshore,21.8,78,724.0,6.7,-0.9659258262890684,-0.2588190451025206,33.6,33,789.0,5.4,-0.0697564737441252,-0.9975640502598242,37.6,16,832.0,3.5,0.1908089953765449,-0.981627183447664,35.9,24,799.0,3.45,0.258819045102521,-0.9659258262890682,14.225,open-meteo,2026-08-08T09:59:26+00:00
2026-07-30 12:00:00+00:00,DE,onshore,21.6,79,643.0,9.52,-0.9986295347545738,0.0523359562429439,35.0,30,792.0,4.88,-0.374606593415912,-0.9271838545667874,38.0,15,857.0,3.06,0.1218693434051475,-0.992546151641322,36.9,20,816.0,4.12,-0.3090169943749473,-0.9510565162951536,14.875,open-meteo,2026-08-08T09:59:26+00:00
2026-07-30 13:00:00+00:00,DE,onshore,20.9,85,644.0,10.92,-0.9961946980917455,0.0871557427476578,35.8,26,767.0,5.65,-0.4694715627858908,-0.8829475928589269,38.8,14,826.0,4.31,0.2923717047227366,-0.9563047559630355,37.7,18,785.0,4.38,-0.6427876096865393,-0.766044443118978,15.299999999999995,open-meteo,2026-08-08T09:59:26+00:00
2026-07-30 14:00:00+00:00,DE,onshore,20.2,91,550.0,11.82,-0.9781476007338056,0.2079116908177594,35.6,25,471.0,7.61,-0.5735764363510462,-0.8191520442889918,38.8,15,692.0,4.63,0.1045284632676537,-0.9945218953682732,37.6,19,702.0,4.33,0.0871557427476582,-0.9961946980917455,15.049999999999995,open-meteo,2026-08-08T09:59:26+00:00
2026-07-30 15:00:00+00:00,DE,onshore,20.3,91,455.0,9.5,-0.9702957262759966,0.2419218955996674,35.7,19,528.0,5.06,-0.587785252292473,-0.8090169943749475,30.0,42,258.0,6.18,-0.8910065241883679,0.4539904997395466,37.7,16,580.0,4.39,-0.6293203910498376,-0.7771459614569708,12.925,open-meteo,2026-08-08T09:59:26+00:00
2026-07-30 16:00:00+00:00,DE,onshore,19.7,91,271.0,10.35,-0.9563047559630354,0.2923717047227367,35.5,25,422.0,4.72,-0.0871557427476579,-0.9961946980917455,29.9,36,203.0,13.21,-0.9335804264972016,0.3583679495453004,37.5,17,462.0,3.82,-0.0174524064372836,-0.9998476951563912,12.65,open-meteo,2026-08-08T09:59:26+00:00
2026-07-30 17:00:00+00:00,DE,onshore,19.1,92,125.0,8.68,-0.9612616959383188,0.2756373558169994,34.6,23,284.0,6.15,0.2419218955996677,-0.9702957262759964,28.7,38,87.0,7.27,-0.6946583704589976,0.7193398003386509,32.1,32,215.0,17.26,-0.9781476007338056,0.2079116908177594,10.625,open-meteo,2026-08-08T09:59:26+00:00
2026-07-30 18:00:00+00:00,DE,onshore,19.4,87,45.0,7.83,-0.8290375725550416,0.559192903470747,30.4,41,132.0,5.83,-0.1391731009600655,-0.9902680687415704,25.8,49,60.0,4.9,-0.0348994967025008,0.9993908270190958,28.2,49,66.0,7.59,-0.6293203910498378,0.7771459614569706,7.949999999999999,open-meteo,2026-08-08T09:59:26+00:00
2026-07-30 19:00:00+00:00,DE,onshore,18.9,85,13.0,6.79,-0.3420201433256686,0.9396926207859084,25.6,55,21.0,11.5,-0.7193398003386512,0.6946583704589973,24.5,60,35.0,0.88,0.4539904997395468,-0.8910065241883678,26.3,53,12.0,8.92,-0.9455185755993168,-0.3255681544571566,5.824999999999999,open-meteo,2026-08-08T09:59:26+00:00
2026-07-30 20:00:00+00:00,DE,onshore,18.7,86,1.0,6.46,-0.7547095802227722,0.656059028990507,23.6,69,0.0,6.22,-0.1218693434051472,0.992546151641322,23.6,60,0.0,1.96,0.0523359562429438,-0.9986295347545738,24.7,62,0.0,7.26,-0.984807753012208,0.1736481776669299,4.650000000000002,open-meteo,2026-08-08T09:59:26+00:00
2026-07-30 21:00:00+00:00,DE,onshore,18.8,87,0.0,4.57,-0.8571673007021123,0.5150380749100542,21.8,77,0.0,5.39,-0.8910065241883679,0.4539904997395466,22.0,69,0.0,1.68,-0.1218693434051473,-0.992546151641322,22.8,76,0.0,2.02,0.777145961456971,-0.6293203910498373,3.3500000000000014,open-meteo,2026-08-08T09:59:26+00:00
2026-07-30 22:00:00+00:00,DE,onshore,18.7,88,0.0,4.12,-0.8829475928589271,0.4694715627858904,20.8,81,0.0,6.37,-0.9998476951563912,-0.0174524064372834,21.4,70,0.0,0.98,1.2246467991473532e-16,-1.0,21.8,84,0.0,2.54,-0.4694715627858908,-0.8829475928589269,2.6750000000000007,open-meteo,2026-08-08T09:59:26+00:00
2026-07-30 23:00:00+00:00,DE,onshore,18.7,86,0.0,2.78,-0.7771459614569708,0.6293203910498375,20.7,84,0.0,6.96,-0.848048096156426,-0.529919264233205,18.9,86,0.0,2.83,0.5591929034707469,-0.8290375725550416,20.5,91,0.0,8.4,-0.981627183447664,0.1908089953765451,1.6999999999999993,open-meteo,2026-08-08T09:59:26+00:00
2026-07-31 00:00:00+00:00,DE,onshore,18.5,87,0.0,1.75,-0.4539904997395469,0.8910065241883678,20.1,89,0.0,2.96,-0.8290375725550418,-0.5591929034707466,18.8,84,0.0,3.4,0.6560590289905073,-0.754709580222772,19.8,89,0.0,7.61,-0.8480480961564262,0.5299192642332047,1.3000000000000007,open-meteo,2026-08-08T09:59:26+00:00
2026-07-31 01:00:00+00:00,DE,onshore,18.5,87,0.0,2.37,-0.8660254037844386,0.5000000000000001,19.3,93,0.0,5.51,-0.9961946980917455,0.0871557427476578,18.3,86,0.0,4.43,0.7071067811865476,-0.7071067811865475,18.9,95,0.0,6.38,-0.6946583704589976,0.7193398003386509,0.75,open-meteo,2026-08-08T09:59:26+00:00
2026-07-31 02:00:00+00:00,DE,onshore,18.5,82,0.0,2.91,-0.6691306063588581,0.7431448254773944,19.1,96,0.0,5.9,-0.7431448254773946,0.6691306063588578,18.3,84,0.0,4.13,0.5877852522924732,-0.8090169943749473,18.0,96,0.0,5.47,-0.7193398003386512,0.6946583704589973,0.4750000000000014,open-meteo,2026-08-08T09:59:26+00:00
2026-07-31 03:00:00+00:00,DE,onshore,18.1,78,0.0,2.11,-0.2249510543438653,0.9743700647852352,18.5,94,0.0,5.25,-0.6018150231520483,0.7986355100472928,18.5,80,0.0,3.55,0.4694715627858907,-0.882947592858927,16.8,98,0.0,4.83,-0.9510565162951536,0.3090169943749472,0.0249999999999985,open-meteo,2026-08-08T09:59:26+00:00
2026-07-31 04:00:00+00:00,DE,onshore,18.2,77,2.0,1.73,0.7313537016191705,0.6819983600624985,17.9,96,8.0,4.1,-0.6427876096865396,0.7660444431189778,18.3,79,0.0,3.23,0.5735764363510459,-0.8191520442889919,16.2,98,4.0,5.31,-0.7880107536067218,0.6156614753256585,0.3500000000000014,open-meteo,2026-08-08T09:59:26+00:00
2026-07-31 05:00:00+00:00,DE,onshore,18.3,76,55.0,2.02,0.9702957262759964,0.2419218955996676,18.3,93,72.0,6.14,-0.8290375725550416,0.559192903470747,18.6,80,36.0,2.98,0.4539904997395468,-0.8910065241883678,16.9,97,67.0,3.88,-0.7313537016191703,0.6819983600624987,0.0249999999999985,open-meteo,2026-08-08T09:59:26+00:00
2026-07-31 06:00:00+00:00,DE,onshore,17.7,84,131.0,3.29,0.984807753012208,0.1736481776669304,18.7,87,184.0,5.22,-0.8290375725550416,0.559192903470747,20.2,76,151.0,2.17,0.3090169943749475,-0.9510565162951536,18.5,90,180.0,1.46,-0.6691306063588581,0.7431448254773944,0.7749999999999986,open-meteo,2026-08-08T09:59:26+00:00
2026-07-31 07:00:00+00:00,DE,onshore,17.5,83,173.0,4.95,0.9902680687415704,0.1391731009600654,19.1,85,288.0,4.46,-0.8386705679454243,0.5446390350150266,22.3,67,169.0,1.31,-0.4539904997395467,-0.8910065241883679,19.8,84,304.0,0.49,0.7986355100472928,0.6018150231520483,1.6750000000000007,open-meteo,2026-08-08T09:59:26+00:00
2026-07-31 08:00:00+00:00,DE,onshore,17.7,79,216.0,5.2,0.9986295347545738,0.0523359562429439,20.4,78,374.0,3.73,-0.8660254037844386,0.5000000000000001,24.7,59,338.0,0.22,-0.8910065241883679,0.4539904997395466,20.9,79,370.0,1.21,0.9702957262759964,0.2419218955996676,2.924999999999997,open-meteo,2026-08-08T09:59:26+00:00
2026-07-31 09:00:00+00:00,DE,onshore,17.8,79,311.0,7.32,0.9902680687415704,0.1391731009600654,21.7,70,514.0,2.94,-0.6018150231520483,0.7986355100472928,28.4,46,565.0,0.49,-0.7986355100472932,0.6018150231520479,22.1,73,456.0,1.27,1.0,6.123233995736766e-17,4.5,open-meteo,2026-08-08T09:59:26+00:00
2026-07-31 10:00:00+00:00,DE,onshore,18.8,77,482.0,6.19,0.9961946980917455,0.0871557427476581,23.1,64,685.0,2.59,-0.4848096202463369,0.8746197071393959,31.1,37,688.0,3.0,-0.981627183447664,0.1908089953765451,23.5,66,618.0,1.79,0.9876883405951378,0.1564344650402309,6.125,open-meteo,2026-08-08T09:59:26+00:00
2026-07-31 11:00:00+00:00,DE,onshore,19.2,72,88.0,6.17,0.7313537016191705,0.6819983600624985,24.2,59,735.0,2.16,-0.6293203910498378,0.7771459614569706,32.5,32,791.0,4.47,-0.9659258262890684,0.2588190451025203,25.4,56,633.0,1.92,0.9659258262890684,-0.2588190451025208,7.325000000000003,open-meteo,2026-08-08T09:59:26+00:00
2026-07-31 12:00:00+00:00,DE,onshore,17.6,82,51.0,9.43,0.3583679495453002,0.9335804264972016,24.8,55,673.0,0.96,-0.4067366430758001,0.9135454576426008,33.2,30,781.0,5.11,-0.9563047559630354,0.2923717047227367,27.2,48,661.0,2.54,0.8829475928589269,-0.4694715627858909,7.700000000000003,open-meteo,2026-08-08T09:59:26+00:00
2026-07-31 13:00:00+00:00,DE,onshore,17.5,79,112.0,11.24,0.6691306063588582,0.7431448254773942,25.5,53,686.0,1.11,0.7071067811865475,0.7071067811865476,34.1,30,747.0,6.67,-0.9986295347545738,0.0523359562429439,28.1,46,677.0,1.98,0.838670567945424,-0.5446390350150272,8.299999999999997,open-meteo,2026-08-08T09:59:26+00:00
2026-07-31 14:00:00+00:00,DE,onshore,18.0,77,264.0,8.67,0.6819983600624985,0.7313537016191705,25.8,53,596.0,1.11,0.7071067811865475,0.7071067811865476,34.1,30,701.0,7.93,-0.9876883405951378,0.1564344650402306,28.8,46,630.0,1.66,0.7071067811865476,-0.7071067811865475,8.675,open-meteo,2026-08-08T09:59:26+00:00
2026-07-31 15:00:00+00:00,DE,onshore,17.1,83,276.0,10.19,0.3907311284892737,0.9205048534524404,26.2,51,454.0,0.39,1.2246467991473532e-16,-1.0,32.4,34,453.0,6.59,-0.981627183447664,0.1908089953765451,28.3,50,421.0,1.67,0.4694715627858907,-0.882947592858927,7.9999999999999964,open-meteo,2026-08-08T09:59:26+00:00
2026-07-31 16:00:00+00:00,DE,onshore,16.7,85,200.0,10.1,0.3090169943749474,0.9510565162951536,26.0,51,271.0,1.24,0.3090169943749474,0.9510565162951536,31.5,38,195.0,4.19,-0.981627183447664,0.1908089953765451,28.1,50,213.0,0.83,-0.7071067811865477,0.7071067811865474,7.575000000000003,open-meteo,2026-08-08T09:59:26+00:00
2026-07-31 17:00:00+00:00,DE,onshore,17.5,74,108.0,9.62,0.374606593415912,0.9271838545667874,23.6,65,181.0,6.72,0.8571673007021123,0.5150380749100542,31.1,38,175.0,4.91,-0.9961946980917455,-0.0871557427476582,27.9,51,219.0,1.21,-0.2419218955996678,0.9702957262759964,7.024999999999999,open-meteo,2026-08-08T09:59:26+00:00
2026-07-31 18:00:00+00:00,DE,onshore,17.6,74,101.0,8.58,0.2419218955996677,0.9702957262759964,21.8,70,115.0,5.61,0.9455185755993168,0.3255681544571567,30.6,37,72.0,12.05,-0.9743700647852352,-0.2249510543438652,27.2,52,126.0,3.26,0.3583679495453002,0.9335804264972016,6.300000000000001,open-meteo,2026-08-08T09:59:26+00:00
2026-07-31 19:00:00+00:00,DE,onshore,17.8,66,49.0,7.51,0.374606593415912,0.9271838545667874,20.2,77,30.0,6.89,0.9659258262890684,0.2588190451025207,22.8,62,17.0,3.09,-0.1908089953765447,-0.981627183447664,25.5,61,29.0,4.57,0.573576436351046,0.8191520442889918,3.575,open-meteo,2026-08-08T09:59:26+00:00
2026-07-31 20:00:00+00:00,DE,onshore,17.9,67,4.0,5.66,0.2419218955996677,0.9702957262759964,18.9,82,0.0,6.81,0.9205048534524404,0.3907311284892737,23.9,51,0.0,9.61,-0.9993908270190958,-0.0348994967025007,23.1,74,0.0,6.5,0.8571673007021123,-0.5150380749100543,2.95,open-meteo,2026-08-08T09:59:26+00:00
2026-07-31 21:00:00+00:00,DE,onshore,16.9,88,0.0,6.68,-0.0697564737441256,0.9975640502598242,18.1,86,0.0,6.28,0.981627183447664,0.1908089953765449,21.8,88,0.0,1.87,-0.7313537016191703,-0.6819983600624986,20.5,92,0.0,3.76,0.9659258262890684,-0.2588190451025208,1.3249999999999993,open-meteo,2026-08-08T09:59:26+00:00
2026-07-31 22:00:00+00:00,DE,onshore,16.7,81,0.0,6.01,0.2079116908177593,0.9781476007338056,17.7,89,0.0,5.62,0.9945218953682732,-0.1045284632676535,21.2,90,0.0,1.15,-0.3420201433256686,-0.9396926207859084,20.1,91,0.0,2.79,0.9510565162951536,-0.3090169943749473,0.9249999999999972,open-meteo,2026-08-08T09:59:26+00:00
2026-07-31 23:00:00+00:00,DE,onshore,16.7,83,0.0,5.77,0.1736481776669303,0.984807753012208,17.3,91,0.0,4.5,0.9396926207859084,-0.3420201433256687,21.1,87,0.0,2.45,1.2246467991473532e-16,-1.0,19.2,96,0.0,2.26,-0.5591929034707466,0.8290375725550418,0.5749999999999993,open-meteo,2026-08-08T09:59:26+00:00
2026-08-01 00:00:00+00:00,DE,onshore,16.3,83,0.0,4.56,0.1564344650402308,0.9876883405951378,16.8,92,0.0,4.25,0.8987940462991669,-0.4383711467890775,20.2,86,0.0,1.86,-0.3090169943749473,-0.9510565162951536,19.0,94,0.0,3.67,-0.7193398003386512,0.6946583704589973,0.0749999999999992,open-meteo,2026-08-08T09:59:26+00:00
2026-08-01 01:00:00+00:00,DE,onshore,16.4,82,0.0,4.52,-0.2249510543438653,0.9743700647852352,17.1,90,0.0,1.61,0.788010753606722,-0.6156614753256583,20.3,86,0.0,2.55,-0.5299192642332048,-0.8480480961564261,18.7,90,0.0,5.76,-0.529919264233205,0.8480480961564258,0.125,open-meteo,2026-08-08T09:59:26+00:00
2026-08-01 02:00:00+00:00,DE,onshore,16.5,81,0.0,4.66,-0.3746065934159123,0.9271838545667872,16.9,91,0.0,1.95,0.9510565162951536,-0.3090169943749473,21.0,83,0.0,6.86,-0.9998476951563912,0.0174524064372831,18.8,89,0.0,7.56,-0.5150380749100545,0.8571673007021121,0.3000000000000007,open-meteo,2026-08-08T09:59:26+00:00
2026-08-01 03:00:00+00:00,DE,onshore,16.8,77,0.0,4.65,-0.5000000000000004,0.8660254037844384,16.2,97,0.0,1.61,0.788010753606722,0.6156614753256583,19.8,93,0.0,1.39,-0.7071067811865475,-0.7071067811865477,18.8,91,0.0,6.12,-0.5735764363510465,0.8191520442889916,0.1000000000000014,open-meteo,2026-08-08T09:59:26+00:00
2026-08-01 04:00:00+00:00,DE,onshore,17.0,72,2.0,4.27,-0.6018150231520483,0.7986355100472928,16.1,97,1.0,4.35,-0.2419218955996678,0.9702957262759964,19.7,93,0.0,2.85,-0.656059028990507,-0.7547095802227721,18.3,93,1.0,5.92,-0.4067366430758001,0.9135454576426008,0.2250000000000014,open-meteo,2026-08-08T09:59:26+00:00
2026-08-01 05:00:00+00:00,DE,onshore,17.3,72,35.0,4.23,-0.7431448254773946,0.6691306063588578,16.4,94,29.0,4.61,-0.0348994967025008,0.9993908270190958,19.9,93,16.0,2.34,-0.5446390350150271,-0.838670567945424,17.7,88,40.0,6.15,-0.3746065934159123,0.9271838545667872,0.1750000000000007,open-meteo,2026-08-08T09:59:26+00:00
2026-08-01 06:00:00+00:00,DE,onshore,17.2,70,124.0,4.02,-0.6819983600624984,0.7313537016191707,16.5,94,52.0,2.95,-0.2588190451025207,0.9659258262890684,20.3,90,91.0,3.02,-0.8090169943749473,-0.5877852522924732,17.4,89,47.0,5.42,-0.6560590289905074,0.7547095802227719,0.1499999999999985,open-meteo,2026-08-08T09:59:26+00:00
2026-08-01 07:00:00+00:00,DE,onshore,17.4,69,193.0,4.57,-0.7313537016191703,0.6819983600624987,17.9,90,123.0,4.47,-0.4383711467890778,0.8987940462991668,21.3,86,134.0,1.5,-0.848048096156426,-0.529919264233205,17.4,86,64.0,5.68,-0.5877852522924734,0.8090169943749473,0.5,open-meteo,2026-08-08T09:59:26+00:00
2026-08-01 08:00:00+00:00,DE,onshore,17.5,66,401.0,4.16,-0.6819983600624984,0.7313537016191707,18.1,86,164.0,4.97,-0.2588190451025207,0.9659258262890684,22.7,79,269.0,3.92,-0.9998476951563912,0.0174524064372831,17.9,84,129.0,6.02,-0.6018150231520483,0.7986355100472928,1.0499999999999972,open-meteo,2026-08-08T09:59:26+00:00
2026-08-01 09:00:00+00:00,DE,onshore,17.5,64,568.0,3.19,-0.6819983600624984,0.7313537016191707,18.1,83,168.0,5.12,-0.0871557427476583,0.9961946980917455,23.9,72,441.0,5.48,-0.984807753012208,0.1736481776669299,17.9,81,124.0,5.83,-0.4539904997395469,0.8910065241883678,1.3500000000000014,open-meteo,2026-08-08T09:59:26+00:00
2026-08-01 10:00:00+00:00,DE,onshore,17.6,66,714.0,3.13,-0.8480480961564262,0.5299192642332047,18.8,76,261.0,5.99,-0.0697564737441256,0.9975640502598242,24.5,66,562.0,5.64,-0.9396926207859084,0.342020143325669,19.5,72,278.0,5.96,-0.4539904997395469,0.8910065241883678,2.1000000000000014,open-meteo,2026-08-08T09:59:26+00:00
2026-08-01 11:00:00+00:00,DE,onshore,17.8,63,780.0,3.66,-0.9396926207859084,0.342020143325669,19.7,71,270.0,7.59,-0.2923717047227371,0.9563047559630352,24.9,59,426.0,6.05,-0.8910065241883679,0.4539904997395466,21.7,60,488.0,5.25,-0.544639035015027,0.838670567945424,3.0249999999999986,open-meteo,2026-08-08T09:59:26+00:00
2026-08-01 12:00:00+00:00,DE,onshore,17.8,62,806.0,3.98,-0.984807753012208,0.1736481776669299,19.5,71,313.0,4.96,-0.1564344650402311,0.9876883405951375,26.5,54,472.0,5.76,-0.8191520442889918,0.573576436351046,21.5,61,680.0,4.94,-0.6293203910498378,0.7771459614569706,3.325,open-meteo,2026-08-08T09:59:26+00:00
2026-08-01 13:00:00+00:00,DE,onshore,17.8,68,784.0,4.12,-0.9998476951563912,0.0174524064372831,19.6,68,302.0,5.88,-0.0348994967025008,0.9993908270190958,26.5,56,584.0,5.96,-0.7071067811865477,0.7071067811865474,22.3,52,585.0,4.47,-0.6156614753256582,0.7880107536067221,3.5500000000000007,open-meteo,2026-08-08T09:59:26+00:00
2026-08-01 14:00:00+00:00,DE,onshore,18.2,65,721.0,4.8,-0.9998476951563912,-0.0174524064372834,20.1,66,382.0,3.16,0.1218693434051474,0.992546151641322,27.4,49,687.0,5.54,-0.7071067811865477,0.7071067811865474,22.5,50,554.0,6.34,-0.6293203910498378,0.7771459614569706,4.049999999999997,open-meteo,2026-08-08T09:59:26+00:00
2026-08-01 15:00:00+00:00,DE,onshore,18.4,66,623.0,3.38,-0.9271838545667872,-0.3746065934159123,19.7,64,316.0,7.14,-0.4539904997395469,0.8910065241883678,27.5,46,596.0,4.8,-0.3420201433256686,0.9396926207859084,22.6,46,487.0,5.19,-0.1908089953765446,0.981627183447664,4.049999999999997,open-meteo,2026-08-08T09:59:26+00:00
2026-08-01 16:00:00+00:00,DE,onshore,18.8,61,476.0,3.86,-0.913545457642601,-0.4067366430758001,19.8,60,323.0,5.22,-0.3907311284892739,0.9205048534524404,27.4,44,481.0,3.9,-0.3090169943749477,0.9510565162951536,22.7,41,370.0,3.01,-0.3255681544571567,0.9455185755993168,4.175000000000001,open-meteo,2026-08-08T09:59:26+00:00
2026-08-01 17:00:00+00:00,DE,onshore,19.0,62,256.0,6.56,-0.9702957262759966,0.2419218955996674,19.7,58,195.0,4.21,-0.4226182617406992,0.90630778703665,26.8,44,324.0,3.37,-0.1391731009600658,0.9902680687415704,22.1,45,277.0,4.21,-0.4226182617406992,0.90630778703665,3.899999999999999,open-meteo,2026-08-08T09:59:26+00:00
2026-08-01 18:00:00+00:00,DE,onshore,18.9,65,191.0,6.17,-0.9510565162951536,0.3090169943749472,19.3,42,107.0,7.39,-0.6293203910498378,0.7771459614569706,26.2,42,170.0,3.22,-0.3420201433256686,0.9396926207859084,21.2,46,151.0,5.4,0.0523359562429438,0.9986295347545738,3.400000000000002,open-meteo,2026-08-08T09:59:26+00:00
2026-08-01 19:00:00+00:00,DE,onshore,19.0,61,67.0,5.46,-0.9876883405951378,0.1564344650402306,16.5,51,33.0,6.67,-0.6427876096865396,0.7660444431189778,24.6,45,39.0,4.79,0.3907311284892737,0.9205048534524404,19.0,56,37.0,4.93,-0.1218693434051472,0.992546151641322,1.7749999999999986,open-meteo,2026-08-08T09:59:26+00:00
2026-08-01 20:00:00+00:00,DE,onshore,18.7,63,3.0,4.62,-0.9335804264972016,0.3583679495453004,14.8,58,0.0,4.86,-0.7431448254773946,0.6691306063588578,23.0,50,0.0,5.39,0.6018150231520483,0.7986355100472928,17.0,66,0.0,4.65,0.6691306063588582,0.7431448254773942,0.375,open-meteo,2026-08-08T09:59:26+00:00
2026-08-01 21:00:00+00:00,DE,onshore,18.5,68,0.0,3.61,-0.9743700647852352,0.2249510543438649,13.1,72,0.0,5.23,-0.7880107536067218,0.6156614753256585,21.6,56,0.0,6.77,0.8290375725550417,0.5591929034707468,14.0,90,0.0,3.46,0.4226182617406994,0.90630778703665,1.1999999999999993,open-meteo,2026-08-08T09:59:26+00:00
2026-08-01 22:00:00+00:00,DE,onshore,18.4,70,0.0,3.74,-0.9945218953682734,0.1045284632676529,12.4,77,0.0,5.49,-0.7660444431189781,0.6427876096865393,20.9,61,0.0,5.44,0.9702957262759964,0.2419218955996676,13.2,92,0.0,1.82,0.8090169943749475,0.5877852522924731,1.775000000000002,open-meteo,2026-08-08T09:59:26+00:00
2026-08-01 23:00:00+00:00,DE,onshore,18.4,68,0.0,4.19,-0.961261695938319,-0.2756373558169989,12.2,77,0.0,4.16,-0.8290375725550416,0.559192903470747,19.6,72,0.0,4.09,0.9563047559630354,0.2923717047227367,13.0,89,0.0,1.25,0.7771459614569709,0.6293203910498374,2.2,open-meteo,2026-08-08T09:59:26+00:00
2026-08-02 00:00:00+00:00,DE,onshore,18.1,70,0.0,4.86,-0.9455185755993168,-0.3255681544571566,9.7,90,0.0,2.55,-1.0,-1.8369701987210287e-16,19.4,76,0.0,3.8,0.9781476007338056,0.2079116908177594,10.7,96,0.0,0.35,-0.5591929034707466,0.8290375725550418,3.5249999999999986,open-meteo,2026-08-08T09:59:26+00:00
2026-08-02 01:00:00+00:00,DE,onshore,18.1,69,0.0,5.09,-0.961261695938319,-0.2756373558169989,9.2,91,0.0,3.29,-0.8660254037844384,-0.5000000000000004,18.8,80,0.0,3.95,0.992546151641322,0.1218693434051474,10.1,99,0.0,0.9,-0.754709580222772,-0.6560590289905073,3.9499999999999993,open-meteo,2026-08-08T09:59:26+00:00
2026-08-02 02:00:00+00:00,DE,onshore,18.1,69,0.0,5.16,-0.9702957262759964,-0.2419218955996677,9.4,90,0.0,3.86,-0.8910065241883678,-0.4539904997395469,18.0,84,0.0,4.7,0.9998476951563912,-0.0174524064372834,10.0,100,0.0,0.77,-0.6427876096865393,-0.766044443118978,4.125,open-meteo,2026-08-08T09:59:26+00:00
2026-08-02 03:00:00+00:00,DE,onshore,18.2,68,0.0,4.8,-0.9563047559630352,-0.2923717047227371,9.4,89,0.0,4.4,-0.848048096156426,-0.529919264233205,18.0,83,0.0,4.92,0.9945218953682732,0.1045284632676534,10.2,100,0.0,0.81,-0.9702957262759964,-0.2419218955996677,4.050000000000001,open-meteo,2026-08-08T09:59:26+00:00
2026-08-02 04:00:00+00:00,DE,onshore,18.3,67,1.0,4.93,-0.992546151641322,-0.1218693434051471,9.2,91,9.0,4.8,-0.7771459614569706,-0.6293203910498378,17.5,84,0.0,4.12,0.9510565162951536,0.3090169943749474,10.0,100,3.0,1.24,-0.3090169943749473,-0.9510565162951536,4.25,open-meteo,2026-08-08T09:59:26+00:00
2026-08-02 05:00:00+00:00,DE,onshore,18.3,66,50.0,4.43,-0.9961946980917455,0.0871557427476578,11.4,86,90.0,4.96,-0.8660254037844384,-0.5000000000000004,17.6,81,35.0,3.66,0.9612616959383188,0.2756373558169991,10.3,99,59.0,1.31,-0.2249510543438649,-0.9743700647852352,3.599999999999998,open-meteo,2026-08-08T09:59:26+00:00
2026-08-02 06:00:00+00:00,DE,onshore,18.2,69,147.0,3.81,-0.9510565162951536,-0.3090169943749475,15.0,74,227.0,5.36,-0.8571673007021121,-0.5150380749100544,19.1,72,158.0,4.04,0.9945218953682732,0.1045284632676534,14.1,86,172.0,2.54,-0.275637355816999,-0.9612616959383188,1.3999999999999986,open-meteo,2026-08-08T09:59:26+00:00
2026-08-02 07:00:00+00:00,DE,onshore,18.2,70,296.0,3.38,-0.9563047559630352,-0.2923717047227371,17.3,64,380.0,2.64,-0.9659258262890684,-0.2588190451025206,20.6,65,320.0,3.76,0.9659258262890684,0.2588190451025207,17.2,75,309.0,2.27,-0.1218693434051473,-0.992546151641322,0.3249999999999993,open-meteo,2026-08-08T09:59:26+00:00
2026-08-02 08:00:00+00:00,DE,onshore,18.5,67,454.0,3.0,-0.981627183447664,-0.1908089953765446,19.3,56,523.0,2.38,-0.9876883405951375,-0.156434465040231,22.0,61,485.0,3.42,0.8910065241883679,0.4539904997395468,20.0,61,498.0,1.33,0.2923717047227366,-0.9563047559630355,1.9499999999999995,open-meteo,2026-08-08T09:59:26+00:00
2026-08-02 09:00:00+00:00,DE,onshore,18.4,67,559.0,2.67,-0.9563047559630352,-0.2923717047227371,20.9,44,632.0,2.18,-0.9902680687415704,-0.1391731009600658,25.1,50,632.0,4.61,0.9781476007338056,0.2079116908177594,22.1,45,636.0,2.12,0.5591929034707469,-0.8290375725550416,3.625,open-meteo,2026-08-08T09:59:26+00:00
2026-08-02 10:00:00+00:00,DE,onshore,18.5,68,709.0,2.65,-0.9975640502598244,0.0697564737441252,21.6,42,625.0,2.07,-0.9961946980917455,-0.0871557427476582,27.4,36,752.0,5.2,0.9986295347545738,0.0523359562429439,23.1,41,710.0,2.36,0.7071067811865476,-0.7071067811865475,4.649999999999999,open-meteo,2026-08-08T09:59:26+00:00
2026-08-02 11:00:00+00:00,DE,onshore,18.7,65,778.0,1.8,-0.9271838545667874,0.3746065934159119,22.6,39,606.0,2.18,-0.9902680687415704,0.1391731009600654,29.1,26,829.0,5.2,0.9993908270190958,0.034899496702501,23.5,38,640.0,2.6,0.9396926207859084,-0.3420201433256687,5.475000000000001,open-meteo,2026-08-08T09:59:26+00:00
2026-08-02 12:00:00+00:00,DE,onshore,18.7,62,794.0,0.71,-0.9612616959383188,0.2756373558169994,23.1,38,649.0,1.96,-0.9986295347545738,-0.0523359562429443,30.1,26,858.0,4.73,0.9945218953682732,0.1045284632676534,24.2,38,724.0,2.67,0.9902680687415704,0.1391731009600654,6.025000000000002,open-meteo,2026-08-08T09:59:26+00:00
2026-08-02 13:00:00+00:00,DE,onshore,19.0,60,720.0,0.88,-0.4539904997395469,0.8910065241883678,23.7,36,760.0,2.59,-0.9063077870366498,0.4226182617406996,30.9,26,825.0,4.22,0.9986295347545738,0.0523359562429439,24.9,37,787.0,3.42,0.8910065241883679,0.4539904997395468,6.625,open-meteo,2026-08-08T09:59:26+00:00
2026-08-02 14:00:00+00:00,DE,onshore,19.1,60,710.0,1.67,-2.4492935982947064e-16,1.0,23.8,35,683.0,1.71,-0.9743700647852352,-0.2249510543438652,31.2,29,738.0,3.65,0.9945218953682732,-0.1045284632676535,24.7,38,707.0,4.19,0.838670567945424,0.5446390350150271,6.700000000000003,open-meteo,2026-08-08T09:59:26+00:00
2026-08-02 15:00:00+00:00,DE,onshore,19.4,57,531.0,1.74,0.788010753606722,0.6156614753256583,24.0,35,589.0,1.97,-0.4539904997395467,-0.8910065241883679,31.7,28,638.0,3.55,0.9945218953682732,0.1045284632676534,25.0,36,574.0,4.19,0.9612616959383188,0.2756373558169991,7.024999999999999,open-meteo,2026-08-08T09:59:26+00:00
2026-08-02 16:00:00+00:00,DE,onshore,19.8,51,491.0,2.94,0.6018150231520483,0.7986355100472928,23.5,37,445.0,1.46,-0.3420201433256686,-0.9396926207859084,31.4,28,496.0,3.9,0.9781476007338056,-0.2079116908177593,24.8,35,459.0,4.44,0.9945218953682732,0.1045284632676534,6.8749999999999964,open-meteo,2026-08-08T09:59:26+00:00
2026-08-02 17:00:00+00:00,DE,onshore,19.9,52,344.0,4.3,0.4999999999999999,0.8660254037844387,23.0,38,268.0,1.12,0.788010753606722,-0.6156614753256583,30.6,29,332.0,4.12,0.9998476951563912,0.0174524064372836,24.3,37,304.0,5.59,0.9271838545667874,-0.374606593415912,6.449999999999999,open-meteo,2026-08-08T09:59:26+00:00
2026-08-02 18:00:00+00:00,DE,onshore,20.0,58,192.0,4.67,0.5446390350150271,0.838670567945424,22.4,40,134.0,1.86,0.3090169943749475,-0.9510565162951536,29.7,29,169.0,5.99,0.9335804264972016,0.3583679495453004,23.5,42,146.0,6.43,0.9902680687415704,-0.1391731009600653,5.899999999999999,open-meteo,2026-08-08T09:59:26+00:00
2026-08-02 19:00:00+00:00,DE,onshore,19.9,62,63.0,5.27,0.573576436351046,0.8191520442889918,19.3,55,27.0,4.21,0.9781476007338056,0.2079116908177594,27.7,36,38.0,6.35,0.9396926207859084,0.3420201433256688,20.1,46,35.0,6.65,0.9702957262759964,-0.2419218955996677,3.75,open-meteo,2026-08-08T09:59:26+00:00
2026-08-02 20:00:00+00:00,DE,onshore,20.0,59,2.0,6.1,0.6946583704589973,0.7193398003386512,17.1,60,0.0,8.34,0.9986295347545738,0.0523359562429439,26.1,40,0.0,7.1,0.9135454576426008,0.4067366430758002,17.8,63,0.0,6.78,0.7986355100472927,-0.6018150231520484,2.25,open-meteo,2026-08-08T09:59:26+00:00
2026-08-02 21:00:00+00:00,DE,onshore,19.6,63,0.0,7.98,0.7431448254773942,0.6691306063588582,15.7,75,0.0,6.63,0.9135454576426008,-0.4067366430758002,25.1,42,0.0,6.95,0.9271838545667874,0.3746065934159119,16.2,78,0.0,5.66,0.7986355100472927,-0.6018150231520484,1.1499999999999986,open-meteo,2026-08-08T09:59:26+00:00
2026-08-02 22:00:00+00:00,DE,onshore,19.0,64,0.0,9.07,0.8987940462991669,0.4383711467890774,14.4,79,0.0,6.66,0.8829475928589269,-0.4694715627858909,24.1,44,0.0,5.17,0.90630778703665,0.4226182617406994,14.5,87,0.0,5.73,0.9396926207859084,-0.3420201433256687,0.0,open-meteo,2026-08-08T09:59:26+00:00
2026-08-02 23:00:00+00:00,DE,onshore,18.6,67,0.0,9.64,0.90630778703665,0.4226182617406994,14.4,74,0.0,9.05,0.8290375725550417,-0.5591929034707467,23.1,47,0.0,4.24,0.9455185755993168,0.3255681544571567,13.8,86,0.0,6.95,0.9271838545667874,-0.374606593415912,0.5249999999999986,open-meteo,2026-08-08T09:59:26+00:00
2026-08-03 00:00:00+00:00,DE,onshore,18.4,70,0.0,8.27,0.9702957262759964,0.2419218955996676,14.0,73,0.0,8.46,0.6819983600624986,-0.7313537016191705,22.5,43,0.0,4.6,0.8910065241883679,0.4539904997395468,13.1,87,0.0,6.86,0.9271838545667874,-0.374606593415912,1.0,open-meteo,2026-08-08T09:59:26+00:00
2026-08-03 01:00:00+00:00,DE,onshore,18.2,73,0.0,8.34,0.9876883405951378,0.1564344650402309,13.6,74,0.0,8.73,0.7071067811865476,-0.7071067811865475,21.5,47,0.0,4.52,0.9743700647852352,0.2249510543438649,12.8,90,0.0,7.58,0.9702957262759964,-0.2419218955996677,1.4750000000000014,open-meteo,2026-08-08T09:59:26+00:00
2026-08-03 02:00:00+00:00,DE,onshore,17.8,75,0.0,8.75,0.9975640502598242,0.0697564737441252,13.2,78,0.0,8.52,0.7071067811865476,-0.7071067811865475,20.6,53,0.0,4.12,0.9998476951563912,-0.0174524064372834,12.7,92,0.0,7.59,0.981627183447664,-0.1908089953765448,1.9250000000000007,open-meteo,2026-08-08T09:59:26+00:00
2026-08-03 03:00:00+00:00,DE,onshore,17.3,76,0.0,7.75,0.9876883405951378,-0.1564344650402308,12.6,82,0.0,7.54,0.6156614753256584,-0.7880107536067219,19.9,56,0.0,4.02,0.9998476951563912,-0.0174524064372834,12.2,90,0.0,7.46,0.9975640502598242,-0.0697564737441253,2.5,open-meteo,2026-08-08T09:59:26+00:00
2026-08-03 04:00:00+00:00,DE,onshore,17.0,77,1.0,7.09,0.981627183447664,-0.1908089953765448,12.4,85,7.0,7.78,0.6560590289905073,-0.754709580222772,19.8,61,0.0,3.9,0.9781476007338056,-0.2079116908177593,12.1,89,3.0,8.26,0.9961946980917455,-0.0871557427476582,2.674999999999999,open-meteo,2026-08-08T09:59:26+00:00
2026-08-03 05:00:00+00:00,DE,onshore,16.9,77,48.0,7.23,0.9743700647852352,-0.224951054343865,14.3,79,86.0,7.64,0.7547095802227721,-0.6560590289905072,20.1,63,28.0,3.69,0.9563047559630355,-0.2923717047227366,13.8,81,60.0,8.05,0.9986295347545738,-0.0523359562429438,1.7250000000000014,open-meteo,2026-08-08T09:59:26+00:00
2026-08-03 06:00:00+00:00,DE,onshore,16.9,80,152.0,7.16,0.9455185755993168,-0.3255681544571566,16.9,71,171.0,7.09,0.7547095802227721,-0.6560590289905072,22.0,61,117.0,3.64,0.9702957262759964,-0.2419218955996677,16.6,70,169.0,6.08,0.9998476951563912,-0.0174524064372834,0.1000000000000014,open-meteo,2026-08-08T09:59:26+00:00
2026-08-03 07:00:00+00:00,DE,onshore,17.4,78,261.0,6.99,0.9271838545667874,-0.374606593415912,18.6,65,351.0,5.44,0.8660254037844387,-0.4999999999999998,23.5,59,181.0,3.2,0.9205048534524404,-0.3907311284892737,18.8,64,325.0,4.37,0.9876883405951378,0.1564344650402309,1.5749999999999993,open-meteo,2026-08-08T09:59:26+00:00
2026-08-03 08:00:00+00:00,DE,onshore,18.6,72,376.0,6.41,0.9205048534524404,-0.3907311284892737,20.6,55,525.0,5.61,0.90630778703665,-0.4226182617406993,24.5,60,219.0,3.14,0.9993908270190958,-0.0348994967025009,21.2,58,468.0,4.82,0.9961946980917455,-0.0871557427476582,3.2250000000000014,open-meteo,2026-08-08T09:59:26+00:00
2026-08-03 09:00:00+00:00,DE,onshore,20.1,69,518.0,8.11,0.8910065241883679,-0.4539904997395467,22.7,48,644.0,5.42,0.9396926207859084,-0.3420201433256687,25.2,61,389.0,2.06,0.90630778703665,-0.4226182617406993,23.8,52,588.0,4.81,0.9975640502598242,0.0697564737441252,4.949999999999999,open-meteo,2026-08-08T09:59:26+00:00
2026-08-03 10:00:00+00:00,DE,onshore,21.2,65,670.0,9.26,0.9205048534524404,-0.3907311284892737,23.8,47,715.0,4.84,0.9335804264972016,-0.3583679495453002,28.4,54,555.0,2.08,0.6560590289905073,-0.754709580222772,25.5,49,689.0,5.0,0.9998476951563912,0.0174524064372836,6.725000000000001,open-meteo,2026-08-08T09:59:26+00:00
2026-08-03 11:00:00+00:00,DE,onshore,21.9,58,732.0,10.04,0.90630778703665,-0.4226182617406993,25.1,41,769.0,4.19,0.9335804264972016,-0.3583679495453002,31.6,43,794.0,0.75,0.3907311284892737,-0.9205048534524404,27.0,47,766.0,4.52,0.9961946980917455,-0.0871557427476582,8.399999999999999,open-meteo,2026-08-08T09:59:26+00:00
2026-08-03 12:00:00+00:00,DE,onshore,22.3,60,770.0,9.03,0.8746197071393959,-0.484809620246337,26.0,42,797.0,4.06,0.9396926207859084,-0.3420201433256687,33.4,37,825.0,0.63,-0.6293203910498376,-0.7771459614569708,28.5,44,795.0,3.42,0.9135454576426008,-0.4067366430758002,9.549999999999995,open-meteo,2026-08-08T09:59:26+00:00
2026-08-03 13:00:00+00:00,DE,onshore,22.1,65,744.0,7.39,0.9271838545667874,-0.374606593415912,26.4,42,745.0,4.37,0.9612616959383188,-0.275637355816999,34.5,36,801.0,0.75,-0.3907311284892735,-0.9205048534524404,29.3,43,775.0,2.75,0.8191520442889917,-0.5735764363510462,10.075,open-meteo,2026-08-08T09:59:26+00:00
2026-08-03 14:00:00+00:00,DE,onshore,21.9,71,670.0,6.11,0.9781476007338056,-0.2079116908177593,26.7,41,642.0,4.37,0.9396926207859084,-0.3420201433256687,35.1,35,727.0,0.22,-0.8910065241883678,-0.4539904997395469,29.5,43,678.0,2.11,0.9271838545667874,-0.374606593415912,10.299999999999995,open-meteo,2026-08-08T09:59:26+00:00
2026-08-03 15:00:00+00:00,DE,onshore,22.6,68,564.0,6.46,0.984807753012208,-0.1736481776669303,26.6,43,493.0,3.09,0.981627183447664,-0.1908089953765448,35.2,33,567.0,1.71,0.5150380749100544,-0.8571673007021122,30.4,38,551.0,1.47,0.7986355100472927,-0.6018150231520484,10.700000000000005,open-meteo,2026-08-08T09:59:26+00:00
2026-08-03 16:00:00+00:00,DE,onshore,22.5,68,455.0,7.23,0.9876883405951378,-0.1564344650402308,26.4,44,403.0,3.27,0.9876883405951378,0.1564344650402309,33.3,43,391.0,6.18,-0.0348994967025009,-0.9993908270190958,30.3,34,448.0,1.39,0.777145961456971,-0.6293203910498373,10.124999999999996,open-meteo,2026-08-08T09:59:26+00:00
2026-08-03 17:00:00+00:00,DE,onshore,22.9,64,327.0,8.83,0.9986295347545738,-0.0523359562429438,24.1,53,256.0,7.06,0.8290375725550417,0.5591929034707468,33.5,39,280.0,3.41,0.3090169943749475,-0.9510565162951536,29.5,42,258.0,2.48,0.9510565162951536,0.3090169943749474,9.5,open-meteo,2026-08-08T09:59:26+00:00
2026-08-03 18:00:00+00:00,DE,onshore,23.3,61,175.0,9.58,0.992546151641322,-0.1218693434051473,22.6,60,131.0,6.69,0.8191520442889918,0.573576436351046,28.2,70,87.0,2.48,0.1564344650402309,-0.9876883405951375,28.7,46,132.0,4.34,0.9945218953682732,0.1045284632676534,7.700000000000003,open-meteo,2026-08-08T09:59:26+00:00
2026-08-03 19:00:00+00:00,DE,onshore,22.7,63,53.0,11.76,0.9993908270190958,-0.0348994967025009,20.3,70,28.0,7.72,0.8746197071393957,0.4848096202463371,27.5,74,16.0,2.67,0.4694715627858907,-0.882947592858927,25.9,58,31.0,7.36,0.9986295347545738,0.0523359562429439,6.100000000000001,open-meteo,2026-08-08T09:59:26+00:00
2026-08-03 20:00:00+00:00,DE,onshore,22.1,62,2.0,13.26,0.9975640502598242,-0.0697564737441253,18.6,81,0.0,8.0,0.9563047559630354,0.2923717047227367,27.2,71,0.0,2.81,0.4226182617406995,-0.90630778703665,23.8,66,0.0,7.45,0.9998476951563912,-0.0174524064372834,4.925000000000001,open-meteo,2026-08-08T09:59:26+00:00
2026-08-03 21:00:00+00:00,DE,onshore,21.2,64,0.0,12.39,0.9961946980917455,-0.0871557427476582,17.9,83,0.0,7.44,0.9876883405951378,0.1564344650402309,26.3,74,0.0,2.22,0.6560590289905073,-0.754709580222772,23.0,70,0.0,7.75,0.9993908270190958,-0.0348994967025009,4.099999999999998,open-meteo,2026-08-08T09:59:26+00:00
2026-08-03 22:00:00+00:00,DE,onshore,20.5,65,0.0,13.39,0.9945218953682732,-0.1045284632676535,17.4,86,0.0,7.64,1.0,6.123233995736766e-17,26.3,74,0.0,3.17,0.1564344650402309,-0.9876883405951375,22.2,74,0.0,7.96,0.984807753012208,-0.1736481776669303,3.6000000000000014,open-meteo,2026-08-08T09:59:26+00:00
2026-08-03 23:00:00+00:00,DE,onshore,20.0,70,0.0,12.97,0.9902680687415704,-0.1391731009600653,17.1,86,0.0,6.97,0.9396926207859084,-0.3420201433256687,24.8,82,0.0,2.16,-0.0523359562429435,-0.9986295347545738,21.4,79,0.0,7.86,0.984807753012208,-0.1736481776669303,2.825000000000003,open-meteo,2026-08-08T09:59:26+00:00
2026-08-04 00:00:00+00:00,DE,onshore,19.7,77,0.0,13.02,0.9563047559630355,-0.2923717047227366,16.9,89,0.0,7.43,0.7547095802227721,-0.6560590289905072,24.6,76,0.0,2.67,-0.9563047559630352,-0.2923717047227371,21.1,81,0.0,8.22,0.9902680687415704,-0.1391731009600653,2.575,open-meteo,2026-08-08T09:59:26+00:00
2026-08-04 01:00:00+00:00,DE,onshore,19.8,78,0.0,11.65,0.9396926207859084,-0.3420201433256687,17.2,90,0.0,8.0,0.766044443118978,-0.6427876096865394,22.7,85,0.0,1.1,-0.8910065241883678,-0.4539904997395469,20.6,85,0.0,7.94,0.9612616959383188,-0.275637355816999,2.075000000000003,open-meteo,2026-08-08T09:59:26+00:00
2026-08-04 02:00:00+00:00,DE,onshore,19.9,77,0.0,11.44,0.8480480961564261,-0.5299192642332048,17.8,89,0.0,8.46,0.7431448254773942,-0.6691306063588582,22.3,76,0.0,5.7,-0.9961946980917455,-0.0871557427476582,20.0,89,0.0,6.82,0.9510565162951536,-0.3090169943749473,2.0,open-meteo,2026-08-08T09:59:26+00:00
2026-08-04 03:00:00+00:00,DE,onshore,20.3,81,0.0,12.21,0.7431448254773942,-0.6691306063588582,17.5,88,0.0,9.18,0.766044443118978,-0.6427876096865394,23.3,66,0.0,8.46,-0.9396926207859084,0.342020143325669,19.9,88,0.0,7.86,0.984807753012208,-0.1736481776669303,2.25,open-meteo,2026-08-08T09:59:26+00:00
2026-08-04 04:00:00+00:00,DE,onshore,20.2,82,0.0,9.09,0.4999999999999999,-0.8660254037844387,18.3,86,5.0,9.66,0.7986355100472927,-0.6018150231520484,22.6,73,0.0,2.64,-0.9659258262890684,-0.2588190451025206,19.7,89,2.0,8.71,0.9455185755993168,-0.3255681544571566,2.2,open-meteo,2026-08-08T09:59:26+00:00
2026-08-04 05:00:00+00:00,DE,onshore,20.0,89,14.0,9.84,0.5446390350150273,-0.8386705679454239,19.5,81,70.0,9.93,0.7986355100472927,-0.6018150231520484,22.4,74,29.0,5.21,-0.9975640502598244,0.0697564737441252,20.0,89,34.0,1.27,-0.9205048534524404,-0.3907311284892738,2.4750000000000014,open-meteo,2026-08-08T09:59:26+00:00
2026-08-04 06:00:00+00:00,DE,onshore,20.0,90,40.0,10.23,0.5877852522924732,-0.8090169943749473,20.8,79,160.0,9.08,0.838670567945424,-0.5446390350150272,23.5,69,110.0,2.94,-0.9993908270190958,0.0348994967025012,21.1,84,62.0,2.08,-0.9455185755993168,-0.3255681544571566,3.3500000000000014,open-meteo,2026-08-08T09:59:26+00:00
2026-08-04 07:00:00+00:00,DE,onshore,20.0,91,93.0,11.69,0.5735764363510459,-0.8191520442889919,21.9,77,169.0,6.71,0.8746197071393959,-0.484809620246337,25.6,60,287.0,1.02,-0.9563047559630352,-0.2923717047227371,21.4,86,70.0,3.49,0.6156614753256583,0.7880107536067219,4.225000000000001,open-meteo,2026-08-08T09:59:26+00:00
2026-08-04 08:00:00+00:00,DE,onshore,20.3,90,198.0,8.81,0.5735764363510459,-0.8191520442889919,22.1,78,116.0,4.66,0.9659258262890684,-0.2588190451025208,28.2,53,453.0,1.1,-0.8910065241883679,0.4539904997395466,22.9,80,211.0,3.27,0.9876883405951378,-0.1564344650402308,5.375,open-meteo,2026-08-08T09:59:26+00:00
2026-08-04 09:00:00+00:00,DE,onshore,20.6,90,387.0,7.29,0.5877852522924732,-0.8090169943749473,20.1,98,110.0,5.31,-0.0871557427476583,0.9961946980917455,31.3,38,611.0,0.9,-0.9743700647852352,0.2249510543438649,23.2,81,301.0,1.28,0.9975640502598242,0.0697564737441252,5.800000000000001,open-meteo,2026-08-08T09:59:26+00:00
2026-08-04 10:00:00+00:00,DE,onshore,21.1,91,649.0,7.56,0.6018150231520482,-0.7986355100472929,20.7,94,121.0,6.76,0.7771459614569709,0.6293203910498374,32.6,34,725.0,1.81,-0.9743700647852352,-0.2249510543438652,24.9,75,422.0,2.48,0.9510565162951536,0.3090169943749474,6.825000000000003,open-meteo,2026-08-08T09:59:26+00:00
2026-08-04 11:00:00+00:00,DE,onshore,21.6,89,737.0,7.35,0.6819983600624986,-0.7313537016191705,22.2,89,329.0,7.49,0.8910065241883679,0.4539904997395468,33.7,32,797.0,1.36,-0.8660254037844384,-0.5000000000000004,27.0,66,598.0,1.33,0.8090169943749475,-0.587785252292473,8.125,open-meteo,2026-08-08T09:59:26+00:00
2026-08-04 12:00:00+00:00,DE,onshore,22.2,87,761.0,8.46,0.7431448254773942,-0.6691306063588582,23.8,79,545.0,7.12,0.9902680687415704,0.1391731009600654,34.7,30,825.0,1.41,-0.5591929034707467,-0.8290375725550418,29.4,54,764.0,0.81,0.2419218955996677,-0.9702957262759964,9.525,open-meteo,2026-08-08T09:59:26+00:00
2026-08-04 13:00:00+00:00,DE,onshore,22.6,85,741.0,7.76,0.7313537016191706,-0.6819983600624984,25.4,70,514.0,7.1,0.9396926207859084,-0.3420201433256687,35.6,27,805.0,1.18,-0.7431448254773944,-0.6691306063588581,31.3,47,725.0,2.42,-0.3583679495453004,-0.9335804264972016,10.724999999999998,open-meteo,2026-08-08T09:59:26+00:00
2026-08-04 14:00:00+00:00,DE,onshore,23.1,81,679.0,7.55,0.7313537016191706,-0.6819983600624984,26.0,69,444.0,5.96,0.9702957262759964,-0.2419218955996677,36.1,28,731.0,0.81,-0.9702957262759966,0.2419218955996674,31.7,42,623.0,3.79,-0.1736481776669304,-0.984807753012208,11.225,open-meteo,2026-08-08T09:59:26+00:00
2026-08-04 15:00:00+00:00,DE,onshore,23.6,78,570.0,7.39,0.8480480961564261,-0.5299192642332048,25.0,73,393.0,6.81,0.8660254037844386,0.5000000000000001,35.0,30,530.0,2.24,-0.3907311284892739,0.9205048534524404,32.1,41,520.0,2.16,-0.6293203910498376,-0.7771459614569708,10.924999999999995,open-meteo,2026-08-08T09:59:26+00:00
2026-08-04 16:00:00+00:00,DE,onshore,23.6,77,440.0,7.59,0.8090169943749475,-0.587785252292473,24.7,74,373.0,5.21,0.8987940462991669,0.4383711467890774,28.7,59,173.0,4.52,-0.8660254037844384,-0.5000000000000004,32.0,40,428.0,0.53,-0.9271838545667874,0.3746065934159119,9.25,open-meteo,2026-08-08T09:59:26+00:00
2026-08-04 17:00:00+00:00,DE,onshore,23.5,79,261.0,6.72,0.6819983600624986,-0.7313537016191705,24.4,76,246.0,5.46,0.838670567945424,0.5446390350150271,29.3,55,142.0,3.18,-0.5591929034707467,-0.8290375725550418,31.5,43,276.0,0.77,-0.6427876096865396,0.7660444431189778,9.175,open-meteo,2026-08-08T09:59:26+00:00
2026-08-04 18:00:00+00:00,DE,onshore,23.7,77,169.0,6.1,0.6946583704589971,-0.7193398003386513,23.8,76,117.0,5.08,0.8290375725550417,0.5591929034707468,26.0,65,31.0,9.39,-0.8660254037844384,-0.5000000000000004,30.2,49,133.0,3.29,0.3907311284892737,0.9205048534524404,7.925000000000001,open-meteo,2026-08-08T09:59:26+00:00
2026-08-04 19:00:00+00:00,DE,onshore,23.4,79,54.0,7.97,0.7193398003386511,-0.6946583704589974,22.4,81,23.0,4.56,0.9876883405951378,0.1564344650402309,26.0,58,5.0,2.53,-0.5877852522924734,0.8090169943749473,28.1,56,23.0,5.01,0.6427876096865393,0.766044443118978,6.975000000000001,open-meteo,2026-08-08T09:59:26+00:00
2026-08-04 20:00:00+00:00,DE,onshore,23.4,79,1.0,9.08,0.7071067811865476,-0.7071067811865475,21.6,87,0.0,6.72,0.7313537016191706,-0.6819983600624984,23.9,72,0.0,1.58,-0.374606593415912,-0.9271838545667874,25.7,73,0.0,5.11,0.8480480961564261,-0.5299192642332048,5.650000000000002,open-meteo,2026-08-08T09:59:26+00:00
2026-08-04 21:00:00+00:00,DE,onshore,23.6,79,0.0,10.17,0.1908089953765449,-0.981627183447664,21.0,86,0.0,6.09,0.4383711467890773,-0.898794046299167,21.6,91,0.0,3.04,0.258819045102521,-0.9659258262890682,24.0,85,0.0,4.59,0.6427876096865395,-0.7660444431189779,4.550000000000001,open-meteo,2026-08-08T09:59:26+00:00
2026-08-04 22:00:00+00:00,DE,onshore,23.4,79,0.0,8.52,0.6156614753256584,-0.7880107536067219,20.5,88,0.0,6.1,0.4067366430758004,-0.9135454576426008,21.4,90,0.0,2.85,0.6560590289905073,-0.754709580222772,23.0,89,0.0,4.43,0.7071067811865476,-0.7071067811865475,4.074999999999999,open-meteo,2026-08-08T09:59:26+00:00
2026-08-04 23:00:00+00:00,DE,onshore,21.5,89,0.0,4.7,-0.8090169943749473,-0.5877852522924732,20.7,86,0.0,6.93,0.5446390350150273,-0.8386705679454239,22.0,84,0.0,1.28,0.0697564737441255,-0.9975640502598242,22.7,88,0.0,4.3,0.7071067811865476,-0.7071067811865475,3.7250000000000014,open-meteo,2026-08-08T09:59:26+00:00
2026-08-05 00:00:00+00:00,DE,onshore,21.8,86,0.0,6.66,-0.9998476951563912,0.0174524064372831,20.5,78,0.0,7.98,0.4848096202463371,-0.8746197071393957,22.8,76,0.0,2.26,-0.3090169943749473,-0.9510565162951536,21.7,90,0.0,3.82,0.4848096202463371,-0.8746197071393957,3.6999999999999993,open-meteo,2026-08-08T09:59:26+00:00
2026-08-05 01:00:00+00:00,DE,onshore,21.4,86,0.0,4.3,-0.9135454576426012,0.4067366430757997,19.9,80,0.0,7.01,0.2079116908177593,-0.9781476007338056,22.7,78,0.0,1.67,-0.6427876096865393,-0.766044443118978,21.3,90,0.0,4.09,0.2923717047227366,-0.9563047559630355,3.325,open-meteo,2026-08-08T09:59:26+00:00
2026-08-05 02:00:00+00:00,DE,onshore,21.4,86,0.0,4.71,-0.9563047559630352,-0.2923717047227371,19.1,84,0.0,6.96,0.0174524064372834,-0.9998476951563912,21.4,86,0.0,3.56,-0.9902680687415704,-0.1391731009600658,21.5,88,0.0,2.4,-0.9781476007338056,-0.2079116908177598,2.8500000000000014,open-meteo,2026-08-08T09:59:26+00:00
2026-08-05 03:00:00+00:00,DE,onshore,21.5,87,0.0,7.94,-0.5446390350150271,-0.838670567945424,18.0,91,0.0,6.32,-0.1218693434051473,-0.992546151641322,20.6,90,0.0,4.25,-0.9902680687415704,-0.1391731009600658,22.1,89,0.0,3.26,-0.9335804264972016,0.3583679495453004,2.5500000000000007,open-meteo,2026-08-08T09:59:26+00:00
2026-08-05 04:00:00+00:00,DE,onshore,21.8,84,0.0,9.24,-0.754709580222772,-0.6560590289905073,18.8,89,4.0,7.62,-0.6018150231520484,-0.7986355100472928,20.5,91,0.0,4.21,-0.9781476007338056,-0.2079116908177598,21.4,94,0.0,0.9,-0.656059028990507,-0.7547095802227721,2.625,open-meteo,2026-08-08T09:59:26+00:00
2026-08-05 05:00:00+00:00,DE,onshore,21.7,82,44.0,10.27,-0.8191520442889916,-0.5735764363510464,20.8,88,28.0,9.47,-0.6293203910498376,-0.7771459614569708,21.2,87,22.0,5.49,-0.9998476951563912,0.0174524064372831,21.8,93,47.0,3.88,-0.9335804264972016,-0.3583679495453007,3.375,open-meteo,2026-08-08T09:59:26+00:00
2026-08-05 06:00:00+00:00,DE,onshore,21.5,80,163.0,11.09,-0.7880107536067221,-0.6156614753256581,21.7,82,47.0,7.77,-0.5591929034707467,-0.8290375725550418,22.6,81,84.0,5.49,-0.9998476951563912,-0.0174524064372834,22.5,85,147.0,1.12,-0.7880107536067221,-0.6156614753256581,4.075000000000003,open-meteo,2026-08-08T09:59:26+00:00
2026-08-05 07:00:00+00:00,DE,onshore,21.3,81,275.0,10.6,-0.7071067811865475,-0.7071067811865477,23.3,77,230.0,4.38,-0.7660444431189779,-0.6427876096865395,23.4,79,155.0,4.12,-0.9998476951563912,-0.0174524064372834,23.9,78,264.0,2.85,-0.9975640502598242,-0.0697564737441255,4.975000000000001,open-meteo,2026-08-08T09:59:26+00:00
2026-08-05 08:00:00+00:00,DE,onshore,21.3,81,200.0,10.46,-0.7071067811865475,-0.7071067811865477,25.1,70,427.0,4.67,-0.8386705679454242,-0.544639035015027,23.5,77,151.0,4.43,-0.9961946980917455,0.0871557427476578,25.5,71,404.0,4.62,-0.9961946980917455,0.0871557427476578,5.850000000000001,open-meteo,2026-08-08T09:59:26+00:00
2026-08-05 09:00:00+00:00,DE,onshore,21.7,81,408.0,9.37,-0.754709580222772,-0.6560590289905073,26.7,63,565.0,5.88,-0.9998476951563912,0.0174524064372831,26.8,63,334.0,4.42,-0.9975640502598244,0.0697564737441252,27.3,60,512.0,4.8,-0.9993908270190958,0.0348994967025012,7.625,open-meteo,2026-08-08T09:59:26+00:00
2026-08-05 10:00:00+00:00,DE,onshore,21.7,82,552.0,8.29,-0.7771459614569706,-0.6293203910498378,28.2,56,657.0,5.98,-0.9998476951563912,-0.0174524064372834,29.0,53,660.0,4.12,-0.9986295347545738,-0.0523359562429443,28.2,59,583.0,4.74,-0.992546151641322,0.1218693434051476,8.775000000000002,open-meteo,2026-08-08T09:59:26+00:00
2026-08-05 11:00:00+00:00,DE,onshore,21.8,80,698.0,7.23,-0.882947592858927,-0.4694715627858907,29.1,53,707.0,5.88,-0.9993908270190958,-0.0348994967025007,30.5,45,695.0,4.61,-0.9998476951563912,-0.0174524064372834,30.0,51,702.0,4.21,-0.9998476951563912,0.0174524064372831,9.85,open-meteo,2026-08-08T09:59:26+00:00
2026-08-05 12:00:00+00:00,DE,onshore,21.3,84,583.0,9.5,-1.0,-1.8369701987210287e-16,29.8,49,623.0,5.94,-0.9876883405951375,-0.156434465040231,31.0,45,678.0,3.63,-0.9986295347545738,-0.0523359562429443,31.1,45,777.0,3.96,-0.9876883405951375,-0.156434465040231,10.299999999999995,open-meteo,2026-08-08T09:59:26+00:00
2026-08-05 13:00:00+00:00,DE,onshore,20.7,81,616.0,9.71,-0.9993908270190958,0.0348994967025012,30.5,45,717.0,4.7,-1.0,-1.8369701987210287e-16,31.7,40,627.0,4.9,-0.9998476951563912,0.0174524064372831,32.0,40,749.0,4.48,-0.984807753012208,-0.1736481776669303,10.725,open-meteo,2026-08-08T09:59:26+00:00
2026-08-05 14:00:00+00:00,DE,onshore,20.8,80,558.0,9.65,-0.984807753012208,0.1736481776669299,30.6,42,573.0,5.59,-0.9998476951563912,0.0174524064372831,32.4,35,711.0,3.92,-0.9743700647852352,-0.2249510543438652,32.5,35,601.0,4.62,-0.9563047559630352,-0.2923717047227371,11.075000000000005,open-meteo,2026-08-08T09:59:26+00:00
2026-08-05 15:00:00+00:00,DE,onshore,20.9,81,330.0,9.15,-0.9743700647852352,0.2249510543438649,30.3,43,502.0,4.62,-0.9961946980917455,0.0871557427476578,32.6,32,556.0,6.98,-0.9961946980917455,-0.0871557427476582,32.0,39,448.0,3.11,-0.9743700647852352,0.2249510543438649,10.950000000000005,open-meteo,2026-08-08T09:59:26+00:00
2026-08-05 16:00:00+00:00,DE,onshore,20.6,82,383.0,8.29,-0.9702957262759966,0.2419218955996674,30.2,44,396.0,3.14,-0.9993908270190958,0.0348994967025012,31.9,35,377.0,6.69,-0.981627183447664,-0.1908089953765446,27.8,62,218.0,8.54,-0.8480480961564262,0.5299192642332047,9.624999999999996,open-meteo,2026-08-08T09:59:26+00:00
2026-08-05 17:00:00+00:00,DE,onshore,20.4,83,299.0,6.3,-0.9781476007338056,0.2079116908177594,29.1,48,152.0,6.1,-0.9135454576426012,0.4067366430757997,31.0,40,291.0,5.78,-0.9993908270190958,0.0348994967025012,25.8,75,136.0,2.79,-0.3090169943749477,0.9510565162951536,8.575,open-meteo,2026-08-08T09:59:26+00:00
2026-08-05 18:00:00+00:00,DE,onshore,20.8,83,137.0,6.08,-0.9998476951563912,-0.0174524064372834,22.8,86,10.0,3.43,-0.0348994967025009,-0.9993908270190958,29.8,41,149.0,6.54,-0.9876883405951378,0.1564344650402306,23.9,80,100.0,4.13,0.9975640502598242,0.0697564737441252,6.325000000000003,open-meteo,2026-08-08T09:59:26+00:00
2026-08-05 19:00:00+00:00,DE,onshore,20.7,84,44.0,5.61,-0.9961946980917455,-0.0871557427476582,22.3,90,11.0,1.12,-0.6156614753256582,-0.788010753606722,27.6,47,30.0,6.85,-0.9876883405951378,0.1564344650402306,22.9,87,19.0,1.92,0.9659258262890684,0.2588190451025207,5.375,open-meteo,2026-08-08T09:59:26+00:00
2026-08-05 20:00:00+00:00,DE,onshore,20.7,84,1.0,4.73,-0.9743700647852352,-0.2249510543438652,21.7,89,0.0,5.81,-0.1045284632676535,-0.9945218953682732,26.4,46,0.0,7.91,-0.9902680687415704,0.1391731009600654,21.7,92,0.0,0.84,0.9335804264972016,-0.3583679495453002,4.625,open-meteo,2026-08-08T09:59:26+00:00
2026-08-05 21:00:00+00:00,DE,onshore,20.9,84,0.0,6.77,-0.8290375725550418,-0.5591929034707466,20.9,94,0.0,7.11,-0.2588190451025208,-0.9659258262890684,24.9,53,0.0,6.21,-0.9781476007338056,0.2079116908177594,21.9,94,0.0,1.86,-0.9510565162951536,0.3090169943749472,4.149999999999999,open-meteo,2026-08-08T09:59:26+00:00
2026-08-05 22:00:00+00:00,DE,onshore,21.0,80,0.0,9.14,-0.9563047559630352,-0.2923717047227371,20.7,95,0.0,3.23,-0.9702957262759964,-0.2419218955996677,23.1,61,0.0,4.9,-0.9612616959383188,0.2756373558169994,21.2,97,0.0,1.1,-0.8910065241883678,-0.4539904997395469,3.500000000000004,open-meteo,2026-08-08T09:59:26+00:00
2026-08-05 23:00:00+00:00,DE,onshore,20.5,85,0.0,7.9,-0.9563047559630352,-0.2923717047227371,20.4,95,0.0,4.42,-0.9975640502598244,0.0697564737441252,21.8,67,0.0,3.63,-0.9986295347545738,0.0523359562429439,20.8,97,0.0,4.02,-0.8290375725550418,-0.5591929034707466,2.875,open-meteo,2026-08-08T09:59:26+00:00
2026-08-06 00:00:00+00:00,DE,onshore,19.8,83,0.0,6.48,-0.9510565162951536,-0.3090169943749475,20.0,98,0.0,3.88,-0.7071067811865477,0.7071067811865474,21.3,71,0.0,2.39,-0.945518575599317,0.3255681544571563,20.6,95,0.0,4.03,-0.9975640502598244,0.0697564737441252,2.424999999999997,open-meteo,2026-08-08T09:59:26+00:00
2026-08-06 01:00:00+00:00,DE,onshore,20.1,85,0.0,4.92,-0.6819983600624984,-0.7313537016191706,19.3,97,0.0,5.44,-0.2419218955996678,0.9702957262759964,20.6,73,0.0,3.15,-0.9961946980917455,-0.0871557427476582,20.2,91,0.0,3.98,-0.984807753012208,0.1736481776669299,2.0500000000000007,open-meteo,2026-08-08T09:59:26+00:00
2026-08-06 02:00:00+00:00,DE,onshore,20.3,81,0.0,8.66,-0.7880107536067221,-0.6156614753256581,19.1,97,0.0,5.02,0.2079116908177593,0.9781476007338056,20.7,69,0.0,5.06,-0.9876883405951378,0.1564344650402306,19.1,94,0.0,5.7,-0.9135454576426012,0.4067366430757997,1.8000000000000045,open-meteo,2026-08-08T09:59:26+00:00
2026-08-06 03:00:00+00:00,DE,onshore,18.9,89,0.0,4.16,-0.9659258262890684,-0.2588190451025206,18.7,100,0.0,3.94,0.4539904997395468,0.8910065241883679,19.5,71,0.0,4.51,-0.9993908270190958,-0.0348994967025007,19.0,95,0.0,4.98,-0.8090169943749476,0.5877852522924729,1.0249999999999986,open-meteo,2026-08-08T09:59:26+00:00
2026-08-06 04:00:00+00:00,DE,onshore,19.2,82,0.0,8.44,-0.9876883405951375,-0.156434465040231,18.6,100,3.0,2.24,-0.4848096202463369,0.8746197071393959,19.3,71,0.0,4.54,-0.992546151641322,0.1218693434051476,18.9,93,1.0,4.7,-0.8090169943749476,0.5877852522924729,1.0,open-meteo,2026-08-08T09:59:26+00:00
2026-08-06 05:00:00+00:00,DE,onshore,19.5,67,46.0,10.29,-0.9998476951563912,-0.0174524064372834,18.8,100,29.0,2.55,0.0348994967025009,0.9993908270190958,19.5,71,22.0,3.95,-0.992546151641322,0.1218693434051476,19.7,88,42.0,5.39,-0.8910065241883679,0.4539904997395466,1.375,open-meteo,2026-08-08T09:59:26+00:00
2026-08-06 06:00:00+00:00,DE,onshore,19.3,71,160.0,10.96,-0.9743700647852352,-0.2249510543438652,19.7,97,141.0,1.33,-0.2923717047227371,0.9563047559630352,21.8,63,131.0,4.19,-0.9335804264972016,0.3583679495453004,21.0,83,128.0,4.82,-0.9743700647852352,0.2249510543438649,2.45,open-meteo,2026-08-08T09:59:26+00:00
2026-08-06 07:00:00+00:00,DE,onshore,19.3,66,279.0,11.43,-0.9396926207859084,-0.3420201433256685,21.1,89,176.0,3.14,-0.9702957262759966,0.2419218955996674,23.4,56,304.0,4.69,-0.898794046299167,0.4383711467890774,21.3,78,190.0,6.81,-0.9205048534524404,0.3907311284892735,3.275000000000002,open-meteo,2026-08-08T09:59:26+00:00
2026-08-06 08:00:00+00:00,DE,onshore,19.2,66,408.0,12.41,-0.961261695938319,-0.2756373558169989,22.3,75,292.0,3.84,-0.9945218953682734,0.1045284632676529,24.6,51,473.0,3.73,-0.9205048534524404,0.3907311284892735,22.3,61,324.0,6.88,-0.9396926207859084,0.342020143325669,4.099999999999998,open-meteo,2026-08-08T09:59:26+00:00
2026-08-06 09:00:00+00:00,DE,onshore,19.2,68,489.0,13.83,-0.9702957262759964,-0.2419218955996677,23.5,61,404.0,5.75,-0.9702957262759966,0.2419218955996674,26.0,45,616.0,3.84,-0.945518575599317,0.3255681544571563,24.1,57,542.0,5.36,-0.9876883405951378,0.1564344650402306,5.200000000000003,open-meteo,2026-08-08T09:59:26+00:00
2026-08-06 10:00:00+00:00,DE,onshore,18.9,72,555.0,12.99,-0.981627183447664,-0.1908089953765446,24.3,57,612.0,6.09,-0.9975640502598242,-0.0697564737441255,26.9,41,728.0,4.0,-0.9271838545667874,0.3746065934159119,24.6,50,630.0,7.5,-0.992546151641322,0.1218693434051476,5.674999999999997,open-meteo,2026-08-08T09:59:26+00:00
2026-08-06 11:00:00+00:00,DE,onshore,18.9,72,681.0,13.18,-0.9876883405951375,-0.156434465040231,25.1,49,708.0,7.87,-0.9563047559630352,-0.2923717047227371,27.9,37,767.0,4.64,-0.992546151641322,0.1218693434051476,25.4,47,638.0,6.56,-0.9998476951563912,-0.0174524064372834,6.325000000000003,open-meteo,2026-08-08T09:59:26+00:00
2026-08-06 12:00:00+00:00,DE,onshore,18.7,70,757.0,13.07,-0.9975640502598242,-0.0697564737441255,25.0,47,663.0,7.53,-0.9510565162951536,-0.3090169943749475,28.1,35,757.0,4.91,-0.9961946980917455,0.0871557427476578,25.8,42,795.0,6.97,-0.9986295347545738,0.0523359562429439,6.400000000000002,open-meteo,2026-08-08T09:59:26+00:00
2026-08-06 13:00:00+00:00,DE,onshore,18.7,71,751.0,13.25,-0.9986295347545738,-0.0523359562429443,25.4,42,631.0,7.51,-0.992546151641322,0.1218693434051476,28.0,35,639.0,5.39,-0.8910065241883679,0.4539904997395466,25.8,40,743.0,7.11,-0.992546151641322,0.1218693434051476,6.474999999999998,open-meteo,2026-08-08T09:59:26+00:00
2026-08-06 14:00:00+00:00,DE,onshore,18.9,71,661.0,14.32,-0.9993908270190958,-0.0348994967025007,24.8,43,528.0,9.08,-0.9510565162951536,0.3090169943749472,28.4,33,614.0,5.53,-0.8660254037844386,0.5000000000000001,26.0,37,663.0,8.13,-0.9659258262890684,0.2588190451025203,6.524999999999999,open-meteo,2026-08-08T09:59:26+00:00
2026-08-06 15:00:00+00:00,DE,onshore,18.6,69,568.0,14.5,-1.0,-1.8369701987210287e-16,24.9,39,477.0,7.27,-0.9975640502598244,0.0697564737441252,28.7,29,612.0,5.98,-0.9986295347545738,-0.0523359562429443,25.1,41,472.0,7.59,-0.9563047559630354,0.2923717047227367,6.325000000000003,open-meteo,2026-08-08T09:59:26+00:00
2026-08-06 16:00:00+00:00,DE,onshore,18.7,72,442.0,14.41,-0.9993908270190958,-0.0348994967025007,23.8,42,317.0,10.36,-0.984807753012208,0.1736481776669299,28.1,31,463.0,5.09,-0.981627183447664,0.1908089953765451,24.9,40,316.0,7.32,-0.8829475928589271,0.4694715627858904,5.875,open-meteo,2026-08-08T09:59:26+00:00
2026-08-06 17:00:00+00:00,DE,onshore,18.8,72,266.0,13.52,-0.9998476951563912,0.0174524064372831,22.9,42,194.0,9.2,-0.9781476007338056,0.2079116908177594,26.8,30,312.0,7.41,-0.6946583704589976,0.7193398003386509,24.0,40,233.0,8.61,-0.945518575599317,0.3255681544571563,5.125,open-meteo,2026-08-08T09:59:26+00:00
2026-08-06 18:00:00+00:00,DE,onshore,18.2,81,100.0,12.96,-0.9986295347545738,0.0523359562429439,21.7,46,85.0,7.34,-0.9743700647852352,0.2249510543438649,25.6,32,148.0,6.03,-0.8480480961564262,0.5299192642332047,23.0,44,128.0,5.33,-0.9563047559630354,0.2923717047227367,4.125,open-meteo,2026-08-08T09:59:26+00:00
2026-08-06 19:00:00+00:00,DE,onshore,18.4,76,25.0,11.69,-0.9975640502598244,0.0697564737441252,19.4,60,18.0,6.11,-0.6560590289905074,0.7547095802227719,23.4,34,29.0,6.1,-0.5000000000000004,0.8660254037844384,21.4,47,20.0,5.87,-0.8386705679454243,0.5446390350150266,2.6499999999999986,open-meteo,2026-08-08T09:59:26+00:00
2026-08-06 20:00:00+00:00,DE,onshore,18.1,80,0.0,10.74,-0.9135454576426012,0.4067366430757997,18.1,64,0.0,8.8,-0.6946583704589976,0.7193398003386509,21.7,35,0.0,6.26,-0.6427876096865396,0.7660444431189778,19.2,55,0.0,6.62,-0.8746197071393956,0.4848096202463373,1.275000000000002,open-meteo,2026-08-08T09:59:26+00:00
2026-08-06 21:00:00+00:00,DE,onshore,17.7,73,0.0,9.73,-0.8290375725550416,0.559192903470747,17.0,70,0.0,8.43,-0.9205048534524404,0.3907311284892735,21.3,38,0.0,6.99,-0.1908089953765446,0.981627183447664,18.2,58,0.0,9.8,-0.6018150231520483,0.7986355100472928,0.5500000000000007,open-meteo,2026-08-08T09:59:26+00:00
2026-08-06 22:00:00+00:00,DE,onshore,17.6,71,0.0,10.51,-0.7771459614569708,0.6293203910498375,16.1,71,0.0,9.31,-0.9902680687415704,0.1391731009600654,20.0,43,0.0,4.61,0.2079116908177593,0.9781476007338056,17.6,69,0.0,8.12,-0.3907311284892739,0.9205048534524404,0.1749999999999971,open-meteo,2026-08-08T09:59:26+00:00
2026-08-06 23:00:00+00:00,DE,onshore,17.9,67,0.0,10.55,-0.8571673007021123,0.5150380749100542,15.2,73,0.0,8.24,-0.9986295347545738,0.0523359562429439,18.1,56,0.0,2.17,0.3090169943749474,0.9510565162951536,16.2,78,0.0,5.49,-0.5150380749100545,0.8571673007021121,1.150000000000002,open-meteo,2026-08-08T09:59:26+00:00
2026-08-07 00:00:00+00:00,DE,onshore,17.5,70,0.0,9.38,-0.8480480961564262,0.5299192642332047,14.5,78,0.0,9.01,-1.0,-1.8369701987210287e-16,16.8,59,0.0,1.59,0.1908089953765448,0.981627183447664,15.0,84,0.0,4.71,-0.7071067811865477,0.7071067811865474,2.0500000000000007,open-meteo,2026-08-08T09:59:26+00:00
2026-08-07 01:00:00+00:00,DE,onshore,17.5,68,0.0,8.98,-0.8910065241883679,0.4539904997395466,14.0,84,0.0,8.43,-0.9998476951563912,-0.0174524064372834,15.9,62,0.0,1.36,0.3583679495453002,0.9335804264972016,14.2,86,0.0,5.95,-0.8386705679454243,0.5446390350150266,2.6000000000000014,open-meteo,2026-08-08T09:59:26+00:00
2026-08-07 02:00:00+00:00,DE,onshore,17.4,69,0.0,9.52,-0.9135454576426012,0.4067366430757997,13.8,87,0.0,9.5,-0.9998476951563912,-0.0174524064372834,15.1,63,0.0,2.16,0.0523359562429438,0.9986295347545738,13.5,90,0.0,5.02,-0.9945218953682734,0.1045284632676529,3.0500000000000007,open-meteo,2026-08-08T09:59:26+00:00
2026-08-07 03:00:00+00:00,DE,onshore,17.3,66,0.0,9.51,-0.9063077870366498,0.4226182617406996,13.7,88,0.0,9.12,-0.9986295347545738,0.0523359562429439,14.0,71,0.0,2.15,0.4067366430758002,0.9135454576426008,13.0,86,0.0,7.44,-0.9335804264972016,0.3583679495453004,3.5,open-meteo,2026-08-08T09:59:26+00:00
2026-08-07 04:00:00+00:00,DE,onshore,17.5,67,0.0,10.52,-0.8090169943749476,0.5877852522924729,13.7,89,3.0,7.65,-0.9993908270190958,-0.0348994967025007,13.5,72,0.0,2.37,0.1218693434051474,0.992546151641322,12.2,86,1.0,6.83,-0.9902680687415704,0.1391731009600654,3.774999999999999,open-meteo,2026-08-08T09:59:26+00:00
2026-08-07 05:00:00+00:00,DE,onshore,17.5,64,34.0,8.94,-0.8480480961564262,0.5299192642332047,14.8,85,49.0,7.18,-0.9961946980917455,-0.0871557427476582,13.6,75,27.0,2.15,0.4067366430758002,0.9135454576426008,12.9,82,58.0,7.18,-0.9961946980917455,0.0871557427476578,3.3000000000000007,open-meteo,2026-08-08T09:59:26+00:00
2026-08-07 06:00:00+00:00,DE,onshore,17.0,64,124.0,8.43,-0.8571673007021123,0.5150380749100542,16.0,79,182.0,6.77,-0.9986295347545738,0.0523359562429439,16.4,66,148.0,1.52,0.2588190451025207,0.9659258262890684,14.9,76,168.0,4.7,-0.9998476951563912,0.0174524064372831,1.9250000000000007,open-meteo,2026-08-08T09:59:26+00:00
2026-08-07 07:00:00+00:00,DE,onshore,17.0,61,302.0,7.75,-0.9335804264972016,0.3583679495453004,16.9,71,324.0,7.89,-0.9702957262759966,0.2419218955996674,19.7,47,311.0,2.32,0.4694715627858908,0.882947592858927,16.1,73,186.0,4.48,-0.984807753012208,0.1736481776669299,0.5750000000000028,open-meteo,2026-08-08T09:59:26+00:00
2026-08-07 08:00:00+00:00,DE,onshore,17.0,64,430.0,7.97,-0.9612616959383188,0.2756373558169994,17.8,64,445.0,7.32,-0.9781476007338056,0.2079116908177594,21.2,44,479.0,2.15,0.4999999999999999,0.8660254037844387,17.6,68,301.0,4.43,-0.9510565162951536,0.3090169943749472,0.3999999999999986,open-meteo,2026-08-08T09:59:26+00:00
2026-08-07 09:00:00+00:00,DE,onshore,17.4,61,533.0,6.94,-0.9612616959383188,0.2756373558169994,17.9,62,580.0,7.37,-0.9702957262759966,0.2419218955996674,23.6,35,630.0,1.8,0.8746197071393957,0.4848096202463371,18.1,62,366.0,4.61,-0.7880107536067218,0.6156614753256585,1.25,open-meteo,2026-08-08T09:59:26+00:00
2026-08-07 10:00:00+00:00,DE,onshore,17.5,63,218.0,7.72,-0.9135454576426012,0.4067366430757997,18.3,56,476.0,7.68,-0.9702957262759966,0.2419218955996674,25.2,30,744.0,2.53,0.8090169943749475,0.5877852522924731,19.1,57,447.0,4.56,-0.9063077870366498,0.4226182617406996,2.0249999999999986,open-meteo,2026-08-08T09:59:26+00:00
2026-08-07 11:00:00+00:00,DE,onshore,17.2,65,356.0,6.75,-0.9743700647852352,0.2249510543438649,18.2,55,371.0,7.04,-0.9743700647852352,0.2249510543438649,26.3,28,802.0,2.31,0.5877852522924731,0.8090169943749475,19.8,54,381.0,5.42,-0.9396926207859084,0.342020143325669,2.375,open-meteo,2026-08-08T09:59:26+00:00
2026-08-07 12:00:00+00:00,DE,onshore,17.1,69,722.0,5.77,-0.984807753012208,0.1736481776669299,18.5,53,421.0,6.84,-0.9135454576426012,0.4067366430757997,26.9,28,849.0,2.86,0.374606593415912,0.9271838545667874,19.9,55,412.0,4.22,-0.8571673007021123,0.5150380749100542,2.6000000000000014,open-meteo,2026-08-08T09:59:26+00:00
2026-08-07 13:00:00+00:00,DE,onshore,17.5,64,475.0,6.83,-0.9902680687415704,0.1391731009600654,18.7,51,347.0,7.36,-0.984807753012208,0.1736481776669299,27.6,29,825.0,2.88,0.3090169943749474,0.9510565162951536,20.2,51,294.0,5.08,-0.8829475928589271,0.4694715627858904,3.0,open-meteo,2026-08-08T09:59:26+00:00
2026-08-07 14:00:00+00:00,DE,onshore,17.6,64,597.0,7.19,-0.9563047559630354,0.2923717047227367,18.6,52,240.0,6.37,-0.9205048534524404,0.3907311284892735,28.0,28,751.0,2.17,0.3090169943749474,0.9510565162951536,20.2,51,242.0,5.69,-0.7431448254773946,0.6691306063588578,3.1000000000000014,open-meteo,2026-08-08T09:59:26+00:00
2026-08-07 15:00:00+00:00,DE,onshore,17.6,65,525.0,6.23,-0.945518575599317,0.3255681544571563,19.6,46,254.0,7.01,-0.9781476007338056,0.2079116908177594,28.2,27,632.0,3.47,0.6819983600624985,0.7313537016191705,19.6,55,187.0,4.74,-0.5000000000000004,0.8660254037844384,3.25,open-meteo,2026-08-08T09:59:26+00:00
2026-08-07 16:00:00+00:00,DE,onshore,17.7,66,444.0,6.88,-0.981627183447664,0.1908089953765451,19.1,48,308.0,7.42,-0.9781476007338056,0.2079116908177594,27.8,29,457.0,4.71,-0.3583679495453007,0.9335804264972016,19.4,54,173.0,4.47,-0.6156614753256582,0.7880107536067221,3.0,open-meteo,2026-08-08T09:59:26+00:00
2026-08-07 17:00:00+00:00,DE,onshore,18.0,64,312.0,5.99,-0.9659258262890684,0.2588190451025203,18.7,49,227.0,6.82,-0.9510565162951536,0.3090169943749472,26.8,30,301.0,3.81,-0.4383711467890778,0.8987940462991668,19.0,58,135.0,4.64,-0.7193398003386512,0.6946583704589973,2.625,open-meteo,2026-08-08T09:59:26+00:00
2026-08-07 18:00:00+00:00,DE,onshore,18.2,61,175.0,5.61,-0.9612616959383188,0.2756373558169994,17.6,58,125.0,5.68,-0.9659258262890684,0.2588190451025203,25.3,32,148.0,5.49,-0.2756373558169989,0.9612616959383188,18.8,53,56.0,5.43,-0.5591929034707466,0.8290375725550418,1.974999999999998,open-meteo,2026-08-08T09:59:26+00:00
2026-08-07 19:00:00+00:00,DE,onshore,18.1,64,48.0,5.02,-0.9945218953682734,0.1045284632676529,15.7,63,19.0,5.47,-0.6946583704589976,0.7193398003386509,23.2,37,26.0,7.54,0.0174524064372835,0.9998476951563912,17.5,64,15.0,3.86,-0.4539904997395469,0.8910065241883678,0.625,open-meteo,2026-08-08T09:59:26+00:00
2026-08-07 20:00:00+00:00,DE,onshore,18.1,65,0.0,5.19,-0.9998476951563912,0.0174524064372831,14.8,67,0.0,5.56,-0.7547095802227722,0.656059028990507,22.0,39,0.0,6.87,0.2419218955996677,0.9702957262759964,16.1,71,0.0,2.68,-0.4067366430758001,0.9135454576426008,0.25,open-meteo,2026-08-08T09:59:26+00:00
2026-08-07 21:00:00+00:00,DE,onshore,18.1,66,0.0,4.66,-0.9659258262890684,-0.2588190451025206,14.3,73,0.0,4.13,-0.9271838545667874,0.3746065934159119,21.1,39,0.0,5.06,0.2588190451025207,0.9659258262890684,16.0,74,0.0,2.02,-0.4848096202463369,0.8746197071393959,0.625,open-meteo,2026-08-08T09:59:26+00:00
2026-08-07 22:00:00+00:00,DE,onshore,18.2,65,0.0,4.8,-0.9993908270190958,0.0348994967025012,14.0,76,0.0,4.23,-0.9743700647852352,0.2249510543438649,19.8,44,0.0,3.11,0.224951054343865,0.9743700647852352,14.3,83,0.0,1.36,-0.8660254037844386,0.5000000000000001,1.4250000000000007,open-meteo,2026-08-08T09:59:26+00:00
2026-08-07 23:00:00+00:00,DE,onshore,18.3,66,0.0,4.72,-0.9961946980917455,-0.0871557427476582,14.3,77,0.0,4.22,-0.9975640502598242,-0.0697564737441255,18.9,49,0.0,3.07,0.374606593415912,0.9271838545667874,14.0,84,0.0,2.24,-0.4848096202463369,0.8746197071393959,1.625,open-meteo,2026-08-08T09:59:26+00:00
2026-08-08 00:00:00+00:00,DE,onshore,18.4,65,0.0,5.61,-0.9455185755993168,-0.3255681544571566,14.3,80,0.0,4.11,-0.9781476007338056,0.2079116908177594,16.4,58,0.0,3.04,0.2588190451025207,0.9659258262890684,14.0,87,0.0,1.81,-0.2249510543438653,0.9743700647852352,2.225,open-meteo,2026-08-08T09:59:26+00:00
2026-08-08 01:00:00+00:00,DE,onshore,18.2,70,0.0,5.29,-0.9993908270190958,-0.0348994967025007,13.5,81,0.0,5.31,-0.8660254037844386,0.5000000000000001,17.1,51,0.0,4.3,0.4067366430758002,0.9135454576426008,13.2,90,0.0,2.38,-0.1564344650402311,0.9876883405951375,2.5,open-meteo,2026-08-08T09:59:26+00:00
2026-08-08 02:00:00+00:00,DE,onshore,18.3,69,0.0,4.52,-0.9510565162951536,-0.3090169943749475,12.4,87,0.0,5.3,-0.8290375725550416,0.559192903470747,16.8,53,0.0,3.91,0.374606593415912,0.9271838545667874,13.3,89,0.0,1.93,0.4067366430758002,0.9135454576426008,2.8000000000000007,open-meteo,2026-08-08T09:59:26+00:00
2026-08-08 03:00:00+00:00,DE,onshore,18.4,65,0.0,3.99,-0.90630778703665,-0.4226182617406991,11.2,92,0.0,5.13,-0.8746197071393956,0.4848096202463373,14.9,59,0.0,3.55,0.4694715627858908,0.882947592858927,13.8,86,0.0,2.24,0.3907311284892737,0.9205048534524404,3.4250000000000007,open-meteo,2026-08-08T09:59:26+00:00
2026-08-08 04:00:00+00:00,DE,onshore,18.4,66,0.0,3.84,-0.7880107536067221,-0.6156614753256581,10.7,93,4.0,4.8,-0.9563047559630354,0.2923717047227367,13.7,65,0.0,2.85,0.4539904997395468,0.8910065241883679,13.0,89,1.0,1.81,0.754709580222772,0.6560590289905073,4.050000000000001,open-meteo,2026-08-08T09:59:26+00:00
2026-08-08 05:00:00+00:00,DE,onshore,18.1,70,24.0,4.35,-0.9205048534524404,-0.3907311284892738,11.6,91,71.0,4.03,-0.9510565162951536,0.3090169943749472,13.3,70,26.0,3.32,0.5591929034707469,0.8290375725550417,12.8,91,57.0,1.55,0.8191520442889918,0.573576436351046,4.050000000000001,open-meteo,2026-08-08T09:59:26+00:00
2026-08-08 06:00:00+00:00,DE,onshore,18.1,71,132.0,4.57,-0.7071067811865475,-0.7071067811865477,14.0,77,204.0,3.35,-0.9659258262890684,0.2588190451025203,16.8,56,143.0,2.67,0.5877852522924731,0.8090169943749475,14.7,78,185.0,1.67,0.9335804264972016,0.3583679495453004,2.099999999999998,open-meteo,2026-08-08T09:59:26+00:00
2026-08-08 07:00:00+00:00,DE,onshore,17.9,74,270.0,4.3,-0.6819983600624984,-0.7313537016191706,15.8,72,356.0,2.38,-0.9876883405951378,0.1564344650402306,19.0,47,302.0,2.2,0.848048096156426,0.5299192642332049,16.7,67,341.0,1.1,0.984807753012208,0.1736481776669304,0.6499999999999986,open-meteo,2026-08-08T09:59:26+00:00
2026-08-08 08:00:00+00:00,DE,onshore,17.9,76,446.0,3.83,-0.5299192642332048,-0.8480480961564261,17.4,64,503.0,2.09,-0.981627183447664,0.1908089953765451,21.5,41,472.0,2.02,0.9702957262759964,0.2419218955996676,18.5,56,494.0,1.19,0.9876883405951378,-0.1564344650402308,0.8249999999999993,open-meteo,2026-08-08T09:59:26+00:00
2026-08-08 09:00:00+00:00,DE,onshore,18.0,73,558.0,3.35,-0.3583679495453004,-0.9335804264972016,18.7,55,629.0,1.9,-0.9781476007338056,0.2079116908177594,24.1,37,623.0,2.65,0.9975640502598242,0.0697564737441252,20.0,48,628.0,0.84,0.9335804264972016,-0.3583679495453002,2.200000000000003,open-meteo,2026-08-08T09:59:26+00:00
2026-08-08 10:00:00+00:00,DE,onshore,18.2,69,682.0,3.07,-0.374606593415912,-0.9271838545667874,19.8,49,726.0,1.69,-0.984807753012208,0.1736481776669299,26.5,34,742.0,2.95,0.9659258262890684,0.2588190451025207,21.2,45,728.0,0.77,0.766044443118978,-0.6427876096865394,3.4250000000000007,open-meteo,2026-08-08T09:59:26+00:00
2026-08-08 11:00:00+00:00,DE,onshore,18.4,67,758.0,3.05,-0.7071067811865475,-0.7071067811865477,20.7,48,775.0,1.4,-0.9781476007338056,0.2079116908177594,28.3,33,817.0,3.07,0.8910065241883679,0.4539904997395468,22.2,43,787.0,0.28,0.7071067811865476,-0.7071067811865475,4.399999999999999,open-meteo,2026-08-08T09:59:26+00:00
2026-08-08 12:00:00+00:00,DE,onshore,18.6,69,783.0,2.19,-0.8910065241883678,-0.4539904997395469,21.2,45,640.0,2.02,-0.8746197071393956,0.4848096202463373,30.3,29,843.0,2.55,0.9205048534524404,0.3907311284892737,22.9,41,806.0,0.22,-0.8910065241883678,-0.4539904997395469,5.25,open-meteo,2026-08-08T09:59:26+00:00
2026-08-08 13:00:00+00:00,DE,onshore,18.9,65,763.0,0.71,-0.2756373558169989,0.9612616959383188,22.0,41,644.0,1.43,-0.961261695938319,-0.2756373558169989,31.1,24,819.0,3.51,0.8660254037844387,-0.4999999999999998,23.6,39,776.0,0.75,-0.9205048534524404,0.3907311284892735,5.899999999999999,open-meteo,2026-08-08T09:59:26+00:00
2026-08-08 14:00:00+00:00,DE,onshore,18.9,66,696.0,2.06,-2.4492935982947064e-16,1.0,22.4,40,601.0,0.59,-2.4492935982947064e-16,1.0,31.3,23,747.0,1.06,0.5591929034707469,0.8290375725550417,23.9,39,658.0,2.49,0.7071067811865475,0.7071067811865476,6.125,open-meteo,2026-08-08T09:59:26+00:00
2026-08-08 15:00:00+00:00,DE,onshore,19.3,61,595.0,2.87,-0.1391731009600658,0.9902680687415704,22.5,42,457.0,1.23,0.484809620246337,0.8746197071393957,31.5,24,631.0,1.77,0.9945218953682732,0.1045284632676534,24.1,34,569.0,1.87,0.6819983600624985,0.7313537016191705,6.350000000000001,open-meteo,2026-08-08T09:59:26+00:00
2026-08-08 16:00:00+00:00,DE,onshore,19.5,59,464.0,2.88,0.1736481776669303,0.984807753012208,22.0,44,306.0,2.11,0.224951054343865,0.9743700647852352,31.4,23,483.0,3.7,0.8480480961564261,-0.5299192642332048,23.9,38,426.0,3.5,0.9510565162951536,-0.3090169943749473,6.200000000000003,open-meteo,2026-08-08T09:59:26+00:00
2026-08-08 17:00:00+00:00,DE,onshore,19.7,60,318.0,3.46,0.1391731009600654,0.9902680687415704,21.6,44,252.0,1.89,0.3583679495453002,0.9335804264972016,30.7,24,316.0,0.14,0.7071067811865476,-0.7071067811865475,23.3,39,271.0,3.61,0.9743700647852352,-0.224951054343865,5.824999999999999,open-meteo,2026-08-08T09:59:26+00:00
2026-08-08 18:00:00+00:00,DE,onshore,20.1,60,169.0,3.24,0.4226182617406994,0.90630778703665,20.5,52,118.0,2.08,0.754709580222772,0.6560590289905073,28.9,27,151.0,3.88,0.9612616959383188,0.2756373558169991,22.2,42,133.0,5.17,0.984807753012208,-0.1736481776669303,4.925000000000001,open-meteo,2026-08-08T09:59:26+00:00
2026-08-08 19:00:00+00:00,DE,onshore,20.2,62,47.0,3.61,0.7313537016191705,0.6819983600624985,18.0,61,19.0,2.55,1.0,6.123233995736766e-17,25.4,36,26.0,5.92,0.9612616959383188,0.2756373558169991,19.4,49,22.0,6.06,0.9702957262759964,-0.2419218955996677,2.75,open-meteo,2026-08-08T09:59:26+00:00
2026-08-08 20:00:00+00:00,DE,onshore,20.5,61,0.0,4.17,0.8660254037844386,0.5000000000000001,15.8,71,0.0,3.4,0.7193398003386511,-0.6946583704589974,23.9,37,0.0,5.78,0.9993908270190958,-0.0348994967025009,17.5,60,0.0,6.73,0.9612616959383188,-0.275637355816999,1.4249999999999972,open-meteo,2026-08-08T09:59:26+00:00
2026-08-08 21:00:00+00:00,DE,onshore,20.1,65,0.0,5.09,0.9205048534524404,0.3907311284892737,14.5,75,0.0,5.02,0.6293203910498374,-0.7771459614569709,22.3,49,0.0,4.62,0.8480480961564261,-0.5299192642332048,16.4,66,0.0,6.33,0.9271838545667874,-0.374606593415912,0.3250000000000028,open-meteo,2026-08-08T09:59:26+00:00
2026-08-08 22:00:00+00:00,DE,onshore,19.8,72,0.0,5.92,0.992546151641322,0.1218693434051474,13.7,77,0.0,6.25,0.5735764363510459,-0.8191520442889919,20.7,55,0.0,4.23,0.6946583704589971,-0.7193398003386513,15.5,70,0.0,6.45,0.8660254037844387,-0.4999999999999998,0.5749999999999993,open-meteo,2026-08-08T09:59:26+00:00
2026-08-08 23:00:00+00:00,DE,onshore,19.6,75,0.0,6.17,0.6819983600624986,-0.7313537016191705,13.3,77,0.0,6.63,0.6156614753256584,-0.7880107536067219,20.0,59,0.0,4.3,0.7313537016191706,-0.6819983600624984,14.8,74,0.0,6.94,0.8571673007021123,-0.5150380749100543,1.0749999999999993,open-meteo,2026-08-08T09:59:26+00:00
2026-08-09 00:00:00+00:00,DE,onshore,20.0,67,0.0,7.47,0.6156614753256584,-0.7880107536067219,13.2,76,0.0,7.43,0.5877852522924732,-0.8090169943749473,19.5,62,0.0,3.88,0.6819983600624986,-0.7313537016191705,14.2,76,0.0,7.12,0.8290375725550417,-0.5591929034707467,1.2749999999999986,open-meteo,2026-08-08T09:59:26+00:00
2026-08-09 01:00:00+00:00,DE,onshore,19.1,70,0.0,9.16,0.5735764363510459,-0.8191520442889919,13.0,77,0.0,7.64,0.5446390350150273,-0.8386705679454239,18.6,65,0.0,3.67,0.7193398003386511,-0.6946583704589974,13.8,78,0.0,7.64,0.8090169943749475,-0.587785252292473,1.875,open-meteo,2026-08-08T09:59:26+00:00
2026-08-09 02:00:00+00:00,DE,onshore,18.8,69,0.0,9.33,0.5877852522924732,-0.8090169943749473,12.7,78,0.0,8.29,0.5446390350150273,-0.8386705679454239,17.8,69,0.0,3.81,0.6946583704589971,-0.7193398003386513,13.6,77,0.0,8.16,0.777145961456971,-0.6293203910498373,2.2750000000000004,open-meteo,2026-08-08T09:59:26+00:00
2026-08-09 03:00:00+00:00,DE,onshore,18.5,68,0.0,8.69,0.6427876096865395,-0.7660444431189779,12.7,77,0.0,8.63,0.4694715627858907,-0.882947592858927,17.0,72,0.0,3.75,0.6560590289905073,-0.754709580222772,13.2,79,0.0,7.62,0.7986355100472927,-0.6018150231520484,2.6499999999999986,open-meteo,2026-08-08T09:59:26+00:00
2026-08-09 04:00:00+00:00,DE,onshore,18.0,69,0.0,8.23,0.6156614753256584,-0.7880107536067219,12.6,78,3.0,8.46,0.4539904997395468,-0.8910065241883678,16.3,75,0.0,3.23,0.5735764363510459,-0.8191520442889919,12.7,83,1.0,7.37,0.8090169943749475,-0.587785252292473,3.099999999999998,open-meteo,2026-08-08T09:59:26+00:00
2026-08-09 05:00:00+00:00,DE,onshore,17.7,70,36.0,7.92,0.5877852522924732,-0.8090169943749473,13.8,74,65.0,8.69,0.4999999999999999,-0.8660254037844387,16.4,77,23.0,2.77,0.529919264233205,-0.848048096156426,13.5,80,51.0,6.64,0.7986355100472927,-0.6018150231520484,2.6500000000000004,open-meteo,2026-08-08T09:59:26+00:00
2026-08-09 06:00:00+00:00,DE,onshore,17.4,72,123.0,7.16,0.4999999999999999,-0.8660254037844387,15.7,68,186.0,8.53,0.5591929034707469,-0.8290375725550416,19.0,68,137.0,2.42,0.529919264233205,-0.848048096156426,15.5,72,173.0,5.59,0.788010753606722,-0.6156614753256583,1.1000000000000014,open-meteo,2026-08-08T09:59:26+00:00
2026-08-09 07:00:00+00:00,DE,onshore,17.6,72,237.0,6.09,0.4694715627858907,-0.882947592858927,17.7,61,328.0,6.25,0.6560590289905073,-0.754709580222772,23.5,52,296.0,1.93,0.4999999999999999,-0.8660254037844387,17.8,65,323.0,3.63,0.788010753606722,-0.6156614753256583,1.1499999999999986,open-meteo,2026-08-08T09:59:26+00:00
2026-08-09 08:00:00+00:00,DE,onshore,18.1,71,330.0,4.82,0.4539904997395468,-0.8910065241883678,19.5,57,481.0,6.75,0.6427876096865395,-0.7660444431189779,26.6,44,464.0,1.12,0.6156614753256584,-0.7880107536067219,20.4,59,474.0,3.88,0.7313537016191706,-0.6819983600624984,3.1499999999999986,open-meteo,2026-08-08T09:59:26+00:00
2026-08-09 09:00:00+00:00,DE,onshore,18.9,69,429.0,3.66,0.1391731009600653,-0.9902680687415704,21.4,52,620.0,6.51,0.6018150231520482,-0.7986355100472929,29.9,35,613.0,0.9,0.2249510543438652,-0.9743700647852352,23.0,54,598.0,4.25,0.6156614753256584,-0.7880107536067219,5.299999999999997,open-meteo,2026-08-08T09:59:26+00:00
2026-08-09 10:00:00+00:00,DE,onshore,19.4,69,650.0,2.59,-0.4226182617406993,-0.90630778703665,23.4,49,718.0,6.49,0.5591929034707469,-0.8290375725550416,32.6,25,731.0,1.63,-0.8386705679454242,-0.544639035015027,26.1,45,693.0,4.91,0.4848096202463371,-0.8746197071393957,7.375,open-meteo,2026-08-08T09:59:26+00:00
2026-08-09 11:00:00+00:00,DE,onshore,19.8,70,732.0,2.84,-0.6946583704589974,-0.7193398003386511,25.0,46,765.0,6.5,0.5150380749100544,-0.8571673007021122,34.2,18,804.0,1.86,-1.0,-1.8369701987210287e-16,28.5,37,767.0,5.09,0.3907311284892737,-0.9205048534524404,8.875,open-meteo,2026-08-08T09:59:26+00:00
2026-08-09 12:00:00+00:00,DE,onshore,19.9,72,772.0,3.2,-0.9205048534524404,-0.3907311284892738,26.3,44,716.0,7.02,0.3907311284892737,-0.9205048534524404,35.0,21,816.0,1.67,-1.0,-1.8369701987210287e-16,30.2,33,784.0,4.91,0.0871557427476582,-0.9961946980917455,9.85,open-meteo,2026-08-08T09:59:26+00:00
2026-08-09 13:00:00+00:00,DE,onshore,20.0,74,755.0,3.46,-0.9902680687415704,-0.1391731009600658,27.8,40,737.0,7.06,0.2419218955996677,-0.9702957262759964,35.3,24,785.0,2.73,-0.9335804264972016,0.3583679495453004,31.4,31,754.0,4.37,-0.275637355816999,-0.9612616959383188,10.625,open-meteo,2026-08-08T09:59:26+00:00
2026-08-09 14:00:00+00:00,DE,onshore,20.2,71,690.0,4.21,-0.9998476951563912,-0.0174524064372834,28.7,38,644.0,7.35,0.0348994967025011,-0.9993908270190958,35.6,19,701.0,5.52,-0.9945218953682734,0.1045284632676529,32.3,29,678.0,3.78,-0.3583679495453004,-0.9335804264972016,11.2,open-meteo,2026-08-08T09:59:26+00:00
2026-08-09 15:00:00+00:00,DE,onshore,20.3,73,585.0,4.75,-0.9702957262759966,0.2419218955996674,29.6,33,516.0,6.45,-0.3420201433256686,-0.9396926207859084,34.8,19,527.0,6.61,-0.9335804264972016,0.3583679495453004,32.4,29,530.0,1.81,-0.9743700647852352,0.2249510543438649,11.275,open-meteo,2026-08-08T09:59:26+00:00
2026-08-09 16:00:00+00:00,DE,onshore,20.5,73,448.0,4.98,-0.984807753012208,0.1736481776669299,29.5,35,406.0,6.1,-0.3255681544571567,-0.9455185755993168,31.2,26,312.0,14.52,-0.8480480961564262,0.5299192642332047,31.6,32,326.0,3.65,-0.8571673007021123,0.5150380749100542,10.200000000000005,open-meteo,2026-08-08T09:59:26+00:00
2026-08-09 17:00:00+00:00,DE,onshore,20.7,73,308.0,4.37,-0.9876883405951378,0.1564344650402306,28.9,37,258.0,6.28,0.0697564737441255,-0.9975640502598242,28.0,36,132.0,8.34,-0.4067366430758001,0.9135454576426008,30.5,32,192.0,6.55,-0.9271838545667874,0.3746065934159119,9.025,open-meteo,2026-08-08T09:59:26+00:00
2026-08-09 18:00:00+00:00,DE,onshore,20.8,71,162.0,3.92,-0.9998476951563912,-0.0174524064372834,27.3,42,105.0,6.88,-0.0697564737441252,-0.9975640502598242,27.1,40,51.0,3.1,-0.9510565162951536,0.3090169943749472,29.1,37,81.0,5.52,-0.9945218953682734,0.1045284632676529,8.075000000000003,open-meteo,2026-08-08T09:59:26+00:00
2026-08-09 19:00:00+00:00,DE,onshore,21.0,68,43.0,3.96,-0.9876883405951375,-0.156434465040231,24.2,53,14.0,6.68,-0.2419218955996675,-0.9702957262759964,24.3,50,20.0,3.69,-0.981627183447664,0.1908089953765451,26.3,43,15.0,7.44,-0.9876883405951378,0.1564344650402306,5.949999999999999,open-meteo,2026-08-08T09:59:26+00:00
2026-08-09 20:00:00+00:00,DE,onshore,21.2,65,0.0,3.5,-0.9510565162951536,-0.3090169943749475,23.6,56,0.0,3.77,-0.882947592858927,-0.4694715627858907,22.6,59,0.0,3.2,-0.8910065241883678,-0.4539904997395469,23.8,48,0.0,7.42,-0.6819983600624984,0.7313537016191707,4.800000000000001,open-meteo,2026-08-08T09:59:26+00:00
2026-08-09 21:00:00+00:00,DE,onshore,21.2,67,0.0,3.9,-0.90630778703665,-0.4226182617406991,22.1,60,0.0,4.35,-0.9205048534524404,-0.3907311284892738,22.3,61,0.0,2.91,-0.7071067811865475,-0.7071067811865477,22.1,53,0.0,6.74,-0.7547095802227722,0.656059028990507,3.924999999999997,open-meteo,2026-08-08T09:59:26+00:00
2026-08-09 22:00:00+00:00,DE,onshore,21.3,68,0.0,4.9,-0.961261695938319,-0.2756373558169989,20.3,66,0.0,7.76,-0.984807753012208,0.1736481776669299,22.2,63,0.0,2.65,-0.0348994967025009,-0.9993908270190958,20.8,57,0.0,7.15,-0.4848096202463369,0.8746197071393959,3.1499999999999986,open-meteo,2026-08-08T09:59:26+00:00
2026-08-09 23:00:00+00:00,DE,onshore,21.1,72,0.0,4.74,-0.913545457642601,-0.4067366430758001,18.9,69,0.0,8.11,-0.7313537016191703,0.6819983600624987,21.7,65,0.0,2.77,0.3907311284892737,-0.9205048534524404,19.5,63,0.0,5.12,-0.0871557427476583,0.9961946980917455,2.3000000000000007,open-meteo,2026-08-08T09:59:26+00:00
2026-08-10 00:00:00+00:00,DE,onshore,21.7,76,0.0,5.61,-0.8910065241883678,-0.4539904997395469,20.3,58,0.0,5.49,-0.6427876096865396,0.7660444431189778,18.8,64,0.0,1.67,-0.9335804264972016,0.3583679495453004,22.6,52,0.0,5.52,-0.544639035015027,0.838670567945424,2.8500000000000014,open-meteo,2026-08-10T17:23:09+00:00
2026-08-10 01:00:00+00:00,DE,onshore,21.1,81,0.0,5.42,-0.9563047559630354,0.2923717047227367,19.6,57,0.0,5.06,-0.5877852522924734,0.8090169943749473,18.5,66,0.0,0.81,-0.9702957262759964,-0.2419218955996677,21.6,57,0.0,6.05,-0.4226182617406992,0.90630778703665,2.200000000000003,open-meteo,2026-08-10T17:23:09+00:00
2026-08-10 02:00:00+00:00,DE,onshore,20.4,79,0.0,4.78,-0.7313537016191703,0.6819983600624986,19.0,61,0.0,6.12,-0.7660444431189781,0.6427876096865393,18.0,68,0.0,0.6,0.1564344650402309,-0.9876883405951375,20.9,58,0.0,5.76,-0.5735764363510465,0.8191520442889916,1.5749999999999993,open-meteo,2026-08-10T17:23:09+00:00
2026-08-10 03:00:00+00:00,DE,onshore,19.9,80,0.0,4.52,-0.4067366430758001,0.913545457642601,18.8,61,0.0,4.62,-0.8480480961564262,0.5299192642332047,17.5,75,0.0,1.15,-0.3420201433256686,-0.9396926207859084,19.9,68,0.0,3.51,-0.5877852522924734,0.8090169943749473,1.0249999999999986,open-meteo,2026-08-10T17:23:09+00:00
2026-08-10 04:00:00+00:00,DE,onshore,19.4,87,0.0,4.67,-0.1736481776669304,0.984807753012208,18.2,64,1.0,4.34,-0.90630778703665,0.4226182617406996,16.3,82,0.0,0.98,1.2246467991473532e-16,-1.0,19.6,70,0.0,2.6,-0.9396926207859084,0.342020143325669,0.375,open-meteo,2026-08-10T10:11:08+00:00
2026-08-10 05:00:00+00:00,DE,onshore,19.5,75,11.0,6.03,0.1218693434051474,0.992546151641322,17.9,70,32.0,4.17,-0.9876883405951378,0.1564344650402306,17.1,77,21.0,1.06,-0.374606593415912,-0.9271838545667874,19.8,69,16.0,2.46,-0.874619707139396,-0.4848096202463368,0.5749999999999993,open-meteo,2026-08-10T10:11:08+00:00
2026-08-10 06:00:00+00:00,DE,onshore,18.6,80,26.0,7.17,0.0697564737441253,0.9975640502598242,18.5,68,63.0,4.61,-0.9781476007338056,-0.2079116908177598,19.2,62,113.0,1.61,-0.6156614753256582,-0.788010753606722,21.3,65,110.0,3.94,-0.5735764363510462,-0.8191520442889918,1.3999999999999986,open-meteo,2026-08-10T17:23:09+00:00
2026-08-10 07:00:00+00:00,DE,onshore,17.7,86,35.0,5.89,-0.0697564737441256,0.9975640502598242,20.3,65,166.0,3.13,-0.848048096156426,-0.529919264233205,22.7,50,283.0,1.67,-0.882947592858927,-0.4694715627858907,23.8,55,321.0,3.26,-0.275637355816999,-0.9612616959383188,3.125,open-meteo,2026-08-10T17:23:09+00:00
2026-08-10 08:00:00+00:00,DE,onshore,17.7,87,69.0,3.26,-0.3583679495453007,0.9335804264972016,23.1,54,429.0,3.26,-0.656059028990507,-0.7547095802227721,27.7,37,457.0,0.71,-0.961261695938319,-0.2756373558169989,25.9,46,475.0,4.65,-0.3090169943749473,-0.9510565162951536,5.600000000000001,open-meteo,2026-08-10T17:23:09+00:00
2026-08-10 09:00:00+00:00,DE,onshore,17.8,84,163.0,4.04,-0.9945218953682734,-0.1045284632676533,24.6,42,521.0,2.72,-0.8660254037844384,-0.5000000000000004,31.1,31,609.0,2.16,-1.0,-1.8369701987210294e-16,27.6,38,456.0,5.66,-0.5000000000000001,-0.8660254037844386,7.274999999999999,open-meteo,2026-08-10T17:23:09+00:00
2026-08-10 10:00:00+00:00,DE,onshore,18.0,78,321.0,8.51,-0.7880107536067218,0.6156614753256585,17.5,82,199.0,6.57,-0.3420201433256686,0.9396926207859084,32.0,35,668.0,7.01,-0.992546151641322,-0.1218693434051471,23.5,56,381.0,6.67,-0.6427876096865396,0.7660444431189778,4.75,open-meteo,2026-08-08T09:59:26+00:00
2026-08-10 11:00:00+00:00,DE,onshore,18.2,73,460.0,8.11,-0.7986355100472932,0.6018150231520479,17.0,89,169.0,4.5,-0.1908089953765446,0.981627183447664,32.9,32,725.0,7.06,-0.9993908270190958,-0.0348994967025007,21.3,65,353.0,8.06,-0.4383711467890778,0.8987940462991668,4.349999999999998,open-meteo,2026-08-08T09:59:26+00:00
2026-08-10 12:00:00+00:00,DE,onshore,18.4,75,425.0,9.29,-0.6691306063588581,0.7431448254773942,19.4,70,168.0,7.73,-0.2079116908177598,0.9781476007338056,33.9,28,788.0,6.82,-0.9612616959383188,0.2756373558169994,28.9,34,615.0,8.28,-0.9563047559630354,0.2923717047227367,7.149999999999999,open-meteo,2026-08-10T17:23:09+00:00
2026-08-10 13:00:00+00:00,DE,onshore,18.5,70,680.0,9.9,-0.5877852522924734,0.8090169943749473,17.8,87,117.0,2.79,0.3090169943749474,0.9510565162951536,34.3,25,713.0,7.51,-0.992546151641322,0.1218693434051476,27.6,39,481.0,7.98,-0.7431448254773946,0.6691306063588578,6.549999999999997,open-meteo,2026-08-10T17:23:09+00:00
2026-08-10 14:00:00+00:00,DE,onshore,18.3,72,634.0,9.33,-0.8090169943749476,0.5877852522924729,18.4,82,207.0,5.77,-0.984807753012208,0.1736481776669299,34.1,27,605.0,7.38,-0.981627183447664,0.1908089953765451,20.3,71,220.0,6.41,-0.7771459614569708,0.6293203910498375,4.775000000000002,open-meteo,2026-08-08T09:59:26+00:00
2026-08-10 15:00:00+00:00,DE,onshore,18.1,74,501.0,9.12,-0.7771459614569708,0.6293203910498375,18.4,85,252.0,6.63,-0.945518575599317,0.3255681544571563,33.9,26,569.0,7.23,-0.9612616959383188,0.2756373558169994,20.7,69,224.0,7.76,-0.9063077870366498,0.4226182617406996,4.775000000000002,open-meteo,2026-08-08T09:59:26+00:00
2026-08-10 16:00:00+00:00,DE,onshore,17.9,75,384.0,8.8,-0.6946583704589976,0.7193398003386509,18.4,81,231.0,7.14,-0.8910065241883679,0.4539904997395466,33.3,26,412.0,6.64,-0.9271838545667874,0.3746065934159119,21.0,68,167.0,6.93,-0.9063077870366498,0.4226182617406996,4.649999999999999,open-meteo,2026-08-08T09:59:26+00:00
2026-08-10 17:00:00+00:00,DE,onshore,17.7,69,297.0,10.54,-0.6691306063588581,0.7431448254773942,19.5,74,201.0,7.12,-0.8480480961564262,0.5299192642332047,32.6,24,268.0,6.91,-0.9510565162951536,0.3090169943749472,23.1,52,255.0,7.26,-0.5735764363510465,0.8191520442889916,5.225000000000001,open-meteo,2026-08-10T10:11:08+00:00
2026-08-10 18:00:00+00:00,DE,onshore,17.9,66,147.0,11.84,-0.7771459614569708,0.6293203910498375,18.7,77,106.0,6.72,-0.8571673007021123,0.5150380749100542,31.2,26,134.0,6.82,-0.9335804264972016,0.3583679495453004,22.5,56,122.0,5.83,-0.6691306063588581,0.7431448254773942,4.574999999999999,open-meteo,2026-08-10T10:11:08+00:00
2026-08-10 19:00:00+00:00,DE,onshore,18.0,61,39.0,10.05,-0.7880107536067218,0.6156614753256585,17.9,81,11.0,7.77,-0.8746197071393956,0.4848096202463373,28.2,28,22.0,7.18,-0.7771459614569708,0.6293203910498375,20.9,60,18.0,8.47,-0.5000000000000004,0.8660254037844384,3.25,open-meteo,2026-08-10T10:11:08+00:00
2026-08-10 20:00:00+00:00,DE,onshore,17.6,65,0.0,10.68,-0.7313537016191703,0.6819983600624986,16.3,87,0.0,8.32,-0.891006524188368,0.4539904997395466,25.0,39,0.0,5.0,-0.0348994967025008,0.9993908270190958,19.5,63,0.0,9.47,-0.6293203910498378,0.7771459614569706,1.6000000000000014,open-meteo,2026-08-10T10:11:08+00:00
2026-08-10 21:00:00+00:00,DE,onshore,17.6,62,0.0,11.48,-0.7660444431189781,0.6427876096865393,15.3,92,0.0,9.71,-0.8571673007021123,0.5150380749100542,23.4,44,0.0,4.69,-0.1908089953765446,0.981627183447664,18.2,70,0.0,9.94,-0.6560590289905074,0.7547095802227719,0.625,open-meteo,2026-08-10T10:11:08+00:00
2026-08-10 22:00:00+00:00,DE,onshore,17.3,64,0.0,11.53,-0.7547095802227722,0.656059028990507,14.5,75,0.0,9.99,-0.898794046299167,0.4383711467890774,24.2,39,0.0,5.78,0.0174524064372835,0.9998476951563912,16.5,64,0.0,7.7,-0.6018150231520483,0.7986355100472928,0.125,open-meteo,2026-08-10T17:23:09+00:00
2026-08-10 23:00:00+00:00,DE,onshore,17.2,65,0.0,10.93,-0.7660444431189781,0.6427876096865393,14.4,84,0.0,9.8,-0.8571673007021123,0.5150380749100542,21.9,53,0.0,4.11,-2.4492935982947064e-16,1.0,13.4,86,0.0,8.42,-0.7660444431189781,0.6427876096865393,1.2749999999999986,open-meteo,2026-08-08T09:59:26+00:00
2026-08-11 00:00:00+00:00,DE,onshore,17.6,63,0.0,12.31,-0.7660444431189781,0.6427876096865393,12.8,86,0.0,9.79,-0.9510565162951536,0.3090169943749472,21.3,53,0.0,5.92,0.4067366430758002,0.9135454576426008,13.9,77,0.0,5.92,-0.7771459614569708,0.6293203910498375,1.599999999999998,open-meteo,2026-08-10T10:11:08+00:00
2026-08-11 01:00:00+00:00,DE,onshore,17.1,65,0.0,12.66,-0.7660444431189781,0.6427876096865393,12.3,86,0.0,9.58,-0.9612616959383188,0.2756373558169994,19.9,64,0.0,4.49,0.5299192642332049,0.848048096156426,12.7,84,0.0,6.2,-0.9335804264972016,0.3583679495453004,2.5,open-meteo,2026-08-10T17:23:09+00:00
2026-08-11 02:00:00+00:00,DE,onshore,16.9,66,0.0,10.85,-0.7660444431189781,0.6427876096865393,11.8,90,0.0,8.59,-0.9335804264972016,0.3583679495453004,20.7,58,0.0,4.0,0.374606593415912,0.9271838545667874,11.1,95,0.0,7.2,-0.7071067811865477,0.7071067811865474,2.875,open-meteo,2026-08-08T09:59:26+00:00
2026-08-11 03:00:00+00:00,DE,onshore,17.2,62,0.0,10.46,-0.7071067811865477,0.7071067811865474,11.4,91,0.0,8.75,-0.9612616959383188,0.2756373558169994,17.6,72,0.0,2.8,0.5877852522924731,0.8090169943749475,11.5,90,0.0,6.56,-0.9998476951563912,-0.0174524064372834,3.575,open-meteo,2026-08-10T10:11:08+00:00
2026-08-11 04:00:00+00:00,DE,onshore,17.3,62,0.0,10.68,-0.7313537016191703,0.6819983600624986,11.5,89,2.0,8.07,-0.984807753012208,0.1736481776669299,17.7,76,0.0,3.29,0.6018150231520483,0.7986355100472928,11.3,92,0.0,6.21,-0.9945218953682734,0.1045284632676529,3.5500000000000007,open-meteo,2026-08-10T17:23:09+00:00
2026-08-11 05:00:00+00:00,DE,onshore,16.8,63,33.0,11.58,-0.7313537016191703,0.6819983600624986,12.1,86,53.0,7.01,-0.992546151641322,0.1218693434051476,17.9,76,20.0,3.49,0.6156614753256583,0.7880107536067219,12.0,87,49.0,6.48,-0.984807753012208,0.1736481776669299,3.3000000000000007,open-meteo,2026-08-10T17:23:09+00:00
2026-08-11 06:00:00+00:00,DE,onshore,16.7,66,136.0,10.26,-0.6819983600624983,0.7313537016191707,13.1,82,113.0,5.92,-0.992546151641322,0.1218693434051476,20.2,65,132.0,3.27,0.6293203910498374,0.7771459614569709,14.0,76,175.0,5.2,-0.9986295347545738,-0.0523359562429443,2.0,open-meteo,2026-08-10T17:23:09+00:00
2026-08-11 07:00:00+00:00,DE,onshore,16.6,63,247.0,10.06,-0.6691306063588581,0.7431448254773942,14.3,76,198.0,5.94,-0.9876883405951378,0.1564344650402306,21.6,60,289.0,3.4,0.6946583704589973,0.7193398003386512,16.1,67,332.0,4.95,-0.9902680687415704,0.1391731009600654,0.8500000000000014,open-meteo,2026-08-10T17:23:09+00:00
2026-08-11 08:00:00+00:00,DE,onshore,16.7,64,372.0,9.71,-0.7431448254773946,0.6691306063588578,16.3,63,398.0,9.12,-0.9135454576426012,0.4067366430757997,23.4,53,452.0,3.04,0.838670567945424,0.5446390350150271,17.7,55,473.0,6.27,-0.90630778703665,0.4226182617406996,0.5249999999999986,open-meteo,2026-08-10T17:23:09+00:00
2026-08-11 09:00:00+00:00,DE,onshore,16.6,66,454.0,8.8,-0.6946583704589976,0.7193398003386509,17.2,53,475.0,8.78,-0.8386705679454243,0.5446390350150266,25.2,48,600.0,3.35,0.788010753606722,0.6156614753256583,18.4,50,499.0,7.04,-0.8191520442889918,0.573576436351046,1.3500000000000014,open-meteo,2026-08-10T17:23:09+00:00
2026-08-11 10:00:00+00:00,DE,onshore,16.7,66,653.0,8.18,-0.6819983600624983,0.7313537016191707,17.4,54,310.0,7.32,-0.90630778703665,0.4226182617406996,26.9,43,715.0,3.89,0.754709580222772,0.6560590289905073,19.4,44,549.0,7.01,-0.7547095802227722,0.656059028990507,2.099999999999998,open-meteo,2026-08-10T17:23:09+00:00
2026-08-11 11:00:00+00:00,DE,onshore,16.5,62,652.0,7.48,-0.7193398003386512,0.6946583704589973,18.8,46,595.0,7.84,-0.8829475928589271,0.4694715627858904,28.4,37,790.0,4.17,0.754709580222772,0.6560590289905073,20.4,42,668.0,5.87,-0.8386705679454243,0.5446390350150266,3.0249999999999986,open-meteo,2026-08-10T10:11:08+00:00
2026-08-11 12:00:00+00:00,DE,onshore,16.7,60,738.0,7.27,-0.7193398003386512,0.6946583704589973,18.2,49,383.0,7.21,-0.8571673007021123,0.5150380749100542,29.3,36,814.0,4.02,0.7313537016191705,0.6819983600624985,20.3,41,538.0,6.71,-0.8746197071393956,0.4848096202463373,3.125,open-meteo,2026-08-10T17:23:09+00:00
2026-08-11 13:00:00+00:00,DE,onshore,16.6,65,662.0,7.69,-0.7313537016191703,0.6819983600624986,18.5,49,292.0,7.38,-0.8660254037844386,0.5000000000000001,30.1,33,790.0,3.74,0.6819983600624985,0.7313537016191705,20.6,42,564.0,6.74,-0.8090169943749476,0.5877852522924729,3.450000000000003,open-meteo,2026-08-10T17:23:09+00:00
2026-08-11 14:00:00+00:00,DE,onshore,16.6,62,662.0,7.43,-0.6560590289905074,0.7547095802227719,18.3,48,305.0,6.89,-0.7660444431189781,0.6427876096865393,30.5,32,720.0,3.45,0.573576436351046,0.8191520442889918,21.3,40,529.0,5.92,-0.7771459614569708,0.6293203910498375,3.6750000000000007,open-meteo,2026-08-10T17:23:09+00:00
2026-08-11 15:00:00+00:00,DE,onshore,16.6,68,508.0,7.15,-0.5877852522924734,0.8090169943749473,18.8,47,381.0,5.27,-0.8191520442889918,0.573576436351046,30.5,32,605.0,4.06,0.3420201433256687,0.9396926207859084,21.6,36,534.0,4.65,-0.6560590289905074,0.7547095802227719,3.875,open-meteo,2026-08-10T17:23:09+00:00
2026-08-11 16:00:00+00:00,DE,onshore,16.7,65,366.0,7.0,-0.6819983600624983,0.7313537016191707,19.0,44,350.0,7.42,-0.7313537016191703,0.6819983600624986,30.0,30,461.0,3.6,0.484809620246337,0.8746197071393957,21.5,37,363.0,3.46,-0.90630778703665,0.4226182617406996,3.8000000000000007,open-meteo,2026-08-10T17:23:09+00:00
2026-08-11 17:00:00+00:00,DE,onshore,16.6,62,269.0,6.35,-0.6156614753256582,0.788010753606722,18.1,47,248.0,7.14,-0.7193398003386512,0.6946583704589973,28.9,32,298.0,5.48,0.7313537016191705,0.6819983600624985,21.2,39,231.0,2.72,-0.8660254037844386,0.5000000000000001,3.1999999999999997,open-meteo,2026-08-10T17:23:09+00:00
2026-08-11 18:00:00+00:00,DE,onshore,16.6,63,118.0,5.92,-0.4848096202463369,0.8746197071393959,16.9,50,103.0,6.37,-0.6018150231520483,0.7986355100472928,27.5,33,137.0,6.64,0.7986355100472928,0.6018150231520484,19.8,42,117.0,6.02,-0.1218693434051472,0.992546151641322,2.1999999999999997,open-meteo,2026-08-10T17:23:09+00:00
2026-08-11 19:00:00+00:00,DE,onshore,16.4,67,29.0,6.32,-0.5000000000000004,0.8660254037844384,14.7,66,8.0,4.52,-0.6560590289905074,0.7547095802227719,26.8,38,20.0,7.0,0.6018150231520483,0.7986355100472928,17.3,55,14.0,5.02,-0.3583679495453007,0.9335804264972016,0.8000000000000007,open-meteo,2026-08-08T09:59:26+00:00
2026-08-11 20:00:00+00:00,DE,onshore,16.7,66,0.0,5.94,-0.1564344650402311,0.9876883405951375,13.5,68,0.0,4.04,-0.7771459614569708,0.6293203910498375,24.1,31,0.0,7.12,0.788010753606722,0.6156614753256583,15.5,60,0.0,5.49,-0.0523359562429443,0.9986295347545738,0.5500000000000007,open-meteo,2026-08-10T10:11:08+00:00
2026-08-11 21:00:00+00:00,DE,onshore,16.3,64,0.0,5.0,-0.3907311284892739,0.9205048534524404,12.2,76,0.0,4.25,-0.7880107536067218,0.6156614753256585,23.0,34,0.0,7.72,0.5877852522924731,0.8090169943749475,14.0,70,0.0,5.42,-0.2923717047227371,0.9563047559630352,1.625,open-meteo,2026-08-08T09:59:26+00:00
2026-08-11 22:00:00+00:00,DE,onshore,16.2,65,0.0,4.34,-0.3090169943749477,0.9510565162951536,11.5,79,0.0,4.29,-0.8191520442889918,0.573576436351046,21.7,36,0.0,7.12,0.6156614753256583,0.7880107536067219,12.8,75,0.0,5.56,-0.2419218955996678,0.9702957262759964,2.45,open-meteo,2026-08-08T09:59:26+00:00
2026-08-11 23:00:00+00:00,DE,onshore,16.2,67,0.0,3.64,-0.2419218955996678,0.9702957262759964,10.9,81,0.0,4.35,-0.8571673007021123,0.5150380749100542,20.6,41,0.0,6.17,0.6819983600624985,0.7313537016191705,11.8,79,0.0,5.73,-0.2249510543438653,0.9743700647852352,3.125,open-meteo,2026-08-08T09:59:26+00:00
2026-08-12 00:00:00+00:00,DE,onshore,16.7,67,0.0,2.94,0.03489949670250097,0.9993908270190958,11.2,81,0.0,4.21,-0.9063077870366499,0.4226182617406996,20.0,33,0.0,5.35,0.754709580222772,0.6560590289905073,12.1,78,0.0,3.63,0.03489949670250097,0.9993908270190958,3.0,open-meteo,2026-08-11T17:28:58+00:00
2026-08-12 01:00:00+00:00,DE,onshore,16.6,63,0.0,2.76,-0.2923717047227371,0.9563047559630352,10.4,84,0.0,4.68,-0.9396926207859084,0.342020143325669,19.1,39,0.0,5.82,0.6946583704589973,0.7193398003386512,10.9,85,0.0,1.67,0.6427876096865393,0.766044443118978,3.75,open-meteo,2026-08-10T10:11:08+00:00
2026-08-12 02:00:00+00:00,DE,onshore,16.6,60,0.0,1.84,-0.4226182617406992,0.90630778703665,10.0,88,0.0,4.26,-0.9205048534524404,0.3907311284892735,18.2,42,0.0,4.93,0.754709580222772,0.6560590289905073,10.1,89,0.0,1.69,0.5877852522924731,0.8090169943749475,4.275,open-meteo,2026-08-10T10:11:08+00:00
2026-08-12 03:00:00+00:00,DE,onshore,16.2,72,0.0,2.95,0.9335804264972017,-0.35836794954530027,10.3,87,0.0,3.81,-0.898794046299167,0.4383711467890774,17.3,43,0.0,4.35,0.8571673007021123,0.5150380749100542,10.8,89,0.0,3.29,0.8910065241883678,0.4539904997395468,4.350000000000001,open-meteo,2026-08-11T17:28:58+00:00
2026-08-12 04:00:00+00:00,DE,onshore,16.5,68,0.0,1.32,-0.9902680687415704,-0.1391731009600658,9.4,89,2.0,2.86,-0.7313537016191703,0.6819983600624986,16.4,48,0.0,4.94,0.788010753606722,0.6156614753256583,9.2,91,0.0,2.1,0.4999999999999999,0.8660254037844387,5.125,open-meteo,2026-08-10T10:11:08+00:00
2026-08-12 05:00:00+00:00,DE,onshore,15.9,73,15.0,3.51,0.8660254037844387,-0.4999999999999998,10.2,87,60.0,3.38,-0.8660254037844386,0.5000000000000001,16.8,49,20.0,4.73,0.8290375725550417,0.5591929034707468,10.5,91,45.0,2.51,0.6293203910498374,0.7771459614569709,4.649999999999999,open-meteo,2026-08-10T17:23:09+00:00
2026-08-12 06:00:00+00:00,DE,onshore,15.9,76,95.3,2.92,0.4539904997395468,-0.8910065241883678,12.9,79,187.5,2.16,-0.6427876096865396,0.7660444431189778,18.0,46,129.3,4.6,0.8660254037844386,0.5000000000000001,12.4,75,166.8,2.27,0.6819983600624985,0.7313537016191705,3.200000000000001,open-meteo,2026-08-10T10:11:08+00:00
2026-08-12 07:00:00+00:00,DE,onshore,15.8,72,163.0,3.29,0.3907311284892737,-0.9205048534524404,15.5,69,338.0,2.08,-0.6560590289905074,0.7547095802227719,19.9,42,287.0,3.21,0.8571673007021123,0.5150380749100542,15.5,63,317.0,1.73,0.7313537016191705,0.6819983600624985,1.3249999999999993,open-meteo,2026-08-10T10:11:08+00:00
2026-08-12 08:00:00+00:00,DE,onshore,16.0,70,405.0,3.86,0.8090169943749475,-0.587785252292473,17.2,64,485.0,1.61,-0.7880107536067218,0.6156614753256585,22.2,35,455.0,3.35,0.9335804264972017,0.3583679495453004,18.0,57,473.0,1.12,0.9659258262890683,0.25881904510252074,0.3500000000000014,open-meteo,2026-08-11T17:28:58+00:00
2026-08-12 09:00:00+00:00,DE,onshore,16.1,70,555.0,3.59,0.8191520442889917,-0.5735764363510462,18.7,55,613.0,1.75,-0.891006524188368,0.45399049973954664,24.6,31,608.0,3.33,0.8829475928589269,0.46947156278589086,20.1,50,607.0,0.59,1.0,6.123233995736766e-17,1.875,open-meteo,2026-08-11T17:28:58+00:00
2026-08-12 10:00:00+00:00,DE,onshore,16.4,66,658.0,2.95,0.9335804264972017,-0.35836794954530027,19.7,50,694.0,2.14,-0.9612616959383188,0.2756373558169994,27.3,28,728.0,3.68,0.9063077870366499,0.42261826174069944,21.6,42,708.0,0.2,-2.4492935982947064e-16,1.0,3.25,open-meteo,2026-08-11T17:28:58+00:00
2026-08-12 11:00:00+00:00,DE,onshore,16.8,65,724.0,2.55,0.9975640502598242,0.06975647374412523,20.6,47,740.0,1.97,-0.891006524188368,0.45399049973954664,29.8,23,807.0,3.96,0.9876883405951378,0.15643446504023092,22.5,39,768.0,0.39,-2.4492935982947064e-16,1.0,4.425000000000001,open-meteo,2026-08-11T17:28:58+00:00
2026-08-12 12:00:00+00:00,DE,onshore,17.3,64,748.0,2.1,0.7986355100472928,0.6018150231520484,20.9,49,701.0,1.32,-0.6691306063588581,0.7431448254773942,31.4,22,832.0,3.48,0.984807753012208,0.1736481776669304,23.1,38,783.0,0.57,0.5150380749100542,0.8571673007021123,5.174999999999997,open-meteo,2026-08-10T17:23:09+00:00
2026-08-12 13:00:00+00:00,DE,onshore,17.7,64,706.0,1.77,0.5591929034707469,0.8290375725550416,21.8,43,699.0,1.66,-0.7071067811865477,0.7071067811865474,31.9,18,810.0,3.86,0.8910065241883678,0.4539904997395468,23.9,36,752.0,0.69,-2.4492935982947064e-16,1.0,5.825000000000003,open-meteo,2026-08-11T17:28:58+00:00
2026-08-12 14:00:00+00:00,DE,onshore,18.2,65,654.0,2.32,0.4694715627858908,0.882947592858927,22.2,42,612.0,1.06,-0.5591929034707466,0.8290375725550418,32.5,16,738.0,4.65,0.6691306063588582,0.7431448254773942,24.4,36,677.0,0.63,0.7771459614569709,0.6293203910498375,6.325000000000003,open-meteo,2026-08-11T17:28:58+00:00
2026-08-12 15:00:00+00:00,DE,onshore,18.5,66,562.0,3.64,0.24192189559966773,0.9702957262759965,21.7,47,482.0,3.34,0.052335956242943835,0.9986295347545738,32.1,16,622.0,5.69,0.6691306063588582,0.7431448254773942,24.7,32,560.0,0.88,0.8910065241883678,0.4539904997395468,6.2500000000000036,open-meteo,2026-08-11T17:28:58+00:00
2026-08-12 16:00:00+00:00,DE,onshore,18.9,68,429.0,4.21,0.3090169943749474,0.9510565162951535,21.8,44,387.0,1.88,0.15643446504023087,0.9876883405951378,31.7,16,472.0,5.82,0.7071067811865475,0.7071067811865476,24.5,37,417.0,1.33,0.29237170472273677,0.9563047559630354,6.225000000000001,open-meteo,2026-08-11T17:28:58+00:00
2026-08-12 17:00:00+00:00,DE,onshore,19.2,68,270.0,4.4,0.5299192642332049,0.848048096156426,20.8,49,245.0,3.11,0.224951054343865,0.9743700647852352,30.6,16,304.0,6.31,0.6819983600624985,0.7313537016191705,24.0,36,263.0,2.69,0.984807753012208,0.17364817766693041,5.649999999999999,open-meteo,2026-08-11T17:28:58+00:00
2026-08-12 18:00:00+00:00,DE,onshore,20.5,62,110.0,3.45,0.9659258262890684,0.2588190451025207,19.5,51,84.0,2.29,0.3420201433256687,0.9396926207859084,28.4,23,120.0,6.39,0.8090169943749475,0.5877852522924731,21.2,42,94.0,4.19,0.7986355100472928,0.6018150231520484,4.400000000000002,open-meteo,2026-08-10T17:23:09+00:00
2026-08-12 19:00:00+00:00,DE,onshore,20.7,66,30.0,5.19,1.0,6.123233995736766e-17,17.0,69,12.0,5.57,0.9135454576426009,0.4067366430758002,26.7,18,19.0,7.58,0.766044443118978,0.6427876096865394,19.5,52,15.0,4.09,0.9335804264972017,0.3583679495453004,2.9750000000000014,open-meteo,2026-08-11T17:28:58+00:00
2026-08-12 20:00:00+00:00,DE,onshore,21.0,67,0.0,5.79,0.9455185755993168,-0.3255681544571566,15.0,68,0.0,5.67,0.984807753012208,-0.1736481776669303,23.5,28,0.0,5.79,0.8829475928589269,0.4694715627858908,16.9,63,0.0,5.4,0.9781476007338056,0.2079116908177594,1.1000000000000014,open-meteo,2026-08-10T17:23:09+00:00
2026-08-12 21:00:00+00:00,DE,onshore,19.1,73,0.0,9.22,0.9659258262890683,-0.25881904510252085,14.6,83,0.0,6.2,0.9961946980917455,0.08715574274765814,23.8,23,0.0,5.35,0.9135454576426009,0.4067366430758002,16.6,61,0.0,5.01,0.9986295347545738,-0.05233595624294384,0.5249999999999986,open-meteo,2026-08-11T17:28:58+00:00
2026-08-12 22:00:00+00:00,DE,onshore,18.8,73,0.0,10.0,0.8191520442889917,-0.5735764363510462,13.2,82,0.0,5.59,0.9271838545667874,-0.374606593415912,21.1,35,0.0,5.04,0.9902680687415704,0.1391731009600654,15.0,65,0.0,6.72,0.9902680687415704,-0.1391731009600653,0.9750000000000014,open-meteo,2026-08-10T17:23:09+00:00
2026-08-12 23:00:00+00:00,DE,onshore,18.9,76,0.0,8.86,0.788010753606722,-0.6156614753256583,13.7,86,0.0,6.05,0.8910065241883679,-0.4539904997395467,20.6,31,0.0,4.08,0.9135454576426009,0.4067366430758002,14.9,69,0.0,4.97,0.9659258262890683,-0.25881904510252085,0.9750000000000014,open-meteo,2026-08-11T17:28:58+00:00
2026-08-13 00:00:00+00:00,DE,onshore,19.1,69,0.0,8.62,0.5877852522924732,-0.8090169943749473,12.5,83,0.0,5.75,0.7193398003386511,-0.6946583704589974,19.7,36,0.0,4.63,0.9743700647852352,0.2249510543438649,13.0,72,0.0,6.93,0.8386705679454239,-0.5446390350150271,1.9250000000000007,open-meteo,2026-08-10T10:11:08+00:00
2026-08-13 01:00:00+00:00,DE,onshore,18.6,78,0.0,7.97,0.7313537016191706,-0.6819983600624984,13.0,88,0.0,5.2,0.6819983600624986,-0.7313537016191705,19.2,37,0.0,4.19,0.981627183447664,0.19080899537654492,13.7,76,0.0,4.27,0.7986355100472927,-0.6018150231520484,1.875,open-meteo,2026-08-11T17:28:58+00:00
2026-08-13 02:00:00+00:00,DE,onshore,18.6,70,0.0,7.86,0.5150380749100544,-0.8571673007021122,11.6,89,0.0,5.52,0.5446390350150273,-0.8386705679454239,17.7,44,0.0,4.44,0.9945218953682732,0.1045284632676534,11.9,80,0.0,6.67,0.766044443118978,-0.6427876096865394,3.049999999999999,open-meteo,2026-08-10T10:11:08+00:00
2026-08-13 03:00:00+00:00,DE,onshore,18.5,69,0.0,7.73,0.4999999999999999,-0.8660254037844387,11.3,89,0.0,4.82,0.4067366430758004,-0.9135454576426008,16.7,48,0.0,4.41,0.9986295347545738,-0.0523359562429438,11.4,83,0.0,6.38,0.7313537016191706,-0.6819983600624984,3.5250000000000004,open-meteo,2026-08-10T10:11:08+00:00
2026-08-13 04:00:00+00:00,DE,onshore,18.3,79,0.0,6.47,0.777145961456971,-0.6293203910498373,12.1,90,1.0,4.21,0.4226182617406995,-0.9063077870366499,16.1,48,0.0,3.72,1.0,6.123233995736766e-17,12.4,84,0.0,4.65,0.8191520442889917,-0.5735764363510462,3.2750000000000004,open-meteo,2026-08-11T17:28:58+00:00
2026-08-13 05:00:00+00:00,DE,onshore,18.1,69,28.0,7.91,0.5591929034707469,-0.8290375725550416,12.0,87,56.0,4.43,0.3090169943749475,-0.9510565162951536,15.7,51,20.0,4.23,0.9743700647852352,-0.224951054343865,11.7,83,42.0,5.22,0.766044443118978,-0.6427876096865394,3.625,open-meteo,2026-08-10T10:11:08+00:00
2026-08-13 06:00:00+00:00,DE,onshore,17.9,74,132.0,7.73,0.6293203910498374,-0.7771459614569709,14.8,78,176.0,3.88,0.2756373558169992,-0.9612616959383188,18.3,44,129.0,4.47,0.9659258262890684,-0.2588190451025208,15.0,71,158.0,4.65,0.7431448254773942,-0.6691306063588582,1.5,open-meteo,2026-08-10T17:23:09+00:00
2026-08-13 07:00:00+00:00,DE,onshore,18.6,74,276.0,6.72,0.7313537016191706,-0.6819983600624984,18.1,66,322.0,3.46,0.4226182617406995,-0.9063077870366499,21.5,35,290.0,2.55,1.0,6.123233995736766e-17,18.3,60,308.0,2.64,0.9271838545667874,-0.37460659341591207,1.125,open-meteo,2026-08-11T17:28:58+00:00
2026-08-13 08:00:00+00:00,DE,onshore,19.0,66,421.0,6.66,0.5446390350150273,-0.8386705679454239,20.1,59,463.0,2.3,0.6427876096865395,-0.7660444431189779,24.9,31,457.0,3.23,0.9702957262759964,-0.2419218955996677,20.7,53,442.0,2.42,0.9702957262759964,-0.2419218955996677,3.1750000000000007,open-meteo,2026-08-10T10:11:08+00:00
2026-08-13 09:00:00+00:00,DE,onshore,20.1,64,550.0,5.9,0.5877852522924732,-0.8090169943749473,21.8,49,580.0,3.07,0.5150380749100544,-0.8571673007021122,27.5,28,609.0,3.31,0.9781476007338056,-0.2079116908177593,23.4,44,585.0,3.32,0.9455185755993168,-0.3255681544571566,5.200000000000003,open-meteo,2026-08-10T10:11:08+00:00
2026-08-13 10:00:00+00:00,DE,onshore,20.5,71,656.0,7.09,0.7547095802227721,-0.6560590289905072,23.5,43,685.0,2.94,0.4383711467890773,-0.898794046299167,29.3,27,731.0,3.29,0.984807753012208,-0.1736481776669303,25.0,37,696.0,4.76,0.8480480961564261,-0.5299192642332048,6.574999999999999,open-meteo,2026-08-11T17:28:58+00:00
2026-08-13 11:00:00+00:00,DE,onshore,21.4,69,723.0,6.61,0.766044443118978,-0.6427876096865394,24.5,41,744.0,3.07,0.5150380749100544,-0.8571673007021122,31.2,24,807.0,3.28,0.9563047559630355,-0.29237170472273666,26.1,34,758.0,4.76,0.7986355100472927,-0.6018150231520484,7.799999999999997,open-meteo,2026-08-11T17:28:58+00:00
2026-08-13 12:00:00+00:00,DE,onshore,22.5,71,744.0,5.49,0.8191520442889917,-0.5735764363510462,25.3,36,757.0,3.37,0.5877852522924732,-0.8090169943749473,33.1,19,829.0,3.26,0.9612616959383188,-0.275637355816999,27.7,29,770.0,4.1,0.8386705679454239,-0.5446390350150271,9.150000000000002,open-meteo,2026-08-10T17:23:09+00:00
2026-08-13 13:00:00+00:00,DE,onshore,23.0,70,727.0,4.86,0.8290375725550417,-0.5591929034707467,25.7,34,682.0,3.29,0.4539904997395468,-0.8910065241883678,34.1,18,810.0,2.82,0.9396926207859084,-0.3420201433256687,28.3,27,741.0,3.84,0.788010753606722,-0.6156614753256583,9.775000000000002,open-meteo,2026-08-10T10:11:08+00:00
2026-08-13 14:00:00+00:00,DE,onshore,22.7,68,663.5,4.39,0.8571673007021123,-0.5150380749100543,26.0,34,622.5,3.17,0.5735764363510459,-0.8191520442889919,33.3,21,729.5,3.53,0.9876883405951378,0.15643446504023092,28.3,29,662.0,4.12,0.8829475928589269,-0.4694715627858909,9.575,open-meteo,2026-08-11T17:28:58+00:00
2026-08-13 15:00:00+00:00,DE,onshore,22.9,68,561.0,4.11,0.9205048534524403,-0.39073112848927377,25.7,32,442.5,3.15,0.6018150231520482,-0.7986355100472929,33.3,20,611.5,3.46,0.9961946980917455,-0.08715574274765824,28.5,28,546.8,4.3,0.8910065241883679,-0.4539904997395467,9.599999999999998,open-meteo,2026-08-11T17:28:58+00:00
2026-08-13 16:00:00+00:00,DE,onshore,23.2,66,431.0,4.34,0.9510565162951536,-0.30901699437494734,25.3,33,305.0,3.43,0.6018150231520482,-0.7986355100472929,32.8,20,462.0,3.64,0.9702957262759965,-0.24192189559966779,28.2,27,406.0,4.43,0.8829475928589269,-0.4694715627858909,9.375,open-meteo,2026-08-11T17:28:58+00:00
2026-08-13 17:00:00+00:00,DE,onshore,23.3,68,286.0,5.24,0.9335804264972017,-0.35836794954530027,24.8,36,204.0,3.83,0.6427876096865395,-0.7660444431189779,31.9,22,295.0,3.94,0.9702957262759965,-0.24192189559966779,27.3,28,252.0,4.91,0.8987940462991669,-0.4383711467890775,8.825,open-meteo,2026-08-11T17:28:58+00:00
2026-08-13 18:00:00+00:00,DE,onshore,23.8,67,151.0,6.95,0.766044443118978,-0.6427876096865394,23.7,40,98.0,4.29,0.5735764363510459,-0.8191520442889919,30.8,26,142.0,3.75,0.9396926207859084,-0.3420201433256687,25.2,34,112.0,5.43,0.8987940462991669,-0.4383711467890775,7.875,open-meteo,2026-08-10T10:11:08+00:00
2026-08-13 19:00:00+00:00,DE,onshore,23.6,67,35.0,7.76,0.6819983600624986,-0.7313537016191705,21.8,46,6.0,4.84,0.5877852522924732,-0.8090169943749473,28.5,31,17.0,4.16,0.8910065241883679,-0.4539904997395467,23.1,39,10.0,6.54,0.8660254037844387,-0.4999999999999998,6.25,open-meteo,2026-08-10T10:11:08+00:00
2026-08-13 20:00:00+00:00,DE,onshore,23.2,66,0.0,9.0,0.788010753606722,-0.6156614753256583,19.0,54,0.0,6.63,0.6156614753256584,-0.7880107536067219,24.5,38,0.0,6.05,0.8910065241883679,-0.4539904997395467,20.7,43,0.0,8.99,0.8746197071393959,-0.484809620246337,3.8500000000000014,open-meteo,2026-08-11T17:28:58+00:00
2026-08-13 21:00:00+00:00,DE,onshore,22.7,66,0.0,9.89,0.6293203910498374,-0.7771459614569709,18.0,58,0.0,7.2,0.5591929034707469,-0.8290375725550416,23.4,42,0.0,6.45,0.8090169943749475,-0.587785252292473,19.3,48,0.0,9.23,0.7986355100472927,-0.6018150231520484,2.849999999999998,open-meteo,2026-08-11T17:28:58+00:00
2026-08-13 22:00:00+00:00,DE,onshore,22.5,66,0.0,10.52,0.4848096202463371,-0.8746197071393957,17.1,62,0.0,6.64,0.5150380749100544,-0.8571673007021122,22.3,43,0.0,5.14,0.766044443118978,-0.6427876096865394,17.4,54,0.0,9.11,0.766044443118978,-0.6427876096865394,1.8250000000000028,open-meteo,2026-08-10T10:11:08+00:00
2026-08-13 23:00:00+00:00,DE,onshore,22.2,65,0.0,10.39,0.4694715627858907,-0.882947592858927,16.8,61,0.0,8.04,0.3746065934159122,-0.9271838545667872,21.3,46,0.0,4.86,0.7431448254773942,-0.6691306063588582,17.1,56,0.0,9.08,0.6819983600624986,-0.7313537016191705,1.3500000000000014,open-meteo,2026-08-10T17:23:09+00:00
2026-08-14 00:00:00+00:00,DE,onshore,21.5,63,0.0,11.62,0.48480962024633717,-0.8746197071393957,16.7,62,0.0,8.75,0.37460659341591224,-0.9271838545667873,20.8,48,0.0,5.02,0.777145961456971,-0.6293203910498373,16.5,60,0.0,8.87,0.6946583704589971,-0.7193398003386512,0.875,open-meteo,2026-08-11T17:28:58+00:00
2026-08-14 01:00:00+00:00,DE,onshore,21.0,63,0.0,11.3,0.45399049973954686,-0.8910065241883678,16.5,63,0.0,9.02,0.2923717047227366,-0.9563047559630355,20.0,50,0.0,5.04,0.7986355100472927,-0.6018150231520484,15.7,63,0.0,8.27,0.6560590289905073,-0.754709580222772,0.3000000000000007,open-meteo,2026-08-11T17:28:58+00:00
2026-08-14 02:00:00+00:00,DE,onshore,20.5,63,0.0,10.63,0.39073112848927377,-0.9205048534524404,16.2,64,0.0,8.87,0.2756373558169992,-0.9612616959383189,19.4,51,0.0,4.88,0.788010753606722,-0.6156614753256583,14.9,65,0.0,7.51,0.6427876096865395,-0.7660444431189779,0.25,open-meteo,2026-08-11T17:28:58+00:00
2026-08-14 03:00:00+00:00,DE,onshore,20.0,64,0.0,10.08,0.3583679495453002,-0.9335804264972017,15.8,65,0.0,8.91,0.258819045102521,-0.9659258262890682,18.7,53,0.0,4.59,0.766044443118978,-0.6427876096865394,14.3,68,0.0,7.24,0.6427876096865395,-0.7660444431189779,0.8000000000000007,open-meteo,2026-08-11T17:28:58+00:00
2026-08-14 04:00:00+00:00,DE,onshore,19.8,64,0.0,9.56,0.40673664307580043,-0.9135454576426008,15.5,66,1.0,8.84,0.258819045102521,-0.9659258262890682,18.0,56,0.0,4.82,0.788010753606722,-0.6156614753256583,13.9,69,0.0,7.36,0.6691306063588583,-0.743144825477394,1.1999999999999993,open-meteo,2026-08-11T17:28:58+00:00
2026-08-14 05:00:00+00:00,DE,onshore,19.5,63,28.0,9.16,0.4226182617406995,-0.9063077870366499,16.1,66,53.0,8.74,0.3090169943749475,-0.9510565162951535,18.0,56,17.0,5.23,0.788010753606722,-0.6156614753256583,14.6,68,40.0,7.23,0.6560590289905073,-0.754709580222772,0.9499999999999993,open-meteo,2026-08-11T17:28:58+00:00
2026-08-14 06:00:00+00:00,DE,onshore,19.5,63,134.0,9.21,0.40673664307580043,-0.9135454576426008,17.9,61,175.0,8.88,0.37460659341591224,-0.9271838545667873,20.4,49,127.0,4.52,0.7547095802227721,-0.6560590289905072,17.1,61,155.0,6.86,0.6018150231520482,-0.7986355100472929,0.7250000000000014,open-meteo,2026-08-11T17:28:58+00:00
2026-08-14 07:00:00+00:00,DE,onshore,19.8,61,274.0,8.81,0.3583679495453002,-0.9335804264972017,19.7,57,322.0,8.94,0.4383711467890773,-0.898794046299167,23.8,37,285.0,3.74,0.7313537016191706,-0.6819983600624984,20.1,51,305.0,6.14,0.5591929034707469,-0.8290375725550416,2.8500000000000014,open-meteo,2026-08-11T17:28:58+00:00
2026-08-14 08:00:00+00:00,DE,onshore,20.6,62,418.0,7.84,0.3090169943749475,-0.9510565162951535,21.9,51,469.0,6.3,0.5446390350150273,-0.8386705679454239,26.4,32,451.0,3.02,0.8090169943749475,-0.587785252292473,23.3,42,457.0,3.95,0.6691306063588583,-0.743144825477394,5.050000000000001,open-meteo,2026-08-11T17:28:58+00:00
2026-08-14 09:00:00+00:00,DE,onshore,21.5,67,549.0,6.42,0.2756373558169992,-0.9612616959383189,24.0,45,596.0,6.25,0.5299192642332049,-0.848048096156426,28.8,27,602.0,2.92,0.766044443118978,-0.6427876096865394,26.3,37,592.0,3.98,0.6156614753256584,-0.7880107536067219,7.149999999999999,open-meteo,2026-08-11T17:28:58+00:00
2026-08-14 10:00:00+00:00,DE,onshore,22.2,70,656.0,5.52,0.2923717047227366,-0.9563047559630355,26.0,39,692.0,7.14,0.45399049973954686,-0.8910065241883678,31.1,25,718.0,2.29,0.7313537016191706,-0.6819983600624984,29.0,30,696.0,4.52,0.49999999999999994,-0.8660254037844387,9.075000000000003,open-meteo,2026-08-11T17:28:58+00:00
2026-08-14 11:00:00+00:00,DE,onshore,22.8,71,722.0,4.83,0.3090169943749475,-0.9510565162951535,27.6,33,745.0,7.33,0.39073112848927377,-0.9205048534524404,32.9,23,793.0,1.04,0.6560590289905073,-0.754709580222772,31.0,24,758.0,5.14,0.3090169943749475,-0.9510565162951535,10.575000000000003,open-meteo,2026-08-11T17:28:58+00:00
2026-08-14 12:00:00+00:00,DE,onshore,23.2,71,747.0,4.21,0.3090169943749475,-0.9510565162951535,28.8,30,755.0,6.69,0.3090169943749475,-0.9510565162951535,34.2,21,819.0,0.49,-1.0,-1.8369701987210297e-16,32.2,21,775.0,4.97,0.258819045102521,-0.9659258262890682,11.600000000000001,open-meteo,2026-08-11T17:28:58+00:00
2026-08-14 13:00:00+00:00,DE,onshore,23.5,68,726.0,3.38,0.2923717047227366,-0.9563047559630355,29.5,30,718.0,6.35,0.2923717047227366,-0.9563047559630355,35.1,20,793.0,1.93,-0.9135454576426011,0.40673664307579976,32.9,20,742.0,4.59,0.2756373558169992,-0.9612616959383189,12.25,open-meteo,2026-08-11T17:28:58+00:00
2026-08-14 14:00:00+00:00,DE,onshore,23.9,60,660.0,2.65,0.06975647374412552,-0.9975640502598242,30.0,29,638.0,6.26,0.2923717047227366,-0.9563047559630355,35.4,19,717.0,2.86,-0.8571673007021123,0.5150380749100542,33.3,19,666.0,4.5,0.3420201433256689,-0.9396926207859083,12.649999999999999,open-meteo,2026-08-11T17:28:58+00:00
2026-08-14 15:00:00+00:00,DE,onshore,24.5,59,558.0,2.79,-0.17364817766693047,-0.984807753012208,29.9,29,521.0,6.63,0.3255681544571566,-0.9455185755993168,35.3,17,601.0,3.05,-0.7431448254773946,0.6691306063588578,33.2,19,546.0,4.61,0.40673664307580043,-0.9135454576426008,12.724999999999998,open-meteo,2026-08-11T17:28:58+00:00
2026-08-14 16:00:00+00:00,DE,onshore,24.4,64,427.0,2.52,-0.22495105434386498,-0.9743700647852352,29.6,30,383.0,7.04,0.3583679495453002,-0.9335804264972017,34.7,19,454.0,2.72,-0.6156614753256582,0.788010753606722,32.8,19,409.0,4.95,0.4226182617406995,-0.9063077870366499,12.375,open-meteo,2026-08-11T17:28:58+00:00
2026-08-14 17:00:00+00:00,DE,onshore,23.6,71,280.0,2.02,-0.2419218955996675,-0.9702957262759965,28.8,32,234.0,7.68,0.39073112848927377,-0.9205048534524404,33.8,21,289.0,1.97,-0.45399049973954697,0.8910065241883678,32.0,20,256.0,5.09,0.39073112848927377,-0.9205048534524404,11.55,open-meteo,2026-08-11T17:28:58+00:00
2026-08-14 18:00:00+00:00,DE,onshore,22.4,83,137.0,1.67,-0.9986295347545738,-0.052335956242944306,27.4,32,94.0,8.77,0.4226182617406995,-0.9063077870366499,31.8,31,127.0,1.08,-0.08715574274765832,0.9961946980917455,29.3,27,107.0,5.78,0.4383711467890773,-0.898794046299167,9.724999999999998,open-meteo,2026-08-11T17:28:58+00:00
2026-08-14 19:00:00+00:00,DE,onshore,22.2,82,31.0,3.59,-0.898794046299167,0.4383711467890774,25.7,37,6.0,9.35,0.39073112848927377,-0.9205048534524404,29.8,34,15.0,0.29,-2.4492935982947064e-16,1.0,27.2,31,8.0,7.37,0.48480962024633717,-0.8746197071393957,8.225000000000001,open-meteo,2026-08-11T17:28:58+00:00
2026-08-14 20:00:00+00:00,DE,onshore,22.1,78,0.0,6.14,-0.8290375725550416,0.559192903470747,23.7,44,0.0,9.82,0.3255681544571566,-0.9455185755993168,27.6,36,0.0,0.6,-0.15643446504023073,-0.9876883405951378,24.9,36,0.0,9.18,0.49999999999999994,-0.8660254037844387,6.575000000000003,open-meteo,2026-08-11T17:28:58+00:00
2026-08-14 21:00:00+00:00,DE,onshore,21.9,76,0.0,8.13,-0.8090169943749476,0.5877852522924729,22.1,48,0.0,10.46,0.258819045102521,-0.9659258262890682,25.6,38,0.0,1.29,-0.15643446504023073,-0.9876883405951378,23.0,41,0.0,10.26,0.48480962024633717,-0.8746197071393957,5.149999999999999,open-meteo,2026-08-11T17:28:58+00:00
2026-08-14 22:00:00+00:00,DE,onshore,21.2,79,0.0,8.62,-0.8090169943749476,0.5877852522924729,21.3,48,0.0,11.43,0.20791169081775931,-0.9781476007338057,24.3,39,0.0,1.39,-0.13917310096006552,-0.9902680687415703,21.7,45,0.0,9.81,0.37460659341591224,-0.9271838545667873,4.125,open-meteo,2026-08-11T17:28:58+00:00
2026-08-14 23:00:00+00:00,DE,onshore,20.4,85,0.0,8.45,-0.8191520442889918,0.573576436351046,21.0,47,0.0,12.42,0.17364817766693028,-0.984807753012208,23.4,40,0.0,1.29,-0.15643446504023073,-0.9876883405951378,20.7,48,0.0,8.86,0.17364817766693028,-0.984807753012208,3.375,open-meteo,2026-08-11T17:28:58+00:00
